Koordinatensystem : Lambert konform konisch
Rechtswert        : 4212500 Meter
Hochwert          : 3066500 Meter
Hoehenlage        : 21 Meter ueber NN
Erstellung des Datensatzes im Mai 2016

Art des TRY       : extremer Sommer
Bezugszeitraum    : 2031-2060
Datenbasis 1      : Beobachtungsdaten Zeitraum 1995-2012
Datenbasis 2      : Klimasimulationen Zeitraum 1971-2000 (Basis RCP-historical / CORDEX-Europa Laeufe)
Datenbasis 3      : Klimasimulationen Zeitraum 2031-2060 (Basis RCP-4.5 und RCP-8.5 / CORDEX-Europa Laeufe)

Format: (i7,1x,i7,1x,i2,1x,i2,1x,i2,1x,f5.1,1x,i4,1x,3i,1x,f4.1,1x,i1,1x,f4.1,1x,i3,1x,i4,1x,i4,1x,i3,1x,i4,2x,i1)

Reihenfolge der Parameter:
RW Rechtswert                                                    [m]       {3670500;3671500..4389500}
HW Hochwert                                                      [m]       {2242500;2243500..3179500}
MM Monat                                                                   {1..12}
DD Tag                                                                     {1..28,30,31}
HH Stunde (MEZ)                                                            {1..24}
t  Lufttemperatur in 2m Hoehe ueber Grund                        [GradC]
p  Luftdruck in Standorthoehe                                    [hPa]
WR Windrichtung in 10 m Hoehe ueber Grund                        [Grad]    {0..360;999}
WG Windgeschwindigkeit in 10 m Hoehe ueber Grund                 [m/s]
N  Bedeckungsgrad                                                [Achtel]  {0..8;9}
x  Wasserdampfgehalt, Mischungsverhaeltnis                       [g/kg]
RF Relative Feuchte in 2 m Hoehe ueber Grund                     [Prozent] {1..100}
B  Direkte Sonnenbestrahlungsstaerke (horiz. Ebene)              [W/m^2]   abwaerts gerichtet: positiv
D  Diffuse Sonnenbetrahlungsstaerke (horiz. Ebene)               [W/m^2]   abwaerts gerichtet: positiv
A  Bestrahlungsstaerke d. atm. Waermestrahlung (horiz. Ebene)    [W/m^2]   abwaerts gerichtet: positiv
E  Bestrahlungsstaerke d. terr. Waermestrahlung                  [W/m^2]   aufwaerts gerichtet: negativ
IL Qualitaetsbit bezueglich der Auswahlkriterien                           {0;1;2;3;4}


     RW      HW MM DD HH     t    p  WR   WG N    x  RF    B    D   A    E IL
*** 
4212500 3066500  1  1  1   1.9 1020 224  4.4 6  4.0  92    0    0 290 -323  2
4212500 3066500  1  1  2   1.0 1020 219  3.6 6  3.8  93    0    0 290 -324  2
4212500 3066500  1  1  3   0.3 1020 213  3.1 6  3.6  94    0    0 290 -324  2
4212500 3066500  1  1  4   0.1 1020 205  3.1 7  3.6  94    0    0 296 -325  2
4212500 3066500  1  1  5   0.0 1020 198  3.2 7  3.6  95    0    0 302 -326  2
4212500 3066500  1  1  6   0.0 1019 187  3.0 7  3.6  95    0    0 303 -328  2
4212500 3066500  1  1  7   0.2 1019 191  3.7 8  3.6  95    0    0 311 -330  2
4212500 3066500  1  1  8   0.2 1018 188  3.7 8  3.6  95    0    0 317 -330  2
4212500 3066500  1  1  9   0.4 1018 179  3.6 8  3.7  95    0    2 318 -330  2
4212500 3066500  1  1 10   0.4 1018 182  3.5 7  3.7  95    1   31 315 -330  2
4212500 3066500  1  1 11   0.7 1018 188  4.4 6  3.8  96    7   76 304 -331  2
4212500 3066500  1  1 12   0.7 1017 191  4.1 7  3.8  95    0   58 306 -332  2
4212500 3066500  1  1 13   0.8 1017 191  3.9 7  3.8  95    0   32 314 -334  2
4212500 3066500  1  1 14   1.0 1016 211  4.2 7  3.8  95    0   21 314 -337  2
4212500 3066500  1  1 15   0.8 1016 190  3.6 7  3.9  96    0   13 315 -341  2
4212500 3066500  1  1 16   0.8 1016 200  4.2 8  3.9  98    0    2 322 -342  2
4212500 3066500  1  1 17   0.9 1016 200  3.8 8  3.9  98    0    0 328 -338  2
4212500 3066500  1  1 18   1.0 1015 201  4.3 7  4.0  98    0    0 320 -333  2
4212500 3066500  1  1 19   1.2 1016 209  4.2 7  4.0  98    0    0 311 -331  2
4212500 3066500  1  1 20   1.4 1016 218  4.2 8  4.1  99    0    0 316 -329  2
4212500 3066500  1  1 21   1.7 1016 240  4.9 8  4.2  99    0    0 321 -327  2
4212500 3066500  1  1 22   2.0 1016 249  6.0 7  4.3  99    0    0 314 -326  2
4212500 3066500  1  1 23   2.9 1017 271  6.1 7  4.5  99    0    0 307 -325  2
4212500 3066500  1  1 24   3.7 1017 283  4.6 8  4.7  98    0    0 312 -325  2
4212500 3066500  1  2  1   4.1 1018 282  5.3 8  4.9  98    0    0 317 -323  2
4212500 3066500  1  2  2   4.0 1018 300  4.1 7  4.9  96    0    0 307 -322  2
4212500 3066500  1  2  3   3.8 1018 298  4.9 7  4.8  96    0    0 296 -321  2
4212500 3066500  1  2  4   3.8 1019 288  5.7 8  4.8  96    0    0 299 -321  2
4212500 3066500  1  2  5   3.7 1019 289  5.2 8  4.7  96    0    0 303 -321  2
4212500 3066500  1  2  6   3.8 1020 277  5.8 8  4.7  95    0    0 303 -321  2
4212500 3066500  1  2  7   3.2 1020 268  6.0 8  4.6  96    0    0 301 -321  2
4212500 3066500  1  2  8   2.3 1020 257  5.6 7  4.5  98    0    0 293 -321  2
4212500 3066500  1  2  9   2.2 1020 237  4.9 7  4.3  98    0    2 287 -321  2
4212500 3066500  1  2 10   1.9 1021 226  5.8 8  4.3  98    0   28 296 -321  2
4212500 3066500  1  2 11   2.1 1021 230  7.1 7  4.3  98    0   40 297 -322  2
4212500 3066500  1  2 12   2.4 1021 261  7.1 8  4.3  98    0   19 298 -326  2
4212500 3066500  1  2 13   3.0 1021 248  6.9 8  4.4  97    0   44 304 -332  2
4212500 3066500  1  2 14   3.6 1021 235  7.5 6  4.5  95    0   52 293 -332  2
4212500 3066500  1  2 15   3.8 1020 236  6.2 6  4.5  92    0   37 287 -329  2
4212500 3066500  1  2 16   3.7 1020 218  6.3 8  4.6  93    0    5 303 -325  2
4212500 3066500  1  2 17   4.0 1019 237  5.8 8  4.7  94    0    0 317 -322  2
4212500 3066500  1  2 18   4.5 1019 241  6.4 8  4.8  94    0    0 319 -323  2
4212500 3066500  1  2 19   4.6 1019 239  6.4 8  5.0  96    0    0 320 -325  2
4212500 3066500  1  2 20   5.2 1018 259  7.0 8  5.2  97    0    0 321 -327  2
4212500 3066500  1  2 21   5.5 1018 263  7.3 8  5.4  97    0    0 322 -329  2
4212500 3066500  1  2 22   5.7 1018 267  7.2 8  5.4  96    0    0 324 -331  2
4212500 3066500  1  2 23   5.6 1018 269  7.0 8  5.4  96    0    0 324 -333  2
4212500 3066500  1  2 24   5.6 1019 267  6.3 8  5.4  96    0    0 324 -334  2
4212500 3066500  1  3  1   5.6 1019 268  6.3 8  5.4  96    0    0 324 -336  2
4212500 3066500  1  3  2   5.4 1019 270  5.6 8  5.4  96    0    0 324 -337  2
4212500 3066500  1  3  3   5.3 1018 270  4.7 8  5.3  97    0    0 324 -338  2
4212500 3066500  1  3  4   5.4 1018 263  5.8 8  5.3  97    0    0 324 -339  2
4212500 3066500  1  3  5   5.5 1018 250  5.8 5  5.3  95    0    0 309 -338  2
4212500 3066500  1  3  6   5.3 1017 251  4.0 8  5.3  95    0    0 308 -338  2
4212500 3066500  1  3  7   4.6 1017 241  4.9 5  5.1  95    0    0 305 -338  2
4212500 3066500  1  3  8   5.2 1017 231  4.4 7  5.1  95    0    0 298 -338  2
4212500 3066500  1  3  9   5.6 1016 213  4.5 7  5.2  94    0    2 309 -338  2
4212500 3066500  1  3 10   5.9 1016 215  5.2 7  5.4  94    0   11 308 -338  2
4212500 3066500  1  3 11   6.2 1015 216  5.1 8  5.5  94    0   41 313 -339  2
4212500 3066500  1  3 12   6.7 1015 228  6.7 8  5.5  92    0   40 319 -341  2
4212500 3066500  1  3 13   6.9 1014 224  5.9 7  5.6  91    0   43 314 -342  2
4212500 3066500  1  3 14   7.1 1013 225  6.4 8  5.6  90    0   33 314 -343  2
4212500 3066500  1  3 15   7.1 1013 224  6.2 8  5.6  90    0   20 320 -342  2
4212500 3066500  1  3 16   7.2 1012 228  6.5 8  5.6  90    0    9 321 -341  2
4212500 3066500  1  3 17   6.9 1012 230  6.7 8  5.7  91    0    0 322 -339  2
4212500 3066500  1  3 18   7.0 1012 235  6.9 7  5.8  94    0    0 321 -338  2
4212500 3066500  1  3 19   7.2 1011 242  6.3 8  6.0  95    0    0 322 -337  2
4212500 3066500  1  3 20   7.5 1011 240  7.1 8  6.2  96    0    0 328 -337  2
4212500 3066500  1  3 21   7.5 1011 240  7.1 7  6.3  97    0    0 325 -338  2
4212500 3066500  1  3 22   7.8 1010 241  7.3 8  6.3  96    0    0 325 -338  2
4212500 3066500  1  3 23   7.8 1010 240  6.7 8  6.3  95    0    0 332 -338  2
4212500 3066500  1  3 24   7.7 1010 239  6.8 7  6.3  95    0    0 328 -338  2
4212500 3066500  1  4  1   7.7 1009 231  6.7 8  6.3  96    0    0 328 -339  2
4212500 3066500  1  4  2   7.4 1009 240  6.8 8  6.2  96    0    0 334 -339  2
4212500 3066500  1  4  3   7.3 1009 240  7.7 8  6.1  95    0    0 334 -340  2
4212500 3066500  1  4  4   6.7 1009 265  7.6 8  5.9  95    0    0 333 -340  2
4212500 3066500  1  4  5   5.5 1009 272  7.1 8  5.5  94    0    0 329 -341  2
4212500 3066500  1  4  6   4.8 1009 266  6.8 8  5.1  93    0    0 327 -341  2
4212500 3066500  1  4  7   4.4 1009 262  7.2 7  4.9  93    0    0 320 -341  2
4212500 3066500  1  4  8   4.1 1010 260  7.3 4  4.8  92    0    0 296 -341  2
4212500 3066500  1  4  9   4.3 1010 259  8.1 4  4.7  92    0    2 278 -340  2
4212500 3066500  1  4 10   4.4 1011 254  7.7 5  4.7  91   35   32 287 -339  2
4212500 3066500  1  4 11   4.4 1011 236  6.7 5  4.7  91   26   67 294 -339  2
4212500 3066500  1  4 12   4.9 1012 256  7.1 7  4.8  90    5   79 309 -340  2
4212500 3066500  1  4 13   5.3 1012 260  6.7 5  4.8  88   16   94 311 -340  2
4212500 3066500  1  4 14   5.3 1012 260  6.0 4  4.8  87   37   86 292 -339  2
4212500 3066500  1  4 15   5.1 1011 253  4.7 5  4.7  86   14   59 291 -336  2
4212500 3066500  1  4 16   4.5 1011 242  3.6 5  4.6  86    0   15 296 -331  2
4212500 3066500  1  4 17   3.5 1011 210  3.2 6  4.4  88    0    0 298 -325  2
4212500 3066500  1  4 18   3.0 1011 207  2.7 7  4.3  90    0    0 310 -322  2
4212500 3066500  1  4 19   2.9 1010 192  1.8 8  4.3  92    0    0 323 -322  2
4212500 3066500  1  4 20   2.9 1010 175  4.4 8  4.3  92    0    0 330 -321  2
4212500 3066500  1  4 21   3.1 1009 174  4.4 8  4.4  93    0    0 330 -320  2
4212500 3066500  1  4 22   3.2 1008 150  3.5 7  4.5  94    0    0 321 -318  2
4212500 3066500  1  4 23   3.3 1007 150  4.4 7  4.6  95    0    0 309 -317  2
4212500 3066500  1  4 24   3.6 1005 159  4.3 8  4.7  97    0    0 315 -316  2
4212500 3066500  1  5  1   4.0 1004 180  6.7 8  4.9  98    0    0 324 -316  2
4212500 3066500  1  5  2   5.0 1003 217  7.6 8  5.2  98    0    0 326 -318  2
4212500 3066500  1  5  3   6.2 1002 259  8.0 8  5.3  93    0    0 332 -320  2
4212500 3066500  1  5  4   5.9 1002 252  9.8 7  5.2  88    0    0 324 -321  2
4212500 3066500  1  5  5   5.3 1002 259 10.7 8  5.0  87    0    0 323 -322  2
4212500 3066500  1  5  6   5.0 1003 255 11.7 8  4.8  87    0    0 329 -322  2
4212500 3066500  1  5  7   4.5 1003 267 12.0 8  4.8  89    0    0 327 -323  2
4212500 3066500  1  5  8   4.3 1004 282 12.3 8  4.8  92    0    0 324 -325  2
4212500 3066500  1  5  9   4.8 1005 283 11.6 8  4.8  90    0    1 322 -327  2
4212500 3066500  1  5 10   4.7 1008 283 11.7 6  4.5  85    6   37 306 -330  2
4212500 3066500  1  5 11   4.8 1009 277 12.1 2  4.4  83   65   72 266 -334  2
4212500 3066500  1  5 12   5.0 1010 286 11.1 1  4.5  82   80  102 234 -336  2
4212500 3066500  1  5 13   5.3 1011 280 10.1 0  4.5  82   92  108 219 -336  2
4212500 3066500  1  5 14   5.2 1012 280  7.6 0  4.5  81   64  100 212 -336  2
4212500 3066500  1  5 15   5.1 1013 286  7.8 1  4.4  81   23   70 217 -334  2
4212500 3066500  1  5 16   4.2 1014 259  5.3 2  4.4  82    0   20 225 -330  2
4212500 3066500  1  5 17   3.3 1015 254  4.9 3  4.3  87    0    0 229 -326  2
4212500 3066500  1  5 18   2.7 1016 232  3.8 3  4.3  91    0    0 228 -323  2
4212500 3066500  1  5 19   2.7 1016 232  4.6 6  4.2  92    0    0 244 -321  2
4212500 3066500  1  5 20   2.6 1017 239  4.3 7  4.2  92    0    0 268 -321  2
4212500 3066500  1  5 21   2.4 1017 214  3.7 7  4.1  90    0    0 275 -321  2
4212500 3066500  1  5 22   2.0 1017 223  4.4 4  4.0  90    0    0 261 -321  2
4212500 3066500  1  5 23   1.8 1017 213  4.3 4  3.9  91    0    0 247 -321  2
4212500 3066500  1  5 24   1.3 1017 193  4.1 3  3.9  92    0    0 244 -320  2
4212500 3066500  1  6  1   1.1 1017 195  4.3 1  3.8  92    0    0 232 -319  2
4212500 3066500  1  6  2   1.1 1017 179  2.8 1  3.7  91    0    0 225 -317  2
4212500 3066500  1  6  3   1.4 1016 171  3.9 0  3.7  89    0    0 225 -316  2
4212500 3066500  1  6  4   1.1 1016 178  4.7 1  3.6  88    0    0 227 -316  2
4212500 3066500  1  6  5   1.0 1016 184  4.9 1  3.6  87    0    0 234 -316  2
4212500 3066500  1  6  6   1.1 1015 185  5.2 0  3.5  86    0    0 231 -316  2
4212500 3066500  1  6  7   0.9 1015 183  5.1 2  3.4  85    0    0 237 -316  2
4212500 3066500  1  6  8   1.2 1015 186  5.1 4  3.4  84    0    0 256 -317  2
4212500 3066500  1  6  9   0.9 1014 182  5.4 4  3.5  85    0    3 266 -317  2
4212500 3066500  1  6 10   1.5 1014 183  4.2 1  3.6  87    0   12 251 -317  2
4212500 3066500  1  6 11   2.0 1014 191  4.8 2  3.7  86   64   65 242 -318  2
4212500 3066500  1  6 12   3.2 1014 193  5.4 0  3.9  85  118   81 239 -319  2
4212500 3066500  1  6 13   3.7 1013 186  4.6 1  4.0  83  117   89 235 -321  2
4212500 3066500  1  6 14   4.3 1013 185  5.8 2  4.2  82   75   90 246 -324  2
4212500 3066500  1  6 15   4.3 1012 183  5.6 4  4.3  83   25   65 259 -325  2
4212500 3066500  1  6 16   3.8 1012 183  5.4 5  4.3  85    1   20 272 -323  2
4212500 3066500  1  6 17   3.5 1011 182  6.3 6  4.2  86    0    0 280 -322  2
4212500 3066500  1  6 18   3.3 1011 186  6.1 7  4.2  87    0    0 288 -322  2
4212500 3066500  1  6 19   3.3 1010 186  6.3 6  4.2  88    0    0 288 -322  2
4212500 3066500  1  6 20   3.3 1010 205  6.4 6  4.3  89    0    0 284 -323  2
4212500 3066500  1  6 21   3.3 1010 207  6.4 7  4.4  91    0    0 291 -325  2
4212500 3066500  1  6 22   3.8 1010 207  6.3 7  4.5  92    0    0 299 -326  2
4212500 3066500  1  6 23   3.9 1010 216  5.4 7  4.7  93    0    0 303 -329  2
4212500 3066500  1  6 24   4.1 1010 227  6.3 8  4.7  94    0    0 311 -332  2
4212500 3066500  1  7  1   4.3 1011 231  5.5 8  4.8  94    0    0 320 -335  2
4212500 3066500  1  7  2   4.5 1011 243  5.1 8  5.0  96    0    0 323 -338  2
4212500 3066500  1  7  3   4.8 1012 245  5.2 7  5.1  96    0    0 320 -341  2
4212500 3066500  1  7  4   5.1 1012 235  5.3 7  5.2  96    0    0 313 -342  2
4212500 3066500  1  7  5   5.2 1012 242  4.7 7  5.3  96    0    0 311 -342  2
4212500 3066500  1  7  6   5.3 1013 264  4.7 7  5.3  96    0    0 311 -341  2
4212500 3066500  1  7  7   5.3 1014 269  3.8 4  5.3  95    0    0 290 -341  2
4212500 3066500  1  7  8   4.0 1015 264  3.4 3  5.1  96    0    0 260 -340  2
4212500 3066500  1  7  9   3.7 1016 245  3.3 3  4.9  97    0    3 248 -339  2
4212500 3066500  1  7 10   3.7 1016 237  3.3 2  4.8  97    3   38 239 -338  2
4212500 3066500  1  7 11   4.5 1017 224  3.6 6  4.9  97   18   85 260 -338  2
4212500 3066500  1  7 12   5.3 1017 222  3.8 5  5.2  98    6   94 282 -339  2
4212500 3066500  1  7 13   5.9 1017 219  4.2 3  5.4  97    7  100 265 -339  2
4212500 3066500  1  7 14   6.3 1016 214  4.3 7  5.6  96    0   46 281 -340  2
4212500 3066500  1  7 15   6.4 1016 218  3.7 7  5.6  94    0   17 306 -340  2
4212500 3066500  1  7 16   6.3 1016 212  3.5 7  5.5  92    0    7 305 -338  2
4212500 3066500  1  7 17   5.1 1016 227  2.6 6  5.2  91    0    0 294 -337  2
4212500 3066500  1  7 18   4.3 1016 205  4.1 4  4.8  91    0    0 273 -335  2
4212500 3066500  1  7 19   3.9 1016 195  4.4 3  4.7  92    0    0 254 -334  2
4212500 3066500  1  7 20   3.8 1016 206  5.0 3  4.6  93    0    0 246 -332  2
4212500 3066500  1  7 21   3.7 1016 206  4.6 3  4.6  94    0    0 245 -330  2
4212500 3066500  1  7 22   3.4 1016 207  4.7 1  4.6  94    0    0 234 -329  2
4212500 3066500  1  7 23   3.5 1015 207  4.8 1  4.5  94    0    0 223 -329  2
4212500 3066500  1  7 24   3.6 1015 214  6.1 2  4.6  94    0    0 226 -329  2
4212500 3066500  1  8  1   3.3 1014 211  5.4 4  4.6  94    0    0 240 -330  2
4212500 3066500  1  8  2   3.3 1014 216  5.8 4  4.5  94    0    0 250 -329  2
4212500 3066500  1  8  3   2.9 1014 217  4.9 5  4.5  95    0    0 258 -328  2
4212500 3066500  1  8  4   2.5 1013 196  4.8 6  4.4  96    0    0 270 -327  2
4212500 3066500  1  8  5   2.7 1013 215  6.0 7  4.4  96    0    0 281 -326  2
4212500 3066500  1  8  6   3.3 1012 213  6.2 7  4.4  94    0    0 289 -325  2
4212500 3066500  1  8  7   2.8 1012 204  5.4 5  4.3  92    0    0 279 -324  2
4212500 3066500  1  8  8   2.6 1011 196  6.4 2  4.2  92    0    0 250 -323  2
4212500 3066500  1  8  9   2.4 1011 200  6.6 3  4.2  92    0    1 238 -323  2
4212500 3066500  1  8 10   2.9 1012 208  6.2 8  4.2  92    0   22 279 -326  2
4212500 3066500  1  8 11   3.3 1012 213  5.6 7  4.3  90    0   40 307 -332  2
4212500 3066500  1  8 12   3.8 1012 210  5.1 8  4.4  89    0   26 311 -336  2
4212500 3066500  1  8 13   4.4 1012 218  6.0 8  4.5  88    0   31 320 -339  2
4212500 3066500  1  8 14   4.5 1012 225  6.0 7  4.5  86    0   40 317 -342  2
4212500 3066500  1  8 15   4.7 1011 220  6.8 7  4.6  86    0   34 314 -343  2
4212500 3066500  1  8 16   4.8 1012 217  5.6 8  4.6  86    0    7 322 -343  2
4212500 3066500  1  8 17   4.9 1012 216  5.4 8  4.6  87    0    0 329 -342  2
4212500 3066500  1  8 18   4.8 1012 226  5.8 8  4.7  88    0    0 330 -341  2
4212500 3066500  1  8 19   4.8 1013 228  4.6 7  4.8  90    0    0 325 -341  2
4212500 3066500  1  8 20   4.8 1013 230  5.0 7  4.9  92    0    0 321 -341  2
4212500 3066500  1  8 21   4.8 1013 235  4.7 8  5.0  94    0    0 327 -341  2
4212500 3066500  1  8 22   5.0 1014 236  4.4 8  5.1  95    0    0 331 -342  2
4212500 3066500  1  8 23   4.9 1014 240  3.0 8  5.1  95    0    0 330 -343  2
4212500 3066500  1  8 24   4.9 1014 240  3.2 5  5.1  96    0    0 312 -343  2
4212500 3066500  1  9  1   4.9 1014 227  3.6 3  5.1  95    0    0 284 -343  2
4212500 3066500  1  9  2   4.5 1015 237  3.5 3  5.0  94    0    0 271 -342  2
4212500 3066500  1  9  3   3.9 1015 228  4.0 4  4.8  94    0    0 273 -342  2
4212500 3066500  1  9  4   3.2 1015 230  3.7 5  4.7  96    0    0 280 -342  2
4212500 3066500  1  9  5   3.4 1015 251  3.7 6  4.7  97    0    0 288 -342  2
4212500 3066500  1  9  6   3.0 1015 241  2.9 8  4.6  97    0    0 303 -343  2
4212500 3066500  1  9  7   2.4 1015 240  3.1 4  4.5  97    0    0 288 -343  2
4212500 3066500  1  9  8   2.6 1016 240  3.7 6  4.4  97    0    0 275 -342  2
4212500 3066500  1  9  9   2.3 1016 231  4.3 7  4.4  97    0    5 291 -341  2
4212500 3066500  1  9 10   2.3 1017 228  4.6 5  4.3  97   13   41 282 -341  2
4212500 3066500  1  9 11   2.2 1017 246  4.9 6  4.4  98   11   73 274 -342  2
4212500 3066500  1  9 12   2.2 1018 264  4.9 8  4.4  98    0   62 291 -345  2
4212500 3066500  1  9 13   2.3 1018 258  7.1 8  4.4  98    0   29 301 -347  2
4212500 3066500  1  9 14   2.6 1018 266  6.7 8  4.4  98    0   25 301 -347  2
4212500 3066500  1  9 15   3.1 1019 271  5.6 8  4.5  98    0   18 302 -345  2
4212500 3066500  1  9 16   3.1 1019 261  4.7 8  4.5  96    0    5 302 -340  2
4212500 3066500  1  9 17   3.1 1020 258  3.3 7  4.5  94    0    0 296 -334  2
4212500 3066500  1  9 18   3.3 1020 251  4.1 5  4.4  93    0    0 278 -330  2
4212500 3066500  1  9 19   2.8 1021 244  4.9 5  4.4  93    0    0 265 -326  2
4212500 3066500  1  9 20   3.0 1021 247  4.4 6  4.4  94    0    0 270 -324  2
4212500 3066500  1  9 21   2.0 1022 246  4.6 3  4.3  95    0    0 261 -322  2
4212500 3066500  1  9 22   1.5 1022 259  5.2 2  4.1  96    0    0 240 -321  2
4212500 3066500  1  9 23   1.3 1023 250  5.1 1  4.0  96    0    0 230 -320  2
4212500 3066500  1  9 24   1.3 1023 254  5.5 2  4.0  96    0    0 229 -320  2
4212500 3066500  1 10  1   1.5 1024 257  6.0 1  4.0  97    0    0 228 -320  2
4212500 3066500  1 10  2   2.0 1024 262  5.7 3  4.1  97    0    0 234 -320  2
4212500 3066500  1 10  3   1.9 1025 259  5.5 3  4.2  96    0    0 245 -320  2
4212500 3066500  1 10  4   1.9 1026 264  5.6 3  4.2  97    0    0 246 -320  2
4212500 3066500  1 10  5   2.0 1026 266  6.0 1  4.2  97    0    0 236 -318  2
4212500 3066500  1 10  6   2.1 1026 261  5.9 3  4.2  98    0    0 236 -317  2
4212500 3066500  1 10  7   2.2 1027 263  5.1 1  4.3  98    0    0 236 -317  2
4212500 3066500  1 10  8   2.0 1027 261  5.3 3  4.2  97    0    0 236 -317  2
4212500 3066500  1 10  9   2.1 1028 270  5.5 3  4.2  97    0    2 245 -317  2
4212500 3066500  1 10 10   2.0 1029 261  6.0 3  4.2  97    0   28 245 -317  2
4212500 3066500  1 10 11   2.1 1029 260  5.8 6  4.2  98    0   43 260 -318  2
4212500 3066500  1 10 12   2.3 1030 269  5.7 6  4.3  98    0   38 275 -320  2
4212500 3066500  1 10 13   2.5 1030 270  5.5 6  4.4  98    0   32 278 -322  2
4212500 3066500  1 10 14   2.4 1030 268  5.8 8  4.4  98    0   24 291 -324  2
4212500 3066500  1 10 15   2.5 1030 268  5.4 8  4.3  98    0   18 305 -325  2
4212500 3066500  1 10 16   2.4 1031 261  5.4 8  4.4  98    0    5 305 -323  2
4212500 3066500  1 10 17   2.4 1031 252  5.2 7  4.3  98    0    0 296 -322  2
4212500 3066500  1 10 18   2.2 1032 250  4.9 4  4.3  97    0    0 271 -321  2
4212500 3066500  1 10 19   2.0 1032 259  5.3 8  4.2  96    0    0 272 -319  2
4212500 3066500  1 10 20   1.6 1032 243  5.6 8  4.1  96    0    0 285 -318  2
4212500 3066500  1 10 21   1.4 1032 246  4.8 8  4.0  97    0    0 281 -318  2
4212500 3066500  1 10 22   1.4 1032 239  5.3 7  4.0  98    0    0 274 -317  2
4212500 3066500  1 10 23   1.3 1032 237  5.8 7  3.9  96    0    0 269 -317  2
4212500 3066500  1 10 24   1.5 1033 230  5.5 7  3.9  94    0    0 268 -317  2
4212500 3066500  1 11  1   1.6 1032 231  5.5 7  3.8  91    0    0 268 -316  2
4212500 3066500  1 11  2   1.5 1032 221  5.7 7  3.8  90    0    0 268 -316  2
4212500 3066500  1 11  3   1.6 1032 225  6.3 8  3.7  90    0    0 272 -315  2
4212500 3066500  1 11  4   1.6 1032 227  6.7 8  3.7  89    0    0 276 -315  2
4212500 3066500  1 11  5   1.2 1032 217  6.5 7  3.7  89    0    0 272 -315  2
4212500 3066500  1 11  6   0.7 1032 217  6.1 4  3.6  90    0    0 254 -314  2
4212500 3066500  1 11  7   0.4 1032 214  6.6 5  3.5  90    0    0 244 -314  2
4212500 3066500  1 11  8   0.3 1031 215  6.8 5  3.4  90    0    0 249 -313  2
4212500 3066500  1 11  9   0.1 1031 216  6.7 6  3.4  90    0    4 253 -313  2
4212500 3066500  1 11 10   0.2 1032 215  6.8 6  3.4  91   10   46 258 -314  2
4212500 3066500  1 11 11   0.8 1031 212  7.1 5  3.5  90   52   84 255 -316  2
4212500 3066500  1 11 12   1.5 1032 223  7.2 5  3.5  87   66  117 253 -319  2
4212500 3066500  1 11 13   2.4 1032 216  5.8 4  3.6  84   66  126 251 -320  2
4212500 3066500  1 11 14   2.4 1031 216  6.2 5  3.7  83   31  110 254 -321  2
4212500 3066500  1 11 15   2.2 1031 215  5.7 3  3.7  84   26   79 249 -322  2
4212500 3066500  1 11 16   2.0 1031 202  5.3 6  3.7  85    0   21 256 -322  2
4212500 3066500  1 11 17   2.1 1031 204  5.7 7  3.7  86    0    0 278 -322  2
4212500 3066500  1 11 18   1.9 1031 215  5.7 8  3.7  87    0    0 290 -322  2
4212500 3066500  1 11 19   1.8 1030 216  5.3 8  3.8  88    0    0 296 -323  2
4212500 3066500  1 11 20   1.6 1030 217  6.0 8  3.7  88    0    0 297 -323  2
4212500 3066500  1 11 21   1.1 1030 217  6.4 8  3.7  89    0    0 297 -323  2
4212500 3066500  1 11 22   1.1 1030 215  6.0 4  3.6  90    0    0 278 -323  2
4212500 3066500  1 11 23   1.1 1029 223  6.4 4  3.6  89    0    0 259 -323  2
4212500 3066500  1 11 24   0.5 1029 221  6.6 6  3.5  90    0    0 267 -323  2
4212500 3066500  1 12  1   0.4 1029 225  6.0 5  3.5  90    0    0 270 -323  2
4212500 3066500  1 12  2   0.7 1028 214  5.7 7  3.4  87    0    0 275 -323  2
4212500 3066500  1 12  3   0.3 1028 213  5.0 6  3.3  86    0    0 281 -323  2
4212500 3066500  1 12  4  -0.1 1028 211  5.7 7  3.3  87    0    0 280 -323  2
4212500 3066500  1 12  5   0.1 1027 218  5.0 7  3.3  88    0    0 282 -322  2
4212500 3066500  1 12  6  -0.3 1027 204  5.3 7  3.3  88    0    0 280 -321  2
4212500 3066500  1 12  7  -0.2 1027 206  6.3 5  3.3  89    0    0 268 -321  2
4212500 3066500  1 12  8  -0.6 1026 208  6.7 5  3.2  89    0    0 256 -320  2
4212500 3066500  1 12  9  -0.5 1026 202  6.7 5  3.2  89    0    3 253 -319  2
4212500 3066500  1 12 10  -0.2 1026 209  6.4 4  3.1  86    4   41 245 -319  2
4212500 3066500  1 12 11   0.6 1026 206  6.0 5  3.2  84   38   80 243 -319  2
4212500 3066500  1 12 12   1.1 1026 198  6.1 6  3.2  81   53  105 250 -320  2
4212500 3066500  1 12 13   1.4 1025 201  6.4 6  3.2  78   74  110 252 -321  2
4212500 3066500  1 12 14   1.6 1025 201  6.0 7  3.2  78   26   99 254 -322  2
4212500 3066500  1 12 15   1.3 1024 198  6.3 4  3.2  78   22   72 245 -322  2
4212500 3066500  1 12 16   1.1 1024 195  6.2 4  3.3  80    1   27 233 -321  2
4212500 3066500  1 12 17   0.7 1023 195  6.1 4  3.3  82    0    0 234 -320  2
4212500 3066500  1 12 18   0.4 1023 195  6.2 5  3.3  84    0    0 236 -319  2
4212500 3066500  1 12 19   0.3 1023 198  4.6 7  3.3  86    0    0 244 -318  2
4212500 3066500  1 12 20  -0.1 1023 204  7.0 7  3.3  88    0    0 249 -317  2
4212500 3066500  1 12 21  -0.5 1022 204  5.7 7  3.4  91    0    0 247 -317  2
4212500 3066500  1 12 22  -0.6 1022 203  5.5 4  3.4  94    0    0 238 -317  2
4212500 3066500  1 12 23  -0.5 1022 204  5.8 4  3.4  95    0    0 230 -317  2
4212500 3066500  1 12 24  -0.5 1021 194  5.7 6  3.4  94    0    0 234 -316  2
4212500 3066500  1 13  1  -0.3 1021 205  5.1 3  3.4  92    0    0 232 -316  2
4212500 3066500  1 13  2  -0.3 1021 196  4.7 2  3.4  91    0    0 221 -315  2
4212500 3066500  1 13  3  -0.7 1020 194  4.6 2  3.3  92    0    0 216 -314  2
4212500 3066500  1 13  4  -0.9 1020 195  4.7 3  3.3  93    0    0 216 -313  2
4212500 3066500  1 13  5  -1.1 1019 196  4.7 3  3.2  92    0    0 217 -312  2
4212500 3066500  1 13  6  -1.4 1019 195  4.5 4  3.2  92    0    0 218 -311  2
4212500 3066500  1 13  7  -1.6 1019 189  4.1 4  3.1  92    0    0 219 -309  2
4212500 3066500  1 13  8  -1.8 1019 196  4.6 5  3.1  92    0    0 221 -308  2
4212500 3066500  1 13  9  -2.0 1018 195  4.6 6  3.0  92    0    1 227 -308  2
4212500 3066500  1 13 10  -1.8 1019 196  4.4 7  3.1  93    0   12 233 -307  2
4212500 3066500  1 13 11  -1.6 1018 202  3.8 8  3.1  94    0   40 238 -309  2
4212500 3066500  1 13 12  -1.3 1018 190  3.7 8  3.2  93    0   52 241 -312  2
4212500 3066500  1 13 13  -1.3 1018 213  2.8 8  3.1  92    0   63 241 -314  2
4212500 3066500  1 13 14  -1.2 1018 217  2.9 8  3.1  91    0   46 242 -315  2
4212500 3066500  1 13 15  -1.2 1017 222  3.2 7  3.1  90    0   31 239 -315  2
4212500 3066500  1 13 16  -1.3 1017 216  2.2 7  3.1  90    0   13 236 -313  2
4212500 3066500  1 13 17  -1.5 1017 207  2.9 8  3.1  90    0    0 240 -310  2
4212500 3066500  1 13 18  -1.6 1017 204  3.2 8  3.0  90    0    0 244 -307  2
4212500 3066500  1 13 19  -1.6 1017 222  3.1 8  3.0  90    0    0 243 -305  2
4212500 3066500  1 13 20  -1.5 1017 209  3.3 7  3.0  88    0    0 241 -304  2
4212500 3066500  1 13 21  -1.7 1017 198  4.1 7  2.9  87    0    0 239 -303  2
4212500 3066500  1 13 22  -1.7 1017 202  3.4 8  2.9  86    0    0 242 -302  2
4212500 3066500  1 13 23  -1.8 1017 190  2.9 8  2.8  85    0    0 247 -302  2
4212500 3066500  1 13 24  -1.7 1017 184  2.7 8  2.8  84    0    0 248 -301  2
4212500 3066500  1 14  1  -1.9 1017 202  1.0 8  2.7  82    0    0 249 -301  2
4212500 3066500  1 14  2  -2.2 1018 212  1.8 8  2.7  83    0    0 250 -300  2
4212500 3066500  1 14  3  -2.1 1018 196  2.3 8  2.6  82    0    0 250 -300  2
4212500 3066500  1 14  4  -2.1 1018 195  1.6 7  2.6  82    0    0 248 -299  2
4212500 3066500  1 14  5  -2.1 1018 159  1.9 7  2.6  82    0    0 245 -298  2
4212500 3066500  1 14  6  -2.2 1018 198  1.9 7  2.6  81    0    0 244 -297  2
4212500 3066500  1 14  7  -2.4 1018 200  2.1 8  2.6  80    0    0 246 -296  2
4212500 3066500  1 14  8  -2.5 1018 213  1.1 8  2.5  80    0    0 247 -296  2
4212500 3066500  1 14  9  -2.4 1019 219  1.3 8  2.5  79    0    1 245 -295  2
4212500 3066500  1 14 10  -2.4 1019 194  1.0 8  2.5  79    0   16 243 -295  2
4212500 3066500  1 14 11  -2.1 1020 208  1.4 8  2.5  78    0   28 242 -299  2
4212500 3066500  1 14 12  -1.8 1020 206  2.0 8  2.5  78    0   33 243 -304  2
4212500 3066500  1 14 13  -1.6 1020 256  1.1 8  2.6  79    0   39 243 -310  2
4212500 3066500  1 14 14  -1.5 1020  12  1.0 7  2.6  79    0   36 240 -313  2
4212500 3066500  1 14 15  -1.4 1020  12  0.8 7  2.6  78    0   23 237 -313  2
4212500 3066500  1 14 16  -1.4 1021  32  0.8 8  2.6  77    0    6 240 -310  2
4212500 3066500  1 14 17  -1.6 1021  33  0.5 8  2.7  79    0    0 242 -305  2
4212500 3066500  1 14 18  -1.6 1022 173  0.8 8  2.7  82    0    0 242 -302  2
4212500 3066500  1 14 19  -1.4 1022 210  0.5 7  2.8  83    0    0 241 -301  2
4212500 3066500  1 14 20  -1.3 1023 209  1.3 8  2.8  84    0    0 240 -300  2
4212500 3066500  1 14 21  -1.4 1023 220  1.5 8  2.9  86    0    0 243 -300  2
4212500 3066500  1 14 22  -1.3 1024 223  2.3 8  3.0  88    0    0 243 -301  2
4212500 3066500  1 14 23  -1.2 1024 260  1.6 8  3.0  87    0    0 243 -301  2
4212500 3066500  1 14 24  -1.2 1024 273  1.4 8  3.0  87    0    0 242 -302  2
4212500 3066500  1 15  1  -1.2 1024 242  1.7 8  3.0  88    0    0 240 -303  2
4212500 3066500  1 15  2  -1.0 1025 246  2.4 8  3.1  90    0    0 241 -304  2
4212500 3066500  1 15  3  -0.8 1025 265  2.4 8  3.1  88    0    0 240 -307  2
4212500 3066500  1 15  4  -0.5 1025 274  2.6 8  3.0  84    0    0 240 -311  2
4212500 3066500  1 15  5  -0.3 1025 321  3.4 8  3.0  82    0    0 241 -314  2
4212500 3066500  1 15  6  -0.1 1025 330  2.7 8  2.9  79    0    0 242 -316  2
4212500 3066500  1 15  7   0.0 1025 342  3.7 7  2.8  75    0    0 241 -317  2
4212500 3066500  1 15  8   0.5 1026 346  4.3 7  2.7  71    0    0 242 -319  2
4212500 3066500  1 15  9   0.3 1026 341  2.8 7  2.7  70    0    1 245 -320  2
4212500 3066500  1 15 10   0.3 1026 349  3.9 7  2.7  71   13   40 247 -320  2
4212500 3066500  1 15 11   0.4 1027 347  3.7 6  2.7  71    0   58 245 -320  2
4212500 3066500  1 15 12   0.8 1027 328  2.9 8  2.7  70    0   31 250 -322  2
4212500 3066500  1 15 13   0.9 1027 312  3.3 7  2.8  70    0   51 255 -323  2
4212500 3066500  1 15 14   1.4 1027 309  4.0 3  2.9  72   38   87 241 -323  2
4212500 3066500  1 15 15   2.1 1027 322  4.5 4  3.2  75   18   64 233 -322  2
4212500 3066500  1 15 16   1.4 1027 318  3.6 7  3.3  78    0   19 247 -320  2
4212500 3066500  1 15 17   1.4 1028 292  3.8 7  3.3  80    0    0 255 -320  2
4212500 3066500  1 15 18   1.1 1028 295  4.3 7  3.4  82    0    0 256 -318  2
4212500 3066500  1 15 19   0.7 1028 296  4.7 4  3.4  85    0    0 248 -316  2
4212500 3066500  1 15 20  -0.2 1028 291  3.9 4  3.3  87    0    0 239 -314  2
4212500 3066500  1 15 21  -0.7 1028 265  5.6 4  3.2  88    0    0 240 -313  2
4212500 3066500  1 15 22  -0.6 1028 274  6.2 5  3.2  90    0    0 245 -312  2
4212500 3066500  1 15 23  -0.3 1027 255  4.9 5  3.3  93    0    0 252 -312  2
4212500 3066500  1 15 24   0.0 1027 255  6.2 7  3.5  93    0    0 263 -312  2
4212500 3066500  1 16  1  -0.4 1027 222  4.6 6  3.5  94    0    0 268 -312  2
4212500 3066500  1 16  2  -0.9 1027 243  4.4 7  3.5  97    0    0 269 -313  2
4212500 3066500  1 16  3  -0.4 1026 242  4.4 8  3.5  98    0    0 279 -315  2
4212500 3066500  1 16  4   0.3 1026 260  5.0 8  3.7  98    0    0 288 -317  2
4212500 3066500  1 16  5   0.5 1025 274  4.7 8  3.8  98    0    0 293 -319  2
4212500 3066500  1 16  6   0.8 1025 247  3.9 7  3.8  98    0    0 293 -321  2
4212500 3066500  1 16  7   1.0 1024 233  3.4 7  3.9  98    0    0 293 -321  2
4212500 3066500  1 16  8   0.9 1024 256  4.0 8  3.9  98    0    0 299 -321  2
4212500 3066500  1 16  9   1.1 1025 241  3.8 8  4.0  98    0    4 305 -321  2
4212500 3066500  1 16 10   1.6 1025 245  3.7 7  4.1  99    0   35 305 -321  2
4212500 3066500  1 16 11   2.5 1025 253  3.7 7  4.3  98    0   54 306 -323  2
4212500 3066500  1 16 12   3.0 1024 258  4.5 7  4.4  97    0   38 309 -326  2
4212500 3066500  1 16 13   3.3 1024 274  4.4 7  4.5  96    0   40 311 -328  2
4212500 3066500  1 16 14   3.8 1023 279  5.5 8  4.6  96    0   31 320 -328  2
4212500 3066500  1 16 15   4.2 1022 272  6.0 8  4.7  94    0   25 326 -328  2
4212500 3066500  1 16 16   4.1 1021 269  6.2 8  4.7  92    0   13 326 -327  2
4212500 3066500  1 16 17   3.9 1020 278  7.3 8  4.7  94    0    0 326 -324  2
4212500 3066500  1 16 18   4.0 1020 269  7.8 7  4.8  96    0    0 322 -323  2
4212500 3066500  1 16 19   4.6 1018 267  7.9 8  4.9  96    0    0 325 -326  2
4212500 3066500  1 16 20   4.7 1017 269  9.6 8  5.0  95    0    0 333 -331  2
4212500 3066500  1 16 21   4.8 1016 280 11.3 8  5.0  94    0    0 335 -335  2
4212500 3066500  1 16 22   4.8 1015 280 11.4 8  5.1  95    0    0 336 -338  2
4212500 3066500  1 16 23   5.3 1014 281 10.7 8  5.2  95    0    0 337 -340  2
4212500 3066500  1 16 24   5.5 1013 288 10.8 7  5.2  94    0    0 334 -341  2
4212500 3066500  1 17  1   5.5 1012 284  8.0 8  5.2  93    0    0 335 -342  2
4212500 3066500  1 17  2   5.7 1011 297  9.0 8  5.2  92    0    0 342 -343  2
4212500 3066500  1 17  3   6.2 1011 289 10.5 7  5.3  90    0    0 338 -344  2
4212500 3066500  1 17  4   6.0 1010 290 11.2 5  5.3  91    0    0 323 -344  2
4212500 3066500  1 17  5   6.4 1009 300 11.9 5  5.4  91    0    0 311 -344  2
4212500 3066500  1 17  6   6.2 1009 299 12.5 8  5.4  90    0    0 329 -345  2
4212500 3066500  1 17  7   6.5 1008 291 10.3 8  5.4  90    0    0 346 -346  2
4212500 3066500  1 17  8   6.5 1008 299 10.0 8  5.4  90    0    0 346 -346  2
4212500 3066500  1 17  9   6.3 1008 299 10.5 7  5.4  90    0    7 339 -346  2
4212500 3066500  1 17 10   6.4 1007 290 10.9 6  5.4  90    5   43 324 -346  2
4212500 3066500  1 17 11   6.8 1007 292 11.7 5  5.4  88   56   66 308 -346  2
4212500 3066500  1 17 12   7.0 1006 297 12.2 3  5.4  86  138   58 284 -347  2
4212500 3066500  1 17 13   7.3 1005 299 11.7 2  5.4  85  165   54 259 -347  2
4212500 3066500  1 17 14   7.3 1005 300 11.4 2  5.4  84  121   64 251 -347  2
4212500 3066500  1 17 15   7.3 1004 299 10.7 2  5.3  83   50   65 253 -347  2
4212500 3066500  1 17 16   7.0 1004 300 11.8 2  5.3  83    2   32 255 -346  2
4212500 3066500  1 17 17   6.6 1003 301 11.2 2  5.2  84    0    0 257 -345  2
4212500 3066500  1 17 18   6.6 1003 300 11.6 1  5.1  84    0    0 251 -344  2
4212500 3066500  1 17 19   6.3 1003 300 12.4 1  5.1  84    0    0 242 -343  2
4212500 3066500  1 17 20   6.0 1004 302 11.8 0  5.0  85    0    0 235 -341  2
4212500 3066500  1 17 21   6.1 1004 303 11.7 1  5.0  85    0    0 238 -341  2
4212500 3066500  1 17 22   5.6 1004 311  9.7 2  4.9  85    0    0 251 -341  2
4212500 3066500  1 17 23   5.3 1005 303  8.9 1  4.9  87    0    0 249 -341  2
4212500 3066500  1 17 24   4.9 1005 303  9.1 2  4.9  89    0    0 247 -340  2
4212500 3066500  1 18  1   4.7 1004 310  8.9 2  4.9  90    0    0 251 -339  2
4212500 3066500  1 18  2   5.1 1004 302  8.2 3  4.9  90    0    0 258 -339  2
4212500 3066500  1 18  3   5.1 1003 312  8.3 5  4.9  89    0    0 277 -338  2
4212500 3066500  1 18  4   5.3 1002 304  7.8 7  5.0  90    0    0 303 -336  2
4212500 3066500  1 18  5   5.0 1002 331  8.7 7  5.1  92    0    0 316 -332  2
4212500 3066500  1 18  6   4.7 1001 333  7.0 8  5.0  92    0    0 322 -328  2
4212500 3066500  1 18  7   4.6 1000 340  7.5 8  4.3  80    0    0 325 -326  2
4212500 3066500  1 18  8   4.7 1000 343  8.6 5  3.6  68    0    0 301 -324  2
4212500 3066500  1 18  9   3.9 1001 325  9.2 4  3.4  65    6   11 273 -322  2
4212500 3066500  1 18 10   4.0 1001 353 11.2 1  3.2  62   41   38 248 -321  2
4212500 3066500  1 18 11   4.1 1002 343 12.8 1  2.9  57  139   35 229 -322  2
4212500 3066500  1 18 12   4.6 1003 341 12.6 1  3.0  57  177   43 229 -324  2
4212500 3066500  1 18 13   4.7 1004 340 11.0 0  3.0  56  192   47 223 -325  2
4212500 3066500  1 18 14   4.7 1004 335 11.7 0  3.0  56  123   70 216 -325  2
4212500 3066500  1 18 15   4.5 1005 340 10.8 0  3.0  56   48   71 216 -324  2
4212500 3066500  1 18 16   4.2 1006 341 10.0 0  3.0  57    2   32 216 -321  2
4212500 3066500  1 18 17   3.7 1006 341  9.4 1  3.0  60    0    0 220 -319  2
4212500 3066500  1 18 18   3.6 1007 343 10.3 1  3.1  63    0    0 224 -318  2
4212500 3066500  1 18 19   3.6 1008 342 10.1 1  3.1  64    0    0 223 -316  2
4212500 3066500  1 18 20   3.4 1009 340 10.5 0  3.2  65    0    0 216 -315  2
4212500 3066500  1 18 21   3.4 1010 336  9.4 1  3.2  66    0    0 216 -315  2
4212500 3066500  1 18 22   3.4 1010 339  8.5 1  3.2  66    0    0 222 -314  2
4212500 3066500  1 18 23   3.2 1011 332  7.4 1  3.2  66    0    0 222 -314  2
4212500 3066500  1 18 24   3.0 1012 343  6.8 1  3.2  67    0    0 222 -313  2
4212500 3066500  1 19  1   2.8 1012 339  6.6 1  3.1  67    0    0 221 -312  2
4212500 3066500  1 19  2   2.6 1013 350  6.4 1  3.1  67    0    0 221 -311  2
4212500 3066500  1 19  3   2.3 1013 342  6.4 1  3.1  68    0    0 221 -309  2
4212500 3066500  1 19  4   2.2 1014 342  6.8 2  3.1  69    0    0 225 -309  2
4212500 3066500  1 19  5   2.1 1014 342  6.4 2  3.1  71    0    0 229 -309  2
4212500 3066500  1 19  6   1.8 1015 342  6.1 3  3.2  73    0    0 233 -308  2
4212500 3066500  1 19  7   1.6 1015 342  5.7 1  3.2  74    0    0 227 -307  2
4212500 3066500  1 19  8   1.2 1016 343  6.1 4  3.1  74    0    0 230 -306  2
4212500 3066500  1 19  9   1.0 1016 344  7.0 4  3.0  74    0    9 244 -305  2
4212500 3066500  1 19 10   1.3 1016 352  8.0 1  3.0  72   42   42 230 -306  2
4212500 3066500  1 19 11   1.7 1017 353  7.1 1  2.9  69  144   39 217 -308  2
4212500 3066500  1 19 12   1.9 1017 341  6.8 1  2.9  67  180   48 219 -310  2
4212500 3066500  1 19 13   2.0 1018 343  6.9 1  2.8  64  192   51 219 -313  2
4212500 3066500  1 19 14   2.0 1019 342  5.5 2  2.7  62  110   82 225 -315  2
4212500 3066500  1 19 15   2.2 1019 338  6.9 3  2.7  61   29   79 235 -315  2
4212500 3066500  1 19 16   2.1 1019 336  7.2 4  2.7  61    2   33 244 -313  2
4212500 3066500  1 19 17   2.1 1020 329  6.8 4  2.6  60    0    0 247 -311  2
4212500 3066500  1 19 18   2.1 1020 329  8.3 2  2.7  63    0    0 238 -311  2
4212500 3066500  1 19 19   1.7 1021 311  7.8 1  3.0  69    0    0 226 -311  2
4212500 3066500  1 19 20   1.4 1021 310  7.2 1  3.1  75    0    0 220 -310  2
4212500 3066500  1 19 21   1.2 1021 300  6.9 1  3.2  77    0    0 218 -309  2
4212500 3066500  1 19 22   1.1 1021 294  6.1 1  3.2  78    0    0 217 -309  2
4212500 3066500  1 19 23   0.9 1021 284  5.9 1  3.3  81    0    0 217 -309  2
4212500 3066500  1 19 24   0.5 1021 273  5.8 2  3.4  86    0    0 220 -310  2
4212500 3066500  1 20  1   0.3 1020 273  6.5 5  3.4  89    0    0 239 -311  2
4212500 3066500  1 20  2   0.5 1019 265  6.7 6  3.5  90    0    0 260 -313  2
4212500 3066500  1 20  3   0.6 1019 266  6.2 7  3.6  92    0    0 272 -316  2
4212500 3066500  1 20  4   0.9 1018 258  7.3 8  3.7  94    0    0 284 -318  2
4212500 3066500  1 20  5   1.2 1017 254  7.6 8  3.9  96    0    0 293 -321  2
4212500 3066500  1 20  6   2.4 1015 272  8.0 8  4.2  98    0    0 302 -324  2
4212500 3066500  1 20  7   3.3 1014 280  9.2 7  4.5  96    0    0 306 -327  2
4212500 3066500  1 20  8   3.6 1014 282 10.3 7  4.5  94    0    0 310 -329  2
4212500 3066500  1 20  9   3.8 1013 279 10.2 7  4.5  92    7    8 315 -331  2
4212500 3066500  1 20 10   4.0 1012 281 10.8 7  4.6  91    0   35 317 -334  2
4212500 3066500  1 20 11   4.2 1012 280 10.3 7  4.6  90    0   61 319 -336  2
4212500 3066500  1 20 12   4.3 1011 270  9.3 8  4.6  90    0   52 326 -337  2
4212500 3066500  1 20 13   4.4 1010 281  9.0 7  4.7  90    0   73 328 -338  2
4212500 3066500  1 20 14   4.7 1009 280  9.4 8  4.7  89    0   44 328 -338  2
4212500 3066500  1 20 15   4.9 1008 281  9.8 8  4.7  88    0   28 337 -338  2
4212500 3066500  1 20 16   5.2 1007 282 10.0 8  4.7  87    0   16 338 -337  2
4212500 3066500  1 20 17   4.9 1006 290 10.2 8  4.8  87    0    0 336 -336  2
4212500 3066500  1 20 18   4.8 1005 291  9.7 5  4.8  88    0    0 310 -334  2
4212500 3066500  1 20 19   4.9 1005 298  9.7 4  4.6  86    0    0 278 -333  2
4212500 3066500  1 20 20   4.6 1005 300  9.4 4  4.5  84    0    0 269 -333  2
4212500 3066500  1 20 21   4.6 1004 301  9.2 5  4.5  85    0    0 278 -332  2
4212500 3066500  1 20 22   4.3 1004 358  5.6 7  4.5  85    0    0 297 -332  2
4212500 3066500  1 20 23   4.2 1003 310  6.1 8  4.5  86    0    0 313 -328  2
4212500 3066500  1 20 24   4.1 1003 298  5.4 8  4.5  87    0    0 316 -323  2
4212500 3066500  1 21  1   1.7 1002 304  5.2 8  4.2  90    0    0 309 -322  2
4212500 3066500  1 21  2   0.4 1002 359  7.3 8  3.8  93    0    0 301 -321  2
4212500 3066500  1 21  3  -0.3 1003  25  5.9 8  3.7  96    0    0 297 -318  2
4212500 3066500  1 21  4  -0.5 1003 329  4.2 8  3.7  99    0    0 293 -315  2
4212500 3066500  1 21  5  -0.4 1003 336  5.8 8  3.6  97    0    0 290 -313  2
4212500 3066500  1 21  6  -0.7 1004 325  5.6 8  3.5  96    0    0 286 -310  2
4212500 3066500  1 21  7  -1.3 1004 348  4.8 7  3.4  96    0    0 274 -307  2
4212500 3066500  1 21  8  -1.5 1005 344  5.5 6  3.3  96    0    0 258 -302  2
4212500 3066500  1 21  9  -1.6 1006 351  6.9 6  2.9  86    0    9 249 -298  2
4212500 3066500  1 21 10  -1.8 1008 352  7.4 4  2.5  74   51   17 235 -296  2
4212500 3066500  1 21 11  -1.4 1009 343  8.0 4  2.3  67  104   21 222 -297  2
4212500 3066500  1 21 12  -0.8 1010   2  9.0 4  2.2  62  127   32 222 -299  2
4212500 3066500  1 21 13  -1.1 1011 354  9.7 3  2.1  60  134   35 214 -301  2
4212500 3066500  1 21 14  -1.2 1012 352  8.3 4  2.0  58   87   54 211 -302  2
4212500 3066500  1 21 15  -1.7 1013 346  8.2 4  2.0  57   61   42 213 -301  2
4212500 3066500  1 21 16  -2.4 1014 348  6.5 6  1.8  56    7   31 221 -299  2
4212500 3066500  1 21 17  -2.6 1014 354  5.7 2  1.7  54    0    0 209 -296  2
4212500 3066500  1 21 18  -2.6 1015   5  6.2 2  1.7  54    0    0 188 -293  2
4212500 3066500  1 21 19  -2.8 1016   9  4.4 1  1.7  55    0    0 182 -291  2
4212500 3066500  1 21 20  -3.4 1016 354  4.2 1  1.7  57    0    0 177 -289  2
4212500 3066500  1 21 21  -4.8 1016 323  3.2 3  1.7  60    0    0 186 -288  2
4212500 3066500  1 21 22  -5.2 1016 334  2.7 4  1.7  64    0    0 198 -288  2
4212500 3066500  1 21 23  -4.4 1016 340  2.6 4  1.7  64    0    0 204 -288  2
4212500 3066500  1 21 24  -4.7 1016   8  1.4 6  1.8  65    0    0 215 -287  2
4212500 3066500  1 22  1  -5.5 1016 237  2.5 7  1.7  67    0    0 227 -286  2
4212500 3066500  1 22  2  -6.2 1016 210  2.8 7  1.7  69    0    0 231 -285  2
4212500 3066500  1 22  3  -4.8 1015 201  2.9 7  1.8  72    0    0 234 -285  2
4212500 3066500  1 22  4  -4.3 1014 197  3.2 8  1.9  72    0    0 242 -286  2
4212500 3066500  1 22  5  -4.9 1012 199  3.4 8  2.0  74    0    0 252 -288  2
4212500 3066500  1 22  6  -4.7 1011 194  2.9 8  2.1  77    0    0 255 -289  2
4212500 3066500  1 22  7  -4.5 1010 187  3.1 7  2.1  77    0    0 252 -290  2
4212500 3066500  1 22  8  -4.2 1009 188  3.8 7  2.1  76    0    0 246 -291  2
4212500 3066500  1 22  9  -3.8 1008 167  3.3 7  2.2  77    0    6 247 -292  2
4212500 3066500  1 22 10  -3.5 1007 168  3.3 7  2.3  80    0   35 248 -294  2
4212500 3066500  1 22 11  -2.9 1007 162  2.7 7  2.4  81    3   70 250 -297  2
4212500 3066500  1 22 12  -1.8 1007 144  3.4 7  2.5  78   15  103 252 -301  2
4212500 3066500  1 22 13  -2.1 1006 105  2.8 5  2.5  76   48  115 236 -304  2
4212500 3066500  1 22 14  -1.7 1006 102  3.3 6  2.5  74    4   93 230 -305  2
4212500 3066500  1 22 15  -2.3 1006  97  3.0 7  2.4  74    0   58 245 -304  2
4212500 3066500  1 22 16  -2.5 1006  88  3.2 8  2.4  74    0   27 261 -303  2
4212500 3066500  1 22 17  -2.7 1006  84  3.6 6  2.2  71    0    0 251 -300  2
4212500 3066500  1 22 18  -3.5 1007  78  3.7 5  2.1  68    0    0 226 -297  2
4212500 3066500  1 22 19  -3.7 1007  84  3.6 4  1.9  64    0    0 207 -295  2
4212500 3066500  1 22 20  -4.3 1008  90  3.1 3  1.9  67    0    0 198 -294  2
4212500 3066500  1 22 21  -4.6 1008  96  2.6 2  1.9  69    0    0 187 -292  2
4212500 3066500  1 22 22  -5.0 1009 102  1.9 2  1.9  71    0    0 169 -291  2
4212500 3066500  1 22 23  -4.5 1009 109  2.2 3  2.1  75    0    0 162 -291  2
4212500 3066500  1 22 24  -3.7 1010 118  3.1 4  2.4  79    0    0 180 -291  2
4212500 3066500  1 23  1  -2.5 1009 126  4.5 6  2.7  83    0    0 261 -309  2
4212500 3066500  1 23  2  -1.4 1008 133  5.9 7  3.0  87    0    0 263 -309  2
4212500 3066500  1 23  3  -0.5 1007 137  6.8 8  3.3  89    0    0 269 -309  2
4212500 3066500  1 23  4  -0.4 1007 139  7.0 8  3.4  91    0    0 273 -309  2
4212500 3066500  1 23  5  -0.2 1006 138  6.8 8  3.4  90    0    0 278 -309  2
4212500 3066500  1 23  6   0.0 1005 138  7.5 8  3.5  92    0    0 283 -309  2
4212500 3066500  1 23  7   0.1 1005 139  6.5 8  3.5  92    0    0 288 -309  2
4212500 3066500  1 23  8   0.2 1004 152  7.5 8  3.6  92    0    0 291 -309  2
4212500 3066500  1 23  9   0.5 1005 149  7.0 8  3.6  92    0    0 295 -310  2
4212500 3066500  1 23 10   0.5 1005 153  6.6 8  3.6  91    1   46 297 -311  2
4212500 3066500  1 23 11   0.9 1005 149  6.2 7  3.6  90    0   63 289 -314  2
4212500 3066500  1 23 12   1.1 1005 161  7.6 7  3.7  89    0   86 283 -316  2
4212500 3066500  1 23 13   1.3 1004 156  6.2 6  3.7  89    0   92 281 -318  2
4212500 3066500  1 23 14   1.1 1004 157  5.7 6  3.8  91    0   61 277 -320  2
4212500 3066500  1 23 15   1.2 1004 159  6.5 7  3.9  93    0   43 285 -321  2
4212500 3066500  1 23 16   1.1 1004 160  5.9 8  3.9  94    0    6 300 -321  2
4212500 3066500  1 23 17   1.1 1004 164  6.0 8  4.0  95    0    0 309 -321  2
4212500 3066500  1 23 18   1.1 1004 158  5.7 8  4.0  96    0    0 310 -321  2
4212500 3066500  1 23 19   1.2 1004 160  4.9 8  4.1  98    0    0 312 -321  2
4212500 3066500  1 23 20   1.3 1004 158  5.4 8  4.1  98    0    0 314 -321  2
4212500 3066500  1 23 21   1.6 1004 156  5.3 8  4.2  99    0    0 315 -321  2
4212500 3066500  1 23 22   1.7 1004 149  4.0 6  4.3  99    0    0 294 -321  2
4212500 3066500  1 23 23   1.7 1003 149  3.7 6  4.3  99    0    0 270 -321  2
4212500 3066500  1 23 24   1.5 1003 158  5.4 6  4.2  98    0    0 268 -321  2
4212500 3066500  1 24  1   0.9 1003 155  6.1 6  4.0  96    0    0 266 -321  2
4212500 3066500  1 24  2   0.8 1002 144  6.0 7  3.9  95    0    0 278 -321  2
4212500 3066500  1 24  3   0.9 1001 147  6.2 6  3.9  95    0    0 278 -323  2
4212500 3066500  1 24  4   1.0 1000 148  7.0 4  3.9  95    0    0 243 -324  2
4212500 3066500  1 24  5   1.4  999 149  7.3 5  3.9  93    0    0 230 -325  2
4212500 3066500  1 24  6   1.6  998 157  6.1 8  3.9  92    0    0 281 -327  2
4212500 3066500  1 24  7   1.5  997 146  6.7 8  4.0  92    0    0 321 -328  2
4212500 3066500  1 24  8   1.9  997 160  6.7 8  4.0  92    0    0 322 -329  2
4212500 3066500  1 24  9   2.0  996 160  8.9 8  4.1  93    0    4 323 -330  2
4212500 3066500  1 24 10   2.3  995 171  7.3 8  4.2  93    0   22 323 -333  2
4212500 3066500  1 24 11   2.3  994 161  7.5 7  4.3  95    0   41 314 -338  2
4212500 3066500  1 24 12   2.6  994 171  6.9 7  4.4  96    0   52 307 -343  2
4212500 3066500  1 24 13   2.6  994 169  7.0 8  4.5  96    0   40 316 -345  2
4212500 3066500  1 24 14   3.1  994 172  6.8 8  4.6  96    0   52 325 -347  2
4212500 3066500  1 24 15   3.1  994 175  4.6 7  4.7  96    0   33 319 -348  2
4212500 3066500  1 24 16   3.3  994 173  4.4 8  4.6  95    0   12 319 -347  2
4212500 3066500  1 24 17   3.1  995 180  4.1 8  4.6  95    0    0 324 -345  2
4212500 3066500  1 24 18   3.5  996 166  4.4 7  4.7  96    0    0 319 -342  2
4212500 3066500  1 24 19   4.2  996 187  4.4 7  4.8  94    0    0 313 -340  2
4212500 3066500  1 24 20   4.4  997 177  4.7 7  4.9  94    0    0 314 -339  2
4212500 3066500  1 24 21   4.2  998 184  2.9 7  4.9  94    0    0 312 -338  2
4212500 3066500  1 24 22   3.9  998 189  4.0 7  4.9  95    0    0 310 -339  2
4212500 3066500  1 24 23   3.9  999 200  3.2 7  4.9  96    0    0 308 -339  2
4212500 3066500  1 24 24   3.2  999 219  4.1 7  4.8  97    0    0 306 -337  2
4212500 3066500  1 25  1   3.5 1000 232  3.2 6  4.7  97    0    0 299 -333  2
4212500 3066500  1 25  2   3.1 1001 208  3.3 4  4.7  96    0    0 281 -329  2
4212500 3066500  1 25  3   2.5 1002 212  3.0 5  4.6  98    0    0 273 -325  2
4212500 3066500  1 25  4   1.9 1002 225  3.7 2  4.4  98    0    0 259 -322  2
4212500 3066500  1 25  5   1.6 1003 220  3.7 7  4.3  98    0    0 265 -321  2
4212500 3066500  1 25  6   1.0 1003 205  2.8 7  4.2  99    0    0 289 -321  2
4212500 3066500  1 25  7   1.2 1003 197  3.9 8  4.1  98    0    0 293 -320  2
4212500 3066500  1 25  8   0.9 1003 206  1.9 8  4.0  96    0    0 300 -320  2
4212500 3066500  1 25  9   0.8 1004 207  2.7 8  3.9  96    0   11 300 -320  2
4212500 3066500  1 25 10   0.5 1004 174  3.0 6  3.9  97   10   68 289 -321  2
4212500 3066500  1 25 11   0.4 1004 199  2.4 7  3.9  99    7  102 282 -323  2
4212500 3066500  1 25 12   0.7 1005 192  3.2 7  4.0  99    4  112 289 -328  2
4212500 3066500  1 25 13   1.2 1005 184  2.9 6  4.0  98    1  101 283 -333  2
4212500 3066500  1 25 14   1.9 1005 174  3.0 7  4.2  98    0   77 284 -336  2
4212500 3066500  1 25 15   2.2 1004 171  5.4 8  4.4  99    0   61 295 -339  2
4212500 3066500  1 25 16   2.6 1004 150  3.9 8  4.5  98    0   37 301 -340  2
4212500 3066500  1 25 17   2.3 1003 158  5.2 8  4.5  98    0    0 304 -339  2
4212500 3066500  1 25 18   2.3 1003 172  4.5 8  4.4  98    0    0 304 -337  2
4212500 3066500  1 25 19   2.4 1004 174  3.5 7  4.4  97    0    0 297 -335  2
4212500 3066500  1 25 20   2.2 1003 158  4.8 7  4.4  98    0    0 289 -332  2
4212500 3066500  1 25 21   3.2 1003 167  4.7 7  4.6  98    0    0 293 -331  2
4212500 3066500  1 25 22   3.3 1003 158  5.8 6  4.7  96    0    0 286 -332  2
4212500 3066500  1 25 23   2.8 1002 151  2.8 7  4.6  96    0    0 285 -332  2
4212500 3066500  1 25 24   2.1 1002 151  3.9 6  4.4  97    0    0 285 -333  2
4212500 3066500  1 26  1   1.3 1002 162  3.5 7  4.2  97    0    0 283 -334  2
4212500 3066500  1 26  2   1.0 1001 154  3.4 7  4.1  98    0    0 292 -335  2
4212500 3066500  1 26  3   1.1 1001 168  4.5 7  4.0  97    0    0 294 -336  2
4212500 3066500  1 26  4   1.0 1001 175  3.9 7  4.0  97    0    0 296 -335  2
4212500 3066500  1 26  5   1.2 1001 195  3.0 8  4.0  97    0    0 304 -335  2
4212500 3066500  1 26  6   1.3 1001 175  4.0 7  4.1  97    0    0 306 -334  2
4212500 3066500  1 26  7   1.5 1001 216  3.5 8  4.1  97    0    0 306 -335  2
4212500 3066500  1 26  8   1.8 1001 216  2.7 8  4.2  97    0    0 312 -336  2
4212500 3066500  1 26  9   2.0 1001 229  3.6 8  4.3  97    0    5 312 -336  2
4212500 3066500  1 26 10   2.4 1002 243  4.2 6  4.4  97    1   52 299 -337  2
4212500 3066500  1 26 11   3.3 1002 248  3.6 5  4.6  97    4   94 282 -337  2
4212500 3066500  1 26 12   3.9 1002 240  4.3 8  4.8  96    0   66 297 -340  2
4212500 3066500  1 26 13   3.8 1002 245  4.4 8  4.8  96    0   52 314 -343  2
4212500 3066500  1 26 14   4.3 1002 226  3.6 6  4.9  96    2   97 302 -345  2
4212500 3066500  1 26 15   5.1 1001 173  2.4 4  5.0  94   26  120 285 -345  2
4212500 3066500  1 26 16   3.9 1001 169  3.2 8  4.9  93    0   26 295 -343  2
4212500 3066500  1 26 17   2.5 1001 166  2.7 4  4.6  95    0    0 289 -341  2
4212500 3066500  1 26 18   2.7 1000 166  3.3 5  4.5  96    0    0 273 -337  2
4212500 3066500  1 26 19   2.8 1000 158  3.8 8  4.5  96    0    0 290 -335  2
4212500 3066500  1 26 20   2.5 1000 160  4.1 8  4.5  97    0    0 302 -334  2
4212500 3066500  1 26 21   2.3 1000 164  5.2 8  4.5  98    0    0 301 -333  2
4212500 3066500  1 26 22   2.7  999 175  4.3 8  4.5  97    0    0 301 -329  2
4212500 3066500  1 26 23   2.7  999 177  3.9 8  4.5  96    0    0 302 -327  2
4212500 3066500  1 26 24   2.1  999 193  3.6 7  4.4  97    0    0 297 -328  2
4212500 3066500  1 27  1   1.9  999 182  3.7 5  4.3  96    0    0 280 -328  2
4212500 3066500  1 27  2   1.6  999 181  3.5 5  4.2  95    0    0 268 -328  2
4212500 3066500  1 27  3   1.5  999 179  3.2 7  4.1  96    0    0 275 -328  2
4212500 3066500  1 27  4   1.2  998 174  3.4 8  4.1  96    0    0 286 -327  2
4212500 3066500  1 27  5   0.6  998 180  3.2 7  4.0  98    0    0 283 -326  2
4212500 3066500  1 27  6   0.6  997 177  2.7 3  3.9  98    0    0 259 -325  2
4212500 3066500  1 27  7   0.1  997 176  3.0 1  3.8  97    0    0 230 -323  2
4212500 3066500  1 27  8   0.6  997 180  2.8 1  3.8  96    0    0 218 -320  2
4212500 3066500  1 27  9   0.6  996 163  3.5 1  3.8  94    3   16 215 -320  2
4212500 3066500  1 27 10   1.1  996 150  4.0 2  3.9  94   48   72 218 -319  2
4212500 3066500  1 27 11   2.7  996 148  3.1 3  4.1  93   95  113 229 -319  2
4212500 3066500  1 27 12   2.9  996 149  4.0 4  4.3  91  129  138 240 -322  2
4212500 3066500  1 27 13   3.5  996 141  3.3 5  4.3  88  132  148 250 -328  2
4212500 3066500  1 27 14   3.3  995 130  4.2 5  4.2  86   99  140 255 -333  2
4212500 3066500  1 27 15   2.1  995 116  3.5 3  4.2  89   50  110 244 -333  2
4212500 3066500  1 27 16   0.7  995 113  3.0 7  4.0  94    2   44 254 -332  2
4212500 3066500  1 27 17   0.5  994 105  3.3 8  3.9  96    0    0 280 -330  2
4212500 3066500  1 27 18   0.8  994 107  5.1 8  3.9  97    0    0 289 -329  2
4212500 3066500  1 27 19   0.6  994 108  3.2 8  4.0  98    0    0 293 -329  2
4212500 3066500  1 27 20   1.1  994 108  4.6 6  4.0  97    0    0 287 -327  2
4212500 3066500  1 27 21   1.2  994 105  4.3 8  4.1  97    0    0 291 -326  2
4212500 3066500  1 27 22   1.4  993 105  4.2 8  4.1  97    0    0 304 -326  2
4212500 3066500  1 27 23   1.6  993 116  4.0 8  4.2  98    0    0 306 -326  2
4212500 3066500  1 27 24   1.5  993 111  4.6 8  4.2  98    0    0 307 -326  2
4212500 3066500  1 28  1   1.5  992 105  4.3 8  4.2  98    0    0 308 -327  2
4212500 3066500  1 28  2   1.5  992 113  3.9 7  4.2  98    0    0 303 -327  2
4212500 3066500  1 28  3   1.5  992 106  4.0 8  4.2  98    0    0 305 -327  2
4212500 3066500  1 28  4   1.6  991 117  3.1 7  4.2  98    0    0 307 -327  2
4212500 3066500  1 28  5   1.6  991 112  3.3 7  4.2  98    0    0 307 -328  2
4212500 3066500  1 28  6   1.6  991 104  3.0 7  4.2  97    0    0 309 -328  2
4212500 3066500  1 28  7   1.6  991  94  2.2 8  4.2  96    0    0 314 -328  2
4212500 3066500  1 28  8   1.6  991  92  2.0 7  4.2  96    0    0 314 -328  2
4212500 3066500  1 28  9   1.5  992 105  1.8 7  4.2  97    0    4 309 -328  2
4212500 3066500  1 28 10   1.4  992 111  2.4 8  4.2  97    0   26 311 -329  2
4212500 3066500  1 28 11   1.5  993  95  2.2 8  4.2  97    0   40 315 -332  2
4212500 3066500  1 28 12   1.6  993 128  1.3 5  4.2  97    0   67 302 -335  2
4212500 3066500  1 28 13   1.6  994  14  0.6 7  4.2  97    0   34 296 -336  2
4212500 3066500  1 28 14   1.7  994  34  0.0 7  4.2  97    0   26 304 -336  2
4212500 3066500  1 28 15   1.7  995   2  0.7 8  4.3  98    0   17 308 -335  2
4212500 3066500  1 28 16   1.8  995 344  1.5 8  4.3  98    0    7 313 -333  2
4212500 3066500  1 28 17   1.9  996 316  1.0 7  4.2  96    0    0 306 -331  2
4212500 3066500  1 28 18   1.8  996 325  2.2 7  4.2  96    0    0 299 -329  2
4212500 3066500  1 28 19   1.9  997 293  2.4 8  4.3  97    0    0 304 -329  2
4212500 3066500  1 28 20   1.8  997 338  3.2 8  4.3  97    0    0 309 -330  2
4212500 3066500  1 28 21   1.8  998 312  3.6 8  4.2  96    0    0 309 -330  2
4212500 3066500  1 28 22   2.0  999 353  2.8 8  4.3  97    0    0 309 -330  2
4212500 3066500  1 28 23   2.0  999   7  3.1 8  4.3  97    0    0 308 -330  2
4212500 3066500  1 28 24   1.8 1000 340  2.4 8  4.3  96    0    0 307 -329  2
4212500 3066500  1 29  1   2.2 1001   8  4.0 8  4.3  97    0    0 305 -327  2
4212500 3066500  1 29  2   2.1 1002 334  3.7 8  4.3  97    0    0 305 -325  2
4212500 3066500  1 29  3   2.3 1002 332  3.6 8  4.3  96    0    0 304 -324  2
4212500 3066500  1 29  4   2.6 1003 340  3.9 8  4.4  96    0    0 305 -323  2
4212500 3066500  1 29  5   2.8 1003 334  4.3 8  4.5  97    0    0 306 -323  2
4212500 3066500  1 29  6   3.0 1004 349  4.6 8  4.6  97    0    0 306 -323  2
4212500 3066500  1 29  7   3.1 1005 339  3.9 7  4.6  96    0    0 300 -325  2
4212500 3066500  1 29  8   3.0 1006 321  3.8 8  4.5  95    0    0 301 -326  2
4212500 3066500  1 29  9   3.0 1007 338  3.6 8  4.5  96    0    8 306 -327  2
4212500 3066500  1 29 10   3.2 1008 338  3.5 8  4.6  96    0   43 305 -328  2
4212500 3066500  1 29 11   3.1 1009 345  3.3 8  4.6  96    0   62 305 -332  2
4212500 3066500  1 29 12   3.3 1009 349  3.5 7  4.5  94    0   79 299 -336  2
4212500 3066500  1 29 13   3.5 1010 338  3.3 7  4.5  94    0   78 294 -340  2
4212500 3066500  1 29 14   3.8 1010 356  4.4 7  4.5  90    0   65 293 -341  2
4212500 3066500  1 29 15   3.7 1011 326  3.6 8  4.4  88    0   34 297 -341  2
4212500 3066500  1 29 16   3.4 1012 335  3.2 8  4.3  88    0    9 298 -339  2
4212500 3066500  1 29 17   3.1 1012 324  2.9 8  4.2  88    0    0 292 -335  2
4212500 3066500  1 29 18   2.8 1013 295  2.4 8  4.2  89    0    0 287 -329  2
4212500 3066500  1 29 19   2.5 1014 273  2.9 8  4.2  92    0    0 284 -323  2
4212500 3066500  1 29 20   2.3 1014 274  2.5 8  4.2  92    0    0 282 -321  2
4212500 3066500  1 29 21   2.1 1015 277  2.7 8  4.1  93    0    0 281 -321  2
4212500 3066500  1 29 22   2.2 1015 263  1.3 8  4.1  92    0    0 282 -320  2
4212500 3066500  1 29 23   2.0 1015 271  2.4 8  4.0  91    0    0 283 -319  2
4212500 3066500  1 29 24   1.9 1016 269  2.5 8  3.9  90    0    0 282 -317  2
4212500 3066500  1 30  1   1.6 1016 258  2.7 6  3.9  92    0    0 274 -316  2
4212500 3066500  1 30  2   1.4 1017 258  2.7 6  3.9  93    0    0 266 -315  2
4212500 3066500  1 30  3   1.2 1017 242  2.9 6  3.9  94    0    0 266 -315  2
4212500 3066500  1 30  4   1.1 1017 263  2.9 6  3.9  95    0    0 266 -315  2
4212500 3066500  1 30  5   1.2 1017 278  3.8 8  3.9  95    0    0 275 -315  2
4212500 3066500  1 30  6   1.2 1017 273  3.3 8  3.9  96    0    0 285 -315  2
4212500 3066500  1 30  7   1.3 1017 280  2.7 7  4.0  96    0    0 283 -314  2
4212500 3066500  1 30  8   1.3 1017 270  4.2 8  4.0  96    0    0 283 -313  2
4212500 3066500  1 30  9   1.3 1018 256  3.4 8  4.0  96    0    5 287 -312  2
4212500 3066500  1 30 10   1.6 1018 272  3.3 8  4.0  96    0   20 287 -313  2
4212500 3066500  1 30 11   1.9 1018 271  3.5 8  4.1  96    0   21 287 -316  2
4212500 3066500  1 30 12   2.3 1019 282  3.1 8  4.2  96    0   33 287 -319  2
4212500 3066500  1 30 13   2.6 1019 287  3.3 7  4.3  96    0   75 284 -321  2
4212500 3066500  1 30 14   2.7 1019 302  3.6 7  4.4  96    0   56 278 -323  2
4212500 3066500  1 30 15   2.8 1019 304  3.1 7  4.4  95    0   28 278 -324  2
4212500 3066500  1 30 16   2.7 1019 304  1.9 7  4.3  94    0   13 275 -322  2
4212500 3066500  1 30 17   2.6 1019 296  2.5 8  4.3  93    0    0 277 -321  2
4212500 3066500  1 30 18   2.3 1020 289  2.0 7  4.2  93    0    0 274 -318  2
4212500 3066500  1 30 19   2.1 1020 298  2.4 8  4.1  94    0    0 272 -315  2
4212500 3066500  1 30 20   2.0 1020 290  2.7 7  4.1  93    0    0 271 -314  2
4212500 3066500  1 30 21   2.0 1020 290  2.0 7  4.0  91    0    0 267 -314  2
4212500 3066500  1 30 22   1.8 1020 321  2.3 8  3.9  90    0    0 272 -314  2
4212500 3066500  1 30 23   1.7 1020 301  2.9 8  3.9  91    0    0 276 -313  2
4212500 3066500  1 30 24   1.6 1020 313  3.0 8  3.9  91    0    0 276 -313  2
4212500 3066500  1 31  1   1.7 1020 341  2.5 8  3.9  91    0    0 276 -313  2
4212500 3066500  1 31  2   1.6 1021 303  2.8 8  3.9  91    0    0 276 -313  2
4212500 3066500  1 31  3   1.3 1020 304  2.1 8  3.9  93    0    0 277 -314  2
4212500 3066500  1 31  4   1.1 1020 301  1.8 8  3.9  95    0    0 276 -315  2
4212500 3066500  1 31  5   1.1 1020 306  2.1 8  3.9  94    0    0 276 -317  2
4212500 3066500  1 31  6   0.9 1020 295  2.7 8  3.9  95    0    0 277 -318  2
4212500 3066500  1 31  7   1.1 1020 311  2.0 8  3.9  95    0    0 278 -318  2
4212500 3066500  1 31  8   1.0 1020 324  2.6 7  3.9  95    0    0 275 -317  2
4212500 3066500  1 31  9   0.6 1020 340  1.0 7  3.8  94    1   14 272 -316  2
4212500 3066500  1 31 10   0.6 1021 327  1.6 6  3.7  95    8   63 270 -316  2
4212500 3066500  1 31 11   1.1 1021 317  1.4 4  3.8  95   37  111 259 -317  2
4212500 3066500  1 31 12   2.8 1021   8  2.1 1  3.9  90  142  127 240 -319  2
4212500 3066500  1 31 13   3.0 1021   6  2.4 2  3.9  85  114  145 235 -320  2
4212500 3066500  1 31 14   2.6 1021  31  2.7 3  3.8  84   64  138 244 -320  2
4212500 3066500  1 31 15   2.9 1021  45  2.7 4  3.8  83   33  104 254 -321  2
4212500 3066500  1 31 16   2.5 1021 353  2.5 6  3.8  83    0   41 268 -321  2
4212500 3066500  1 31 17   1.8 1021 353  1.9 7  3.8  87    0    0 279 -318  2
4212500 3066500  1 31 18   1.5 1022 332  2.4 7  3.8  90    0    0 280 -314  2
4212500 3066500  1 31 19   1.4 1022 339  2.1 8  3.8  92    0    0 281 -311  2
4212500 3066500  1 31 20   1.1 1022 331  0.7 7  3.9  94    0    0 278 -309  2
4212500 3066500  1 31 21   1.1 1022 333  1.7 7  3.8  94    0    0 273 -307  2
4212500 3066500  1 31 22   0.5 1022 302  3.0 6  3.8  96    0    0 269 -305  2
4212500 3066500  1 31 23   0.2 1022 287  2.7 7  3.8  99    0    0 269 -304  2
4212500 3066500  1 31 24   0.4 1022 285  1.5 8  3.7  98    0    0 279 -302  2
4212500 3066500  2  1  1   1.8 1022 243  2.3 8  3.9  91    0    0 287 -301  2
4212500 3066500  2  1  2   0.8 1022 247  2.4 8  3.9  93    0    0 286 -300  2
4212500 3066500  2  1  3   0.7 1021 268  2.7 6  3.8  96    0    0 277 -299  2
4212500 3066500  2  1  4   0.8 1021 226  2.3 7  3.8  95    0    0 272 -299  2
4212500 3066500  2  1  5   0.6 1021 275  3.8 6  3.8  96    0    0 271 -300  2
4212500 3066500  2  1  6   1.0 1020 306  2.2 7  3.9  98    0    0 270 -303  2
4212500 3066500  2  1  7   1.0 1020 270  3.0 7  3.9  97    0    0 275 -307  2
4212500 3066500  2  1  8   0.8 1020 248  2.6 7  3.9  98    0    0 275 -308  2
4212500 3066500  2  1  9   0.9 1019 247  3.5 6  3.9  98    0   19 269 -308  2
4212500 3066500  2  1 10   0.8 1019 259  4.4 8  3.9  98    0   45 276 -307  2
4212500 3066500  2  1 11   1.4 1019 311  4.1 7  3.9  96    3  104 284 -308  2
4212500 3066500  2  1 12   1.3 1019 278  4.2 7  3.9  94    0   85 281 -309  2
4212500 3066500  2  1 13   1.4 1019 307  5.7 7  3.8  92    0   47 281 -309  2
4212500 3066500  2  1 14   1.0 1018 299  5.2 8  3.7  90    0   32 286 -309  2
4212500 3066500  2  1 15   0.9 1018 292  5.1 8  3.7  91    0   22 289 -309  2
4212500 3066500  2  1 16   0.9 1017   7  5.2 8  3.6  89    0   11 286 -308  2
4212500 3066500  2  1 17   0.6 1017 314  3.6 7  3.5  88    0    2 278 -306  2
4212500 3066500  2  1 18   0.4 1017  25  4.5 8  3.6  91    0    0 272 -304  2
4212500 3066500  2  1 19   0.2 1018  27  5.3 7  3.6  93    0    0 269 -303  2
4212500 3066500  2  1 20   0.2 1018  35  6.5 7  3.5  92    0    0 260 -302  2
4212500 3066500  2  1 21   0.1 1018  40  7.4 7  3.5  92    0    0 254 -301  2
4212500 3066500  2  1 22  -0.0 1018  42  8.0 7  3.4  91    0    0 257 -300  2
4212500 3066500  2  1 23  -0.5 1018  85  7.2 6  3.3  89    0    0 265 -299  2
4212500 3066500  2  1 24  -1.1 1018 142  5.9 4  3.1  89    0    0 256 -299  2
4212500 3066500  2  2  1  -1.9 1030 212  4.1 2  2.9  89    0    0 204 -297  2
4212500 3066500  2  2  2  -2.7 1029 262  2.6 1  2.8  89    0    0 201 -296  2
4212500 3066500  2  2  3  -3.3 1029 292  1.5 0  2.6  89    0    0 199 -295  2
4212500 3066500  2  2  4  -3.7 1029 279  1.5 0  2.6  90    0    0 198 -294  2
4212500 3066500  2  2  5  -3.7 1029 262  1.5 0  2.6  90    0    0 196 -293  2
4212500 3066500  2  2  6  -4.3 1029 247  1.2 0  2.5  91    0    0 195 -292  2
4212500 3066500  2  2  7  -4.1 1028 200  1.3 0  2.5  92    0    0 195 -291  2
4212500 3066500  2  2  8  -4.9 1028 206  1.8 1  2.5  92    0    0 197 -290  2
4212500 3066500  2  2  9  -4.1 1028 199  1.8 1  2.5  92   13   23 200 -289  2
4212500 3066500  2  2 10  -2.4 1028 201  2.9 0  2.7  92   88   41 200 -291  2
4212500 3066500  2  2 11  -1.1 1028 195  3.0 1  3.0  91  158   54 204 -296  2
4212500 3066500  2  2 12   0.2 1027 193  3.5 1  3.1  84  229   46 210 -302  2
4212500 3066500  2  2 13   0.6 1027 163  3.8 1  3.0  78  254   52 211 -307  2
4212500 3066500  2  2 14   1.5 1026 177  4.5 1  3.0  74  229   46 212 -310  2
4212500 3066500  2  2 15   1.5 1026 179  4.4 2  2.9  70  131   71 216 -311  2
4212500 3066500  2  2 16   1.3 1025 174  4.2 3  2.8  67   36   63 222 -309  2
4212500 3066500  2  2 17  -0.1 1025 174  3.8 4  2.7  69    0   17 226 -305  2
4212500 3066500  2  2 18  -0.5 1024 165  3.9 3  2.7  73    0    0 224 -301  2
4212500 3066500  2  2 19  -1.4 1024 165  4.2 2  2.7  77    0    0 217 -298  2
4212500 3066500  2  2 20  -1.8 1024 176  4.1 0  2.7  81    0    0 205 -297  2
4212500 3066500  2  2 21  -1.9 1023 177  4.4 0  2.7  82    0    0 197 -295  2
4212500 3066500  2  2 22  -2.3 1023 187  3.8 0  2.6  82    0    0 197 -295  2
4212500 3066500  2  2 23  -2.8 1023 196  3.6 0  2.5  82    0    0 195 -294  2
4212500 3066500  2  2 24  -2.7 1023 194  3.3 1  2.5  81    0    0 199 -293  2
4212500 3066500  2  3  1  -3.2 1022 201  3.3 3  2.5  81    0    0 210 -292  2
4212500 3066500  2  3  2  -3.4 1022 204  3.1 5  2.4  82    0    0 223 -292  2
4212500 3066500  2  3  3  -3.7 1021 205  3.1 3  2.4  83    0    0 222 -291  2
4212500 3066500  2  3  4  -3.9 1021 203  3.1 4  2.4  84    0    0 220 -291  2
4212500 3066500  2  3  5  -3.4 1021 210  3.0 6  2.4  84    0    0 229 -290  2
4212500 3066500  2  3  6  -3.3 1020 211  2.8 7  2.5  84    0    0 238 -290  2
4212500 3066500  2  3  7  -2.8 1020 213  2.6 8  2.5  84    0    0 243 -289  2
4212500 3066500  2  3  8  -2.4 1020 214  3.1 8  2.6  85    0    0 247 -289  2
4212500 3066500  2  3  9  -2.2 1021 217  3.4 8  2.7  85    3   22 250 -290  2
4212500 3066500  2  3 10  -1.7 1021 232  4.1 8  2.8  85    1   54 253 -293  2
4212500 3066500  2  3 11  -1.2 1021 237  3.7 8  2.9  86    0   62 255 -298  2
4212500 3066500  2  3 12  -0.8 1021 237  3.9 8  3.0  87    0   38 258 -305  2
4212500 3066500  2  3 13  -0.5 1021 248  4.4 5  3.2  89    0   42 251 -310  2
4212500 3066500  2  3 14   0.0 1021 260  4.7 6  3.4  93    0   57 248 -314  2
4212500 3066500  2  3 15   0.2 1021 267  3.6 6  3.5  94    0   41 253 -316  2
4212500 3066500  2  3 16   0.3 1021 277  4.0 8  3.6  93    0   16 262 -315  2
4212500 3066500  2  3 17  -0.1 1021 274  4.5 8  3.5  94    0    2 270 -313  2
4212500 3066500  2  3 18  -0.2 1021 276  4.5 8  3.5  94    0    0 271 -310  2
4212500 3066500  2  3 19  -0.4 1021 263  5.1 6  3.4  93    0    0 263 -309  2
4212500 3066500  2  3 20  -0.8 1021 267  5.2 8  3.3  93    0    0 263 -309  2
4212500 3066500  2  3 21  -0.9 1021 250  5.2 8  3.3  93    0    0 273 -310  2
4212500 3066500  2  3 22  -0.9 1021 249  4.7 7  3.3  93    0    0 268 -311  2
4212500 3066500  2  3 23  -0.6 1020 240  4.9 7  3.3  93    0    0 262 -311  2
4212500 3066500  2  3 24  -0.2 1020 238  4.6 7  3.4  93    0    0 265 -311  2
4212500 3066500  2  4  1   0.1 1020 226  5.1 7  3.5  94    0    0 266 -311  2
4212500 3066500  2  4  2   0.1 1019 209  4.7 8  3.5  93    0    0 273 -311  2
4212500 3066500  2  4  3   0.4 1018 219  5.1 8  3.5  92    0    0 283 -312  2
4212500 3066500  2  4  4   0.4 1018 211  5.4 8  3.5  90    0    0 286 -312  2
4212500 3066500  2  4  5   0.3 1017 216  5.8 7  3.3  86    0    0 284 -312  2
4212500 3066500  2  4  6   0.2 1016 209  6.7 7  3.2  83    0    0 281 -313  2
4212500 3066500  2  4  7   0.2 1015 214  6.8 8  3.2  83    0    0 291 -313  2
4212500 3066500  2  4  8   0.2 1014 215  7.0 8  3.2  83    0    0 299 -314  2
4212500 3066500  2  4  9   0.3 1014 219  6.2 8  3.2  83    0    8 302 -315  2
4212500 3066500  2  4 10   0.6 1013 210  5.6 8  3.3  84    0   40 305 -317  2
4212500 3066500  2  4 11   1.1 1012 210  7.2 7  3.4  86   11   88 303 -319  2
4212500 3066500  2  4 12   2.0 1011 210  7.5 7  3.5  83    5  108 300 -320  2
4212500 3066500  2  4 13   2.4 1010 219  9.1 8  3.5  78    0   89 307 -321  2
4212500 3066500  2  4 14   2.3 1009 229  9.3 7  3.5  77    0   71 310 -322  2
4212500 3066500  2  4 15   2.1 1009 218  8.7 8  3.6  80    0   58 312 -323  2
4212500 3066500  2  4 16   2.2 1007 220  7.2 8  3.6  82    0   14 317 -324  2
4212500 3066500  2  4 17   2.2 1006 211  7.1 8  3.7  82    0    4 319 -324  2
4212500 3066500  2  4 18   2.3 1005 213  6.7 8  3.7  82    0    0 320 -324  2
4212500 3066500  2  4 19   2.5 1004 211  8.1 8  3.7  82    0    0 321 -323  2
4212500 3066500  2  4 20   2.2 1004 209  7.8 8  3.9  85    0    0 321 -323  2
4212500 3066500  2  4 21   2.4 1003 219  8.2 8  4.0  88    0    0 321 -322  2
4212500 3066500  2  4 22   2.5 1002 219  8.6 8  4.1  89    0    0 322 -322  2
4212500 3066500  2  4 23   2.8 1001 219  8.5 8  4.2  90    0    0 323 -322  2
4212500 3066500  2  4 24   3.1 1000 220  8.4 8  4.3  90    0    0 323 -323  2
4212500 3066500  2  5  1   3.6  999 230  9.1 8  4.4  91    0    0 323 -323  2
4212500 3066500  2  5  2   4.2  999 234  9.3 8  4.6  90    0    0 324 -323  2
4212500 3066500  2  5  3   4.4  998 228  9.4 8  4.7  90    0    0 323 -323  2
4212500 3066500  2  5  4   4.8  997 270 14.3 8  4.7  89    0    0 324 -323  2
4212500 3066500  2  5  5   1.7  997 313 11.2 8  4.2  87    0    0 318 -322  2
4212500 3066500  2  5  6   1.5  999 301 10.0 6  3.7  86    0    0 290 -322  2
4212500 3066500  2  5  7   1.2 1001 284  8.8 2  3.7  86    0    0 226 -321  2
4212500 3066500  2  5  8   1.2 1002 277  8.5 2  3.6  87    0    0 187 -320  2
4212500 3066500  2  5  9   1.1 1003 282  6.9 2  3.6  87   18   25 196 -320  2
4212500 3066500  2  5 10   1.5 1005 281  6.7 3  3.6  85   82   51 218 -320  2
4212500 3066500  2  5 11   2.2 1005 281  6.2 4  3.6  82  124   82 242 -320  2
4212500 3066500  2  5 12   2.7 1006 306  6.8 4  3.6  78  140  110 252 -323  2
4212500 3066500  2  5 13   2.7 1007 305  6.4 4  3.5  76  182  102 252 -327  2
4212500 3066500  2  5 14   3.0 1007 285  5.5 4  3.5  74  156  103 250 -327  2
4212500 3066500  2  5 15   2.9 1008 269  6.1 2  3.4  73  131   78 239 -325  2
4212500 3066500  2  5 16   3.1 1009 271  6.1 2  3.5  74   45   64 229 -322  2
4212500 3066500  2  5 17   2.3 1009 280  6.9 1  3.5  77    0   19 224 -320  2
4212500 3066500  2  5 18   1.4 1010 277  6.4 0  3.6  82    0    0 213 -320  2
4212500 3066500  2  5 19   1.2 1011 278  8.0 0  3.6  85    0    0 205 -318  2
4212500 3066500  2  5 20   1.8 1012 278  8.4 0  3.6  86    0    0 206 -316  2
4212500 3066500  2  5 21   1.7 1013 279  7.9 1  3.7  86    0    0 212 -315  2
4212500 3066500  2  5 22   1.5 1014 269  7.7 2  3.7  88    0    0 220 -316  2
4212500 3066500  2  5 23   1.1 1015 266  8.3 2  3.7  89    0    0 222 -315  2
4212500 3066500  2  5 24   1.1 1016 268  8.9 0  3.7  90    0    0 213 -315  2
4212500 3066500  2  6  1   1.3 1017 261  8.7 3  3.8  92    0    0 219 -315  2
4212500 3066500  2  6  2   1.2 1018 267  8.6 5  3.8  92    0    0 238 -315  2
4212500 3066500  2  6  3   0.8 1018 267  8.8 8  3.8  93    0    0 255 -316  2
4212500 3066500  2  6  4   1.2 1019 268  8.9 8  3.8  93    0    0 267 -317  2
4212500 3066500  2  6  5   1.6 1019 258  7.9 6  3.9  93    0    0 261 -316  2
4212500 3066500  2  6  6   2.0 1019 260  8.9 6  3.8  89    0    0 252 -315  2
4212500 3066500  2  6  7   2.0 1020 266  8.7 7  3.8  87    0    0 254 -316  2
4212500 3066500  2  6  8   1.8 1021 262  9.4 8  3.8  89    0    0 262 -319  2
4212500 3066500  2  6  9   2.1 1021 263  7.4 7  3.9  89    1   22 268 -320  2
4212500 3066500  2  6 10   2.7 1021 268  7.9 7  3.9  87    1   56 272 -321  2
4212500 3066500  2  6 11   2.6 1022 268  9.3 8  3.9  85    0   66 280 -324  2
4212500 3066500  2  6 12   2.7 1023 267  8.4 8  3.9  87    0   93 287 -327  2
4212500 3066500  2  6 13   3.2 1023 267  8.1 8  4.0  86    7  130 291 -330  2
4212500 3066500  2  6 14   3.0 1024 266  5.8 5  4.0  86   95  146 280 -330  2
4212500 3066500  2  6 15   3.3 1024 252  5.3 4  4.1  86   60  119 265 -329  2
4212500 3066500  2  6 16   3.6 1024 236  6.6 4  4.1  85   37   73 265 -326  2
4212500 3066500  2  6 17   2.6 1024 219  4.7 4  4.0  85    0   17 263 -323  2
4212500 3066500  2  6 18   2.1 1024 200  4.1 3  3.9  88    0    0 256 -321  2
4212500 3066500  2  6 19   1.7 1024 207  5.2 3  3.9  90    0    0 253 -321  2
4212500 3066500  2  6 20   2.1 1024 207  5.8 4  3.9  91    0    0 262 -321  2
4212500 3066500  2  6 21   2.4 1024 216  5.9 6  4.0  90    0    0 277 -321  2
4212500 3066500  2  6 22   3.1 1023 215  5.5 8  4.0  88    0    0 294 -321  2
4212500 3066500  2  6 23   3.7 1023 221  6.1 8  4.1  85    0    0 301 -322  2
4212500 3066500  2  6 24   3.6 1023 218  6.4 8  4.1  84    0    0 300 -322  2
4212500 3066500  2  7  1   3.3 1023 205  5.0 8  4.2  86    0    0 298 -322  2
4212500 3066500  2  7  2   3.3 1022 216  4.8 8  4.1  87    0    0 295 -323  2
4212500 3066500  2  7  3   3.2 1022 207  4.7 8  4.0  85    0    0 293 -324  2
4212500 3066500  2  7  4   3.2 1021 216  4.6 7  3.9  83    0    0 288 -324  2
4212500 3066500  2  7  5   3.4 1021 217  4.8 6  3.9  81    0    0 280 -324  2
4212500 3066500  2  7  6   3.7 1020 215  6.4 6  3.8  79    0    0 276 -324  2
4212500 3066500  2  7  7   3.8 1019 218  7.2 7  3.7  76    0    0 278 -324  2
4212500 3066500  2  7  8   3.6 1020 216  5.9 8  3.7  75    0    0 281 -324  2
4212500 3066500  2  7  9   3.8 1020 225  7.8 8  3.7  75   10   16 282 -324  2
4212500 3066500  2  7 10   4.3 1020 218  7.5 7  3.8  75   30   46 282 -325  2
4212500 3066500  2  7 11   5.1 1020 224  7.4 8  3.9  73    0   75 285 -328  2
4212500 3066500  2  7 12   5.7 1019 227  6.5 8  4.0  72    0   49 290 -332  2
4212500 3066500  2  7 13   6.1 1019 218  7.0 7  4.1  71    0   98 292 -336  2
4212500 3066500  2  7 14   6.5 1018 225  7.3 8  4.2  71    0   79 295 -338  2
4212500 3066500  2  7 15   7.1 1018 219  8.0 8  4.3  71   10   79 298 -339  2
4212500 3066500  2  7 16   7.2 1017 226  8.2 7  4.3  70   20   45 300 -337  2
4212500 3066500  2  7 17   6.8 1017 218  6.4 6  4.4  70    0    6 300 -334  2
4212500 3066500  2  7 18   6.7 1016 218  7.0 7  4.4  72    0    0 302 -332  2
4212500 3066500  2  7 19   6.9 1016 238  7.3 8  4.5  73    0    0 309 -331  2
4212500 3066500  2  7 20   6.7 1016 241  8.3 8  4.6  75    0    0 313 -331  2
4212500 3066500  2  7 21   6.0 1016 260  8.2 8  4.8  81    0    0 312 -332  2
4212500 3066500  2  7 22   5.6 1017 268 10.0 8  5.0  88    0    0 314 -333  2
4212500 3066500  2  7 23   5.1 1018 268  9.0 8  4.9  88    0    0 314 -333  2
4212500 3066500  2  7 24   4.7 1018 272 11.1 4  4.5  84    0    0 299 -333  2
4212500 3066500  2  8  1   3.5 1019 252  9.3 3  4.3  84    0    0 275 -333  2
4212500 3066500  2  8  2   3.0 1019 259  9.7 1  4.1  86    0    0 257 -331  2
4212500 3066500  2  8  3   2.5 1020 257  9.1 0  4.0  86    0    0 238 -327  2
4212500 3066500  2  8  4   2.2 1020 249  9.6 0  3.9  86    0    0 231 -324  2
4212500 3066500  2  8  5   2.2 1020 248  9.2 0  3.7  84    0    0 230 -323  2
4212500 3066500  2  8  6   1.8 1020 243  8.2 0  3.6  83    0    0 228 -324  2
4212500 3066500  2  8  7   1.7 1020 241  8.1 0  3.5  82    0    0 226 -322  2
4212500 3066500  2  8  8   1.7 1020 241  7.9 1  3.5  82    0    0 230 -321  2
4212500 3066500  2  8  9   2.0 1021 254  9.7 1  3.6  83   58   12 234 -320  2
4212500 3066500  2  8 10   2.9 1021 261 10.9 3  3.7  82  135   27 243 -320  2
4212500 3066500  2  8 11   3.5 1021 263 11.3 6  3.8  81   42   82 269 -322  2
4212500 3066500  2  8 12   3.9 1021 269 12.2 7  3.9  80    0   91 289 -327  2
4212500 3066500  2  8 13   4.4 1022 266 11.8 7  4.0  80    0  108 289 -333  2
4212500 3066500  2  8 14   4.5 1022 267  9.4 7  4.0  78   28  102 285 -336  2
4212500 3066500  2  8 15   4.5 1021 268 10.4 7  4.0  77   21   86 282 -336  2
4212500 3066500  2  8 16   4.2 1021 270  9.4 7  4.0  77   59   32 282 -333  2
4212500 3066500  2  8 17   4.2 1021 270  9.4 7  3.9  77    0    8 282 -329  2
4212500 3066500  2  8 18   3.9 1021 262  9.7 6  3.9  77    0    0 278 -324  2
4212500 3066500  2  8 19   3.6 1021 266  9.3 5  3.8  78    0    0 268 -322  2
4212500 3066500  2  8 20   3.3 1022 266 10.1 4  3.8  79    0    0 257 -321  2
4212500 3066500  2  8 21   3.0 1021 272  8.6 4  3.8  80    0    0 252 -320  2
4212500 3066500  2  8 22   2.6 1022 257  9.1 2  3.7  80    0    0 241 -320  2
4212500 3066500  2  8 23   2.2 1022 258  9.0 2  3.5  79    0    0 232 -319  2
4212500 3066500  2  8 24   2.0 1022 255  8.4 2  3.4  79    0    0 233 -317  2
4212500 3066500  2  9  1   2.0 1022 254  7.0 0  3.4  78    0    0 225 -316  2
4212500 3066500  2  9  2   1.7 1022 238  5.0 0  3.4  79    0    0 215 -315  2
4212500 3066500  2  9  3   0.7 1022 237  4.6 0  3.3  81    0    0 212 -315  2
4212500 3066500  2  9  4   0.7 1022 226  4.0 0  3.3  83    0    0 210 -315  2
4212500 3066500  2  9  5   0.0 1021 223  4.4 0  3.2  84    0    0 209 -315  2
4212500 3066500  2  9  6   0.3 1021 218  4.9 0  3.2  85    0    0 209 -315  2
4212500 3066500  2  9  7   0.1 1020 223  5.3 0  3.3  86    0    0 210 -314  2
4212500 3066500  2  9  8   0.2 1020 222  5.8 2  3.3  86    0    0 219 -312  2
4212500 3066500  2  9  9   0.2 1020 226  6.2 3  3.3  87    2   34 235 -312  2
4212500 3066500  2  9 10   0.4 1019 226  6.3 6  3.4  90   12   93 256 -315  2
4212500 3066500  2  9 11   1.7 1019 237  7.8 6  3.7  91    0   83 273 -319  2
4212500 3066500  2  9 12   2.2 1018 224  6.0 7  3.9  89    0   70 281 -322  2
4212500 3066500  2  9 13   3.0 1018 226  5.5 6  3.9  87    0  107 287 -324  2
4212500 3066500  2  9 14   4.0 1017 229  6.4 8  4.2  86    0   50 302 -326  2
4212500 3066500  2  9 15   4.8 1017 229  6.3 7  4.4  85    0   65 316 -328  2
4212500 3066500  2  9 16   5.1 1016 230  6.6 6  4.5  84    0   51 320 -330  2
4212500 3066500  2  9 17   5.6 1015 230  6.2 8  4.5  81    0   10 326 -330  2
4212500 3066500  2  9 18   5.8 1015 233  6.3 7  4.6  80    0    0 329 -331  2
4212500 3066500  2  9 19   5.6 1015 241  7.3 5  4.7  82    0    0 321 -334  2
4212500 3066500  2  9 20   6.1 1014 251  8.8 5  4.8  84    0    0 315 -336  2
4212500 3066500  2  9 21   6.4 1014 261  7.2 5  5.0  84    0    0 314 -338  2
4212500 3066500  2  9 22   6.2 1014 261  8.7 8  5.1  86    0    0 323 -339  2
4212500 3066500  2  9 23   5.9 1014 261  8.7 8  5.2  90    0    0 333 -340  2
4212500 3066500  2  9 24   5.7 1014 266  8.5 6  5.2  91    0    0 327 -340  2
4212500 3066500  2 10  1   5.8 1014 267  8.5 7  5.1  90    0    0 325 -341  2
4212500 3066500  2 10  2   5.5 1014 260  8.9 8  5.2  91    0    0 331 -341  2
4212500 3066500  2 10  3   5.7 1014 252  6.9 6  5.2  91    0    0 330 -342  2
4212500 3066500  2 10  4   5.8 1013 250  6.2 5  5.1  88    0    0 323 -342  2
4212500 3066500  2 10  5   5.3 1012 250  6.2 7  5.0  88    0    0 327 -342  2
4212500 3066500  2 10  6   5.9 1012 248  5.0 7  5.1  89    0    0 334 -342  2
4212500 3066500  2 10  7   6.1 1012 240  4.8 8  5.2  90    0    0 338 -342  2
4212500 3066500  2 10  8   6.1 1012 241  5.3 8  5.3  91    0    0 340 -342  2
4212500 3066500  2 10  9   6.2 1011 238  5.7 8  5.4  92   37    9 339 -342  2
4212500 3066500  2 10 10   6.4 1011 238  5.5 7  5.5  92    4   62 335 -342  2
4212500 3066500  2 10 11   6.7 1011 237  5.1 8  5.5  90    0   49 333 -343  2
4212500 3066500  2 10 12   6.8 1011 237  5.9 8  5.5  89    0   42 332 -345  2
4212500 3066500  2 10 13   6.9 1011 238  5.9 8  5.5  89    0   38 328 -348  2
4212500 3066500  2 10 14   7.0 1010 230  5.5 8  5.4  87    0   35 326 -351  2
4212500 3066500  2 10 15   6.9 1009 227  5.3 7  5.2  83   17   82 319 -352  2
4212500 3066500  2 10 16   7.0 1008 209  4.4 7  5.0  80    0   54 313 -352  2
4212500 3066500  2 10 17   7.0 1007 197  4.2 7  5.0  79    0    5 313 -350  2
4212500 3066500  2 10 18   6.4 1006 199  5.6 7  4.9  80    0    0 313 -347  2
4212500 3066500  2 10 19   6.8 1005 198  6.6 7  4.8  79    0    0 314 -345  2
4212500 3066500  2 10 20   6.7 1004 192  6.6 7  4.7  77    0    0 315 -345  2
4212500 3066500  2 10 21   6.6 1003 199  7.0 7  4.6  76    0    0 316 -344  2
4212500 3066500  2 10 22   6.0 1001 202  8.0 7  4.8  80    0    0 315 -344  2
4212500 3066500  2 10 23   6.4 1000 212  8.2 7  5.1  86    0    0 316 -344  2
4212500 3066500  2 10 24   6.3  999 218  7.4 7  5.3  88    0    0 318 -346  2
4212500 3066500  2 11  1   7.1  999 264 10.8 8  5.4  88    0    0 325 -346  2
4212500 3066500  2 11  2   6.2  999 258 11.5 8  5.1  82    0    0 330 -342  2
4212500 3066500  2 11  3   5.0 1000 261 11.6 3  4.4  76    0    0 296 -335  2
4212500 3066500  2 11  4   4.3 1001 252 10.1 1  3.8  71    0    0 249 -327  2
4212500 3066500  2 11  5   4.1 1001 252 11.4 4  3.6  69    0    0 252 -322  2
4212500 3066500  2 11  6   4.2 1001 259 12.0 6  3.6  69    0    0 280 -321  2
4212500 3066500  2 11  7   3.9 1001 252 12.6 8  3.6  70    0    0 297 -321  2
4212500 3066500  2 11  8   3.6 1002 248 11.5 7  3.7  74    0    0 296 -320  2
4212500 3066500  2 11  9   3.6 1002 242 12.0 7  3.8  77    9   46 283 -319  2
4212500 3066500  2 11 10   4.4 1003 250 12.7 6  3.8  74   12  105 277 -319  2
4212500 3066500  2 11 11   4.4 1004 251 12.3 8  3.8  72    1   97 285 -320  2
4212500 3066500  2 11 12   4.8 1004 250 15.0 7  3.8  72    5  142 291 -324  2
4212500 3066500  2 11 13   4.9 1005 251 13.0 8  3.8  71    0   76 291 -329  2
4212500 3066500  2 11 14   4.9 1005 258 13.2 8  3.9  71    0   37 300 -334  2
4212500 3066500  2 11 15   5.1 1005 253 12.6 8  3.9  71    0   30 302 -335  2
4212500 3066500  2 11 16   5.1 1005 253 11.4 8  4.0  72    0   38 304 -335  2
4212500 3066500  2 11 17   5.0 1005 251 12.0 5  4.1  74    0    7 288 -334  2
4212500 3066500  2 11 18   4.4 1005 243 10.4 4  4.1  77    0    0 260 -333  2
4212500 3066500  2 11 19   3.8 1005 252 11.1 4  4.2  81    0    0 249 -332  2
4212500 3066500  2 11 20   3.8 1005 251 11.0 4  4.2  84    0    0 247 -333  2
4212500 3066500  2 11 21   3.7 1005 254 10.2 3  4.2  84    0    0 236 -334  2
4212500 3066500  2 11 22   3.6 1005 253  7.6 4  4.1  83    0    0 229 -335  2
4212500 3066500  2 11 23   3.8 1005 251  7.7 4  4.1  83    0    0 229 -335  2
4212500 3066500  2 11 24   4.0 1005 241  7.5 2  4.2  82    0    0 203 -335  2
4212500 3066500  2 12  1   3.8 1005 243  6.5 4  4.2  84    0    0 202 -334  2
4212500 3066500  2 12  2   3.7 1005 242  6.7 6  4.3  86    0    0 246 -334  2
4212500 3066500  2 12  3   3.7 1004 242  7.4 7  4.4  88    0    0 282 -334  2
4212500 3066500  2 12  4   4.2 1003 242  6.7 8  4.5  89    0    0 305 -334  2
4212500 3066500  2 12  5   4.0 1003 239  6.1 8  4.6  89    0    0 317 -334  2
4212500 3066500  2 12  6   3.9 1002 240  6.4 8  4.5  89    0    0 320 -333  2
4212500 3066500  2 12  7   3.7 1001 235  5.7 8  4.5  89    0    0 323 -332  2
4212500 3066500  2 12  8   3.6 1000 236  6.4 8  4.5  90    0    0 325 -331  2
4212500 3066500  2 12  9   3.7 1000 234  5.0 8  4.4  89    0   28 327 -330  2
4212500 3066500  2 12 10   3.7 1000 237  5.0 8  4.3  87    1   80 329 -332  2
4212500 3066500  2 12 11   3.9 1000 248  5.4 8  4.3  86    0   72 330 -335  2
4212500 3066500  2 12 12   4.1 1001 247  3.9 8  4.4  85    0   58 332 -338  2
4212500 3066500  2 12 13   4.4 1001 255  4.5 8  4.4  85    3  143 333 -341  2
4212500 3066500  2 12 14   5.6 1000 263  3.8 6  4.5  82   24  183 317 -342  2
4212500 3066500  2 12 15   6.7 1000 241  2.8 3  4.7  79   53  181 275 -341  2
4212500 3066500  2 12 16   5.7 1000 229  4.3 3  4.7  78   30  118 252 -339  2
4212500 3066500  2 12 17   4.5 1000 238  2.7 8  4.5  82    0   30 295 -338  2
4212500 3066500  2 12 18   3.6  999 195  3.0 7  4.4  86    0    0 326 -337  2
4212500 3066500  2 12 19   3.2  999 187  2.4 8  4.3  88    0    0 324 -336  2
4212500 3066500  2 12 20   3.2  998 173  2.2 7  4.3  89    0    0 324 -335  2
4212500 3066500  2 12 21   2.9  997 156  4.8 8  4.3  89    0    0 324 -335  2
4212500 3066500  2 12 22   2.7  996 160  4.8 7  4.3  90    0    0 323 -335  2
4212500 3066500  2 12 23   2.8  995 157  5.1 7  4.3  92    0    0 315 -336  2
4212500 3066500  2 12 24   2.7  993 168  3.9 8  4.4  93    0    0 324 -336  2
4212500 3066500  2 13  1   3.6  992 181  3.4 8  4.5  93    0    0 333 -339  2
4212500 3066500  2 13  2   5.1  991 206  4.3 5  4.9  93    0    0 314 -342  2
4212500 3066500  2 13  3   7.3  990 219  5.1 6  5.7  95    0    0 307 -344  2
4212500 3066500  2 13  4   8.0  989 221  5.9 8  6.3  95    0    0 332 -347  2
4212500 3066500  2 13  5   8.0  987 222  6.8 8  6.4  94    0    0 346 -350  2
4212500 3066500  2 13  6   7.7  986 211  7.2 8  6.4  94    0    0 346 -352  2
4212500 3066500  2 13  7   7.9  985 220  6.5 7  6.3  93    0    0 338 -353  2
4212500 3066500  2 13  8   7.9  984 210  7.3 8  6.3  92    0    0 337 -352  2
4212500 3066500  2 13  9   7.7  983 220  6.5 8  6.3  92    3   39 342 -350  2
4212500 3066500  2 13 10   8.0  983 223  6.6 8  6.3  92    1   74 340 -349  2
4212500 3066500  2 13 11   7.4  982 277  9.2 8  6.2  91    0   64 338 -349  2
4212500 3066500  2 13 12   7.4  982 263  8.0 7  6.0  90    0   93 330 -349  2
4212500 3066500  2 13 13   7.7  982 262  8.6 5  5.9  88    1  122 313 -348  2
4212500 3066500  2 13 14   7.3  982 256  8.1 6  5.6  85    0  104 307 -349  2
4212500 3066500  2 13 15   6.9  982 273  7.4 7  5.5  84    0   72 316 -349  2
4212500 3066500  2 13 16   6.6  982 275  5.3 6  5.3  84    4   75 315 -349  2
4212500 3066500  2 13 17   6.3  982 266  4.4 5  5.1  83    2   35 306 -348  2
4212500 3066500  2 13 18   6.4  982 262  4.3 6  5.0  81    0    0 306 -346  2
4212500 3066500  2 13 19   6.2  983 275  4.9 7  5.0  81    0    0 317 -345  2
4212500 3066500  2 13 20   5.7  983 260  5.0 6  5.0  84    0    0 316 -344  2
4212500 3066500  2 13 21   5.5  984 258  5.5 7  5.0  85    0    0 310 -343  2
4212500 3066500  2 13 22   5.3  984 254  5.9 7  4.9  86    0    0 315 -341  2
4212500 3066500  2 13 23   4.6  985 258  6.0 6  4.7  87    0    0 323 -340  2
4212500 3066500  2 13 24   3.8  985 258  5.4 6  4.5  88    0    0 321 -339  2
4212500 3066500  2 14  1   2.8 1029 260  4.9 5  4.3  91    0    0 226 -319  2
4212500 3066500  2 14  2   2.2 1029 264  4.6 5  4.2  94    0    0 239 -318  2
4212500 3066500  2 14  3   1.7 1029 268  5.0 5  4.1  97    0    0 258 -318  2
4212500 3066500  2 14  4   2.0 1029 269  5.7 5  4.2  98    0    0 269 -318  2
4212500 3066500  2 14  5   2.0 1028 270  6.1 4  4.2  97    0    0 270 -319  2
4212500 3066500  2 14  6   2.5 1028 273  6.5 1  4.3  98    0    0 240 -319  2
4212500 3066500  2 14  7   2.4 1028 272  7.6 5  4.3  96    0    0 236 -319  2
4212500 3066500  2 14  8   1.9 1028 279  6.9 6  4.2  96    0    2 261 -319  2
4212500 3066500  2 14  9   2.2 1028 251  7.1 5  4.1  95   29   38 261 -320  2
4212500 3066500  2 14 10   2.8 1029 269  6.2 4  4.2  94  109   64 254 -320  2
4212500 3066500  2 14 11   3.7 1029 258  6.6 5  4.4  92  167   88 255 -326  2
4212500 3066500  2 14 12   4.4 1029 273  5.9 5  4.5  90  240   85 261 -337  2
4212500 3066500  2 14 13   4.5 1029 276  8.4 5  4.6  89  226  106 261 -345  2
4212500 3066500  2 14 14   5.7 1028 276  7.0 6  4.6  85   81  158 266 -347  2
4212500 3066500  2 14 15   4.0 1028 275  7.6 7  4.6  87    0   88 273 -347  2
4212500 3066500  2 14 16   3.4 1028 275  7.5 7  4.5  93    0   49 274 -344  2
4212500 3066500  2 14 17   4.0 1028 280  7.7 7  4.4  91    0   10 273 -337  2
4212500 3066500  2 14 18   4.1 1028 278  6.1 7  4.4  88    0    0 273 -330  2
4212500 3066500  2 14 19   3.5 1028 266  6.3 3  4.5  91    0    0 255 -326  2
4212500 3066500  2 14 20   2.8 1028 259  6.1 2  4.4  95    0    0 232 -323  2
4212500 3066500  2 14 21   3.4 1028 273  6.9 2  4.4  94    0    0 229 -322  2
4212500 3066500  2 14 22   2.9 1028 272  7.4 2  4.4  94    0    0 229 -321  2
4212500 3066500  2 14 23   2.4 1027 280  7.3 3  4.3  96    0    0 231 -320  2
4212500 3066500  2 14 24   2.2 1028 279  6.9 7  4.2  96    0    0 249 -320  2
4212500 3066500  2 15  1   2.1 1028 277  6.6 5  4.1  94    0    0 255 -320  2
4212500 3066500  2 15  2   1.8 1028 274  8.4 5  4.0  92    0    0 248 -320  2
4212500 3066500  2 15  3   1.6 1028 279  7.2 6  3.9  92    0    0 251 -319  2
4212500 3066500  2 15  4   1.7 1027 278  7.8 7  3.9  92    0    0 259 -319  2
4212500 3066500  2 15  5   2.2 1027 275  7.2 7  3.9  91    0    0 264 -318  2
4212500 3066500  2 15  6   1.8 1027 275  6.8 8  4.0  91    0    0 269 -318  2
4212500 3066500  2 15  7   1.7 1027 275  5.9 8  3.9  93    0    0 270 -318  2
4212500 3066500  2 15  8   1.5 1027 273  7.1 7  3.9  93    0    3 264 -317  2
4212500 3066500  2 15  9   1.1 1028 265  6.4 7  3.9  95   15   44 260 -318  2
4212500 3066500  2 15 10   1.3 1028 277  7.1 7  3.8  94   33  101 260 -319  2
4212500 3066500  2 15 11   1.6 1028 260  7.1 5  3.9  93  115  126 252 -321  2
4212500 3066500  2 15 12   2.5 1028 264  7.4 3  4.0  91  235  104 239 -327  2
4212500 3066500  2 15 13   3.4 1028 269  7.1 2  4.0  86  261  102 231 -336  2
4212500 3066500  2 15 14   3.7 1028 275  7.3 2  4.0  83  220  110 231 -343  2
4212500 3066500  2 15 15   4.5 1028 264  5.4 3  4.0  81  174   96 235 -344  2
4212500 3066500  2 15 16   3.7 1027 244  5.4 4  4.0  80   83   82 242 -342  2
4212500 3066500  2 15 17   3.5 1027 231  5.4 2  4.0  82   10   39 240 -336  2
4212500 3066500  2 15 18   2.3 1026 241  5.3 2  3.9  85    0    1 235 -328  2
4212500 3066500  2 15 19   1.5 1027 266  4.8 2  3.8  89    0    0 233 -323  2
4212500 3066500  2 15 20   1.4 1027 263  5.3 1  3.7  89    0    0 229 -321  2
4212500 3066500  2 15 21   1.3 1027 250  6.3 0  3.7  90    0    0 223 -320  2
4212500 3066500  2 15 22   1.3 1027 265  7.0 2  3.8  91    0    0 227 -320  2
4212500 3066500  2 15 23   1.0 1027 267  6.7 2  3.8  93    0    0 234 -319  2
4212500 3066500  2 15 24   1.0 1026 273  5.7 4  3.9  96    0    0 241 -317  2
4212500 3066500  2 16  1   1.0 1026 285  4.2 1  3.9  98    0    0 236 -316  2
4212500 3066500  2 16  2   0.6 1026 286  4.4 2  3.9  97    0    0 226 -315  2
4212500 3066500  2 16  3   0.6 1026 285  3.7 5  3.8  98    0    0 240 -315  2
4212500 3066500  2 16  4   0.4 1026 298  2.9 5  3.8  99    0    0 249 -315  2
4212500 3066500  2 16  5   0.4 1026 316  3.2 6  3.8  99    0    0 252 -315  2
4212500 3066500  2 16  6   0.5 1026 326  2.2 7  3.8  99    0    0 260 -316  2
4212500 3066500  2 16  7   0.5 1026 325  1.8 8  3.8  99    0    0 270 -316  2
4212500 3066500  2 16  8   0.7 1026 344  1.6 8  3.8  98    0    3 277 -316  2
4212500 3066500  2 16  9   0.6 1026 245  0.8 8  3.9  98    0   27 278 -317  2
4212500 3066500  2 16 10   1.0 1026 270  0.2 8  3.9  99    5   72 279 -320  2
4212500 3066500  2 16 11   1.2 1026 221  0.6 6  4.0  99    0   82 271 -323  2
4212500 3066500  2 16 12   1.4 1026 347  1.0 4  4.0  98    0   78 252 -326  2
4212500 3066500  2 16 13   1.8 1026  17  1.8 8  4.1  98    0   74 264 -328  2
4212500 3066500  2 16 14   2.1 1026  25  2.9 7  4.2  98    0   60 282 -330  2
4212500 3066500  2 16 15   2.3 1026  34  1.5 8  4.3  98    0   57 285 -332  2
4212500 3066500  2 16 16   2.8 1026  58  2.7 7  4.4  97    0   57 289 -333  2
4212500 3066500  2 16 17   2.7 1026  51  2.4 7  4.4  97    0   19 286 -329  2
4212500 3066500  2 16 18   2.7 1027  42  2.6 5  4.4  97    0    0 277 -323  2
4212500 3066500  2 16 19   2.9 1027  54  3.1 6  4.4  96    0    0 274 -321  2
4212500 3066500  2 16 20   2.9 1027  35  1.9 7  4.4  96    0    0 288 -321  2
4212500 3066500  2 16 21   3.0 1028  54  4.0 6  4.5  96    0    0 290 -320  2
4212500 3066500  2 16 22   3.0 1028  69  4.6 6  4.5  97    0    0 287 -319  2
4212500 3066500  2 16 23   3.2 1029  67  4.4 6  4.5  96    0    0 287 -317  2
4212500 3066500  2 16 24   2.9 1029  66  5.2 6  4.5  96    0    0 288 -316  2
4212500 3066500  2 17  1   2.9 1030  73  5.3 4  4.5  97    0    0 276 -316  2
4212500 3066500  2 17  2   2.8 1030  56  4.0 6  4.4  96    0    0 276 -315  2
4212500 3066500  2 17  3   2.8 1031  64  4.5 8  4.3  95    0    0 301 -315  2
4212500 3066500  2 17  4   2.5 1032  71  4.3 6  4.2  94    0    0 301 -315  2
4212500 3066500  2 17  5   1.6 1032  64  3.6 5  4.0  93    0    0 282 -314  2
4212500 3066500  2 17  6   0.9 1032  61  2.9 4  3.8  93    0    0 266 -313  2
4212500 3066500  2 17  7   0.4 1033  45  2.8 3  3.6  93    0    0 251 -311  2
4212500 3066500  2 17  8   0.7 1033  31  2.8 2  3.7  94    0    9 237 -310  2
4212500 3066500  2 17  9   1.4 1034  30  2.6 2  3.8  95   65   48 231 -310  2
4212500 3066500  2 17 10   2.5 1035  18  2.1 3  4.0  93  173   72 238 -312  2
4212500 3066500  2 17 11   2.9 1035  31  1.5 4  4.0  89  152  131 249 -317  2
4212500 3066500  2 17 12   3.7 1036 313  1.9 6  3.9  83   62  186 263 -321  2
4212500 3066500  2 17 13   4.3 1036 342  1.5 7  3.8  77   55  195 271 -327  2
4212500 3066500  2 17 14   4.2 1036 267  2.4 8  3.9  77    2  133 274 -331  2
4212500 3066500  2 17 15   3.6 1035 289  3.2 7  3.9  80   13  135 270 -329  2
4212500 3066500  2 17 16   3.1 1035 291  4.5 7  3.8  81   21  102 263 -326  2
4212500 3066500  2 17 17   2.1 1034 285  4.4 7  3.8  86    0   35 259 -323  2
4212500 3066500  2 17 18   1.4 1034 264  4.9 8  3.8  91    0    1 259 -321  2
4212500 3066500  2 17 19   1.2 1033 267  5.8 8  3.8  93    0    0 258 -320  2
4212500 3066500  2 17 20   1.0 1033 257  5.2 8  3.8  95    0    0 257 -318  2
4212500 3066500  2 17 21   1.3 1033 251  6.9 8  3.9  96    0    0 258 -318  2
4212500 3066500  2 17 22   1.9 1032 265  8.2 8  4.0  96    0    0 260 -318  2
4212500 3066500  2 17 23   2.2 1032 274  8.6 8  4.1  95    0    0 263 -319  2
4212500 3066500  2 17 24   2.4 1031 252 10.0 8  4.2  96    0    0 265 -320  2
4212500 3066500  2 18  1   2.8 1030 297  9.8 8  4.3  95    0    0 266 -320  2
4212500 3066500  2 18  2   3.0 1027 302  9.0 8  4.3  94    0    0 268 -320  2
4212500 3066500  2 18  3   3.2 1027 275  8.5 8  4.3  92    0    0 270 -320  2
4212500 3066500  2 18  4   3.2 1026 283 10.3 8  4.2  90    0    0 275 -321  2
4212500 3066500  2 18  5   3.4 1025 285 10.6 8  4.3  90    0    0 280 -321  2
4212500 3066500  2 18  6   3.8 1025 294  9.8 7  4.3  89    0    0 282 -321  2
4212500 3066500  2 18  7   3.7 1024 296  9.8 6  4.3  89    0    0 278 -321  2
4212500 3066500  2 18  8   3.7 1024 302  9.7 5  4.4  90    0    8 272 -321  2
4212500 3066500  2 18  9   3.7 1024 293  9.3 4  4.4  91   65   41 267 -321  2
4212500 3066500  2 18 10   4.4 1024 312 10.0 2  4.5  89  177   57 256 -323  2
4212500 3066500  2 18 11   5.4 1025 326  7.9 1  4.5  84  273   65 245 -327  2
4212500 3066500  2 18 12   6.1 1026 330  8.0 1  4.4  79  333   70 242 -332  2
4212500 3066500  2 18 13   6.7 1026 320  5.6 1  4.3  73  342   76 244 -336  2
4212500 3066500  2 18 14   6.8 1027 320  5.1 2  4.2  70  293   86 251 -339  2
4212500 3066500  2 18 15   7.0 1027 332  4.9 2  4.2  68  242   75 254 -337  2
4212500 3066500  2 18 16   6.6 1027 337  4.1 2  4.1  68  136   68 253 -332  2
4212500 3066500  2 18 17   5.7 1027 336  3.6 5  4.0  68   25   43 267 -326  2
4212500 3066500  2 18 18   4.4 1027 306  3.8 4  3.8  70    0    1 277 -321  2
4212500 3066500  2 18 19   3.4 1028 315  3.5 3  3.7  75    0    0 262 -319  2
4212500 3066500  2 18 20   3.1 1029 310  3.6 3  3.7  78    0    0 249 -316  2
4212500 3066500  2 18 21   2.5 1029 330  3.0 2  3.7  82    0    0 239 -314  2
4212500 3066500  2 18 22   2.0 1030 309  3.2 1  3.7  85    0    0 227 -313  2
4212500 3066500  2 18 23   1.5 1030 304  2.9 1  3.7  88    0    0 219 -312  2
4212500 3066500  2 18 24   1.5 1030 305  3.2 0  3.8  91    0    0 212 -312  2
4212500 3066500  2 19  1   1.0 1030 283  3.8 1  3.8  92    0    0 207 -310  2
4212500 3066500  2 19  2   0.9 1029 281  3.8 2  3.7  94    0    0 211 -309  2
4212500 3066500  2 19  3   1.2 1029 265  4.0 3  3.8  94    0    0 217 -307  2
4212500 3066500  2 19  4   0.3 1028 262  5.6 2  3.7  95    0    0 212 -307  2
4212500 3066500  2 19  5   0.8 1027 265  6.3 0  3.8  96    0    0 192 -307  2
4212500 3066500  2 19  6   1.7 1027 283  7.0 6  3.9  96    0    0 215 -308  2
4212500 3066500  2 19  7   2.5 1027 278  6.2 5  4.2  96    0    0 243 -309  2
4212500 3066500  2 19  8   2.5 1026 282  7.0 8  4.3  96    0    3 254 -311  2
4212500 3066500  2 19  9   2.4 1026 286  7.2 6  4.3  97    0   36 261 -313  2
4212500 3066500  2 19 10   2.7 1025 286  8.2 7  4.4  97    0   57 256 -316  2
4212500 3066500  2 19 11   2.4 1025 292  7.4 8  4.3  96    0   66 269 -319  2
4212500 3066500  2 19 12   2.3 1025 281  6.2 8  4.1  92    0   52 273 -325  2
4212500 3066500  2 19 13   2.3 1024 290  4.3 8  3.8  86    0   47 271 -331  2
4212500 3066500  2 19 14   2.6 1023 261  7.2 8  3.8  85    0   35 270 -334  2
4212500 3066500  2 19 15   3.1 1022 262  6.8 7  4.0  86    0   45 267 -336  2
4212500 3066500  2 19 16   3.5 1021 268  7.9 7  4.1  86    0   34 266 -337  2
4212500 3066500  2 19 17   3.4 1020 273  7.7 8  4.1  85    0   10 276 -334  2
4212500 3066500  2 19 18   3.3 1020 280  6.6 7  4.2  87    0    0 282 -331  2
4212500 3066500  2 19 19   3.2 1019 282  7.7 8  4.4  92    0    0 289 -331  2
4212500 3066500  2 19 20   3.3 1018 271  8.8 8  4.5  95    0    0 302 -334  2
4212500 3066500  2 19 21   3.7 1018 280  9.0 8  4.6  95    0    0 312 -337  2
4212500 3066500  2 19 22   4.1 1017 278  8.3 8  4.7  94    0    0 319 -337  2
4212500 3066500  2 19 23   4.1 1017 283  7.4 8  4.6  91    0    0 324 -336  2
4212500 3066500  2 19 24   4.1 1016 281  7.6 6  4.6  91    0    0 314 -334  2
4212500 3066500  2 20  1   4.1 1015 292  8.4 6  4.6  91    0    0 300 -333  2
4212500 3066500  2 20  2   3.6 1015 304  9.5 3  4.4  89    0    0 275 -332  2
4212500 3066500  2 20  3   3.3 1014 326  9.1 5  4.1  85    0    0 262 -332  2
4212500 3066500  2 20  4   3.5 1014 333  9.2 8  4.0  83    0    0 296 -331  2
4212500 3066500  2 20  5   3.3 1014 332  8.6 4  4.0  82    0    0 283 -328  2
4212500 3066500  2 20  6   2.7 1015 329  8.6 4  3.9  82    0    0 239 -326  2
4212500 3066500  2 20  7   2.4 1016 326  7.7 3  3.7  82    0    0 220 -322  2
4212500 3066500  2 20  8   2.3 1016 323  7.7 2  3.6  81    3   11 199 -320  2
4212500 3066500  2 20  9   2.6 1017 325  8.0 2  3.5  78   71   47 192 -319  2
4212500 3066500  2 20 10   3.6 1018 336  7.9 3  3.5  75  163   68 204 -320  2
4212500 3066500  2 20 11   4.0 1018 327  7.3 4  3.5  71  225   97 224 -327  2
4212500 3066500  2 20 12   4.4 1018 323  7.7 5  3.5  69  300   94 241 -335  2
4212500 3066500  2 20 13   4.9 1019 327  8.2 5  3.5  66  325   94 249 -340  2
4212500 3066500  2 20 14   5.2 1019 317  8.4 5  3.5  64  249  123 249 -342  2
4212500 3066500  2 20 15   4.8 1019 298  7.5 5  3.5  65   56  157 249 -341  2
4212500 3066500  2 20 16   4.6 1018 278  7.3 5  3.6  68   34  107 251 -339  2
4212500 3066500  2 20 17   4.3 1018 271  5.7 6  3.8  73   23   49 261 -336  2
4212500 3066500  2 20 18   3.5 1018 262  5.4 7  4.0  80    0    5 274 -332  2
4212500 3066500  2 20 19   3.5 1017 250  5.8 7  4.3  88    0    0 279 -330  2
4212500 3066500  2 20 20   3.6 1016 261  7.2 8  4.5  92    0    0 285 -330  2
4212500 3066500  2 20 21   4.1 1016 268  8.7 8  4.6  93    0    0 292 -330  2
4212500 3066500  2 20 22   4.3 1015 270 10.2 7  4.7  92    0    0 292 -332  2
4212500 3066500  2 20 23   4.3 1014 272 11.3 7  4.6  90    0    0 294 -334  2
4212500 3066500  2 20 24   4.1 1013 265 12.3 8  4.5  88    0    0 307 -334  2
4212500 3066500  2 21  1   4.1 1011 272 15.5 7  4.4  86    0    0 313 -335  2
4212500 3066500  2 21  2   4.2 1009 268 15.0 8  4.4  86    0    0 318 -336  2
4212500 3066500  2 21  3   4.2 1008 269 13.9 8  4.5  87    0    0 328 -337  2
4212500 3066500  2 21  4   4.5 1007 269 14.6 8  4.7  90    0    0 332 -337  2
4212500 3066500  2 21  5   5.0 1006 281 14.5 8  5.0  93    0    0 334 -337  2
4212500 3066500  2 21  6   5.3 1006 282 13.9 8  5.0  90    0    0 333 -335  2
4212500 3066500  2 21  7   5.0 1005 290 12.6 7  4.7  86    0    0 324 -334  2
4212500 3066500  2 21  8   4.8 1005 290 13.3 5  4.4  82    4   13 300 -333  2
4212500 3066500  2 21  9   4.9 1005 294 14.0 4  4.2  77   58   55 279 -332  2
4212500 3066500  2 21 10   5.3 1005 290 13.8 3  4.2  77  166   86 268 -333  2
4212500 3066500  2 21 11   5.7 1005 290 13.3 3  4.3  76  239  104 262 -336  2
4212500 3066500  2 21 12   5.8 1005 298 15.1 4  4.2  73  199  170 266 -339  2
4212500 3066500  2 21 13   6.0 1005 292 13.7 4  4.1  71  256  153 268 -341  2
4212500 3066500  2 21 14   6.4 1006 294 14.7 2  4.0  68  274  128 251 -341  2
4212500 3066500  2 21 15   6.3 1005 288 15.6 2  4.0  67  202  122 239 -340  2
4212500 3066500  2 21 16   5.7 1005 287 14.2 2  4.1  70  107  103 240 -337  2
4212500 3066500  2 21 17   5.0 1004 281 13.8 2  4.1  73   29   56 239 -334  2
4212500 3066500  2 21 18   4.6 1004 279 13.1 3  4.1  76    0    7 240 -331  2
4212500 3066500  2 21 19   4.4 1003 281 13.3 5  4.0  76    0    0 251 -328  2
4212500 3066500  2 21 20   4.1 1003 282 13.8 6  4.0  77    0    0 264 -325  2
4212500 3066500  2 21 21   3.9 1003 289 14.7 4  3.9  76    0    0 255 -323  2
4212500 3066500  2 21 22   3.9 1002 282 13.4 3  3.8  76    0    0 236 -322  2
4212500 3066500  2 21 23   3.6 1002 282 13.5 3  3.9  78    0    0 232 -321  2
4212500 3066500  2 21 24   3.7 1001 282 13.1 6  3.9  79    0    0 250 -321  2
4212500 3066500  2 22  1   3.6 1000 282 13.3 5  3.9  78    0    0 264 -321  2
4212500 3066500  2 22  2   3.3 1000 291 14.0 3  3.7  76    0    0 246 -321  2
4212500 3066500  2 22  3   3.1  999 282 12.8 3  3.7  76    0    0 232 -321  2
4212500 3066500  2 22  4   3.0  999 299 11.3 4  3.6  76    0    0 238 -321  2
4212500 3066500  2 22  5   2.7  998 300  9.9 6  3.6  76    0    0 255 -321  2
4212500 3066500  2 22  6   2.7  997 293 10.7 5  3.5  76    0    0 260 -321  2
4212500 3066500  2 22  7   2.5  997 303 10.6 5  3.5  74    0    0 252 -321  2
4212500 3066500  2 22  8   2.2  996 311 10.6 4  3.3  72    1   12 244 -320  2
4212500 3066500  2 22  9   2.1  996 309 10.9 4  3.1  70   56   58 235 -320  2
4212500 3066500  2 22 10   2.4  996 319 10.3 2  3.0  66  133   98 220 -319  2
4212500 3066500  2 22 11   2.8  996 312 10.6 3  2.9  63  179  138 213 -319  2
4212500 3066500  2 22 12   3.1  996 311 10.3 2  3.0  62  318  109 216 -321  2
4212500 3066500  2 22 13   3.0  996 302 11.0 1  2.9  60  343  103 209 -325  2
4212500 3066500  2 22 14   3.2  996 303 11.1 2  2.8  57  293  105 211 -329  2
4212500 3066500  2 22 15   3.1  995 312  8.9 2  2.7  57  209  116 218 -329  2
4212500 3066500  2 22 16   3.0  995 302  8.4 2  2.7  57  124   95 217 -327  2
4212500 3066500  2 22 17   2.6  995 316  6.3 1  2.8  59   35   56 210 -324  2
4212500 3066500  2 22 18   1.2  995 310  4.6 3  2.7  62    0    9 210 -321  2
4212500 3066500  2 22 19   0.3  994 309  3.6 4  2.7  67    0    0 219 -319  2
4212500 3066500  2 22 20  -0.1  994 309  3.6 4  2.8  71    0    0 220 -317  2
4212500 3066500  2 22 21  -0.2  994 305  3.4 5  2.9  75    0    0 225 -314  2
4212500 3066500  2 22 22  -0.4  994 318  3.6 2  2.9  77    0    0 213 -313  2
4212500 3066500  2 22 23  -0.6  994 336  3.0 1  2.8  76    0    0 189 -312  2
4212500 3066500  2 22 24  -0.8  994 314  2.3 3  2.8  77    0    0 193 -313  2
4212500 3066500  2 23  1  -1.6  994 326  2.6 1  2.9  81    0    0 194 -314  2
4212500 3066500  2 23  2  -2.0  994  44  2.1 2  2.9  85    0    0 188 -312  2
4212500 3066500  2 23  3  -2.6  994  17  1.8 4  2.8  87    0    0 203 -308  2
4212500 3066500  2 23  4  -2.9  994  15  2.0 6  2.9  91    0    0 222 -304  2
4212500 3066500  2 23  5  -2.5  994  47  1.7 3  3.0  94    0    0 216 -301  2
4212500 3066500  2 23  6  -1.8  994  29  2.9 4  3.0  91    0    0 208 -298  2
4212500 3066500  2 23  7  -1.5  994  40  4.0 7  3.0  88    0    0 229 -296  2
4212500 3066500  2 23  8  -1.9  994  31  4.8 5  2.8  83    3   10 233 -295  2
4212500 3066500  2 23  9  -1.7  994  32  4.6 5  2.7  79   88   18 223 -295  2
4212500 3066500  2 23 10  -1.9  995  39  6.1 6  2.7  78   83   65 229 -299  2
4212500 3066500  2 23 11  -2.2  995  34  6.6 7  2.7  80    3  113 241 -303  2
4212500 3066500  2 23 12  -2.8  996  35  4.2 8  2.7  84    0   94 252 -307  2
4212500 3066500  2 23 13  -3.0  997  32  5.2 6  2.8  88    0  116 247 -309  2
4212500 3066500  2 23 14  -2.6  997  18  5.4 5  2.7  86   22  128 232 -310  2
4212500 3066500  2 23 15  -2.7  998  31  4.6 7  2.6  81    6  106 235 -309  2
4212500 3066500  2 23 16  -3.0  998  23  5.4 7  2.4  78    6   79 241 -306  2
4212500 3066500  2 23 17  -3.3  999  21  4.9 7  2.4  77    9   40 239 -301  2
4212500 3066500  2 23 18  -3.7  999  17  3.9 7  2.3  79    0    3 236 -295  2
4212500 3066500  2 23 19  -4.2 1000  16  3.2 7  2.4  82    0    0 233 -292  2
4212500 3066500  2 23 20  -4.3 1000 224  3.2 7  2.2  78    0    0 229 -291  2
4212500 3066500  2 23 21  -4.5 1001 287  2.7 6  2.1  77    0    0 228 -289  2
4212500 3066500  2 23 22  -4.6 1001 333  2.4 6  2.1  77    0    0 221 -288  2
4212500 3066500  2 23 23  -3.7 1001 302  2.3 6  2.4  80    0    0 214 -288  2
4212500 3066500  2 23 24  -2.6 1002 262  2.6 6  2.8  85    0    0 220 -286  2
4212500 3066500  2 24  1  -1.2 1022 219  3.1 7  3.2  91    0    0 284 -320  2
4212500 3066500  2 24  2  -0.2 1021 185  3.6 8  3.6  95    0    0 290 -320  2
4212500 3066500  2 24  3   0.7 1020 159  3.9 8  3.9  98    0    0 292 -320  2
4212500 3066500  2 24  4   0.6 1020 159  4.0 8  3.9  98    0    0 294 -320  2
4212500 3066500  2 24  5   0.6 1019 162  4.1 7  3.8  98    0    0 289 -321  2
4212500 3066500  2 24  6   0.5 1018 164  4.2 7  3.8  98    0    0 284 -321  2
4212500 3066500  2 24  7   0.3 1018 163  4.7 7  3.8  98    0    0 286 -321  2
4212500 3066500  2 24  8   0.5 1017 163  5.9 8  3.8  98    0    7 293 -321  2
4212500 3066500  2 24  9   1.1 1016 165  5.0 8  3.8  96    0   41 301 -321  2
4212500 3066500  2 24 10   1.6 1015 166  5.5 8  3.9  93    0   59 304 -321  2
4212500 3066500  2 24 11   2.1 1013 188  6.3 7  3.9  91    0   75 304 -323  2
4212500 3066500  2 24 12   2.4 1012 182  6.0 8  4.1  92    0   42 309 -324  2
4212500 3066500  2 24 13   2.6 1011 194  6.3 8  4.3  95    0   48 315 -323  2
4212500 3066500  2 24 14   3.0 1010 208  6.9 8  4.5  97    0   39 318 -324  2
4212500 3066500  2 24 15   3.5 1009 235  6.2 8  4.7  97    0   34 320 -325  2
4212500 3066500  2 24 16   4.4 1009 274  8.1 7  4.9  97    0   77 316 -325  2
4212500 3066500  2 24 17   4.8 1009 282  7.6 3  5.0  95   69   23 279 -327  2
4212500 3066500  2 24 18   4.1 1010 272  7.0 3  4.7  91    0   11 245 -329  2
4212500 3066500  2 24 19   3.6 1010 270  7.7 2  4.4  88    0    0 232 -329  2
4212500 3066500  2 24 20   3.4 1011 270  7.6 1  4.3  87    0    0 210 -326  2
4212500 3066500  2 24 21   3.5 1012 266  8.0 4  4.3  88    0    0 222 -325  2
4212500 3066500  2 24 22   3.5 1012 266  6.8 2  4.3  89    0    0 231 -324  2
4212500 3066500  2 24 23   3.2 1013 267  6.7 2  4.3  89    0    0 222 -323  2
4212500 3066500  2 24 24   2.9 1013 268  6.9 4  4.2  90    0    0 245 -324  2
4212500 3066500  2 25  1   2.7 1013 269  5.8 3  4.2  90    0    0 253 -323  2
4212500 3066500  2 25  2   2.8 1013 266  5.9 7  4.2  91    0    0 274 -322  2
4212500 3066500  2 25  3   2.7 1013 258  6.4 7  4.2  91    0    0 300 -321  2
4212500 3066500  2 25  4   2.2 1013 241  5.1 8  4.2  93    0    0 304 -321  2
4212500 3066500  2 25  5   1.9 1012 252  5.3 8  4.2  95    0    0 309 -321  2
4212500 3066500  2 25  6   1.8 1012 244  3.9 8  4.2  96    0    0 308 -321  2
4212500 3066500  2 25  7   1.6 1011 248  3.5 7  4.2  97    0    0 300 -320  2
4212500 3066500  2 25  8   1.8 1011 241  3.7 7  4.2  97    1   11 293 -319  2
4212500 3066500  2 25  9   1.9 1011 250  4.5 7  4.2  97   87   29 296 -319  2
4212500 3066500  2 25 10   3.0 1011 266  6.6 6  4.3  94   79   96 293 -321  2
4212500 3066500  2 25 11   3.6 1011 268  8.1 7  4.4  91    6  125 296 -329  2
4212500 3066500  2 25 12   4.0 1011 260  8.7 7  4.5  90    0   94 303 -340  2
4212500 3066500  2 25 13   4.3 1011 270  9.1 6  4.6  89    0  121 292 -347  2
4212500 3066500  2 25 14   4.7 1012 274 10.0 3  4.5  86   66  154 265 -350  2
4212500 3066500  2 25 15   5.3 1013 287  9.4 4  4.4  81  153  107 255 -349  2
4212500 3066500  2 25 16   5.7 1014 279  7.4 5  4.3  77   79   88 267 -345  2
4212500 3066500  2 25 17   5.5 1014 278  8.9 4  4.3  76   48   43 268 -339  2
4212500 3066500  2 25 18   4.2 1015 271  8.8 7  4.2  78    0    9 276 -334  2
4212500 3066500  2 25 19   4.1 1015 269  9.8 6  4.1  80    0    0 284 -331  2
4212500 3066500  2 25 20   4.3 1016 272 10.2 7  4.1  80    0    0 284 -331  2
4212500 3066500  2 25 21   4.4 1017 261 10.7 8  4.1  80    0    0 292 -333  2
4212500 3066500  2 25 22   4.4 1017 264 10.0 5  4.2  81    0    0 282 -334  2
4212500 3066500  2 25 23   4.4 1017 268 10.5 5  4.3  83    0    0 270 -333  2
4212500 3066500  2 25 24   4.4 1017 280 10.6 8  4.4  84    0    0 286 -329  2
4212500 3066500  2 26  1   4.2 1017 270 10.2 6  4.4  85    0    0 291 -327  2
4212500 3066500  2 26  2   4.0 1018 272 10.6 6  4.4  87    0    0 279 -327  2
4212500 3066500  2 26  3   4.0 1018 281 10.3 6  4.4  88    0    0 279 -327  2
4212500 3066500  2 26  4   3.8 1019 283  9.7 2  4.4  88    0    0 260 -327  2
4212500 3066500  2 26  5   3.9 1020 280  9.0 1  4.4  88    0    0 235 -326  2
4212500 3066500  2 26  6   3.8 1020 294  8.4 2  4.5  90    0    0 231 -325  2
4212500 3066500  2 26  7   3.7 1021 282  8.4 1  4.5  92    0    0 226 -324  2
4212500 3066500  2 26  8   3.6 1022 277  7.0 3  4.6  93    3   18 227 -323  2
4212500 3066500  2 26  9   4.0 1022 279  6.8 4  4.6  94   27   89 242 -325  2
4212500 3066500  2 26 10   4.4 1023 274  7.0 6  4.7  92   18  145 261 -331  2
4212500 3066500  2 26 11   4.9 1023 272  7.8 7  4.6  88    7  157 282 -340  2
4212500 3066500  2 26 12   5.4 1024 280  8.3 6  4.6  85    8  182 283 -348  2
4212500 3066500  2 26 13   6.0 1024 271  8.6 6  4.7  83    1  137 279 -354  2
4212500 3066500  2 26 14   5.7 1024 279  7.7 7  4.8  84    0   96 288 -356  2
4212500 3066500  2 26 15   5.2 1024 279  6.4 7  4.9  88    3  127 295 -356  2
4212500 3066500  2 26 16   5.4 1024 266  5.6 6  4.9  89   21  139 292 -354  2
4212500 3066500  2 26 17   5.3 1024 260  5.8 6  4.9  89    8   67 288 -350  2
4212500 3066500  2 26 18   5.4 1024 263  6.1 8  4.8  88    0   10 301 -344  2
4212500 3066500  2 26 19   5.5 1024 258  6.0 8  4.8  87    0    0 312 -338  2
4212500 3066500  2 26 20   5.5 1025 256  4.5 7  4.8  86    0    0 306 -335  2
4212500 3066500  2 26 21   5.6 1025 255  4.4 7  4.7  85    0    0 303 -332  2
4212500 3066500  2 26 22   5.5 1025 254  4.6 6  4.7  85    0    0 301 -329  2
4212500 3066500  2 26 23   4.4 1025 238  4.6 5  4.6  87    0    0 289 -327  2
4212500 3066500  2 26 24   3.5 1025 232  4.5 4  4.4  89    0    0 275 -325  2
4212500 3066500  2 27  1   3.4 1025 254  4.2 6  4.4  91    0    0 278 -323  2
4212500 3066500  2 27  2   3.2 1025 251  4.0 3  4.3  91    0    0 270 -321  2
4212500 3066500  2 27  3   2.3 1026 249  4.1 0  4.1  90    0    0 237 -320  2
4212500 3066500  2 27  4   1.8 1026 243  4.6 1  4.0  91    0    0 224 -320  2
4212500 3066500  2 27  5   1.4 1025 235  3.7 1  3.9  92    0    0 226 -319  2
4212500 3066500  2 27  6   1.0 1025 225  3.3 2  3.8  92    0    0 229 -318  2
4212500 3066500  2 27  7   0.7 1025 199  3.4 2  3.7  92    0    0 231 -316  2
4212500 3066500  2 27  8   1.0 1025 195  4.1 0  3.7  94   14   15 219 -315  2
4212500 3066500  2 27  9   1.9 1025 202  4.2 1  3.9  94  102   58 216 -316  2
4212500 3066500  2 27 10   3.5 1025 188  4.7 0  4.0  88  202   86 219 -318  2
4212500 3066500  2 27 11   5.1 1025 187  5.8 1  4.1  80  267  118 223 -323  2
4212500 3066500  2 27 12   6.7 1024 199  6.9 3  4.1  72  309  132 245 -332  2
4212500 3066500  2 27 13   7.6 1024 190  7.1 5  4.1  66  294  148 270 -341  2
4212500 3066500  2 27 14   8.2 1023 191  8.2 5  4.0  61  241  162 280 -347  2
4212500 3066500  2 27 15   8.4 1022 192  7.0 4  3.9  58  173  151 277 -348  2
4212500 3066500  2 27 16   8.5 1021 189  7.4 4  3.8  56  118  109 272 -347  2
4212500 3066500  2 27 17   7.6 1020 193  7.2 5  3.6  55   37   63 273 -344  2
4212500 3066500  2 27 18   6.8 1018 188  8.3 7  3.6  58    0   12 281 -341  2
4212500 3066500  2 27 19   5.9 1018 194  7.8 6  3.8  64    0    0 281 -339  2
4212500 3066500  2 27 20   5.5 1017 190  8.1 5  3.9  69    0    0 269 -337  2
4212500 3066500  2 27 21   5.6 1016 187  8.6 3  4.0  72    0    0 256 -336  2
4212500 3066500  2 27 22   6.1 1015 189  8.3 4  4.2  74    0    0 253 -335  2
4212500 3066500  2 27 23   6.2 1015 187  8.3 4  4.4  75    0    0 259 -334  2
4212500 3066500  2 27 24   6.4 1014 186  7.4 5  4.4  74    0    0 263 -334  2
4212500 3066500  2 28  1   6.5 1013 186  6.6 8  4.4  74    0    0 282 -335  2
4212500 3066500  2 28  2   6.6 1012 187  6.5 7  4.5  75    0    0 292 -335  2
4212500 3066500  2 28  3   6.6 1011 188  6.6 6  4.6  75    0    0 284 -335  2
4212500 3066500  2 28  4   6.4 1010 186  6.2 7  4.6  76    0    0 287 -335  2
4212500 3066500  2 28  5   6.5 1009 185  6.8 6  4.6  76    0    0 289 -335  2
4212500 3066500  2 28  6   6.5 1008 186  6.2 7  4.6  76    0    0 291 -335  2
4212500 3066500  2 28  7   6.4 1007 186  6.8 6  4.6  77    0    0 294 -335  2
4212500 3066500  2 28  8   6.5 1006 187  8.3 7  4.7  77    0    6 295 -336  2
4212500 3066500  2 28  9   7.4 1005 188  8.6 8  4.7  75    1   46 309 -339  2
4212500 3066500  2 28 10   9.1 1005 197  9.0 7  4.8  70   16  105 313 -346  2
4212500 3066500  2 28 11  10.6 1004 199  7.4 7  5.0  65   45  145 314 -354  2
4212500 3066500  2 28 12  12.3 1003 210  9.3 8  5.1  61   43  165 325 -360  2
4212500 3066500  2 28 13  13.6 1003 217  9.4 7  5.4  58  169  137 332 -362  2
4212500 3066500  2 28 14  14.6 1003 215 10.8 5  5.6  56  194  121 322 -361  2
4212500 3066500  2 28 15  13.7 1003 225  9.6 8  5.7  56    3  109 330 -361  2
4212500 3066500  2 28 16  13.3 1002 241  6.2 8  5.9  61    0   26 348 -362  2
4212500 3066500  2 28 17   9.7 1002 261  8.2 8  6.2  72    0   14 346 -362  2
4212500 3066500  2 28 18   7.6 1003 267  6.0 6  6.1  87    0    1 325 -361  2
4212500 3066500  2 28 19   6.6 1004 263  5.5 7  5.8  91    0    0 313 -360  2
4212500 3066500  2 28 20   6.3 1005 254  6.3 6  5.6  93    0    0 310 -357  2
4212500 3066500  2 28 21   6.0 1005 260  5.3 7  5.5  93    0    0 308 -352  2
4212500 3066500  2 28 22   5.8 1006 253  6.9 5  5.4  92    0    0 298 -347  2
4212500 3066500  2 28 23   5.7 1006 246  6.2 5  5.3  91    0    0 283 -344  2
4212500 3066500  2 28 24   6.0 1007 265  8.3 6  5.3  91    0    0 289 -343  2
4212500 3066500  3  1  1   5.4 1008 261  7.9 6  5.1  88    0    0 294 -340  2
4212500 3066500  3  1  2   4.8 1009 243  6.3 3  4.8  87    0    0 269 -336  2
4212500 3066500  3  1  3   4.3 1009 231  6.1 2  4.6  88    0    0 234 -336  2
4212500 3066500  3  1  4   3.9 1010 231  7.0 1  4.5  89    0    0 211 -334  2
4212500 3066500  3  1  5   3.6 1010 218  5.9 1  4.5  90    0    0 192 -330  2
4212500 3066500  3  1  6   3.3 1010 219  6.5 0  4.4  91    0    0 170 -326  2
4212500 3066500  3  1  7   3.5 1010 227  7.2 2  4.4  92    0    0 168 -324  2
4212500 3066500  3  1  8   3.5 1010 226  7.4 4  4.5  92    0    6 194 -326  2
4212500 3066500  3  1  9   4.3 1010 216  9.0 7  4.6  91    0   38 246 -329  2
4212500 3066500  3  1 10   5.1 1011 215  6.8 7  4.7  88    8  113 280 -335  2
4212500 3066500  3  1 11   6.2 1010 206  7.5 6  4.8  84   89  183 269 -342  2
4212500 3066500  3  1 12   7.2 1010 199  7.4 6  4.9  80  125  212 258 -348  2
4212500 3066500  3  1 13   7.7 1009 206  6.6 6  4.8  75   71  216 256 -354  2
4212500 3066500  3  1 14   8.3 1008 211  7.1 6  4.7  70  114  215 259 -357  2
4212500 3066500  3  1 15   8.6 1006 198  5.8 5  4.6  66   99  178 255 -358  2
4212500 3066500  3  1 16   8.4 1005 203  5.9 5  4.4  64  105  120 249 -355  2
4212500 3066500  3  1 17   7.7 1004 190  6.1 6  4.3  64   20   65 261 -352  2
4212500 3066500  3  1 18   6.7 1002 187  5.0 8  4.3  68    0    9 291 -348  2
4212500 3066500  3  1 19   6.1 1001 180  5.5 8  4.4  72    0    0 312 -345  2
4212500 3066500  3  1 20   5.6 1000 180  6.0 8  4.4  76    0    0 315 -344  2
4212500 3066500  3  1 21   5.6  998 171  5.9 7  4.5  78    0    0 310 -343  2
4212500 3066500  3  1 22   5.4  997 182  6.5 5  4.5  80    0    0 284 -342  2
4212500 3066500  3  1 23   5.5  995 178  7.1 5  4.5  80    0    0 263 -341  2
4212500 3066500  3  1 24   5.2  993 191  5.7 7  4.5  80    0    0 282 -342  2
4212500 3066500  3  2  1   5.1  990 180  7.0 8  4.9  87    0    0 318 -343  2
4212500 3066500  3  2  2   5.3  990 189  7.5 7  4.9  87    0    0 308 -343  2
4212500 3066500  3  2  3   5.1  988 192  7.8 8  5.1  90    0    0 307 -343  2
4212500 3066500  3  2  4   5.5  987 204  7.6 8  5.3  93    0    0 317 -343  2
4212500 3066500  3  2  5   5.9  986 212  9.1 8  5.4  93    0    0 319 -344  2
4212500 3066500  3  2  6   6.3  985 217  8.1 8  5.6  92    0    0 319 -343  2
4212500 3066500  3  2  7   6.3  985 234  8.6 8  5.6  92    0    0 319 -341  2
4212500 3066500  3  2  8   5.5  985 263  9.6 8  5.4  90    0   17 316 -340  2
4212500 3066500  3  2  9   4.7  986 265  9.3 8  4.9  88    2   66 312 -340  2
4212500 3066500  3  2 10   5.2  988 260  9.7 7  4.7  85  109   92 302 -343  2
4212500 3066500  3  2 11   5.9  988 259  9.8 7  4.7  81   70  143 298 -347  2
4212500 3066500  3  2 12   6.5  989 257  9.5 6  4.6  77   28  167 294 -350  2
4212500 3066500  3  2 13   6.4  990 258 10.8 6  4.6  75   72  169 292 -349  2
4212500 3066500  3  2 14   6.7  990 264  9.8 8  4.6  75    2  135 301 -348  2
4212500 3066500  3  2 15   7.1  991 268  9.1 5  4.5  72  107  124 293 -350  2
4212500 3066500  3  2 16   7.0  991 258  8.6 5  4.3  68   85   90 278 -348  2
4212500 3066500  3  2 17   6.0  991 238  8.7 5  4.2  69   26   61 276 -344  2
4212500 3066500  3  2 18   5.3  991 238  8.5 5  4.2  72    0   17 271 -339  2
4212500 3066500  3  2 19   4.9  992 244  8.3 5  4.2  75    0    0 269 -335  2
4212500 3066500  3  2 20   5.0  993 248  9.4 5  4.3  78    0    0 269 -336  2
4212500 3066500  3  2 21   5.2  993 260 10.0 4  4.4  78    0    0 266 -336  2
4212500 3066500  3  2 22   4.9  994 260 10.2 2  4.4  79    0    0 251 -335  2
4212500 3066500  3  2 23   4.4  995 259  9.5 2  4.4  81    0    0 238 -334  2
4212500 3066500  3  2 24   4.2  996 266  9.7 4  4.3  83    0    0 248 -333  2
4212500 3066500  3  3  1   3.8  997 265 10.3 3  4.2  82    0    0 254 -333  2
4212500 3066500  3  3  2   4.0  998 276 10.4 2  4.1  80    0    0 245 -333  2
4212500 3066500  3  3  3   3.3  999 281 10.4 0  3.8  76    0    0 232 -332  2
4212500 3066500  3  3  4   3.2 1000 274 10.0 0  3.7  77    0    0 223 -332  2
4212500 3066500  3  3  5   3.1 1000 281  9.7 2  3.8  79    0    0 233 -331  2
4212500 3066500  3  3  6   3.1 1001 271  9.1 4  3.8  79    0    0 252 -329  2
4212500 3066500  3  3  7   3.2 1003 278  9.8 3  3.7  77    0    0 254 -327  2
4212500 3066500  3  3  8   2.9 1004 273  9.5 3  3.6  76   11   27 248 -327  2
4212500 3066500  3  3  9   3.3 1004 281 10.2 4  3.6  75   35   77 252 -328  2
4212500 3066500  3  3 10   3.6 1006 280 10.2 6  3.6  74   24  130 265 -330  2
4212500 3066500  3  3 11   3.9 1007 288  9.1 6  3.6  73    8  146 271 -333  2
4212500 3066500  3  3 12   4.4 1008 279 10.9 6  3.7  71   55  191 270 -337  2
4212500 3066500  3  3 13   5.1 1008 271 11.8 5  3.7  69  208  177 269 -340  2
4212500 3066500  3  3 14   5.1 1009 270 11.1 5  3.6  66  199  169 267 -341  2
4212500 3066500  3  3 15   4.8 1009 262  9.9 6  3.6  66   92  157 272 -340  2
4212500 3066500  3  3 16   4.7 1009 264  7.4 6  3.6  68    8  107 277 -337  2
4212500 3066500  3  3 17   4.3 1009 240  5.6 8  3.6  69    2   62 286 -333  2
4212500 3066500  3  3 18   3.6 1009 224  4.9 8  3.8  74    0    9 293 -330  2
4212500 3066500  3  3 19   3.2 1009 224  4.7 8  3.9  79    0    0 294 -327  2
4212500 3066500  3  3 20   2.7 1008 191  4.9 7  3.8  81    0    0 292 -326  2
4212500 3066500  3  3 21   2.7 1007 190  5.8 6  3.8  82    0    0 288 -327  2
4212500 3066500  3  3 22   3.3 1006 196  7.5 7  3.7  79    0    0 292 -327  2
4212500 3066500  3  3 23   3.7 1005 200  8.4 8  3.7  76    0    0 306 -325  2
4212500 3066500  3  3 24   3.0 1003 201  9.7 8  3.9  80    0    0 315 -323  2
4212500 3066500  3  4  1   2.2 1001 199  9.2 8  4.1  89    0    0 316 -322  2
4212500 3066500  3  4  2   2.2  999 198 10.0 8  4.2  93    0    0 318 -322  2
4212500 3066500  3  4  3   2.0  996 198 11.1 8  4.2  94    0    0 323 -323  2
4212500 3066500  3  4  4   2.3  994 197 12.0 8  4.3  96    0    0 327 -325  2
4212500 3066500  3  4  5   2.7  992 208 12.1 8  4.4  96    0    0 330 -328  2
4212500 3066500  3  4  6   2.8  990 202 12.3 8  4.5  95    0    0 330 -332  2
4212500 3066500  3  4  7   3.4  988 210 10.2 8  4.6  95    0    0 331 -337  2
4212500 3066500  3  4  8   4.8  986 221  9.7 8  5.0  95    0    9 333 -342  2
4212500 3066500  3  4  9   5.8  985 212 10.4 8  5.4  95    0   33 337 -346  2
4212500 3066500  3  4 10   6.5  984 228 11.2 8  5.7  95    0   45 338 -348  2
4212500 3066500  3  4 11   5.3  984 256 11.5 8  5.6  94    0  104 336 -348  2
4212500 3066500  3  4 12   4.8  984 253 11.1 7  5.1  91    0  119 325 -345  2
4212500 3066500  3  4 13   4.9  984 240 11.5 7  4.8  88    3  145 317 -344  2
4212500 3066500  3  4 14   5.8  984 231  9.3 5  4.9  85  162  102 304 -345  2
4212500 3066500  3  4 15   6.2  984 245 10.8 5  4.9  81  141   87 292 -345  2
4212500 3066500  3  4 16   6.6  984 250 14.4 7  4.4  71    0   52 303 -344  2
4212500 3066500  3  4 17   6.4  984 249 16.0 7  4.2  68    0   33 312 -341  2
4212500 3066500  3  4 18   5.3  985 260 14.2 4  4.4  74    0   13 288 -335  2
4212500 3066500  3  4 19   4.9  987 263 13.0 4  4.2  76    0    0 264 -331  2
4212500 3066500  3  4 20   4.0  989 257 14.5 2  4.0  75    0    0 246 -328  2
4212500 3066500  3  4 21   3.9  990 265 11.4 2  3.9  75    0    0 228 -323  2
4212500 3066500  3  4 22   3.8  990 262 12.0 1  3.8  74    0    0 221 -321  2
4212500 3066500  3  4 23   3.4  991 260 11.3 1  3.7  74    0    0 216 -321  2
4212500 3066500  3  4 24   3.0  992 263 11.3 2  3.7  76    0    0 218 -320  2
4212500 3066500  3  5  1   3.0  992 260 10.9 2  3.6  76    0    0 223 -320  2
4212500 3066500  3  5  2   2.8  993 261 11.6 2  3.6  76    0    0 221 -318  2
4212500 3066500  3  5  3   2.4  993 276 11.2 2  3.5  75    0    0 218 -316  2
4212500 3066500  3  5  4   2.0  993 269 12.5 1  3.4  74    0    0 211 -315  2
4212500 3066500  3  5  5   1.8  993 260 12.1 1  3.3  74    0    0 204 -314  2
4212500 3066500  3  5  6   1.8  994 261 11.1 4  3.3  74    0    0 213 -314  2
4212500 3066500  3  5  7   1.9  994 264 11.1 6  3.4  77    0    0 234 -314  2
4212500 3066500  3  5  8   0.9  994 291  9.3 6  3.5  82    0   22 241 -315  2
4212500 3066500  3  5  9   1.8  996 283  8.1 6  3.5  83   36   88 240 -316  2
4212500 3066500  3  5 10   1.7  997 301  9.8 3  3.4  77  169  121 225 -318  2
4212500 3066500  3  5 11   2.7  999 300 10.3 2  3.0  66  247  148 205 -321  2
4212500 3066500  3  5 12   3.4 1000 290  9.6 3  2.8  58  275  176 211 -324  2
4212500 3066500  3  5 13   3.8 1002 289 10.6 3  2.9  58  207  218 220 -327  2
4212500 3066500  3  5 14   3.9 1002 281  9.5 4  2.9  57   93  213 227 -328  2
4212500 3066500  3  5 15   3.7 1003 282  9.6 5  3.0  60    8  141 235 -328  2
4212500 3066500  3  5 16   3.2 1003 280  8.8 4  3.4  69   19  124 233 -326  2
4212500 3066500  3  5 17   3.0 1004 293  8.9 7  3.6  75    0   53 240 -322  2
4212500 3066500  3  5 18   2.3 1004 277  8.0 7  3.5  75    0    8 248 -319  2
4212500 3066500  3  5 19   1.8 1005 271  7.2 6  3.2  73    0    0 243 -316  2
4212500 3066500  3  5 20   1.7 1006 306 10.3 4  3.0  69    0    0 231 -314  2
4212500 3066500  3  5 21   1.7 1007 292  8.1 2  2.9  67    0    0 218 -313  2
4212500 3066500  3  5 22   1.2 1008 291  7.1 1  2.9  69    0    0 207 -313  2
4212500 3066500  3  5 23   1.2 1009 298  8.9 1  2.8  68    0    0 203 -312  2
4212500 3066500  3  5 24   0.9 1010 298  9.1 3  2.7  67    0    0 211 -311  2
4212500 3066500  3  6  1   0.8 1010 290  9.0 1  2.7  68    0    0 212 -309  2
4212500 3066500  3  6  2   0.7 1011 288  8.7 0  2.8  69    0    0 205 -308  2
4212500 3066500  3  6  3   0.6 1012 291  8.4 0  2.8  69    0    0 204 -307  2
4212500 3066500  3  6  4   0.6 1012 302  8.1 1  2.7  68    0    0 209 -306  2
4212500 3066500  3  6  5   0.6 1012 298  7.9 3  2.8  70    0    0 221 -305  2
4212500 3066500  3  6  6   0.5 1013 309  8.5 4  2.8  70    0    0 231 -305  2
4212500 3066500  3  6  7   0.1 1014 299  8.3 5  2.7  70    0    0 238 -304  2
4212500 3066500  3  6  8   0.5 1014 297 10.0 4  2.7  69   27   22 235 -305  2
4212500 3066500  3  6  9   1.2 1015 307 10.1 3  2.6  64  109   46 228 -307  2
4212500 3066500  3  6 10   1.8 1016 298 11.4 3  2.5  60  196   65 228 -312  2
4212500 3066500  3  6 11   1.8 1016 289 10.1 3  2.6  60  223  104 230 -317  2
4212500 3066500  3  6 12   2.1 1017 291  9.4 4  2.6  61  143  168 234 -322  2
4212500 3066500  3  6 13   2.6 1017 301 11.3 5  2.6  59   44  185 242 -326  2
4212500 3066500  3  6 14   2.9 1018 296 10.7 5  2.6  57   92  171 247 -328  2
4212500 3066500  3  6 15   2.8 1018 300 10.0 3  2.7  58  122  139 242 -328  2
4212500 3066500  3  6 16   2.7 1018 297  8.7 4  2.8  61   71  108 240 -328  2
4212500 3066500  3  6 17   2.7 1019 303  8.2 5  2.9  64   46   63 250 -327  2
4212500 3066500  3  6 18   2.4 1019 305  8.2 5  2.9  64    0   19 253 -324  2
4212500 3066500  3  6 19   2.2 1020 290  6.7 5  2.9  66    0    0 252 -321  2
4212500 3066500  3  6 20   1.8 1020 289  6.4 3  3.1  71    0    0 243 -321  2
4212500 3066500  3  6 21   1.8 1021 277  5.7 2  3.2  74    0    0 229 -322  2
4212500 3066500  3  6 22   1.2 1021 270  6.4 2  3.4  81    0    0 222 -323  2
4212500 3066500  3  6 23   0.7 1021 255  5.9 2  3.5  87    0    0 220 -323  2
4212500 3066500  3  6 24   0.8 1022 261  6.0 0  3.5  88    0    0 217 -322  2
4212500 3066500  3  7  1   1.5 1022 259  5.6 0  3.6  87    0    0 220 -322  2
4212500 3066500  3  7  2   1.4 1022 242  5.2 3  3.6  87    0    0 233 -321  2
4212500 3066500  3  7  3   1.7 1022 224  4.5 6  3.6  86    0    0 257 -321  2
4212500 3066500  3  7  4   1.7 1021 229  5.3 8  3.7  86    0    0 278 -321  2
4212500 3066500  3  7  5   1.5 1020 229  7.1 8  3.6  86    0    0 285 -320  2
4212500 3066500  3  7  6   1.6 1019 229  6.7 8  3.6  85    0    0 284 -320  2
4212500 3066500  3  7  7   1.7 1019 226  8.1 8  3.6  85    0    0 284 -319  2
4212500 3066500  3  7  8   2.0 1018 227  7.2 8  3.7  86    0   13 283 -320  2
4212500 3066500  3  7  9   2.5 1017 227  7.7 7  3.8  85    0   53 281 -321  2
4212500 3066500  3  7 10   3.0 1016 227  9.5 7  3.9  85    0   94 278 -324  2
4212500 3066500  3  7 11   4.0 1016 227  8.5 8  4.1  84    0   72 287 -330  2
4212500 3066500  3  7 12   4.5 1015 240  8.1 8  4.2  82    0   56 297 -336  2
4212500 3066500  3  7 13   4.6 1014 242  8.8 8  4.4  85    0   55 302 -340  2
4212500 3066500  3  7 14   4.9 1014 241  8.4 8  4.7  88    0   43 305 -341  2
4212500 3066500  3  7 15   5.6 1013 251  9.8 8  4.8  87    0   41 308 -340  2
4212500 3066500  3  7 16   5.9 1012 250  9.5 8  4.9  85    0   44 312 -340  2
4212500 3066500  3  7 17   5.8 1012 253 10.5 8  5.0  87    0   22 316 -340  2
4212500 3066500  3  7 18   5.9 1012 255  9.6 8  5.1  89    0    3 319 -340  2
4212500 3066500  3  7 19   6.2 1011 252  9.7 8  5.2  88    0    0 321 -339  2
4212500 3066500  3  7 20   6.1 1011 250 10.3 8  5.2  88    0    0 323 -339  2
4212500 3066500  3  7 21   6.4 1011 250 10.8 8  5.3  88    0    0 325 -339  2
4212500 3066500  3  7 22   6.5 1010 250 11.6 8  5.3  89    0    0 326 -339  2
4212500 3066500  3  7 23   6.4 1009 253 14.3 7  5.4  90    0    0 321 -339  2
4212500 3066500  3  7 24   6.8 1009 251 12.0 8  5.5  90    0    0 323 -339  2
4212500 3066500  3  8  1   7.0 1008 250 11.1 8  5.5  89    0    0 331 -340  2
4212500 3066500  3  8  2   7.3 1006 249 12.4 8  5.6  89    0    0 332 -341  2
4212500 3066500  3  8  3   7.0 1006 252 11.1 7  5.7  90    0    0 328 -341  2
4212500 3066500  3  8  4   6.9 1006 252 10.4 8  5.8  92    0    0 329 -342  2
4212500 3066500  3  8  5   7.1 1005 252 10.7 8  5.9  94    0    0 336 -343  2
4212500 3066500  3  8  6   7.0 1005 252 10.5 8  6.0  95    0    0 337 -344  2
4212500 3066500  3  8  7   7.1 1005 260 10.8 8  6.1  96    0    0 338 -344  2
4212500 3066500  3  8  8   7.2 1005 261 12.9 8  6.1  96    0   10 340 -345  2
4212500 3066500  3  8  9   6.8 1005 260 10.1 8  6.1  97    0   36 339 -345  2
4212500 3066500  3  8 10   7.4 1005 260 12.1 8  6.1  96    0   49 340 -346  2
4212500 3066500  3  8 11   7.5 1005 261 13.1 7  6.1  94    0   67 336 -347  2
4212500 3066500  3  8 12   7.5 1005 263 10.4 7  6.2  95    0   83 331 -348  2
4212500 3066500  3  8 13   8.8 1005 256 10.8 7  6.2  91    0  115 333 -349  2
4212500 3066500  3  8 14   8.4 1004 261 11.0 7  6.1  88    0   75 334 -351  2
4212500 3066500  3  8 15   8.3 1003 260 12.9 8  6.1  89    0   44 338 -352  2
4212500 3066500  3  8 16   7.5 1003 259 11.9 8  6.2  92    0   31 342 -353  2
4212500 3066500  3  8 17   7.8 1003 263 13.0 7  6.2  93    0   34 337 -353  2
4212500 3066500  3  8 18   7.4 1002 268 11.1 8  6.1  93    0    5 338 -352  2
4212500 3066500  3  8 19   6.7 1002 281 10.7 8  6.0  95    0    0 342 -352  2
4212500 3066500  3  8 20   6.7 1003 284 11.5 8  5.9  95    0    0 341 -350  2
4212500 3066500  3  8 21   6.8 1003 299 10.5 7  5.8  94    0    0 335 -347  2
4212500 3066500  3  8 22   5.8 1004 272  9.6 7  5.6  94    0    0 326 -344  2
4212500 3066500  3  8 23   5.6 1004 298  7.1 7  5.4  94    0    0 322 -342  2
4212500 3066500  3  8 24   4.5 1005 290  6.9 5  5.1  94    0    0 308 -339  2
4212500 3066500  3  9  1   4.3 1006 282  5.8 4  4.8  92    0    0 287 -336  2
4212500 3066500  3  9  2   4.4 1007 283  4.6 5  4.7  90    0    0 286 -333  2
4212500 3066500  3  9  3   3.6 1007 273  5.5 7  4.6  90    0    0 301 -330  2
4212500 3066500  3  9  4   3.3 1007 272  6.2 8  4.5  92    0    0 318 -329  2
4212500 3066500  3  9  5   3.9 1007 273  6.2 8  4.5  91    0    0 323 -329  2
4212500 3066500  3  9  6   3.6 1007 265  4.6 8  4.5  90    0    0 324 -330  2
4212500 3066500  3  9  7   3.8 1007 251  3.0 8  4.5  91    0    0 326 -331  2
4212500 3066500  3  9  8   3.7 1006 227  2.8 8  4.6  92    0    9 330 -333  2
4212500 3066500  3  9  9   4.0 1006 199  3.4 8  4.8  95    0   20 333 -336  2
4212500 3066500  3  9 10   4.3 1005 177  3.9 8  5.0  97    0   40 335 -339  2
4212500 3066500  3  9 11   5.2 1003 215  6.6 8  5.3  99    0   71 339 -344  2
4212500 3066500  3  9 12   8.5 1001 254 10.2 8  6.2  99    0   67 349 -351  2
4212500 3066500  3  9 13   8.5 1000 264 11.6 8  6.8  97    0   62 357 -357  2
4212500 3066500  3  9 14   8.5 1000 268 13.3 8  6.8  97    0   65 358 -360  2
4212500 3066500  3  9 15   8.7  999 269 12.7 7  6.5  92    0   70 353 -361  2
4212500 3066500  3  9 16   8.5  999 268 13.1 7  6.3  89    0   61 347 -360  2
4212500 3066500  3  9 17   8.3  999 275 11.3 6  6.2  88    0   41 340 -360  2
4212500 3066500  3  9 18   8.2  999 270 11.2 8  6.0  88    0   18 346 -359  2
4212500 3066500  3  9 19   8.1  999 268 12.7 8  6.0  88    0    0 357 -359  2
4212500 3066500  3  9 20   8.2  999 267 11.8 8  6.0  88    0    0 357 -359  2
4212500 3066500  3  9 21   8.7  999 271 12.5 8  6.0  86    0    0 357 -358  2
4212500 3066500  3  9 22   8.6  998 272  9.1 8  6.0  84    0    0 356 -357  2
4212500 3066500  3  9 23   7.6  998 270 11.0 7  5.9  86    0    0 349 -357  2
4212500 3066500  3  9 24   7.6  998 279  9.8 3  5.7  87    0    0 318 -358  2
4212500 3066500  3 10  1   7.9  998 266 15.2 2  5.9  88    0    0 293 -358  2
4212500 3066500  3 10  2   7.8  998 268 12.6 4  6.0  89    0    0 300 -358  2
4212500 3066500  3 10  3   7.9  998 262 11.2 5  5.9  88    0    0 316 -357  2
4212500 3066500  3 10  4   8.3  997 264 11.8 6  5.8  85    0    0 327 -355  2
4212500 3066500  3 10  5   8.0  996 267 14.5 6  5.7  83    0    0 329 -353  2
4212500 3066500  3 10  6   7.8  995 279 12.5 7  5.7  84    0    0 333 -352  2
4212500 3066500  3 10  7   7.6  995 288 12.8 7  5.6  84    0    0 335 -350  2
4212500 3066500  3 10  8   7.5  996 284 11.2 7  5.5  83   29   27 332 -348  2
4212500 3066500  3 10  9   7.1  997 290 11.0 5  5.2  81  100   57 316 -344  2
4212500 3066500  3 10 10   6.6  997 316  9.0 6  4.8  77   36  135 306 -339  2
4212500 3066500  3 10 11   6.0  998 311  9.1 7  4.5  74    3  137 313 -337  2
4212500 3066500  3 10 12   5.1  999 328  8.4 7  4.3  76    5  158 316 -340  2
4212500 3066500  3 10 13   5.0 1000 331 10.9 7  4.2  77   10  172 313 -344  2
4212500 3066500  3 10 14   4.5 1001 338  7.3 6  4.0  74    3  148 303 -344  2
4212500 3066500  3 10 15   4.2 1003 332  7.7 6  3.8  72    0  105 293 -343  2
4212500 3066500  3 10 16   3.9 1004 325  6.7 7  3.7  73    0   73 295 -340  2
4212500 3066500  3 10 17   3.7 1005 339  5.0 6  3.6  73   12   71 292 -335  2
4212500 3066500  3 10 18   3.0 1006 335  5.5 7  3.5  72   10   25 287 -328  2
4212500 3066500  3 10 19   2.6 1007 336  6.8 7  3.3  71    0    0 286 -322  2
4212500 3066500  3 10 20   2.1 1008 331  6.3 6  3.2  71    0    0 274 -320  2
4212500 3066500  3 10 21   2.0 1009 332  6.3 3  3.2  73    0    0 249 -317  2
4212500 3066500  3 10 22   1.6 1010 333  5.9 1  3.2  74    0    0 220 -314  2
4212500 3066500  3 10 23   1.5 1011 332  5.2 1  3.2  75    0    0 209 -313  2
4212500 3066500  3 10 24   1.2 1012 323  4.2 0  3.1  75    0    0 201 -312  2
4212500 3066500  3 11  1   0.9 1013 324  4.0 0  3.1  75    0    0 193 -312  2
4212500 3066500  3 11  2   0.4 1014 321  3.8 0  2.9  74    0    0 189 -312  2
4212500 3066500  3 11  3   0.2 1015 316  4.1 1  2.9  75    0    0 194 -312  2
4212500 3066500  3 11  4  -0.1 1015 307  4.4 2  3.0  78    0    0 206 -312  2
4212500 3066500  3 11  5  -0.1 1015 296  4.5 2  3.0  80    0    0 211 -311  2
4212500 3066500  3 11  6  -0.1 1016 304  5.0 3  3.0  80    0    0 215 -310  2
4212500 3066500  3 11  7   0.8 1016 292  5.3 4  3.1  79    0    0 224 -310  2
4212500 3066500  3 11  8   1.6 1016 302  5.4 3  3.2  77   28   44 225 -310  2
4212500 3066500  3 11  9   2.6 1016 306  5.5 3  3.3  76   98   92 224 -312  2
4212500 3066500  3 11 10   2.7 1017 329  4.4 5  3.6  78   96  160 240 -317  2
4212500 3066500  3 11 11   3.6 1018 339  5.6 5  3.4  73  187  185 255 -323  2
4212500 3066500  3 11 12   4.0 1019 309  6.5 6  3.2  65  273  188 263 -330  2
4212500 3066500  3 11 13   4.3 1019 319  5.9 6  3.0  59  292  192 269 -333  2
4212500 3066500  3 11 14   4.5 1019 321  7.1 7  2.6  51  231  203 276 -334  2
4212500 3066500  3 11 15   4.5 1020 301  6.5 5  2.5  48  153  187 270 -335  2
4212500 3066500  3 11 16   3.9 1020 288  6.0 5  2.6  51   85  145 258 -334  2
4212500 3066500  3 11 17   3.4 1019 277  5.2 8  2.7  56   22   90 278 -330  2
4212500 3066500  3 11 18   2.8 1019 275  4.3 7  2.9  62    0   21 291 -325  2
4212500 3066500  3 11 19   2.2 1019 271  4.1 7  3.1  69    0    0 283 -321  2
4212500 3066500  3 11 20   1.7 1019 231  3.3 8  3.3  75    0    0 288 -320  2
4212500 3066500  3 11 21   1.2 1018 216  2.0 8  3.2  77    0    0 293 -319  2
4212500 3066500  3 11 22   1.1 1017 219  3.0 8  3.1  77    0    0 292 -317  2
4212500 3066500  3 11 23   1.6 1016 171  3.3 8  3.2  76    0    0 293 -317  2
4212500 3066500  3 11 24   2.1 1014 169  4.0 8  3.3  76    0    0 297 -317  2
4212500 3066500  3 12  1   1.8 1013 176  4.0 8  3.3  76    0    0 299 -317  2
4212500 3066500  3 12  2   0.9 1012 187  4.1 8  3.4  82    0    0 299 -317  2
4212500 3066500  3 12  3   0.6 1010 163  4.8 8  3.6  91    0    0 299 -318  2
4212500 3066500  3 12  4   0.6 1007 156  5.6 8  3.7  94    0    0 300 -318  2
4212500 3066500  3 12  5   0.5 1005 156  5.0 8  3.8  95    0    0 303 -319  2
4212500 3066500  3 12  6   0.8 1003 168  5.1 8  3.8  95    0    0 308 -319  2
4212500 3066500  3 12  7   1.3 1000 171  5.8 8  3.9  94    0    3 313 -319  2
4212500 3066500  3 12  8   2.3  998 189  6.6 8  4.1  94    0   34 317 -319  2
4212500 3066500  3 12  9   3.3  996 211  6.1 8  4.4  94    0   51 322 -320  2
4212500 3066500  3 12 10   4.9  995 278 10.8 8  4.8  94    0   50 327 -321  2
4212500 3066500  3 12 11   5.5  996 280 10.0 8  5.3  95    0   76 331 -322  2
4212500 3066500  3 12 12   5.9  995 279  9.6 7  5.5  95    0   85 326 -322  2
4212500 3066500  3 12 13   6.1  996 281  8.4 7  5.5  93    0  124 320 -322  2
4212500 3066500  3 12 14   5.9  996 289  9.7 7  5.5  93    0  113 319 -322  2
4212500 3066500  3 12 15   5.0  996 277 10.0 7  5.5  96    0   93 316 -324  2
4212500 3066500  3 12 16   3.8  997 350 10.8 8  5.3 100    0   28 318 -325  2
4212500 3066500  3 12 17   3.7  998  16  7.2 7  4.8  95    0   36 313 -323  2
4212500 3066500  3 12 18   2.3 1000  27  7.1 7  4.4  92    0   11 302 -322  2
4212500 3066500  3 12 19   2.4 1002  22  8.0 8  4.1  90    0    0 305 -321  2
4212500 3066500  3 12 20   2.5 1005  48  8.4 8  3.9  85    0    0 309 -320  2
4212500 3066500  3 12 21   2.4 1008  62  9.1 8  3.8  83    0    0 309 -318  2
4212500 3066500  3 12 22   2.3 1010  64  8.1 6  3.7  82    0    0 298 -317  2
4212500 3066500  3 12 23   2.4 1012  73  7.0 6  3.6  80    0    0 288 -317  2
4212500 3066500  3 12 24   1.9 1014  46  5.8 7  3.6  81    0    0 295 -316  2
4212500 3066500  3 13  1   2.0 1015  20  5.3 5  3.7  84    0    0 287 -316  2
4212500 3066500  3 13  2   1.2 1017  12  3.2 5  3.6  84    0    0 273 -314  2
4212500 3066500  3 13  3  -0.3 1018 353  2.0 5  3.4  87    0    0 267 -313  2
4212500 3066500  3 13  4  -0.7 1019 339  1.0 3  3.3  91    0    0 251 -312  2
4212500 3066500  3 13  5  -1.0 1019 358  0.6 0  3.3  92    0    0 219 -310  2
4212500 3066500  3 13  6  -1.4 1020   6  0.9 3  3.2  94    0    0 216 -308  2
4212500 3066500  3 13  7  -1.4 1021   6  0.4 4  3.2  94    0    4 237 -307  2
4212500 3066500  3 13  8  -0.4 1022 313  0.9 4  3.3  93   10   53 243 -307  2
4212500 3066500  3 13  9   2.5 1022 155  1.0 6  3.6  88    1   89 260 -312  2
4212500 3066500  3 13 10   2.8 1023 207  1.8 7  3.8  83    1  126 283 -318  2
4212500 3066500  3 13 11   3.0 1023 200  3.6 7  3.8  81    3  162 291 -325  2
4212500 3066500  3 13 12   3.8 1023 206  4.1 7  3.7  78   12  208 295 -334  2
4212500 3066500  3 13 13   3.9 1022 228  4.7 7  3.7  76    4  191 299 -340  2
4212500 3066500  3 13 14   4.0 1022 239  4.1 7  3.6  73    0  145 299 -347  2
4212500 3066500  3 13 15   4.2 1022 226  4.0 7  3.5  69    0  139 299 -350  2
4212500 3066500  3 13 16   4.0 1022 221  4.1 8  3.5  70    0   92 304 -346  2
4212500 3066500  3 13 17   4.0 1021 201  3.2 8  3.6  72    0   60 308 -340  2
4212500 3066500  3 13 18   3.9 1021 198  3.5 8  3.6  72    0   20 304 -331  2
4212500 3066500  3 13 19   3.6 1021 198  3.2 8  3.6  74    0    0 301 -323  2
4212500 3066500  3 13 20   3.7 1021 203  3.2 8  3.7  75    0    0 299 -321  2
4212500 3066500  3 13 21   3.6 1021 203  4.0 8  3.7  76    0    0 299 -318  2
4212500 3066500  3 13 22   3.1 1021 200  3.9 8  3.8  80    0    0 299 -315  2
4212500 3066500  3 13 23   3.0 1020 193  4.8 8  4.0  85    0    0 298 -314  2
4212500 3066500  3 13 24   3.2 1020 213  3.6 8  4.1  87    0    0 299 -314  2
4212500 3066500  3 14  1   3.4 1020 235  4.7 6  4.2  89    0    0 292 -314  2
4212500 3066500  3 14  2   3.5 1020 244  4.3 7  4.4  92    0    0 288 -314  2
4212500 3066500  3 14  3   3.8 1020 238  3.8 8  4.6  94    0    0 299 -313  2
4212500 3066500  3 14  4   3.7 1020 242  4.1 8  4.6  93    0    0 304 -313  2
4212500 3066500  3 14  5   3.7 1020 244  3.7 7  4.5  92    0    0 300 -312  2
4212500 3066500  3 14  6   3.8 1020 236  2.9 7  4.5  92    0    0 295 -311  2
4212500 3066500  3 14  7   3.9 1020 242  3.6 8  4.6  92    0    2 300 -310  2
4212500 3066500  3 14  8   4.3 1020 239  2.6 6  4.6  91    1   42 296 -311  2
4212500 3066500  3 14  9   4.9 1020 218  3.3 6  4.6  88   11  119 286 -315  2
4212500 3066500  3 14 10   5.8 1020 215  3.8 7  4.7  86   14  179 293 -319  2
4212500 3066500  3 14 11   6.4 1019 228  5.8 7  4.9  84   13  205 300 -328  2
4212500 3066500  3 14 12   6.8 1019 230  4.6 7  5.1  84    5  191 303 -337  2
4212500 3066500  3 14 13   7.2 1019 231  4.8 6  5.2  85    5  195 301 -344  2
4212500 3066500  3 14 14   7.8 1018 233  5.1 7  5.4  84    0   67 304 -351  2
4212500 3066500  3 14 15   7.8 1018 232  6.0 8  5.3  81    0   39 316 -354  2
4212500 3066500  3 14 16   7.0 1017 272  5.7 8  5.1  81    0   36 321 -354  2
4212500 3066500  3 14 17   6.4 1017 272  5.8 8  5.0  82    0   37 322 -352  2
4212500 3066500  3 14 18   6.1 1017 265  5.3 8  4.9  82    0   21 322 -347  2
4212500 3066500  3 14 19   5.7 1016 264  5.9 8  4.8  84    0    0 321 -342  2
4212500 3066500  3 14 20   5.7 1016 251  5.6 8  4.9  85    0    0 321 -340  2
4212500 3066500  3 14 21   5.6 1016 244  5.6 8  4.9  86    0    0 317 -341  2
4212500 3066500  3 14 22   5.6 1015 238  5.6 8  4.9  87    0    0 318 -342  2
4212500 3066500  3 14 23   5.7 1015 232  5.3 8  5.0  87    0    0 324 -343  2
4212500 3066500  3 14 24   5.9 1014 227  4.8 8  5.0  87    0    0 324 -345  2
4212500 3066500  3 15  1   5.9 1019 221  4.1 8  5.0  87    0    0 298 -332  2
4212500 3066500  3 15  2   5.7 1019 213  3.4 7  5.0  88    0    0 308 -332  2
4212500 3066500  3 15  3   5.3 1019 207  2.8 7  5.0  89    0    0 316 -332  2
4212500 3066500  3 15  4   5.0 1020 205  2.6 7  4.9  91    0    0 318 -332  2
4212500 3066500  3 15  5   4.9 1020 207  2.9 6  4.9  91    0    0 308 -332  2
4212500 3066500  3 15  6   4.9 1020 210  3.0 5  4.9  93    0    0 299 -333  2
4212500 3066500  3 15  7   4.4 1020 204  3.0 7  4.9  94    0    1 303 -334  2
4212500 3066500  3 15  8   4.2 1021 212  2.6 5  4.9  95   21   53 301 -335  2
4212500 3066500  3 15  9   5.1 1021 179  1.6 3  5.0  95  175   76 282 -338  2
4212500 3066500  3 15 10   8.4 1022 226  3.1 3  5.4  88  263  105 279 -344  2
4212500 3066500  3 15 11  10.1 1022 219  3.7 2  5.5  77  424   75 279 -353  2
4212500 3066500  3 15 12  11.2 1022 197  3.7 1  5.4  68  462   88 271 -363  2
4212500 3066500  3 15 13  11.7 1022 171  4.3 1  5.3  64  465   99 266 -372  2
4212500 3066500  3 15 14  12.7 1022 188  4.4 1  5.2  59  323  171 266 -378  2
4212500 3066500  3 15 15  13.0 1021 188  4.4 2  4.9  53  170  202 268 -379  2
4212500 3066500  3 15 16  12.4 1021 192  4.4 2  4.7  52  128  155 267 -376  2
4212500 3066500  3 15 17  12.1 1020 197  3.9 3  4.6  52   77   96 265 -370  2
4212500 3066500  3 15 18  10.6 1020 198  3.8 4  4.4  53   14   38 270 -360  2
4212500 3066500  3 15 19   9.8 1020 185  3.6 7  4.4  57    0    0 291 -354  2
4212500 3066500  3 15 20   9.1 1021 180  4.7 8  4.6  63    0    0 317 -351  2
4212500 3066500  3 15 21   8.7 1021 195  5.0 8  4.7  66    0    0 323 -349  2
4212500 3066500  3 15 22   9.7 1021 206  5.4 7  4.5  63    0    0 316 -347  2
4212500 3066500  3 15 23   9.2 1021 197  5.7 6  4.4  61    0    0 303 -346  2
4212500 3066500  3 15 24   8.4 1021 200  5.7 8  4.4  63    0    0 307 -345  2
4212500 3066500  3 16  1   7.6 1020 193  4.9 8  4.5  68    0    0 319 -346  2
4212500 3066500  3 16  2   7.6 1020 188  4.8 7  4.5  70    0    0 311 -346  2
4212500 3066500  3 16  3   7.1 1020 188  5.3 8  4.5  72    0    0 310 -346  2
4212500 3066500  3 16  4   7.6 1019 198  5.2 8  4.6  73    0    0 319 -347  2
4212500 3066500  3 16  5   7.4 1019 209  6.1 8  4.8  74    0    0 320 -348  2
4212500 3066500  3 16  6   7.0 1019 203  7.2 8  5.0  79    0    0 323 -348  2
4212500 3066500  3 16  7   7.3 1018 201  7.5 8  5.1  82    0    7 327 -349  2
4212500 3066500  3 16  8   7.9 1018 204  7.7 8  5.2  80    7   48 330 -350  2
4212500 3066500  3 16  9   9.1 1019 215  7.9 7  5.3  76    4   95 328 -353  2
4212500 3066500  3 16 10  10.1 1019 225  8.9 7  5.4  74    7  147 324 -357  2
4212500 3066500  3 16 11  10.2 1019 248  8.9 7  5.7  75    2  160 326 -362  2
4212500 3066500  3 16 12  10.7 1020 238  9.6 8  6.1  78    0  112 334 -367  2
4212500 3066500  3 16 13  10.6 1020 242  9.4 7  6.3  80    0  145 334 -372  2
4212500 3066500  3 16 14  11.5 1020 242  7.5 5  6.3  78   66  244 318 -374  2
4212500 3066500  3 16 15  11.8 1021 250  8.7 4  6.2  73  114  209 301 -373  2
4212500 3066500  3 16 16  11.8 1021 244  8.8 4  6.1  71  105  160 292 -370  2
4212500 3066500  3 16 17  11.4 1021 236  7.0 2  6.1  72  106   81 276 -366  2
4212500 3066500  3 16 18  10.7 1021 230  5.6 4  6.1  74   14   38 271 -360  2
4212500 3066500  3 16 19   9.7 1021 225  5.2 3  6.0  79    0    1 268 -355  2
4212500 3066500  3 16 20   8.8 1022 219  5.5 2  6.0  83    0    0 250 -351  2
4212500 3066500  3 16 21   8.5 1022 209  5.2 2  5.9  85    0    0 246 -349  2
4212500 3066500  3 16 22   8.2 1022 217  6.9 2  5.8  86    0    0 248 -349  2
4212500 3066500  3 16 23   8.4 1022 221  7.3 3  5.7  84    0    0 256 -351  2
4212500 3066500  3 16 24   8.4 1021 219  6.7 6  5.7  83    0    0 282 -352  2
4212500 3066500  3 17  1   8.8 1021 219  7.4 6  5.7  82    0    0 303 -354  2
4212500 3066500  3 17  2   9.2 1021 218  7.9 6  5.7  81    0    0 307 -356  2
4212500 3066500  3 17  3   9.6 1020 220  7.2 5  5.8  80    0    0 305 -357  2
4212500 3066500  3 17  4   9.7 1020 229  8.4 8  6.0  80    0    0 321 -357  2
4212500 3066500  3 17  5   9.4 1019 232  9.1 7  6.1  83    0    0 334 -358  2
4212500 3066500  3 17  6   9.6 1019 243  8.6 8  6.2  85    0    0 335 -359  2
4212500 3066500  3 17  7   9.7 1019 244  8.7 8  6.4  87    0    6 342 -360  2
4212500 3066500  3 17  8  10.5 1019 262  9.1 7  6.7  87    1   47 338 -362  2
4212500 3066500  3 17  9  10.1 1020 265  8.6 8  6.9  88    0   36 338 -363  2
4212500 3066500  3 17 10  10.0 1021 276  8.3 8  7.0  91    0  103 344 -365  2
4212500 3066500  3 17 11   9.9 1021 264  8.6 8  7.0  92    1  158 344 -368  2
4212500 3066500  3 17 12  10.5 1022 257  9.3 7  7.0  91    3  198 338 -372  2
4212500 3066500  3 17 13  10.6 1022 263  8.2 7  7.1  91    1  190 334 -374  2
4212500 3066500  3 17 14  11.1 1022 254  7.8 7  7.3  91    0  150 336 -375  2
4212500 3066500  3 17 15  11.6 1022 250  7.3 6  7.4  89    0  144 333 -375  2
4212500 3066500  3 17 16  11.6 1022 261  7.5 5  7.4  88    0  110 321 -375  2
4212500 3066500  3 17 17  11.8 1022 256 10.1 6  7.4  88    0   43 323 -376  2
4212500 3066500  3 17 18  12.0 1022 256 10.2 8  7.4  86    0   19 342 -375  2
4212500 3066500  3 17 19  11.4 1023 261  7.5 8  7.4  87    0    0 352 -374  2
4212500 3066500  3 17 20  10.8 1023 263  6.5 8  7.3  90    0    0 348 -372  2
4212500 3066500  3 17 21  10.5 1023 263  7.3 8  7.3  92    0    0 345 -371  2
4212500 3066500  3 17 22  10.7 1024 274  6.7 8  7.3  93    0    0 345 -369  2
4212500 3066500  3 17 23  10.6 1024 266  6.4 8  7.3  92    0    0 346 -368  2
4212500 3066500  3 17 24  10.8 1024 263  6.3 8  7.3  92    0    0 349 -367  2
4212500 3066500  3 18  1  10.9 1024 263  6.8 8  7.3  91    0    0 350 -368  2
4212500 3066500  3 18  2  10.9 1024 259  6.1 8  7.4  91    0    0 351 -368  2
4212500 3066500  3 18  3  11.2 1024 256  5.8 8  7.5  92    0    0 352 -369  2
4212500 3066500  3 18  4  10.9 1023 255  5.3 4  7.5  92    0    0 332 -367  2
4212500 3066500  3 18  5  10.6 1023 240  5.2 1  7.3  92    0    0 298 -364  2
4212500 3066500  3 18  6  10.1 1023 237  5.0 1  7.1  92    0    0 283 -361  2
4212500 3066500  3 18  7   9.5 1023 227  5.3 2  7.0  93    2   12 285 -359  2
4212500 3066500  3 18  8  10.4 1023 227  5.5 4  7.1  94   48   64 298 -359  2
4212500 3066500  3 18  9  12.4 1023 239  6.6 3  7.5  90  150  110 306 -365  2
4212500 3066500  3 18 10  14.1 1023 245  7.5 3  7.6  81  262  134 306 -374  2
4212500 3066500  3 18 11  15.5 1023 245  7.3 2  7.6  73  348  150 304 -384  2
4212500 3066500  3 18 12  16.3 1023 232  6.6 1  7.7  69  382  171 300 -392  2
4212500 3066500  3 18 13  17.2 1022 242  6.1 1  7.8  66  326  218 299 -399  2
4212500 3066500  3 18 14  17.7 1022 244  6.2 1  7.6  61  280  224 300 -404  2
4212500 3066500  3 18 15  18.2 1022 240  6.0 1  7.3  57  273  176 300 -405  2
4212500 3066500  3 18 16  17.9 1021 250  5.2 1  7.3  57  186  151 300 -402  2
4212500 3066500  3 18 17  17.4 1021 244  4.7 0  7.3  58   88  105 296 -395  2
4212500 3066500  3 18 18  15.7 1020 233  4.4 0  7.2  62   13   42 289 -386  2
4212500 3066500  3 18 19  13.6 1020 254  2.4 1  7.1  69    0    2 286 -375  2
4212500 3066500  3 18 20  11.7 1020 235  3.4 3  6.9  76    0    0 287 -368  2
4212500 3066500  3 18 21  12.5 1020 241  3.6 3  6.8  77    0    0 292 -364  2
4212500 3066500  3 18 22  11.4 1021 279  4.3 2  6.8  78    0    0 288 -361  2
4212500 3066500  3 18 23  10.4 1021 283  3.7 3  6.7  82    0    0 285 -358  2
4212500 3066500  3 18 24  10.6 1021 268  4.9 7  6.6  84    0    0 294 -355  2
4212500 3066500  3 19  1   9.2 1021 285  5.4 4  6.4  85    0    0 295 -353  2
4212500 3066500  3 19  2   8.2 1021 279  4.6 3  6.1  88    0    0 282 -351  2
4212500 3066500  3 19  3   7.2 1021 280  4.6 4  5.9  90    0    0 279 -348  2
4212500 3066500  3 19  4   6.6 1021 270  4.7 4  5.7  92    0    0 277 -346  2
4212500 3066500  3 19  5   6.3 1021 267  5.0 5  5.5  93    0    0 279 -345  2
4212500 3066500  3 19  6   5.9 1021 277  4.3 5  5.4  93    0    0 279 -345  2
4212500 3066500  3 19  7   5.5 1022 279  4.6 5  5.2  93    2   13 277 -345  2
4212500 3066500  3 19  8   5.9 1022 278  3.4 4  5.3  93   37   67 270 -346  2
4212500 3066500  3 19  9   7.8 1022 272  4.1 5  5.5  89   84  134 273 -352  2
4212500 3066500  3 19 10   8.9 1023 266  4.0 5  5.5  81  181  183 281 -360  2
4212500 3066500  3 19 11  10.5 1023 261  4.2 5  5.5  74  264  211 285 -369  2
4212500 3066500  3 19 12  11.3 1023 251  4.7 6  5.2  64  236  264 293 -376  2
4212500 3066500  3 19 13  11.7 1022 267  3.8 7  4.9  58  158  295 305 -382  2
4212500 3066500  3 19 14  11.8 1022 281  2.7 7  4.6  55  139  282 310 -386  2
4212500 3066500  3 19 15  12.2 1021 209  2.4 5  4.6  53  116  241 303 -386  2
4212500 3066500  3 19 16  11.9 1021 114  2.0 4  4.8  55   63  180 291 -381  2
4212500 3066500  3 19 17  10.6 1020 138  2.9 7  5.1  61    7   96 300 -374  2
4212500 3066500  3 19 18   9.0 1019 141  2.7 8  5.1  69    0   20 315 -365  2
4212500 3066500  3 19 19   7.4 1019 141  2.7 7  4.9  72    0    1 311 -355  2
4212500 3066500  3 19 20   7.3 1018 123  3.4 7  4.6  73    0    0 303 -348  2
4212500 3066500  3 19 21   7.6 1017 147  4.5 8  4.5  70    0    0 310 -344  2
4212500 3066500  3 19 22   5.8 1016 148  4.0 7  4.7  78    0    0 311 -343  2
4212500 3066500  3 19 23   6.1 1016 117  4.3 7  5.1  88    0    0 306 -343  2
4212500 3066500  3 19 24   6.8 1014 127  4.8 8  5.1  85    0    0 317 -344  2
4212500 3066500  3 20  1   6.5 1013 181  4.3 8  5.1  84    0    0 328 -345  2
4212500 3066500  3 20  2   6.6 1013 156  4.8 8  5.3  88    0    0 331 -345  2
4212500 3066500  3 20  3   6.1 1011 175  5.0 7  5.3  90    0    0 326 -345  2
4212500 3066500  3 20  4   7.5 1010 219  5.9 7  5.6  90    0    0 323 -345  2
4212500 3066500  3 20  5   8.7 1010 240  6.0 8  6.1  91    0    0 335 -346  2
4212500 3066500  3 20  6   9.1 1010 234  6.5 8  6.5  91    0    0 347 -347  2
4212500 3066500  3 20  7   9.1 1010 259  8.1 8  6.4  89    1    9 348 -348  2
4212500 3066500  3 20  8   8.7 1011 250  7.5 7  6.2  86   23   63 339 -351  2
4212500 3066500  3 20  9   8.5 1011 243  7.6 6  6.1  88   25  131 324 -355  2
4212500 3066500  3 20 10   9.1 1012 244  7.4 5  6.2  87   82  191 312 -359  2
4212500 3066500  3 20 11  10.5 1012 255  7.2 4  5.9  78  169  227 299 -363  2
4212500 3066500  3 20 12  10.8 1011 254  6.9 5  5.5  69  136  266 302 -364  2
4212500 3066500  3 20 13  11.1 1011 241  7.3 7  5.3  65  107  275 325 -369  2
4212500 3066500  3 20 14  11.9 1011 232  6.4 7  5.1  60  104  259 337 -379  2
4212500 3066500  3 20 15  12.0 1010 228  4.8 5  5.0  58  129  221 327 -381  2
4212500 3066500  3 20 16  11.6 1008 217  4.4 5  5.1  59   33  167 313 -378  2
4212500 3066500  3 20 17  11.2 1007 183  5.6 7  5.0  60    0   60 317 -376  2
4212500 3066500  3 20 18  10.7 1006 163  5.7 8  5.1  63    0   19 329 -370  2
4212500 3066500  3 20 19  10.3 1004 191  6.0 8  5.4  68    0    0 333 -363  2
4212500 3066500  3 20 20   9.3 1003 194  4.7 8  6.0  78    0    0 332 -358  2
4212500 3066500  3 20 21   8.9 1002 191  6.6 8  6.4  87    0    0 333 -357  2
4212500 3066500  3 20 22   9.1 1001 200  7.6 7  6.4  88    0    0 330 -355  2
4212500 3066500  3 20 23   9.4  999 202  9.0 7  6.3  86    0    0 328 -356  2
4212500 3066500  3 20 24   8.9  998 236  9.5 7  6.3  86    0    0 329 -357  2
4212500 3066500  3 21  1   7.0  998 259  8.6 5  5.5  81    0    0 312 -357  2
4212500 3066500  3 21  2   6.5  998 249  9.1 5  4.7  75    0    0 296 -354  2
4212500 3066500  3 21  3   6.7  998 249 10.0 7  4.5  72    0    0 305 -348  2
4212500 3066500  3 21  4   6.6  998 249 10.7 6  4.3  69    0    0 309 -344  2
4212500 3066500  3 21  5   6.1  998 247 11.1 4  4.2  69    0    0 290 -342  2
4212500 3066500  3 21  6   5.8  999 252 11.8 6  4.1  70    0    0 286 -340  2
4212500 3066500  3 21  7   5.7  999 251 10.9 5  4.1  70    6   16 288 -338  2
4212500 3066500  3 21  8   6.3  999 250 11.7 6  4.1  69   48   72 287 -337  2
4212500 3066500  3 21  9   6.8  999 251 12.3 5  4.2  68   79  143 287 -338  2
4212500 3066500  3 21 10   7.4  999 251 12.2 4  4.2  66  110  209 272 -340  2
4212500 3066500  3 21 11   7.8  999 253 13.0 6  4.1  62   81  256 276 -342  2
4212500 3066500  3 21 12   8.0  999 245 10.8 7  4.0  60    5  204 293 -348  2
4212500 3066500  3 21 13   6.3  999 243 11.9 7  4.4  69    6  210 298 -354  2
4212500 3066500  3 21 14   7.0  998 234  8.6 7  4.7  76    1  177 299 -359  2
4212500 3066500  3 21 15   6.2  997 234  7.3 8  4.8  78    0   84 309 -362  2
4212500 3066500  3 21 16   5.7  996 200  4.4 8  5.1  87    0   47 318 -360  2
4212500 3066500  3 21 17   6.4  994 205  7.2 8  5.6  94    0   38 323 -354  2
4212500 3066500  3 21 18   8.4  992 225  5.7 8  6.1  93    0   20 331 -349  2
4212500 3066500  3 21 19   8.5  990 183  5.7 8  6.5  92    0    0 339 -348  2
4212500 3066500  3 21 20   9.6  988 203  7.3 8  6.9  93    0    0 346 -348  2
4212500 3066500  3 21 21  10.7  986 220 11.1 8  7.4  93    0    0 356 -349  2
4212500 3066500  3 21 22  11.5  985 228 11.9 7  7.5  89    0    0 355 -350  2
4212500 3066500  3 21 23   8.2  983 262 15.4 7  6.6  85    0    0 343 -352  2
4212500 3066500  3 21 24   8.6  984 260 14.2 7  5.9  84    0    0 335 -353  2
4212500 3066500  3 22  1   8.7  983 259 14.2 8  5.8  81    0    0 339 -353  2
4212500 3066500  3 22  2   8.8  983 254 16.0 8  5.5  76    0    0 342 -350  2
4212500 3066500  3 22  3   8.7  983 261 17.3 7  5.1  70    0    0 332 -347  2
4212500 3066500  3 22  4   8.4  983 261 16.3 7  4.8  67    0    0 323 -344  2
4212500 3066500  3 22  5   7.5  983 262 18.5 8  4.6  67    0    0 326 -343  2
4212500 3066500  3 22  6   7.7  983 253 18.1 7  4.5  68    0    0 323 -342  2
4212500 3066500  3 22  7   7.4  984 259 17.9 7  4.4  67    0    9 315 -341  2
4212500 3066500  3 22  8   7.4  984 251 17.7 8  4.4  66    0   53 320 -341  2
4212500 3066500  3 22  9   7.2  985 253 20.2 7  4.3  66    0   87 319 -342  2
4212500 3066500  3 22 10   7.2  985 252 19.1 7  4.3  66    2  154 312 -344  2
4212500 3066500  3 22 11   7.9  986 252 19.9 7  4.2  63   21  223 310 -344  2
4212500 3066500  3 22 12   8.9  986 263 19.5 4  4.1  59   90  286 297 -344  2
4212500 3066500  3 22 13   8.3  987 267 21.5 4  4.1  58   75  288 285 -345  2
4212500 3066500  3 22 14   8.3  988 260 17.0 4  4.1  59  133  284 284 -350  2
4212500 3066500  3 22 15   8.7  988 260 18.9 5  4.1  58   63  235 286 -352  2
4212500 3066500  3 22 16   8.5  989 261 15.4 4  4.1  57  109  188 283 -351  2
4212500 3066500  3 22 17   7.5  990 263 13.7 2  4.2  62   55  123 266 -351  2
4212500 3066500  3 22 18   6.8  991 252  8.4 5  4.4  68    5   50 265 -347  2
4212500 3066500  3 22 19   6.4  991 259  9.3 5  4.5  72    0    1 275 -343  2
4212500 3066500  3 22 20   6.3  992 254  8.5 3  4.5  73    0    0 264 -341  2
4212500 3066500  3 22 21   5.3  992 244  7.9 3  4.5  78    0    0 252 -338  2
4212500 3066500  3 22 22   5.4  992 240  7.4 4  4.7  82    0    0 255 -337  2
4212500 3066500  3 22 23   4.1  993 252  8.4 5  4.6  85    0    0 262 -337  2
4212500 3066500  3 22 24   4.7  994 259  7.8 8  4.7  88    0    0 281 -334  2
4212500 3066500  3 23  1   4.9  994 247  8.4 8  4.7  87    0    0 298 -331  2
4212500 3066500  3 23  2   4.8  995 249  7.8 6  4.7  86    0    0 287 -330  2
4212500 3066500  3 23  3   4.5  995 247  6.8 4  4.6  86    0    0 266 -330  2
4212500 3066500  3 23  4   4.3  995 241  6.1 4  4.6  87    0    0 258 -330  2
4212500 3066500  3 23  5   4.2  995 232  4.9 4  4.5  86    0    0 263 -331  2
4212500 3066500  3 23  6   3.6  995 232  5.2 5  4.5  87    0    0 272 -333  2
4212500 3066500  3 23  7   4.1  996 228  4.3 6  4.5  89    0   11 285 -334  2
4212500 3066500  3 23  8   4.9  996 219  3.6 8  4.7  89    8   63 305 -336  2
4212500 3066500  3 23  9   5.6  996 219  4.4 8  4.9  88    0   80 318 -341  2
4212500 3066500  3 23 10   5.6  996 222  5.1 8  4.9  85    0  135 319 -347  2
4212500 3066500  3 23 11   4.9  997 240  6.8 6  4.8  85   19  202 308 -354  2
4212500 3066500  3 23 12   4.8  997 242  6.0 7  4.7  87    0  148 303 -361  2
4212500 3066500  3 23 13   5.1  997 253  6.2 7  4.8  88    0  156 306 -364  2
4212500 3066500  3 23 14   6.4  998 272  6.3 5  4.9  84  110  237 297 -364  2
4212500 3066500  3 23 15   6.8  998 283  6.9 5  4.8  79  103  205 289 -363  2
4212500 3066500  3 23 16   7.2  999 278  7.6 4  4.8  75  137  146 284 -363  2
4212500 3066500  3 23 17   7.5  999 268  7.6 3  4.7  72  162   61 276 -358  2
4212500 3066500  3 23 18   6.6  999 260  5.1 2  4.5  71   52   40 265 -353  2
4212500 3066500  3 23 19   6.1 1000 253  7.0 5  4.6  76    0    7 266 -347  2
4212500 3066500  3 23 20   5.7 1001 256  6.9 5  4.7  80    0    0 273 -342  2
4212500 3066500  3 23 21   5.6 1002 249  6.7 6  4.7  82    0    0 275 -339  2
4212500 3066500  3 23 22   5.4 1002 252  7.0 4  4.7  82    0    0 272 -339  2
4212500 3066500  3 23 23   5.1 1003 249  6.3 3  4.6  83    0    0 257 -337  2
4212500 3066500  3 23 24   4.6 1004 250  6.5 6  4.6  85    0    0 265 -334  2
4212500 3066500  3 24  1   4.5 1004 246  6.6 5  4.6  86    0    0 273 -330  2
4212500 3066500  3 24  2   4.0 1005 232  5.4 3  4.6  89    0    0 255 -328  2
4212500 3066500  3 24  3   3.6 1005 231  6.0 4  4.6  91    0    0 249 -327  2
4212500 3066500  3 24  4   4.0 1005 240  6.4 6  4.6  92    0    0 266 -327  2
4212500 3066500  3 24  5   3.9 1006 238  5.1 6  4.6  90    0    0 277 -327  2
4212500 3066500  3 24  6   3.1 1006 228  4.9 4  4.5  91    0    0 264 -327  2
4212500 3066500  3 24  7   3.9 1006 220  5.1 8  4.5  92    3   13 276 -327  2
4212500 3066500  3 24  8   4.3 1007 226  4.6 8  4.6  89   15   52 302 -329  2
4212500 3066500  3 24  9   4.6 1008 237  6.0 8  4.6  88    3  100 301 -337  2
4212500 3066500  3 24 10   5.6 1008 236  5.2 7  4.7  86  151   89 297 -346  2
4212500 3066500  3 24 11   6.5 1009 229  4.8 7  4.8  81   73  164 293 -355  2
4212500 3066500  3 24 12   5.8 1009 259  3.6 8  4.6  78    0  175 300 -361  2
4212500 3066500  3 24 13   6.7 1010 247  4.2 8  4.5  75    0  125 309 -362  2
4212500 3066500  3 24 14   6.5 1010 223  4.8 8  4.5  74    0  118 308 -361  2
4212500 3066500  3 24 15   6.9 1010 267  4.8 8  4.4  72    0   83 303 -367  2
4212500 3066500  3 24 16   6.9 1010 262  2.1 6  4.4  70   23  124 292 -371  2
4212500 3066500  3 24 17   7.1 1010 228  2.5 3  4.3  70  151   51 272 -361  2
4212500 3066500  3 24 18   6.6 1010 244  2.1 4  4.3  69   38   29 261 -351  2
4212500 3066500  3 24 19   4.8 1011 202  1.6 2  4.2  74    0    5 252 -344  2
4212500 3066500  3 24 20   4.6 1011 194  2.3 1  4.1  78    0    0 235 -338  2
4212500 3066500  3 24 21   4.2 1012 195  2.2 0  4.2  80    0    0 223 -332  2
4212500 3066500  3 24 22   3.9 1012 199  1.4 2  4.2  83    0    0 224 -328  2
4212500 3066500  3 24 23   2.4 1012 139  0.9 2  4.1  86    0    0 230 -325  2
4212500 3066500  3 24 24   1.2 1013 156  0.8 0  3.9  90    0    0 219 -324  2
4212500 3066500  3 25  1   0.9 1013  11  0.6 0  3.8  93    0    0 211 -322  2
4212500 3066500  3 25  2   0.2 1013   6  1.0 1  3.7  94    0    0 215 -322  2
4212500 3066500  3 25  3   0.1 1013  58  1.1 1  3.6  94    0    0 220 -321  2
4212500 3066500  3 25  4  -0.2 1013  61  1.3 0  3.6  94    0    0 216 -320  2
4212500 3066500  3 25  5  -0.1 1013  35  1.0 0  3.5  93    0    0 212 -320  2
4212500 3066500  3 25  6  -0.5 1013  40  1.3 1  3.5  94    0    0 216 -320  2
4212500 3066500  3 25  7   0.5 1013  36  1.9 0  3.6  94    4   19 217 -320  2
4212500 3066500  3 25  8   2.4 1013  26  2.2 4  4.0  94   86   82 237 -323  2
4212500 3066500  3 25  9   3.9 1014  51  3.9 4  4.4  93  188  131 261 -332  2
4212500 3066500  3 25 10   4.9 1014  41  5.0 3  4.5  86  231  195 260 -344  2
4212500 3066500  3 25 11   4.1 1014  37  6.6 4  4.4  84  183  266 261 -353  2
4212500 3066500  3 25 12   3.7 1014  45  6.9 7  4.3  86   55  283 278 -359  2
4212500 3066500  3 25 13   3.7 1014  43  6.6 8  4.2  86   18  248 296 -362  2
4212500 3066500  3 25 14   3.5 1014  33  6.6 7  4.1  84   12  228 298 -362  2
4212500 3066500  3 25 15   3.2 1014  40  7.1 7  4.0  83    2  166 294 -360  2
4212500 3066500  3 25 16   2.5 1014  42  6.8 7  3.9  83    0  113 292 -355  2
4212500 3066500  3 25 17   2.4 1014  37  7.0 7  3.8  84    0   82 290 -350  2
4212500 3066500  3 25 18   2.6 1014  32  5.5 6  3.8  83    1   48 286 -345  2
4212500 3066500  3 25 19   3.0 1014  32  5.4 8  3.8  82    0    4 290 -340  2
4212500 3066500  3 25 20   3.0 1014  23  5.0 8  3.8  81    0    0 297 -337  2
4212500 3066500  3 25 21   2.8 1014  42  5.3 8  3.9  83    0    0 296 -335  2
4212500 3066500  3 25 22   2.3 1015  51  6.2 7  3.9  85    0    0 292 -334  2
4212500 3066500  3 25 23   2.2 1014  43  5.9 7  3.7  84    0    0 286 -333  2
4212500 3066500  3 25 24   1.9 1014  37  5.5 8  3.6  83    0    0 291 -332  2
4212500 3066500  3 26  1   2.1 1014  42  6.0 8  3.5  80    0    0 296 -332  2
4212500 3066500  3 26  2   2.1 1014  42  6.5 8  3.4  77    0    0 299 -331  2
4212500 3066500  3 26  3   2.0 1014  24  5.1 8  3.2  74    0    0 302 -331  2
4212500 3066500  3 26  4   1.8 1013  25  5.0 7  3.2  73    0    0 300 -330  2
4212500 3066500  3 26  5   1.6 1013  18  5.2 6  3.0  71    0    0 292 -330  2
4212500 3066500  3 26  6   1.5 1013 358  4.1 7  2.9  69    0    0 294 -330  2
4212500 3066500  3 26  7   1.3 1013  11  4.9 7  3.1  73    0   15 301 -330  2
4212500 3066500  3 26  8   1.4 1013   4  4.3 7  3.3  78    2   64 303 -331  2
4212500 3066500  3 26  9   1.4 1013   3  4.7 7  3.4  80    1  110 305 -334  2
4212500 3066500  3 26 10   1.5 1014  14  5.5 8  3.4  80    0  128 310 -338  2
4212500 3066500  3 26 11   1.8 1014   6  6.2 7  3.3  78    0  108 310 -344  2
4212500 3066500  3 26 12   1.9 1014   2  5.8 7  3.3  76    0  172 307 -351  2
4212500 3066500  3 26 13   2.4 1014 350  5.8 8  3.3  74    0  154 312 -356  2
4212500 3066500  3 26 14   2.3 1014 341  6.5 7  3.3  73    2  182 312 -359  2
4212500 3066500  3 26 15   2.9 1014 345  6.6 5  3.2  71   96  210 295 -357  2
4212500 3066500  3 26 16   2.9 1014 343  6.8 4  3.2  68  160  141 279 -350  2
4212500 3066500  3 26 17   3.0 1014 333  7.7 2  3.1  66  200   56 260 -345  2
4212500 3066500  3 26 18   2.2 1014 339  6.1 4  3.0  65   44   47 254 -342  2
4212500 3066500  3 26 19   1.8 1014 357  4.8 6  2.9  67    0    7 275 -338  2
4212500 3066500  3 26 20   1.8 1015 357  4.9 6  2.9  66    0    0 285 -334  2
4212500 3066500  3 26 21   1.3 1015 347  4.8 5  2.8  65    0    0 278 -331  2
4212500 3066500  3 26 22   1.3 1015 345  3.1 5  2.7  66    0    0 272 -326  2
4212500 3066500  3 26 23   1.2 1015 355  3.1 5  2.8  68    0    0 272 -323  2
4212500 3066500  3 26 24   1.0 1015   8  4.1 5  2.9  72    0    0 274 -321  2
4212500 3066500  3 27  1   0.9 1015 355  3.9 6  3.1  77    0    0 279 -320  2
4212500 3066500  3 27  2   0.6 1015 346  3.6 6  3.2  80    0    0 284 -320  2
4212500 3066500  3 27  3   0.6 1015 346  3.9 7  3.2  82    0    0 288 -319  2
4212500 3066500  3 27  4   0.5 1015 337  3.3 7  3.3  83    0    0 291 -318  2
4212500 3066500  3 27  5   0.5 1015 353  3.7 7  3.3  83    0    0 291 -317  2
4212500 3066500  3 27  6   0.6 1015 338  3.7 7  3.3  83    0    0 291 -317  2
4212500 3066500  3 27  7   0.4 1015 345  3.8 8  3.2  83    0   12 295 -317  2
4212500 3066500  3 27  8   0.6 1014 354  4.3 6  3.2  82   37   56 290 -318  2
4212500 3066500  3 27  9   0.9 1015 353  4.4 7  3.1  77   24  117 285 -321  2
4212500 3066500  3 27 10   0.9 1015  13  4.4 8  3.0  74    5  154 293 -327  2
4212500 3066500  3 27 11   1.2 1015 360  3.7 8  3.0  72    2  168 299 -336  2
4212500 3066500  3 27 12   1.4 1015 355  3.7 7  3.0  72   35  210 296 -345  2
4212500 3066500  3 27 13   1.7 1015 343  3.5 5  3.0  71  179  170 283 -350  2
4212500 3066500  3 27 14   2.0 1015 327  3.4 5  3.0  69  309   80 274 -353  2
4212500 3066500  3 27 15   2.3 1015 319  4.4 6  3.0  68   59  173 277 -352  2
4212500 3066500  3 27 16   2.1 1015 313  4.8 6  3.0  67    8  135 281 -349  2
4212500 3066500  3 27 17   2.1 1015 319  4.2 4  2.9  65   75   77 271 -343  2
4212500 3066500  3 27 18   1.7 1015 322  3.3 3  2.8  64   69   28 255 -335  2
4212500 3066500  3 27 19   0.8 1015 298  2.6 1  2.7  66    2    9 239 -327  2
4212500 3066500  3 27 20   0.4 1015 281  2.0 1  2.7  69    0    0 229 -321  2
4212500 3066500  3 27 21  -0.8 1016 290  1.7 1  2.7  74    0    0 227 -319  2
4212500 3066500  3 27 22  -1.5 1016 269  1.4 2  2.8  81    0    0 229 -318  2
4212500 3066500  3 27 23  -1.3 1015 272  1.7 1  2.9  85    0    0 228 -316  2
4212500 3066500  3 27 24  -2.6 1015 242  2.1 0  2.9  88    0    0 219 -314  2
4212500 3066500  3 28  1  -1.9 1015 247  2.3 0  2.8  88    0    0 214 -313  2
4212500 3066500  3 28  2  -2.4 1015 254  2.7 0  2.8  86    0    0 214 -313  2
4212500 3066500  3 28  3  -2.3 1015 259  3.3 0  2.8  88    0    0 215 -312  2
4212500 3066500  3 28  4  -2.6 1014 274  3.1 0  2.8  88    0    0 214 -312  2
4212500 3066500  3 28  5  -2.6 1014 251  3.7 0  2.8  88    0    0 214 -311  2
4212500 3066500  3 28  6  -2.5 1014 263  4.2 0  2.8  88    0    0 213 -311  2
4212500 3066500  3 28  7  -1.6 1014 256  3.5 2  2.9  88   18   24 223 -311  2
4212500 3066500  3 28  8   0.4 1014 252  3.8 1  3.0  83  111   84 231 -313  2
4212500 3066500  3 28  9   2.2 1014 256  4.5 1  3.2  76  232  116 232 -318  2
4212500 3066500  3 28 10   3.5 1014 253  5.5 2  3.1  67  334  145 242 -327  2
4212500 3066500  3 28 11   4.4 1014 247  5.7 3  3.0  59  383  185 255 -333  2
4212500 3066500  3 28 12   4.8 1014 245  5.7 4  2.9  55  367  232 268 -335  2
4212500 3066500  3 28 13   5.4 1014 234  6.5 4  2.9  53  389  232 275 -341  2
4212500 3066500  3 28 14   6.1 1013 247  7.0 4  2.8  50  337  218 278 -347  2
4212500 3066500  3 28 15   5.5 1013 253  6.5 6  2.9  50  142  254 287 -349  2
4212500 3066500  3 28 16   4.9 1012 264  6.7 6  2.9  53   48  187 294 -347  2
4212500 3066500  3 28 17   5.1 1012 257  6.0 7  2.9  53   23  125 296 -344  2
4212500 3066500  3 28 18   4.7 1012 248  4.9 6  3.0  55   16   62 295 -344  2
4212500 3066500  3 28 19   4.3 1012 234  3.7 7  3.0  58    0   11 295 -343  2
4212500 3066500  3 28 20   4.3 1011 226  4.4 7  3.1  60    0    0 299 -342  2
4212500 3066500  3 28 21   4.2 1011 245  4.7 7  3.2  63    0    0 300 -342  2
4212500 3066500  3 28 22   3.9 1011 231  5.4 8  3.5  68    0    0 306 -343  2
4212500 3066500  3 28 23   4.0 1011 229  5.3 8  3.6  72    0    0 312 -343  2
4212500 3066500  3 28 24   3.9 1011 232  4.8 8  3.7  74    0    0 314 -344  2
4212500 3066500  3 29  1   4.0 1011 241  6.3 7  3.9  78    0    0 310 -344  2
4212500 3066500  3 29  2   4.1 1011 243  5.6 7  4.2  82    0    0 306 -344  2
4212500 3066500  3 29  3   3.9 1011 256  5.4 6  4.4  86    0    0 303 -343  2
4212500 3066500  3 29  4   3.9 1011 260  5.3 2  4.5  90    0    0 278 -343  2
4212500 3066500  3 29  5   4.0 1011 260  5.2 5  4.7  92    0    0 273 -341  2
4212500 3066500  3 29  6   4.4 1011 260  5.2 6  4.7  92    0    0 292 -340  2
4212500 3066500  3 29  7   4.6 1011 264  5.9 7  4.8  92    4   18 304 -340  2
4212500 3066500  3 29  8   4.8 1011 266  5.4 7  4.9  93   16   79 310 -342  2
4212500 3066500  3 29  9   5.2 1012 267  7.1 8  5.1  94   45  150 316 -349  2
4212500 3066500  3 29 10   6.1 1012 271  7.8 5  5.1  89  174  185 306 -359  2
4212500 3066500  3 29 11   6.9 1013 267  7.4 5  5.0  83  231  219 290 -368  2
4212500 3066500  3 29 12   7.2 1013 275  7.1 3  5.0  80  360  201 280 -375  2
4212500 3066500  3 29 13   8.3 1013 271  8.5 1  5.0  76  468  155 262 -380  2
4212500 3066500  3 29 14   8.7 1013 272  6.7 2  5.0  72  414  157 261 -383  2
4212500 3066500  3 29 15   9.3 1014 264  6.1 3  4.8  67  152  229 273 -379  2
4212500 3066500  3 29 16   9.5 1014 288  7.9 5  4.7  64   50  179 288 -376  2
4212500 3066500  3 29 17   9.0 1014 286  6.7 3  4.7  64   82  118 288 -372  2
4212500 3066500  3 29 18   8.0 1014 282  4.2 2  4.6  66   57   56 271 -364  2
4212500 3066500  3 29 19   6.7 1014 250  4.7 3  4.7  74    3   11 268 -358  2
4212500 3066500  3 29 20   6.0 1015 244  4.1 5  4.9  82    0    0 280 -354  2
4212500 3066500  3 29 21   6.4 1015 252  3.8 6  5.0  86    0    0 293 -352  2
4212500 3066500  3 29 22   6.8 1015 235  5.1 6  5.2  87    0    0 298 -350  2
4212500 3066500  3 29 23   7.0 1015 239  4.9 6  5.3  86    0    0 300 -349  2
4212500 3066500  3 29 24   6.7 1015 241  5.5 7  5.4  87    0    0 305 -348  2
4212500 3066500  3 30  1   6.4 1015 220  5.0 7  5.4  90    0    0 310 -347  2
4212500 3066500  3 30  2   6.2 1015 233  5.1 7  5.4  91    0    0 311 -348  2
4212500 3066500  3 30  3   6.3 1015 248  5.2 7  5.4  91    0    0 313 -347  2
4212500 3066500  3 30  4   5.9 1015 231  4.8 7  5.4  92    0    0 313 -345  2
4212500 3066500  3 30  5   5.7 1015 226  5.0 8  5.3  93    0    0 316 -344  2
4212500 3066500  3 30  6   5.4 1015 233  5.5 8  5.2  93    0    0 318 -344  2
4212500 3066500  3 30  7   5.6 1015 253  6.1 7  5.2  93   14   14 314 -345  2
4212500 3066500  3 30  8   6.2 1016 258  6.3 6  5.2  91   46   70 306 -348  2
4212500 3066500  3 30  9   6.8 1016 264  6.4 7  5.3  89   21  134 307 -356  2
4212500 3066500  3 30 10   7.4 1017 291  5.7 7  5.4  86   20  182 312 -366  2
4212500 3066500  3 30 11   8.6 1017 269  7.0 6  5.5  83   74  224 312 -375  2
4212500 3066500  3 30 12   9.1 1018 275  6.6 7  5.7  80   66  246 316 -376  2
4212500 3066500  3 30 13   9.7 1018 269  6.7 6  5.7  78   74  254 318 -379  2
4212500 3066500  3 30 14  10.1 1018 271  6.1 5  5.6  75   95  238 311 -387  2
4212500 3066500  3 30 15   8.8 1018 297  5.6 6  5.6  76   21  193 310 -390  2
4212500 3066500  3 30 16   8.4 1018 313  5.1 7  5.5  80    1  129 316 -393  2
4212500 3066500  3 30 17   7.8 1019 331  4.6 6  5.5  83   12  107 314 -387  2
4212500 3066500  3 30 18   7.0 1019 313  3.0 6  5.3  83    8   54 307 -376  2
4212500 3066500  3 30 19   5.9 1019 328  1.4 5  5.0  84    0   10 298 -363  2
4212500 3066500  3 30 20   5.3 1020 285  0.8 3  4.9  87    0    0 284 -352  2
4212500 3066500  3 30 21   5.0 1020 243  2.1 3  4.9  90    0    0 275 -345  2
4212500 3066500  3 30 22   3.7 1021 253  1.9 2  4.7  92    0    0 268 -340  2
4212500 3066500  3 30 23   2.9 1021 238  2.3 2  4.4  92    0    0 260 -337  2
4212500 3066500  3 30 24   3.8 1022 279  2.3 2  4.4  92    0    0 260 -334  2
4212500 3066500  3 31  1   2.9 1022 285  2.3 2  4.4  93    0    0 259 -332  2
4212500 3066500  3 31  2   3.3 1022 299  2.2 4  4.4  93    0    0 266 -331  2
4212500 3066500  3 31  3   3.5 1023 305  1.4 6  4.4  92    0    0 280 -330  2
4212500 3066500  3 31  4   3.9 1023 332  0.9 6  4.5  92    0    0 289 -329  2
4212500 3066500  3 31  5   3.9 1023 199  0.7 5  4.6  92    0    0 285 -329  2
4212500 3066500  3 31  6   4.0 1023 334  1.0 4  4.6  93    0    0 279 -328  2
4212500 3066500  3 31  7   4.4 1023 152  1.3 5  4.7  93    8   18 280 -328  2
4212500 3066500  3 31  8   5.4 1023 148  0.9 6  4.9  93   22   83 291 -332  2
4212500 3066500  3 31  9   7.7 1024 135  1.7 6  5.1  86   57  154 299 -343  2
4212500 3066500  3 31 10   9.1 1024 148  2.7 3  5.0  73  214  179 289 -356  2
4212500 3066500  3 31 11   9.5 1024 127  2.9 2  4.7  65  325  193 270 -366  2
4212500 3066500  3 31 12  10.3 1024 115  2.9 2  4.4  59  429  181 265 -375  2
4212500 3066500  3 31 13  10.8 1024  87  2.9 2  4.4  57  412  199 267 -381  2
4212500 3066500  3 31 14  10.7 1024 134  2.6 3  4.5  57  115  273 272 -382  2
4212500 3066500  3 31 15  10.9 1023 113  3.2 2  4.4  56  295  194 271 -378  2
4212500 3066500  3 31 16   9.9 1023 121  3.1 3  4.5  57  241  150 270 -371  2
4212500 3066500  3 31 17   9.3 1022  78  3.0 3  4.4  60  172  100 270 -361  2
4212500 3066500  3 31 18   8.0 1022  98  2.8 1  4.4  63   57   60 260 -351  2
4212500 3066500  3 31 19   6.2 1022 103  2.9 1  4.2  68    4   11 246 -341  2
4212500 3066500  3 31 20   4.8 1022 101  3.3 0  4.1  75    0    0 236 -335  2
4212500 3066500  3 31 21   4.2 1022 103  3.2 0  4.1  80    0    0 230 -332  2
4212500 3066500  3 31 22   3.9 1022 109  2.9 1  4.1  82    0    0 231 -330  2
4212500 3066500  3 31 23   3.7 1022 116  3.3 1  4.2  85    0    0 234 -330  2
4212500 3066500  3 31 24   4.0 1021 112  3.3 0  4.1  84    0    0 230 -331  2
4212500 3066500  4  1  1   3.5 1021 103  3.2 0  4.2  84    0    0 227 -332  2
4212500 3066500  4  1  2   3.3 1021  92  2.5 0  4.2  87    0    0 226 -333  2
4212500 3066500  4  1  3   1.7 1020  73  3.1 1  4.1  90    0    0 227 -333  2
4212500 3066500  4  1  4   2.2 1020  79  3.2 1  4.0  92    0    0 228 -333  2
4212500 3066500  4  1  5   2.5 1020  52  3.3 0  4.1  92    0    0 227 -333  2
4212500 3066500  4  1  6   2.9 1020  84  2.7 0  4.2  93    0    0 225 -333  2
4212500 3066500  4  1  7   3.2 1020  94  2.6 2  4.4  93   25   24 234 -333  2
4212500 3066500  4  1  8   5.0 1020 103  2.5 1  4.6  92  128   79 243 -337  2
4212500 3066500  4  1  9   7.6 1020  79  2.9 1  5.0  85  256  107 246 -346  2
4212500 3066500  4  1 10   9.9 1020 101  3.7 1  5.1  74  379  126 254 -355  2
4212500 3066500  4  1 11  10.9 1020 102  5.0 1  4.8  62  462  142 259 -364  2
4212500 3066500  4  1 12  11.8 1019 104  5.7 1  4.4  53  497  162 262 -372  2
4212500 3066500  4  1 13  11.7 1019 104  5.8 1  4.4  51  514  163 266 -377  2
4212500 3066500  4  1 14  10.3 1019  88  6.4 0  4.6  56  490  153 266 -380  2
4212500 3066500  4  1 15  10.8 1018  87  6.8 1  4.4  56  406  151 267 -378  2
4212500 3066500  4  1 16  10.5 1018  65  7.5 1  4.3  54  302  133 272 -373  2
4212500 3066500  4  1 17   9.8 1017  73  7.4 0  4.3  56  181  104 266 -366  2
4212500 3066500  4  1 18   8.7 1017  83  7.4 0  4.2  58   60   62 259 -356  2
4212500 3066500  4  1 19   7.5 1017  88  7.2 1  4.2  63    4   12 259 -348  2
4212500 3066500  4  1 20   6.3 1017  88  6.6 1  4.3  69    0    0 257 -343  2
4212500 3066500  4  1 21   6.4 1018  93  6.8 0  4.4  74    0    0 249 -342  2
4212500 3066500  4  1 22   6.2 1018  94  6.6 2  4.4  75    0    0 251 -341  2
4212500 3066500  4  1 23   5.4 1018  94  5.9 2  4.5  78    0    0 257 -340  2
4212500 3066500  4  1 24   5.0 1019  95  5.8 0  4.5  83    0    0 245 -338  2
4212500 3066500  4  2  1   4.8 1019  95  5.5 0  4.5  85    0    0 236 -336  2
4212500 3066500  4  2  2   4.7 1019  94  6.8 0  4.5  85    0    0 230 -336  2
4212500 3066500  4  2  3   4.4 1019  94  6.3 0  4.4  84    0    0 226 -335  2
4212500 3066500  4  2  4   3.8 1019  81  5.9 2  4.3  84    0    0 234 -334  2
4212500 3066500  4  2  5   3.4 1020  80  6.8 1  4.1  84    0    0 237 -334  2
4212500 3066500  4  2  6   3.3 1020  87  7.1 1  3.9  82    0    0 228 -334  2
4212500 3066500  4  2  7   3.8 1020  85  7.0 1  4.0  82   18   46 226 -334  2
4212500 3066500  4  2  8   4.6 1020  86  7.3 1  4.1  80  103  103 226 -338  2
4212500 3066500  4  2  9   5.5 1021  84  7.8 2  4.2  77  222  135 233 -343  2
4212500 3066500  4  2 10   6.4 1021  78  8.2 1  4.2  74  325  158 234 -351  2
4212500 3066500  4  2 11   7.2 1021  78  9.1 0  4.3  70  433  161 223 -358  2
4212500 3066500  4  2 12   7.2 1021  91 10.1 0  4.2  67  486  170 218 -363  2
4212500 3066500  4  2 13   7.4 1021  86 10.1 0  4.1  65  435  216 221 -366  2
4212500 3066500  4  2 14   8.1 1021  84  9.9 0  4.0  62  364  235 223 -366  2
4212500 3066500  4  2 15   7.6 1020  75  9.3 1  3.9  60  318  209 226 -363  2
4212500 3066500  4  2 16   6.5 1020  75 10.4 1  3.8  61  232  182 227 -357  2
4212500 3066500  4  2 17   5.2 1020  74 10.9 0  3.6  63  132  140 215 -349  2
4212500 3066500  4  2 18   3.8 1020  75 11.1 0  3.5  68   44   80 202 -340  2
4212500 3066500  4  2 19   2.9 1020  75 10.1 0  3.5  72    1   17 195 -331  2
4212500 3066500  4  2 20   2.8 1021  76 10.4 0  3.4  74    0    0 191 -324  2
4212500 3066500  4  2 21   2.8 1021  85 10.7 1  3.3  72    0    0 193 -322  2
4212500 3066500  4  2 22   2.8 1022  85 10.2 1  3.3  73    0    0 197 -321  2
4212500 3066500  4  2 23   2.8 1022  93 10.4 1  3.4  75    0    0 197 -320  2
4212500 3066500  4  2 24   2.6 1022  85  9.8 0  3.4  75    0    0 191 -319  2
4212500 3066500  4  3  1   2.5 1022  93  8.1 0  3.4  75    0    0 182 -318  2
4212500 3066500  4  3  2   2.5 1022 101  8.0 0  3.3  73    0    0 183 -317  2
4212500 3066500  4  3  3   2.3 1022  99  7.9 0  3.2  72    0    0 185 -316  2
4212500 3066500  4  3  4   2.4 1022  98  7.1 0  3.1  70    0    0 187 -314  2
4212500 3066500  4  3  5   2.2 1022  99  7.2 0  3.1  69    0    0 186 -314  2
4212500 3066500  4  3  6   2.0 1022  97  7.4 0  3.0  69    0    1 185 -314  2
4212500 3066500  4  3  7   2.5 1022  97  7.1 0  3.0  68   31   45 186 -314  2
4212500 3066500  4  3  8   3.5 1022 102  7.6 1  3.0  64  143   85 193 -315  2
4212500 3066500  4  3  9   3.8 1023 100  8.7 1  2.9  60  283   99 200 -319  2
4212500 3066500  4  3 10   4.7 1023  99  8.3 1  2.9  58  417   98 204 -327  2
4212500 3066500  4  3 11   5.6 1023 101  9.7 1  2.9  54  508  102 209 -337  2
4212500 3066500  4  3 12   6.7 1022  90  9.8 1  3.0  52  556  108 214 -346  2
4212500 3066500  4  3 13   6.9 1022  92 10.9 2  3.1  50  540  126 221 -352  2
4212500 3066500  4  3 14   7.2 1022  92 11.1 1  2.9  48  466  155 221 -355  2
4212500 3066500  4  3 15   7.7 1021  91 10.1 2  2.8  44  373  162 221 -354  2
4212500 3066500  4  3 16   7.9 1020  90  8.8 1  2.8  44  276  145 223 -350  2
4212500 3066500  4  3 17   7.3 1020  92  8.9 0  3.0  46  156  121 217 -345  2
4212500 3066500  4  3 18   7.0 1019  98  8.0 1  3.0  48   53   75 215 -339  2
4212500 3066500  4  3 19   5.9 1019 101  7.2 2  3.0  50    2   19 218 -332  2
4212500 3066500  4  3 20   5.9 1019 109  6.5 1  3.0  53    0    0 216 -327  2
4212500 3066500  4  3 21   5.6 1020 109  6.4 1  3.1  55    0    0 210 -325  2
4212500 3066500  4  3 22   5.2 1020 111  6.2 2  3.1  55    0    0 211 -322  2
4212500 3066500  4  3 23   4.9 1020 109  6.6 3  3.0  55    0    0 219 -320  2
4212500 3066500  4  3 24   4.7 1020 109  6.6 3  2.9  54    0    0 224 -318  2
4212500 3066500  4  4  1   4.3 1020 119  6.2 6  2.9  55    0    0 240 -316  2
4212500 3066500  4  4  2   4.1 1019 120  6.5 4  2.8  56    0    0 244 -315  2
4212500 3066500  4  4  3   3.7 1019 122  6.6 2  2.8  56    0    0 220 -314  2
4212500 3066500  4  4  4   3.5 1019 130  6.4 1  2.8  58    0    0 201 -314  2
4212500 3066500  4  4  5   3.4 1019 120  6.5 3  2.8  58    0    0 207 -313  2
4212500 3066500  4  4  6   3.2 1018 130  6.2 4  2.8  59    0    0 227 -313  2
4212500 3066500  4  4  7   3.5 1018 129  4.6 4  2.9  60   10   42 234 -313  2
4212500 3066500  4  4  8   4.2 1018 126  6.5 3  3.0  60   58  109 230 -315  2
4212500 3066500  4  4  9   4.7 1019 122  6.1 4  3.0  59   75  186 233 -321  2
4212500 3066500  4  4 10   5.8 1019 123  5.1 5  3.2  58  198  227 247 -330  2
4212500 3066500  4  4 11   6.5 1019 112  5.6 6  3.3  56  223  273 263 -342  2
4212500 3066500  4  4 12   7.2 1018 116  5.7 7  3.3  55  151  306 278 -355  2
4212500 3066500  4  4 13   8.5 1018 125  4.7 7  3.4  52  156  306 288 -364  2
4212500 3066500  4  4 14  10.2 1018 134  4.3 6  3.6  49  213  289 288 -370  2
4212500 3066500  4  4 15  11.4 1017 136  4.2 6  3.8  48  156  255 287 -372  2
4212500 3066500  4  4 16  10.8 1017 142  3.7 7  4.0  50   27  183 294 -373  2
4212500 3066500  4  4 17  11.7 1017 175  2.9 6  4.2  51   14  128 296 -371  2
4212500 3066500  4  4 18  11.3 1017 177  2.9 7  4.2  50    4   64 297 -365  2
4212500 3066500  4  4 19  10.4 1017 208  4.3 8  4.7  58    0    1 308 -359  2
4212500 3066500  4  4 20   9.0 1017 186  3.2 8  5.4  72    0    0 311 -355  2
4212500 3066500  4  4 21   8.6 1017 197  3.4 8  5.7  82    0    0 311 -352  2
4212500 3066500  4  4 22   8.7 1017 182  4.0 6  5.8  83    0    0 302 -350  2
4212500 3066500  4  4 23   8.4 1017 182  3.6 5  5.7  82    0    0 289 -348  2
4212500 3066500  4  4 24   7.8 1017 178  3.5 5  5.6  84    0    0 283 -346  2
4212500 3066500  4  5  1   8.3 1016 183  3.5 8  5.6  84    0    0 299 -346  2
4212500 3066500  4  5  2   7.9 1016 202  3.7 8  5.7  85    0    0 317 -346  2
4212500 3066500  4  5  3   7.4 1015 216  3.7 6  5.5  85    0    0 306 -346  2
4212500 3066500  4  5  4   6.7 1015 208  3.5 5  5.4  86    0    0 285 -346  2
4212500 3066500  4  5  5   6.2 1015 208  3.6 5  5.2  87    0    0 275 -345  2
4212500 3066500  4  5  6   6.4 1014 196  3.9 5  5.2  88    0    3 274 -344  2
4212500 3066500  4  5  7   7.9 1014 192  4.3 5  5.4  86    3   36 279 -344  2
4212500 3066500  4  5  8   8.6 1014 168  4.1 6  5.6  83    5   93 292 -349  2
4212500 3066500  4  5  9   9.8 1013 168  4.6 7  5.7  79   15  164 308 -356  2
4212500 3066500  4  5 10  10.7 1012 177  4.7 7  5.9  76   21  218 318 -366  2
4212500 3066500  4  5 11  11.7 1012 172  4.6 7  6.0  72   30  255 322 -379  2
4212500 3066500  4  5 12  11.2 1011 172  4.3 7  6.1  72    6  226 323 -392  2
4212500 3066500  4  5 13  12.3 1010 198  5.8 7  6.1  70   14  244 323 -402  2
4212500 3066500  4  5 14  12.6 1010 210  7.5 7  6.2  68    0  170 324 -399  2
4212500 3066500  4  5 15  12.9 1009 205  7.1 7  6.3  68    0  124 324 -389  2
4212500 3066500  4  5 16  12.0 1009 205  5.2 7  6.4  71    0   59 323 -381  2
4212500 3066500  4  5 17   8.3 1009 298  5.1 6  6.3  82    0   64 312 -377  2
4212500 3066500  4  5 18   8.4 1010 288  3.4 5  6.1  89    0   37 298 -374  2
4212500 3066500  4  5 19   7.5 1010 244  2.3 6  5.9  88    0   14 296 -369  2
4212500 3066500  4  5 20   6.9 1010 224  3.5 4  5.7  90    0    0 287 -363  2
4212500 3066500  4  5 21   6.6 1011 224  3.2 3  5.5  89    0    0 269 -356  2
4212500 3066500  4  5 22   6.4 1011 237  3.4 2  5.2  86    0    0 257 -348  2
4212500 3066500  4  5 23   5.8 1011 232  4.1 2  5.0  85    0    0 249 -342  2
4212500 3066500  4  5 24   5.8 1011 221  4.1 5  4.9  85    0    0 260 -339  2
4212500 3066500  4  6  1   5.5 1011 231  4.2 5  4.8  85    0    0 273 -338  2
4212500 3066500  4  6  2   4.5 1011 222  3.6 4  4.7  86    0    0 264 -340  2
4212500 3066500  4  6  3   4.8 1010 223  3.8 3  4.6  86    0    0 252 -342  2
4212500 3066500  4  6  4   5.0 1010 199  3.7 5  4.7  87    0    0 258 -343  2
4212500 3066500  4  6  5   5.1 1009 189  3.1 7  4.8  88    0    0 282 -343  2
4212500 3066500  4  6  6   4.9 1008 185  3.6 6  4.8  88    1    5 290 -341  2
4212500 3066500  4  6  7   5.1 1008 167  3.3 5  4.9  89   56   48 282 -342  2
4212500 3066500  4  6  8   6.8 1007 189  3.8 2  5.1  87  168   83 268 -346  2
4212500 3066500  4  6  9   7.8 1007 169  3.7 2  5.3  84  272  110 259 -351  2
4212500 3066500  4  6 10   8.3 1006 182  3.5 5  5.4  80  156  234 279 -357  2
4212500 3066500  4  6 11   9.7 1006 183  4.3 6  5.4  76   34  255 304 -362  2
4212500 3066500  4  6 12   9.5 1005 202  5.7 6  5.3  70   42  272 313 -364  2
4212500 3066500  4  6 13  10.1 1005 250  5.7 6  5.0  66   70  284 310 -369  2
4212500 3066500  4  6 14   6.5 1004 214  6.5 7  5.0  72    6  213 305 -371  2
4212500 3066500  4  6 15   7.2 1004 241  4.4 7  5.2  83    5  186 301 -371  2
4212500 3066500  4  6 16   9.1 1004 225  3.2 5  5.3  78  144  199 288 -369  2
4212500 3066500  4  6 17   8.7 1003 208  3.0 3  5.2  72  158  123 264 -366  2
4212500 3066500  4  6 18   6.1 1003 195  3.0 7  5.0  78   19   78 269 -362  2
4212500 3066500  4  6 19   5.7 1002 171  2.4 5  5.0  86    0    7 278 -356  2
4212500 3066500  4  6 20   6.1 1002 178  4.1 5  5.1  88    0    0 268 -352  2
4212500 3066500  4  6 21   5.4 1002 212  5.1 4  4.9  85    0    0 264 -348  2
4212500 3066500  4  6 22   4.7 1002 210  3.9 5  4.7  86    0    0 262 -344  2
4212500 3066500  4  6 23   4.3 1001 220  4.4 5  4.7  88    0    0 267 -341  2
4212500 3066500  4  6 24   3.7 1001 207  3.7 4  4.6  89    0    0 257 -340  2
4212500 3066500  4  7  1   3.3 1000 199  4.0 3  4.5  91    0    0 245 -340  2
4212500 3066500  4  7  2   3.1 1000 193  3.2 3  4.5  92    0    0 240 -340  2
4212500 3066500  4  7  3   3.8  999 168  3.5 5  4.5  92    0    0 253 -340  2
4212500 3066500  4  7  4   3.7  998 153  3.1 8  4.6  92    0    0 286 -340  2
4212500 3066500  4  7  5   3.8  998 158  3.0 7  4.6  92    0    0 300 -339  2
4212500 3066500  4  7  6   3.8  997 152  3.5 7  4.6  91    0    2 294 -337  2
4212500 3066500  4  7  7   4.1  996 140  3.2 8  4.6  91    0   20 302 -337  2
4212500 3066500  4  7  8   4.7  996 143  3.3 8  4.7  90    0   37 311 -341  2
4212500 3066500  4  7  9   4.8  995 151  4.7 8  4.8  89    0   57 312 -345  2
4212500 3066500  4  7 10   4.8  995 161  4.2 8  4.9  90    0   74 312 -353  2
4212500 3066500  4  7 11   4.9  995 168  4.0 8  4.9  90    0  119 313 -362  2
4212500 3066500  4  7 12   4.7  995 177  3.7 8  4.9  90    0  138 313 -369  2
4212500 3066500  4  7 13   5.2  995 175  3.4 8  4.9  89    0  192 310 -377  2
4212500 3066500  4  7 14   5.6  994 170  3.7 7  5.0  89   15  212 301 -384  2
4212500 3066500  4  7 15   6.0  994  47  3.2 8  5.1  87    0  132 296 -390  2
4212500 3066500  4  7 16   6.2  994 101  4.8 7  5.1  85    7  146 292 -384  2
4212500 3066500  4  7 17   7.0  994 134  3.8 5  4.9  80  111   94 278 -371  2
4212500 3066500  4  7 18   5.9  994 352  1.9 2  4.8  79  131   52 254 -360  2
4212500 3066500  4  7 19   5.4  995  19  2.4 6  4.8  83   15   15 254 -353  2
4212500 3066500  4  7 20   4.2  995 164  1.4 6  4.7  87    0    0 270 -347  2
4212500 3066500  4  7 21   4.4  996 173  2.7 5  4.7  90    0    0 265 -343  2
4212500 3066500  4  7 22   4.3  996 174  2.9 8  4.8  90    0    0 278 -342  2
4212500 3066500  4  7 23   4.5  996 185  2.9 8  4.8  90    0    0 295 -341  2
4212500 3066500  4  7 24   4.5  996 194  2.5 7  4.8  91    0    0 291 -338  2
4212500 3066500  4  8  1   4.2  996 202  2.8 6  4.8  91    0    0 281 -336  2
4212500 3066500  4  8  2   4.2  997 177  2.9 6  4.7  91    0    0 276 -334  2
4212500 3066500  4  8  3   4.0  997 195  3.4 7  4.7  92    0    0 283 -333  2
4212500 3066500  4  8  4   3.9  997 189  2.9 8  4.7  92    0    0 296 -332  2
4212500 3066500  4  8  5   3.9  997 203  2.9 8  4.7  92    0    0 304 -332  2
4212500 3066500  4  8  6   3.9  997 191  3.4 8  4.7  92    0    3 305 -332  2
4212500 3066500  4  8  7   4.4  998 187  2.6 8  4.8  92    5   37 307 -332  2
4212500 3066500  4  8  8   4.8  998 191  3.3 7  4.8  90   10   93 305 -338  2
4212500 3066500  4  8  9   5.0  999 170  3.5 8  4.9  90    6  138 309 -350  2
4212500 3066500  4  8 10   6.0  999 183  3.5 8  4.9  87    8  186 317 -362  2
4212500 3066500  4  8 11   6.9 1000 142  3.4 7  4.9  81    6  203 318 -372  2
4212500 3066500  4  8 12   7.2 1000 151  3.1 7  4.8  76   11  226 319 -379  2
4212500 3066500  4  8 13   8.4 1001 141  3.0 7  4.8  72  140  243 318 -385  2
4212500 3066500  4  8 14   8.3 1001 138  2.6 6  4.8  70  103  234 310 -388  2
4212500 3066500  4  8 15   8.1 1001 113  3.3 4  4.7  69  162  188 294 -384  2
4212500 3066500  4  8 16   7.6 1001 105  3.8 7  4.7  71   15  155 291 -378  2
4212500 3066500  4  8 17   6.7 1001  99  4.5 8  4.9  77    0   49 300 -371  2
4212500 3066500  4  8 18   6.3 1002  96  3.1 4  4.9  81    5   65 285 -361  2
4212500 3066500  4  8 19   5.4 1002 103  3.2 7  4.8  82    8   19 278 -350  2
4212500 3066500  4  8 20   4.6 1003 105  3.3 5  4.7  87    0    0 279 -341  2
4212500 3066500  4  8 21   3.3 1003  74  2.8 4  4.5  89    0    0 264 -335  2
4212500 3066500  4  8 22   2.7 1003  52  2.7 3  4.3  91    0    0 252 -331  2
4212500 3066500  4  8 23   2.4 1004  50  3.4 2  4.3  92    0    0 241 -329  2
4212500 3066500  4  8 24   2.1 1004  50  3.5 4  4.2  93    0    0 248 -329  2
4212500 3066500  4  9  1   1.9 1004  71  1.9 5  4.1  94    0    0 264 -330  2
4212500 3066500  4  9  2   2.8 1005  40  2.2 5  4.3  95    0    0 274 -330  2
4212500 3066500  4  9  3   2.4 1004  49  2.5 6  4.4  95    0    0 283 -333  2
4212500 3066500  4  9  4   2.2 1004  47  3.4 8  4.3  96    0    0 300 -337  2
4212500 3066500  4  9  5   2.3 1005  35  3.5 7  4.3  96    0    0 307 -339  2
4212500 3066500  4  9  6   2.4 1005  49  4.1 8  4.3  96    0    6 308 -339  2
4212500 3066500  4  9  7   2.5 1005  40  3.9 3  4.4  96    1   43 288 -341  2
4212500 3066500  4  9  8   2.9 1006  10  3.4 8  4.5  96    0   61 291 -343  2
4212500 3066500  4  9  9   3.3 1006  37  3.5 8  4.5  95    0  117 318 -346  2
4212500 3066500  4  9 10   3.9 1006  32  3.0 8  4.7  94    0  135 320 -349  2
4212500 3066500  4  9 11   4.0 1006 356  2.9 7  4.7  94    0  142 318 -351  2
4212500 3066500  4  9 12   3.9 1007 342  2.5 8  4.6  92    0  175 318 -353  2
4212500 3066500  4  9 13   3.8 1007 310  4.2 7  4.5  90    3  229 314 -355  2
4212500 3066500  4  9 14   4.5 1007 304  4.4 8  4.5  88    0  177 310 -356  2
4212500 3066500  4  9 15   4.4 1007 307  4.7 8  4.6  87    0  143 310 -358  2
4212500 3066500  4  9 16   4.2 1006 311  5.1 8  4.6  88    0   95 307 -361  2
4212500 3066500  4  9 17   4.1 1007 306  3.6 8  4.6  89    0   62 307 -363  2
4212500 3066500  4  9 18   4.0 1007 300  4.1 8  4.6  91    0   31 308 -361  2
4212500 3066500  4  9 19   4.2 1007 310  4.5 8  4.7  92    0   12 309 -356  2
4212500 3066500  4  9 20   4.5 1007 313  4.2 8  4.8  92    0    0 312 -349  2
4212500 3066500  4  9 21   4.7 1007 317  4.2 8  4.9  93    0    0 314 -343  2
4212500 3066500  4  9 22   4.9 1007 321  4.2 8  5.0  93    0    0 315 -339  2
4212500 3066500  4  9 23   5.2 1007 292  4.0 7  5.0  92    0    0 314 -337  2
4212500 3066500  4  9 24   5.5 1007 255  3.9 6  5.0  90    0    0 303 -334  2
4212500 3066500  4 10  1   5.8 1016 206  3.8 4  4.9  86    0    0 264 -354  2
4212500 3066500  4 10  2   6.0 1016 166  3.7 2  4.8  82    0    0 269 -353  2
4212500 3066500  4 10  3   6.2 1016 136  3.6 1  4.6  79    0    0 260 -352  2
4212500 3066500  4 10  4   6.1 1016 136  3.7 1  4.5  78    0    0 253 -351  2
4212500 3066500  4 10  5   6.4 1016 133  3.6 2  4.6  78    0    0 254 -351  2
4212500 3066500  4 10  6   5.8 1015 131  3.7 2  4.5  79    3   12 261 -351  2
4212500 3066500  4 10  7   8.5 1016 130  3.7 1  4.6  73   59   57 264 -353  2
4212500 3066500  4 10  8  10.1 1016 124  3.7 1  4.9  68  190   86 265 -360  2
4212500 3066500  4 10  9  11.2 1016 111  4.6 0  5.3  67  324  104 264 -373  2
4212500 3066500  4 10 10  11.8 1015 121  5.0 0  5.3  63  444  115 262 -388  2
4212500 3066500  4 10 11  13.2 1016 114  5.7 0  5.0  55  529  124 266 -401  2
4212500 3066500  4 10 12  12.4 1015 105  5.9 0  4.8  52  574  131 268 -411  2
4212500 3066500  4 10 13  13.7 1015 107  5.8 0  4.9  53  560  147 272 -416  2
4212500 3066500  4 10 14  13.9 1014  90  6.0 1  5.2  53  494  166 280 -416  2
4212500 3066500  4 10 15  13.7 1014  96  5.9 0  5.3  54  412  164 280 -412  2
4212500 3066500  4 10 16  13.0 1014  93  6.1 0  5.2  54  304  151 276 -406  2
4212500 3066500  4 10 17  11.8 1013  92  6.3 0  5.1  57  185  124 273 -396  2
4212500 3066500  4 10 18  10.5 1013  94  6.0 0  5.1  61   78   79 269 -384  2
4212500 3066500  4 10 19   8.7 1013 100  5.4 1  5.1  69    5   19 267 -372  2
4212500 3066500  4 10 20   8.7 1013 102  5.8 1  5.1  73    0    0 268 -363  2
4212500 3066500  4 10 21   8.2 1013  96  5.0 0  5.2  76    0    0 264 -359  2
4212500 3066500  4 10 22   7.7 1013 111  3.2 0  5.3  79    0    0 261 -358  2
4212500 3066500  4 10 23   8.2 1013 117  3.6 0  5.4  80    0    0 261 -358  2
4212500 3066500  4 10 24   9.0 1013 124  3.8 0  5.4  77    0    0 264 -359  2
4212500 3066500  4 11  1   8.3 1012 118  4.3 1  5.3  76    0    0 268 -361  2
4212500 3066500  4 11  2   8.6 1013 118  4.3 0  5.2  76    0    0 268 -361  2
4212500 3066500  4 11  3   7.5 1012 118  4.1 0  5.1  77    0    0 264 -361  2
4212500 3066500  4 11  4   7.5 1012 117  4.3 0  5.2  80    0    0 264 -360  2
4212500 3066500  4 11  5   7.1 1012 115  4.6 0  5.2  82    0    0 263 -359  2
4212500 3066500  4 11  6   6.9 1012 113  3.6 0  5.2  84    4   14 262 -358  2
4212500 3066500  4 11  7   8.2 1013 116  4.4 1  5.4  83   68   58 267 -359  2
4212500 3066500  4 11  8   9.6 1013 112  4.9 0  5.5  77  199   86 269 -365  2
4212500 3066500  4 11  9  10.2 1013 111  5.7 0  5.6  73  331  103 267 -375  2
4212500 3066500  4 11 10  11.5 1013 104  5.7 0  5.6  69  443  116 270 -387  2
4212500 3066500  4 11 11  11.8 1013 112  6.4 1  5.6  66  525  125 277 -400  2
4212500 3066500  4 11 12  13.0 1013 104  6.2 1  5.9  66  563  137 284 -409  2
4212500 3066500  4 11 13  13.2 1013  98  6.2 1  6.2  66  549  154 288 -414  2
4212500 3066500  4 11 14  13.0 1013  87  6.0 1  6.1  65  490  169 288 -416  2
4212500 3066500  4 11 15  12.3 1013  89  6.2 1  5.9  65  407  168 285 -413  2
4212500 3066500  4 11 16  11.7 1013  94  6.0 1  5.9  67  300  155 283 -407  2
4212500 3066500  4 11 17  11.7 1013  89  6.1 1  5.7  67  184  127 283 -397  2
4212500 3066500  4 11 18  11.2 1013  85  5.4 2  5.6  66   76   81 287 -386  2
4212500 3066500  4 11 19   9.2 1012  76  4.3 1  5.5  71    5   19 282 -374  2
4212500 3066500  4 11 20   7.0 1013  62  2.8 1  5.4  80    0    0 272 -365  2
4212500 3066500  4 11 21   6.1 1013  48  3.0 0  5.4  89    0    0 263 -360  2
4212500 3066500  4 11 22   5.3 1013  87  2.3 0  5.3  92    0    0 257 -359  2
4212500 3066500  4 11 23   5.4 1013  86  2.4 0  5.2  94    0    0 255 -359  2
4212500 3066500  4 11 24   5.1 1013  87  1.5 0  5.3  96    0    0 255 -359  2
4212500 3066500  4 12  1   5.0 1013 106  2.4 0  5.2  95    0    0 254 -359  2
4212500 3066500  4 12  2   6.5 1013 116  2.4 0  5.2  90    0    0 256 -359  2
4212500 3066500  4 12  3   6.7 1013 120  2.8 0  5.2  86    0    0 259 -358  2
4212500 3066500  4 12  4   6.6 1013 115  3.1 0  5.3  87    0    0 260 -358  2
4212500 3066500  4 12  5   5.7 1013  92  2.4 1  5.3  90    0    0 264 -358  2
4212500 3066500  4 12  6   5.8 1013  99  3.1 1  5.2  91    3   14 268 -358  2
4212500 3066500  4 12  7   7.5 1013 106  3.6 3  5.5  90   57   61 278 -359  2
4212500 3066500  4 12  8   8.7 1013 105  4.0 2  5.8  87  181   95 287 -365  2
4212500 3066500  4 12  9   9.6 1014  98  4.6 1  6.1  84  318  115 282 -374  2
4212500 3066500  4 12 10  10.9 1014  95  4.7 1  6.3  81  436  129 282 -383  2
4212500 3066500  4 12 11  11.9 1014 106  4.8 1  6.3  75  519  141 285 -387  2
4212500 3066500  4 12 12  12.6 1014 103  4.9 1  6.3  71  566  148 288 -391  2
4212500 3066500  4 12 13  12.4 1013  87  4.9 1  6.3  70  561  157 290 -396  2
4212500 3066500  4 12 14  12.7 1013  76  4.7 0  6.4  71  505  168 286 -400  2
4212500 3066500  4 12 15  11.8 1013  61  5.1 1  6.5  73  415  170 285 -400  2
4212500 3066500  4 12 16  11.8 1013  57  4.6 0  6.5  75  307  157 283 -394  2
4212500 3066500  4 12 17  10.7 1013  61  4.7 0  6.5  78  190  128 277 -385  2
4212500 3066500  4 12 18   9.3 1012  70  4.5 0  6.2  81   79   83 272 -374  2
4212500 3066500  4 12 19   7.1 1012  74  3.4 1  5.9  87    6   20 269 -363  2
4212500 3066500  4 12 20   7.2 1012  89  3.1 2  5.8  92    0    0 271 -355  2
4212500 3066500  4 12 21   7.1 1012 103  2.6 1  5.7  91    0    0 270 -350  2
4212500 3066500  4 12 22   7.5 1012 121  2.6 0  5.7  90    0    0 263 -347  2
4212500 3066500  4 12 23   6.3 1012 128  2.0 0  5.7  91    0    0 258 -346  2
4212500 3066500  4 12 24   6.3 1012 141  1.5 0  5.6  95    0    0 255 -345  2
4212500 3066500  4 13  1   6.4 1012 151  1.9 0  5.9  98    0    0 256 -345  2
4212500 3066500  4 13  2   6.3 1012 145  1.6 0  6.0 100    0    0 256 -344  2
4212500 3066500  4 13  3   6.2 1012 130  1.9 0  5.9  99    0    0 257 -344  2
4212500 3066500  4 13  4   5.6 1011 120  2.4 0  5.7  99    0    0 254 -343  2
4212500 3066500  4 13  5   5.7 1011 141  2.3 0  5.7 100    0    0 254 -343  2
4212500 3066500  4 13  6   6.0 1011 124  2.2 1  5.8 100    5   15 258 -343  2
4212500 3066500  4 13  7   7.7 1011 125  2.7 2  6.1  99   72   53 271 -345  2
4212500 3066500  4 13  8   9.8 1011 127  3.3 2  6.5  92  197   85 281 -351  2
4212500 3066500  4 13  9  11.0 1011 141  3.4 2  6.7  85  325  106 288 -362  2
4212500 3066500  4 13 10  12.3 1011 145  3.4 1  6.7  79  431  126 285 -375  2
4212500 3066500  4 13 11  13.5 1011 108  3.2 1  6.7  72  510  140 282 -386  2
4212500 3066500  4 13 12  13.9 1011 104  4.2 2  6.6  67  548  154 287 -396  2
4212500 3066500  4 13 13  13.8 1010 118  4.7 2  6.6  67  535  170 292 -401  2
4212500 3066500  4 13 14  14.3 1010 104  4.5 2  6.9  68  474  185 293 -403  2
4212500 3066500  4 13 15  13.6 1010  98  4.9 2  6.8  68  390  185 292 -400  2
4212500 3066500  4 13 16  13.9 1009  93  4.7 2  6.6  67  288  167 290 -394  2
4212500 3066500  4 13 17  12.9 1009  92  4.6 2  6.5  68  176  134 288 -384  2
4212500 3066500  4 13 18  11.5 1008  92  3.7 2  6.4  72   81   81 284 -372  2
4212500 3066500  4 13 19  10.2 1008  91  2.7 3  6.3  77    8   20 283 -360  2
4212500 3066500  4 13 20   8.0 1008  62  2.1 3  6.0  84    0    0 280 -349  2
4212500 3066500  4 13 21   6.7 1008  31  2.0 3  5.8  90    0    0 274 -343  2
4212500 3066500  4 13 22   6.7 1008  53  1.4 2  5.8  94    0    0 268 -341  2
4212500 3066500  4 13 23   6.6 1008  80  1.6 0  5.8  95    0    0 256 -339  2
4212500 3066500  4 13 24   7.0 1008 126  2.4 0  5.9  95    0    0 247 -337  2
4212500 3066500  4 14  1   7.8 1009 142  2.7 0  6.0  93    0    0 249 -336  2
4212500 3066500  4 14  2   8.1 1009 145  2.5 0  6.2  92    0    0 251 -335  2
4212500 3066500  4 14  3   7.9 1009 152  2.8 1  6.2  93    0    0 255 -334  2
4212500 3066500  4 14  4   7.5 1009 135  2.1 2  6.2  94    0    0 262 -333  2
4212500 3066500  4 14  5   7.5 1008 130  2.5 3  6.1  94    0    0 270 -333  2
4212500 3066500  4 14  6   7.2 1008 129  2.4 5  6.1  95    6   17 281 -332  2
4212500 3066500  4 14  7   8.5 1009 131  2.2 1  6.3  95  107   37 274 -334  2
4212500 3066500  4 14  8  10.9 1009 131  2.7 2  6.7  88  198   81 267 -341  2
4212500 3066500  4 14  9  11.4 1009 117  3.4 4  6.8  82  314  106 287 -353  2
4212500 3066500  4 14 10  12.5 1009 120  3.2 4  6.8  78  407  128 299 -366  2
4212500 3066500  4 14 11  13.5 1009 115  3.5 3  6.8  72  525  130 297 -379  2
4212500 3066500  4 14 12  14.7 1009 119  3.6 3  6.6  66  569  138 294 -388  2
4212500 3066500  4 14 13  15.8 1009 100  3.4 3  6.5  60  544  156 297 -394  2
4212500 3066500  4 14 14  16.5 1010  92  3.2 3  6.7  58  485  177 299 -396  2
4212500 3066500  4 14 15  15.2 1010  86  3.8 2  7.0  62  427  159 295 -393  2
4212500 3066500  4 14 16  14.2 1009  48  4.0 1  7.2  68  316  148 286 -388  2
4212500 3066500  4 14 17  13.9 1009  59  3.7 0  7.2  72  200  120 277 -379  2
4212500 3066500  4 14 18  12.0 1009  60  3.2 0  7.1  76   86   80 270 -368  2
4212500 3066500  4 14 19  11.0 1009  82  2.8 1  6.6  78   10   23 266 -356  2
4212500 3066500  4 14 20  10.0 1010  90  2.7 1  6.1  77    0    0 264 -347  2
4212500 3066500  4 14 21   8.6 1010  59  2.5 1  5.9  80    0    0 258 -341  2
4212500 3066500  4 14 22   7.5 1010  45  2.5 1  5.8  87    0    0 254 -339  2
4212500 3066500  4 14 23   6.8 1011  36  2.9 1  5.8  92    0    0 250 -338  2
4212500 3066500  4 14 24   6.7 1011  81  2.9 0  5.8  94    0    0 245 -337  2
4212500 3066500  4 15  1   6.2 1011  43  2.9 1  5.8  96    0    0 244 -336  2
4212500 3066500  4 15  2   6.2 1011  49  2.4 2  5.8  97    0    0 249 -335  2
4212500 3066500  4 15  3   5.9 1011  42  2.2 3  5.7  98    0    0 256 -335  2
4212500 3066500  4 15  4   5.9 1011  89  2.8 4  5.7  98    0    0 260 -334  2
4212500 3066500  4 15  5   5.9 1011  92  2.9 5  5.7  98    0    0 267 -334  2
4212500 3066500  4 15  6   6.3 1011  53  3.1 4  5.7  98    8   20 269 -334  2
4212500 3066500  4 15  7   8.0 1012  87  2.3 2  6.1  96   85   49 262 -336  2
4212500 3066500  4 15  8   9.9 1012  89  4.0 2  6.6  92  202   87 259 -344  2
4212500 3066500  4 15  9  11.5 1013  74  5.2 1  6.7  83  318  120 259 -358  2
4212500 3066500  4 15 10  11.6 1013  66  6.9 1  6.5  77  428  140 257 -374  2
4212500 3066500  4 15 11  12.6 1014  90  7.0 0  6.4  73  505  156 256 -388  2
4212500 3066500  4 15 12  12.6 1014  81  8.4 0  6.0  66  548  166 252 -399  2
4212500 3066500  4 15 13  12.3 1014  77  8.8 0  5.8  65  550  172 252 -405  2
4212500 3066500  4 15 14  11.8 1014  75  8.3 0  5.8  67  498  179 252 -406  2
4212500 3066500  4 15 15  10.2 1014  66  8.9 0  5.8  72  408  180 251 -403  2
4212500 3066500  4 15 16   9.5 1014  65  8.5 0  5.9  78  296  168 249 -397  2
4212500 3066500  4 15 17   8.8 1014  64  8.9 0  5.8  80  186  133 248 -388  2
4212500 3066500  4 15 18   8.1 1014  66  8.2 0  5.6  82   81   86 246 -376  2
4212500 3066500  4 15 19   7.4 1014  71  7.8 1  5.5  83    9   24 250 -363  2
4212500 3066500  4 15 20   6.8 1015  72  8.2 1  5.3  85    0    0 253 -353  2
4212500 3066500  4 15 21   6.5 1015  72  8.1 0  5.3  88    0    0 248 -347  2
4212500 3066500  4 15 22   6.3 1016  64  8.2 1  5.3  89    0    0 248 -345  2
4212500 3066500  4 15 23   6.2 1016  68  7.4 2  5.3  90    0    0 258 -345  2
4212500 3066500  4 15 24   6.3 1016  66  7.1 2  5.3  89    0    0 265 -346  2
4212500 3066500  4 16  1   6.2 1015  58  7.2 1  5.3  90    0    0 259 -346  2
4212500 3066500  4 16  2   6.0 1015  64  6.3 2  5.3  91    0    0 259 -347  2
4212500 3066500  4 16  3   6.0 1015  71  6.3 1  5.3  92    0    0 259 -347  2
4212500 3066500  4 16  4   5.9 1015  63  5.7 0  5.3  92    0    0 250 -346  2
4212500 3066500  4 16  5   5.7 1015  71  4.7 0  5.3  93    0    0 245 -345  2
4212500 3066500  4 16  6   5.9 1015  78  4.2 0  5.4  94    4   15 245 -345  2
4212500 3066500  4 16  7   7.5 1015  95  4.2 1  5.6  92   69   61 252 -347  2
4212500 3066500  4 16  8   9.0 1015  92  4.9 1  5.9  87  195  102 261 -354  2
4212500 3066500  4 16  9  10.4 1014  83  5.6 0  6.0  80  302  147 260 -367  2
4212500 3066500  4 16 10  11.2 1014  77  6.0 1  6.1  76  390  178 264 -382  2
4212500 3066500  4 16 11  12.0 1014  95  7.2 2  6.1  72  456  202 278 -395  2
4212500 3066500  4 16 12  13.1 1014  84  5.9 1  6.2  68  517  211 282 -404  2
4212500 3066500  4 16 13  13.2 1014  90  7.2 0  6.2  66  520  216 276 -411  2
4212500 3066500  4 16 14  13.2 1013  89  6.8 0  6.2  65  477  215 273 -412  2
4212500 3066500  4 16 15  12.1 1013  77  6.9 0  5.9  65  398  206 273 -410  2
4212500 3066500  4 16 16  11.2 1012  71  7.9 0  5.6  65  296  183 269 -405  2
4212500 3066500  4 16 17  10.3 1011  78  8.3 0  5.4  67  186  146 267 -396  2
4212500 3066500  4 16 18   9.0 1011  76  7.9 0  5.2  69   82   96 263 -385  2
4212500 3066500  4 16 19   7.6 1011  81  6.9 2  5.0  74   10   28 268 -373  2
4212500 3066500  4 16 20   7.2 1011  88  6.2 2  5.0  77    0    0 276 -362  2
4212500 3066500  4 16 21   6.6 1011  81  5.8 0  5.0  80    0    0 264 -355  2
4212500 3066500  4 16 22   6.0 1011  75  5.5 0  5.0  84    0    0 253 -352  2
4212500 3066500  4 16 23   5.8 1011  73  5.9 0  5.0  87    0    0 252 -350  2
4212500 3066500  4 16 24   5.3 1011  65  6.9 1  5.0  89    0    0 256 -350  2
4212500 3066500  4 17  1   5.4 1010  67  6.8 0  5.1  91    0    0 255 -350  2
4212500 3066500  4 17  2   5.2 1010  63  6.5 0  5.1  91    0    0 250 -349  2
4212500 3066500  4 17  3   5.0 1009  63  6.3 0  5.0  92    0    0 250 -348  2
4212500 3066500  4 17  4   4.7 1009  77  6.5 0  5.0  93    0    0 249 -347  2
4212500 3066500  4 17  5   4.7 1009  58  6.6 0  5.0  93    0    0 248 -346  2
4212500 3066500  4 17  6   5.1 1008  56  7.0 1  5.0  92   12   20 254 -345  2
4212500 3066500  4 17  7   5.9 1008  51  7.2 0  5.1  90  105   42 254 -346  2
4212500 3066500  4 17  8   6.3 1008  54  7.7 1  5.2  88  224   74 255 -353  2
4212500 3066500  4 17  9   7.1 1008  50  8.3 1  5.2  85  352  103 261 -366  2
4212500 3066500  4 17 10   7.7 1009  57  9.6 1  5.3  82  476  119 265 -381  2
4212500 3066500  4 17 11   8.3 1008  57  9.7 1  5.2  78  557  130 268 -394  2
4212500 3066500  4 17 12   8.8 1008  55  9.8 1  5.2  74  594  138 271 -404  2
4212500 3066500  4 17 13   9.4 1008  54 10.0 2  5.2  71  588  146 281 -411  2
4212500 3066500  4 17 14   9.2 1007  46  8.6 1  5.3  72  552  146 282 -414  2
4212500 3066500  4 17 15   9.8 1007  45  8.9 0  5.4  73  477  142 272 -413  2
4212500 3066500  4 17 16   9.3 1007  43  8.8 0  5.5  73  356  136 268 -407  2
4212500 3066500  4 17 17   8.9 1007  52  8.5 0  5.3  74  235  116 266 -399  2
4212500 3066500  4 17 18   8.3 1007  46  7.3 1  5.2  74  150   66 267 -387  2
4212500 3066500  4 17 19   7.6 1007  45  6.5 2  5.0  74   42   28 273 -374  2
4212500 3066500  4 17 20   7.0 1008  45  6.5 2  4.8  76    0    0 275 -361  2
4212500 3066500  4 17 21   7.1 1008  39  5.7 0  4.7  75    0    0 264 -351  2
4212500 3066500  4 17 22   6.5 1008  40  5.3 0  4.6  74    0    0 253 -345  2
4212500 3066500  4 17 23   6.1 1009  36  5.1 0  4.6  76    0    0 250 -342  2
4212500 3066500  4 17 24   5.0 1009  38  4.4 0  4.5  80    0    0 246 -340  2
4212500 3066500  4 18  1   5.1 1009  23  4.4 0  4.6  85    0    0 244 -338  2
4212500 3066500  4 18  2   5.3 1009  28  5.2 0  4.8  87    0    0 245 -337  2
4212500 3066500  4 18  3   5.1 1009  18  4.7 0  4.8  86    0    0 244 -336  2
4212500 3066500  4 18  4   4.7 1009  48  4.6 0  4.8  88    0    0 242 -335  2
4212500 3066500  4 18  5   4.7 1010  41  4.7 0  4.8  90    0    0 240 -334  2
4212500 3066500  4 18  6   5.6 1010  38  4.0 0  4.8  88    0    3 238 -334  2
4212500 3066500  4 18  7   7.7 1010  50  4.2 0  4.9  81  106   42 238 -339  2
4212500 3066500  4 18  8   9.0 1011  57  4.8 0  4.9  72  240   71 240 -348  2
4212500 3066500  4 18  9   9.2 1012  56  6.1 0  4.9  69  367  100 241 -361  2
4212500 3066500  4 18 10  10.1 1013  63  6.1 0  5.1  68  489  115 244 -375  2
4212500 3066500  4 18 11   9.1 1014  80  7.3 0  5.2  70  578  126 246 -386  2
4212500 3066500  4 18 12  10.1 1014 100  6.9 0  5.1  69  629  130 246 -395  2
4212500 3066500  4 18 13   9.0 1015  74  7.2 0  5.2  70  644  125 247 -402  2
4212500 3066500  4 18 14   8.5 1015  72  8.0 0  5.0  72  603  126 247 -404  2
4212500 3066500  4 18 15   8.1 1016  76  8.2 0  4.9  72  535  115 246 -402  2
4212500 3066500  4 18 16   7.5 1016  76  7.9 1  4.7  72  435   97 247 -396  2
4212500 3066500  4 18 17   7.4 1017  75  6.9 0  4.7  73  306   82 245 -386  2
4212500 3066500  4 18 18   6.7 1018  77  6.3 0  4.5  73  171   61 239 -372  2
4212500 3066500  4 18 19   5.7 1018  85  5.4 1  4.3  73   53   26 238 -359  2
4212500 3066500  4 18 20   5.0 1019  78  5.5 1  4.1  75    0    0 239 -347  2
4212500 3066500  4 18 21   4.7 1020  80  5.5 0  4.1  76    0    0 230 -339  2
4212500 3066500  4 18 22   4.3 1021  81  5.5 0  3.9  76    0    0 223 -334  2
4212500 3066500  4 18 23   3.7 1021  81  4.5 0  3.8  75    0    0 220 -331  2
4212500 3066500  4 18 24   4.0 1022  88  4.4 0  3.7  74    0    0 219 -328  2
4212500 3066500  4 19  1   4.0 1023  96  4.5 0  3.4  68    0    0 220 -326  2
4212500 3066500  4 19  2   3.7 1023  93  5.1 0  3.1  63    0    0 220 -324  2
4212500 3066500  4 19  3   3.7 1024 102  5.5 0  3.1  63    0    0 221 -323  2
4212500 3066500  4 19  4   3.5 1024 101  5.6 1  3.1  64    0    0 226 -321  2
4212500 3066500  4 19  5   3.1 1025 100  4.8 0  3.3  69    0    0 227 -320  2
4212500 3066500  4 19  6   3.4 1025 100  4.4 0  3.3  70    0    3 223 -319  2
4212500 3066500  4 19  7   4.3 1026  96  4.9 1  3.3  67  104   46 228 -320  2
4212500 3066500  4 19  8   5.6 1026  93  5.0 0  3.4  64  241   76 230 -329  2
4212500 3066500  4 19  9   5.8 1026  88  5.5 0  3.5  63  358  102 228 -344  2
4212500 3066500  4 19 10   6.1 1026  82  5.3 1  3.4  60  496  117 233 -359  2
4212500 3066500  4 19 11   6.7 1027  82  5.3 1  3.4  57  591  125 238 -373  2
4212500 3066500  4 19 12   7.0 1027  82  5.2 1  3.4  55  642  129 240 -384  2
4212500 3066500  4 19 13   7.5 1027  83  5.2 1  3.4  54  654  126 242 -393  2
4212500 3066500  4 19 14   7.3 1027  97  4.9 1  3.2  51  619  125 242 -399  2
4212500 3066500  4 19 15   7.5 1027 104  4.3 1  3.1  50  539  121 242 -402  2
4212500 3066500  4 19 16   7.3 1026  92  3.3 1  3.3  52  442  102 242 -401  2
4212500 3066500  4 19 17   6.8 1026  88  4.2 1  3.4  56  308   89 240 -394  2
4212500 3066500  4 19 18   6.1 1025  82  3.5 1  3.5  59  175   64 237 -379  2
4212500 3066500  4 19 19   4.7 1025  90  2.7 1  3.5  64   58   27 232 -363  2
4212500 3066500  4 19 20   3.0 1025  81  2.8 1  3.6  74    0    0 226 -349  2
4212500 3066500  4 19 21   1.7 1025  65  2.6 1  3.6  82    0    0 220 -340  2
4212500 3066500  4 19 22   1.2 1025  62  2.2 0  3.6  86    0    0 212 -335  2
4212500 3066500  4 19 23   1.3 1026  62  2.5 0  3.6  88    0    0 207 -332  2
4212500 3066500  4 19 24   0.8 1025  74  3.0 0  3.7  91    0    0 204 -330  2
4212500 3066500  4 20  1   0.5 1026  83  2.7 0  3.6  93    0    0 201 -328  2
4212500 3066500  4 20  2   0.4 1026  73  2.2 0  3.6  94    0    0 200 -327  2
4212500 3066500  4 20  3  -0.6 1025  59  1.7 0  3.6  96    0    0 198 -326  2
4212500 3066500  4 20  4  -0.2 1025  42  1.7 0  3.4  94    0    0 197 -325  2
4212500 3066500  4 20  5  -0.9 1025   5  1.4 1  3.3  93    0    0 200 -325  2
4212500 3066500  4 20  6   0.1 1025  40  1.6 1  3.4  94    0    2 205 -325  2
4212500 3066500  4 20  7   4.0 1025  16  1.3 1  3.9  90   96   42 211 -329  2
4212500 3066500  4 20  8   6.6 1025  35  1.6 2  4.4  80  250   62 222 -338  2
4212500 3066500  4 20  9   9.7 1025  67  2.1 2  4.3  64  410   79 232 -354  2
4212500 3066500  4 20 10  10.2 1025  66  2.6 2  3.9  52  516   90 237 -373  2
4212500 3066500  4 20 11  11.3 1025 120  3.0 2  3.7  47  600   98 241 -390  2
4212500 3066500  4 20 12  11.9 1025  55  3.4 2  3.9  46  652   99 246 -406  2
4212500 3066500  4 20 13  12.2 1025  92  4.3 1  4.0  46  666   98 248 -418  2
4212500 3066500  4 20 14  12.3 1025  65  3.9 1  4.1  47  629   99 248 -422  2
4212500 3066500  4 20 15  12.3 1025  43  3.1 1  4.1  47  546   98 250 -421  2
4212500 3066500  4 20 16  12.2 1024 103  2.7 1  4.1  47  419  101 251 -418  2
4212500 3066500  4 20 17  12.0 1024 133  2.6 1  4.2  48  273   97 251 -410  2
4212500 3066500  4 20 18  11.2 1024  84  1.5 1  4.3  51  129   75 251 -398  2
4212500 3066500  4 20 19   9.9 1024  92  1.3 3  4.4  56   19   30 253 -384  2
4212500 3066500  4 20 20   6.6 1024  55  1.0 3  4.3  64    0    0 251 -369  2
4212500 3066500  4 20 21   5.1 1024  44  1.4 3  4.2  73    0    0 244 -357  2
4212500 3066500  4 20 22   4.4 1024  56  2.1 2  4.1  78    0    0 239 -349  2
4212500 3066500  4 20 23   4.4 1024  85  1.9 2  4.1  79    0    0 237 -344  2
4212500 3066500  4 20 24   4.5 1025  94  2.2 2  4.0  77    0    0 237 -341  2
4212500 3066500  4 21  1   4.0 1025 104  2.8 1  4.0  79    0    0 236 -339  2
4212500 3066500  4 21  2   4.6 1025 101  2.9 0  4.3  84    0    0 235 -337  2
4212500 3066500  4 21  3   4.2 1025  81  2.8 0  4.5  88    0    0 235 -335  2
4212500 3066500  4 21  4   3.0 1025  72  2.5 1  4.5  93    0    0 234 -333  2
4212500 3066500  4 21  5   3.2 1025  88  2.3 4  4.5  96    0    0 236 -331  2
4212500 3066500  4 21  6   3.9 1025  88  2.8 4  4.7  98   28   25 239 -331  2
4212500 3066500  4 21  7   6.4 1025 103  4.2 1  4.9  90  135   57 240 -333  2
4212500 3066500  4 21  8   7.8 1025 101  4.5 1  4.8  77  284   69 241 -342  2
4212500 3066500  4 21  9   8.4 1025  95  5.0 0  4.4  67  404   89 241 -354  2
4212500 3066500  4 21 10   9.5 1025  96  4.9 0  4.3  61  512  101 244 -366  2
4212500 3066500  4 21 11  10.0 1025  84  5.6 0  4.5  60  591  112 248 -378  2
4212500 3066500  4 21 12  11.2 1025  90  5.8 0  4.6  59  634  120 253 -387  2
4212500 3066500  4 21 13  11.5 1024  90  5.4 0  4.5  55  648  118 256 -394  2
4212500 3066500  4 21 14  11.7 1024  81  4.9 0  4.2  50  622  113 255 -397  2
4212500 3066500  4 21 15  11.3 1024  60  4.9 0  4.1  49  541  109 254 -396  2
4212500 3066500  4 21 16  10.8 1023  95  4.4 0  4.2  51  416  110 252 -390  2
4212500 3066500  4 21 17  10.0 1023  97  3.6 0  4.1  53  275  100 248 -381  2
4212500 3066500  4 21 18   8.7 1022 105  3.6 0  4.4  60  139   74 243 -370  2
4212500 3066500  4 21 19   7.1 1022  98  2.7 0  4.5  69   27   34 240 -358  2
4212500 3066500  4 21 20   5.5 1021  93  2.7 0  4.5  77    0    0 236 -348  2
4212500 3066500  4 21 21   5.2 1021 112  2.6 0  4.5  82    0    0 233 -340  2
4212500 3066500  4 21 22   4.4 1021  95  2.6 0  4.5  84    0    0 232 -336  2
4212500 3066500  4 21 23   4.7 1021 110  2.7 0  4.4  84    0    0 233 -334  2
4212500 3066500  4 21 24   4.2 1020 122  2.3 0  4.3  83    0    0 236 -333  2
4212500 3066500  4 22  1   3.7 1020 131  2.0 0  4.3  86    0    0 237 -331  2
4212500 3066500  4 22  2   4.3 1019 133  1.9 1  4.3  85    0    0 238 -330  2
4212500 3066500  4 22  3   5.4 1018 149  2.5 0  4.6  86    0    0 243 -329  2
4212500 3066500  4 22  4   6.6 1017 175  2.6 0  5.0  86    0    0 247 -328  2
4212500 3066500  4 22  5   5.1 1017 165  2.4 2  4.9  86    0    0 248 -327  2
4212500 3066500  4 22  6   7.6 1016 204  2.3 4  5.0  84   15   29 253 -325  2
4212500 3066500  4 22  7   8.7 1016 195  3.4 2  5.3  79  106   93 259 -327  2
4212500 3066500  4 22  8   9.8 1015 198  4.6 2  5.5  75  212  140 260 -340  2
4212500 3066500  4 22  9   8.8 1015 266  5.9 6  5.8  80  122  200 267 -363  2
4212500 3066500  4 22 10   7.8 1015 287  6.7 8  6.0  88    0  128 273 -389  2
4212500 3066500  4 22 11   7.4 1015 287  7.0 8  5.7  88    0   95 275 -413  2
4212500 3066500  4 22 12   7.3 1015 278  7.7 8  5.6  88    0  122 276 -431  2
4212500 3066500  4 22 13   8.5 1015 260  6.9 7  5.4  82   23  220 278 -442  2
4212500 3066500  4 22 14   9.1 1015 290  5.9 5  5.3  75  173  347 279 -445  2
4212500 3066500  4 22 15  10.3 1015 281  6.0 4  5.3  71  231  320 279 -437  2
4212500 3066500  4 22 16   9.4 1014 282  4.9 5  5.6  74  130  271 279 -427  2
4212500 3066500  4 22 17   8.9 1015 287  3.2 7  5.6  78   29  139 280 -415  2
4212500 3066500  4 22 18   8.5 1015 287  3.1 8  5.6  80    5   51 283 -400  2
4212500 3066500  4 22 19   8.2 1015 267  3.2 8  5.6  82    0   15 284 -386  2
4212500 3066500  4 22 20   7.5 1015 287  2.1 8  5.6  85    0    0 284 -373  2
4212500 3066500  4 22 21   7.3 1016 316  2.3 8  5.6  88    0    0 282 -363  2
4212500 3066500  4 22 22   7.3 1016 303  2.9 8  5.7  90    0    0 283 -357  2
4212500 3066500  4 22 23   7.1 1016 354  3.0 8  5.8  93    0    0 285 -353  2
4212500 3066500  4 22 24   6.7 1016   5  2.6 7  5.8  93    0    0 284 -350  2
4212500 3066500  4 23  1   5.7 1016  12  3.6 3  5.6  95    0    0 270 -348  2
4212500 3066500  4 23  2   5.1 1017  28  3.4 2  5.3  96    0    0 253 -346  2
4212500 3066500  4 23  3   4.1 1017 358  4.0 0  5.0  94    0    0 241 -343  2
4212500 3066500  4 23  4   5.0 1017   3  4.6 0  4.8  92    0    0 235 -341  2
4212500 3066500  4 23  5   5.0 1017   7  4.6 0  4.9  90    0    0 236 -340  2
4212500 3066500  4 23  6   5.8 1018  28  4.8 0  5.0  89   28   27 237 -339  2
4212500 3066500  4 23  7   7.5 1018  34  4.2 0  5.1  84  136   63 239 -342  2
4212500 3066500  4 23  8   8.5 1019  41  5.2 0  5.0  75  280   80 240 -352  2
4212500 3066500  4 23  9   9.5 1019  44  5.2 0  4.9  69  405   99 242 -369  2
4212500 3066500  4 23 10  10.4 1020  46  5.2 0  4.9  64  515  115 246 -387  2
4212500 3066500  4 23 11  10.6 1021  48  5.5 0  4.8  61  609  120 249 -404  2
4212500 3066500  4 23 12  11.4 1021  33  5.4 0  4.7  58  654  126 252 -418  2
4212500 3066500  4 23 13  11.7 1022  21  5.5 0  4.3  52  654  129 254 -429  2
4212500 3066500  4 23 14  11.6 1022  40  4.8 0  4.0  47  599  137 253 -431  2
4212500 3066500  4 23 15  11.6 1022  69  4.4 0  3.8  46  515  133 250 -426  2
4212500 3066500  4 23 16  11.4 1022  64  4.3 0  3.9  47  388  135 247 -419  2
4212500 3066500  4 23 17  11.1 1022  63  4.4 0  4.1  49  264  112 245 -407  2
4212500 3066500  4 23 18   9.7 1022  49  3.5 0  4.3  55  135   83 241 -392  2
4212500 3066500  4 23 19   8.4 1023  43  2.5 1  4.4  62   28   38 240 -377  2
4212500 3066500  4 23 20   5.7 1023  10  2.1 2  4.2  69    0    0 239 -363  2
4212500 3066500  4 23 21   4.4 1023   1  1.8 1  4.2  79    0    0 232 -354  2
4212500 3066500  4 23 22   3.9 1024  17  2.3 1  4.3  84    0    0 226 -349  2
4212500 3066500  4 23 23   3.9 1024  37  2.3 1  4.1  82    0    0 225 -345  2
4212500 3066500  4 23 24   3.7 1024   5  2.5 0  3.9  80    0    0 222 -343  2
4212500 3066500  4 24  1   3.0 1024   6  2.2 0  4.0  83    0    0 219 -342  2
4212500 3066500  4 24  2   3.1 1024  20  2.4 0  4.1  87    0    0 220 -341  2
4212500 3066500  4 24  3   3.3 1024   6  2.7 0  4.2  88    0    0 221 -340  2
4212500 3066500  4 24  4   3.2 1024  28  2.6 0  4.2  90    0    0 224 -339  2
4212500 3066500  4 24  5   3.2 1024  33  2.4 1  4.3  90    0    0 227 -339  2
4212500 3066500  4 24  6   4.3 1024  83  2.3 2  4.4  89   33   28 234 -339  2
4212500 3066500  4 24  7   7.5 1025  94  1.9 1  4.8  84  146   62 240 -342  2
4212500 3066500  4 24  8  10.1 1025  64  2.6 1  5.0  72  296   74 245 -352  2
4212500 3066500  4 24  9  12.5 1025  91  3.7 0  4.5  55  429   88 247 -367  2
4212500 3066500  4 24 10  13.8 1025 100  4.1 0  4.3  46  538  101 250 -382  2
4212500 3066500  4 24 11  14.1 1025 119  4.4 0  4.1  42  620  110 254 -395  2
4212500 3066500  4 24 12  13.9 1025 105  4.2 0  3.5  35  666  114 253 -407  2
4212500 3066500  4 24 13  15.0 1024 106  4.7 0  3.5  35  658  122 257 -413  2
4212500 3066500  4 24 14  15.1 1024 113  4.7 0  3.9  37  613  124 262 -413  2
4212500 3066500  4 24 15  14.5 1024  96  4.4 0  3.8  37  522  126 262 -408  2
4212500 3066500  4 24 16  14.4 1023  78  4.6 0  3.7  36  399  127 260 -401  2
4212500 3066500  4 24 17  13.8 1023 102  4.4 0  3.5  36  273  106 258 -391  2
4212500 3066500  4 24 18  11.6 1022  61  3.3 0  3.7  41  143   81 254 -381  2
4212500 3066500  4 24 19   9.0 1021  81  3.4 1  4.0  52   31   39 252 -370  2
4212500 3066500  4 24 20   7.7 1021  85  2.9 1  3.9  58    0    0 250 -360  2
4212500 3066500  4 24 21   7.3 1021  79  2.3 1  4.0  62    0    0 248 -354  2
4212500 3066500  4 24 22   6.7 1021  76  2.1 1  4.1  66    0    0 248 -350  2
4212500 3066500  4 24 23   7.3 1021  93  2.8 0  4.3  70    0    0 245 -351  2
4212500 3066500  4 24 24   6.6 1020  95  2.4 0  4.7  76    0    0 243 -354  2
4212500 3066500  4 25  1   6.6 1020 106  2.6 0  4.9  82    0    0 242 -355  2
4212500 3066500  4 25  2   6.6 1020 113  3.0 0  5.1  84    0    0 243 -354  2
4212500 3066500  4 25  3   6.2 1019 120  2.9 0  5.1  86    0    0 243 -352  2
4212500 3066500  4 25  4   7.5 1019 118  2.9 0  5.2  85    0    0 245 -351  2
4212500 3066500  4 25  5   7.3 1019 109  2.9 0  5.2  82    0    1 245 -349  2
4212500 3066500  4 25  6   7.4 1019 118  3.0 0  5.2  83   34   29 243 -348  2
4212500 3066500  4 25  7   9.5 1018 110  4.0 0  5.4  78  149   64 244 -351  2
4212500 3066500  4 25  8  10.8 1018 103  5.4 0  5.4  70  300   75 246 -359  2
4212500 3066500  4 25  9  12.1 1018 113  5.0 0  5.3  63  432   87 247 -371  2
4212500 3066500  4 25 10  13.1 1018 112  5.5 0  5.2  58  543   99 249 -385  2
4212500 3066500  4 25 11  14.2 1017 113  6.3 0  4.9  50  628  106 252 -398  2
4212500 3066500  4 25 12  15.2 1017 112  6.8 0  4.5  43  669  112 254 -409  2
4212500 3066500  4 25 13  15.8 1016 113  7.0 0  4.5  41  668  117 258 -417  2
4212500 3066500  4 25 14  16.2 1016 113  7.3 0  4.7  42  608  132 260 -422  2
4212500 3066500  4 25 15  16.5 1015 115  7.1 0  4.8  42  507  144 261 -424  2
4212500 3066500  4 25 16  16.8 1014 114  7.2 0  4.8  41  397  131 262 -421  2
4212500 3066500  4 25 17  16.1 1014 115  5.7 0  4.8  41  272  109 261 -415  2
4212500 3066500  4 25 18  15.7 1013 114  5.1 0  4.9  44  140   85 259 -406  2
4212500 3066500  4 25 19  15.8 1013 124  4.6 1  5.0  45   31   41 263 -395  2
4212500 3066500  4 25 20  14.1 1013 121  4.3 1  4.9  47    0    0 264 -385  2
4212500 3066500  4 25 21  14.4 1013 130  4.5 1  5.0  49    0    0 263 -379  2
4212500 3066500  4 25 22  13.3 1013 142  3.8 0  5.1  52    0    0 259 -375  2
4212500 3066500  4 25 23  12.3 1013 140  3.3 0  5.3  58    0    0 254 -372  2
4212500 3066500  4 25 24  11.5 1013 150  3.8 0  5.4  63    0    0 254 -369  2
4212500 3066500  4 26  1  10.8 1013 150  3.1 0  5.4  65    0    0 251 -366  2
4212500 3066500  4 26  2  11.9 1013 172  3.4 0  5.2  62    0    0 251 -363  2
4212500 3066500  4 26  3  11.4 1012 171  3.0 1  5.1  60    0    0 256 -360  2
4212500 3066500  4 26  4   9.4 1012 155  2.4 3  5.2  66    0    0 265 -357  2
4212500 3066500  4 26  5   8.9 1012 150  2.5 3  5.4  75    0    1 270 -355  2
4212500 3066500  4 26  6  10.1 1012 149  2.2 3  5.7  77   28   29 269 -354  2
4212500 3066500  4 26  7  12.5 1012 154  2.7 2  5.9  71  129   72 269 -358  2
4212500 3066500  4 26  8  13.9 1012 142  3.2 2  6.1  64  271   93 268 -367  2
4212500 3066500  4 26  9  15.1 1011 147  3.4 3  6.1  60  382  118 277 -380  2
4212500 3066500  4 26 10  17.0 1011 139  3.6 4  6.3  56  473  143 293 -394  2
4212500 3066500  4 26 11  18.3 1012 136  3.8 4  6.8  54  548  162 307 -409  2
4212500 3066500  4 26 12  19.4 1011 144  4.9 4  7.0  51  605  165 315 -424  2
4212500 3066500  4 26 13  19.4 1011 132  5.9 3  6.7  48  579  190 316 -437  2
4212500 3066500  4 26 14  19.4 1010 123  5.4 3  6.5  46  378  279 313 -444  2
4212500 3066500  4 26 15  19.6 1010 346  6.1 4  6.3  45  354  244 318 -445  2
4212500 3066500  4 26 16  18.7 1009 104  4.5 5  6.4  46  109  249 326 -436  2
4212500 3066500  4 26 17  18.5 1008  97  4.0 4  6.4  48   46  180 324 -420  2
4212500 3066500  4 26 18  17.2 1007 107  3.8 5  6.4  50    8   99 322 -406  2
4212500 3066500  4 26 19  15.9 1006 110  2.0 5  6.5  55    0   26 323 -394  2
4212500 3066500  4 26 20  14.3 1006  99  2.7 5  6.7  62    0    0 316 -384  2
4212500 3066500  4 26 21  13.1 1005 108  2.1 6  6.6  68    0    0 314 -378  2
4212500 3066500  4 26 22  15.7 1005 139  4.1 4  6.5  63    0    0 306 -375  2
4212500 3066500  4 26 23  15.0 1005 152  3.0 1  6.4  59    0    0 268 -372  2
4212500 3066500  4 26 24  14.5 1004 159  3.1 0  6.4  61    0    0 233 -370  2
4212500 3066500  4 27  1  13.9 1004 162  3.0 0  6.4  63    0    0 227 -369  2
4212500 3066500  4 27  2  13.2 1002 125  2.6 0  6.4  65    0    0 228 -368  2
4212500 3066500  4 27  3  12.9 1002 160  3.5 0  6.3  67    0    0 230 -368  2
4212500 3066500  4 27  4  12.5 1001 198  2.3 1  6.3  68    0    0 237 -367  2
4212500 3066500  4 27  5  11.5 1001 151  3.1 4  6.3  72    0    0 264 -365  2
4212500 3066500  4 27  6  12.1 1000 166  3.4 6  6.4  73   19   28 300 -365  2
4212500 3066500  4 27  7  13.0 1000 161  3.7 4  6.4  70   66   75 303 -367  2
4212500 3066500  4 27  8  14.1 1001 170  4.2 5  6.5  66  221  112 302 -369  2
4212500 3066500  4 27  9  15.7 1001 167  5.1 4  6.6  62  378  142 308 -377  2
4212500 3066500  4 27 10  16.9 1001 169  4.2 1  6.8  58  474  168 295 -389  2
4212500 3066500  4 27 11  19.4 1001 178  4.1 1  7.2  54  537  189 291 -401  2
4212500 3066500  4 27 12  20.2 1001 157  4.0 2  7.2  50  528  227 305 -413  2
4212500 3066500  4 27 13  20.7 1001 164  3.9 3  7.1  47  280  355 321 -422  2
4212500 3066500  4 27 14  21.9 1001 145  5.5 3  7.1  44  384  293 330 -428  2
4212500 3066500  4 27 15  21.8 1001 130  5.7 4  7.3  44  311  276 338 -430  2
4212500 3066500  4 27 16  21.7 1001 140  4.1 4  7.6  46  285  220 341 -426  2
4212500 3066500  4 27 17  22.2 1001 162  3.5 3  7.3  44  163  181 335 -418  2
4212500 3066500  4 27 18  19.9 1001 172  3.3 6  7.4  47   60  121 338 -407  2
4212500 3066500  4 27 19  17.9 1001 244  4.6 7  7.8  57    0   26 345 -394  2
4212500 3066500  4 27 20  15.9 1002 294  5.5 7  7.8  64    0    0 342 -382  2
4212500 3066500  4 27 21  14.6 1003 315  3.7 8  7.4  68    0    0 339 -374  2
4212500 3066500  4 27 22  13.9 1003 338  3.9 8  7.4  72    0    0 339 -369  2
4212500 3066500  4 27 23  12.9 1003 354  3.1 7  7.2  75    0    0 332 -366  2
4212500 3066500  4 27 24  12.7 1003  11  4.4 7  7.1  76    0    0 325 -363  2
4212500 3066500  4 28  1  13.0 1003   6  3.5 7  7.0  75    0    0 324 -360  2
4212500 3066500  4 28  2  12.3 1003  16  3.1 6  6.9  75    0    0 317 -359  2
4212500 3066500  4 28  3  11.6 1003  42  3.3 6  6.8  77    0    0 308 -358  2
4212500 3066500  4 28  4  11.7 1002  45  3.6 5  6.8  79    0    0 300 -358  2
4212500 3066500  4 28  5  10.7 1002  63  3.7 6  6.9  82    0    1 298 -358  2
4212500 3066500  4 28  6  10.2 1002  79  2.9 7  6.8  86    1   14 309 -360  2
4212500 3066500  4 28  7  10.6 1002  45  3.4 6  6.9  87    0   47 306 -366  2
4212500 3066500  4 28  8  13.2 1002  72  3.2 6  7.4  84    5  128 302 -376  2
4212500 3066500  4 28  9  15.1 1003 107  3.7 3  7.7  75  120  228 290 -388  2
4212500 3066500  4 28 10  15.0 1002 108  4.4 3  7.6  71  224  267 273 -400  2
4212500 3066500  4 28 11  16.1 1002 112  4.8 4  7.4  66  289  298 284 -410  2
4212500 3066500  4 28 12  17.2 1002 103  6.0 4  7.3  61  264  336 304 -415  2
4212500 3066500  4 28 13  18.1 1001 104  5.5 5  7.5  59  176  359 322 -419  2
4212500 3066500  4 28 14  19.2 1001 108  5.0 5  7.2  53  220  332 331 -421  2
4212500 3066500  4 28 15  20.2 1002 109  4.8 5  7.0  48  316  256 335 -420  2
4212500 3066500  4 28 16  20.5 1001 103  4.7 4  7.0  47  223  228 332 -415  2
4212500 3066500  4 28 17  19.6 1001 113  4.3 3  7.2  48  272  117 322 -407  2
4212500 3066500  4 28 18  20.3 1001 118  3.8 3  7.0  48  127   91 316 -398  2
4212500 3066500  4 28 19  16.0 1001 116  2.9 4  6.9  52   39   43 313 -388  2
4212500 3066500  4 28 20  15.6 1002 116  2.9 3  6.9  61    0    0 307 -380  2
4212500 3066500  4 28 21  17.0 1002 117  3.7 1  6.5  56    0    0 288 -376  2
4212500 3066500  4 28 22  17.6 1003 126  4.1 1  6.2  50    0    0 272 -375  2
4212500 3066500  4 28 23  16.3 1003 141  3.7 1  6.3  52    0    0 266 -373  2
4212500 3066500  4 28 24  15.6 1003 136  3.2 1  6.5  57    0    0 264 -373  2
4212500 3066500  4 29  1  14.8 1004 136  3.0 0  6.4  59    0    0 261 -374  2
4212500 3066500  4 29  2  14.4 1004 147  2.7 0  6.2  59    0    0 255 -374  2
4212500 3066500  4 29  3  13.8 1004 153  2.7 0  6.0  60    0    0 257 -374  2
4212500 3066500  4 29  4  12.5 1004 160  2.3 0  6.0  63    0    0 258 -375  2
4212500 3066500  4 29  5  12.3 1004 176  2.1 1  6.0  66    0    0 264 -374  2
4212500 3066500  4 29  6  11.8 1004 152  1.4 1  6.3  71   34   33 268 -374  2
4212500 3066500  4 29  7  13.3 1005 127  1.6 1  6.5  71  137   81 271 -377  2
4212500 3066500  4 29  8  14.7 1005 133  2.4 1  6.0  60  275  107 277 -382  2
4212500 3066500  4 29  9  16.3 1007 154  2.3 0  5.9  53  392  133 278 -390  2
4212500 3066500  4 29 10  18.0 1007 143  2.5 0  6.3  51  490  157 282 -399  2
4212500 3066500  4 29 11  18.6 1008 131  2.7 0  6.3  48  565  173 290 -406  2
4212500 3066500  4 29 12  19.3 1008  99  3.7 0  6.4  46  608  181 296 -410  2
4212500 3066500  4 29 13  20.7 1008 112  3.8 1  6.5  44  606  184 312 -413  2
4212500 3066500  4 29 14  20.9 1008  83  4.0 1  6.5  42  558  188 321 -415  2
4212500 3066500  4 29 15  19.8 1008  72  4.9 0  6.5  44  461  193 314 -413  2
4212500 3066500  4 29 16  17.3 1008  46  4.7 1  6.6  49  362  169 305 -411  2
4212500 3066500  4 29 17  16.4 1009  42  4.8 1  6.5  54  245  138 300 -405  2
4212500 3066500  4 29 18  15.8 1009  52  4.5 2  6.1  54  125  100 299 -396  2
4212500 3066500  4 29 19  13.5 1008  26  2.9 1  5.8  56   29   44 294 -387  2
4212500 3066500  4 29 20  12.2 1008  50  2.7 2  5.7  61    0    0 287 -379  2
4212500 3066500  4 29 21  10.9 1009  20  2.3 2  5.6  66    0    0 285 -373  2
4212500 3066500  4 29 22  11.6 1009  43  1.9 2  5.6  67    0    0 283 -369  2
4212500 3066500  4 29 23  10.6 1010  45  2.3 2  5.7  69    0    0 283 -368  2
4212500 3066500  4 29 24   9.2 1010  25  1.8 1  5.9  78    0    0 275 -367  2
4212500 3066500  4 30  1   8.7 1011  31  2.3 0  6.0  85    0    0 263 -366  2
4212500 3066500  4 30  2   8.2 1011  26  2.2 1  6.2  90    0    0 261 -365  2
4212500 3066500  4 30  3   8.0 1011  45  2.2 1  6.3  94    0    0 263 -363  2
4212500 3066500  4 30  4   7.9 1012  42  2.5 1  6.3  94    0    0 261 -361  2
4212500 3066500  4 30  5   7.9 1012  47  3.2 1  6.2  93    0    1 261 -362  2
4212500 3066500  4 30  6   8.6 1012  47  3.8 0  6.3  92   30   33 256 -363  2
4212500 3066500  4 30  7   9.8 1013  47  5.2 0  6.4  88  133   82 253 -365  2
4212500 3066500  4 30  8  10.6 1013  60  5.9 1  6.4  82  252  111 259 -370  2
4212500 3066500  4 30  9  10.9 1014  52  5.7 2  6.4  79  336  148 271 -374  2
4212500 3066500  4 30 10  12.9 1014  53  5.8 3  6.5  74  311  251 285 -377  2
4212500 3066500  4 30 11  13.0 1015  51  4.7 4  6.6  71  320  303 300 -385  2
4212500 3066500  4 30 12  13.6 1015  44  5.5 2  6.6  70  531  224 298 -391  2
4212500 3066500  4 30 13  13.0 1015  48  6.3 0  6.6  69  615  187 281 -394  2
4212500 3066500  4 30 14  13.4 1016  45  6.8 0  6.6  70  573  185 274 -398  2
4212500 3066500  4 30 15  12.5 1016  51  6.9 0  6.4  69  483  183 274 -403  2
4212500 3066500  4 30 16  12.4 1016  60  6.3 0  6.3  70  376  166 273 -402  2
4212500 3066500  4 30 17  11.7 1017  53  7.7 0  6.0  69  257  138 269 -395  2
4212500 3066500  4 30 18  10.6 1017  46  6.6 0  5.7  69  142  101 261 -387  2
4212500 3066500  4 30 19   9.0 1017  45  6.0 1  5.5  73   39   49 257 -380  2
4212500 3066500  4 30 20   8.0 1017  29  5.6 1  5.3  77    0    0 256 -372  2
4212500 3066500  4 30 21   7.6 1018  53  4.4 0  5.1  78    0    0 248 -367  2
4212500 3066500  4 30 22   7.6 1019  40  5.1 0  5.3  81    0    0 246 -364  2
4212500 3066500  4 30 23   7.2 1019  56  5.9 0  5.4  85    0    0 250 -362  2
4212500 3066500  4 30 24   7.4 1020  56  7.0 0  5.5  86    0    0 252 -360  2
4212500 3066500  5  1  1   6.9 1020  52  6.2 0  5.5  89    0    0 253 -358  2
4212500 3066500  5  1  2   6.8 1020  52  5.8 0  5.5  89    0    0 250 -357  2
4212500 3066500  5  1  3   6.4 1020  45  5.4 0  5.4  90    0    0 248 -356  2
4212500 3066500  5  1  4   6.4 1020  45  5.4 1  5.4  91    0    0 251 -356  2
4212500 3066500  5  1  5   6.3 1021  45  5.5 2  5.4  91    0    5 260 -357  2
4212500 3066500  5  1  6   7.3 1021  45  5.5 3  5.5  91   29   41 269 -360  2
4212500 3066500  5  1  7   8.3 1021  54  6.1 1  5.7  88  147   75 267 -365  2
4212500 3066500  5  1  8   9.3 1021  57  6.2 2  5.8  83  292   98 267 -372  2
4212500 3066500  5  1  9  10.0 1022  62  6.6 1  5.9  79  453   86 272 -382  2
4212500 3066500  5  1 10  10.8 1022  61  5.9 1  6.0  78  562   95 275 -392  2
4212500 3066500  5  1 11  11.4 1022  60  6.7 0  6.3  77  646   99 276 -402  2
4212500 3066500  5  1 12  11.8 1022  52  5.6 1  6.3  75  701   96 281 -410  2
4212500 3066500  5  1 13  12.7 1022  53  5.8 1  6.2  70  682  114 288 -416  2
4212500 3066500  5  1 14  12.4 1022  61  7.0 1  5.9  66  588  153 288 -418  2
4212500 3066500  5  1 15  12.4 1022  59  6.7 1  5.3  60  503  155 285 -416  2
4212500 3066500  5  1 16  11.4 1022  55  6.6 0  4.8  56  402  139 279 -411  2
4212500 3066500  5  1 17  10.4 1022  58  6.2 0  4.6  58  288  108 272 -403  2
4212500 3066500  5  1 18   9.8 1022  48  5.8 0  4.6  60  138  100 268 -394  2
4212500 3066500  5  1 19   8.7 1022  52  5.2 1  4.6  64   30   58 266 -384  2
4212500 3066500  5  1 20   7.1 1022  43  4.4 1  4.8  72    0    3 264 -374  2
4212500 3066500  5  1 21   6.6 1022  48  3.6 0  4.8  79    0    0 258 -367  2
4212500 3066500  5  1 22   6.1 1022  34  4.1 0  4.7  80    0    0 253 -362  2
4212500 3066500  5  1 23   6.6 1022  48  3.2 0  4.7  79    0    0 254 -360  2
4212500 3066500  5  1 24   5.8 1022  39  3.7 0  4.7  80    0    0 255 -358  2
4212500 3066500  5  2  1   5.5 1022  73  3.2 0  4.8  86    0    0 255 -356  2
4212500 3066500  5  2  2   5.1 1022  78  3.6 0  4.9  89    0    0 254 -355  2
4212500 3066500  5  2  3   5.0 1022  72  2.9 2  4.8  89    0    0 259 -355  2
4212500 3066500  5  2  4   5.7 1022  83  2.7 2  4.7  86    0    0 268 -355  2
4212500 3066500  5  2  5   5.4 1022  92  2.2 1  4.8  85    0    8 264 -355  2
4212500 3066500  5  2  6   6.8 1022 101  2.0 1  5.0  86   35   43 262 -355  2
4212500 3066500  5  2  7   9.5 1023 101  2.1 0  5.4  81  150   78 263 -361  2
4212500 3066500  5  2  8  10.8 1023 102  2.8 0  5.6  74  307   89 264 -374  2
4212500 3066500  5  2  9  11.7 1023 112  2.4 0  5.6  68  447   97 268 -392  2
4212500 3066500  5  2 10  12.8 1023 117  2.3 0  5.6  64  564  102 273 -412  2
4212500 3066500  5  2 11  15.0 1023 148  1.8 0  5.5  56  644  110 280 -430  2
4212500 3066500  5  2 12  15.5 1024 116  2.0 0  5.2  48  701  106 286 -446  2
4212500 3066500  5  2 13  16.9 1023  91  2.8 0  5.5  48  691  115 292 -458  2
4212500 3066500  5  2 14  16.9 1023 101  3.3 1  5.8  49  594  154 302 -464  2
4212500 3066500  5  2 15  17.0 1023  79  2.9 2  5.5  47  506  156 308 -460  2
4212500 3066500  5  2 16  16.2 1023  83  3.1 3  5.0  43  363  171 310 -449  2
4212500 3066500  5  2 17  15.9 1023  71  2.4 3  5.0  45  271  121 310 -438  2
4212500 3066500  5  2 18  14.1 1022  43  2.0 3  5.7  55  131  106 307 -424  2
4212500 3066500  5  2 19  12.9 1022  80  1.6 3  6.0  63   27   58 302 -409  2
4212500 3066500  5  2 20   9.7 1022  64  1.1 3  6.1  73    0    4 295 -394  2
4212500 3066500  5  2 21   7.5 1023  69  1.1 2  5.8  85    0    0 282 -383  2
4212500 3066500  5  2 22   6.7 1023  61  0.5 1  5.6  90    0    0 268 -377  2
4212500 3066500  5  2 23   6.1 1023 279  0.6 0  5.4  91    0    0 254 -374  2
4212500 3066500  5  2 24   6.5 1022 228  1.5 2  5.3  90    0    0 255 -373  2
4212500 3066500  5  3  1   6.0 1022 245  2.1 2  5.3  91    0    0 261 -372  2
4212500 3066500  5  3  2   7.1 1022 258  2.2 1  5.5  92    0    0 255 -372  2
4212500 3066500  5  3  3   6.1 1021 220  2.2 1  5.6  93    0    0 248 -373  2
4212500 3066500  5  3  4   6.4 1021 268  2.4 2  5.5  94    0    0 249 -369  2
4212500 3066500  5  3  5   7.0 1021 248  2.8 3  5.4  90    0    7 255 -364  2
4212500 3066500  5  3  6   9.0 1021 248  2.9 5  5.5  83   15   43 269 -363  2
4212500 3066500  5  3  7  11.5 1021 248  2.3 3  6.2  81   74  106 272 -366  2
4212500 3066500  5  3  8  13.1 1020 259  2.1 3  7.1  80  195  149 265 -372  2
4212500 3066500  5  3  9  14.6 1020 261  3.7 4  7.5  76  320  177 277 -382  2
4212500 3066500  5  3 10  15.1 1020 284  3.9 5  7.8  74  206  298 297 -393  2
4212500 3066500  5  3 11  15.3 1020 295  4.4 7  7.7  72   58  324 319 -403  2
4212500 3066500  5  3 12  15.7 1020 306  2.4 4  7.2  66  161  373 316 -413  2
4212500 3066500  5  3 13  16.1 1019 309  3.1 3  6.7  60  122  369 300 -421  2
4212500 3066500  5  3 14  16.4 1018 323  2.8 2  6.3  55  215  358 293 -424  2
4212500 3066500  5  3 15  16.9 1017 341  2.2 4  5.9  50   96  314 298 -423  2
4212500 3066500  5  3 16  16.7 1016  31  2.4 5  5.9  50   80  264 309 -418  2
4212500 3066500  5  3 17  13.0 1016  43  3.5 7  6.2  59   52  180 314 -409  2
4212500 3066500  5  3 18  12.2 1015 340  3.2 8  6.3  70    0   58 321 -400  2
4212500 3066500  5  3 19  10.3 1014 141  3.1 8  6.8  82    0   21 323 -390  2
4212500 3066500  5  3 20  10.2 1014 188  2.7 8  7.3  94    0    1 322 -379  2
4212500 3066500  5  3 21  10.2 1014 208  4.0 8  7.4  95    0    0 323 -370  2
4212500 3066500  5  3 22  10.4 1014 255  5.8 8  7.3  93    0    0 323 -366  2
4212500 3066500  5  3 23   9.7 1014 263  6.1 8  7.0  92    0    0 321 -364  2
4212500 3066500  5  3 24   8.9 1014 250  6.6 5  6.7  92    0    0 304 -363  2
4212500 3066500  5  4  1   7.7 1014 251  5.9 5  6.2  91    0    0 285 -362  2
4212500 3066500  5  4  2   7.2 1014 239  5.9 4  5.7  89    0    0 277 -359  2
4212500 3066500  5  4  3   7.5 1014 247  7.5 6  5.6  88    0    0 282 -355  2
4212500 3066500  5  4  4   7.7 1013 250  7.9 7  5.6  87    0    0 299 -352  2
4212500 3066500  5  4  5   8.0 1013 258  6.0 8  5.7  87    0    1 311 -355  2
4212500 3066500  5  4  6   7.8 1014 278  7.5 8  5.6  85   36   31 316 -358  2
4212500 3066500  5  4  7   8.6 1014 272  6.7 4  5.5  81  185   66 294 -361  2
4212500 3066500  5  4  8   9.4 1015 278  8.8 5  5.5  77  271   65 281 -366  2
4212500 3066500  5  4  9   9.2 1015 262  8.4 8  5.6  77   71  206 297 -376  2
4212500 3066500  5  4 10   9.9 1016 261  8.4 8  5.8  78  136  247 310 -387  2
4212500 3066500  5  4 11  10.7 1016 268  8.7 6  5.8  74  244  254 306 -396  2
4212500 3066500  5  4 12  11.9 1016 271  8.5 5  5.8  69  326  246 298 -401  2
4212500 3066500  5  4 13  10.6 1016 267  8.2 5  5.7  69   69  304 294 -407  2
4212500 3066500  5  4 14  12.0 1016 270  7.0 5  5.8  70  114  288 295 -411  2
4212500 3066500  5  4 15  11.4 1016 279  7.3 6  5.9  69  205  241 303 -412  2
4212500 3066500  5  4 16  11.0 1017 278  7.6 7  5.8  70   58  216 313 -409  2
4212500 3066500  5  4 17  11.2 1017 275  7.5 6  5.7  69  112  146 314 -403  2
4212500 3066500  5  4 18  10.8 1017 280  6.3 6  5.4  66   90   90 311 -397  2
4212500 3066500  5  4 19  10.3 1017 260  5.4 3  5.0  64   61   43 296 -389  2
4212500 3066500  5  4 20   8.7 1017 265  5.3 2  4.8  65    0    7 274 -380  2
4212500 3066500  5  4 21   7.5 1017 253  5.2 1  4.7  70    0    0 261 -373  2
4212500 3066500  5  4 22   6.7 1017 253  5.4 1  4.8  76    0    0 255 -370  2
4212500 3066500  5  4 23   5.9 1017 232  5.8 0  4.8  82    0    0 250 -368  2
4212500 3066500  5  4 24   6.0 1017 227  3.4 0  4.8  84    0    0 246 -366  2
4212500 3066500  5  5  1   5.6 1016 226  4.2 0  4.8  83    0    0 246 -364  2
4212500 3066500  5  5  2   5.1 1016 230  4.4 0  4.7  84    0    0 246 -363  2
4212500 3066500  5  5  3   5.5 1015 218  4.4 3  4.7  84    0    0 262 -363  2
4212500 3066500  5  5  4   6.0 1014 227  4.3 5  4.7  83    0    0 288 -363  2
4212500 3066500  5  5  5   6.6 1014 207  4.1 8  4.9  82    0    1 313 -362  2
4212500 3066500  5  5  6   6.5 1014 216  4.6 8  5.2  86    0   14 330 -362  2
4212500 3066500  5  5  7   6.6 1013 222  4.7 7  5.4  90    0   61 327 -363  2
4212500 3066500  5  5  8   7.1 1013 214  6.8 7  5.6  91   44  139 323 -364  2
4212500 3066500  5  5  9   8.1 1012 213  7.3 7  5.7  88  191  146 326 -367  2
4212500 3066500  5  5 10   8.8 1011 213  8.2 7  5.7  83   12  219 331 -371  2
4212500 3066500  5  5 11   8.1 1010 211  8.2 8  5.9  86    0  126 339 -376  2
4212500 3066500  5  5 12   8.1 1010 213  7.1 8  6.3  93    0  120 347 -382  2
4212500 3066500  5  5 13   8.4 1009 222  7.1 8  6.5  95    0  121 348 -387  2
4212500 3066500  5  5 14   8.9 1009 230  6.8 8  6.8  96    0  162 348 -390  2
4212500 3066500  5  5 15  11.4 1009 235  7.5 7  7.2  93   30  229 344 -391  2
4212500 3066500  5  5 16  11.0 1009 278  6.6 8  7.3  88    0  125 343 -393  2
4212500 3066500  5  5 17  11.8 1009 277  9.2 7  7.0  84   61  136 340 -393  2
4212500 3066500  5  5 18  11.6 1009 269  8.5 6  6.8  79  128   58 327 -386  2
4212500 3066500  5  5 19  10.6 1009 259  6.8 5  6.4  77   51   47 311 -378  2
4212500 3066500  5  5 20   9.6 1009 258  6.3 5  6.1  79    0    1 294 -369  2
4212500 3066500  5  5 21   8.8 1009 251  5.6 4  5.9  80    0    0 284 -362  2
4212500 3066500  5  5 22   8.3 1009 246  5.3 5  5.7  83    0    0 283 -357  2
4212500 3066500  5  5 23   8.0 1008 217  4.8 5  5.7  85    0    0 285 -354  2
4212500 3066500  5  5 24   7.8 1008 181  4.3 4  5.8  88    0    0 290 -353  2
4212500 3066500  5  6  1   7.5 1019 137  3.5 3  5.8  90    0    0 249 -361  2
4212500 3066500  5  6  2   7.1 1019  99  2.8 2  5.8  92    0    0 252 -360  2
4212500 3066500  5  6  3   6.6 1019  69  2.3 1  5.7  93    0    0 250 -358  2
4212500 3066500  5  6  4   6.4 1019  61  2.3 1  5.6  94    0    0 247 -356  2
4212500 3066500  5  6  5   7.3 1019  64  2.6 1  5.8  94    0    5 243 -355  2
4212500 3066500  5  6  6   7.8 1019  49  2.6 1  5.8  96   41   47 248 -357  2
4212500 3066500  5  6  7  10.1 1019  60  3.0 1  6.6  93  150   82 256 -363  2
4212500 3066500  5  6  8  11.5 1019  55  3.6 1  6.8  85  293   98 262 -376  2
4212500 3066500  5  6  9  12.7 1019  45  4.1 1  6.6  76  431  104 267 -393  2
4212500 3066500  5  6 10  14.1 1019  48  4.5 1  6.7  70  547  110 274 -409  2
4212500 3066500  5  6 11  14.1 1019  46  4.8 1  6.4  64  629  117 278 -425  2
4212500 3066500  5  6 12  14.6 1019  49  4.7 2  6.2  62  638  148 279 -440  2
4212500 3066500  5  6 13  15.8 1019 117  3.7 2  5.9  55  603  177 283 -451  2
4212500 3066500  5  6 14  15.6 1019 105  3.9 2  5.4  49  573  171 284 -459  2
4212500 3066500  5  6 15  15.5 1018  85  4.4 2  5.4  49  481  175 283 -459  2
4212500 3066500  5  6 16  15.5 1018 107  3.1 2  5.6  51  379  161 283 -450  2
4212500 3066500  5  6 17  15.2 1018  53  3.3 1  5.6  52  287  121 279 -437  2
4212500 3066500  5  6 18  13.7 1017  66  3.0 1  5.4  53  153   98 273 -424  2
4212500 3066500  5  6 19  12.2 1017  80  2.8 1  5.3  58   52   60 268 -408  2
4212500 3066500  5  6 20  10.9 1017 106  2.4 2  5.5  65    4   14 267 -394  2
4212500 3066500  5  6 21   8.4 1017 102  2.1 2  5.6  75    0    0 264 -383  2
4212500 3066500  5  6 22   6.8 1017 123  2.0 1  5.5  86    0    0 256 -375  2
4212500 3066500  5  6 23   6.6 1017 149  2.2 1  5.5  91    0    0 251 -370  2
4212500 3066500  5  6 24   6.0 1017 173  1.6 0  5.4  91    0    0 249 -366  2
4212500 3066500  5  7  1   5.4 1017  14  1.1 1  5.0  89    0    0 248 -363  2
4212500 3066500  5  7  2   5.1 1017  26  1.1 1  4.7  86    0    0 248 -360  2
4212500 3066500  5  7  3   5.0 1017  42  1.2 1  4.8  89    0    0 248 -358  2
4212500 3066500  5  7  4   5.0 1017  48  0.9 1  5.1  94    0    0 248 -355  2
4212500 3066500  5  7  5   5.4 1017  15  1.5 2  5.2  96    1    8 250 -353  2
4212500 3066500  5  7  6   6.0 1017  12  1.2 2  5.5  96   52   45 252 -355  2
4212500 3066500  5  7  7   9.0 1017  27  1.1 1  6.2  96  183   68 256 -364  2
4212500 3066500  5  7  8  12.3 1018  25  2.3 2  6.5  81  308   86 265 -380  2
4212500 3066500  5  7  9  14.6 1018  34  3.9 2  5.9  62  431   96 274 -403  2
4212500 3066500  5  7 10  15.7 1018  25  2.8 2  5.6  52  557   96 280 -427  2
4212500 3066500  5  7 11  16.5 1018  31  2.7 1  5.6  50  646   99 284 -449  2
4212500 3066500  5  7 12  17.2 1018  80  2.2 2  5.8  48  629  148 289 -463  2
4212500 3066500  5  7 13  18.0 1018  82  4.4 1  6.1  49  613  164 296 -465  2
4212500 3066500  5  7 14  17.5 1018  64  5.4 1  6.5  52  593  152 296 -456  2
4212500 3066500  5  7 15  15.4 1018  74  5.7 1  6.5  56  503  156 291 -446  2
4212500 3066500  5  7 16  15.7 1018  74  6.2 1  6.7  61  409  138 288 -438  2
4212500 3066500  5  7 17  14.3 1018  71  6.5 1  6.9  65  304  108 284 -425  2
4212500 3066500  5  7 18  12.5 1018  62  6.2 1  7.1  74  166   91 278 -410  2
4212500 3066500  5  7 19  10.7 1018  71  7.0 1  7.0  82   56   59 271 -395  2
4212500 3066500  5  7 20  10.0 1018  82  5.6 1  6.7  86    4   15 266 -382  2
4212500 3066500  5  7 21   9.3 1018  80  6.6 1  6.5  87    0    0 263 -373  2
4212500 3066500  5  7 22   9.3 1018  87  4.2 0  6.0  83    0    0 258 -368  2
4212500 3066500  5  7 23   9.4 1019  87  5.4 0  5.7  78    0    0 254 -365  2
4212500 3066500  5  7 24   9.1 1019  88  4.9 0  5.6  77    0    0 252 -363  2
4212500 3066500  5  8  1   9.3 1019  81  7.2 0  5.4  76    0    0 253 -360  2
4212500 3066500  5  8  2   9.0 1019  80  9.0 0  5.3  74    0    0 253 -358  2
4212500 3066500  5  8  3   8.7 1019  81  7.9 1  5.1  73    0    0 254 -356  2
4212500 3066500  5  8  4   8.2 1019  79  8.6 1  4.9  72    0    0 255 -355  2
4212500 3066500  5  8  5   8.0 1019  69  7.0 1  5.1  76    1    8 254 -353  2
4212500 3066500  5  8  6   8.7 1019  84  7.0 2  5.6  82   53   50 257 -354  2
4212500 3066500  5  8  7  10.0 1020  86  7.6 1  5.9  81  167   82 258 -359  2
4212500 3066500  5  8  8  11.2 1020  90  8.1 1  5.9  75  296  105 258 -368  2
4212500 3066500  5  8  9  12.0 1020  82  8.4 1  6.1  72  416  122 262 -380  2
4212500 3066500  5  8 10  12.6 1020  91  8.0 0  6.2  70  537  129 263 -391  2
4212500 3066500  5  8 11  12.6 1021  67  8.9 0  6.4  71  621  136 263 -401  2
4212500 3066500  5  8 12  12.6 1021  68  8.8 1  6.7  74  649  151 267 -408  2
4212500 3066500  5  8 13  13.0 1021  67  8.3 0  6.6  72  606  186 268 -414  2
4212500 3066500  5  8 14  13.3 1020  70  8.7 0  6.3  68  577  178 268 -415  2
4212500 3066500  5  8 15  13.3 1020  64  8.4 0  6.2  65  495  175 268 -414  2
4212500 3066500  5  8 16  13.3 1020  72  7.3 0  6.1  64  392  160 267 -409  2
4212500 3066500  5  8 17  12.7 1020  70  6.5 0  6.0  65  297  125 263 -402  2
4212500 3066500  5  8 18  12.1 1020  62  7.1 0  6.0  67  165  101 260 -394  2
4212500 3066500  5  8 19  10.9 1019  62  5.4 0  6.1  73   57   64 256 -384  2
4212500 3066500  5  8 20   9.6 1019  62  4.0 0  6.1  79    5   15 252 -375  2
4212500 3066500  5  8 21   8.5 1019  61  4.6 0  6.1  86    0    0 248 -368  2
4212500 3066500  5  8 22   8.2 1020  72  5.1 0  6.1  90    0    0 246 -365  2
4212500 3066500  5  8 23   8.1 1020  70  5.3 0  6.1  92    0    0 246 -364  2
4212500 3066500  5  8 24   8.2 1020  58  5.5 0  6.2  92    0    0 247 -364  2
4212500 3066500  5  9  1   8.3 1020  55  5.1 0  6.3  93    0    0 248 -364  2
4212500 3066500  5  9  2   8.3 1020  45  3.9 0  6.4  94    0    0 249 -365  2
4212500 3066500  5  9  3   8.2 1019  45  4.1 0  6.4  95    0    0 249 -367  2
4212500 3066500  5  9  4   8.3 1019  52  5.4 0  6.5  96    0    0 250 -367  2
4212500 3066500  5  9  5   7.9 1019  42  4.9 1  6.5  97    2    9 251 -366  2
4212500 3066500  5  9  6   9.1 1019  49  5.3 1  6.7  97   55   48 255 -367  2
4212500 3066500  5  9  7  10.7 1019  50  5.3 1  7.1  94  168   81 258 -372  2
4212500 3066500  5  9  8  11.8 1019  47  5.1 1  7.2  87  297  106 260 -384  2
4212500 3066500  5  9  9  13.1 1019  47  5.4 1  7.2  81  434  118 264 -399  2
4212500 3066500  5  9 10  14.1 1020  47  5.2 2  7.2  75  543  130 271 -415  2
4212500 3066500  5  9 11  15.3 1020  57  7.0 1  7.1  68  622  140 276 -428  2
4212500 3066500  5  9 12  15.0 1020  58  6.0 2  7.1  66  664  147 279 -437  2
4212500 3066500  5  9 13  16.2 1020  68  6.4 2  7.1  64  655  157 286 -441  2
4212500 3066500  5  9 14  15.9 1019  70  6.2 2  7.0  62  601  166 289 -441  2
4212500 3066500  5  9 15  16.6 1019  72  5.5 2  7.0  61  506  172 292 -438  2
4212500 3066500  5  9 16  16.6 1019  72  6.4 2  6.8  58  407  154 293 -432  2
4212500 3066500  5  9 17  16.3 1018  71  6.0 2  6.6  57  294  129 292 -423  2
4212500 3066500  5  9 18  15.4 1018  73  5.7 2  6.5  58  164  104 290 -412  2
4212500 3066500  5  9 19  13.4 1018  65  4.7 1  6.6  65   59   64 284 -400  2
4212500 3066500  5  9 20  11.7 1018  67  4.3 2  6.6  74    6   16 280 -389  2
4212500 3066500  5  9 21  10.8 1018  75  3.9 1  6.6  80    0    0 276 -381  2
4212500 3066500  5  9 22  11.2 1019  67  4.8 2  6.6  81    0    0 275 -376  2
4212500 3066500  5  9 23  10.8 1019  65  4.2 1  6.5  80    0    0 276 -375  2
4212500 3066500  5  9 24  10.4 1019  69  3.9 0  6.4  81    0    0 269 -373  2
4212500 3066500  5 10  1   9.6 1019  64  3.2 0  6.2  82    0    0 265 -372  2
4212500 3066500  5 10  2   9.8 1018  70  3.3 0  6.2  83    0    0 264 -371  2
4212500 3066500  5 10  3   9.4 1018  49  3.5 0  6.3  85    0    0 265 -370  2
4212500 3066500  5 10  4   8.7 1018  61  4.6 1  6.4  89    0    0 269 -369  2
4212500 3066500  5 10  5   9.0 1018  63  4.8 2  6.4  91    2    9 275 -370  2
4212500 3066500  5 10  6  10.1 1018  72  3.9 3  6.7  91   60   45 284 -372  2
4212500 3066500  5 10  7  12.2 1018  76  4.3 2  7.1  86  177   72 287 -378  2
4212500 3066500  5 10  8  13.6 1019  73  5.7 1  7.1  77  312   91 286 -389  2
4212500 3066500  5 10  9  15.0 1019  58  4.8 1  6.9  68  453   97 288 -403  2
4212500 3066500  5 10 10  17.0 1019  81  4.8 1  6.9  61  575  100 297 -417  2
4212500 3066500  5 10 11  16.6 1019  65  4.6 2  7.1  60  637  117 304 -428  2
4212500 3066500  5 10 12  16.6 1019  57  5.2 3  7.2  61  630  159 310 -437  2
4212500 3066500  5 10 13  16.0 1019  66  5.8 3  7.2  63  549  188 313 -443  2
4212500 3066500  5 10 14  14.7 1019  64  6.1 4  7.1  66  522  163 313 -445  2
4212500 3066500  5 10 15  15.1 1019  74  5.6 3  7.2  68  455  197 312 -443  2
4212500 3066500  5 10 16  15.2 1018  53  5.8 2  7.3  68  397  155 309 -439  2
4212500 3066500  5 10 17  14.4 1018  62  6.0 2  7.3  70  289  124 305 -432  2
4212500 3066500  5 10 18  13.6 1017  57  5.0 2  7.2  72  136  110 300 -422  2
4212500 3066500  5 10 19  13.2 1017  61  4.1 1  7.0  74   53   62 294 -411  2
4212500 3066500  5 10 20  11.6 1017  46  3.5 1  6.9  77    4   15 286 -400  2
4212500 3066500  5 10 21  10.6 1017  47  3.0 1  6.8  82    0    0 280 -391  2
4212500 3066500  5 10 22  11.2 1017  46  4.0 2  6.7  83    0    0 280 -387  2
4212500 3066500  5 10 23  10.7 1017  48  3.2 2  6.7  83    0    0 284 -385  2
4212500 3066500  5 10 24  10.6 1017  36  2.8 1  6.8  85    0    0 280 -384  2
4212500 3066500  5 11  1  10.4 1016  46  2.5 1  6.8  87    0    0 276 -381  2
4212500 3066500  5 11  2  10.2 1016  47  1.7 2  6.9  89    0    0 278 -379  2
4212500 3066500  5 11  3  11.0 1016  20  1.6 2  7.1  90    0    0 283 -377  2
4212500 3066500  5 11  4  10.7 1016  29  1.8 3  7.4  91    0    0 289 -376  2
4212500 3066500  5 11  5  10.6 1015  66  1.6 3  7.4  93    0    1 293 -375  2
4212500 3066500  5 11  6  11.2 1015  45  1.4 3  7.6  94    0   14 295 -376  2
4212500 3066500  5 11  7  12.3 1015  52  2.1 5  7.9  92    7   95 306 -384  2
4212500 3066500  5 11  8  13.9 1015  31  1.8 5  8.2  88   52  183 318 -397  2
4212500 3066500  5 11  9  15.5 1015  31  1.6 5  8.6  83  145  247 326 -413  2
4212500 3066500  5 11 10  17.5 1015  29  1.8 4  9.0  76  174  303 331 -428  2
4212500 3066500  5 11 11  17.3 1016  23  2.1 6  9.0  73   78  335 340 -442  2
4212500 3066500  5 11 12  17.7 1017  32  2.6 7  9.0  72   44  328 351 -451  2
4212500 3066500  5 11 13  18.4 1016  36  3.3 4  9.0  70  520  140 347 -454  2
4212500 3066500  5 11 14  19.0 1016  24  3.5 2  9.4  69  611  156 334 -453  2
4212500 3066500  5 11 15  18.5 1016  53  4.0 2  9.3  69  546  143 327 -451  2
4212500 3066500  5 11 16  17.5 1016  52  3.0 2  8.7  68  409  151 320 -446  2
4212500 3066500  5 11 17  16.3 1015  33  3.3 1  8.0  67  292  127 311 -441  2
4212500 3066500  5 11 18  16.1 1015  45  3.0 2  7.6  66  163  103 305 -433  2
4212500 3066500  5 11 19  14.5 1014  66  2.0 2  7.3  68   56   64 302 -421  2
4212500 3066500  5 11 20  12.9 1014  15  1.7 2  7.2  74    5   17 296 -408  2
4212500 3066500  5 11 21  11.1 1015   4  1.5 2  7.3  84    0    0 290 -397  2
4212500 3066500  5 11 22  10.0 1015   0  1.5 2  7.2  90    0    0 285 -390  2
4212500 3066500  5 11 23   9.4 1016 341  1.9 2  7.0  94    0    0 281 -386  2
4212500 3066500  5 11 24   9.3 1015 339  1.9 0  6.9  94    0    0 274 -383  2
4212500 3066500  5 12  1  10.3 1016 319  2.3 0  6.8  90    0    0 268 -380  2
4212500 3066500  5 12  2  10.1 1015 318  2.7 0  6.7  86    0    0 267 -377  2
4212500 3066500  5 12  3   9.8 1015 312  2.6 1  6.5  85    0    0 267 -375  2
4212500 3066500  5 12  4  10.0 1015 311  4.1 2  6.5  86    0    0 269 -372  2
4212500 3066500  5 12  5  10.1 1015 307  3.4 2  6.5  85    2    9 271 -371  2
4212500 3066500  5 12  6  11.6 1015 299  3.3 1  6.7  82   50   50 270 -372  2
4212500 3066500  5 12  7  14.2 1015 260  2.2 1  7.4  80  158   86 272 -378  2
4212500 3066500  5 12  8  16.4 1015 281  3.2 1  7.9  73  302  105 280 -392  2
4212500 3066500  5 12  9  18.5 1016 283  3.4 0  7.9  63  437  120 284 -409  2
4212500 3066500  5 12 10  19.9 1016 275  4.7 1  7.8  56  544  134 292 -424  2
4212500 3066500  5 12 11  20.5 1016 304  4.5 0  7.5  51  618  148 297 -434  2
4212500 3066500  5 12 12  20.2 1016 300  5.4 1  7.1  48  678  147 300 -441  2
4212500 3066500  5 12 13  20.5 1016 301  6.0 1  7.2  48  643  172 306 -448  2
4212500 3066500  5 12 14  20.6 1016 308  5.0 2  7.7  51  597  176 313 -450  2
4212500 3066500  5 12 15  20.6 1016 306  5.0 1  8.0  53  533  163 315 -443  2
4212500 3066500  5 12 16  20.1 1016 319  4.8 1  7.9  53  422  153 313 -434  2
4212500 3066500  5 12 17  19.0 1016 349  4.9 1  7.4  52  304  134 310 -423  2
4212500 3066500  5 12 18  17.5 1016  19  4.4 2  7.1  55  161  110 309 -411  2
4212500 3066500  5 12 19  15.1 1015  61  5.8 4  7.4  64   48   67 318 -399  2
4212500 3066500  5 12 20  11.3 1015  85  5.0 2  7.4  78    2   14 310 -388  2
4212500 3066500  5 12 21  10.0 1016  79  3.2 3  7.1  89    0    0 297 -379  2
4212500 3066500  5 12 22   9.8 1017  87  3.6 3  6.8  89    0    0 298 -373  2
4212500 3066500  5 12 23   9.1 1018  85  4.1 2  6.2  85    0    0 290 -370  2
4212500 3066500  5 12 24   9.0 1018  66  3.4 0  5.8  82    0    0 272 -367  2
4212500 3066500  5 13  1   9.0 1019  57  3.5 1  5.8  81    0    0 265 -364  2
4212500 3066500  5 13  2   9.1 1020  64  4.8 1  6.0  84    0    0 270 -362  2
4212500 3066500  5 13  3   7.8 1020  57  2.2 0  6.0  88    0    0 261 -360  2
4212500 3066500  5 13  4   7.1 1021  40  3.5 0  5.8  90    0    0 252 -359  2
4212500 3066500  5 13  5   7.5 1022  41  3.9 2  5.8  92    6   11 262 -358  2
4212500 3066500  5 13  6   9.1 1022  43  3.4 3  6.1  91   69   53 279 -360  2
4212500 3066500  5 13  7  11.1 1023  64  4.6 2  6.5  84  189   81 282 -368  2
4212500 3066500  5 13  8  11.8 1024  64  4.1 0  6.2  75  339   94 268 -380  2
4212500 3066500  5 13  9  13.1 1024  80  3.0 1  5.7  64  462  109 265 -391  2
4212500 3066500  5 13 10  12.5 1024  66  3.5 1  5.7  62  557  128 272 -399  2
4212500 3066500  5 13 11  14.1 1025  48  4.2 1  5.9  63  626  144 275 -404  2
4212500 3066500  5 13 12  13.9 1025  45  4.6 2  5.7  58  650  162 282 -407  2
4212500 3066500  5 13 13  14.1 1025  40  4.5 2  5.4  55  607  198 284 -408  2
4212500 3066500  5 13 14  14.4 1025  61  4.7 2  5.6  56  521  220 285 -406  2
4212500 3066500  5 13 15  13.3 1025  68  5.4 2  5.8  59  488  193 284 -402  2
4212500 3066500  5 13 16  13.1 1025  75  5.1 1  5.8  62  438  147 278 -396  2
4212500 3066500  5 13 17  12.1 1025  92  4.0 1  5.4  61  332  120 272 -388  2
4212500 3066500  5 13 18  11.3 1025 105  4.9 1  5.0  59  189  101 268 -378  2
4212500 3066500  5 13 19  10.6 1025 112  3.3 0  4.9  61   76   65 260 -368  2
4212500 3066500  5 13 20   9.3 1025 113  2.8 0  4.9  66   10   20 252 -359  2
4212500 3066500  5 13 21   7.3 1025 106  1.4 1  4.9  73    0    0 250 -352  2
4212500 3066500  5 13 22   6.0 1025  54  1.7 0  4.8  79    0    0 245 -348  2
4212500 3066500  5 13 23   5.7 1026  80  1.6 0  4.6  82    0    0 239 -346  2
4212500 3066500  5 13 24   5.3 1026  94  2.0 0  4.6  83    0    0 238 -344  2
4212500 3066500  5 14  1   4.8 1026  83  2.4 0  4.6  86    0    0 235 -343  2
4212500 3066500  5 14  2   4.4 1026 107  2.3 0  4.6  88    0    0 234 -341  2
4212500 3066500  5 14  3   4.8 1026 123  2.3 0  4.4  84    0    0 233 -340  2
4212500 3066500  5 14  4   3.9 1026  96  2.0 0  4.3  84    0    0 232 -338  2
4212500 3066500  5 14  5   3.9 1026 138  1.3 0  4.4  89    8   13 231 -338  2
4212500 3066500  5 14  6   6.5 1026 181  2.4 0  4.7  87   86   48 234 -339  2
4212500 3066500  5 14  7  10.3 1026 177  2.9 0  4.7  70  210   68 242 -347  2
4212500 3066500  5 14  8  11.4 1026 222  3.2 0  4.4  56  355   77 248 -363  2
4212500 3066500  5 14  9  13.1 1026 227  3.0 0  4.4  50  508   77 253 -385  2
4212500 3066500  5 14 10  14.3 1026 221  2.8 0  3.8  39  625   82 257 -406  2
4212500 3066500  5 14 11  15.4 1026 236  1.8 0  3.4  33  721   81 261 -423  2
4212500 3066500  5 14 12  16.7 1026 232  1.9 0  3.9  35  773   81 268 -434  2
4212500 3066500  5 14 13  17.4 1025 245  1.8 0  4.3  36  778   81 274 -441  2
4212500 3066500  5 14 14  18.0 1025 233  2.6 0  4.7  37  718   94 278 -449  2
4212500 3066500  5 14 15  18.1 1024 350  2.2 0  4.9  39  594  119 281 -446  2
4212500 3066500  5 14 16  18.4 1024 355  2.8 0  5.1  40  468  122 283 -434  2
4212500 3066500  5 14 17  17.4 1024   5  3.4 1  5.6  44  342  107 287 -425  2
4212500 3066500  5 14 18  16.8 1023 329  2.3 0  5.8  48  206   89 284 -414  2
4212500 3066500  5 14 19  16.1 1023 325  1.3 0  5.6  49   81   62 278 -403  2
4212500 3066500  5 14 20  14.6 1023 334  1.5 0  5.4  50   10   21 274 -391  2
4212500 3066500  5 14 21  11.1 1023 317  1.5 0  5.2  57    0    0 267 -380  2
4212500 3066500  5 14 22  10.6 1023 332  1.7 0  4.7  59    0    0 260 -373  2
4212500 3066500  5 14 23   9.9 1023 299  2.4 0  4.3  56    0    0 258 -370  2
4212500 3066500  5 14 24   9.1 1023 269  2.5 0  4.4  60    0    0 257 -368  2
4212500 3066500  5 15  1   9.1 1023 269  2.4 0  4.6  64    0    0 256 -366  2
4212500 3066500  5 15  2   8.3 1023 260  2.5 0  4.8  70    0    0 256 -365  2
4212500 3066500  5 15  3   7.8 1023 279  1.7 0  4.9  74    0    0 254 -364  2
4212500 3066500  5 15  4   8.2 1023 272  2.5 0  4.8  72    0    0 254 -362  2
4212500 3066500  5 15  5   8.7 1023 272  3.1 0  4.8  70   10   12 255 -362  2
4212500 3066500  5 15  6  10.4 1023 297  2.9 0  5.1  70   90   44 257 -364  2
4212500 3066500  5 15  7  13.6 1024 299  2.9 0  5.8  67  226   61 264 -372  2
4212500 3066500  5 15  8  15.6 1024 300  2.3 0  6.1  59  388   56 270 -387  2
4212500 3066500  5 15  9  17.4 1024 335  2.0 0  6.2  53  489  100 276 -406  2
4212500 3066500  5 15 10  19.0 1024 302  1.7 0  6.1  47  659   58 282 -423  2
4212500 3066500  5 15 11  20.2 1024 249  2.5 0  6.1  43  736   64 288 -438  2
4212500 3066500  5 15 12  21.1 1025 260  2.6 0  6.3  42  783   69 294 -448  2
4212500 3066500  5 15 13  21.8 1025 293  1.9 1  6.2  40  496  139 302 -454  2
4212500 3066500  5 15 14  21.9 1024 310  2.2 1  6.4  40  270  291 309 -457  2
4212500 3066500  5 15 15  22.1 1024 357  2.7 1  6.7  41  670   59 310 -457  2
4212500 3066500  5 15 16  21.4 1024  19  2.8 1  7.1  44  555   55 310 -454  2
4212500 3066500  5 15 17  21.4 1023 302  2.9 1  6.9  44  378   75 309 -447  2
4212500 3066500  5 15 18  20.9 1023 318  2.9 0  6.2  40  228   70 302 -436  2
4212500 3066500  5 15 19  20.3 1023 274  1.5 0  6.5  43   95   56 298 -423  2
4212500 3066500  5 15 20  17.7 1022 290  1.5 0  7.4  54   12   21 295 -410  2
4212500 3066500  5 15 21  14.4 1021 206  1.2 1  7.5  67    0    0 288 -398  2
4212500 3066500  5 15 22  12.5 1021 220  1.6 1  7.4  78    0    0 281 -390  2
4212500 3066500  5 15 23  12.1 1021 223  1.9 0  7.5  84    0    0 276 -385  2
4212500 3066500  5 15 24  11.4 1021 251  2.9 0  7.1  83    0    0 272 -381  2
4212500 3066500  5 16  1  11.7 1021 247  3.4 0  6.5  77    0    0 270 -379  2
4212500 3066500  5 16  2  11.7 1021 251  3.4 0  6.3  74    0    0 270 -377  2
4212500 3066500  5 16  3  10.8 1021 245  3.7 0  6.3  77    0    0 269 -375  2
4212500 3066500  5 16  4  10.5 1020 251  3.3 0  6.5  82    0    0 268 -373  2
4212500 3066500  5 16  5  11.0 1020 254  3.5 0  6.5  81    9   14 267 -371  2
4212500 3066500  5 16  6  12.2 1020 260  2.7 0  6.6  78   84   53 269 -373  2
4212500 3066500  5 16  7  15.9 1020 252  1.9 0  7.2  72  212   78 275 -381  2
4212500 3066500  5 16  8  18.6 1020 240  1.8 0  7.6  63  357   89 284 -396  2
4212500 3066500  5 16  9  20.1 1021 235  1.9 0  7.6  55  502   94 292 -415  2
4212500 3066500  5 16 10  22.2 1021 255  2.8 0  7.5  48  631   96 299 -435  2
4212500 3066500  5 16 11  23.6 1021 179  2.9 0  7.7  44  709  105 307 -453  2
4212500 3066500  5 16 12  24.2 1020 179  3.0 0  7.6  41  746  113 311 -469  2
4212500 3066500  5 16 13  24.5 1020 184  2.8 0  7.5  40  744  117 315 -482  2
4212500 3066500  5 16 14  24.4 1019  21  3.3 0  7.3  38  704  117 316 -489  2
4212500 3066500  5 16 15  23.5 1019 330  3.9 0  7.4  40  581  139 314 -485  2
4212500 3066500  5 16 16  23.1 1019  25  2.2 0  7.8  44  441  148 313 -476  2
4212500 3066500  5 16 17  22.6 1018  51  2.3 0  7.7  44  329  123 310 -469  2
4212500 3066500  5 16 18  21.8 1018  58  2.5 0  7.6  45  197   99 307 -456  2
4212500 3066500  5 16 19  20.8 1018  88  1.9 0  7.7  49   86   67 303 -439  2
4212500 3066500  5 16 20  19.7 1017 123  1.8 0  8.1  55   11   23 302 -424  2
4212500 3066500  5 16 21  15.4 1017 104  1.9 1  8.0  64    0    0 295 -412  2
4212500 3066500  5 16 22  13.6 1016 136  1.6 1  7.8  76    0    0 285 -404  2
4212500 3066500  5 16 23  13.3 1016 156  2.0 0  7.9  82    0    0 282 -399  2
4212500 3066500  5 16 24  13.3 1016 157  2.2 0  8.3  87    0    0 282 -396  2
4212500 3066500  5 17  1  13.2 1016 177  2.4 0  8.5  90    0    0 282 -394  2
4212500 3066500  5 17  2  13.8 1015 170  2.2 0  8.5  88    0    0 284 -392  2
4212500 3066500  5 17  3  12.4 1015 168  2.1 0  7.8  83    0    0 283 -390  2
4212500 3066500  5 17  4  13.2 1015 193  2.5 0  7.6  82    0    0 283 -388  2
4212500 3066500  5 17  5  12.6 1014 150  2.7 1  7.7  83    7   14 284 -386  2
4212500 3066500  5 17  6  14.3 1014 119  1.5 0  8.0  83   69   62 284 -387  2
4212500 3066500  5 17  7  16.3 1014  91  1.9 0  8.6  79  188   98 289 -395  2
4212500 3066500  5 17  8  19.9 1015 108  1.9 0  9.0  69  316  124 296 -410  2
4212500 3066500  5 17  9  21.7 1015 118  2.0 0  9.1  59  435  146 305 -429  2
4212500 3066500  5 17 10  22.2 1015 114  2.6 0  8.8  53  528  170 310 -446  2
4212500 3066500  5 17 11  23.6 1015 114  3.0 0  8.5  49  618  180 314 -462  2
4212500 3066500  5 17 12  24.5 1015 119  3.3 0  8.1  43  630  202 319 -475  2
4212500 3066500  5 17 13  24.8 1014  98  3.6 1  7.8  40  626  211 324 -484  2
4212500 3066500  5 17 14  24.9 1014  99  4.0 1  7.6  39  590  208 329 -488  2
4212500 3066500  5 17 15  25.1 1014  93  2.9 1  7.9  40  509  203 329 -489  2
4212500 3066500  5 17 16  24.7 1013  91  3.4 1  7.9  40  400  189 328 -484  2
4212500 3066500  5 17 17  23.2 1013  97  3.6 1  7.3  40  287  158 321 -472  2
4212500 3066500  5 17 18  22.1 1013  94  3.8 1  7.0  41  177  118 314 -457  2
4212500 3066500  5 17 19  20.7 1012  88  2.7 1  6.8  43   73   75 310 -442  2
4212500 3066500  5 17 20  18.2 1012  78  1.4 2  6.9  49   12   24 307 -429  2
4212500 3066500  5 17 21  16.6 1012 103  2.8 2  7.2  58    0    0 305 -418  2
4212500 3066500  5 17 22  15.9 1011 108  1.9 2  7.3  64    0    0 303 -413  2
4212500 3066500  5 17 23  16.1 1011 110  3.0 2  7.7  67    0    0 304 -411  2
4212500 3066500  5 17 24  15.1 1010 106  2.1 2  7.9  71    0    0 304 -411  2
4212500 3066500  5 18  1  14.5 1010 124  2.7 1  8.0  76    0    0 302 -412  2
4212500 3066500  5 18  2  14.3 1009 135  1.8 1  8.2  80    0    0 301 -412  2
4212500 3066500  5 18  3  14.8 1008 150  2.3 2  8.4  80    0    0 305 -410  2
4212500 3066500  5 18  4  15.0 1008 160  2.3 3  8.5  80    0    0 312 -409  2
4212500 3066500  5 18  5  14.5 1008 175  2.3 5  8.6  82    6   13 324 -407  2
4212500 3066500  5 18  6  16.2 1008 168  2.8 5  9.0  82   51   55 335 -407  2
4212500 3066500  5 18  7  18.7 1007 164  2.4 5  9.2  73  121  110 341 -411  2
4212500 3066500  5 18  8  21.2 1007 169  3.2 3  9.0  61  254  140 338 -421  2
4212500 3066500  5 18  9  22.5 1007 174  3.5 2  8.8  54  354  181 332 -436  2
4212500 3066500  5 18 10  24.4 1006 183  4.1 4  9.0  50  456  203 344 -453  2
4212500 3066500  5 18 11  26.0 1006 177  4.0 4  9.1  45  597  173 360 -470  2
4212500 3066500  5 18 12  26.3 1005 169  4.9 4  9.0  42  564  234 363 -480  2
4212500 3066500  5 18 13  27.3 1005 168  6.1 3  9.1  41  578  233 361 -482  2
4212500 3066500  5 18 14  27.8 1004 167  8.9 3  8.8  38  507  243 358 -475  2
4212500 3066500  5 18 15  25.9 1003 232  7.8 5  8.6  38   33  278 362 -456  2
4212500 3066500  5 18 16  19.8 1003 278  7.8 6 10.0  57    0  102 363 -435  2
4212500 3066500  5 18 17  15.8 1005 305  5.8 8 10.8  84    0   66 361 -423  2
4212500 3066500  5 18 18  14.8 1006 260  5.9 8 10.1  92    0   49 361 -415  2
4212500 3066500  5 18 19  14.4 1006 288  6.8 7  9.7  92    0   31 353 -409  2
4212500 3066500  5 18 20  13.2 1005 311  6.0 7  8.7  88    0    6 344 -404  2
4212500 3066500  5 18 21  12.9 1006 285  4.5 7  8.0  84    0    0 340 -399  2
4212500 3066500  5 18 22  12.7 1007 280  4.5 7  7.9  85    0    0 336 -393  2
4212500 3066500  5 18 23  12.3 1007 268  3.7 7  7.9  87    0    0 334 -389  2
4212500 3066500  5 18 24  11.9 1007 281  2.9 7  7.6  86    0    0 333 -386  2
4212500 3066500  5 19  1  11.1 1007 269  2.7 8  7.3  85    0    0 338 -382  2
4212500 3066500  5 19  2  10.8 1007 251  1.9 7  7.2  88    0    0 336 -376  2
4212500 3066500  5 19  3  10.0 1007 228  1.5 6  7.0  89    0    0 325 -372  2
4212500 3066500  5 19  4   9.2 1007 209  2.2 6  6.9  92    0    0 317 -368  2
4212500 3066500  5 19  5   9.8 1006 193  1.8 6  7.1  95    2   13 318 -366  2
4212500 3066500  5 19  6  11.2 1006 188  2.7 6  7.5  94   14   64 321 -368  2
4212500 3066500  5 19  7  12.7 1006 179  2.7 5  8.0  91   65  148 319 -375  2
4212500 3066500  5 19  8  14.0 1006 191  3.2 5  8.3  86   82  229 316 -386  2
4212500 3066500  5 19  9  15.2 1007 168  3.8 4  7.8  74  254  285 311 -397  2
4212500 3066500  5 19 10  16.1 1007 183  4.0 5  7.3  65  206  376 312 -407  2
4212500 3066500  5 19 11  16.1 1006 149  4.1 7  7.4  64    4  266 334 -418  2
4212500 3066500  5 19 12  16.7 1006 211  4.1 7  7.3  62    0  203 349 -424  2
4212500 3066500  5 19 13  18.6 1005 168  4.4 7  7.7  60   15  311 356 -421  2
4212500 3066500  5 19 14  17.7 1005 161  5.1 8  8.0  61    0  202 363 -420  2
4212500 3066500  5 19 15  16.0 1004 145  3.5 8  7.9  65    0  143 362 -419  2
4212500 3066500  5 19 16  14.2 1004 127  2.6 8  8.2  76    0  126 356 -415  2
4212500 3066500  5 19 17  14.6 1004 168  3.3 8  8.7  84    0  119 353 -414  2
4212500 3066500  5 19 18  14.3 1003 135  2.9 7  8.8  85    0   65 348 -410  2
4212500 3066500  5 19 19  14.0 1003 137  3.7 6  8.7  85    0   46 338 -402  2
4212500 3066500  5 19 20  14.0 1003 188  3.2 7  8.7  86    0   10 336 -396  2
4212500 3066500  5 19 21  12.5 1003 303  2.9 7  8.6  89    0    0 336 -389  2
4212500 3066500  5 19 22  11.9 1002 307  2.0 8  8.0  89    0    0 335 -386  2
4212500 3066500  5 19 23  11.5 1002 265  1.5 8  7.7  89    0    0 337 -383  2
4212500 3066500  5 19 24  11.3 1002 281  2.7 5  7.7  91    0    0 324 -379  2
4212500 3066500  5 20  1  10.7 1002 250  2.6 8  7.5  90    0    0 323 -378  2
4212500 3066500  5 20  2  10.5 1002 259  3.2 8  7.3  90    0    0 335 -378  2
4212500 3066500  5 20  3  10.2 1002 256  3.7 8  7.1  90    0    0 335 -378  2
4212500 3066500  5 20  4  10.1 1002 272  3.0 7  7.1  91    0    0 331 -378  2
4212500 3066500  5 20  5   9.6 1002 254  3.8 5  7.1  92    5   13 316 -377  2
4212500 3066500  5 20  6   9.2 1002 262  2.8 3  7.0  94   60   67 294 -376  2
4212500 3066500  5 20  7  11.0 1002 259  3.1 3  7.0  90  155  116 284 -377  2
4212500 3066500  5 20  8  12.3 1003 272  3.7 3  7.0  82  235  170 288 -382  2
4212500 3066500  5 20  9  12.9 1003 271  2.5 3  6.7  73  298  235 290 -392  2
4212500 3066500  5 20 10  14.3 1003 248  2.4 4  6.4  65  394  269 298 -398  2
4212500 3066500  5 20 11  15.7 1004 223  2.6 5  6.1  57  224  386 313 -403  2
4212500 3066500  5 20 12  15.6 1004 225  4.0 5  6.0  54  280  399 323 -407  2
4212500 3066500  5 20 13  16.5 1004 213  4.7 5  6.1  54  180  413 324 -417  2
4212500 3066500  5 20 14  15.5 1004 238  4.9 6  6.1  53   35  323 323 -426  2
4212500 3066500  5 20 15  13.4 1004 233  3.4 6  6.3  61   25  281 321 -419  2
4212500 3066500  5 20 16  16.1 1004 188  2.7 5  6.3  59   91  292 319 -418  2
4212500 3066500  5 20 17  13.9 1004 345  3.2 6  6.0  56   19  195 319 -422  2
4212500 3066500  5 20 18  15.2 1004 177  2.8 4  5.9  57   80  166 316 -414  2
4212500 3066500  5 20 19  12.8 1003  61  2.4 6  6.3  63   12   82 315 -401  2
4212500 3066500  5 20 20  11.7 1003 118  2.3 5  6.6  75    0    5 314 -391  2
4212500 3066500  5 20 21  10.4 1003 129  2.2 6  6.8  82    0    0 308 -385  2
4212500 3066500  5 20 22   9.7 1003 150  2.4 6  6.8  88    0    0 309 -381  2
4212500 3066500  5 20 23   9.6 1003 187  2.3 6  6.8  89    0    0 305 -377  2
4212500 3066500  5 20 24   9.5 1003 202  2.1 5  6.9  89    0    0 304 -374  2
4212500 3066500  5 21  1   9.5 1016 235  1.9 4  6.9  89    0    0 315 -383  2
4212500 3066500  5 21  2   9.6 1016 258  2.0 3  6.9  90    0    0 296 -380  2
4212500 3066500  5 21  3   9.8 1017 282  1.9 2  6.9  90    0    0 271 -376  2
4212500 3066500  5 21  4  10.1 1017 288  2.1 1  6.9  91    0    0 262 -372  2
4212500 3066500  5 21  5  11.1 1017 298  1.9 1  7.2  88    3   16 272 -373  2
4212500 3066500  5 21  6  12.1 1018 299  2.2 1  7.4  89   76   57 280 -378  2
4212500 3066500  5 21  7  13.7 1019 321  2.2 0  7.5  81  209   86 279 -385  2
4212500 3066500  5 21  8  15.4 1019 316  4.0 0  7.3  71  343  111 278 -393  2
4212500 3066500  5 21  9  16.2 1020 317  3.5 0  7.3  66  474  128 282 -403  2
4212500 3066500  5 21 10  17.0 1020 315  2.5 0  6.9  59  573  147 284 -417  2
4212500 3066500  5 21 11  16.7 1021 323  2.6 0  6.5  55  598  189 286 -431  2
4212500 3066500  5 21 12  17.8 1021  12  2.6 1  7.1  58  443  306 297 -442  2
4212500 3066500  5 21 13  18.1 1021 107  2.4 2  7.3  57  401  329 310 -449  2
4212500 3066500  5 21 14  18.5 1021 109  2.0 2  6.8  52  446  287 313 -453  2
4212500 3066500  5 21 15  18.2 1021  99  2.8 1  6.6  51  466  229 309 -450  2
4212500 3066500  5 21 16  17.9 1021  90  2.7 1  6.7  52  397  194 304 -444  2
4212500 3066500  5 21 17  17.3 1020 127  2.8 0  7.1  57  290  162 300 -436  2
4212500 3066500  5 21 18  16.2 1020 122  3.2 0  7.3  62  173  126 293 -425  2
4212500 3066500  5 21 19  14.9 1020 124  3.0 0  7.1  65   65   83 286 -411  2
4212500 3066500  5 21 20  13.5 1019 120  2.8 2  6.9  69    7   24 286 -398  2
4212500 3066500  5 21 21  12.5 1019 127  3.0 1  6.9  74    0    0 285 -387  2
4212500 3066500  5 21 22  12.5 1019 127  2.8 0  6.7  74    0    0 277 -379  2
4212500 3066500  5 21 23  13.1 1019 133  3.1 0  6.8  74    0    0 275 -375  2
4212500 3066500  5 21 24  12.9 1019 137  3.4 0  7.1  76    0    0 275 -373  2
4212500 3066500  5 22  1  12.2 1019 145  3.0 0  7.2  80    0    0 274 -373  2
4212500 3066500  5 22  2  11.5 1018 133  2.8 0  7.2  83    0    0 273 -373  2
4212500 3066500  5 22  3  12.0 1018 134  3.6 1  7.1  83    0    0 274 -373  2
4212500 3066500  5 22  4  12.4 1017 148  4.2 1  7.3  82    0    0 277 -374  2
4212500 3066500  5 22  5  13.2 1017 147  3.9 1  7.7  83    0   14 276 -375  2
4212500 3066500  5 22  6  14.4 1017 145  4.5 1  8.0  81   30   65 276 -379  2
4212500 3066500  5 22  7  15.3 1016 134  4.6 4  8.3  78   69  135 291 -389  2
4212500 3066500  5 22  8  16.7 1016 140  5.0 4  8.8  77  152  200 310 -404  2
4212500 3066500  5 22  9  18.2 1016 141  5.7 3  9.3  75  352  204 314 -419  2
4212500 3066500  5 22 10  19.2 1015 134  5.6 3  9.6  71  437  239 317 -429  2
4212500 3066500  5 22 11  20.6 1015 140  5.5 2  9.8  67  521  252 323 -436  2
4212500 3066500  5 22 12  21.9 1014 136  5.9 2 10.0  64  563  264 330 -441  2
4212500 3066500  5 22 13  22.7 1014 125  5.1 2 10.1  60  560  271 341 -441  2
4212500 3066500  5 22 14  22.5 1013 124  5.6 2 10.0  58  512  273 347 -439  2
4212500 3066500  5 22 15  23.3 1012 138  5.0 3  9.6  55  207  335 350 -450  2
4212500 3066500  5 22 16  22.8 1011 132  4.8 5  9.5  54   11  210 356 -459  2
4212500 3066500  5 22 17  23.8 1010 212  4.0 5  9.9  55   41  203 364 -445  2
4212500 3066500  5 22 18  18.3 1010 307  5.9 6  9.9  63    9  123 360 -431  2
4212500 3066500  5 22 19  15.6 1010 322  4.8 3  9.6  79   14   78 339 -424  2
4212500 3066500  5 22 20  14.9 1010 359  3.3 6  9.7  89    0   18 332 -416  2
4212500 3066500  5 22 21  14.9 1011 304  3.7 7  9.9  93    0    0 344 -407  2
4212500 3066500  5 22 22  13.6 1012 313  4.6 7  9.6  94    0    0 344 -399  2
4212500 3066500  5 22 23  12.9 1013 269  3.6 7  8.9  93    0    0 338 -397  2
4212500 3066500  5 22 24  12.6 1014 261  4.3 6  8.4  92    0    0 332 -393  2
4212500 3066500  5 23  1  12.1 1015 253  5.2 8  8.2  92    0    0 332 -386  2
4212500 3066500  5 23  2  11.0 1015 249  5.3 5  8.0  94    0    0 324 -379  2
4212500 3066500  5 23  3  10.8 1015 248  5.4 1  7.7  94    0    0 300 -374  2
4212500 3066500  5 23  4  10.6 1016 252  5.6 0  7.4  93    0    0 281 -371  2
4212500 3066500  5 23  5  10.5 1017 253  5.7 0  7.3  93   24   20 275 -368  2
4212500 3066500  5 23  6  11.3 1017 250  5.9 0  7.5  92  133   42 273 -369  2
4212500 3066500  5 23  7  12.7 1018 257  5.9 0  7.8  89  275   56 273 -375  2
4212500 3066500  5 23  8  14.1 1019 253  6.1 0  8.0  83  410   84 275 -386  2
4212500 3066500  5 23  9  15.4 1019 254  6.2 0  7.6  73  583   51 278 -398  2
4212500 3066500  5 23 10  16.2 1020 260  4.3 2  7.2  65  504  162 288 -411  2
4212500 3066500  5 23 11  17.0 1020 263  4.7 4  7.2  62  390  277 303 -421  2
4212500 3066500  5 23 12  16.7 1020 259  5.7 5  6.9  58  298  343 314 -427  2
4212500 3066500  5 23 13  17.6 1021 245  6.0 5  6.4  53  270  348 319 -432  2
4212500 3066500  5 23 14  17.9 1020 246  4.5 5  6.1  48  305  318 318 -435  2
4212500 3066500  5 23 15  18.8 1020 256  5.1 6  6.1  47  272  286 321 -438  2
4212500 3066500  5 23 16  19.2 1021 261  5.0 6  6.1  44  303  216 324 -440  2
4212500 3066500  5 23 17  19.5 1020 235  2.1 5  6.1  44  272  155 320 -440  2
4212500 3066500  5 23 18  18.4 1019 180  5.2 5  6.5  48  178  114 315 -436  2
4212500 3066500  5 23 19  17.1 1018 178  5.5 3  6.8  54   88   72 306 -420  2
4212500 3066500  5 23 20  16.9 1017 185  3.1 4  7.1  59    6   23 302 -404  2
4212500 3066500  5 23 21  15.8 1017 178  2.2 1  7.3  63    0    0 296 -396  2
4212500 3066500  5 23 22  15.0 1017 167  2.7 0  7.5  69    0    0 286 -393  2
4212500 3066500  5 23 23  14.9 1016 177  3.1 0  7.6  72    0    0 284 -394  2
4212500 3066500  5 23 24  14.9 1016 187  3.5 0  7.4  70    0    0 284 -394  2
4212500 3066500  5 24  1  14.4 1015 180  3.8 0  7.4  71    0    0 283 -392  2
4212500 3066500  5 24  2  14.0 1015 188  3.6 0  7.2  72    0    0 282 -390  2
4212500 3066500  5 24  3  13.6 1014 185  5.0 0  7.0  72    0    0 280 -387  2
4212500 3066500  5 24  4  12.9 1013 189  4.1 0  7.0  74    0    0 277 -386  2
4212500 3066500  5 24  5  13.4 1013 194  4.6 1  7.0  75   12   18 279 -383  2
4212500 3066500  5 24  6  14.7 1012 197  4.8 3  7.1  71  102   45 289 -385  2
4212500 3066500  5 24  7  16.5 1012 209  4.9 4  7.1  65  215   69 299 -392  2
4212500 3066500  5 24  8  17.0 1013 243  6.8 3  7.3  61  332   95 302 -400  2
4212500 3066500  5 24  9  16.0 1013 263  7.4 4  7.6  65  202  237 302 -404  2
4212500 3066500  5 24 10  14.1 1013 258  8.7 7  7.6  72    5  228 307 -408  2
4212500 3066500  5 24 11  13.0 1013 264  7.6 8  7.3  75    0  137 311 -418  2
4212500 3066500  5 24 12  11.9 1014 243  7.0 7  7.2  80    0  143 307 -430  2
4212500 3066500  5 24 13  14.3 1015 249  6.3 5  7.3  77  103  346 305 -432  2
4212500 3066500  5 24 14  14.9 1015 267  6.8 4  7.0  68  300  319 304 -431  2
4212500 3066500  5 24 15  15.2 1015 271  9.6 5  6.3  59  311  273 306 -429  2
4212500 3066500  5 24 16  14.8 1016 267 10.1 3  6.0  57  426  156 304 -422  2
4212500 3066500  5 24 17  14.2 1016 251  7.8 3  5.7  56  304  139 298 -413  2
4212500 3066500  5 24 18  13.8 1017 281  9.2 1  5.5  55  226   92 291 -404  2
4212500 3066500  5 24 19  12.3 1017 267  6.9 3  5.7  61  106   69 289 -395  2
4212500 3066500  5 24 20  11.3 1018 269  5.6 2  5.8  67   21   28 287 -386  2
4212500 3066500  5 24 21  11.1 1018 262  4.9 1  5.7  69    0    0 278 -377  2
4212500 3066500  5 24 22   9.7 1019 258  5.8 3  5.8  74    0    0 276 -372  2
4212500 3066500  5 24 23   9.3 1019 269  7.2 3  5.8  79    0    0 279 -369  2
4212500 3066500  5 24 24   9.0 1019 263  5.1 2  5.7  80    0    0 274 -366  2
4212500 3066500  5 25  1   9.1 1019 254  5.5 1  5.7  80    0    0 265 -365  2
4212500 3066500  5 25  2   8.6 1020 235  5.4 1  5.6  80    0    0 260 -363  2
4212500 3066500  5 25  3   7.8 1020 232  4.9 1  5.6  83    0    0 256 -361  2
4212500 3066500  5 25  4   8.7 1020 249  6.7 1  5.6  83    0    0 254 -358  2
4212500 3066500  5 25  5   7.9 1020 235  5.1 1  5.6  83   25   18 251 -356  2
4212500 3066500  5 25  6   9.3 1020 239  6.6 0  5.7  83  132   42 246 -357  2
4212500 3066500  5 25  7  11.0 1021 239  6.5 2  6.1  79  271   55 252 -363  2
4212500 3066500  5 25  8  11.8 1021 267  8.9 3  6.2  75  330   80 265 -374  2
4212500 3066500  5 25  9  13.1 1021 270 11.3 2  6.1  68  394  132 270 -388  2
4212500 3066500  5 25 10  13.5 1022 266 11.8 3  5.9  63  424  187 275 -400  2
4212500 3066500  5 25 11  13.5 1022 276 13.3 3  5.6  59  402  251 283 -408  2
4212500 3066500  5 25 12  12.7 1022 279 10.1 5  5.6  60  128  338 291 -413  2
4212500 3066500  5 25 13  15.4 1022 276 12.5 5  5.5  56  353  302 299 -420  2
4212500 3066500  5 25 14  15.0 1022 268 12.2 4  5.1  48  381  268 297 -422  2
4212500 3066500  5 25 15  15.0 1022 278 11.3 3  5.1  48  561  127 289 -421  2
4212500 3066500  5 25 16  14.0 1021 274 10.5 2  5.1  50  541   68 282 -420  2
4212500 3066500  5 25 17  14.8 1021 286  8.4 0  5.2  52  437   66 274 -416  2
4212500 3066500  5 25 18  14.1 1021 287  8.2 0  5.3  52  281   64 268 -409  2
4212500 3066500  5 25 19  13.3 1021 272  7.2 0  5.2  54  133   52 264 -400  2
4212500 3066500  5 25 20  11.3 1021 264  4.6 1  5.3  60   24   27 262 -391  2
4212500 3066500  5 25 21   9.3 1021 263  2.4 0  5.3  69    0    0 257 -381  2
4212500 3066500  5 25 22   8.1 1021 254  1.8 0  5.4  78    0    0 250 -374  2
4212500 3066500  5 25 23   6.7 1020 213  1.7 0  5.4  85    0    0 245 -369  2
4212500 3066500  5 25 24   6.6 1020 211  2.1 0  5.4  89    0    0 242 -365  2
4212500 3066500  5 26  1   6.3 1019 212  1.7 2  5.4  90    0    0 247 -362  2
4212500 3066500  5 26  2   7.6 1019 200  2.2 5  5.6  90    0    0 263 -359  2
4212500 3066500  5 26  3   9.4 1018 179  1.8 7  6.0  87    0    0 280 -357  2
4212500 3066500  5 26  4   9.9 1018 165  2.7 8  6.0  81    0    0 290 -357  2
4212500 3066500  5 26  5  10.0 1017 146  2.1 7  6.1  80    8   18 290 -359  2
4212500 3066500  5 26  6  12.4 1016 146  2.8 8  6.6  80    5   51 292 -363  2
4212500 3066500  5 26  7  13.4 1016 141  3.2 6  6.9  74   45  127 292 -372  2
4212500 3066500  5 26  8  14.9 1015 136  3.7 4  6.8  68  270  139 285 -386  2
4212500 3066500  5 26  9  17.0 1014 145  4.1 3  6.7  60  426  145 284 -400  2
4212500 3066500  5 26 10  17.5 1014 136  5.2 4  6.8  55  464  203 289 -415  2
4212500 3066500  5 26 11  19.5 1013 133  6.2 4  6.4  48  474  252 296 -429  2
4212500 3066500  5 26 12  19.4 1012 130  5.1 4  6.4  45  458  293 300 -441  2
4212500 3066500  5 26 13  20.0 1011 123  5.5 3  6.5  45  535  256 301 -450  2
4212500 3066500  5 26 14  20.1 1010 132  5.3 3  6.5  44  551  226 302 -456  2
4212500 3066500  5 26 15  21.1 1008 137  7.7 3  6.5  43  442  235 306 -459  2
4212500 3066500  5 26 16  20.6 1007 133  6.4 5  6.6  43  141  264 314 -458  2
4212500 3066500  5 26 17  19.6 1006 136  3.3 6  6.8  46   19  182 322 -453  2
4212500 3066500  5 26 18  19.4 1005 128  4.7 7  6.8  48    0   55 329 -444  2
4212500 3066500  5 26 19  19.7 1004 127  6.1 7  6.7  47    0   42 335 -436  2
4212500 3066500  5 26 20  18.7 1003 136  6.4 7  6.9  49    0   14 337 -430  2
4212500 3066500  5 26 21  13.6 1003 290  7.0 7  7.5  65    0    0 330 -419  2
4212500 3066500  5 26 22  13.3 1004 296  8.0 7  7.5  77    0    0 321 -408  2
4212500 3066500  5 26 23  12.3 1004 288  4.0 8  7.4  79    0    0 322 -402  2
4212500 3066500  5 26 24  11.6 1005 282  1.9 8  7.6  87    0    0 324 -396  2
4212500 3066500  5 27  1  11.2 1005 241  1.2 7  7.8  91    0    0 321 -390  2
4212500 3066500  5 27  2  11.5 1005 196  2.4 7  7.8  92    0    0 320 -385  2
4212500 3066500  5 27  3  11.6 1005 184  3.0 6  7.8  91    0    0 319 -383  2
4212500 3066500  5 27  4  11.7 1005 183  3.1 2  7.8  90    0    0 302 -384  2
4212500 3066500  5 27  5  12.2 1005 194  3.7 2  7.8  88    7   16 289 -386  2
4212500 3066500  5 27  6  12.8 1005 212  4.5 4  7.7  84  136   45 299 -388  2
4212500 3066500  5 27  7  14.2 1004 218  6.0 2  7.4  76  308   55 301 -391  2
4212500 3066500  5 27  8  16.0 1005 211  6.8 2  7.3  67  434   55 294 -396  2
4212500 3066500  5 27  9  16.1 1005 228  8.4 4  7.0  61  369  165 308 -403  2
4212500 3066500  5 27 10  17.2 1005 228  8.1 6  6.9  58  112  303 331 -408  2
4212500 3066500  5 27 11  16.1 1005 240  6.4 8  7.0  59    0  149 352 -411  2
4212500 3066500  5 27 12  16.0 1005 220  6.1 8  7.1  62    0  177 359 -419  2
4212500 3066500  5 27 13  15.1 1005 231  7.3 7  7.1  64   26  293 352 -423  2
4212500 3066500  5 27 14  13.9 1006 237  7.4 8  7.2  70   67  304 349 -423  2
4212500 3066500  5 27 15  16.6 1005 238 11.0 5  7.3  67   84  279 343 -418  2
4212500 3066500  5 27 16  12.3 1005 230  7.7 7  7.3  71    1  177 337 -410  2
4212500 3066500  5 27 17  14.5 1005 236  7.7 6  7.2  74   69  198 337 -409  2
4212500 3066500  5 27 18  14.4 1006 243  8.1 6  7.0  67   51  139 337 -407  2
4212500 3066500  5 27 19  12.8 1006 259  9.6 8  6.9  70   18   79 342 -401  2
4212500 3066500  5 27 20  12.3 1007 267  8.7 7  6.9  76    1   20 343 -395  2
4212500 3066500  5 27 21  12.2 1007 265  9.1 7  6.9  78    0    0 339 -390  2
4212500 3066500  5 27 22  11.7 1008 259  6.0 7  6.9  79    0    0 337 -383  2
4212500 3066500  5 27 23  11.7 1009 254  9.6 8  6.8  79    0    0 339 -378  2
4212500 3066500  5 27 24  11.3 1009 271  9.0 8  6.6  78    0    0 342 -375  2
4212500 3066500  5 28  1  11.2 1009 272  6.6 8  6.4  76    0    0 341 -375  2
4212500 3066500  5 28  2  10.9 1009 273  6.0 6  6.0  72    0    0 327 -373  2
4212500 3066500  5 28  3   9.3 1010 246  5.7 4  5.8  75    0    0 304 -372  2
4212500 3066500  5 28  4   9.2 1010 237  6.6 5  6.1  83    0    0 298 -369  2
4212500 3066500  5 28  5   9.4 1011 255  6.0 8  6.3  86    0    5 314 -367  2
4212500 3066500  5 28  6  10.2 1011 277  5.1 7  6.4  84   51   53 322 -369  2
4212500 3066500  5 28  7  11.1 1012 250  7.2 3  6.5  81  222   52 299 -373  2
4212500 3066500  5 28  8  11.9 1012 237  4.6 5  6.5  76   70  181 292 -380  2
4212500 3066500  5 28  9  12.9 1012 241  6.6 6  6.5  72  218  215 307 -387  2
4212500 3066500  5 28 10  13.5 1012 243  6.6 6  6.2  66  306  241 313 -394  2
4212500 3066500  5 28 11  13.9 1012 243  5.9 7  6.0  62  236  309 317 -404  2
4212500 3066500  5 28 12  15.1 1012 258  5.8 6  6.1  59  349  299 321 -417  2
4212500 3066500  5 28 13  15.2 1012 208  4.1 6  6.0  55  208  328 322 -424  2
4212500 3066500  5 28 14  15.4 1011 233  4.2 6  5.8  54   41  279 322 -429  2
4212500 3066500  5 28 15  15.6 1011 282  3.3 8  5.8  53    2  206 332 -432  2
4212500 3066500  5 28 16  15.1 1011 231  3.5 8  5.9  54    0  149 341 -432  2
4212500 3066500  5 28 17  15.2 1010 270  3.0 7  6.0  55    5  149 334 -431  2
4212500 3066500  5 28 18  15.3 1010 197  4.5 8  6.1  56    3  107 332 -422  2
4212500 3066500  5 28 19  15.1 1009 195  4.3 7  6.2  57    0   34 331 -407  2
4212500 3066500  5 28 20  14.8 1009 178  3.1 8  6.4  60    0   17 331 -399  2
4212500 3066500  5 28 21  14.4 1009 181  3.4 7  6.7  64    0    0 332 -393  2
4212500 3066500  5 28 22  13.3 1008 199  2.9 7  7.0  70    0    0 325 -389  2
4212500 3066500  5 28 23  12.7 1008 204  4.1 8  7.3  77    0    0 331 -388  2
4212500 3066500  5 28 24  11.7 1008 215  3.3 8  7.5  84    0    0 338 -389  2
4212500 3066500  5 29  1  11.4 1008 209  3.4 7  7.6  89    0    0 331 -390  2
4212500 3066500  5 29  2  11.5 1007 213  4.6 7  7.7  91    0    0 325 -391  2
4212500 3066500  5 29  3  11.6 1007 216  4.2 7  7.7  90    0    0 325 -391  2
4212500 3066500  5 29  4  11.6 1007 213  4.0 8  7.7  90    0    0 329 -391  2
4212500 3066500  5 29  5  11.6 1007 216  4.2 8  7.7  90    0    5 333 -389  2
4212500 3066500  5 29  6  12.1 1007 218  4.1 8  7.8  90    0   24 332 -388  2
4212500 3066500  5 29  7  12.3 1007 228  5.3 8  7.9  88    0   64 331 -389  2
4212500 3066500  5 29  8  11.6 1007 237  5.4 8  7.7  88    0   60 329 -396  2
4212500 3066500  5 29  9  11.8 1008 246  4.7 7  7.7  89    2  190 323 -407  2
4212500 3066500  5 29 10  12.8 1008 237  5.0 7  7.9  88   24  300 320 -417  2
4212500 3066500  5 29 11  14.5 1008 260  6.0 7  7.9  81   62  374 325 -425  2
4212500 3066500  5 29 12  15.2 1009 283  7.8 7  7.8  73   21  317 332 -432  2
4212500 3066500  5 29 13  13.4 1009 298  6.5 7  7.8  77    0  178 335 -438  2
4212500 3066500  5 29 14  15.1 1009 262  6.4 8  7.8  77    0  163 343 -442  2
4212500 3066500  5 29 15  15.1 1010 261  4.4 7  7.9  73    0  187 348 -441  2
4212500 3066500  5 29 16  15.1 1010 151  3.4 8  8.1  75    0  121 348 -441  2
4212500 3066500  5 29 17  15.2 1010 186  3.5 8  8.4  78    3  158 351 -432  2
4212500 3066500  5 29 18  15.9 1010 200  3.9 8  8.7  78   19  145 351 -419  2
4212500 3066500  5 29 19  15.8 1011 207  4.4 8  8.6  76    0   29 349 -413  2
4212500 3066500  5 29 20  15.7 1011 201  4.3 7  8.4  75    0   11 344 -406  2
4212500 3066500  5 29 21  15.6 1011 195  3.8 7  8.2  74    0    0 338 -398  2
4212500 3066500  5 29 22  15.9 1011 191  6.9 7  8.3  74    0    0 337 -392  2
4212500 3066500  5 29 23  15.7 1011 199  6.6 7  8.3  74    0    0 338 -390  2
4212500 3066500  5 29 24  16.0 1012 206  5.6 8  8.3  74    0    0 342 -389  2
4212500 3066500  5 30  1  15.9 1012 200  3.2 8  8.4  74    0    0 347 -388  2
4212500 3066500  5 30  2  15.8 1012 193  4.0 8  8.5  75    0    0 349 -385  2
4212500 3066500  5 30  3  14.9 1012 204  3.5 8  8.6  79    0    0 350 -382  2
4212500 3066500  5 30  4  14.8 1013 231  3.9 8  8.7  82    0    0 350 -381  2
4212500 3066500  5 30  5  14.8 1013 226  3.1 7  8.8  83    0    6 347 -380  2
4212500 3066500  5 30  6  15.4 1014 250  2.8 5  9.0  83   58   67 337 -383  2
4212500 3066500  5 30  7  16.1 1014 253  2.2 3  9.1  81  144  120 326 -392  2
4212500 3066500  5 30  8  17.3 1015 238  2.0 2  9.2  78  332  132 320 -407  2
4212500 3066500  5 30  9  18.6 1016 224  2.2 2  9.3  72  452  158 322 -426  2
4212500 3066500  5 30 10  19.5 1016 180  3.1 1  9.2  67  535  190 323 -444  2
4212500 3066500  5 30 11  19.2 1016 222  2.8 1  9.1  65  580  222 322 -459  2
4212500 3066500  5 30 12  19.2 1016 127  3.3 1  9.5  68  616  235 324 -471  2
4212500 3066500  5 30 13  19.5 1016 100  3.8 1 10.0  71  631  233 326 -477  2
4212500 3066500  5 30 14  17.9 1016  67  6.9 1  9.9  74  588  233 325 -473  2
4212500 3066500  5 30 15  18.3 1015  63  5.7 1  9.8  76  524  219 323 -464  2
4212500 3066500  5 30 16  19.0 1015  77  6.2 0 10.0  75  425  199 321 -455  2
4212500 3066500  5 30 17  19.4 1014  83  5.8 1  9.9  71  307  171 321 -445  2
4212500 3066500  5 30 18  18.7 1013  85  6.1 1  9.6  70  199  131 321 -434  2
4212500 3066500  5 30 19  16.2 1012  87  6.8 1  9.4  75   98   88 315 -424  2
4212500 3066500  5 30 20  16.2 1012  80  5.6 1  9.1  79   19   33 310 -415  2
4212500 3066500  5 30 21  14.9 1011  88  4.6 1  8.9  80    0    0 308 -408  2
4212500 3066500  5 30 22  15.0 1010 102  3.7 0  8.7  82    0    0 304 -407  2
4212500 3066500  5 30 23  14.0 1010  99  4.9 0  8.8  85    0    0 300 -412  2
4212500 3066500  5 30 24  16.9 1011 134  3.7 0  9.0  82    0    0 303 -418  2
4212500 3066500  5 31  1  17.8 1010 137  4.8 0  9.0  73    0    0 310 -416  2
4212500 3066500  5 31  2  18.1 1009 145  3.8 1  9.1  70    0    0 315 -412  2
4212500 3066500  5 31  3  17.7 1009 136  3.6 1  9.2  71    0    0 317 -411  2
4212500 3066500  5 31  4  17.2 1008 134  4.2 0  9.1  73    0    0 313 -409  2
4212500 3066500  5 31  5  17.0 1008 149  3.7 0  9.2  75   28   26 310 -407  2
4212500 3066500  5 31  6  17.9 1008 152  3.7 0  9.3  74  114   66 311 -408  2
4212500 3066500  5 31  7  18.6 1007 152  3.9 1  9.6  73  226  100 315 -413  2
4212500 3066500  5 31  8  20.5 1007 159  4.2 0 10.0  70  356  123 320 -424  2
4212500 3066500  5 31  9  21.7 1007 190  3.7 0 10.4  66  487  141 324 -438  2
4212500 3066500  5 31 10  24.1 1007 170  3.6 0 10.5  60  595  155 332 -455  2
4212500 3066500  5 31 11  23.8 1007 196  3.0 0 10.3  55  665  172 336 -472  2
4212500 3066500  5 31 12  24.3 1008 212  3.5 0 10.0  53  697  186 338 -489  2
4212500 3066500  5 31 13  23.6 1008 274  5.4 1 10.2  54  689  195 344 -501  2
4212500 3066500  5 31 14  23.5 1008 300  6.2 1 10.3  56  641  199 348 -506  2
4212500 3066500  5 31 15  22.1 1009 286  6.4 1 10.2  58  533  209 345 -497  2
4212500 3066500  5 31 16  19.6 1009 310  6.9 1 10.1  65  399  206 336 -481  2
4212500 3066500  5 31 17  17.9 1009 294  8.9 3 10.1  74   61  210 332 -468  2
4212500 3066500  5 31 18  15.5 1010 298  9.9 6  9.9  82    0   32 339 -453  2
4212500 3066500  5 31 19  15.0 1011 315  7.3 7  9.7  89    0   17 348 -437  2
4212500 3066500  5 31 20  14.2 1011 331  7.1 8  9.6  92    0    4 353 -426  2
4212500 3066500  5 31 21  14.5 1011   6  4.8 8  9.6  93    0    0 355 -418  2
4212500 3066500  5 31 22  14.4 1012 323  5.0 8  9.6  93    0    0 355 -410  2
4212500 3066500  5 31 23  13.3 1013 318  7.2 8  9.3  93    0    0 350 -400  2
4212500 3066500  5 31 24  13.2 1013 318  7.1 8  8.9  94    0    0 345 -394  2
4212500 3066500  6  1  1  12.6 1016 321 10.1 8  8.5  94    0    0 338 -390  2
4212500 3066500  6  1  2  12.1 1016 313  6.0 7  8.3  93    0    0 331 -389  2
4212500 3066500  6  1  3  11.7 1016 318  6.5 7  8.0  92    0    0 320 -386  2
4212500 3066500  6  1  4  11.4 1017 313  5.9 7  7.5  88    0    2 316 -383  2
4212500 3066500  6  1  5  10.8 1018 311  6.9 6  7.0  86    0   17 304 -382  2
4212500 3066500  6  1  6  11.1 1019 312  6.7 8  6.8  84    0   32 308 -383  2
4212500 3066500  6  1  7  11.3 1020 328  5.7 8  6.8  83    0   65 325 -388  2
4212500 3066500  6  1  8  12.3 1020 331  5.5 6  6.9  80   60  207 309 -395  2
4212500 3066500  6  1  9  12.5 1021 322  6.1 5  6.8  76  146  274 286 -404  2
4212500 3066500  6  1 10  13.3 1021 331  6.3 4  6.7  73  269  309 276 -412  2
4212500 3066500  6  1 11  13.8 1022 318  7.2 2  6.7  69  631  177 261 -419  2
4212500 3066500  6  1 12  14.7 1023 317  7.8 2  6.4  63  723  160 252 -424  2
4212500 3066500  6  1 13  15.4 1023 319  8.2 3  6.0  57  720  166 265 -429  2
4212500 3066500  6  1 14  15.9 1023 318  7.6 3  5.7  52  666  174 277 -432  2
4212500 3066500  6  1 15  16.0 1023 323  7.9 4  5.9  53  564  183 289 -433  2
4212500 3066500  6  1 16  16.3 1024 326  7.2 2  6.2  55  472  168 289 -430  2
4212500 3066500  6  1 17  15.7 1024 321  8.2 1  6.2  56  341  154 277 -425  2
4212500 3066500  6  1 18  15.8 1024 319  6.3 1  6.1  55  214  129 276 -417  2
4212500 3066500  6  1 19  15.0 1025 313  4.1 1  6.2  57   99   93 277 -407  2
4212500 3066500  6  1 20  13.4 1025 315  2.5 1  6.3  64   14   40 275 -398  2
4212500 3066500  6  1 21  11.0 1026 299  2.5 0  6.4  74    0    0 266 -390  2
4212500 3066500  6  1 22  10.5 1026 305  2.3 0  6.4  81    0    0 259 -385  2
4212500 3066500  6  1 23  10.3 1026 313  2.1 0  6.4  82    0    0 260 -382  2
4212500 3066500  6  1 24   9.3 1026 321  1.5 0  6.3  85    0    0 260 -379  2
4212500 3066500  6  2  1   9.0 1027 314  1.7 0  6.4  89    0    0 260 -376  2
4212500 3066500  6  2  2   8.6 1027 315  1.9 0  6.5  93    0    0 261 -373  2
4212500 3066500  6  2  3   8.7 1027 319  2.3 0  6.4  93    0    0 262 -371  2
4212500 3066500  6  2  4   8.6 1027 303  3.0 0  6.4  92    0    0 263 -368  2
4212500 3066500  6  2  5  10.8 1028 312  2.6 1  6.7  90   20   26 269 -367  2
4212500 3066500  6  2  6  12.1 1028 307  2.1 3  7.1  85  102   68 281 -370  2
4212500 3066500  6  2  7  13.8 1029 322  3.7 2  7.4  80  226   98 288 -379  2
4212500 3066500  6  2  8  15.6 1029 345  3.6 2  7.2  70  361  120 290 -392  2
4212500 3066500  6  2  9  15.8 1030 327  4.2 4  6.6  60  480  144 297 -406  2
4212500 3066500  6  2 10  16.6 1030 306  3.8 3  6.2  55  584  159 301 -418  2
4212500 3066500  6  2 11  17.2 1030 312  4.2 3  5.8  49  634  185 302 -429  2
4212500 3066500  6  2 12  18.0 1030 291  3.7 3  5.6  46  649  207 305 -437  2
4212500 3066500  6  2 13  17.7 1030 311  4.4 2  5.7  46  659  207 307 -442  2
4212500 3066500  6  2 14  18.1 1030 281  4.8 2  5.8  46  626  204 307 -443  2
4212500 3066500  6  2 15  18.7 1029 273  5.0 3  6.0  46  556  195 312 -443  2
4212500 3066500  6  2 16  18.8 1029 308  5.3 3  6.6  50  444  187 318 -442  2
4212500 3066500  6  2 17  18.6 1029 311  5.1 3  7.6  58  327  166 320 -437  2
4212500 3066500  6  2 18  18.1 1029 290  4.9 3  8.2  64  198  139 320 -430  2
4212500 3066500  6  2 19  17.6 1029 295  4.0 2  8.6  69   82   98 317 -421  2
4212500 3066500  6  2 20  16.2 1029 279  2.5 2  8.8  74   11   38 312 -411  2
4212500 3066500  6  2 21  14.6 1029 279  1.8 2  8.9  82    0    0 307 -401  2
4212500 3066500  6  2 22  13.6 1029 259  1.5 1  8.8  89    0    0 300 -394  2
4212500 3066500  6  2 23  13.7 1029 272  2.1 3  8.8  92    0    0 299 -389  2
4212500 3066500  6  2 24  14.7 1029 274  1.6 4  9.1  91    0    0 306 -386  2
4212500 3066500  6  3  1  13.1 1029 286  1.6 4  8.7  89    0    0 306 -384  2
4212500 3066500  6  3  2  12.8 1031 314  1.6 2  8.3  90    0    0 298 -382  2
4212500 3066500  6  3  3  11.6 1031 330  1.4 1  8.1  93    0    0 289 -380  2
4212500 3066500  6  3  4  12.5 1031 324  1.4 1  8.1  94    0    0 285 -377  2
4212500 3066500  6  3  5  11.5 1031 322  1.8 3  8.3  96   27   24 289 -377  2
4212500 3066500  6  3  6  14.3 1031 328  2.6 3  8.6  95  139   45 296 -380  2
4212500 3066500  6  3  7  15.6 1030 332  3.9 1  8.9  85  277   54 296 -389  2
4212500 3066500  6  3  8  16.1 1031 323  3.8 1  8.9  80  423   59 293 -402  2
4212500 3066500  6  3  9  16.6 1031 334  3.4 3  8.9  77  552   66 300 -415  2
4212500 3066500  6  3 10  18.0 1031 316  3.7 3  8.9  73  660   72 308 -428  2
4212500 3066500  6  3 11  17.6 1031 323  3.4 3  9.2  73  736   80 311 -441  2
4212500 3066500  6  3 12  18.4 1031 316  2.6 3  9.2  73  780   83 313 -451  2
4212500 3066500  6  3 13  20.0 1030 323  3.6 2  9.4  69  769   96 316 -457  2
4212500 3066500  6  3 14  20.0 1030 332  3.7 2  9.6  67  717  107 318 -459  2
4212500 3066500  6  3 15  19.8 1030  11  4.1 2  9.6  67  616  122 318 -459  2
4212500 3066500  6  3 16  20.0 1029 345  4.2 2  9.6  67  511  116 318 -455  2
4212500 3066500  6  3 17  19.0 1029  36  3.5 2  9.5  68  380  111 316 -448  2
4212500 3066500  6  3 18  19.0 1028  56  2.8 2  9.2  68  236  103 313 -438  2
4212500 3066500  6  3 19  18.1 1027  67  2.3 1  9.0  68  109   81 308 -427  2
4212500 3066500  6  3 20  17.3 1027  79  2.3 1  9.1  73   18   38 303 -414  2
4212500 3066500  6  3 21  15.1 1027  73  3.2 1  9.0  79    0    0 297 -401  2
4212500 3066500  6  3 22  13.5 1027 102  1.5 1  8.8  87    0    0 291 -392  2
4212500 3066500  6  3 23  12.8 1027 106  1.2 1  8.6  92    0    0 286 -387  2
4212500 3066500  6  3 24  11.3 1026  80  1.9 2  8.2  94    0    0 285 -383  2
4212500 3066500  6  4  1  12.0 1026  39  1.6 0  8.2  97    0    0 282 -381  2
4212500 3066500  6  4  2  12.2 1025 143  1.2 0  8.3  95    0    0 279 -379  2
4212500 3066500  6  4  3  10.6 1024 106  2.1 0  8.1  97    0    0 275 -377  2
4212500 3066500  6  4  4  10.9 1024  67  1.9 0  8.0 100    0    1 273 -376  2
4212500 3066500  6  4  5  10.2 1024  94  1.5 0  7.9 100   28   26 271 -376  2
4212500 3066500  6  4  6  13.1 1023 103  1.8 0  8.3  98  135   51 272 -379  2
4212500 3066500  6  4  7  15.6 1023  81  2.8 1  9.1  90  273   63 282 -388  2
4212500 3066500  6  4  8  17.0 1023  89  2.3 1  9.1  79  422   69 288 -402  2
4212500 3066500  6  4  9  17.4 1022  86  3.1 1  9.0  74  548   83 291 -416  2
4212500 3066500  6  4 10  18.5 1022  80  3.7 0  9.3  73  662   87 292 -430  2
4212500 3066500  6  4 11  18.8 1022  82  4.2 1  9.5  71  735   98 297 -442  2
4212500 3066500  6  4 12  19.3 1022  84  3.5 0  9.6  70  777  104 301 -451  2
4212500 3066500  6  4 13  19.9 1022  89  3.8 1  9.8  69  772  111 307 -458  2
4212500 3066500  6  4 14  19.4 1021  90  3.6 1  9.7  68  715  123 313 -460  2
4212500 3066500  6  4 15  19.8 1020  86  3.5 2  9.7  68  616  134 317 -458  2
4212500 3066500  6  4 16  18.8 1020  85  4.6 2  9.5  68  493  138 321 -452  2
4212500 3066500  6  4 17  18.4 1019  81  4.1 2  9.1  68  373  125 319 -442  2
4212500 3066500  6  4 18  18.1 1018  69  4.2 1  8.9  68  234  111 314 -430  2
4212500 3066500  6  4 19  16.9 1017  63  3.5 1  8.7  70  111   84 304 -418  2
4212500 3066500  6  4 20  15.5 1016  60  3.2 2  8.7  76   17   39 303 -407  2
4212500 3066500  6  4 21  14.4 1016  72  3.6 2  8.7  82    0    0 303 -397  2
4212500 3066500  6  4 22  14.1 1016  70  3.4 0  8.6  85    0    0 292 -389  2
4212500 3066500  6  4 23  13.4 1015  84  3.5 0  8.4  86    0    0 283 -385  2
4212500 3066500  6  4 24  12.3 1015  67  3.7 0  8.4  91    0    0 282 -383  2
4212500 3066500  6  5  1  11.1 1015  60  3.1 0  8.3  96    0    0 279 -382  2
4212500 3066500  6  5  2  11.8 1014  55  3.1 1  8.4  99    0    0 284 -381  2
4212500 3066500  6  5  3  12.5 1013  50  2.7 0  8.6  97    0    0 287 -381  2
4212500 3066500  6  5  4  13.9 1013  58  3.0 2  9.1  96    0    0 296 -381  2
4212500 3066500  6  5  5  14.6 1012  57  4.0 4  9.9  97   10   24 317 -382  2
4212500 3066500  6  5  6  15.7 1012  65  3.6 2 10.3  95   91   65 318 -386  2
4212500 3066500  6  5  7  17.4 1013  76  4.0 2 10.6  89  209   96 312 -394  2
4212500 3066500  6  5  8  17.8 1013  72  4.8 1 10.9  86  357  112 308 -407  2
4212500 3066500  6  5  9  18.4 1013  85  4.8 1 11.4  87  493  125 305 -420  2
4212500 3066500  6  5 10  20.5 1012  79  5.2 0 11.7  82  609  133 308 -431  2
4212500 3066500  6  5 11  21.2 1012  87  5.1 0 11.9  77  682  147 312 -440  2
4212500 3066500  6  5 12  22.4 1012  75  5.6 0 12.0  73  720  156 318 -448  2
4212500 3066500  6  5 13  22.0 1011  84  5.1 1 11.9  71  718  161 326 -452  2
4212500 3066500  6  5 14  22.3 1011  71  6.1 1 12.0  72  673  165 331 -453  2
4212500 3066500  6  5 15  22.6 1010  77  5.9 1 12.0  70  573  174 332 -449  2
4212500 3066500  6  5 16  20.3 1010  70  7.1 1 11.8  73  468  165 328 -444  2
4212500 3066500  6  5 17  20.8 1009  66  7.1 1 11.8  77  330  156 323 -437  2
4212500 3066500  6  5 18  19.9 1008  74  6.2 0 11.4  75  194  135 314 -429  2
4212500 3066500  6  5 19  19.9 1008  73  4.9 0 10.9  74   82   94 306 -420  2
4212500 3066500  6  5 20  18.3 1007  86  3.3 1 10.9  78    4   32 306 -413  2
4212500 3066500  6  5 21  18.9 1007 118  4.7 6 10.9  80    0    0 332 -408  2
4212500 3066500  6  5 22  18.4 1007  88  4.0 8 11.2  82    0    0 364 -407  2
4212500 3066500  6  5 23  19.5 1007  47  3.2 8 11.4  82    0    0 374 -408  2
4212500 3066500  6  5 24  18.5 1007  69  3.5 7 11.2  80    0    0 370 -409  2
4212500 3066500  6  6  1  18.1 1006  82  4.8 5 11.1  83    0    0 353 -412  2
4212500 3066500  6  6  2  17.3 1004  88  3.9 3 11.0  86    0    0 330 -415  2
4212500 3066500  6  6  3  17.2 1004  86  2.8 1 10.9  88    0    0 308 -417  2
4212500 3066500  6  6  4  16.2 1003 104  3.1 0 10.9  91    0    0 290 -418  2
4212500 3066500  6  6  5  16.9 1003 100  3.3 1 11.2  94    9   24 290 -419  2
4212500 3066500  6  6  6  19.5 1002 115  4.0 1 11.7  88   63   74 296 -421  2
4212500 3066500  6  6  7  21.0 1002 127  4.1 1 12.0  79  172  114 300 -425  2
4212500 3066500  6  6  8  22.0 1002 133  5.0 1 12.1  74  337  127 307 -432  2
4212500 3066500  6  6  9  22.8 1002 146  4.6 1 12.4  72  475  142 319 -443  2
4212500 3066500  6  6 10  23.6 1002 136  4.6 2 12.6  70  592  151 333 -456  2
4212500 3066500  6  6 11  25.3 1002 133  4.0 1 12.5  64  710  138 344 -469  2
4212500 3066500  6  6 12  25.4 1001 128  4.1 1 12.2  60  758  142 350 -482  2
4212500 3066500  6  6 13  25.8 1001 140  4.0 1 11.9  57  750  153 357 -494  2
4212500 3066500  6  6 14  25.8 1001 135  4.3 0 11.7  55  697  163 361 -504  2
4212500 3066500  6  6 15  26.0 1001 102  2.8 0 11.7  55  599  172 363 -506  2
4212500 3066500  6  6 16  24.9 1000 102  2.7 2 12.1  59  248  279 366 -500  2
4212500 3066500  6  6 17  25.3 1000 112  2.5 6 12.7  62    0  107 381 -490  2
4212500 3066500  6  6 18  22.6 1000  69  2.9 6 12.4  65    0   32 391 -479  2
4212500 3066500  6  6 19  22.1  999 139  3.4 7 11.9  69    0   22 389 -466  2
4212500 3066500  6  6 20  20.0  999  47  2.6 8 11.8  74    0    6 391 -450  2
4212500 3066500  6  6 21  18.8 1000 233  5.6 8 12.0  84    0    0 390 -439  2
4212500 3066500  6  6 22  17.6 1002 254  4.4 8 12.2  92    0    0 385 -434  2
4212500 3066500  6  6 23  17.1 1001   1  1.8 8 12.2  97    0    0 382 -430  2
4212500 3066500  6  6 24  16.9 1000  87  2.9 8 12.1  98    0    0 381 -428  2
4212500 3066500  6  7  1  17.4 1000 123  2.2 6 11.8  95    0    0 374 -426  2
4212500 3066500  6  7  2  17.1 1001 157  0.7 6 11.5  92    0    0 366 -424  2
4212500 3066500  6  7  3  16.8 1001 183  1.4 7 11.3  92    0    0 369 -423  2
4212500 3066500  6  7  4  17.1 1001 121  1.9 7 11.4  93    0    0 373 -421  2
4212500 3066500  6  7  5  17.2 1001  80  0.8 6 11.6  94    0    6 369 -421  2
4212500 3066500  6  7  6  18.1 1001 207  1.9 7 11.8  92    0   21 370 -421  2
4212500 3066500  6  7  7  18.7 1001 134  2.9 7 12.0  89    0   85 378 -425  2
4212500 3066500  6  7  8  19.9 1001 210  2.1 5 12.3  86  164  214 371 -431  2
4212500 3066500  6  7  9  20.8 1002 234  2.5 4 12.4  82  229  274 361 -441  2
4212500 3066500  6  7 10  21.6 1002 238  1.9 5 12.7  79  113  347 366 -456  2
4212500 3066500  6  7 11  21.5 1002 235  2.9 7 12.7  78   10  279 381 -461  2
4212500 3066500  6  7 12  18.1 1003 272  2.9 8 12.7  86    0  104 388 -462  2
4212500 3066500  6  7 13  18.6 1003 315  2.1 8 12.5  93    0  164 386 -458  2
4212500 3066500  6  7 14  20.1 1003 269  3.6 7 12.2  86   21  295 384 -469  2
4212500 3066500  6  7 15  20.0 1003 268  2.2 5 12.1  81   96  344 374 -491  2
4212500 3066500  6  7 16  20.1 1003 302  2.8 5 12.0  80  139  311 368 -490  2
4212500 3066500  6  7 17  20.8 1004 241  1.7 5 11.6  76  144  250 369 -478  2
4212500 3066500  6  7 18  21.7 1004 190  0.9 4 11.5  72  131  176 369 -463  2
4212500 3066500  6  7 19  20.8 1003 149  2.1 1 11.9  74   89  107 355 -452  2
4212500 3066500  6  7 20  19.3 1004 126  1.6 5 11.7  79   17   44 353 -442  2
4212500 3066500  6  7 21  17.7 1004 114  1.6 8 11.3  84    0    0 372 -432  2
4212500 3066500  6  7 22  17.4 1005 121  1.8 7 11.3  89    0    0 378 -424  2
4212500 3066500  6  7 23  17.3 1004 148  1.3 3 11.3  90    0    0 354 -419  2
4212500 3066500  6  7 24  16.5 1004 162  1.7 3 11.1  91    0    0 338 -415  2
4212500 3066500  6  8  1  15.4 1004 104  1.7 2 10.8  94    0    0 331 -413  2
4212500 3066500  6  8  2  14.3 1004  32  1.0 4 10.5  98    0    0 332 -412  2
4212500 3066500  6  8  3  14.8 1004  59  1.6 4 10.4  99    0    0 339 -411  2
4212500 3066500  6  8  4  14.2 1003  70  1.0 8 10.3  99    0    0 355 -411  2
4212500 3066500  6  8  5  15.8 1004  88  1.8 3 10.7  99    4   22 352 -411  2
4212500 3066500  6  8  6  17.5 1004  75  2.5 2 11.9  99   79   78 331 -413  2
4212500 3066500  6  8  7  19.2 1003  94  3.2 2 12.6  94  203  118 329 -418  2
4212500 3066500  6  8  8  20.2 1003  86  3.6 3 12.4  85  220  194 337 -422  2
4212500 3066500  6  8  9  21.2 1003  85  3.8 2 12.1  78  395  199 342 -428  2
4212500 3066500  6  8 10  21.8 1002  96  4.7 4 11.8  73  566  196 353 -436  2
4212500 3066500  6  8 11  22.6 1002  63  4.3 2 12.3  72  681  185 357 -443  2
4212500 3066500  6  8 12  21.3 1002  58  5.2 3 12.5  74  430  352 352 -455  2
4212500 3066500  6  8 13  20.3 1001  59  4.8 5 11.9  76   38  341 361 -463  2
4212500 3066500  6  8 14  18.9 1001  67  4.5 6 11.8  82    0   99 371 -457  2
4212500 3066500  6  8 15  18.3 1000  82  4.1 7 11.8  86    0   83 378 -460  2
4212500 3066500  6  8 16  17.3 1000  69  4.5 7 11.7  90    0   62 379 -467  2
4212500 3066500  6  8 17  18.1 1000 121  5.0 8 12.1  94    0   58 383 -464  2
4212500 3066500  6  8 18  17.3  999  47  5.1 7 12.3  95    0   48 382 -448  2
4212500 3066500  6  8 19  17.7  998  61  4.4 6 12.0  94    0   57 371 -421  2
4212500 3066500  6  8 20  17.3  998  88  4.3 7 12.1  95    0   25 374 -405  2
4212500 3066500  6  8 21  17.2  999 129  4.4 8 12.1  96    0    0 381 -399  2
4212500 3066500  6  8 22  17.0  999 177  5.0 8 12.1  97    0    0 379 -392  2
4212500 3066500  6  8 23  16.2 1000 178  4.8 7 11.4  96    0    0 376 -389  2
4212500 3066500  6  8 24  15.4 1000 159  4.7 5 10.6  94    0    0 370 -390  2
4212500 3066500  6  9  1  14.3 1017 104  3.8 3  9.6  91    0    0 288 -406  2
4212500 3066500  6  9  2  13.4 1017  66  3.1 1  8.7  89    0    0 287 -408  2
4212500 3066500  6  9  3  13.2 1017  40  2.3 0  8.2  88    0    0 286 -410  2
4212500 3066500  6  9  4  13.9 1017  49  2.4 0  8.4  88    0    1 286 -409  2
4212500 3066500  6  9  5  15.0 1017  50  2.3 0  8.6  84   30   27 289 -408  2
4212500 3066500  6  9  6  16.8 1016  55  2.3 0  9.0  81  134   52 294 -410  2
4212500 3066500  6  9  7  18.5 1017  54  3.5 0  9.2  73  261   72 296 -416  2
4212500 3066500  6  9  8  19.1 1017  53  4.3 0  8.8  65  397   86 298 -427  2
4212500 3066500  6  9  9  21.3 1018  68  3.5 0  8.2  56  526   96 303 -440  2
4212500 3066500  6  9 10  22.3 1017  77  3.8 0  8.2  50  632  104 312 -454  2
4212500 3066500  6  9 11  22.5 1018  85  5.2 0  7.7  46  716  109 318 -465  2
4212500 3066500  6  9 12  23.4 1018  82  4.5 0  7.8  45  758  115 326 -471  2
4212500 3066500  6  9 13  22.6 1017  69  4.6 0  8.5  49  754  122 331 -475  2
4212500 3066500  6  9 14  22.6 1017  63  4.8 1  8.4  49  702  132 335 -475  2
4212500 3066500  6  9 15  22.4 1017  69  5.1 0  7.8  46  626  132 333 -472  2
4212500 3066500  6  9 16  21.9 1016  69  5.0 0  7.0  42  504  135 326 -467  2
4212500 3066500  6  9 17  21.5 1016  69  5.3 0  6.4  40  375  127 322 -459  2
4212500 3066500  6  9 18  20.4 1016  60  4.6 0  6.4  42  240  113 318 -448  2
4212500 3066500  6  9 19  19.2 1016  89  3.8 1  6.9  48  116   88 317 -436  2
4212500 3066500  6  9 20  17.8 1016  71  3.2 1  7.0  53   23   44 316 -426  2
4212500 3066500  6  9 21  15.8 1015 117  2.2 1  7.0  58    0    0 311 -417  2
4212500 3066500  6  9 22  13.7 1015  49  1.6 0  7.0  67    0    0 302 -412  2
4212500 3066500  6  9 23  13.3 1015 105  2.0 0  7.0  72    0    0 294 -409  2
4212500 3066500  6  9 24  11.7 1015  44  2.4 1  6.8  75    0    0 296 -409  2
4212500 3066500  6 10  1  11.5 1015  13  1.5 2  7.0  82    0    0 300 -409  2
4212500 3066500  6 10  2  13.2 1015  33  2.8 2  7.9  88    0    0 307 -407  2
4212500 3066500  6 10  3  13.5 1015  35  2.3 2  8.4  88    0    0 311 -405  2
4212500 3066500  6 10  4  12.7 1014  34  2.0 2  8.2  87    0    3 310 -403  2
4212500 3066500  6 10  5  14.5 1014  51  1.9 1  8.2  84   34   26 308 -402  2
4212500 3066500  6 10  6  18.1 1014 100  1.6 0  8.8  76  135   47 307 -405  2
4212500 3066500  6 10  7  19.8 1015  86  1.7 0  9.4  69  259   65 312 -413  2
4212500 3066500  6 10  8  21.5 1015  96  2.0 0  9.7  64  397   72 318 -427  2
4212500 3066500  6 10  9  23.0 1015 109  2.4 0  9.6  57  529   77 326 -441  2
4212500 3066500  6 10 10  24.2 1015 123  2.2 1  9.9  54  630   88 338 -455  2
4212500 3066500  6 10 11  24.1 1015  89  2.3 1 10.2  54  705   97 347 -467  2
4212500 3066500  6 10 12  24.2 1015  72  2.4 2  9.5  51  741  109 350 -476  2
4212500 3066500  6 10 13  24.7 1015  62  2.7 1  8.6  45  718  133 350 -480  2
4212500 3066500  6 10 14  24.5 1015  55  3.4 1  7.8  41  666  144 346 -482  2
4212500 3066500  6 10 15  23.9 1015  48  3.3 3  7.6  40  587  145 350 -480  2
4212500 3066500  6 10 16  23.5 1015  66  3.7 3  7.5  41  477  143 351 -474  2
4212500 3066500  6 10 17  22.6 1014  62  3.3 4  7.4  42  347  134 349 -465  2
4212500 3066500  6 10 18  21.7 1014  54  3.3 5  7.9  48  165  138 351 -454  2
4212500 3066500  6 10 19  20.6 1014  79  2.9 3  8.2  52   83   91 346 -442  2
4212500 3066500  6 10 20  19.1 1014  58  1.7 3  8.3  57   12   39 335 -432  2
4212500 3066500  6 10 21  15.8 1014  87  1.3 2  8.4  67    0    0 323 -421  2
4212500 3066500  6 10 22  13.3 1013  10  0.9 1  8.0  78    0    0 306 -413  2
4212500 3066500  6 10 23  12.7 1013  15  1.5 0  7.8  83    0    0 295 -407  2
4212500 3066500  6 10 24  11.8 1013  17  1.4 1  7.7  86    0    0 294 -403  2
4212500 3066500  6 11  1  11.8 1013  37  1.3 0  7.7  90    0    0 293 -401  2
4212500 3066500  6 11  2  12.0 1013  15  0.5 1  7.8  90    0    0 293 -399  2
4212500 3066500  6 11  3  11.8 1012 310  0.5 1  7.9  91    0    0 297 -397  2
4212500 3066500  6 11  4  11.0 1012 288  0.5 1  7.7  91    0    1 296 -396  2
4212500 3066500  6 11  5  12.9 1012 297  0.7 0  7.4  85   23   27 294 -396  2
4212500 3066500  6 11  6  17.4 1011 319  1.6 0  8.5  78  115   61 300 -399  2
4212500 3066500  6 11  7  20.3 1012 332  1.5 0  9.2  68  239   85 312 -408  2
4212500 3066500  6 11  8  21.8 1013 310  1.5 0  8.4  54  372  101 318 -425  2
4212500 3066500  6 11  9  23.2 1013 301  1.6 1  7.9  46  507  111 326 -444  2
4212500 3066500  6 11 10  24.9 1013 306  1.4 1  7.6  41  614  121 337 -464  2
4212500 3066500  6 11 11  26.4 1012 299  1.4 1  7.6  37  698  127 345 -485  2
4212500 3066500  6 11 12  26.9 1012 352  3.4 1  8.3  38  744  131 353 -503  2
4212500 3066500  6 11 13  26.9 1012 328  2.4 0  8.6  39  742  138 353 -513  2
4212500 3066500  6 11 14  27.6 1012 341  1.9 0  8.4  37  686  149 351 -512  2
4212500 3066500  6 11 15  26.8 1011   6  2.0 0  8.4  37  612  147 349 -501  2
4212500 3066500  6 11 16  26.5 1011  70  2.2 0  8.8  40  495  146 345 -492  2
4212500 3066500  6 11 17  26.3 1010  42  1.6 0  9.2  42  372  133 342 -483  2
4212500 3066500  6 11 18  25.5 1010   6  1.2 0  9.2  44  233  119 338 -466  2
4212500 3066500  6 11 19  24.9 1010 354  0.6 0  9.3  46  112   91 333 -448  2
4212500 3066500  6 11 20  22.1 1009 148  0.7 1 10.6  58   22   44 333 -435  2
4212500 3066500  6 11 21  19.0 1009 130  0.6 1 11.6  76    0    0 328 -424  2
4212500 3066500  6 11 22  17.5 1009 174  0.7 1 11.1  84    0    0 321 -416  2
4212500 3066500  6 11 23  16.8 1009 171  1.4 1 10.9  89    0    0 318 -410  2
4212500 3066500  6 11 24  16.7 1009 197  0.9 1 10.9  91    0    0 319 -407  2
4212500 3066500  6 12  1  14.7 1008 199  1.7 0 10.5  93    0    0 313 -404  2
4212500 3066500  6 12  2  15.7 1008 197  1.9 1  9.8  90    0    0 310 -401  2
4212500 3066500  6 12  3  16.9 1007 202  1.4 0  9.4  80    0    0 312 -399  2
4212500 3066500  6 12  4  16.4 1007 196  2.1 0  9.4  79    0    1 307 -397  2
4212500 3066500  6 12  5  18.0 1006 186  2.7 0  9.4  76   19   33 307 -396  2
4212500 3066500  6 12  6  19.2 1005 205  2.7 0  9.1  67   97   84 308 -400  2
4212500 3066500  6 12  7  20.6 1005 235  3.2 0  9.7  66  200  130 311 -411  2
4212500 3066500  6 12  8  22.9 1005 248  3.9 0 10.3  62  298  177 318 -427  2
4212500 3066500  6 12  9  24.6 1004 254  3.3 0  9.8  53  420  209 326 -446  2
4212500 3066500  6 12 10  26.3 1004 247  3.5 0  9.8  48  525  234 335 -464  2
4212500 3066500  6 12 11  26.7 1004 243  5.3 0 10.0  46  559  268 342 -478  2
4212500 3066500  6 12 12  25.7 1004 262  6.6 0  9.9  46  584  287 344 -487  2
4212500 3066500  6 12 13  25.0 1003 261  6.8 0  9.6  47  586  291 343 -494  2
4212500 3066500  6 12 14  24.4 1003 302  6.9 0  9.1  46  551  287 340 -497  2
4212500 3066500  6 12 15  24.3 1003 300  8.8 0  8.6  44  499  267 338 -493  2
4212500 3066500  6 12 16  23.5 1003 289  6.5 0  9.3  49  398  246 336 -486  2
4212500 3066500  6 12 17  22.9 1003 256  6.5 1 10.7  59  285  214 337 -479  2
4212500 3066500  6 12 18  22.1 1002 256  6.8 1 10.8  62  178  168 336 -469  2
4212500 3066500  6 12 19  21.0 1002 270  6.4 1 11.2  68   81  113 331 -456  2
4212500 3066500  6 12 20  19.4 1002 251  5.3 3 11.4  76   15   47 335 -443  2
4212500 3066500  6 12 21  18.3 1002 253  5.4 4 10.8  78    0    1 341 -432  2
4212500 3066500  6 12 22  17.4 1003 257  4.5 4 11.0  84    0    0 340 -424  2
4212500 3066500  6 12 23  17.4 1003 262  5.1 5 11.1  88    0    0 340 -420  2
4212500 3066500  6 12 24  17.2 1003 268  5.9 5 10.4  83    0    0 341 -417  2
4212500 3066500  6 13  1  16.7 1003 279  6.0 5 10.3  84    0    0 339 -413  2
4212500 3066500  6 13  2  16.6 1003 280  6.4 5 10.3  86    0    0 338 -410  2
4212500 3066500  6 13  3  16.5 1003 276  5.7 6 10.1  85    0    0 341 -406  2
4212500 3066500  6 13  4  16.1 1003 276  5.9 7  9.9  84    0    0 350 -403  2
4212500 3066500  6 13  5  16.0 1002 277  4.5 7  9.7  84    1   18 354 -400  2
4212500 3066500  6 13  6  16.3 1003 260  4.7 7  9.8  84    1   43 355 -401  2
4212500 3066500  6 13  7  16.4 1003 264  4.9 7  9.8  84   16  114 358 -408  2
4212500 3066500  6 13  8  16.5 1003 261  6.3 7  9.8  82   44  192 362 -417  2
4212500 3066500  6 13  9  17.0 1004 268  5.2 7  9.6  80  100  261 366 -425  2
4212500 3066500  6 13 10  18.4 1004 257  5.0 7  9.6  75  138  312 372 -433  2
4212500 3066500  6 13 11  18.7 1004 281  6.2 7  9.6  71  105  345 377 -441  2
4212500 3066500  6 13 12  19.1 1004 267  5.1 6  9.6  70   46  331 373 -443  2
4212500 3066500  6 13 13  19.6 1004 243  5.7 5  9.7  68   56  333 364 -437  2
4212500 3066500  6 13 14  19.8 1004 243  4.3 6  9.7  66   34  297 364 -433  2
4212500 3066500  6 13 15  20.0 1004 234  3.7 7  9.7  66   68  290 373 -437  2
4212500 3066500  6 13 16  20.0 1004 239  2.8 7  9.9  67   93  255 378 -441  2
4212500 3066500  6 13 17  20.5 1004 257  3.7 6 10.0  66  152  203 374 -439  2
4212500 3066500  6 13 18  20.2 1003 279  3.0 5  9.9  66  154  138 365 -432  2
4212500 3066500  6 13 19  19.7 1003 273  2.6 2 10.0  68   96   85 345 -424  2
4212500 3066500  6 13 20  18.3 1003 249  1.6 1 10.0  72   45   43 322 -417  2
4212500 3066500  6 13 21  15.8 1003 330  1.1 2 10.0  81    0    5 315 -411  2
4212500 3066500  6 13 22  15.7 1004 189  1.3 4  9.8  87    0    0 325 -407  2
4212500 3066500  6 13 23  15.7 1004 225  1.3 4 10.0  88    0    0 333 -404  2
4212500 3066500  6 13 24  16.3 1004 247  1.9 6 10.0  87    0    0 344 -401  2
4212500 3066500  6 14  1  15.6 1004 248  2.2 7 10.0  87    0    0 359 -396  2
4212500 3066500  6 14  2  15.5 1004 243  2.1 5  9.9  89    0    0 354 -391  2
4212500 3066500  6 14  3  14.7 1004 251  2.1 4  9.8  91    0    0 338 -387  2
4212500 3066500  6 14  4  13.9 1004 242  1.6 3  9.6  93    0    1 323 -383  2
4212500 3066500  6 14  5  14.5 1004 221  1.3 3  9.5  92    0    6 316 -382  2
4212500 3066500  6 14  6  15.4 1004 247  1.9 7  9.8  91    0   22 338 -385  2
4212500 3066500  6 14  7  16.6 1004 254  2.9 6 10.2  89   11  119 357 -394  2
4212500 3066500  6 14  8  18.5 1004 242  3.1 4 10.7  84  152  208 347 -404  2
4212500 3066500  6 14  9  19.1 1005 250  3.2 6 10.6  77   86  283 352 -416  2
4212500 3066500  6 14 10  19.1 1005 251  3.1 7 10.2  73   42  313 367 -428  2
4212500 3066500  6 14 11  18.6 1005 284  3.2 7 10.1  73    9  285 371 -443  2
4212500 3066500  6 14 12  18.8 1005 307  2.4 6 10.3  76   49  353 368 -462  2
4212500 3066500  6 14 13  19.1 1006  56  2.3 5 10.2  74   81  374 362 -475  2
4212500 3066500  6 14 14  19.0 1005   7  3.7 6 10.0  72   50  332 363 -466  2
4212500 3066500  6 14 15  18.5 1005 356  3.9 7  9.9  72  102  325 369 -454  2
4212500 3066500  6 14 16  17.9 1005 354  4.7 5  9.3  70  178  295 363 -451  2
4212500 3066500  6 14 17  17.1 1005  28  3.7 5  8.7  69  163  236 353 -442  2
4212500 3066500  6 14 18  16.5 1005  20  4.1 4  8.2  68  162  161 346 -429  2
4212500 3066500  6 14 19  15.7 1005   6  3.1 4  7.9  68   54  106 339 -419  2
4212500 3066500  6 14 20  15.0 1006  23  2.3 4  7.6  69    0   32 335 -412  2
4212500 3066500  6 14 21  13.9 1006  35  4.3 5  7.5  72    0    1 333 -406  2
4212500 3066500  6 14 22  14.3 1005  21  4.5 6  7.3  72    0    0 336 -399  2
4212500 3066500  6 14 23  14.2 1005  36  4.1 6  7.2  70    0    0 339 -393  2
4212500 3066500  6 14 24  14.5 1006  45  4.3 4  7.1  69    0    0 330 -391  2
4212500 3066500  6 15  1  14.6 1006  47  3.9 7  6.9  66    0    0 333 -391  2
4212500 3066500  6 15  2  14.5 1006  64  4.6 8  7.1  68    0    0 348 -391  2
4212500 3066500  6 15  3  14.7 1006  74  4.6 8  7.4  71    0    0 354 -391  2
4212500 3066500  6 15  4  13.7 1005  84  4.8 8  7.7  76    0    1 357 -390  2
4212500 3066500  6 15  5  13.7 1004  78  5.0 7  7.9  80    0    6 350 -388  2
4212500 3066500  6 15  6  13.6 1004  66  4.9 8  8.0  82    0   18 349 -387  2
4212500 3066500  6 15  7  13.3 1004  72  6.4 8  8.3  85    0   43 356 -387  2
4212500 3066500  6 15  8  13.9 1004  62  7.7 7  8.5  86    0   77 346 -388  2
4212500 3066500  6 15  9  13.9 1005  74  8.3 7  8.7  87    0  116 341 -389  2
4212500 3066500  6 15 10  14.1 1005  67  6.7 8  8.8  87    0  119 353 -389  2
4212500 3066500  6 15 11  14.7 1005  70  6.5 8  8.8  86    0  146 363 -387  2
4212500 3066500  6 15 12  15.2 1005  81  7.2 8  9.0  84    0  163 366 -385  2
4212500 3066500  6 15 13  15.1 1004  73  8.1 8  9.1  83    0  198 369 -383  2
4212500 3066500  6 15 14  15.6 1004  76  6.4 8  9.2  83    0  173 372 -382  2
4212500 3066500  6 15 15  15.8 1004  78  6.6 8  9.3  83    0  144 373 -383  2
4212500 3066500  6 15 16  15.8 1003  73  6.6 8  9.4  83    0  163 374 -388  2
4212500 3066500  6 15 17  15.7 1003  78  6.6 8  9.5  84    0  108 375 -393  2
4212500 3066500  6 15 18  15.1 1003  67  7.5 8  9.5  86    0   54 373 -396  2
4212500 3066500  6 15 19  15.0 1003  78  5.1 8  9.4  87    0   46 372 -397  2
4212500 3066500  6 15 20  15.2 1003  68  5.6 8  9.4  87   38   30 372 -396  2
4212500 3066500  6 15 21  15.1 1003  61  5.2 7  9.5  87    3    6 371 -395  2
4212500 3066500  6 15 22  15.2 1003  70  4.7 7  9.5  87    0    0 368 -394  2
4212500 3066500  6 15 23  14.8 1002  74  5.2 7  9.5  88    0    0 368 -395  2
4212500 3066500  6 15 24  14.9 1002  65  5.0 6  9.4  88    0    0 366 -396  2
4212500 3066500  6 16  1  15.0 1002  69  4.9 6  9.4  88    0    0 362 -396  2
4212500 3066500  6 16  2  15.2 1001  67  4.2 7  9.6  88    0    0 365 -396  2
4212500 3066500  6 16  3  15.5 1001  55  5.7 7  9.9  90    0    0 369 -395  2
4212500 3066500  6 16  4  15.5 1000  57  4.4 8 10.0  90    0    1 374 -395  2
4212500 3066500  6 16  5  15.5  999  68  4.4 8 10.1  90    0   16 379 -396  2
4212500 3066500  6 16  6  15.2  999  58  4.4 8 10.2  92    0   18 378 -396  2
4212500 3066500  6 16  7  15.4  999  31  2.8 8 10.4  94    0   33 377 -396  2
4212500 3066500  6 16  8  15.6  999  21  2.7 8 10.5  94    0   58 378 -396  2
4212500 3066500  6 16  9  15.5  999  25  3.4 8 10.5  94    0   79 378 -398  2
4212500 3066500  6 16 10  15.3  999 199  4.4 8 10.5  94    0  107 378 -400  2
4212500 3066500  6 16 11  15.9  999 257  6.5 8 10.5  94    0  147 380 -398  2
4212500 3066500  6 16 12  15.6  999 276  7.6 8 10.5  92    0  132 381 -396  2
4212500 3066500  6 16 13  15.1 1000 262  8.3 8 10.2  92    0  170 378 -396  2
4212500 3066500  6 16 14  15.5  999 256  9.0 8 10.1  91    5  254 375 -394  2
4212500 3066500  6 16 15  16.6 1000 260  8.8 6  9.9  85  167  349 369 -391  2
4212500 3066500  6 16 16  17.1 1000 263  8.3 5  9.6  79  288  281 359 -389  2
4212500 3066500  6 16 17  17.1 1001 264  9.1 3  9.5  76  399  162 349 -389  2
4212500 3066500  6 16 18  16.8 1001 260  7.8 1  9.3  76  270  139 332 -389  2
4212500 3066500  6 16 19  16.7 1001 249  6.2 1  9.2  76  141  106 322 -387  2
4212500 3066500  6 16 20  15.3 1002 269  4.0 2  9.0  78   32   55 319 -383  2
4212500 3066500  6 16 21  14.1 1002 256  3.3 3  8.8  84    0    2 321 -381  2
4212500 3066500  6 16 22  13.1 1002 258  2.2 2  8.7  89    0    0 320 -378  2
4212500 3066500  6 16 23  13.0 1002 236  2.2 2  8.6  91    0    0 314 -374  2
4212500 3066500  6 16 24  13.7 1003 240  2.9 4  8.7  90    0    0 322 -370  2
4212500 3066500  6 17  1  13.3 1003 231  2.5 4  8.8  90    0    0 330 -368  2
4212500 3066500  6 17  2  12.7 1002 233  2.6 4  8.7  92    0    0 328 -368  2
4212500 3066500  6 17  3  12.1 1002 256  2.4 4  8.5  94    0    0 324 -369  2
4212500 3066500  6 17  4  12.4 1002 232  2.3 5  8.4  94    1    6 327 -370  2
4212500 3066500  6 17  5  12.8 1002 220  2.5 3  8.5  92   24   27 325 -372  2
4212500 3066500  6 17  6  13.7 1003 229  3.3 1  8.6  90  101   65 310 -375  2
4212500 3066500  6 17  7  15.5 1004 246  4.2 0  9.0  86  298   58 302 -380  2
4212500 3066500  6 17  8  17.3 1004 231  3.4 0  9.5  81  460   65 305 -385  2
4212500 3066500  6 17  9  18.2 1004 225  4.3 2  9.5  74  603   77 322 -391  2
4212500 3066500  6 17 10  19.3 1004 239  5.0 2  9.2  67  719   68 335 -392  2
4212500 3066500  6 17 11  20.5 1004 235  4.7 4  9.2  63  428  282 349 -391  2
4212500 3066500  6 17 12  19.5 1004 235  4.1 4  9.4  63  144  376 359 -391  2
4212500 3066500  6 17 13  20.6 1004 218  4.8 6  9.0  61   37  334 362 -388  2
4212500 3066500  6 17 14  18.3 1004 236  3.8 5  8.9  62  153  358 360 -388  2
4212500 3066500  6 17 15  20.1 1004 185  3.4 6  9.1  65   91  311 357 -387  2
4212500 3066500  6 17 16  14.4 1004 292  5.3 7  9.2  74    0  127 356 -384  2
4212500 3066500  6 17 17  15.0 1004 171  3.4 8  9.5  90    0  102 355 -384  2
4212500 3066500  6 17 18  17.1 1004 212  3.3 6  9.7  84   62  160 356 -384  2
4212500 3066500  6 17 19  16.1 1004 185  2.1 8  9.9  83    0   50 357 -384  2
4212500 3066500  6 17 20  16.2 1004 230  1.7 4 10.1  87    5   38 348 -383  2
4212500 3066500  6 17 21  15.0 1004 233  3.4 3  9.9  88    0    8 325 -384  2
4212500 3066500  6 17 22  14.5 1004 224  2.7 3  9.6  90    0    0 315 -385  2
4212500 3066500  6 17 23  14.0 1004 232  2.8 2  9.3  90    0    0 308 -385  2
4212500 3066500  6 17 24  12.9 1004 240  2.4 1  8.9  92    0    0 294 -385  2
4212500 3066500  6 18  1  12.5 1003 248  2.2 1  8.5  92    0    0 285 -385  2
4212500 3066500  6 18  2  12.4 1003 248  1.6 1  8.4  92    0    0 283 -383  2
4212500 3066500  6 18  3  12.2 1003 251  1.2 0  8.4  93    0    0 274 -383  2
4212500 3066500  6 18  4  11.7 1003 248  3.2 2  8.3  94    1    6 277 -382  2
4212500 3066500  6 18  5  12.8 1003 257  2.3 3  8.6  95   19   19 292 -383  2
4212500 3066500  6 18  6  14.3 1004 266  2.9 2  9.2  94  145   43 294 -385  2
4212500 3066500  6 18  7  16.2 1004 312  2.1 4  9.8  89  137   94 304 -387  2
4212500 3066500  6 18  8  17.2 1005 285  2.0 4 10.1  84  140  165 321 -392  2
4212500 3066500  6 18  9  17.2 1005 264  2.2 6 10.0  80   16  217 334 -400  2
4212500 3066500  6 18 10  17.7 1005 221  1.3 7  9.8  78    9  244 352 -406  2
4212500 3066500  6 18 11  17.7 1005 209  1.8 7  9.9  77   39  301 359 -410  2
4212500 3066500  6 18 12  18.0 1006 191  1.8 8 10.0  77   81  324 365 -412  2
4212500 3066500  6 18 13  18.2 1006 209  1.2 7 10.2  78   23  293 365 -415  2
4212500 3066500  6 18 14  17.9 1006 231  2.2 7 10.0  77    2  231 361 -418  2
4212500 3066500  6 18 15  18.6 1006 239  1.8 8  9.9  75    7  222 365 -421  2
4212500 3066500  6 18 16  18.6 1006 247  2.2 7 10.2  76   59  230 368 -424  2
4212500 3066500  6 18 17  18.4 1007 314  2.5 7 10.2  76   71  187 364 -424  2
4212500 3066500  6 18 18  17.8 1006 294  2.4 6  9.7  74   71  136 359 -420  2
4212500 3066500  6 18 19  17.7 1006 346  1.4 5  9.2  72   60   83 348 -412  2
4212500 3066500  6 18 20  15.9 1007 306  2.2 5  9.1  76   29   36 339 -403  2
4212500 3066500  6 18 21  15.2 1007 275  3.5 7  9.3  83    0    7 341 -394  2
4212500 3066500  6 18 22  15.0 1008 282  4.3 7  9.5  88    0    0 344 -387  2
4212500 3066500  6 18 23  14.7 1008 263  3.7 6  9.8  92    0    0 339 -382  2
4212500 3066500  6 18 24  14.2 1008 271  3.5 4  9.6  92    0    0 327 -377  2
4212500 3066500  6 19  1  13.3 1008 341  3.3 5  9.2  93    0    0 319 -373  2
4212500 3066500  6 19  2  13.4 1008 277  3.5 6  9.0  93    0    0 322 -371  2
4212500 3066500  6 19  3  13.7 1008 266  4.8 5  9.2  94    0    0 321 -372  2
4212500 3066500  6 19  4  13.7 1009 277  3.0 3  9.4  95    0    1 311 -372  2
4212500 3066500  6 19  5  14.4 1009 284  4.2 3  9.6  95    0    5 303 -371  2
4212500 3066500  6 19  6  15.0 1009 257  2.6 7  9.8  93    0   33 319 -373  2
4212500 3066500  6 19  7  15.7 1011 264  2.9 7 10.1  92   26  127 332 -382  2
4212500 3066500  6 19  8  16.5 1011 273  3.9 7 10.2  89   92  208 333 -397  2
4212500 3066500  6 19  9  17.6 1011 265  4.2 4  9.8  80  425  161 325 -412  2
4212500 3066500  6 19 10  18.2 1012 265  5.1 3  8.9  69  599  141 316 -428  2
4212500 3066500  6 19 11  19.3 1012 251  5.2 2  8.7  64  663  161 316 -441  2
4212500 3066500  6 19 12  19.8 1013 254  5.9 2  9.1  64  685  181 319 -449  2
4212500 3066500  6 19 13  19.7 1013 274  5.2 1  8.9  62  703  178 319 -452  2
4212500 3066500  6 19 14  20.0 1013 281  5.4 1  8.5  59  671  176 318 -451  2
4212500 3066500  6 19 15  20.2 1013 289  3.9 1  8.6  59  611  164 320 -449  2
4212500 3066500  6 19 16  20.1 1013 303  3.2 1  8.8  60  496  161 321 -446  2
4212500 3066500  6 19 17  20.0 1013 293  3.1 1  8.4  58  376  145 319 -438  2
4212500 3066500  6 19 18  20.0 1013 290  1.7 1  8.1  55  244  125 317 -427  2
4212500 3066500  6 19 19  19.6 1013 305  1.2 0  8.3  57  121   95 311 -417  2
4212500 3066500  6 19 20  18.3 1013  96  0.6 1  8.7  63   30   50 308 -406  2
4212500 3066500  6 19 21  15.5 1013  11  0.4 1  8.9  74    0    4 304 -395  2
4212500 3066500  6 19 22  14.2 1013 175  0.6 1  8.8  84    0    0 296 -387  2
4212500 3066500  6 19 23  13.6 1013 128  1.2 1  8.7  88    0    0 291 -384  2
4212500 3066500  6 19 24  12.2 1013   4  0.4 0  8.4  91    0    0 283 -382  2
4212500 3066500  6 20  1  12.3 1013  13  1.5 0  8.2  92    0    0 278 -380  2
4212500 3066500  6 20  2  12.1 1013   5  1.4 0  8.2  93    0    0 278 -378  2
4212500 3066500  6 20  3  11.8 1013 100  1.6 0  8.1  93    0    0 277 -377  2
4212500 3066500  6 20  4  12.2 1013 103  2.0 1  8.2  94    0    1 279 -376  2
4212500 3066500  6 20  5  13.8 1013  86  1.6 1  8.8  94   13   27 284 -376  2
4212500 3066500  6 20  6  16.8 1013 102  2.1 2  9.7  89   83   79 293 -379  2
4212500 3066500  6 20  7  18.3 1014 116  3.4 1  9.8  78  187  122 296 -387  2
4212500 3066500  6 20  8  19.2 1014 127  3.6 2  9.2  68  252  179 296 -400  2
4212500 3066500  6 20  9  20.6 1014 138  3.7 3  9.4  64  401  197 307 -415  2
4212500 3066500  6 20 10  21.6 1014 105  4.1 4  9.6  61  461  245 320 -427  2
4212500 3066500  6 20 11  22.0 1014 103  4.1 5 10.0  61  439  315 332 -437  2
4212500 3066500  6 20 12  22.8 1014  99  4.5 5 10.2  60  541  297 340 -446  2
4212500 3066500  6 20 13  22.7 1013 111  5.4 4 10.3  59  598  272 340 -452  2
4212500 3066500  6 20 14  23.8 1013 111  5.1 3 10.5  58  547  277 339 -453  2
4212500 3066500  6 20 15  23.6 1012 105  4.6 4 10.6  58  415  296 346 -450  2
4212500 3066500  6 20 16  23.5 1012 108  4.6 4 10.8  59  247  290 353 -446  2
4212500 3066500  6 20 17  21.7 1012 105  4.8 6 10.7  62   66  227 360 -439  2
4212500 3066500  6 20 18  20.7 1011  93  3.2 6 10.6  67    3  118 366 -431  2
4212500 3066500  6 20 19  20.3 1011  93  3.0 7 10.5  69    0   31 371 -424  2
4212500 3066500  6 20 20  19.7 1011  98  3.4 8 10.4  71    0    8 380 -418  2
4212500 3066500  6 20 21  19.3 1011 115  3.2 8 10.7  75    0    1 385 -415  2
4212500 3066500  6 20 22  18.9 1011 103  2.3 8 10.8  77    0    0 385 -414  2
4212500 3066500  6 20 23  18.9 1011 136  1.9 8 11.0  80    0    0 385 -413  2
4212500 3066500  6 20 24  19.9 1011 124  2.4 6 11.0  78    0    0 380 -412  2
4212500 3066500  6 21  1  19.8 1011 145  2.5 7 11.0  76    0    0 377 -412  2
4212500 3066500  6 21  2  18.8 1011 142  3.4 6 11.3  80    0    0 375 -412  2
4212500 3066500  6 21  3  18.7 1010 176  2.5 3 11.3  83    0    0 357 -410  2
4212500 3066500  6 21  4  17.0 1010 253  4.0 1 11.1  86    0    6 332 -409  2
4212500 3066500  6 21  5  17.2 1010 252  3.6 3 11.1  90    0   13 326 -408  2
4212500 3066500  6 21  6  17.6 1010 302  5.6 7 11.5  92    0   18 352 -408  2
4212500 3066500  6 21  7  17.9 1010 295  4.9 7 11.8  92    0   46 370 -408  2
4212500 3066500  6 21  8  18.1 1009 307  3.7 6 12.0  92    0   96 367 -408  2
4212500 3066500  6 21  9  18.6 1009 313  4.2 8 12.1  91    0  129 370 -412  2
4212500 3066500  6 21 10  18.7 1009 311  4.3 8 12.1  89    0  188 379 -421  2
4212500 3066500  6 21 11  18.8 1009 297  4.6 8 12.2  89   20  233 379 -434  2
4212500 3066500  6 21 12  19.1 1009 303  2.3 6 12.2  88    0  222 372 -454  2
4212500 3066500  6 21 13  18.7 1009 334  2.3 8 12.1  88    0  204 373 -474  2
4212500 3066500  6 21 14  19.0 1008 338  5.6 7 12.0  87   70  218 377 -475  2
4212500 3066500  6 21 15  18.8 1007 342  4.8 7 11.9  86   15  202 374 -468  2
4212500 3066500  6 21 16  19.1 1007 349  4.8 7 12.0  86    0  110 375 -461  2
4212500 3066500  6 21 17  18.3 1007 340  5.3 8 11.9  87    0   66 378 -452  2
4212500 3066500  6 21 18  17.7 1006 304  5.1 8 11.7  90    0   45 380 -441  2
4212500 3066500  6 21 19  17.3 1006 355  2.9 8 11.7  92    0   36 379 -431  2
4212500 3066500  6 21 20  17.3 1006 332  4.2 8 11.7  93   15   23 381 -425  2
4212500 3066500  6 21 21  16.7 1006 331  5.6 8 11.4  93    0    6 380 -419  2
4212500 3066500  6 21 22  16.5 1005 341  5.6 8 11.1  93    0    0 380 -415  2
4212500 3066500  6 21 23  15.6 1005 338  5.8 8 10.8  93    0    0 376 -413  2
4212500 3066500  6 21 24  15.6 1005 345  5.4 8 10.5  94    0    0 375 -409  2
4212500 3066500  6 22  1  14.5 1004 330  6.2 7 10.2  94    0    0 368 -406  2
4212500 3066500  6 22  2  13.9 1003 279  6.5 7  9.7  95    0    0 362 -404  2
4212500 3066500  6 22  3  13.2 1003 290  8.5 7  9.3  94    0    0 358 -400  2
4212500 3066500  6 22  4  13.1 1003 288  8.7 7  9.0  94    0    1 356 -396  2
4212500 3066500  6 22  5  13.2 1003 301  8.7 7  8.9  93   22   25 356 -394  2
4212500 3066500  6 22  6  13.4 1003 301  8.4 4  8.9  92   44   70 343 -394  2
4212500 3066500  6 22  7  14.0 1003 294  8.1 8  9.0  91    1   86 347 -395  2
4212500 3066500  6 22  8  14.3 1004 285  7.0 8  9.1  89    0  117 366 -398  2
4212500 3066500  6 22  9  15.0 1004 286  8.1 6  8.9  84   39  253 359 -402  2
4212500 3066500  6 22 10  16.2 1004 292  9.3 4  8.6  77  358  257 345 -405  2
4212500 3066500  6 22 11  17.8 1004 301 10.2 5  8.7  71  325  324 348 -409  2
4212500 3066500  6 22 12  17.2 1004 280  8.0 6  8.9  70  118  358 360 -413  2
4212500 3066500  6 22 13  19.0 1005 271 10.3 4  8.8  67  440  306 360 -415  2
4212500 3066500  6 22 14  19.6 1005 274 10.1 4  8.5  60  723  131 357 -420  2
4212500 3066500  6 22 15  19.8 1005 281  8.2 3  8.7  60  616  148 354 -421  2
4212500 3066500  6 22 16  20.1 1004 288  7.6 2  9.0  61  487  155 346 -420  2
4212500 3066500  6 22 17  20.0 1004 276  6.8 1  8.7  59  359  143 336 -419  2
4212500 3066500  6 22 18  19.9 1004 253  5.7 1  8.8  60  247  117 330 -416  2
4212500 3066500  6 22 19  19.0 1004 249  4.4 1  9.2  64  140   87 327 -411  2
4212500 3066500  6 22 20  17.6 1004 249  2.8 3  9.3  70   36   49 328 -405  2
4212500 3066500  6 22 21  15.7 1004 204  2.4 3  9.2  77    0    6 329 -400  2
4212500 3066500  6 22 22  15.6 1004 209  2.5 3  9.1  81    0    0 324 -394  2
4212500 3066500  6 22 23  15.4 1004 212  3.3 3  9.3  83    0    0 319 -391  2
4212500 3066500  6 22 24  14.2 1004 236  3.5 5  9.2  86    0    0 323 -390  2
4212500 3066500  6 23  1  15.1 1004 217  3.1 4  9.3  88    0    0 329 -389  2
4212500 3066500  6 23  2  15.0 1004 200  2.9 6  9.6  89    0    0 338 -389  2
4212500 3066500  6 23  3  14.5 1003 199  3.7 7  9.7  92    0    0 350 -389  2
4212500 3066500  6 23  4  14.2 1003 189  4.4 7  9.7  94    0    1 355 -389  2
4212500 3066500  6 23  5  14.5 1003 211  3.8 6  9.8  95    0   14 352 -390  2
4212500 3066500  6 23  6  14.7 1003 207  3.3 6  9.9  94    0   41 348 -395  2
4212500 3066500  6 23  7  15.4 1003 225  3.9 5 10.1  93   29  121 344 -400  2
4212500 3066500  6 23  8  16.2 1003 226  2.8 7 10.2  90   17  177 351 -403  2
4212500 3066500  6 23  9  17.4 1003 225  3.3 6  9.9  82  130  257 358 -409  2
4212500 3066500  6 23 10  18.0 1003 221  3.0 4  9.8  76  517  161 350 -420  2
4212500 3066500  6 23 11  18.2 1003 179  3.6 8 10.0  76   66  325 364 -428  2
4212500 3066500  6 23 12  15.5 1003 270  3.3 8 10.3  85    7  271 378 -434  2
4212500 3066500  6 23 13  16.7 1003 256  2.0 8 10.3  89    0  214 377 -438  2
4212500 3066500  6 23 14  16.1 1003 206  2.9 7 10.2  86    0  107 373 -439  2
4212500 3066500  6 23 15  15.5 1003 239  5.3 7 10.1  88    3  216 364 -442  2
4212500 3066500  6 23 16  17.8 1003 296  1.8 6 10.1  84   90  255 360 -440  2
4212500 3066500  6 23 17  17.7 1003  92  3.8 6 10.3  80  257  183 358 -437  2
4212500 3066500  6 23 18  17.6 1003 234  4.9 7 10.1  79   88  156 359 -431  2
4212500 3066500  6 23 19  17.0 1004 266  4.1 6  9.7  78   29   97 357 -421  2
4212500 3066500  6 23 20  15.9 1004 245  3.9 3  9.6  81    0   19 340 -418  2
4212500 3066500  6 23 21  14.5 1004 253  3.9 3  9.5  87    0    8 328 -414  2
4212500 3066500  6 23 22  14.1 1005 254  4.3 3  9.4  91    0    0 327 -411  2
4212500 3066500  6 23 23  13.5 1005 247  4.4 2  9.3  94    0    0 320 -407  2
4212500 3066500  6 23 24  13.4 1005 253  4.0 2  9.4  96    0    0 314 -404  2
4212500 3066500  6 24  1  12.8 1005 241  4.0 1  9.1  95    0    0 308 -403  2
4212500 3066500  6 24  2  12.9 1005 235  4.1 2  8.8  94    0    0 304 -403  2
4212500 3066500  6 24  3  12.8 1006 245  2.3 3  8.8  94    0    0 316 -402  2
4212500 3066500  6 24  4  12.5 1006 239  3.1 5  8.7  94    0    0 331 -401  2
4212500 3066500  6 24  5  13.2 1006 259  2.6 4  8.7  94   16   20 336 -402  2
4212500 3066500  6 24  6  14.4 1007 245  3.0 3  9.3  93   42   62 330 -403  2
4212500 3066500  6 24  7  16.0 1008 238  3.3 4  9.9  91   93  112 333 -404  2
4212500 3066500  6 24  8  17.7 1008 237  2.8 6 10.4  86   64  186 351 -406  2
4212500 3066500  6 24  9  17.2 1009 219  3.4 7 10.4  82   66  248 366 -408  2
4212500 3066500  6 24 10  17.2 1009 239  3.2 7 10.2  82  120  299 372 -410  2
4212500 3066500  6 24 11  18.6 1010 257  4.9 8 10.3  80   44  304 377 -417  2
4212500 3066500  6 24 12  17.4 1010 261  4.1 7 10.3  79   23  299 373 -431  2
4212500 3066500  6 24 13  18.9 1010 281  2.8 4 10.5  80  249  321 358 -440  2
4212500 3066500  6 24 14  18.4 1010 283  2.5 3 10.6  78  356  273 343 -441  2
4212500 3066500  6 24 15  19.8 1010 307  4.3 7 10.2  73  355  235 347 -438  2
4212500 3066500  6 24 16  18.8 1010 185  2.0 8 10.0  71   53  235 359 -439  2
4212500 3066500  6 24 17  20.2 1010 237  1.0 5 10.0  70  369  107 352 -440  2
4212500 3066500  6 24 18  18.7 1009 170  1.9 8  9.5  67   52  145 351 -431  2
4212500 3066500  6 24 19  17.3 1009 166  1.3 6  9.9  76    1   70 348 -423  2
4212500 3066500  6 24 20  16.7 1009 131  1.4 5 10.6  87    0   17 335 -416  2
4212500 3066500  6 24 21  16.3 1009 164  1.0 7 10.5  89    0    1 336 -411  2
4212500 3066500  6 24 22  16.1 1010 159  1.1 7 10.3  89    0    0 339 -404  2
4212500 3066500  6 24 23  16.1 1009 152  0.6 7 10.4  90    0    0 340 -398  2
4212500 3066500  6 24 24  15.7 1009 166  1.5 7 10.4  92    0    0 340 -394  2
4212500 3066500  6 25  1  16.3 1009 162  1.9 7 10.5  92    0    0 342 -391  2
4212500 3066500  6 25  2  16.6 1009 162  1.8 6 10.6  90    0    0 340 -390  2
4212500 3066500  6 25  3  15.0 1008  15  0.9 6 10.3  91    0    0 335 -389  2
4212500 3066500  6 25  4  15.6 1008 159  1.2 7 10.2  93    0    0 340 -389  2
4212500 3066500  6 25  5  16.0 1007   3  0.8 7 10.5  93    0   15 347 -390  2
4212500 3066500  6 25  6  16.9 1006 168  1.1 7 10.8  91    2   48 350 -394  2
4212500 3066500  6 25  7  18.1 1006 155  1.6 6 11.0  87   10  111 348 -402  2
4212500 3066500  6 25  8  19.2 1006 169  2.2 5 10.9  80  125  189 342 -412  2
4212500 3066500  6 25  9  21.2 1006 135  2.1 5 11.0  73  234  235 345 -423  2
4212500 3066500  6 25 10  20.9 1005 155  2.5 7 10.8  68   29  282 360 -435  2
4212500 3066500  6 25 11  21.6 1004 153  2.3 7 10.6  66   26  296 371 -445  2
4212500 3066500  6 25 12  20.8 1004 130  2.4 8 10.6  66    0  192 378 -453  2
4212500 3066500  6 25 13  20.3 1003 102  1.7 7 10.9  71   14  295 380 -454  2
4212500 3066500  6 25 14  22.0 1002  99  2.7 6 11.4  71   64  324 381 -452  2
4212500 3066500  6 25 15  22.7 1002  97  3.3 4 10.8  63  323  278 377 -450  2
4212500 3066500  6 25 16  23.4 1000 102  3.2 3 10.3  58  323  226 370 -448  2
4212500 3066500  6 25 17  21.2 1000  83  3.4 5 10.7  63   20  189 369 -444  2
4212500 3066500  6 25 18  18.1  999  38  2.7 5 11.1  76    9  132 365 -436  2
4212500 3066500  6 25 19  18.1  998  75  3.7 7 11.2  84    0   33 366 -427  2
4212500 3066500  6 25 20  17.8  998  89  1.5 8 11.4  87    0   11 377 -422  2
4212500 3066500  6 25 21  17.8  997 142  1.2 8 11.5  89    0    0 382 -419  2
4212500 3066500  6 25 22  18.2  997 157  2.6 8 11.8  89    0    0 383 -416  2
4212500 3066500  6 25 23  17.8  996  39  1.7 7 11.9  90    0    0 379 -414  2
4212500 3066500  6 25 24  17.5  995 212  7.2 6 11.6  90    0    0 370 -413  2
4212500 3066500  6 26  1  17.4  994 221  5.1 7 11.3  89    0    0 369 -409  2
4212500 3066500  6 26  2  16.5  994 251  5.6 8 10.7  87    0    0 373 -404  2
4212500 3066500  6 26  3  15.3  993 248  6.4 8  9.9  85    0    0 372 -401  2
4212500 3066500  6 26  4  14.4  993 229  4.2 8  9.4  87    0    0 369 -398  2
4212500 3066500  6 26  5  13.8  993 247  5.2 8  8.9  87    1   16 366 -396  2
4212500 3066500  6 26  6  13.4  993 227  4.4 6  8.6  86    0   32 354 -396  2
4212500 3066500  6 26  7  13.1  993 239  5.4 7  8.3  86    0   37 348 -397  2
4212500 3066500  6 26  8  13.5  992 229  4.6 8  8.3  85    0   84 359 -398  2
4212500 3066500  6 26  9  14.0  992 220  4.3 6  8.5  85   56  250 353 -403  2
4212500 3066500  6 26 10  16.5  991 206  4.1 3  8.4  76  618   88 331 -408  2
4212500 3066500  6 26 11  18.0  991 185  4.4 4  8.3  66  487  219 329 -407  2
4212500 3066500  6 26 12  18.1  990 184  4.0 6  8.4  63  104  340 346 -403  2
4212500 3066500  6 26 13  18.4  989 195  4.6 6  8.2  61   73  337 355 -402  2
4212500 3066500  6 26 14  17.7  988 201  5.5 6  8.3  63   28  294 356 -398  2
4212500 3066500  6 26 15  18.1  988 175  4.7 3  8.6  65  435  215 346 -393  2
4212500 3066500  6 26 16  17.6  987 206  4.8 5  8.6  65  177  250 345 -399  2
4212500 3066500  6 26 17  13.8  986 239  7.2 7  8.9  77    0  101 357 -404  2
4212500 3066500  6 26 18  13.7  985 219  5.5 7  9.2  91    0   60 361 -403  2
4212500 3066500  6 26 19  13.7  985 202  7.1 8  9.2  91    0   28 367 -399  2
4212500 3066500  6 26 20  13.9  984 214  8.0 8  9.3  92    0   18 372 -395  2
4212500 3066500  6 26 21  13.5  984 219  8.8 8  9.3  92    0    1 371 -393  2
4212500 3066500  6 26 22  12.9  985 259 11.5 8  9.1  93    0    0 370 -391  2
4212500 3066500  6 26 23  12.7  986 276  8.2 7  9.1  95    0    0 361 -390  2
4212500 3066500  6 26 24  13.0  986 256  9.9 7  9.0  94    0    0 355 -389  2
4212500 3066500  6 27  1  13.1  986 257  8.1 7  8.8  92    0    0 356 -389  2
4212500 3066500  6 27  2  12.5  985 240  6.4 7  8.6  91    0    0 355 -387  2
4212500 3066500  6 27  3  12.6  985 225  7.3 7  8.6  92    0    0 355 -386  2
4212500 3066500  6 27  4  12.1  986 230  8.3 7  8.5  92    0    0 354 -388  2
4212500 3066500  6 27  5  12.0  986 240  8.4 7  8.3  92    0    6 353 -393  2
4212500 3066500  6 27  6  11.8  986 224 10.0 8  8.2  92    0   19 356 -396  2
4212500 3066500  6 27  7  11.6  985 234 11.2 8  8.2  92    0   41 360 -396  2
4212500 3066500  6 27  8  11.6  986 241 13.4 8  8.0  91    0   71 358 -395  2
4212500 3066500  6 27  9  11.0  987 233 13.2 7  7.7  90    0  109 350 -394  2
4212500 3066500  6 27 10  10.9  987 232 13.9 7  7.5  90    0  177 342 -395  2
4212500 3066500  6 27 11  11.0  988 231 14.6 6  7.5  89   10  263 338 -395  2
4212500 3066500  6 27 12  10.8  988 232 15.0 8  7.4  89    0  214 342 -394  2
4212500 3066500  6 27 13  10.8  988 232 14.0 7  7.3  89    0  228 345 -396  2
4212500 3066500  6 27 14  10.7  989 243 17.6 7  7.3  89    2  240 341 -398  2
4212500 3066500  6 27 15  10.4  990 251 16.6 7  7.2  88    0  174 338 -399  2
4212500 3066500  6 27 16  10.3  991 253 17.4 7  7.0  88    0  166 336 -401  2
4212500 3066500  6 27 17  10.4  991 255 17.0 7  7.1  88    0  143 334 -398  2
4212500 3066500  6 27 18  10.5  992 256 15.3 7  7.1  88    0   76 332 -395  2
4212500 3066500  6 27 19  10.5  992 253 15.1 8  7.1  88    0   25 334 -393  2
4212500 3066500  6 27 20  10.6  992 259 14.5 8  7.1  87    0    8 337 -389  2
4212500 3066500  6 27 21  10.7  992 265 14.5 8  7.1  87    0    1 336 -385  2
4212500 3066500  6 27 22  10.9  993 272 14.2 8  7.1  86    0    0 337 -383  2
4212500 3066500  6 27 23  11.7  994 254 12.2 7  7.4  85    0    0 338 -382  2
4212500 3066500  6 27 24  12.7  995 222  9.9 6  7.7  84    0    0 338 -381  2
4212500 3066500  6 28  1  13.8 1011 180  6.5 6  8.2  82    0    0 313 -403  2
4212500 3066500  6 28  2  14.8 1011 141  3.9 5  8.7  82    0    0 311 -403  2
4212500 3066500  6 28  3  15.6 1011 112  2.4 6  9.2  83    0    0 328 -403  2
4212500 3066500  6 28  4  15.8 1011 111  2.3 6  9.5  85    0    0 344 -401  2
4212500 3066500  6 28  5  16.3 1011 119  2.2 6  9.8  86    0    5 350 -400  2
4212500 3066500  6 28  6  16.8 1011 125  1.7 7 10.4  88   74   37 353 -404  2
4212500 3066500  6 28  7  17.8 1011 116  2.7 4 10.5  84  167   71 340 -412  2
4212500 3066500  6 28  8  18.1 1011 114  2.8 5 10.6  82  236   68 332 -421  2
4212500 3066500  6 28  9  18.3 1011 137  2.3 6 10.7  81   63  211 344 -425  2
4212500 3066500  6 28 10  18.7 1011 138  2.2 7 10.7  80   26  249 356 -431  2
4212500 3066500  6 28 11  18.4 1012 136  1.4 7 11.0  82    2  237 364 -443  2
4212500 3066500  6 28 12  18.2 1012 272  2.8 7 11.3  85    0  153 365 -449  2
4212500 3066500  6 28 13  17.7 1013 278  4.2 7 11.4  88    0  196 367 -446  2
4212500 3066500  6 28 14  17.5 1013 154  2.3 6 11.3  89    0  182 361 -443  2
4212500 3066500  6 28 15  17.4 1013 108  2.0 7 11.3  90    0  138 361 -439  2
4212500 3066500  6 28 16  17.7 1013 126  1.6 7 11.8  94    0  147 364 -432  2
4212500 3066500  6 28 17  17.8 1014 145  1.3 7 12.2  95    2  140 365 -427  2
4212500 3066500  6 28 18  17.8 1014 149  1.4 8 12.1  95    2  107 368 -424  2
4212500 3066500  6 28 19  18.1 1014 266  1.3 8 12.2  94    0   34 373 -421  2
4212500 3066500  6 28 20  17.4 1014 253  1.5 7 12.1  95    0   14 368 -417  2
4212500 3066500  6 28 21  16.9 1015 245  2.0 7 11.8  96    0    5 361 -413  2
4212500 3066500  6 28 22  17.1 1015 254  3.1 7 11.7  96    0    0 359 -409  2
4212500 3066500  6 28 23  17.0 1015 266  2.7 7 11.7  96    0    0 358 -405  2
4212500 3066500  6 28 24  17.0 1015 262  4.1 5 11.7  97    0    0 352 -402  2
4212500 3066500  6 29  1  16.5 1016 258  4.2 8 11.5  96    0    0 356 -399  2
4212500 3066500  6 29  2  16.0 1015 270  6.0 8 11.1  96    0    0 368 -397  2
4212500 3066500  6 29  3  15.5 1015 273  5.2 8 10.8  96    0    0 367 -395  2
4212500 3066500  6 29  4  14.9 1015 276  5.1 7 10.3  96    0    0 360 -394  2
4212500 3066500  6 29  5  14.5 1016 274  4.8 5 10.0  96   24   31 347 -392  2
4212500 3066500  6 29  6  15.1 1016 266  3.5 3 10.0  95   96   75 331 -393  2
4212500 3066500  6 29  7  16.5 1017 277  4.6 1 10.2  90  198  114 317 -400  2
4212500 3066500  6 29  8  17.0 1017 280  4.9 2 10.2  86  325  143 316 -411  2
4212500 3066500  6 29  9  17.7 1018 296  4.2 1 10.0  81  430  174 320 -423  2
4212500 3066500  6 29 10  18.5 1018 290  5.5 2  9.8  76  495  218 324 -435  2
4212500 3066500  6 29 11  18.9 1019 272  4.7 3  9.6  72  300  361 334 -445  2
4212500 3066500  6 29 12  20.3 1019 280  4.8 5  9.9  70  150  404 351 -449  2
4212500 3066500  6 29 13  20.0 1019 271  5.4 5 10.2  70  257  407 361 -449  2
4212500 3066500  6 29 14  21.4 1019 268  4.8 6 10.2  67  169  389 366 -448  2
4212500 3066500  6 29 15  21.5 1019 276  2.9 5 10.2  64  137  351 368 -453  2
4212500 3066500  6 29 16  22.1 1019 275  3.3 2 10.0  62  317  275 356 -459  2
4212500 3066500  6 29 17  22.1 1019 288  2.5 2  9.9  60  259  220 347 -456  2
4212500 3066500  6 29 18  21.3 1019 260  2.6 2  9.9  61  196  158 346 -448  2
4212500 3066500  6 29 19  21.6 1019 269  2.4 2 10.1  63  111  104 344 -441  2
4212500 3066500  6 29 20  19.3 1019 138  1.4 2 10.5  70   28   53 341 -432  2
4212500 3066500  6 29 21  17.8 1019 149  1.2 2 10.6  80    0    9 334 -422  2
4212500 3066500  6 29 22  16.3 1018 163  1.1 3 10.3  85    0    0 332 -414  2
4212500 3066500  6 29 23  15.7 1018 187  1.7 3 10.1  89    0    0 330 -409  2
4212500 3066500  6 29 24  14.8 1018 196  2.0 2 10.0  93    0    0 324 -405  2
4212500 3066500  6 30  1  15.4 1019 212  2.8 2 10.1  95    0    0 321 -401  2
4212500 3066500  6 30  2  15.3 1018 208  2.9 2 10.3  95    0    0 322 -398  2
4212500 3066500  6 30  3  16.0 1018 208  2.8 4 10.5  95    0    0 331 -396  2
4212500 3066500  6 30  4  15.2 1018 208  2.7 5 10.6  96    0    0 342 -395  2
4212500 3066500  6 30  5  16.5 1018 200  2.6 6 10.9  96    0    5 352 -394  2
4212500 3066500  6 30  6  17.0 1018 210  2.0 6 11.5  96    0   26 361 -397  2
4212500 3066500  6 30  7  18.4 1019 208  2.1 7 11.6  92    0   76 370 -405  2
4212500 3066500  6 30  8  19.9 1019 199  2.6 7 11.5  83   25  193 379 -417  2
4212500 3066500  6 30  9  22.0 1019 173  3.1 6 11.4  74  189  256 383 -430  2
4212500 3066500  6 30 10  22.9 1019 182  3.3 4 11.4  67  491  192 380 -439  2
4212500 3066500  6 30 11  24.2 1019 161  3.4 4 11.1  61  485  252 382 -439  2
4212500 3066500  6 30 12  24.0 1018 170  3.0 6 10.8  58  200  384 389 -435  2
4212500 3066500  6 30 13  24.9 1018 171  3.3 6 10.8  56  157  376 396 -438  2
4212500 3066500  6 30 14  24.7 1018 179  3.4 8 11.0  56   57  328 401 -447  2
4212500 3066500  6 30 15  24.0 1017 169  3.5 8 11.4  60   23  270 404 -446  2
4212500 3066500  6 30 16  24.4 1017 129  2.7 7 11.3  60  147  288 401 -438  2
4212500 3066500  6 30 17  24.0 1016 122  2.7 4 10.9  58  196  223 388 -438  2
4212500 3066500  6 30 18  21.7 1015 108  2.1 5 11.0  63  131  163 375 -438  2
4212500 3066500  6 30 19  20.6 1015 117  3.4 5 11.1  71   64   98 372 -428  2
4212500 3066500  6 30 20  19.5 1015 121  3.5 5 11.2  76   39   50 366 -422  2
4212500 3066500  6 30 21  19.1 1014 110  2.5 6 11.3  80    0    4 366 -417  2
4212500 3066500  6 30 22  19.6 1014 192  6.0 6 11.6  82    0    0 369 -414  2
4212500 3066500  6 30 23  17.3 1014 293  5.6 7 11.2  84    0    0 369 -410  2
4212500 3066500  6 30 24  16.8 1014 318  4.0 8 10.7  88    0    0 372 -406  2
4212500 3066500  7  1  1  16.2 1014 326  3.0 8 11.0  95    0    0 373 -402  2
4212500 3066500  7  1  2  15.9 1014 281  3.5 8 10.9  96    0    0 376 -402  2
4212500 3066500  7  1  3  16.1 1014 270  4.9 8 11.0  96    0    0 377 -402  2
4212500 3066500  7  1  4  16.2 1014 271  3.8 8 11.1  96    0    0 378 -401  2
4212500 3066500  7  1  5  16.4 1014 270  5.7 8 11.2  96    0    5 379 -397  2
4212500 3066500  7  1  6  16.2 1014 285  7.3 8 11.2  96    0   16 379 -396  2
4212500 3066500  7  1  7  15.5 1014 285  7.0 8 10.8  95    0   55 377 -400  2
4212500 3066500  7  1  8  15.5 1015 291  7.1 8 10.2  93    2  136 375 -404  2
4212500 3066500  7  1  9  16.8 1015 282  7.4 7  9.9  86   77  262 373 -409  2
4212500 3066500  7  1 10  17.7 1017 277  7.3 6  9.7  79  199  302 368 -415  2
4212500 3066500  7  1 11  18.5 1017 282  9.2 6  9.6  74  267  328 365 -422  2
4212500 3066500  7  1 12  18.9 1017 274  7.8 5  9.6  72  342  332 362 -429  2
4212500 3066500  7  1 13  18.9 1018 281  7.8 3  9.7  71  416  306 353 -430  2
4212500 3066500  7  1 14  19.6 1018 271 10.1 2  9.7  70  447  274 346 -430  2
4212500 3066500  7  1 15  19.7 1018 275  9.5 3  9.8  69  318  293 348 -431  2
4212500 3066500  7  1 16  19.7 1018 275  9.4 3  9.7  68  319  233 350 -426  2
4212500 3066500  7  1 17  19.2 1018 286  9.6 5  9.2  65  185  213 354 -421  2
4212500 3066500  7  1 18  19.1 1018 270  9.5 4  8.9  64  148  152 356 -419  2
4212500 3066500  7  1 19  17.9 1018 279  8.8 3  9.3  70   85   97 346 -415  2
4212500 3066500  7  1 20  17.2 1018 269  6.0 1  9.6  77   31   49 331 -410  2
4212500 3066500  7  1 21  16.8 1018 286  8.4 3  9.7  81    0    8 327 -403  2
4212500 3066500  7  1 22  15.6 1018 277  6.0 4  9.2  80    0    0 334 -398  2
4212500 3066500  7  1 23  15.0 1019 282  6.5 3  8.4  78    0    0 328 -395  2
4212500 3066500  7  1 24  14.8 1019 294  5.1 4  8.2  78    0    0 326 -393  2
4212500 3066500  7  2  1  14.9 1020 295  5.1 8  8.3  79    0    0 347 -390  2
4212500 3066500  7  2  2  14.7 1020 295  5.1 8  8.2  78    0    0 364 -388  2
4212500 3066500  7  2  3  14.6 1020 293  4.9 7  8.1  78    0    0 359 -386  2
4212500 3066500  7  2  4  14.4 1020 299  5.4 6  8.1  80    0    0 350 -385  2
4212500 3066500  7  2  5  14.5 1020 299  5.5 6  8.3  81    0    5 344 -388  2
4212500 3066500  7  2  6  14.6 1020 311  5.5 5  8.4  82   29   47 339 -391  2
4212500 3066500  7  2  7  14.6 1020 305  6.7 4  8.1  79   76   89 330 -394  2
4212500 3066500  7  2  8  15.6 1021 306  7.5 4  7.9  74  262   74 328 -397  2
4212500 3066500  7  2  9  15.8 1021 300  7.2 5  7.9  72  178  189 337 -401  2
4212500 3066500  7  2 10  15.7 1021 298  7.2 6  7.9  71   49  275 348 -408  2
4212500 3066500  7  2 11  16.0 1022 298  7.5 7  7.8  70   27  296 358 -415  2
4212500 3066500  7  2 12  16.1 1022 290  7.7 8  7.9  70    7  274 369 -422  2
4212500 3066500  7  2 13  16.0 1022 291  8.5 8  8.0  71    9  276 373 -430  2
4212500 3066500  7  2 14  16.4 1022 295  7.3 8  8.3  72   29  288 375 -438  2
4212500 3066500  7  2 15  16.9 1022 279  7.3 7  8.4  71   72  271 372 -441  2
4212500 3066500  7  2 16  17.4 1022 294  6.9 5  8.3  69  345  135 360 -441  2
4212500 3066500  7  2 17  17.8 1022 286  6.1 2  8.4  67  415   85 341 -440  2
4212500 3066500  7  2 18  17.6 1022 283  5.3 2  8.2  66  303   56 327 -435  2
4212500 3066500  7  2 19  17.2 1022 288  6.5 2  8.2  67  170   47 327 -426  2
4212500 3066500  7  2 20  16.1 1022 280  3.9 1  8.4  72   63   29 321 -417  2
4212500 3066500  7  2 21  14.6 1022 285  3.0 0  8.7  80    3    8 309 -410  2
4212500 3066500  7  2 22  13.2 1022 254  2.9 1  8.8  89    0    0 305 -405  2
4212500 3066500  7  2 23  12.5 1022 244  2.9 1  8.7  94    0    0 306 -404  2
4212500 3066500  7  2 24  12.2 1022 254  3.2 1  8.5  96    0    0 305 -404  2
4212500 3066500  7  3  1  12.3 1022 265  2.9 2  8.4  95    0    0 308 -401  2
4212500 3066500  7  3  2  12.5 1022 276  2.8 0  8.6  96    0    0 305 -399  2
4212500 3066500  7  3  3  12.2 1022 282  2.4 0  8.6  97    0    0 297 -397  2
4212500 3066500  7  3  4  12.4 1022 298  1.8 0  8.6  97    0    0 297 -394  2
4212500 3066500  7  3  5  13.8 1022 316  1.5 0  9.0  96    8   20 300 -394  2
4212500 3066500  7  3  6  15.7 1022 337  1.2 0 10.0  96   88   61 305 -395  2
4212500 3066500  7  3  7  17.7 1022 342  1.4 0 10.4  88  238   76 309 -402  2
4212500 3066500  7  3  8  19.2 1022 325  1.2 0  9.9  75  387   82 314 -412  2
4212500 3066500  7  3  9  20.3 1023 229  1.2 0  9.4  66  518   90 318 -424  2
4212500 3066500  7  3 10  21.8 1023 133  1.4 0  9.4  61  628   98 326 -433  2
4212500 3066500  7  3 11  21.9 1023 104  2.1 0  9.6  59  724   95 334 -438  2
4212500 3066500  7  3 12  22.3 1023 139  2.3 0  9.6  58  755  111 341 -443  2
4212500 3066500  7  3 13  22.4 1023  52  3.2 0  9.8  58  734  133 346 -447  2
4212500 3066500  7  3 14  21.9 1023  39  3.4 0  9.7  59  679  148 346 -449  2
4212500 3066500  7  3 15  21.9 1022  50  3.2 0  9.8  60  624  138 345 -450  2
4212500 3066500  7  3 16  21.2 1022  60  3.7 0  9.5  59  530  129 342 -447  2
4212500 3066500  7  3 17  20.8 1022  55  3.9 1  8.7  57  392  128 340 -440  2
4212500 3066500  7  3 18  20.1 1022  55  3.3 1  8.5  57  251  115 339 -431  2
4212500 3066500  7  3 19  19.5 1022  58  3.0 0  8.3  58  130   89 334 -423  2
4212500 3066500  7  3 20  18.1 1021  57  2.2 1  8.6  64   40   51 330 -416  2
4212500 3066500  7  3 21  15.2 1020  59  1.5 0  9.0  76    2    9 323 -409  2
4212500 3066500  7  3 22  14.0 1020  81  1.5 1  9.1  88    0    0 316 -404  2
4212500 3066500  7  3 23  12.5 1020  93  1.2 1  9.0  95    0    0 311 -403  2
4212500 3066500  7  3 24  12.6 1020  19  0.7 0  8.6  96    0    0 305 -404  2
4212500 3066500  7  4  1  11.3 1020  34  1.4 0  8.5  97    0    0 300 -404  2
4212500 3066500  7  4  2  12.0 1019  50  1.9 0  8.5 100    0    0 300 -403  2
4212500 3066500  7  4  3  11.9 1019  44  1.6 0  8.7 100    0    0 301 -401  2
4212500 3066500  7  4  4  12.5 1019  56  1.4 0  8.8 100    0    0 301 -398  2
4212500 3066500  7  4  5  14.1 1019  69  2.1 0  9.5 100   12   24 306 -398  2
4212500 3066500  7  4  6  17.1 1019  87  2.7 0 10.2  92   94   63 313 -402  2
4212500 3066500  7  4  7  18.7 1020 108  3.6 0 10.3  80  229   82 322 -409  2
4212500 3066500  7  4  8  20.0 1020  96  4.6 0 10.4  74  367   95 327 -420  2
4212500 3066500  7  4  9  21.9 1020  80  4.7 0 10.6  69  500  104 332 -430  2
4212500 3066500  7  4 10  21.4 1020  87  4.9 0 10.8  67  619  108 337 -440  2
4212500 3066500  7  4 11  22.3 1019  95  6.1 0 10.9  67  701  114 340 -449  2
4212500 3066500  7  4 12  22.0 1019  68  5.2 0 10.8  65  760  113 344 -456  2
4212500 3066500  7  4 13  22.0 1019  61  5.3 0 11.0  66  749  128 346 -460  2
4212500 3066500  7  4 14  22.2 1019  68  6.0 1 11.0  66  675  155 353 -462  2
4212500 3066500  7  4 15  21.8 1018  84  5.5 0 11.1  67  608  152 354 -461  2
4212500 3066500  7  4 16  21.3 1018  67  5.6 0 11.3  70  512  143 346 -457  2
4212500 3066500  7  4 17  21.0 1018  65  5.5 0 11.3  72  379  137 343 -451  2
4212500 3066500  7  4 18  21.5 1017  88  5.1 0 10.8  68  243  121 340 -443  2
4212500 3066500  7  4 19  20.7 1017  94  4.5 0 10.3  66  124   92 336 -435  2
4212500 3066500  7  4 20  19.3 1017  87  4.2 2 10.1  69   39   51 338 -427  2
4212500 3066500  7  4 21  17.4 1017  79  4.1 2  9.9  75    1    9 339 -419  2
4212500 3066500  7  4 22  16.8 1017  77  3.0 1  9.9  81    0    0 331 -414  2
4212500 3066500  7  4 23  16.1 1016  76  3.0 0 10.0  86    0    0 322 -411  2
4212500 3066500  7  4 24  14.5 1016  68  2.4 0 10.0  92    0    0 314 -409  2
4212500 3066500  7  5  1  14.7 1016  63  3.4 1 10.1  97    0    0 315 -408  2
4212500 3066500  7  5  2  14.3 1016  70  2.4 1 10.2  99    0    0 318 -407  2
4212500 3066500  7  5  3  14.3 1016  80  2.3 1 10.2 100    0    0 318 -407  2
4212500 3066500  7  5  4  13.9 1015  74  2.6 1 10.1 100    0    0 318 -408  2
4212500 3066500  7  5  5  14.3 1015  86  2.4 0 10.1 100   12   23 315 -408  2
4212500 3066500  7  5  6  17.4 1015  74  2.7 0 11.1  98   90   64 319 -411  2
4212500 3066500  7  5  7  20.2 1016  98  2.6 0 12.0  88  220   87 329 -419  2
4212500 3066500  7  5  8  22.3 1016 100  3.4 0 12.2  77  355  102 337 -431  2
4212500 3066500  7  5  9  24.0 1016 105  3.7 0 12.6  71  489  112 345 -443  2
4212500 3066500  7  5 10  24.2 1016  73  4.5 0 12.8  68  598  121 349 -455  2
4212500 3066500  7  5 11  24.2 1017  72  4.4 1 12.9  68  664  138 356 -464  2
4212500 3066500  7  5 12  25.3 1017  88  4.3 1 13.2  67  704  150 364 -470  2
4212500 3066500  7  5 13  25.5 1016  99  4.0 2 13.0  64  685  172 373 -474  2
4212500 3066500  7  5 14  25.5 1016  98  4.5 2 12.5  61  652  172 379 -475  2
4212500 3066500  7  5 15  25.0 1016  67  4.5 1 12.4  61  572  176 374 -472  2
4212500 3066500  7  5 16  24.8 1016  75  4.0 0 12.5  63  477  165 366 -468  2
4212500 3066500  7  5 17  23.8 1015  68  5.0 0 12.6  66  357  149 359 -461  2
4212500 3066500  7  5 18  22.9 1015  77  4.0 0 12.4  69  231  127 352 -451  2
4212500 3066500  7  5 19  22.1 1015  93  3.5 0 12.2  71  112   96 347 -442  2
4212500 3066500  7  5 20  20.9 1015  91  2.4 1 11.9  74   33   51 343 -433  2
4212500 3066500  7  5 21  19.2 1015  99  2.6 1 11.8  80    1    8 339 -425  2
4212500 3066500  7  5 22  17.3 1016  78  2.2 1 11.8  90    0    0 331 -419  2
4212500 3066500  7  5 23  16.4 1016  89  1.9 1 11.7  98    0    0 327 -416  2
4212500 3066500  7  5 24  15.7 1015  96  2.3 0 11.4 100    0    0 322 -415  2
4212500 3066500  7  6  1  15.3 1014  70  1.8 0 11.0 100    0    0 315 -414  2
4212500 3066500  7  6  2  15.8 1014  70  1.9 0 11.1 100    0    0 315 -413  2
4212500 3066500  7  6  3  16.1 1014  67  2.1 0 11.3 100    0    0 317 -412  2
4212500 3066500  7  6  4  15.1 1014  66  1.9 0 11.1 100    0    0 317 -412  2
4212500 3066500  7  6  5  16.6 1014  59  1.8 0 11.2  99    5   19 319 -413  2
4212500 3066500  7  6  6  18.6 1015  62  2.4 0 12.3  97   58   69 326 -417  2
4212500 3066500  7  6  7  20.7 1015  59  2.4 0 13.1  91  179  102 333 -425  2
4212500 3066500  7  6  8  22.4 1015  51  2.4 0 13.5  84  315  123 341 -438  2
4212500 3066500  7  6  9  23.6 1015  54  3.5 0 13.9  79  444  140 350 -451  2
4212500 3066500  7  6 10  25.6 1015  78  3.7 0 13.9  72  546  157 360 -464  2
4212500 3066500  7  6 11  26.3 1015  85  3.8 0 13.8  66  619  172 366 -474  2
4212500 3066500  7  6 12  26.9 1015 109  3.5 1 13.7  63  641  198 372 -480  2
4212500 3066500  7  6 13  27.2 1015  92  4.1 1 13.6  60  632  213 377 -481  2
4212500 3066500  7  6 14  27.5 1014  91  3.5 1 13.4  59  613  204 378 -480  2
4212500 3066500  7  6 15  27.5 1014  85  3.6 1 13.4  58  542  201 377 -476  2
4212500 3066500  7  6 16  26.2 1013  85  3.6 1 13.5  60  427  200 374 -470  2
4212500 3066500  7  6 17  25.3 1013  78  3.6 1 13.7  66  318  175 368 -462  2
4212500 3066500  7  6 18  25.5 1012  88  3.5 0 13.6  66  205  141 363 -453  2
4212500 3066500  7  6 19  23.7 1012  78  2.7 0 12.9  66   97  101 354 -443  2
4212500 3066500  7  6 20  22.6 1012  81  2.6 1 12.8  71   28   51 350 -435  2
4212500 3066500  7  6 21  21.1 1011  78  2.6 1 12.7  77    0    9 345 -429  2
4212500 3066500  7  6 22  20.5 1011  84  2.8 1 12.6  81    0    0 339 -425  2
4212500 3066500  7  6 23  20.4 1011  84  3.6 1 12.7  83    0    0 335 -423  2
4212500 3066500  7  6 24  20.4 1011  78  2.0 0 12.7  84    0    0 328 -423  2
4212500 3066500  7  7  1  20.1 1010  78  2.7 0 12.9  86    0    0 323 -424  2
4212500 3066500  7  7  2  19.3 1010  99  1.8 0 13.2  91    0    0 319 -426  2
4212500 3066500  7  7  3  18.6 1010 105  2.3 0 13.1  94    0    0 317 -427  2
4212500 3066500  7  7  4  18.1 1010  92  2.5 1 12.8  96    0    0 327 -427  2
4212500 3066500  7  7  5  18.5 1009  72  4.5 2 12.8  96    3   15 337 -426  2
4212500 3066500  7  7  6  21.1 1008 115  3.8 2 13.4  92   53   64 346 -424  2
4212500 3066500  7  7  7  22.8 1008 120  4.4 3 13.8  82  138  106 358 -425  2
4212500 3066500  7  7  8  24.6 1008  97  4.7 2 13.3  72  254  137 361 -427  2
4212500 3066500  7  7  9  24.9 1007 105  4.5 3 13.0  66  414  137 368 -432  2
4212500 3066500  7  7 10  26.0 1007  99  4.9 3 12.9  62  519  157 378 -444  2
4212500 3066500  7  7 11  26.5 1007 114  5.2 3 13.1  60  593  173 384 -453  2
4212500 3066500  7  7 12  27.8 1007 104  5.3 3 13.1  58  625  189 390 -455  2
4212500 3066500  7  7 13  28.0 1006  96  6.5 4 12.7  53  507  266 398 -454  2
4212500 3066500  7  7 14  28.4 1006  90  5.7 3 12.8  53  472  267 403 -448  2
4212500 3066500  7  7 15  25.9 1005  90  5.1 5 13.0  57  149  327 403 -442  2
4212500 3066500  7  7 16  26.4 1005  93  5.3 5 12.9  60   73  277 405 -444  2
4212500 3066500  7  7 17  24.9 1005  85  4.9 4 12.9  62  130  227 401 -448  2
4212500 3066500  7  7 18  24.7 1004  93  3.7 6 13.2  66   22  158 398 -445  2
4212500 3066500  7  7 19  23.7 1004  86  2.7 5 13.2  69   29  103 396 -439  2
4212500 3066500  7  7 20  22.1 1004  66  1.6 5 13.2  74   25   46 387 -434  2
4212500 3066500  7  7 21  21.4 1004  63  2.7 6 13.2  80    1    8 387 -430  2
4212500 3066500  7  7 22  20.5 1004 104  1.3 6 13.2  84    0    0 385 -425  2
4212500 3066500  7  7 23  20.2 1004  78  2.0 6 13.2  87    0    0 381 -420  2
4212500 3066500  7  7 24  20.9 1004  73  2.7 5 13.2  86    0    0 376 -417  2
4212500 3066500  7  8  1  19.9 1003  83  2.6 5 13.2  87    0    0 374 -414  2
4212500 3066500  7  8  2  20.8 1003  99  3.2 5 13.5  89    0    0 375 -413  2
4212500 3066500  7  8  3  21.6 1002 108  3.4 6 13.7  85    0    0 381 -412  2
4212500 3066500  7  8  4  20.6 1002  66  2.6 5 13.4  84    0    0 381 -410  2
4212500 3066500  7  8  5  20.4 1001  78  3.4 5 13.4  88    0    4 375 -409  2
4212500 3066500  7  8  6  21.4 1001  79  3.7 6 13.7  87    5   57 379 -410  2
4212500 3066500  7  8  7  22.9 1001  86  3.5 3 13.7  81   64  154 377 -416  2
4212500 3066500  7  8  8  24.0 1001 108  4.4 2 13.7  74  151  236 365 -425  2
4212500 3066500  7  8  9  23.9 1001 114  4.9 2 13.5  71  228  305 363 -437  2
4212500 3066500  7  8 10  24.7 1001 111  3.9 2 13.7  70  277  369 366 -450  2
4212500 3066500  7  8 11  25.2 1001 114  4.8 2 14.1  70  336  411 371 -459  2
4212500 3066500  7  8 12  25.1 1001 151  4.6 3 14.2  69  258  463 378 -465  2
4212500 3066500  7  8 13  25.1 1002 135  4.7 3 14.1  69  176  468 382 -470  2
4212500 3066500  7  8 14  24.5 1002 186  4.2 3 13.7  69  169  450 382 -469  2
4212500 3066500  7  8 15  23.9 1002 199  5.1 5 13.2  69   87  377 387 -461  2
4212500 3066500  7  8 16  22.4 1003 215  6.9 7 13.0  72   53  306 397 -450  2
4212500 3066500  7  8 17  21.3 1003 234  6.4 7 12.7  76   15  221 399 -439  2
4212500 3066500  7  8 18  20.7 1003 252  6.2 8 12.6  80    0  119 400 -432  2
4212500 3066500  7  8 19  20.0 1004 263  7.5 8 12.7  83    0   78 401 -429  2
4212500 3066500  7  8 20  19.6 1004 260  4.9 7 12.7  87    3   43 395 -429  2
4212500 3066500  7  8 21  19.1 1004 257  4.3 6 12.8  90    0    5 387 -426  2
4212500 3066500  7  8 22  18.6 1004 250  4.4 7 12.7  92    0    0 386 -424  2
4212500 3066500  7  8 23  18.3 1005 261  4.2 7 12.6  94    0    0 389 -423  2
4212500 3066500  7  8 24  18.4 1005 253  1.3 8 12.7  94    0    0 392 -423  2
4212500 3066500  7  9  1  18.4 1005 253  4.8 7 12.7  94    0    0 392 -422  2
4212500 3066500  7  9  2  18.1 1005 257  4.6 7 12.6  95    0    0 386 -419  2
4212500 3066500  7  9  3  18.0 1005 259  3.5 6 12.5  95    0    0 381 -416  2
4212500 3066500  7  9  4  18.0 1005 259  5.5 6 12.4  95    0    0 376 -415  2
4212500 3066500  7  9  5  18.0 1005 293  4.2 7 12.3  94    0    4 380 -413  2
4212500 3066500  7  9  6  17.9 1005 291  5.5 8 12.2  93    0   18 389 -413  2
4212500 3066500  7  9  7  17.6 1005 276  3.3 8 12.1  94    0   67 392 -415  2
4212500 3066500  7  9  8  18.2 1005 271  5.0 8 12.1  93   30  129 392 -415  2
4212500 3066500  7  9  9  18.5 1005 280  5.0 8 12.0  90   35  181 394 -415  2
4212500 3066500  7  9 10  19.0 1005 288  4.8 8 11.9  87   35  223 394 -417  2
4212500 3066500  7  9 11  19.2 1005 286  5.4 8 11.9  85   20  249 394 -419  2
4212500 3066500  7  9 12  20.1 1006 282  5.5 7 11.7  81   25  259 391 -424  2
4212500 3066500  7  9 13  20.0 1006 282  6.1 7 11.7  79   10  251 386 -428  2
4212500 3066500  7  9 14  20.4 1006 286  7.4 7 11.8  79   15  239 384 -429  2
4212500 3066500  7  9 15  20.1 1006 283  8.1 7 12.0  80   25  226 381 -427  2
4212500 3066500  7  9 16  19.3 1006 284  8.9 7 12.0  83   35  194 376 -429  2
4212500 3066500  7  9 17  19.0 1006 283  8.7 7 12.1  86   20  162 370 -433  2
4212500 3066500  7  9 18  18.6 1006 272  9.3 7 12.4  90   10  120 367 -433  2
4212500 3066500  7  9 19  17.9 1006 292  6.9 8 12.4  93    0   39 366 -427  2
4212500 3066500  7  9 20  17.9 1006 284  8.1 8 12.2  93    0   11 366 -421  2
4212500 3066500  7  9 21  17.8 1006 282  7.6 8 12.1  93    0    1 364 -415  2
4212500 3066500  7  9 22  17.7 1007 275  7.6 8 11.9  92    0    0 361 -408  2
4212500 3066500  7  9 23  17.2 1007 273  6.8 7 11.3  90    0    0 355 -402  2
4212500 3066500  7  9 24  16.5 1007 274  6.4 6 10.6  89    0    0 350 -398  2
4212500 3066500  7 10  1  15.5 1013 277  5.5 5  9.9  88    0    0 299 -390  2
4212500 3066500  7 10  2  14.7 1013 283  4.9 4  9.3  88    0    0 300 -387  2
4212500 3066500  7 10  3  14.1 1013 287  4.3 3  9.0  88    0    0 297 -386  2
4212500 3066500  7 10  4  14.1 1013 288  4.2 4  9.0  89    0    0 296 -384  2
4212500 3066500  7 10  5  14.5 1013 290  4.9 4  9.0  88    0    4 298 -384  2
4212500 3066500  7 10  6  14.6 1013 290  4.4 6  9.0  88    0   22 302 -386  2
4212500 3066500  7 10  7  14.9 1013 301  8.3 7  8.8  84    0   76 304 -395  2
4212500 3066500  7 10  8  15.8 1013 301 10.3 7  8.7  79   21  182 306 -407  2
4212500 3066500  7 10  9  16.3 1013 300  9.2 7  8.8  77   69  266 308 -420  2
4212500 3066500  7 10 10  17.1 1014 285  7.8 6  9.0  76  234  301 312 -432  2
4212500 3066500  7 10 11  17.6 1014 301  6.3 6  9.2  74  338  313 317 -443  2
4212500 3066500  7 10 12  18.6 1015 292  8.0 4  9.5  73  438  298 323 -451  2
4212500 3066500  7 10 13  18.8 1015 286  8.4 3  9.7  72  409  308 324 -456  2
4212500 3066500  7 10 14  19.3 1015 281  7.8 2  9.8  71  488  247 324 -458  2
4212500 3066500  7 10 15  19.7 1015 290  5.9 1 10.0  70  641  126 322 -458  2
4212500 3066500  7 10 16  20.4 1015 300  5.5 1 10.0  68  549  115 322 -456  2
4212500 3066500  7 10 17  20.7 1015 290  5.4 2 10.1  67  412  115 323 -452  2
4212500 3066500  7 10 18  20.3 1015 286  4.5 1 10.0  66  278  103 322 -445  2
4212500 3066500  7 10 19  19.4 1015 285  4.9 2  9.8  68   84   99 318 -436  2
4212500 3066500  7 10 20  18.7 1015 284  4.4 3  9.7  70   10   43 318 -426  2
4212500 3066500  7 10 21  16.9 1015 264  4.1 4  9.7  76    0    7 317 -415  2
4212500 3066500  7 10 22  15.8 1014 264  4.0 2  9.7  83    0    0 309 -406  2
4212500 3066500  7 10 23  15.0 1015 264  3.8 2  9.5  86    0    0 302 -399  2
4212500 3066500  7 10 24  15.2 1015 276  3.5 1  9.5  89    0    0 299 -395  2
4212500 3066500  7 11  1  14.6 1015 261  3.3 2  9.6  91    0    0 298 -392  2
4212500 3066500  7 11  2  14.6 1015 313  3.4 2  9.5  91    0    0 299 -388  2
4212500 3066500  7 11  3  14.3 1015 290  3.4 2  9.4  91    0    0 299 -384  2
4212500 3066500  7 11  4  14.3 1014 298  2.9 3  9.4  92    0    0 303 -382  2
4212500 3066500  7 11  5  14.6 1014 283  2.9 3  9.5  92    1   13 308 -381  2
4212500 3066500  7 11  6  15.8 1014 268  2.6 5 10.0  92   24   63 317 -386  2
4212500 3066500  7 11  7  16.6 1014 267  3.4 4 10.4  90  151  105 321 -398  2
4212500 3066500  7 11  8  18.0 1015 265  3.6 3 10.6  86  307  122 319 -417  2
4212500 3066500  7 11  9  20.1 1015 244  4.5 4 10.1  74  405  154 325 -438  2
4212500 3066500  7 11 10  20.7 1015 237  4.4 5  9.5  64  481  192 338 -459  2
4212500 3066500  7 11 11  21.3 1015 261  4.8 4  9.0  58  621  173 342 -471  2
4212500 3066500  7 11 12  21.8 1015 280  4.3 3  8.9  55  649  192 340 -483  2
4212500 3066500  7 11 13  23.0 1015 266  4.8 2  8.7  52  511  267 340 -487  2
4212500 3066500  7 11 14  23.2 1014 273  4.0 2  8.2  46  493  260 339 -479  2
4212500 3066500  7 11 15  23.6 1014 244  3.2 3  8.5  47  500  227 344 -476  2
4212500 3066500  7 11 16  24.1 1013 252  3.1 4  8.6  46  348  242 350 -475  2
4212500 3066500  7 11 17  24.4 1013 238  2.5 5  8.5  45  241  213 357 -467  2
4212500 3066500  7 11 18  22.4 1012 130  2.9 5  9.6  53  129  171 358 -455  2
4212500 3066500  7 11 19  20.5 1011 114  3.5 5 10.9  68   48  102 352 -443  2
4212500 3066500  7 11 20  19.1 1011 137  3.4 8 11.1  76    0   35 354 -431  2
4212500 3066500  7 11 21  19.4 1010 163  3.6 8 10.6  76    0    0 360 -421  2
4212500 3066500  7 11 22  17.7 1010 302  6.9 7 11.1  83    0    0 355 -413  2
4212500 3066500  7 11 23  16.6 1010 297  6.8 7 11.3  92    0    0 349 -409  2
4212500 3066500  7 11 24  16.2 1011 285  7.5 7 10.7  91    0    0 348 -409  2
4212500 3066500  7 12  1  15.5 1011 297  7.3 1 10.2  90    0    0 328 -411  2
4212500 3066500  7 12  2  14.4 1010 286  5.8 1  9.4  88    0    0 304 -411  2
4212500 3066500  7 12  3  14.0 1010 297  5.0 3  8.9  87    0    0 308 -407  2
4212500 3066500  7 12  4  13.4 1011 279  4.5 3  8.6  87    0    0 313 -404  2
4212500 3066500  7 12  5  13.6 1011 280  4.8 1  8.4  86   14   20 306 -402  2
4212500 3066500  7 12  6  14.4 1011 288  6.3 1  8.5  85   72   57 300 -401  2
4212500 3066500  7 12  7  15.3 1011 289  9.4 1  8.5  80  203   78 302 -403  2
4212500 3066500  7 12  8  15.6 1012 281  9.3 2  8.4  76  279  115 307 -409  2
4212500 3066500  7 12  9  16.6 1013 278  8.4 3  8.4  73  399  138 318 -416  2
4212500 3066500  7 12 10  17.1 1013 286 10.0 3  8.5  71  409  211 326 -424  2
4212500 3066500  7 12 11  17.8 1014 288 11.1 3  8.3  67  473  233 330 -429  2
4212500 3066500  7 12 12  18.4 1014 280 13.0 4  8.2  63  337  334 338 -434  2
4212500 3066500  7 12 13  18.8 1014 281 10.9 4  8.3  62  257  360 344 -440  2
4212500 3066500  7 12 14  19.6 1014 282 10.2 4  8.4  60  427  269 345 -445  2
4212500 3066500  7 12 15  19.2 1014 279 11.3 2  8.2  58  618  129 337 -448  2
4212500 3066500  7 12 16  18.6 1014 277 10.6 3  8.0  59  296  245 330 -444  2
4212500 3066500  7 12 17  18.6 1014 281  9.8 5  8.3  62  143  230 336 -435  2
4212500 3066500  7 12 18  18.1 1014 279  9.5 6  8.6  65   62  170 343 -428  2
4212500 3066500  7 12 19  17.5 1014 285  7.8 6  8.6  67    7   86 347 -422  2
4212500 3066500  7 12 20  15.9 1014 289  5.1 6  8.5  71    0   26 345 -416  2
4212500 3066500  7 12 21  15.9 1013 275  6.2 6  8.3  73    0    3 344 -411  2
4212500 3066500  7 12 22  15.9 1014 284  4.8 7  8.3  74    0    0 348 -407  2
4212500 3066500  7 12 23  15.8 1014 299  5.8 6  8.2  73    0    0 349 -404  2
4212500 3066500  7 12 24  15.5 1014 306  5.9 5  8.0  72    0    0 340 -403  2
4212500 3066500  7 13  1  14.8 1014 302  5.6 4  7.9  74    0    0 330 -401  2
4212500 3066500  7 13  2  14.5 1014 309  5.5 3  8.0  77    0    0 322 -398  2
4212500 3066500  7 13  3  14.0 1014 302  5.2 4  8.1  80    0    0 321 -396  2
4212500 3066500  7 13  4  13.5 1014 302  5.3 5  8.2  83    0    0 328 -396  2
4212500 3066500  7 13  5  13.7 1014 311  5.5 3  8.2  84   18   23 326 -396  2
4212500 3066500  7 13  6  14.7 1014 309  5.7 4  8.3  82   97   57 325 -398  2
4212500 3066500  7 13  7  15.7 1015 309  6.3 4  8.5  79  128  103 333 -405  2
4212500 3066500  7 13  8  16.1 1015 312  6.2 5  8.5  75  142  182 340 -416  2
4212500 3066500  7 13  9  17.1 1016 314  6.5 3  8.6  73  426  123 340 -429  2
4212500 3066500  7 13 10  17.9 1017 318  6.4 2  8.8  70  611   96 333 -441  2
4212500 3066500  7 13 11  18.6 1017 316  6.0 1  9.0  69  689  106 331 -452  2
4212500 3066500  7 13 12  19.1 1018 323  6.1 1  9.2  68  697  137 330 -461  2
4212500 3066500  7 13 13  19.8 1018 314  5.6 1  9.5  67  540  227 335 -467  2
4212500 3066500  7 13 14  19.5 1018 296  5.5 1  9.6  67  490  238 336 -472  2
4212500 3066500  7 13 15  20.2 1018 319  4.4 1  9.6  67  583  155 338 -473  2
4212500 3066500  7 13 16  20.5 1018 306  4.7 1  9.5  64  470  156 340 -470  2
4212500 3066500  7 13 17  20.8 1018 308  4.0 1  9.3  62  363  134 340 -464  2
4212500 3066500  7 13 18  20.6 1018 323  3.2 1  9.5  62  247  108 341 -453  2
4212500 3066500  7 13 19  19.8 1018 315  2.1 2  9.7  66   86   95 342 -442  2
4212500 3066500  7 13 20  18.0 1019 309  1.9 1  9.8  72   32   46 338 -434  2
4212500 3066500  7 13 21  16.2 1018 332  1.1 1  9.7  80    1    8 329 -426  2
4212500 3066500  7 13 22  15.7 1018 298  2.0 1  9.7  86    0    0 325 -420  2
4212500 3066500  7 13 23  15.1 1018 310  2.3 1  9.7  89    0    0 322 -415  2
4212500 3066500  7 13 24  14.3 1018 315  1.7 0  9.5  91    0    0 315 -411  2
4212500 3066500  7 14  1  13.8 1018 330  1.0 0  9.3  93    0    0 311 -406  2
4212500 3066500  7 14  2  13.8 1019 334  1.3 0  9.1  92    0    0 310 -403  2
4212500 3066500  7 14  3  13.9 1019 343  1.3 1  9.1  92    0    0 312 -400  2
4212500 3066500  7 14  4  13.5 1018  40  1.3 1  9.1  93    0    0 314 -399  2
4212500 3066500  7 14  5  13.3 1018 359  0.7 0  8.9  93   10   19 310 -399  2
4212500 3066500  7 14  6  15.6 1018 359  0.8 0  9.4  92   82   57 312 -401  2
4212500 3066500  7 14  7  18.1 1018 357  1.0 1 10.3  86  224   71 321 -410  2
4212500 3066500  7 14  8  19.4 1020 342  1.4 2 10.6  78  301  101 332 -423  2
4212500 3066500  7 14  9  20.9 1020  30  1.7 2 10.3  70  486   89 340 -437  2
4212500 3066500  7 14 10  21.5 1020  76  2.0 2  9.5  61  611   89 345 -448  2
4212500 3066500  7 14 11  21.8 1020  42  2.0 1  9.9  62  713   86 350 -458  2
4212500 3066500  7 14 12  22.7 1020  30  2.9 1 10.7  64  775   83 354 -466  2
4212500 3066500  7 14 13  22.9 1019  37  2.9 1 10.6  61  603  187 359 -473  2
4212500 3066500  7 14 14  23.4 1019  30  2.1 1 10.3  58  573  187 361 -478  2
4212500 3066500  7 14 15  23.3 1019  50  2.6 0  9.5  53  638  115 359 -481  2
4212500 3066500  7 14 16  23.8 1019  17  2.3 1  9.7  54  524  117 359 -480  2
4212500 3066500  7 14 17  23.3 1019  47  2.8 0 10.1  56  396  111 359 -474  2
4212500 3066500  7 14 18  22.7 1018  42  3.0 0  9.8  56  252  103 354 -466  2
4212500 3066500  7 14 19  21.4 1018  43  3.2 0  9.8  60   98   91 351 -456  2
4212500 3066500  7 14 20  20.2 1018  14  3.0 0 10.3  67   32   44 348 -446  2
4212500 3066500  7 14 21  17.9 1018   6  2.8 1 10.6  77    0    7 345 -435  2
4212500 3066500  7 14 22  16.8 1018  30  2.7 1 10.3  83    0    0 341 -426  2
4212500 3066500  7 14 23  16.1 1017  13  1.8 1 10.0  86    0    0 338 -421  2
4212500 3066500  7 14 24  15.5 1017 359  1.8 2  9.9  88    0    0 337 -418  2
4212500 3066500  7 15  1  15.3 1017   4  1.6 4  9.7  89    0    0 344 -417  2
4212500 3066500  7 15  2  15.8 1016  16  2.3 5  9.6  87    0    0 352 -417  2
4212500 3066500  7 15  3  15.6 1016  15  1.5 4  9.8  88    0    0 355 -416  2
4212500 3066500  7 15  4  15.0 1015  25  1.3 4  9.9  91    0    0 353 -413  2
4212500 3066500  7 15  5  16.6 1015  28  1.3 4 10.2  91    3   15 356 -412  2
4212500 3066500  7 15  6  18.8 1016  39  2.0 2 10.9  86   64   64 358 -413  2
4212500 3066500  7 15  7  20.4 1016  33  3.2 1 11.4  80  197   94 356 -420  2
4212500 3066500  7 15  8  21.6 1016  37  4.6 1 11.3  72  338  107 358 -430  2
4212500 3066500  7 15  9  22.0 1016  49  4.5 0 11.3  69  464  126 358 -442  2
4212500 3066500  7 15 10  21.1 1016  46  4.0 0 11.7  72  566  141 358 -454  2
4212500 3066500  7 15 11  21.5 1016  45  3.8 1 12.0  75  610  170 363 -465  2
4212500 3066500  7 15 12  21.9 1016  39  3.9 1 12.0  74  576  229 367 -473  2
4212500 3066500  7 15 13  22.1 1016  47  4.3 2 11.9  72  469  282 370 -479  2
4212500 3066500  7 15 14  21.9 1016  29  4.4 2 12.0  73  477  262 371 -483  2
4212500 3066500  7 15 15  22.1 1015  30  4.8 2 12.0  72  520  208 369 -483  2
4212500 3066500  7 15 16  22.3 1015  28  3.7 1 12.0  72  447  182 366 -479  2
4212500 3066500  7 15 17  21.5 1015  34  4.6 1 12.1  74  339  157 361 -472  2
4212500 3066500  7 15 18  20.1 1015  26  4.0 2 12.0  78  227  126 358 -463  2
4212500 3066500  7 15 19  19.2 1014  40  3.9 2 11.9  83   96   99 355 -452  2
4212500 3066500  7 15 20  18.0 1014  48  4.4 6 11.9  88   33   47 357 -440  2
4212500 3066500  7 15 21  17.3 1014  56  4.1 5 11.8  93    0    8 357 -429  2
4212500 3066500  7 15 22  17.2 1014  58  3.7 8 11.8  96    0    0 357 -421  2
4212500 3066500  7 15 23  17.1 1015  58  4.4 8 12.1  98    0    0 360 -416  2
4212500 3066500  7 15 24  17.0 1015  66  4.7 5 12.1  99    0    0 355 -413  2
4212500 3066500  7 16  1  17.0 1015  69  3.8 7 12.1  99    0    0 352 -411  2
4212500 3066500  7 16  2  17.2 1014  68  3.7 8 12.0  98    0    0 359 -410  2
4212500 3066500  7 16  3  17.4 1014  83  3.0 8 12.0  97    0    0 362 -411  2
4212500 3066500  7 16  4  17.5 1014  74  3.7 8 12.3  98    0    0 366 -414  2
4212500 3066500  7 16  5  17.4 1014  92  3.3 8 12.3  98    0    3 369 -417  2
4212500 3066500  7 16  6  17.4 1014 105  3.6 6 12.1  97    0   23 367 -419  2
4212500 3066500  7 16  7  17.9 1014 108  3.9 5 12.1  95    0   66 363 -424  2
4212500 3066500  7 16  8  18.2 1014 108  3.6 8 12.3  94    1  121 371 -432  2
4212500 3066500  7 16  9  19.1 1014 105  3.2 8 12.5  92   23  230 383 -443  2
4212500 3066500  7 16 10  21.4 1014 109  3.4 6 12.6  84   97  317 387 -452  2
4212500 3066500  7 16 11  21.3 1015  80  4.8 4 12.7  79  249  340 383 -456  2
4212500 3066500  7 16 12  24.6 1015 103  5.2 1 12.9  73  689  148 376 -454  2
4212500 3066500  7 16 13  24.4 1014  92  6.3 1 13.0  67  563  222 374 -458  2
4212500 3066500  7 16 14  23.6 1014  90  6.8 2 13.0  69  550  213 374 -462  2
4212500 3066500  7 16 15  23.9 1014  80  5.8 1 12.9  70  635  129 372 -460  2
4212500 3066500  7 16 16  23.5 1014  74  6.8 1 12.8  69  500  142 367 -462  2
4212500 3066500  7 16 17  23.4 1013  85  7.0 1 12.2  67  369  134 362 -461  2
4212500 3066500  7 16 18  23.0 1013  91  6.3 1 12.0  67  233  117 359 -455  2
4212500 3066500  7 16 19  22.1 1013  82  6.0 1 12.0  70   82   96 356 -446  2
4212500 3066500  7 16 20  21.1 1013  85  5.6 2 11.5  71   24   43 354 -437  2
4212500 3066500  7 16 21  19.7 1013  85  4.2 2 11.5  76    0    6 352 -429  2
4212500 3066500  7 16 22  19.3 1014  79  3.9 3 11.7  82    0    0 349 -423  2
4212500 3066500  7 16 23  18.8 1014  92  3.1 3 11.8  85    0    0 349 -419  2
4212500 3066500  7 16 24  18.5 1013  84  4.0 2 12.0  89    0    0 345 -416  2
4212500 3066500  7 17  1  18.9 1013 109  3.4 0 12.3  91    0    0 337 -414  2
4212500 3066500  7 17  2  19.6 1013 120  3.1 0 12.6  90    0    0 335 -413  2
4212500 3066500  7 17  3  18.9 1013 100  3.0 1 12.4  88    0    0 337 -413  2
4212500 3066500  7 17  4  18.9 1013  95  2.9 2 12.3  90    0    0 342 -412  2
4212500 3066500  7 17  5  19.8 1013  90  3.4 4 12.4  88    0    3 352 -412  2
4212500 3066500  7 17  6  20.2 1013  80  3.3 5 12.6  85    0   31 363 -415  2
4212500 3066500  7 17  7  21.9 1013  92  4.0 6 12.8  81   15   90 372 -424  2
4212500 3066500  7 17  8  22.3 1013  99  3.4 6 12.8  76   33  154 379 -436  2
4212500 3066500  7 17  9  22.7 1013 100  2.8 4 12.9  75  258  147 375 -449  2
4212500 3066500  7 17 10  22.9 1013 100  3.1 6 13.0  75   45  259 377 -462  2
4212500 3066500  7 17 11  22.5 1013 129  2.4 7 12.8  74   10  255 388 -473  2
4212500 3066500  7 17 12  23.1 1014 133  1.6 8 12.9  74    6  248 397 -482  2
4212500 3066500  7 17 13  24.0 1014 126  1.3 8 13.5  74   10  269 407 -488  2
4212500 3066500  7 17 14  24.8 1014  29  1.2 7 13.4  70   23  279 408 -491  2
4212500 3066500  7 17 15  24.9 1013  79  2.7 6 13.8  70  163  262 403 -489  2
4212500 3066500  7 17 16  22.9 1013  73  2.1 7 14.4  77   37  221 399 -482  2
4212500 3066500  7 17 17  23.6 1013  94  2.7 6 13.8  77   45  183 396 -472  2
4212500 3066500  7 17 18  23.3 1013  56  2.1 3 13.5  74  243   57 382 -463  2
4212500 3066500  7 17 19  22.1 1013  90  2.1 4 13.6  78   55   77 372 -453  2
4212500 3066500  7 17 20  20.1 1013  71  2.1 7 13.3  84   20   29 382 -445  2
4212500 3066500  7 17 21  20.8 1014 232  2.6 7 12.8  84    0    6 390 -438  2
4212500 3066500  7 17 22  20.3 1014 230  2.9 8 11.8  78    0    0 393 -432  2
4212500 3066500  7 17 23  18.7 1015 238  5.6 7 11.1  78    0    0 389 -430  2
4212500 3066500  7 17 24  18.7 1015 285  6.3 8 11.2  83    0    0 387 -429  2
4212500 3066500  7 18  1  18.0 1015 296  6.5 8 11.5  87    0    0 390 -428  2
4212500 3066500  7 18  2  18.3 1015 284  6.7 8 11.9  91    0    0 390 -427  2
4212500 3066500  7 18  3  18.8 1015 298  4.7 8 12.4  92    0    0 390 -426  2
4212500 3066500  7 18  4  18.2 1015 296  6.5 8 12.4  93    0    0 389 -426  2
4212500 3066500  7 18  5  17.9 1016 282  6.0 8 12.0  93    0    5 385 -425  2
4212500 3066500  7 18  6  17.5 1016 298  6.3 8 11.8  93    0   14 382 -426  2
4212500 3066500  7 18  7  17.2 1016 280  5.9 8 11.6  93    0   30 380 -429  2
4212500 3066500  7 18  8  17.5 1016 292  5.8 8 11.6  94    0   45 380 -435  2
4212500 3066500  7 18  9  17.5 1017 286  5.8 8 11.7  93    0   80 381 -444  2
4212500 3066500  7 18 10  17.9 1017 289  6.7 8 11.7  92    0  120 381 -446  2
4212500 3066500  7 18 11  18.0 1018 287  5.7 8 11.7  91    0  137 382 -441  2
4212500 3066500  7 18 12  18.6 1018 270  5.9 8 11.7  89    3  234 383 -441  2
4212500 3066500  7 18 13  19.4 1019 277  5.5 7 11.6  84   36  319 383 -450  2
4212500 3066500  7 18 14  21.3 1019 281  5.8 5 11.3  76  202  330 381 -461  2
4212500 3066500  7 18 15  20.7 1019 268  6.9 5 10.8  69  217  290 378 -468  2
4212500 3066500  7 18 16  20.7 1019 281  5.1 5 10.6  69   89  258 374 -471  2
4212500 3066500  7 18 17  20.8 1019 289  3.4 5 10.8  70   62  202 373 -470  2
4212500 3066500  7 18 18  21.2 1019 280  3.0 5 10.9  70   56  145 372 -464  2
4212500 3066500  7 18 19  21.9 1019 270  2.2 5 11.1  69   26   88 372 -453  2
4212500 3066500  7 18 20  20.3 1019 287  2.2 3 11.3  72    9   33 364 -443  2
4212500 3066500  7 18 21  18.1 1019 266  1.8 2 11.1  80    0    5 347 -433  2
4212500 3066500  7 18 22  17.2 1020 263  1.4 3 10.7  85    0    0 340 -424  2
4212500 3066500  7 18 23  16.8 1019 254  1.9 2 10.6  87    0    0 336 -419  2
4212500 3066500  7 18 24  16.6 1019 352  1.2 2 10.6  89    0    0 331 -417  2
4212500 3066500  7 19  1  16.4 1019 192  1.5 3 10.7  92    0    0 335 -414  2
4212500 3066500  7 19  2  15.9 1019 201  1.3 2 10.7  94    0    0 334 -413  2
4212500 3066500  7 19  3  16.4 1019 216  1.5 2 10.9  95    0    0 330 -413  2
4212500 3066500  7 19  4  15.3 1019 352  0.8 2 10.7  95    0    0 328 -412  2
4212500 3066500  7 19  5  15.7 1019 343  0.8 2 10.6  96    6   15 327 -413  2
4212500 3066500  7 19  6  17.0 1019 243  2.1 2 11.1  95   52   57 330 -416  2
4212500 3066500  7 19  7  19.2 1020 274  2.4 1 11.4  88  183   86 332 -420  2
4212500 3066500  7 19  8  20.3 1021 301  3.4 1 11.5  80  320  101 336 -425  2
4212500 3066500  7 19  9  21.3 1021 314  3.4 1 11.1  73  472  107 341 -434  2
4212500 3066500  7 19 10  22.0 1021 308  3.5 1 10.4  65  616   99 344 -440  2
4212500 3066500  7 19 11  22.6 1021 267  3.6 1  9.7  58  694  110 348 -443  2
4212500 3066500  7 19 12  22.9 1021 267  3.3 1  9.2  53  726  123 351 -446  2
4212500 3066500  7 19 13  23.6 1021 329  2.3 1  9.0  51  569  216 354 -455  2
4212500 3066500  7 19 14  23.9 1021 311  3.1 1  8.9  49  537  216 357 -462  2
4212500 3066500  7 19 15  24.2 1021  17  3.1 1  9.3  50  617  137 359 -462  2
4212500 3066500  7 19 16  23.1 1021  42  2.5 1  9.5  52  504  137 356 -463  2
4212500 3066500  7 19 17  23.0 1021 322  2.2 2  9.3  53  378  127 353 -461  2
4212500 3066500  7 19 18  23.2 1021 155  1.9 3  9.4  54  243  111 355 -454  2
4212500 3066500  7 19 19  22.0 1021 314  1.8 3  9.8  57   85   94 353 -447  2
4212500 3066500  7 19 20  20.5 1020 248  1.2 3 10.0  64   24   42 345 -439  2
4212500 3066500  7 19 21  18.4 1020 162  2.1 2 10.1  71    0    5 336 -428  2
4212500 3066500  7 19 22  17.2 1020 170  1.8 1 10.1  79    0    0 325 -420  2
4212500 3066500  7 19 23  17.5 1019 154  2.1 1 10.1  82    0    0 322 -415  2
4212500 3066500  7 19 24  16.0 1019 166  1.9 0  9.8  83    0    0 317 -412  2
4212500 3066500  7 20  1  15.2 1019 175  2.1 0  9.5  86    0    0 311 -410  2
4212500 3066500  7 20  2  15.6 1019 173  1.7 0  9.4  87    0    0 310 -408  2
4212500 3066500  7 20  3  15.1 1018 174  2.4 0  9.4  87    0    0 308 -407  2
4212500 3066500  7 20  4  14.7 1018 172  1.7 0  9.3  88    0    0 307 -406  2
4212500 3066500  7 20  5  15.7 1018 171  1.8 1  9.4  87    0   11 310 -405  2
4212500 3066500  7 20  6  17.9 1018 170  1.1 1 10.3  86   37   59 317 -406  2
4212500 3066500  7 20  7  20.6 1018 162  2.3 1 10.9  78  157   97 324 -415  2
4212500 3066500  7 20  8  21.7 1018 145  2.7 1 10.4  67  296  118 328 -433  2
4212500 3066500  7 20  9  22.8 1018 149  3.2 1 10.3  62  425  136 331 -453  2
4212500 3066500  7 20 10  23.8 1018 132  3.5 0 10.0  56  540  148 332 -474  2
4212500 3066500  7 20 11  24.6 1018 131  3.6 0  9.8  52  645  147 335 -490  2
4212500 3066500  7 20 12  25.3 1018 116  3.4 0 10.1  51  687  157 340 -501  2
4212500 3066500  7 20 13  25.0 1017 101  4.8 1 10.3  52  547  236 347 -507  2
4212500 3066500  7 20 14  25.4 1017 110  6.2 0 10.4  52  527  230 351 -503  2
4212500 3066500  7 20 15  26.1 1016  86  5.8 1 10.7  52  584  165 355 -490  2
4212500 3066500  7 20 16  25.2 1016  97  5.3 1 11.1  54  471  163 357 -480  2
4212500 3066500  7 20 17  24.5 1015  91  5.9 1 11.1  56  350  147 353 -470  2
4212500 3066500  7 20 18  24.0 1015  95  5.4 1 10.9  58  215  126 350 -460  2
4212500 3066500  7 20 19  22.8 1015  89  4.7 2 10.8  60   74   96 349 -448  2
4212500 3066500  7 20 20  21.4 1015  98  4.4 3 10.7  65    8   36 356 -438  2
4212500 3066500  7 20 21  20.6 1015 104  4.3 4 10.7  69    0    0 359 -429  2
4212500 3066500  7 20 22  20.0 1015 112  4.3 4 10.8  73    0    0 349 -424  2
4212500 3066500  7 20 23  19.3 1015 144  4.2 3 10.9  77    0    0 339 -422  2
4212500 3066500  7 20 24  18.6 1014 184  4.1 3 10.8  81    0    0 340 -422  2
4212500 3066500  7 21  1  17.7 1011 231  3.7 3 10.7  84    0    0 340 -406  2
4212500 3066500  7 21  2  16.7 1010 267  3.6 3 10.5  87    0    0 332 -404  2
4212500 3066500  7 21  3  15.9 1011 295  3.7 4 10.3  90    0    0 330 -404  2
4212500 3066500  7 21  4  15.9 1011 294  3.7 4 10.3  91    0    0 339 -404  2
4212500 3066500  7 21  5  16.3 1011 293  3.7 3 10.5  91    8   13 346 -403  2
4212500 3066500  7 21  6  16.8 1011 285  3.5 3 10.7  93   55   40 340 -403  2
4212500 3066500  7 21  7  17.3 1012 291  3.7 2 11.0  90  176   61 329 -405  2
4212500 3066500  7 21  8  18.8 1012 290  5.7 3 10.9  83  288   69 334 -411  2
4212500 3066500  7 21  9  19.3 1013 299  6.5 3 10.5  76  328  128 342 -420  2
4212500 3066500  7 21 10  19.7 1013 289  7.5 5 10.5  74  272  206 354 -428  2
4212500 3066500  7 21 11  20.4 1013 308  6.7 5 10.3  70  178  292 369 -433  2
4212500 3066500  7 21 12  20.2 1014 296  8.0 6 10.2  68  136  330 375 -440  2
4212500 3066500  7 21 13  20.4 1014 310  6.8 5  9.8  66  287  303 374 -446  2
4212500 3066500  7 21 14  20.6 1014 284  8.3 4  9.6  64  487  190 364 -447  2
4212500 3066500  7 21 15  20.3 1015 277  9.3 5  9.3  62  421  188 361 -446  2
4212500 3066500  7 21 16  18.8 1015 292  9.4 4  8.7  61  256  211 357 -442  2
4212500 3066500  7 21 17  19.7 1015 283  8.5 4  8.2  59  295  125 352 -436  2
4212500 3066500  7 21 18  18.7 1015 267  7.3 4  7.9  57  219   85 351 -429  2
4212500 3066500  7 21 19  18.2 1015 269  5.9 4  7.9  60   86   73 349 -422  2
4212500 3066500  7 21 20  16.6 1016 266  3.5 5  8.0  64   28   33 351 -416  2
4212500 3066500  7 21 21  14.5 1015 254  2.2 4  8.0  73    0    5 345 -409  2
4212500 3066500  7 21 22  13.8 1015 266  2.8 3  8.0  80    0    0 334 -402  2
4212500 3066500  7 21 23  13.1 1016 242  2.1 3  8.0  83    0    0 327 -397  2
4212500 3066500  7 21 24  12.4 1016 219  1.8 3  7.9  86    0    0 325 -394  2
4212500 3066500  7 22  1  12.2 1016 209  1.7 2  7.9  88    0    0 319 -393  2
4212500 3066500  7 22  2  12.7 1016 188  1.6 3  8.1  90    0    0 320 -393  2
4212500 3066500  7 22  3  15.6 1016 183  2.4 5  8.8  88    0    0 338 -394  2
4212500 3066500  7 22  4  16.1 1016 184  2.7 7  9.3  83    0    0 360 -397  2
4212500 3066500  7 22  5  16.0 1016 185  2.9 7  9.1  80    2   11 368 -399  2
4212500 3066500  7 22  6  16.2 1016 206  3.4 5  8.8  77   26   49 361 -401  2
4212500 3066500  7 22  7  17.7 1016 217  3.0 4  8.9  74  144   89 352 -406  2
4212500 3066500  7 22  8  19.3 1017 224  3.4 4  9.2  69  273  109 352 -413  2
4212500 3066500  7 22  9  21.1 1017 231  4.4 5  9.4  64  342  157 363 -422  2
4212500 3066500  7 22 10  22.2 1017 198  3.1 5 10.0  62  394  200 373 -431  2
4212500 3066500  7 22 11  22.5 1017 251  4.0 4 10.6  63  496  208 372 -436  2
4212500 3066500  7 22 12  22.6 1018 198  3.4 5 10.5  61  293  340 374 -442  2
4212500 3066500  7 22 13  23.2 1017 271  4.0 5 10.4  60  319  341 380 -447  2
4212500 3066500  7 22 14  24.2 1017 252  4.9 5 10.5  57  282  337 384 -444  2
4212500 3066500  7 22 15  24.3 1017 345  3.4 3 10.8  57  346  274 382 -441  2
4212500 3066500  7 22 16  23.1 1017  35  3.4 3 11.2  61  224  263 376 -443  2
4212500 3066500  7 22 17  21.8 1017  46  2.1 5 11.2  66   79  219 378 -442  2
4212500 3066500  7 22 18  22.5 1017  84  2.5 4 11.1  66   99  157 379 -435  2
4212500 3066500  7 22 19  21.5 1017  82  1.1 5 11.1  67   24   95 377 -429  2
4212500 3066500  7 22 20  20.7 1017  76  1.2 7 11.5  73    3   32 384 -424  2
4212500 3066500  7 22 21  18.2 1017  67  1.3 6 11.5  82    0    2 381 -420  2
4212500 3066500  7 22 22  18.5 1017 128  1.6 5 11.5  87    0    0 370 -417  2
4212500 3066500  7 22 23  17.6 1017  72  1.1 5 11.8  91    0    0 365 -414  2
4212500 3066500  7 22 24  17.6 1017 355  0.8 4 11.8  94    0    0 360 -412  2
4212500 3066500  7 23  1  17.4 1017 335  2.4 5 11.9  95    0    0 359 -411  2
4212500 3066500  7 23  2  17.7 1018  33  1.5 5 12.0  95    0    0 361 -410  2
4212500 3066500  7 23  3  17.7 1017  79  2.0 6 12.1  96    0    0 366 -410  2
4212500 3066500  7 23  4  17.6 1017 136  2.0 7 12.1  96    0    0 373 -409  2
4212500 3066500  7 23  5  17.9 1017   2  1.0 7 12.1  95    0    2 376 -407  2
4212500 3066500  7 23  6  18.1 1017   4  0.8 7 12.3  95    0   13 377 -406  2
4212500 3066500  7 23  7  20.1 1017 299  1.7 7 12.7  92    0   75 379 -410  2
4212500 3066500  7 23  8  21.9 1017 268  2.3 5 12.9  83   42  189 376 -419  2
4212500 3066500  7 23  9  22.3 1017 333  2.7 4 12.5  75  277  216 366 -429  2
4212500 3066500  7 23 10  23.6 1017  46  2.4 2 12.4  71  465  202 359 -441  2
4212500 3066500  7 23 11  24.7 1017   1  3.1 2 12.3  65  554  216 358 -450  2
4212500 3066500  7 23 12  25.4 1017 360  3.2 2 11.8  59  596  230 362 -458  2
4212500 3066500  7 23 13  24.3 1017  29  4.5 2 12.0  61  467  312 364 -462  2
4212500 3066500  7 23 14  24.0 1017  25  3.4 3 12.7  68  321  358 367 -463  2
4212500 3066500  7 23 15  23.4 1017  36  3.5 2 12.5  68  283  331 366 -463  2
4212500 3066500  7 23 16  24.0 1017  38  3.1 2 11.9  65  413  205 363 -460  2
4212500 3066500  7 23 17  23.5 1017  27  2.8 1 11.9  64  312  173 360 -454  2
4212500 3066500  7 23 18  22.8 1016  31  2.9 2 11.8  66  189  141 355 -447  2
4212500 3066500  7 23 19  21.7 1016  25  2.9 2 11.7  69   85   96 352 -437  2
4212500 3066500  7 23 20  19.9 1016  13  2.2 1 11.8  76   18   41 344 -426  2
4212500 3066500  7 23 21  18.3 1016  50  2.1 1 12.0  86    0    4 333 -414  2
4212500 3066500  7 23 22  17.2 1016  42  1.4 1 11.8  93    0    0 329 -406  2
4212500 3066500  7 23 23  17.0 1016  22  1.9 2 11.7  96    0    0 328 -402  2
4212500 3066500  7 23 24  17.1 1016 157  0.9 3 11.8  97    0    0 332 -399  2
4212500 3066500  7 24  1  17.1 1016  39  1.1 4 11.7  96    0    0 336 -394  2
4212500 3066500  7 24  2  17.3 1015  38  1.3 4 11.8  96    0    0 339 -390  2
4212500 3066500  7 24  3  17.2 1016  36  1.7 4 11.9  96    0    0 338 -388  2
4212500 3066500  7 24  4  17.0 1015  23  1.7 5 11.8  97    0    0 339 -388  2
4212500 3066500  7 24  5  16.9 1015  77  1.7 4 11.7  97    0    8 339 -389  2
4212500 3066500  7 24  6  18.5 1015  53  2.0 4 12.3  97   41   55 337 -392  2
4212500 3066500  7 24  7  20.9 1015  87  1.9 1 13.8  96  144   97 336 -400  2
4212500 3066500  7 24  8  22.3 1015 103  2.1 2 13.4  82  263  128 334 -414  2
4212500 3066500  7 24  9  23.5 1015 141  2.0 2 12.2  70  392  148 341 -432  2
4212500 3066500  7 24 10  24.5 1015 134  2.2 2 12.2  65  509  160 347 -451  2
4212500 3066500  7 24 11  24.7 1015 125  2.3 2 11.9  61  578  180 351 -468  2
4212500 3066500  7 24 12  25.6 1015 118  3.2 1 11.6  58  609  201 353 -478  2
4212500 3066500  7 24 13  25.5 1015  90  4.1 1 11.4  56  600  218 354 -480  2
4212500 3066500  7 24 14  25.2 1015  65  4.1 1 11.4  56  532  239 355 -477  2
4212500 3066500  7 24 15  25.0 1015  62  3.5 2 11.1  56  455  237 355 -471  2
4212500 3066500  7 24 16  25.2 1015  73  3.7 2 11.0  55  347  228 356 -464  2
4212500 3066500  7 24 17  24.5 1015  97  3.1 2 10.9  55  254  192 353 -455  2
4212500 3066500  7 24 18  23.6 1015 100  3.1 2 10.8  58  156  146 348 -445  2
4212500 3066500  7 24 19  23.0 1015  93  2.0 2 11.2  62   76   89 345 -435  2
4212500 3066500  7 24 20  21.4 1014 121  1.1 3 11.4  68   13   36 343 -424  2
4212500 3066500  7 24 21  17.9 1014  18  0.4 5 11.6  81    0    1 340 -414  2
4212500 3066500  7 24 22  16.8 1014   2  0.5 4 11.5  92    0    0 336 -407  2
4212500 3066500  7 24 23  16.5 1015   3  0.6 3 11.3  95    0    0 329 -403  2
4212500 3066500  7 24 24  16.1 1015   4  0.6 1 11.1  95    0    0 321 -400  2
4212500 3066500  7 25  1  15.9 1014 333  2.1 2 10.9  96    0    0 319 -398  2
4212500 3066500  7 25  2  15.3 1014 328  1.8 2 10.6  96    0    0 321 -398  2
4212500 3066500  7 25  3  16.8 1014 330  1.6 2 10.9  95    0    0 323 -396  2
4212500 3066500  7 25  4  16.7 1015 332  1.2 2 11.2  94    0    0 326 -394  2
4212500 3066500  7 25  5  16.7 1015 330  2.2 2 11.2  94    0    3 325 -392  2
4212500 3066500  7 25  6  19.0 1015 339  1.8 1 12.2  95   20   51 325 -394  2
4212500 3066500  7 25  7  20.3 1015 316  2.6 1 12.6  88  109  109 325 -401  2
4212500 3066500  7 25  8  22.6 1016 327  2.7 1 11.9  74  229  145 328 -415  2
4212500 3066500  7 25  9  23.8 1016 305  3.7 1 11.3  64  348  175 333 -432  2
4212500 3066500  7 25 10  24.8 1016 344  3.3 0 10.9  57  450  200 335 -447  2
4212500 3066500  7 25 11  25.5 1016 343  3.6 0 10.7  54  518  225 338 -459  2
4212500 3066500  7 25 12  25.6 1016 358  4.2 0 10.7  52  554  244 342 -468  2
4212500 3066500  7 25 13  24.5 1016 359  4.3 0 10.5  53  556  254 343 -473  2
4212500 3066500  7 25 14  24.7 1016 326  4.9 0 10.3  53  534  248 343 -476  2
4212500 3066500  7 25 15  25.0 1016 351  4.4 1 10.2  52  471  237 346 -473  2
4212500 3066500  7 25 16  25.6 1016 345  4.3 1 10.1  50  380  218 348 -468  2
4212500 3066500  7 25 17  25.1 1016   2  3.8 1  9.6  48  291  178 346 -462  2
4212500 3066500  7 25 18  24.7 1016 356  3.8 1  8.9  45  180  138 340 -452  2
4212500 3066500  7 25 19  24.3 1015  13  2.5 1  8.6  45   72   93 336 -442  2
4212500 3066500  7 25 20  23.4 1015 325  2.8 2  9.3  50   12   34 338 -432  2
4212500 3066500  7 25 21  21.0 1015 308  2.5 2 10.1  60    0    2 338 -423  2
4212500 3066500  7 25 22  18.5 1016 294  3.3 2 10.5  73    0    0 329 -417  2
4212500 3066500  7 25 23  18.1 1016 299  2.7 2 11.2  85    0    0 325 -413  2
4212500 3066500  7 25 24  17.4 1016 312  2.8 2 11.3  89    0    0 325 -410  2
4212500 3066500  7 26  1  16.7 1016 349  2.3 1 11.2  92    0    0 321 -407  2
4212500 3066500  7 26  2  16.3 1016 298  2.4 0 11.2  95    0    0 313 -405  2
4212500 3066500  7 26  3  16.7 1016 316  2.7 0 11.1  95    0    0 312 -402  2
4212500 3066500  7 26  4  16.0 1015 332  3.0 1 11.1  96    0    0 317 -401  2
4212500 3066500  7 26  5  16.7 1015 332  1.8 1 11.1  95    0    4 322 -402  2
4212500 3066500  7 26  6  17.5 1016 333  2.6 2 11.4  94   19   48 329 -405  2
4212500 3066500  7 26  7  19.7 1016 335  3.2 3 12.1  90   89  104 342 -413  2
4212500 3066500  7 26  8  20.3 1016 354  6.9 4 12.5  85  167  157 356 -425  2
4212500 3066500  7 26  9  20.8 1016 349  5.5 3 12.4  81  276  194 360 -436  2
4212500 3066500  7 26 10  21.6 1016 346  4.3 2 12.2  77  438  185 357 -446  2
4212500 3066500  7 26 11  22.4 1017 347  5.5 2 12.2  74  516  203 358 -455  2
4212500 3066500  7 26 12  23.1 1017 352  5.4 2 12.1  70  548  223 364 -462  2
4212500 3066500  7 26 13  22.3 1017 335  5.0 1 11.4  66  560  227 361 -467  2
4212500 3066500  7 26 14  23.1 1017 329  5.8 1 10.3  60  554  213 358 -471  2
4212500 3066500  7 26 15  23.2 1017 337  5.8 1  9.7  55  519  187 358 -472  2
4212500 3066500  7 26 16  23.2 1017 323  6.0 1  9.2  52  435  168 357 -469  2
4212500 3066500  7 26 17  22.9 1016 327  6.2 1  8.9  51  346  132 355 -463  2
4212500 3066500  7 26 18  22.2 1016 327  5.8 1  9.2  54  208  114 352 -454  2
4212500 3066500  7 26 19  21.5 1016 339  5.5 1  9.4  57   95   82 348 -445  2
4212500 3066500  7 26 20  20.3 1016 339  5.4 2  9.8  63   19   36 346 -435  2
4212500 3066500  7 26 21  19.2 1016 345  5.3 2  9.9  68    0    2 342 -425  2
4212500 3066500  7 26 22  17.2 1016 337  3.5 2  9.8  75    0    0 335 -418  2
4212500 3066500  7 26 23  16.3 1016 354  3.8 2  9.9  83    0    0 330 -414  2
4212500 3066500  7 26 24  16.4 1015 343  3.1 1 10.0  86    0    0 326 -410  2
4212500 3066500  7 27  1  15.8 1015 324  4.6 0  9.9  86    0    0 319 -409  2
4212500 3066500  7 27  2  16.0 1016 337  5.0 0  9.7  86    0    0 316 -409  2
4212500 3066500  7 27  3  14.7 1015 335  4.5 0  9.6  88    0    0 314 -408  2
4212500 3066500  7 27  4  14.7 1015 324  4.5 1  9.5  91    0    0 315 -407  2
4212500 3066500  7 27  5  14.2 1015 332  3.4 0  9.6  93    0    8 314 -406  2
4212500 3066500  7 27  6  15.8 1015 328  2.5 0  9.9  93   43   50 311 -406  2
4212500 3066500  7 27  7  18.6 1016 332  3.6 0 10.8  88  129   88 317 -410  2
4212500 3066500  7 27  8  20.4 1017 341  5.9 2 11.2  79  217  129 330 -420  2
4212500 3066500  7 27  9  20.9 1017 343  4.4 2 10.9  72  395  119 340 -434  2
4212500 3066500  7 27 10  21.6 1017 334  5.0 1 10.9  69  583   91 341 -447  2
4212500 3066500  7 27 11  22.4 1017 317  4.4 0 10.9  66  666   98 340 -460  2
4212500 3066500  7 27 12  23.1 1017 317  5.1 0 10.7  62  667  135 343 -471  2
4212500 3066500  7 27 13  23.5 1017 322  5.0 0 10.6  59  709  119 347 -477  2
4212500 3066500  7 27 14  24.1 1017 329  5.1 0 10.5  57  654  135 349 -479  2
4212500 3066500  7 27 15  23.8 1017 342  3.5 0 10.4  56  581  135 349 -477  2
4212500 3066500  7 27 16  24.0 1017 349  4.0 0 10.5  56  474  132 347 -471  2
4212500 3066500  7 27 17  24.1 1017 355  3.8 0 10.8  58  362  113 345 -463  2
4212500 3066500  7 27 18  23.3 1017 337  3.2 0 11.1  60  211  106 342 -453  2
4212500 3066500  7 27 19  22.5 1017 316  2.1 0 11.2  64   92   77 338 -443  2
4212500 3066500  7 27 20  21.3 1017 311  1.6 0 11.5  70   18   34 335 -432  2
4212500 3066500  7 27 21  19.5 1017 312  1.0 0 11.7  78    0    1 330 -421  2
4212500 3066500  7 27 22  18.2 1017 303  2.2 1 11.5  85    0    0 328 -414  2
4212500 3066500  7 27 23  18.2 1017 328  1.2 1 11.4  87    0    0 328 -410  2
4212500 3066500  7 27 24  16.5 1017 324  0.9 0 11.1  89    0    0 324 -408  2
4212500 3066500  7 28  1  16.7 1017 310  0.8 0 10.5  89    0    0 320 -407  2
4212500 3066500  7 28  2  14.7 1016 342  1.6 0 10.0  90    0    0 315 -407  2
4212500 3066500  7 28  3  15.0 1016 327  0.9 0  9.8  92    0    0 312 -406  2
4212500 3066500  7 28  4  15.2 1016 346  1.0 0  9.8  91    0    0 313 -405  2
4212500 3066500  7 28  5  15.2 1016 335  1.3 0  9.8  91    0    8 313 -403  2
4212500 3066500  7 28  6  16.6 1017 341  1.4 0 10.2  90   38   51 314 -405  2
4212500 3066500  7 28  7  18.9 1018 348  1.6 0 11.2  88  138   91 319 -412  2
4212500 3066500  7 28  8  21.5 1018   6  2.4 0 11.5  78  271  112 325 -423  2
4212500 3066500  7 28  9  23.1 1018  41  2.9 0 10.3  61  395  130 328 -436  2
4212500 3066500  7 28 10  23.6 1018  48  3.4 0  9.7  54  502  146 331 -449  2
4212500 3066500  7 28 11  24.6 1019  60  3.0 0  9.8  52  571  168 335 -460  2
4212500 3066500  7 28 12  25.0 1019  69  3.7 0  9.4  48  611  183 341 -469  2
4212500 3066500  7 28 13  24.9 1019  62  3.6 0  9.3  47  598  202 347 -473  2
4212500 3066500  7 28 14  24.8 1019  77  3.9 0  9.4  48  555  210 348 -473  2
4212500 3066500  7 28 15  25.3 1018  83  3.5 1  9.4  48  484  207 350 -470  2
4212500 3066500  7 28 16  26.1 1018  64  3.9 1  9.6  46  378  199 354 -464  2
4212500 3066500  7 28 17  24.7 1018  70  3.4 2  9.7  48  278  170 352 -456  2
4212500 3066500  7 28 18  23.3 1017  90  2.4 4  9.9  53  140  145 351 -447  2
4212500 3066500  7 28 19  22.3 1017 105  2.2 5  9.8  56   29   90 356 -438  2
4212500 3066500  7 28 20  21.6 1017  94  1.9 5 10.0  61    4   28 357 -431  2
4212500 3066500  7 28 21  20.7 1017 100  2.5 5 10.6  67    0    0 355 -425  2
4212500 3066500  7 28 22  19.8 1018 114  2.8 4 10.7  72    0    0 347 -422  2
4212500 3066500  7 28 23  19.5 1017 110  2.8 4 10.8  76    0    0 341 -421  2
4212500 3066500  7 28 24  19.0 1017 117  2.9 5 11.1  80    0    0 344 -421  2
4212500 3066500  7 29  1  17.8 1018 299  5.2 5 10.9  82    0    0 345 -421  2
4212500 3066500  7 29  2  16.3 1017  44  2.4 7 10.8  89    0    0 349 -422  2
4212500 3066500  7 29  3  16.1 1018  76  2.6 7 11.1  96    0    0 355 -423  2
4212500 3066500  7 29  4  16.6 1017 302  2.8 7 11.1  96    0    0 355 -423  2
4212500 3066500  7 29  5  16.1 1017 130  2.2 6 11.2  96    1    8 352 -422  2
4212500 3066500  7 29  6  17.5 1017 204  1.4 4 11.6  97   26   47 343 -422  2
4212500 3066500  7 29  7  18.2 1018   7  1.1 1 12.0  94  113   93 329 -424  2
4212500 3066500  7 29  8  20.8 1018  16  0.6 3 11.9  84  247  113 329 -429  2
4212500 3066500  7 29  9  21.8 1018 142  1.4 4 11.9  75  363  137 345 -438  2
4212500 3066500  7 29 10  22.5 1019 139  1.3 2 12.0  72  454  164 348 -448  2
4212500 3066500  7 29 11  23.3 1019  28  2.0 4 11.6  66  353  276 353 -455  2
4212500 3066500  7 29 12  24.6 1019 294  3.1 3 11.0  59  405  286 363 -461  2
4212500 3066500  7 29 13  24.4 1019  12  3.3 2 11.5  60  610  182 366 -462  2
4212500 3066500  7 29 14  24.0 1018  22  4.0 1 11.9  63  499  230 365 -454  2
4212500 3066500  7 29 15  23.7 1018  84  2.3 1 11.9  64  461  209 364 -448  2
4212500 3066500  7 29 16  23.9 1018   4  4.0 1 11.5  62  383  186 363 -452  2
4212500 3066500  7 29 17  23.6 1018 360  2.4 1 11.1  60  252  174 361 -460  2
4212500 3066500  7 29 18  23.7 1018 314  2.7 2 11.4  62  173  126 361 -462  2
4212500 3066500  7 29 19  22.1 1018 307  3.2 2 11.7  67   73   83 359 -455  2
4212500 3066500  7 29 20  20.7 1018 281  2.9 3 11.8  74    2   26 355 -447  2
4212500 3066500  7 29 21  18.9 1018 258  3.6 2 11.6  80    0    0 348 -440  2
4212500 3066500  7 29 22  17.6 1018 246  4.3 2 11.3  86    0    0 339 -435  2
4212500 3066500  7 29 23  17.3 1018 250  4.6 1 11.0  88    0    0 334 -432  2
4212500 3066500  7 29 24  16.5 1017 251  5.9 1 10.8  90    0    0 332 -430  2
4212500 3066500  7 30  1  16.3 1017 240  4.7 0 10.8  93    0    0 332 -429  2
4212500 3066500  7 30  2  15.9 1017 246  4.5 1 10.8  94    0    0 334 -428  2
4212500 3066500  7 30  3  15.6 1017 235  4.3 1 10.7  95    0    0 336 -426  2
4212500 3066500  7 30  4  16.0 1017 243  4.3 1 10.5  93    0    0 335 -425  2
4212500 3066500  7 30  5  15.8 1016 234  4.4 3 10.3  91    1    9 336 -423  2
4212500 3066500  7 30  6  16.4 1016 226  4.3 4 10.1  88   19   44 340 -423  2
4212500 3066500  7 30  7  18.1 1017 224  5.7 4 10.2  82   32  102 344 -425  2
4212500 3066500  7 30  8  20.7 1017 230  8.2 4 10.5  75  146  149 351 -430  2
4212500 3066500  7 30  9  22.2 1017 224  7.6 5 11.0  69  170  216 363 -438  2
4212500 3066500  7 30 10  23.2 1017 233  7.8 4 11.2  65  312  222 370 -446  2
4212500 3066500  7 30 11  25.3 1017 240  7.9 4 11.3  60  400  232 375 -454  2
4212500 3066500  7 30 12  25.3 1016 264  7.6 6 11.6  58   76  348 386 -459  2
4212500 3066500  7 30 13  24.2 1016 277  7.7 7 11.7  60   39  314 392 -461  2
4212500 3066500  7 30 14  24.7 1016 271  9.8 5 11.7  61  183  332 389 -461  2
4212500 3066500  7 30 15  24.5 1016 279  9.3 5 12.0  62  108  301 385 -461  2
4212500 3066500  7 30 16  23.3 1016 285 10.9 5 12.0  65  102  254 382 -456  2
4212500 3066500  7 30 17  23.1 1017 267 12.2 3 10.8  61  335  116 371 -450  2
4212500 3066500  7 30 18  22.3 1017 266 11.9 2  9.3  54  231   84 359 -441  2
4212500 3066500  7 30 19  21.1 1017 273 10.4 1  8.5  53  101   67 347 -433  2
4212500 3066500  7 30 20  19.4 1017 270  7.8 1  8.4  57   15   30 338 -425  2
4212500 3066500  7 30 21  18.4 1017 268  8.6 1  8.6  63    0    1 332 -417  2
4212500 3066500  7 30 22  17.9 1017 270  6.0 1  8.8  68    0    0 328 -411  2
4212500 3066500  7 30 23  17.3 1017 286  7.6 1  8.8  70    0    0 324 -406  2
4212500 3066500  7 30 24  16.6 1017 299  4.8 1  8.7  72    0    0 320 -403  2
4212500 3066500  7 31  1  16.1 1017 327  4.0 0  8.6  74    0    0 314 -401  2
4212500 3066500  7 31  2  15.4 1016 287  3.8 1  8.3  74    0    0 311 -399  2
4212500 3066500  7 31  3  14.8 1016 285  3.6 4  8.2  77    0    0 321 -400  2
4212500 3066500  7 31  4  14.9 1017 252  3.4 5  8.3  79    0    0 337 -402  2
4212500 3066500  7 31  5  14.3 1017 250  3.7 4  8.3  80    0    2 338 -403  2
4212500 3066500  7 31  6  14.1 1017 243  3.2 5  8.5  85   11   50 338 -403  2
4212500 3066500  7 31  7  15.5 1017 288  3.5 5  8.9  85   18  112 345 -405  2
4212500 3066500  7 31  8  17.9 1017 273  4.6 5  8.8  74   39  193 350 -411  2
4212500 3066500  7 31  9  18.4 1018 281  7.4 6  8.1  63   55  271 358 -418  2
4212500 3066500  7 31 10  18.2 1019 305  4.3 7  7.9  60   15  275 366 -425  2
4212500 3066500  7 31 11  18.8 1019 291  6.1 6  8.0  60   40  349 368 -429  2
4212500 3066500  7 31 12  18.0 1019 297  6.9 3  8.0  61  337  395 353 -433  2
4212500 3066500  7 31 13  17.8 1018 301  3.4 5  8.4  66  122  420 351 -435  2
4212500 3066500  7 31 14  18.6 1018 299  5.7 8  8.7  67    0  164 370 -435  2
4212500 3066500  7 31 15  17.7 1018 294  3.2 7  8.6  67    0  145 376 -436  2
4212500 3066500  7 31 16  17.2 1018 304  2.4 7  8.8  71    0  143 371 -433  2
4212500 3066500  7 31 17  14.9 1017 297  3.3 8  9.4  82    0   90 369 -428  2
4212500 3066500  7 31 18  15.7 1016 297  3.5 7 10.0  92    0   94 368 -426  2
4212500 3066500  7 31 19  15.0 1016 300  3.2 5 10.0  92    6   84 358 -422  2
4212500 3066500  7 31 20  14.9 1016 294  2.8 7  9.9  93    0   15 360 -418  2
4212500 3066500  7 31 21  14.6 1016 290  2.6 6  9.8  94    0    0 364 -415  2
4212500 3066500  7 31 22  14.6 1016 285  2.6 6  9.8  95    0    0 354 -411  2
4212500 3066500  7 31 23  14.8 1016 244  2.4 5 10.0  95    0    0 349 -408  2
4212500 3066500  7 31 24  15.2 1016 196  2.1 4 10.3  96    0    0 348 -405  2
4212500 3066500  8  1  1  15.7 1017 137  1.7 3 10.7  96    0    0 326 -410  2
4212500 3066500  8  1  2  16.0 1017  86  1.3 2 11.0  97    0    0 327 -409  2
4212500 3066500  8  1  3  16.1 1017  48  1.1 1 11.3  98    0    0 330 -408  2
4212500 3066500  8  1  4  16.2 1017  43  0.9 2 11.3  98    0    0 333 -406  2
4212500 3066500  8  1  5  17.0 1017  52  0.9 2 11.6  98    0    1 336 -405  2
4212500 3066500  8  1  6  17.6 1017  24  0.0 3 11.6  99   24   37 342 -405  2
4212500 3066500  8  1  7  20.6 1018  84  1.5 1 13.2  95  136   78 345 -412  2
4212500 3066500  8  1  8  22.6 1018 126  1.5 2 13.7  85  271   98 350 -428  2
4212500 3066500  8  1  9  22.9 1018 224  1.5 4 13.4  77  362  130 363 -449  2
4212500 3066500  8  1 10  24.1 1018 213  1.5 3 13.3  73  422  179 371 -471  2
4212500 3066500  8  1 11  24.8 1018 165  2.3 2 13.6  71  442  235 371 -493  2
4212500 3066500  8  1 12  25.8 1018 309  2.4 1 13.1  65  653  142 369 -508  2
4212500 3066500  8  1 13  26.8 1018  95  2.7 2 12.6  59  567  210 374 -513  2
4212500 3066500  8  1 14  26.8 1018 135  3.5 2 13.1  59  416  233 380 -511  2
4212500 3066500  8  1 15  27.3 1018 108  2.9 1 13.6  60  464  206 379 -504  2
4212500 3066500  8  1 16  25.9 1018  76  3.6 1 13.7  63  418  156 374 -493  2
4212500 3066500  8  1 17  24.8 1017  59  3.7 2 13.7  68  317  126 373 -482  2
4212500 3066500  8  1 18  24.8 1017 105  2.9 2 13.5  68  217   97 372 -470  2
4212500 3066500  8  1 19  23.1 1017 127  2.3 3 13.5  72   96   70 371 -459  2
4212500 3066500  8  1 20  21.6 1017 117  1.2 7 13.6  80   16   25 378 -449  2
4212500 3066500  8  1 21  20.1 1018 126  1.5 7 13.3  86    0    0 382 -439  2
4212500 3066500  8  1 22  19.1 1018 139  1.3 5 12.9  90    0    0 372 -432  2
4212500 3066500  8  1 23  19.0 1018 178  1.5 5 13.0  94    0    0 364 -427  2
4212500 3066500  8  1 24  19.1 1018 182  1.6 5 13.1  94    0    0 365 -424  2
4212500 3066500  8  2  1  18.8 1018 193  1.8 5 12.6  92    0    0 364 -422  2
4212500 3066500  8  2  2  18.4 1018 213  1.3 6 12.1  90    0    0 365 -423  2
4212500 3066500  8  2  3  17.8 1017 344  0.7 7 12.1  93    0    0 369 -424  2
4212500 3066500  8  2  4  17.6 1017   4  0.6 7 12.1  95    0    0 372 -425  2
4212500 3066500  8  2  5  18.7 1017 334  2.1 7 11.9  91    0    0 374 -427  2
4212500 3066500  8  2  6  19.0 1017   3  1.1 7 12.2  90    0    9 376 -428  2
4212500 3066500  8  2  7  20.4 1017  20  0.6 7 13.2  92    0   48 379 -429  2
4212500 3066500  8  2  8  22.0 1018  68  1.9 7 13.7  87    1   75 384 -433  2
4212500 3066500  8  2  9  22.7 1018  63  2.7 7 13.8  82   10  158 388 -438  2
4212500 3066500  8  2 10  25.2 1018  84  2.7 6 13.7  73   80  297 391 -443  2
4212500 3066500  8  2 11  25.3 1018 102  3.0 6 13.7  68  165  333 395 -448  2
4212500 3066500  8  2 12  24.6 1018  59  3.5 7 13.8  70   47  255 396 -455  2
4212500 3066500  8  2 13  23.6 1018  60  4.6 8 13.3  70    5  204 394 -466  2
4212500 3066500  8  2 14  23.0 1018  69  4.8 6 13.3  74   39  274 387 -472  2
4212500 3066500  8  2 15  23.6 1018  79  4.4 6 13.9  77   21  232 381 -475  2
4212500 3066500  8  2 16  24.9 1018 121  4.7 4 13.7  72  150  274 377 -474  2
4212500 3066500  8  2 17  24.0 1018 123  4.5 4 13.4  70  214  187 370 -467  2
4212500 3066500  8  2 18  23.5 1018 114  3.2 5 13.5  73   78  150 365 -458  2
4212500 3066500  8  2 19  22.6 1018  86  2.7 4 13.4  76   69   67 360 -446  2
4212500 3066500  8  2 20  21.1 1019  89  1.4 6 13.2  80   11   19 355 -435  2
4212500 3066500  8  2 21  19.6 1019  62  1.2 5 13.0  87    0    0 352 -424  2
4212500 3066500  8  2 22  18.6 1019  40  0.8 4 12.9  93    0    0 346 -416  2
4212500 3066500  8  2 23  18.6 1019  45  1.2 3 12.8  95    0    0 339 -411  2
4212500 3066500  8  2 24  18.1 1019 323  0.8 2 12.4  94    0    0 331 -407  2
4212500 3066500  8  3  1  17.1 1019  48  1.1 1 12.0  95    0    0 322 -404  2
4212500 3066500  8  3  2  17.2 1018 338  1.1 2 11.8  97    0    0 321 -401  2
4212500 3066500  8  3  3  17.0 1018 306  1.9 3 11.9  98    0    0 324 -400  2
4212500 3066500  8  3  4  17.6 1019 335  1.4 6 12.2  98    0    0 333 -400  2
4212500 3066500  8  3  5  17.8 1019 345  1.7 5 12.4  98    0    1 339 -401  2
4212500 3066500  8  3  6  18.7 1019 341  2.0 5 12.9  98    8   34 338 -402  2
4212500 3066500  8  3  7  19.7 1020 358  2.2 3 13.9 100   80   87 334 -407  2
4212500 3066500  8  3  8  21.0 1020   6  2.6 3 14.1  94  234  101 332 -419  2
4212500 3066500  8  3  9  22.9 1020 359  2.5 2 13.2  80  449   76 336 -436  2
4212500 3066500  8  3 10  23.9 1021 357  2.1 3 12.0  66  479  129 340 -454  2
4212500 3066500  8  3 11  24.9 1021  23  1.8 3 10.8  57  484  196 346 -471  2
4212500 3066500  8  3 12  24.5 1021  90  2.4 2 10.4  54  452  252 348 -485  2
4212500 3066500  8  3 13  25.0 1020   0  3.4 2 10.3  53  486  238 349 -492  2
4212500 3066500  8  3 14  25.0 1021 338  2.9 2 10.0  51  269  304 349 -493  2
4212500 3066500  8  3 15  24.9 1021 345  3.3 2 10.0  51  291  281 348 -489  2
4212500 3066500  8  3 16  25.7 1021 323  3.7 1  9.9  49  353  189 347 -482  2
4212500 3066500  8  3 17  25.1 1021 322  3.9 2  9.5  47  353   97 346 -473  2
4212500 3066500  8  3 18  24.1 1020 291  2.8 3  9.5  49   99  141 344 -463  2
4212500 3066500  8  3 19  23.2 1020 349  1.8 2 10.5  58   71   64 341 -452  2
4212500 3066500  8  3 20  21.0 1021  20  1.7 2 11.4  69   13   20 335 -439  2
4212500 3066500  8  3 21  18.3 1021 336  1.2 1 11.3  79    0    0 325 -427  2
4212500 3066500  8  3 22  17.0 1020 356  1.1 1 10.9  86    0    0 317 -419  2
4212500 3066500  8  3 23  17.0 1020 305  1.5 1 10.6  88    0    0 316 -414  2
4212500 3066500  8  3 24  16.4 1020   9  1.7 0 10.6  89    0    0 315 -411  2
4212500 3066500  8  4  1  16.7 1020  21  2.2 1 10.8  92    0    0 318 -408  2
4212500 3066500  8  4  2  16.6 1021  15  2.6 1 10.7  90    0    0 322 -407  2
4212500 3066500  8  4  3  16.2 1021  17  2.5 0 10.2  88    0    0 319 -407  2
4212500 3066500  8  4  4  15.9 1021  29  2.4 0  9.8  86    0    0 313 -406  2
4212500 3066500  8  4  5  14.7 1021  19  2.1 0  9.5  88    0    0 310 -405  2
4212500 3066500  8  4  6  16.8 1021  50  2.8 0  9.6  86   49   36 312 -406  2
4212500 3066500  8  4  7  19.5 1022  25  2.6 0  9.9  76  172   66 322 -412  2
4212500 3066500  8  4  8  21.2 1023  10  3.5 0  9.3  62  302   87 332 -426  2
4212500 3066500  8  4  9  22.1 1024 336  3.0 0  8.6  54  440   95 340 -443  2
4212500 3066500  8  4 10  22.7 1024 346  3.0 0  8.4  50  544  110 347 -462  2
4212500 3066500  8  4 11  22.8 1024 304  3.3 1  8.5  50  509  190 355 -482  2
4212500 3066500  8  4 12  23.0 1024 304  3.0 1  8.7  50  512  231 360 -501  2
4212500 3066500  8  4 13  24.5 1024 347  3.2 1  8.6  47  642  153 364 -511  2
4212500 3066500  8  4 14  23.0 1024 316  3.1 1  8.8  48  610  155 365 -507  2
4212500 3066500  8  4 15  24.0 1024 326  4.1 1  8.7  48  563  136 362 -497  2
4212500 3066500  8  4 16  24.0 1024 320  4.4 1  8.0  43  454  132 360 -489  2
4212500 3066500  8  4 17  23.5 1024 325  4.0 1  8.0  44  329  119 357 -480  2
4212500 3066500  8  4 18  23.2 1023 342  3.1 1  8.3  47  199   99 352 -470  2
4212500 3066500  8  4 19  22.1 1023 334  2.5 0  8.7  51   83   66 346 -459  2
4212500 3066500  8  4 20  19.3 1023 323  1.7 1  9.2  61   11   20 338 -448  2
4212500 3066500  8  4 21  16.9 1023 314  1.7 1  9.4  73    0    0 331 -437  2
4212500 3066500  8  4 22  16.5 1023 302  2.4 0  9.3  79    0    0 322 -429  2
4212500 3066500  8  4 23  15.8 1023 296  2.2 0  9.1  80    0    0 317 -424  2
4212500 3066500  8  4 24  15.2 1023 281  2.0 0  9.0  83    0    0 315 -422  2
4212500 3066500  8  5  1  15.3 1023 272  1.4 0  9.1  85    0    0 315 -420  2
4212500 3066500  8  5  2  14.9 1023 271  1.2 0  9.2  87    0    0 313 -418  2
4212500 3066500  8  5  3  14.5 1023 276  1.7 0  9.2  89    0    0 312 -415  2
4212500 3066500  8  5  4  14.4 1023 274  1.3 0  9.2  90    0    0 310 -413  2
4212500 3066500  8  5  5  14.5 1023 275  1.6 1  9.3  91    0    1 311 -410  2
4212500 3066500  8  5  6  16.0 1024 283  1.2 2  9.8  91   38   35 316 -410  2
4212500 3066500  8  5  7  19.4 1024 306  1.6 0 10.8  86  149   65 321 -415  2
4212500 3066500  8  5  8  21.0 1025 312  1.8 1 11.1  76  280   79 328 -428  2
4212500 3066500  8  5  9  21.6 1025 314  3.4 2 10.5  67  237  188 337 -445  2
4212500 3066500  8  5 10  22.8 1025 293  4.3 3 10.1  61  329  218 345 -457  2
4212500 3066500  8  5 11  22.9 1025 309  4.7 2  9.7  56  546  152 349 -466  2
4212500 3066500  8  5 12  23.4 1025 315  4.8 2  8.8  50  704   86 349 -472  2
4212500 3066500  8  5 13  23.7 1025 315  5.2 2  8.1  45  284  283 351 -475  2
4212500 3066500  8  5 14  24.0 1025 293  4.3 1  8.2  45  708   75 351 -476  2
4212500 3066500  8  5 15  23.9 1025 333  4.2 1  8.5  46  580  110 350 -474  2
4212500 3066500  8  5 16  24.0 1025 301  5.1 1  8.6  46  377  173 348 -470  2
4212500 3066500  8  5 17  23.3 1024 305  4.1 1  8.7  48  352   94 345 -463  2
4212500 3066500  8  5 18  22.8 1024 312  4.0 1  8.6  49  206   86 340 -455  2
4212500 3066500  8  5 19  21.7 1024 303  2.5 2  8.6  52   82   61 337 -444  2
4212500 3066500  8  5 20  19.3 1024 326  2.0 2  9.1  61    9   19 335 -433  2
4212500 3066500  8  5 21  17.3 1023 312  1.9 1  9.3  71    0    0 326 -423  2
4212500 3066500  8  5 22  16.4 1023 310  1.6 0  9.2  78    0    0 315 -417  2
4212500 3066500  8  5 23  15.7 1023 338  1.8 0  9.0  80    0    0 310 -415  2
4212500 3066500  8  5 24  15.0 1023 303  2.8 0  8.7  81    0    0 307 -414  2
4212500 3066500  8  6  1  14.4 1023 317  1.9 0  8.6  83    0    0 307 -415  2
4212500 3066500  8  6  2  14.3 1023 309  2.2 0  8.7  86    0    0 308 -415  2
4212500 3066500  8  6  3  14.3 1023 334  1.8 0  8.9  88    0    0 309 -415  2
4212500 3066500  8  6  4  13.7 1022 313  1.5 2  8.9  90    0    0 318 -416  2
4212500 3066500  8  6  5  13.9 1022 303  1.9 3  8.9  91    0    0 331 -418  2
4212500 3066500  8  6  6  15.9 1022 286  1.9 3  9.5  90    7   32 340 -420  2
4212500 3066500  8  6  7  18.3 1022 302  1.6 2  9.9  82  109   76 345 -423  2
4212500 3066500  8  6  8  19.9 1024 317  3.4 1  9.7  71  280   81 345 -431  2
4212500 3066500  8  6  9  21.5 1024 327  3.5 1  9.5  62  426   84 350 -443  2
4212500 3066500  8  6 10  22.9 1024 302  3.0 1  9.3  56  502  113 357 -459  2
4212500 3066500  8  6 11  22.7 1024 323  1.3 2  9.4  55  398  241 365 -479  2
4212500 3066500  8  6 12  23.4 1024 283  1.0 2  9.7  55  378  287 370 -504  2
4212500 3066500  8  6 13  23.9 1024  37  3.6 1  9.7  54  630  151 370 -525  2
4212500 3066500  8  6 14  23.9 1024  57  4.0 1 10.1  55  514  195 371 -518  2
4212500 3066500  8  6 15  23.6 1024  59  4.4 1 10.4  57  473  186 371 -497  2
4212500 3066500  8  6 16  23.8 1023  78  3.6 1 10.1  55  435  133 370 -487  2
4212500 3066500  8  6 17  23.4 1023  80  3.0 1  9.9  54  339  102 368 -478  2
4212500 3066500  8  6 18  22.9 1023  79  2.7 0  9.7  55  206   88 362 -465  2
4212500 3066500  8  6 19  22.0 1023  98  1.3 0  9.8  58   86   61 357 -453  2
4212500 3066500  8  6 20  19.3 1023  34  0.0 1 10.0  66   12   18 352 -443  2
4212500 3066500  8  6 21  16.3 1022  19  0.0 2  9.9  78    0    0 347 -434  2
4212500 3066500  8  6 22  15.5 1022  16  0.0 1  9.8  87    0    0 340 -429  2
4212500 3066500  8  6 23  15.1 1022  59  0.6 1  9.8  91    0    0 335 -428  2
4212500 3066500  8  6 24  14.4 1022 359  0.8 1  9.7  93    0    0 333 -427  2
4212500 3066500  8  7  1  13.8 1022 345  0.7 1  9.5  95    0    0 331 -426  2
4212500 3066500  8  7  2  13.8 1022 261  1.4 1  9.3  95    0    0 329 -425  2
4212500 3066500  8  7  3  13.7 1021 239  0.7 2  9.1  94    0    0 332 -425  2
4212500 3066500  8  7  4  13.3 1021 227  0.7 2  8.9  93    0    0 334 -425  2
4212500 3066500  8  7  5  14.5 1021 250  2.0 2  9.2  93    0    0 336 -424  2
4212500 3066500  8  7  6  15.7 1022 227  1.0 2 10.0  94   28   37 340 -423  2
4212500 3066500  8  7  7  18.1 1022 230  1.6 1 10.4  87  132   78 341 -426  2
4212500 3066500  8  7  8  20.3 1022 212  1.8 2 10.0  72  243  109 348 -433  2
4212500 3066500  8  7  9  22.1 1022 195  2.1 2  9.2  59  381  125 356 -444  2
4212500 3066500  8  7 10  23.5 1022 201  2.0 1  8.4  49  517  130 357 -456  2
4212500 3066500  8  7 11  25.0 1022 170  1.8 2  7.7  41  595  144 360 -467  2
4212500 3066500  8  7 12  25.7 1022 163  1.9 2  7.4  37  612  167 365 -479  2
4212500 3066500  8  7 13  26.4 1022 208  2.4 2  7.4  35  530  230 367 -487  2
4212500 3066500  8  7 14  25.8 1021 223  3.4 1  7.6  36  516  219 364 -490  2
4212500 3066500  8  7 15  26.4 1021 150  2.1 1  8.0  38  509  174 362 -489  2
4212500 3066500  8  7 16  25.3 1021  30  3.8 1  8.6  42  400  168 360 -483  2
4212500 3066500  8  7 17  24.4 1020  42  3.4 1  9.1  46  288  142 357 -475  2
4212500 3066500  8  7 18  23.3 1020   7  2.5 1  8.8  48  173  108 350 -465  2
4212500 3066500  8  7 19  22.4 1020  32  1.4 1  8.8  51   65   68 345 -454  2
4212500 3066500  8  7 20  19.1 1019 345  0.7 0  9.1  60    7   19 332 -443  2
4212500 3066500  8  7 21  16.4 1019   5  0.8 1  9.2  73    0    0 320 -433  2
4212500 3066500  8  7 22  15.8 1018 144  1.0 1  9.0  79    0    0 314 -426  2
4212500 3066500  8  7 23  15.0 1018 355  1.0 1  9.0  83    0    0 311 -422  2
4212500 3066500  8  7 24  14.8 1018   3  0.5 2  9.3  88    0    0 312 -419  2
4212500 3066500  8  8  1  14.8 1018 337  0.4 2  9.6  92    0    0 315 -416  2
4212500 3066500  8  8  2  14.7 1018 284  0.5 1  9.8  93    0    0 314 -414  2
4212500 3066500  8  8  3  15.1 1018 317  1.5 2  9.7  92    0    0 315 -412  2
4212500 3066500  8  8  4  15.2 1017 336  1.0 2  9.7  90    0    0 320 -409  2
4212500 3066500  8  8  5  15.3 1018 317  1.2 3 10.0  92    0    0 323 -408  2
4212500 3066500  8  8  6  16.9 1018 347  0.6 3 10.6  93   24   34 328 -408  2
4212500 3066500  8  8  7  20.4 1019 343  1.0 3 11.4  85  131   73 336 -415  2
4212500 3066500  8  8  8  22.3 1019 357  2.2 3 11.5  73  241  102 344 -428  2
4212500 3066500  8  8  9  23.3 1019 359  2.9 3 11.1  64  299  156 348 -444  2
4212500 3066500  8  8 10  23.7 1020   1  3.4 5 10.8  60  413  173 356 -459  2
4212500 3066500  8  8 11  24.5 1020  14  3.0 5 10.5  56  553  152 363 -472  2
4212500 3066500  8  8 12  25.6 1020 347  2.6 4  9.7  49  648  131 364 -484  2
4212500 3066500  8  8 13  26.2 1019  33  3.1 2  9.4  45  667  130 362 -490  2
4212500 3066500  8  8 14  26.3 1019  52  2.7 2  9.6  45  621  139 361 -490  2
4212500 3066500  8  8 15  26.6 1019  97  2.5 1  9.6  45  532  147 360 -490  2
4212500 3066500  8  8 16  26.3 1019  52  2.6 1  9.9  46  438  133 358 -487  2
4212500 3066500  8  8 17  25.8 1019 141  2.5 2 10.3  49  314  118 358 -481  2
4212500 3066500  8  8 18  24.5 1019 143  2.3 2 10.5  53  186   95 356 -470  2
4212500 3066500  8  8 19  23.9 1019 162  1.3 2 10.7  57   76   62 352 -456  2
4212500 3066500  8  8 20  21.1 1019 146  1.2 3 11.1  65   10   17 346 -443  2
4212500 3066500  8  8 21  18.9 1019 166  1.2 3 11.5  78    0    0 341 -433  2
4212500 3066500  8  8 22  17.9 1019 145  0.9 2 11.4  86    0    0 332 -426  2
4212500 3066500  8  8 23  17.2 1019 162  0.9 2 11.0  88    0    0 326 -421  2
4212500 3066500  8  8 24  17.4 1018 183  1.6 4 10.9  88    0    0 330 -419  2
4212500 3066500  8  9  1  17.6 1018 229  2.1 3 11.0  88    0    0 334 -418  2
4212500 3066500  8  9  2  18.0 1018 225  2.0 2 10.5  83    0    0 327 -415  2
4212500 3066500  8  9  3  17.4 1018 205  2.4 1 10.3  81    0    0 318 -413  2
4212500 3066500  8  9  4  17.5 1018 217  2.4 1 10.3  83    0    0 313 -412  2
4212500 3066500  8  9  5  17.3 1018 232  3.0 1 10.0  81    0    0 312 -410  2
4212500 3066500  8  9  6  18.7 1018 242  3.1 0 10.0  77   29   32 310 -410  2
4212500 3066500  8  9  7  20.7 1018 267  2.9 0 10.3  72  141   64 312 -414  2
4212500 3066500  8  9  8  22.6 1018 270  3.9 1 11.0  68  283   79 321 -424  2
4212500 3066500  8  9  9  24.5 1018 309  4.6 2 12.1  66  440   71 335 -438  2
4212500 3066500  8  9 10  25.4 1018 345  4.5 3 12.8  65  554   77 348 -451  2
4212500 3066500  8  9 11  25.1 1018  15  5.4 3 12.9  64  665   70 354 -463  2
4212500 3066500  8  9 12  25.1 1019  52  6.0 3 12.8  64  559  172 356 -471  2
4212500 3066500  8  9 13  24.4 1019  48  7.3 4 12.8  65  422  194 359 -476  2
4212500 3066500  8  9 14  24.6 1019  60  5.8 4 12.5  65  479  159 359 -477  2
4212500 3066500  8  9 15  23.9 1019  35  7.7 2 11.9  63  425  194 355 -475  2
4212500 3066500  8  9 16  23.1 1019  43  7.9 2 11.3  62  367  161 347 -471  2
4212500 3066500  8  9 17  22.5 1019  67  6.7 3 11.0  63  291  121 344 -465  2
4212500 3066500  8  9 18  21.9 1019  72  6.3 3 10.8  64  192   83 342 -456  2
4212500 3066500  8  9 19  20.6 1019  89  4.6 3 10.1  64   69   57 336 -444  2
4212500 3066500  8  9 20  18.7 1019  78  3.7 4  9.7  68    8   16 331 -432  2
4212500 3066500  8  9 21  17.2 1019  73  2.3 3  9.4  74    0    0 324 -422  2
4212500 3066500  8  9 22  16.3 1018  54  1.3 2  9.2  78    0    0 316 -414  2
4212500 3066500  8  9 23  14.6 1018  22  1.8 2  9.0  82    0    0 312 -408  2
4212500 3066500  8  9 24  15.4 1018  60  1.8 3  8.9  84    0    0 314 -404  2
4212500 3066500  8 10  1  14.9 1018  60  1.6 1  8.8  82    0    0 315 -403  2
4212500 3066500  8 10  2  14.2 1018  35  1.5 1  8.7  85    0    0 310 -402  2
4212500 3066500  8 10  3  13.9 1018  10  1.2 1  8.7  87    0    0 309 -402  2
4212500 3066500  8 10  4  13.6 1018  20  1.2 0  8.7  89    0    0 306 -402  2
4212500 3066500  8 10  5  13.5 1018  74  1.1 0  8.6  89    0    0 302 -402  2
4212500 3066500  8 10  6  15.4 1018  18  1.0 0  8.8  86   38   30 305 -403  2
4212500 3066500  8 10  7  19.2 1018 109  1.0 0  9.6  78  150   60 314 -410  2
4212500 3066500  8 10  8  21.5 1019  37  1.5 0  9.9  66  287   76 324 -424  2
4212500 3066500  8 10  9  22.9 1019   3  2.8 0  9.4  56  430   77 330 -441  2
4212500 3066500  8 10 10  23.5 1020  32  2.9 0  9.1  51  573   63 335 -456  2
4212500 3066500  8 10 11  24.3 1020 347  2.7 0  9.3  50  669   61 340 -470  2
4212500 3066500  8 10 12  24.7 1020  29  2.8 0  9.4  49  714   68 345 -481  2
4212500 3066500  8 10 13  24.8 1020   7  3.2 0  9.8  50  704   85 350 -489  2
4212500 3066500  8 10 14  25.1 1019  53  4.7 2 10.2  52  233  289 359 -492  2
4212500 3066500  8 10 15  24.3 1020  60  5.5 1 10.9  56  568  105 363 -493  2
4212500 3066500  8 10 16  24.1 1019  61  5.1 1 11.7  62  458  104 359 -490  2
4212500 3066500  8 10 17  23.8 1019  90  4.1 1 11.7  63  320  102 357 -484  2
4212500 3066500  8 10 18  23.5 1019 111  3.4 0 11.3  62  198   78 351 -474  2
4212500 3066500  8 10 19  22.0 1019 114  3.1 0 11.1  64   77   54 343 -461  2
4212500 3066500  8 10 20  19.7 1019  85  2.2 1 11.2  73    9   14 338 -448  2
4212500 3066500  8 10 21  18.5 1020  95  2.4 1 11.1  80    0    0 332 -437  2
4212500 3066500  8 10 22  17.7 1020 103  3.0 2 10.7  83    0    0 328 -431  2
4212500 3066500  8 10 23  17.3 1019 116  2.4 2 10.3  83    0    0 326 -428  2
4212500 3066500  8 10 24  16.7 1019  94  2.1 0 10.0  83    0    0 320 -425  2
4212500 3066500  8 11  1  15.1 1019 111  1.0 0  9.5  84    0    0 312 -423  2
4212500 3066500  8 11  2  14.9 1019  12  0.9 0  9.0  85    0    0 310 -421  2
4212500 3066500  8 11  3  16.0 1019 163  1.7 0  9.3  85    0    0 311 -419  2
4212500 3066500  8 11  4  15.7 1019 180  1.3 0  9.4  84    0    0 314 -417  2
4212500 3066500  8 11  5  15.4 1020 172  1.7 1  9.0  82    0    0 314 -416  2
4212500 3066500  8 11  6  16.3 1020 183  1.5 1  9.0  80   33   33 316 -416  2
4212500 3066500  8 11  7  18.4 1020 192  3.2 0  9.2  74  133   67 318 -422  2
4212500 3066500  8 11  8  19.8 1021 176  3.4 1  8.9  65  263   86 321 -435  2
4212500 3066500  8 11  9  20.7 1021 176  3.4 1  8.4  57  387  106 326 -453  2
4212500 3066500  8 11 10  22.2 1021 165  2.7 0  8.0  50  505  114 329 -473  2
4212500 3066500  8 11 11  23.6 1021 175  2.7 1  7.7  44  579  131 335 -492  2
4212500 3066500  8 11 12  25.1 1021 138  2.2 1  7.7  41  600  159 345 -507  2
4212500 3066500  8 11 13  25.2 1021 124  2.9 0  8.0  40  590  174 350 -517  2
4212500 3066500  8 11 14  26.1 1021 118  2.8 0  8.5  42  540  184 352 -523  2
4212500 3066500  8 11 15  25.8 1021  94  3.3 0  9.1  44  480  172 355 -523  2
4212500 3066500  8 11 16  25.8 1021 139  3.4 0  9.2  45  394  151 354 -516  2
4212500 3066500  8 11 17  25.2 1020  25  3.2 0  9.2  45  279  130 350 -507  2
4212500 3066500  8 11 18  24.5 1020   8  2.4 0  9.5  48  163  100 346 -494  2
4212500 3066500  8 11 19  22.9 1020 117  2.5 1 10.1  55   65   59 343 -479  2
4212500 3066500  8 11 20  21.1 1020 140  2.0 3 10.5  64    5   14 342 -462  2
4212500 3066500  8 11 21  19.7 1020 165  2.0 3 10.8  72    0    0 338 -448  2
4212500 3066500  8 11 22  19.4 1020 167  2.1 2 10.7  76    0    0 331 -439  2
4212500 3066500  8 11 23  21.1 1019 178  3.3 2 11.0  74    0    0 331 -434  2
4212500 3066500  8 11 24  20.6 1019 190  3.9 4 11.4  74    0    0 336 -432  2
4212500 3066500  8 12  1  20.2 1019 190  4.1 4 10.9  73    0    0 336 -430  2
4212500 3066500  8 12  2  20.2 1019 191  3.8 6 10.3  70    0    0 337 -428  2
4212500 3066500  8 12  3  20.4 1019 214  4.3 7  9.7  65    0    0 342 -426  2
4212500 3066500  8 12  4  20.5 1019 219  4.3 7  9.2  62    0    0 343 -425  2
4212500 3066500  8 12  5  20.2 1018 242  4.4 7  9.3  62    0    0 344 -424  2
4212500 3066500  8 12  6  20.5 1018 244  4.0 7  9.3  62   11   31 344 -424  2
4212500 3066500  8 12  7  21.5 1018 238  4.5 4  9.2  59   50   86 342 -428  2
4212500 3066500  8 12  8  23.6 1018 234  4.7 2  9.0  53  170  131 338 -439  2
4212500 3066500  8 12  9  25.9 1018 239  5.2 3  8.6  44  257  174 344 -452  2
4212500 3066500  8 12 10  27.4 1018 240  5.3 4  8.1  37  320  221 354 -465  2
4212500 3066500  8 12 11  28.9 1018 249  4.9 5  7.7  32  320  278 364 -478  2
4212500 3066500  8 12 12  29.2 1018 282  6.1 6  7.9  32  289  320 374 -486  2
4212500 3066500  8 12 13  29.1 1017 284  5.9 6  8.1  32  299  322 377 -490  2
4212500 3066500  8 12 14  28.3 1017 303  5.3 6  8.5  35  357  281 375 -490  2
4212500 3066500  8 12 15  28.3 1017 309  5.3 4  8.9  37  347  253 371 -488  2
4212500 3066500  8 12 16  27.5 1017 299  4.6 4  9.4  40  232  238 365 -484  2
4212500 3066500  8 12 17  27.1 1017 312  3.7 5 10.2  45  105  199 365 -478  2
4212500 3066500  8 12 18  26.1 1016 322  2.9 5 10.7  49   79  130 363 -470  2
4212500 3066500  8 12 19  23.7 1016 329  1.7 5 11.1  56   40   62 356 -461  2
4212500 3066500  8 12 20  21.6 1016 263  0.9 5 11.7  68    0    9 346 -449  2
4212500 3066500  8 12 21  20.1 1016   5  0.0 5 11.8  77    0    0 337 -438  2
4212500 3066500  8 12 22  19.6 1016 356  0.6 5 11.8  81    0    0 331 -430  2
4212500 3066500  8 12 23  19.6 1015 212  1.3 5 11.8  82    0    0 329 -425  2
4212500 3066500  8 12 24  19.1 1015 212  1.4 5 11.7  83    0    0 327 -421  2
4212500 3066500  8 13  1  19.2 1015 217  1.0 5 11.9  86    0    0 325 -418  2
4212500 3066500  8 13  2  19.0 1014 238  1.1 4 12.2  88    0    0 324 -414  2
4212500 3066500  8 13  3  18.4 1014   6  0.7 4 12.2  90    0    0 321 -412  2
4212500 3066500  8 13  4  17.9 1013  13  0.9 4 12.1  92    0    0 320 -411  2
4212500 3066500  8 13  5  17.8 1013  15  1.4 5 12.2  94    0    0 322 -410  2
4212500 3066500  8 13  6  18.3 1012  47  2.0 7 12.5  96    9   29 332 -409  2
4212500 3066500  8 13  7  20.9 1012  54  2.1 4 13.4  93   81   84 341 -412  2
4212500 3066500  8 13  8  24.5 1011  61  2.6 3 13.4  77  151  142 345 -419  2
4212500 3066500  8 13  9  25.5 1012  84  2.9 4 12.7  63  240  188 356 -429  2
4212500 3066500  8 13 10  26.7 1012 108  3.2 4 12.2  57  355  215 364 -440  2
4212500 3066500  8 13 11  27.1 1011  98  1.9 2 11.8  53  416  245 364 -450  2
4212500 3066500  8 13 12  27.6 1011 123  3.3 2 11.3  50  471  254 363 -459  2
4212500 3066500  8 13 13  27.9 1010 154  2.8 1 11.0  47  457  270 366 -468  2
4212500 3066500  8 13 14  29.1 1010  26  4.0 0 10.4  42  410  273 368 -479  2
4212500 3066500  8 13 15  29.0 1010  21  4.8 1 10.1  40  360  255 371 -486  2
4212500 3066500  8 13 16  28.4 1009 114  4.4 1 10.7  43  265  233 375 -483  2
4212500 3066500  8 13 17  26.2 1009 290  6.3 5 11.3  49   61  188 381 -480  2
4212500 3066500  8 13 18  23.8 1010 327  9.3 5 11.4  57   25  120 383 -474  2
4212500 3066500  8 13 19  22.5 1010 275  8.9 2 10.8  61   29   62 369 -464  2
4212500 3066500  8 13 20  21.7 1010 286  9.3 3 10.7  64    3   13 358 -454  2
4212500 3066500  8 13 21  20.9 1011 277  9.6 3 10.5  66    0    0 356 -451  2
4212500 3066500  8 13 22  20.2 1011 275  9.6 3 10.2  67    0    0 350 -449  2
4212500 3066500  8 13 23  19.4 1011 283  8.7 3 10.2  72    0    0 343 -444  2
4212500 3066500  8 13 24  18.7 1011 244  7.3 3 10.4  77    0    0 335 -438  2
4212500 3066500  8 14  1  18.1 1017 196  5.6 4 10.6  82    0    0 346 -404  2
4212500 3066500  8 14  2  17.8 1016 127  4.4 5 10.8  85    0    0 349 -404  2
4212500 3066500  8 14  3  17.5 1016  74  3.7 6 10.9  87    0    0 364 -403  2
4212500 3066500  8 14  4  17.5 1016  26  3.9 6 10.9  87    0    0 366 -402  2
4212500 3066500  8 14  5  17.4 1015  79  3.9 6 11.2  90    0    3 362 -400  2
4212500 3066500  8 14  6  17.2 1015  31  4.9 7 11.3  92    0   22 367 -400  2
4212500 3066500  8 14  7  17.9 1015  28  3.9 8 12.2  97    0   23 380 -402  2
4212500 3066500  8 14  8  18.3 1015  27  3.7 8 12.7  97    0   60 390 -406  2
4212500 3066500  8 14  9  19.0 1014  39  3.5 7 12.8  95    0   84 388 -414  2
4212500 3066500  8 14 10  18.6 1014 342  3.5 8 13.0  95    0   81 390 -427  2
4212500 3066500  8 14 11  19.2 1014 344  4.4 7 13.1  95    0  146 390 -443  2
4212500 3066500  8 14 12  19.2 1014   5  3.4 7 13.2  94    0  130 385 -453  2
4212500 3066500  8 14 13  18.7 1014 357  3.8 7 13.1  95    0  119 384 -461  2
4212500 3066500  8 14 14  18.4 1013 310  3.8 8 13.0  97    0  106 388 -465  2
4212500 3066500  8 14 15  17.9 1013 309  3.7 8 13.0  99    0   77 390 -464  2
4212500 3066500  8 14 16  17.9 1013 318  4.8 7 12.9 100    0  101 383 -462  2
4212500 3066500  8 14 17  18.4 1013 308  5.2 8 13.0  99    1  127 383 -458  2
4212500 3066500  8 14 18  18.4 1012 285  5.1 7 13.2  99    1   95 383 -449  2
4212500 3066500  8 14 19  18.5 1012 272  5.6 8 13.2  98    8   68 383 -436  2
4212500 3066500  8 14 20  18.4 1012 285  4.9 8 13.1  98    0   12 386 -423  2
4212500 3066500  8 14 21  18.2 1013 232  4.6 8 12.9  98    0    0 386 -413  2
4212500 3066500  8 14 22  18.2 1014 226  4.1 8 12.8  98    0    0 384 -406  2
4212500 3066500  8 14 23  18.3 1014 231  4.2 8 12.9  98    0    0 386 -402  2
4212500 3066500  8 14 24  17.8 1014 224  4.8 8 12.9  99    0    0 386 -401  2
4212500 3066500  8 15  1  17.7 1013 209  5.4 6 12.7 100    0    0 377 -401  2
4212500 3066500  8 15  2  17.6 1014 251  3.9 8 12.6  99    0    0 377 -400  2
4212500 3066500  8 15  3  17.6 1014 243  3.1 8 12.5  98    0    0 386 -400  2
4212500 3066500  8 15  4  17.6 1014 237  2.8 8 12.4  98    0    0 386 -401  2
4212500 3066500  8 15  5  17.6 1014 251  2.4 8 12.4  98    0    0 386 -400  2
4212500 3066500  8 15  6  17.7 1013 225  1.5 6 12.5  98    0    7 377 -401  2
4212500 3066500  8 15  7  17.8 1014 233  1.5 8 12.6  99    0   45 377 -406  2
4212500 3066500  8 15  8  18.1 1014 205  1.7 6 12.7  98    0   69 376 -415  2
4212500 3066500  8 15  9  18.4 1014 193  2.3 8 12.7  96    0   90 376 -426  2
4212500 3066500  8 15 10  18.8 1014 196  2.4 8 12.6  93    0  174 387 -435  2
4212500 3066500  8 15 11  19.6 1013 123  2.4 8 12.6  90    8  248 389 -436  2
4212500 3066500  8 15 12  21.1 1013 124  2.7 7 13.0  86   27  306 390 -440  2
4212500 3066500  8 15 13  20.5 1013  74  2.7 8 13.1  85    1  221 392 -448  2
4212500 3066500  8 15 14  20.2 1013  39  4.3 8 12.9  86    4  231 397 -451  2
4212500 3066500  8 15 15  20.6 1012  58  5.1 5 12.9  86  152  313 386 -449  2
4212500 3066500  8 15 16  20.3 1011  51  6.1 5 13.0  86  134  260 374 -447  2
4212500 3066500  8 15 17  20.1 1011  50  6.1 6 13.2  88   25  179 379 -442  2
4212500 3066500  8 15 18  20.2 1010  47  6.3 7 13.3  89    8  106 388 -436  2
4212500 3066500  8 15 19  20.0 1009  62  6.4 8 13.5  90   13   56 396 -431  2
4212500 3066500  8 15 20  20.2 1009  58  4.1 7 13.8  93    0   10 397 -427  2
4212500 3066500  8 15 21  20.6 1009  52  2.7 5 14.2  93    0    0 384 -424  2
4212500 3066500  8 15 22  20.7 1009  83  2.5 4 14.4  93    0    0 372 -422  2
4212500 3066500  8 15 23  20.4 1009  61  1.8 4 14.3  93    0    0 368 -422  2
4212500 3066500  8 15 24  20.2 1009  78  2.2 1 14.3  95    0    0 356 -422  2
4212500 3066500  8 16  1  19.5 1008  77  2.6 3 14.3  97    0    0 354 -423  2
4212500 3066500  8 16  2  19.1 1007 120  2.6 5 14.1  99    0    0 370 -423  2
4212500 3066500  8 16  3  18.9 1007 161  1.8 5 13.9 100    0    0 377 -420  2
4212500 3066500  8 16  4  17.7 1008  22  2.3 4 13.3 100    0    0 370 -417  2
4212500 3066500  8 16  5  18.6 1007   4  2.0 5 12.9  98    0    0 369 -414  2
4212500 3066500  8 16  6  18.9 1007  65  2.6 5 13.4  98    0   12 376 -412  2
4212500 3066500  8 16  7  19.4 1007  88  2.6 5 14.1 100   17   72 376 -412  2
4212500 3066500  8 16  8  20.0 1007 105  3.4 3 14.3  98  242   65 366 -415  2
4212500 3066500  8 16  9  20.8 1007  97  4.0 3 14.3  94  359   84 358 -418  2
4212500 3066500  8 16 10  20.9 1007 105  2.8 3 14.4  92  329  183 363 -421  2
4212500 3066500  8 16 11  20.2 1007 146  2.9 8 14.4  94    2  208 385 -424  2
4212500 3066500  8 16 12  20.3 1007 199  3.6 8 13.9  92    2  225 401 -430  2
4212500 3066500  8 16 13  21.1 1007 173  3.6 6 13.5  87   89  317 396 -437  2
4212500 3066500  8 16 14  21.5 1008 190  3.5 6 13.0  81   61  296 393 -450  2
4212500 3066500  8 16 15  22.2 1008 152  2.5 6 12.5  75   50  264 392 -459  2
4212500 3066500  8 16 16  21.7 1009 163  3.2 4 12.3  74  172  215 385 -457  2
4212500 3066500  8 16 17  21.6 1009 182  2.4 4 11.7  72  101  172 374 -452  2
4212500 3066500  8 16 18  21.0 1009 172  1.8 6 11.1  70   23  111 375 -445  2
4212500 3066500  8 16 19  19.9 1009 202  1.1 5 11.1  73   26   49 373 -436  2
4212500 3066500  8 16 20  18.0 1009 223  1.5 5 11.2  81    0    3 361 -429  2
4212500 3066500  8 16 21  15.7 1009 295  0.5 2 10.9  90    0    0 340 -425  2
4212500 3066500  8 16 22  17.0 1008 287  1.4 0 10.5  90    0    0 317 -423  2
4212500 3066500  8 16 23  15.3 1008 342  0.9 0 10.3  89    0    0 304 -421  2
4212500 3066500  8 16 24  17.2 1008 319  1.1 2 10.4  89    0    0 313 -419  2
4212500 3066500  8 17  1  16.2 1007 275  2.3 6 10.8  90    0    0 343 -419  2
4212500 3066500  8 17  2  15.7 1007 267  1.3 8 11.0  96    0    0 368 -419  2
4212500 3066500  8 17  3  16.0 1006 280  3.2 7 11.0  97    0    0 372 -419  2
4212500 3066500  8 17  4  16.4 1005 259  1.5 8 11.1  96    0    0 373 -418  2
4212500 3066500  8 17  5  15.9 1004 278  2.5 8 11.2  96    0    0 378 -417  2
4212500 3066500  8 17  6  16.4 1004 272  3.0 8 11.2  96    0    6 378 -417  2
4212500 3066500  8 17  7  16.4 1003 275  2.6 7 11.2  94    0   31 372 -417  2
4212500 3066500  8 17  8  16.8 1002 263  3.6 8 11.3  94    0   84 372 -416  2
4212500 3066500  8 17  9  17.5 1002 242  2.4 8 11.4  92    0  135 379 -416  2
4212500 3066500  8 17 10  18.4 1002 269  3.6 7 11.3  86   19  242 375 -416  2
4212500 3066500  8 17 11  19.2 1002 265  3.8 4 11.1  81   86  321 357 -414  2
4212500 3066500  8 17 12  20.9 1002 247  2.8 4 11.3  76  174  344 347 -412  2
4212500 3066500  8 17 13  20.3 1002 239  2.6 6 11.0  72  115  346 363 -413  2
4212500 3066500  8 17 14  20.9 1001 230  3.7 7 10.4  68   45  303 380 -416  2
4212500 3066500  8 17 15  20.6 1001 182  3.3 8 10.3  66    0  158 391 -417  2
4212500 3066500  8 17 16  21.0 1001 227  2.9 8 10.4  67    1  164 397 -415  2
4212500 3066500  8 17 17  20.0 1001 276  1.7 5 10.6  69   27  174 385 -415  2
4212500 3066500  8 17 18  19.2 1001  10  1.7 8 11.0  76   68  123 384 -416  2
4212500 3066500  8 17 19  17.9 1000 191  2.4 7 11.1  82    0   27 389 -417  2
4212500 3066500  8 17 20  17.2 1000 178  2.0 7 11.0  86    0    1 381 -416  2
4212500 3066500  8 17 21  16.5 1000 339  1.2 8 10.9  89    0    0 383 -415  2
4212500 3066500  8 17 22  16.4 1000 192  2.4 8 11.0  92    0    0 387 -414  2
4212500 3066500  8 17 23  16.6 1000 209  3.4 8 11.0  92    0    0 387 -415  2
4212500 3066500  8 17 24  16.3 1000 215  3.1 8 10.9  92    0    0 387 -414  2
4212500 3066500  8 18  1  16.3 1000 215  3.3 8 10.8  92    0    0 386 -413  2
4212500 3066500  8 18  2  16.0 1000 231  3.6 8 10.8  93    0    0 386 -411  2
4212500 3066500  8 18  3  15.7  999 227  3.7 7 10.8  95    0    0 381 -410  2
4212500 3066500  8 18  4  16.1  999 219  4.0 7 10.9  95    0    0 376 -409  2
4212500 3066500  8 18  5  15.5  999 208  5.0 7 10.7  94    0    0 376 -408  2
4212500 3066500  8 18  6  15.6  999 215  4.3 8 10.4  93    0    4 381 -407  2
4212500 3066500  8 18  7  15.6  999 207  4.9 8 10.4  92    0   17 388 -409  2
4212500 3066500  8 18  8  15.5  999 213  4.9 8 10.4  93    0   49 389 -412  2
4212500 3066500  8 18  9  15.8  999 205  5.3 8 10.6  94    0   57 391 -417  2
4212500 3066500  8 18 10  16.0  999 214  4.7 8 10.9  95    0  105 392 -422  2
4212500 3066500  8 18 11  16.0  999 230  5.5 7 11.0  95    0  188 386 -430  2
4212500 3066500  8 18 12  16.3  999 231  5.5 7 11.0  94    5  231 382 -437  2
4212500 3066500  8 18 13  17.1  999 240  5.7 6 11.2  93   42  283 380 -432  2
4212500 3066500  8 18 14  18.2  999 246  6.1 6 11.3  88   35  265 378 -428  2
4212500 3066500  8 18 15  18.4 1000 236  6.3 7 11.4  85    4  192 383 -425  2
4212500 3066500  8 18 16  19.0 1000 275  5.0 8 11.5  84   24  192 391 -420  2
4212500 3066500  8 18 17  18.4 1000 225  4.9 8 11.4  83    0  100 393 -420  2
4212500 3066500  8 18 18  18.2 1000 234  4.2 7 11.4  85   31  102 386 -417  2
4212500 3066500  8 18 19  17.8 1000 225  4.7 6 11.4  86    2   43 377 -415  2
4212500 3066500  8 18 20  17.0 1001 227  3.6 7 11.0  87    0    1 373 -413  2
4212500 3066500  8 18 21  16.6 1001 232  3.3 8 10.8  89    0    0 378 -412  2
4212500 3066500  8 18 22  16.4 1002 242  3.8 6 10.8  90    0    0 372 -409  2
4212500 3066500  8 18 23  15.6 1002 231  3.9 4 10.5  91    0    0 354 -405  2
4212500 3066500  8 18 24  15.9 1003 252  3.0 4 10.5  93    0    0 344 -400  2
4212500 3066500  8 19  1  15.9 1003 255  3.6 8 10.6  93    0    0 359 -398  2
4212500 3066500  8 19  2  15.8 1003 236  3.6 7 10.5  92    0    0 368 -398  2
4212500 3066500  8 19  3  15.3 1003 236  3.9 6 10.3  92    0    0 358 -399  2
4212500 3066500  8 19  4  14.5 1003 243  4.4 6 10.0  93    0    0 352 -401  2
4212500 3066500  8 19  5  14.9 1003 237  5.0 7 10.0  94    0    0 355 -402  2
4212500 3066500  8 19  6  14.5 1004 235  5.5 8  9.9  94    0   13 363 -403  2
4212500 3066500  8 19  7  14.2 1005 256  6.3 6  9.4  91   16   72 356 -404  2
4212500 3066500  8 19  8  16.4 1005 266  7.0 5  9.4  86  119  131 345 -404  2
4212500 3066500  8 19  9  17.3 1006 278  7.9 5  9.5  78  193  186 345 -406  2
4212500 3066500  8 19 10  17.5 1007 264  9.9 5  9.0  72  281  224 343 -414  2
4212500 3066500  8 19 11  18.5 1007 270 11.1 4  8.8  68  311  266 340 -421  2
4212500 3066500  8 19 12  18.9 1008 258 12.3 3  8.6  63  489  216 336 -427  2
4212500 3066500  8 19 13  20.3 1008 260 11.0 2  8.5  60  534  197 333 -428  2
4212500 3066500  8 19 14  20.7 1009 268  8.4 1  8.7  58  424  236 329 -428  2
4212500 3066500  8 19 15  20.4 1009 270 10.0 1  8.5  56  359  225 323 -432  2
4212500 3066500  8 19 16  20.5 1010 273  9.0 2  8.3  55  311  184 322 -433  2
4212500 3066500  8 19 17  20.1 1010 267  8.7 2  8.6  57  216  147 322 -428  2
4212500 3066500  8 19 18  19.5 1011 266  6.6 1  8.8  60  124  102 316 -421  2
4212500 3066500  8 19 19  18.2 1012 276  5.8 1  8.6  63   26   52 309 -414  2
4212500 3066500  8 19 20  16.8 1012 274  4.0 1  8.6  69    0    0 303 -406  2
4212500 3066500  8 19 21  15.6 1013 270  5.5 0  9.0  78    0    0 296 -400  2
4212500 3066500  8 19 22  15.4 1013 263  5.7 0  9.1  82    0    0 290 -397  2
4212500 3066500  8 19 23  14.0 1014 258  4.5 0  9.0  86    0    0 286 -395  2
4212500 3066500  8 19 24  13.6 1014 272  5.0 0  8.9  90    0    0 282 -392  2
4212500 3066500  8 20  1  13.2 1015 252  3.5 0  8.8  92    0    0 279 -390  2
4212500 3066500  8 20  2  12.6 1016 252  3.8 0  8.7  94    0    0 279 -388  2
4212500 3066500  8 20  3  12.5 1016 249  3.0 0  8.7  96    0    0 277 -386  2
4212500 3066500  8 20  4  11.8 1016 249  2.7 0  8.5  96    0    0 278 -384  2
4212500 3066500  8 20  5  12.2 1016 239  2.7 1  8.5  97    0    0 280 -383  2
4212500 3066500  8 20  6  12.8 1017 230  3.2 3  8.9  98   12   29 292 -382  2
4212500 3066500  8 20  7  15.0 1017 229  3.1 4  9.3  94   80   93 307 -384  2
4212500 3066500  8 20  8  17.5 1017 238  3.3 3  9.8  85  182  154 316 -392  2
4212500 3066500  8 20  9  18.7 1019 220  5.2 4  9.6  74  266  204 323 -405  2
4212500 3066500  8 20 10  20.2 1019 213  5.4 5  9.4  67  339  252 336 -419  2
4212500 3066500  8 20 11  21.4 1019 215  4.7 5  9.5  62  291  331 347 -432  2
4212500 3066500  8 20 12  21.7 1019 223  4.3 5  9.1  57  291  364 351 -444  2
4212500 3066500  8 20 13  22.2 1019 220  4.6 5  8.9  54  231  385 354 -452  2
4212500 3066500  8 20 14  22.2 1019 218  3.7 6  9.2  55  101  349 360 -450  2
4212500 3066500  8 20 15  21.9 1019 229  3.4 8  9.3  56    6  212 369 -445  2
4212500 3066500  8 20 16  22.0 1019 246  2.4 8  9.3  57   27  219 374 -444  2
4212500 3066500  8 20 17  22.1 1018 145  2.4 6  9.4  57   81  204 367 -442  2
4212500 3066500  8 20 18  21.3 1018 179  1.8 6  9.7  60   39  126 360 -433  2
4212500 3066500  8 20 19  20.6 1018 180  1.5 6  9.9  64    5   43 359 -425  2
4212500 3066500  8 20 20  19.5 1018 172  1.7 6 10.1  69    0    0 359 -419  2
4212500 3066500  8 20 21  19.8 1018 177  2.3 7 10.5  73    0    0 362 -415  2
4212500 3066500  8 20 22  19.4 1018 189  3.1 7 10.5  74    0    0 367 -414  2
4212500 3066500  8 20 23  19.2 1019 196  3.3 8 10.4  74    0    0 371 -413  2
4212500 3066500  8 20 24  18.8 1019 197  3.5 8 10.0  73    0    0 373 -413  2
4212500 3066500  8 21  1  18.7 1019 194  4.1 6  9.7  72    0    0 366 -413  2
4212500 3066500  8 21  2  18.4 1019 196  4.4 6  9.6  72    0    0 358 -410  2
4212500 3066500  8 21  3  17.7 1018 195  4.4 6  9.6  74    0    0 355 -407  2
4212500 3066500  8 21  4  17.4 1018 202  3.8 4  9.5  76    0    0 347 -404  2
4212500 3066500  8 21  5  16.6 1017 203  4.5 3  9.4  78    0    0 335 -401  2
4212500 3066500  8 21  6  16.7 1017 204  4.1 3  9.3  79   19   24 328 -399  2
4212500 3066500  8 21  7  18.2 1018 197  4.1 3  9.5  77  113   61 329 -401  2
4212500 3066500  8 21  8  20.5 1018 210  4.1 2 10.0  71  238   85 329 -408  2
4212500 3066500  8 21  9  22.4 1018 196  4.2 2 10.4  65  397   90 332 -421  2
4212500 3066500  8 21 10  24.7 1018 221  4.8 2 11.0  61  537   87 342 -436  2
4212500 3066500  8 21 11  26.1 1018 235  5.4 3 11.6  57  607  102 357 -452  2
4212500 3066500  8 21 12  27.0 1018 232  5.7 3 11.7  54  632  122 371 -464  2
4212500 3066500  8 21 13  26.8 1017 244  7.2 3 11.9  53  568  167 379 -470  2
4212500 3066500  8 21 14  27.2 1017 275  6.5 5 11.9  54  258  298 390 -470  2
4212500 3066500  8 21 15  26.4 1017 273  6.0 5 12.0  54   98  273 398 -466  2
4212500 3066500  8 21 16  24.3 1017 277  6.3 6 12.4  61   19  193 396 -459  2
4212500 3066500  8 21 17  24.3 1017 250  5.1 5 12.4  65   22  160 390 -454  2
4212500 3066500  8 21 18  23.9 1017 266  4.1 5 12.4  66   55  110 387 -449  2
4212500 3066500  8 21 19  21.5 1017 273  2.3 4 12.7  73   21   46 379 -441  2
4212500 3066500  8 21 20  19.6 1017 257  2.9 4 12.6  83    0    0 369 -434  2
4212500 3066500  8 21 21  18.8 1017 254  3.0 3 12.5  90    0    0 360 -428  2
4212500 3066500  8 21 22  19.1 1017 246  2.4 6 12.5  91    0    0 364 -424  2
4212500 3066500  8 21 23  19.4 1017 247  2.5 8 12.7  91    0    0 380 -422  2
4212500 3066500  8 21 24  18.8 1016 231  3.1 7 12.7  92    0    0 382 -419  2
4212500 3066500  8 22  1  18.0 1016 231  3.0 3 12.5  94    0    0 364 -416  2
4212500 3066500  8 22  2  18.1 1016 203  2.8 2 12.4  95    0    0 347 -411  2
4212500 3066500  8 22  3  17.9 1015 201  2.5 2 12.2  94    0    0 344 -405  2
4212500 3066500  8 22  4  18.2 1015 201  2.9 2 12.2  94    0    0 343 -400  2
4212500 3066500  8 22  5  18.5 1014 202  3.0 4 12.2  92    0    0 347 -394  2
4212500 3066500  8 22  6  18.5 1013 202  2.3 5 12.1  90   13   27 352 -391  2
4212500 3066500  8 22  7  19.9 1013 199  3.2 6 12.3  88   61   82 356 -393  2
4212500 3066500  8 22  8  22.0 1013 217  4.6 5 12.6  81   57  155 359 -403  2
4212500 3066500  8 22  9  22.8 1012 222  5.8 4 12.8  75  162  222 358 -416  2
4212500 3066500  8 22 10  24.3 1012 232  6.2 4 13.1  71  171  290 362 -429  2
4212500 3066500  8 22 11  25.0 1012 221  6.6 4 13.2  67  170  338 368 -441  2
4212500 3066500  8 22 12  25.1 1011 231  6.6 6 13.2  66   60  328 377 -453  2
4212500 3066500  8 22 13  23.9 1010 290  6.9 4 13.2  68  141  366 378 -462  2
4212500 3066500  8 22 14  24.5 1010 282  7.6 3 13.0  68  333  322 375 -464  2
4212500 3066500  8 22 15  24.3 1010 267  7.4 3 12.8  66  176  319 375 -461  2
4212500 3066500  8 22 16  23.3 1010 271  5.8 4 13.0  70   95  257 375 -455  2
4212500 3066500  8 22 17  22.8 1009 269  5.3 6 12.8  72   92  197 378 -449  2
4212500 3066500  8 22 18  20.4 1009 283  5.6 7 12.0  73   15  105 377 -441  2
4212500 3066500  8 22 19  18.0 1009 256  5.5 8 11.7  83    0   24 372 -432  2
4212500 3066500  8 22 20  16.3 1009 256  4.6 8 11.3  92    0    0 368 -423  2
4212500 3066500  8 22 21  16.3 1009 247  5.2 8 10.9  94    0    0 368 -419  2
4212500 3066500  8 22 22  16.4 1009 241  4.2 8 11.1  95    0    0 372 -418  2
4212500 3066500  8 22 23  16.4 1008 255  3.4 8 11.4  96    0    0 374 -418  2
4212500 3066500  8 22 24  16.4 1008 247  4.5 7 11.5  98    0    0 376 -418  2
4212500 3066500  8 23  1  16.5 1008 240  2.7 7 11.6  98    0    0 376 -419  2
4212500 3066500  8 23  2  16.7 1008 232  3.2 7 11.7  98    0    0 379 -419  2
4212500 3066500  8 23  3  16.8 1007 285  1.6 8 11.8  98    0    0 382 -419  2
4212500 3066500  8 23  4  16.5 1007 249  3.3 7 11.7  98    0    0 383 -418  2
4212500 3066500  8 23  5  16.5 1007 262  2.2 7 11.5  97    0    0 381 -415  2
4212500 3066500  8 23  6  16.5 1006 210  1.6 8 11.5  97    0   15 382 -413  2
4212500 3066500  8 23  7  17.1 1006 188  1.3 6 11.8  98   25   70 380 -415  2
4212500 3066500  8 23  8  17.8 1006 189  1.4 5 11.9  94   63  141 376 -420  2
4212500 3066500  8 23  9  18.9 1005 183  2.5 6 11.9  89  180  192 378 -428  2
4212500 3066500  8 23 10  19.5 1005 141  3.1 5 12.0  85  277  229 381 -434  2
4212500 3066500  8 23 11  20.9 1004 159  2.8 6 12.3  82  131  306 385 -437  2
4212500 3066500  8 23 12  20.9 1003 127  3.2 6 12.5  80   89  315 391 -438  2
4212500 3066500  8 23 13  20.5 1002 168  3.5 6 12.8  82   24  275 390 -444  2
4212500 3066500  8 23 14  20.2 1001  79  4.0 7 13.2  87    0  143 393 -454  2
4212500 3066500  8 23 15  20.5 1000 117  3.7 8 13.7  90    0   86 400 -459  2
4212500 3066500  8 23 16  19.9  999 130  3.8 7 14.0  92    1  147 400 -452  2
4212500 3066500  8 23 17  20.6  998 178  4.8 6 14.2  94   14  145 396 -443  2
4212500 3066500  8 23 18  20.7  997 156  4.4 7 14.2  91    0   37 398 -439  2
4212500 3066500  8 23 19  20.7  996 194  4.6 8 13.9  89    0   24 403 -435  2
4212500 3066500  8 23 20  20.8  995 191  5.5 6 13.8  88    0    0 406 -428  2
4212500 3066500  8 23 21  20.6  995 206  5.8 5 13.4  86    0    0 391 -423  2
4212500 3066500  8 23 22  20.2  994 217  6.1 4 12.8  83    0    0 374 -418  2
4212500 3066500  8 23 23  19.3  995 211  5.6 3 11.8  80    0    0 366 -413  2
4212500 3066500  8 23 24  18.3  996 198  5.0 2 10.6  77    0    0 352 -410  2
4212500 3066500  8 24  1  17.2 1019 176  4.0 1  9.6  76    0    0 291 -388  2
4212500 3066500  8 24  2  16.5 1019 158  3.3 0  8.9  75    0    0 285 -387  2
4212500 3066500  8 24  3  15.8 1018 147  2.7 0  8.5  75    0    0 283 -387  2
4212500 3066500  8 24  4  15.5 1018 152  2.7 1  8.4  76    0    0 282 -385  2
4212500 3066500  8 24  5  15.6 1018 152  2.8 2  8.4  76    0    0 284 -384  2
4212500 3066500  8 24  6  14.9 1018 162  2.7 4  8.2  78    8   18 295 -384  2
4212500 3066500  8 24  7  16.6 1018 162  3.7 5  8.2  74   70   58 310 -387  2
4212500 3066500  8 24  8  17.8 1017 158  3.6 4  8.4  69  214   77 312 -397  2
4212500 3066500  8 24  9  19.1 1018 135  3.0 4  8.5  64  359   86 312 -412  2
4212500 3066500  8 24 10  20.3 1018 137  3.4 4  8.8  62  485   89 315 -428  2
4212500 3066500  8 24 11  21.8 1018 121  4.1 4  9.1  59  572   97 317 -443  2
4212500 3066500  8 24 12  22.1 1017 120  5.1 4  8.6  52  602  115 318 -454  2
4212500 3066500  8 24 13  22.4 1016 100  5.3 2  8.3  49  573  142 316 -459  2
4212500 3066500  8 24 14  22.5 1016  92  6.0 1  8.3  49  520  153 314 -459  2
4212500 3066500  8 24 15  22.5 1015 106  6.3 1  8.0  47  438  155 313 -456  2
4212500 3066500  8 24 16  21.9 1014  94  6.1 1  8.4  50  335  145 313 -450  2
4212500 3066500  8 24 17  21.3 1014  90  6.3 1  9.3  58  218  123 312 -442  2
4212500 3066500  8 24 18  20.4 1013  88  5.2 1  9.6  62  106   88 310 -433  2
4212500 3066500  8 24 19  19.2 1012 103  4.7 1  9.9  68   19   37 307 -423  2
4212500 3066500  8 24 20  18.4 1012 102  3.7 0 10.1  74    0    0 301 -415  2
4212500 3066500  8 24 21  17.9 1012  97  2.7 0 10.5  80    0    0 297 -410  2
4212500 3066500  8 24 22  18.4 1012 113  4.2 0 10.2  78    0    0 295 -408  2
4212500 3066500  8 24 23  18.3 1011 117  3.7 0  9.8  74    0    0 295 -408  2
4212500 3066500  8 24 24  18.4 1011 120  3.7 0  9.3  70    0    0 295 -408  2
4212500 3066500  8 25  1  18.1 1011 119  3.7 0  8.8  67    0    0 293 -408  2
4212500 3066500  8 25  2  18.0 1010 122  3.9 0  8.9  68    0    0 293 -408  2
4212500 3066500  8 25  3  17.2 1010 122  3.7 0  9.0  71    0    0 294 -406  2
4212500 3066500  8 25  4  17.4 1010 128  4.3 0  9.2  74    0    0 294 -404  2
4212500 3066500  8 25  5  16.3 1009 133  3.7 0  9.3  77    0    0 294 -403  2
4212500 3066500  8 25  6  16.6 1009 124  3.5 0  9.4  80   14   21 294 -401  2
4212500 3066500  8 25  7  17.4 1009 149  3.8 1  9.5  78   93   62 299 -403  2
4212500 3066500  8 25  8  18.4 1009 139  3.7 1  9.6  74  210   94 302 -409  2
4212500 3066500  8 25  9  19.7 1009 143  3.8 1  9.8  71  337  114 305 -419  2
4212500 3066500  8 25 10  20.6 1009 142  4.2 1 10.0  68  413  143 308 -432  2
4212500 3066500  8 25 11  22.3 1009 138  3.8 4 10.4  65  269  271 322 -446  2
4212500 3066500  8 25 12  23.4 1009 146  4.0 4 10.6  61  288  301 339 -459  2
4212500 3066500  8 25 13  24.6 1009 145  3.8 2 10.6  56  410  256 337 -469  2
4212500 3066500  8 25 14  24.7 1008 142  3.3 3 10.8  55  440  219 338 -474  2
4212500 3066500  8 25 15  24.6 1008 133  3.2 4 10.9  56  214  273 345 -477  2
4212500 3066500  8 25 16  23.5 1008 125  2.7 6 11.3  60   53  210 355 -477  2
4212500 3066500  8 25 17  23.5 1008 107  2.4 7 11.5  63    3  117 366 -473  2
4212500 3066500  8 25 18  23.4 1008 131  2.9 7 11.6  63    0   58 370 -465  2
4212500 3066500  8 25 19  22.0 1008  78  1.9 7 11.9  68    0   16 369 -454  2
4212500 3066500  8 25 20  20.5 1008  35  1.9 7 12.2  76    0    0 366 -444  2
4212500 3066500  8 25 21  19.9 1008 244  2.3 8 12.3  82    0    0 367 -437  2
4212500 3066500  8 25 22  20.1 1008 288  1.5 8 11.8  80    0    0 370 -434  2
4212500 3066500  8 25 23  19.0 1008 237  3.7 8 11.7  82    0    0 368 -432  2
4212500 3066500  8 25 24  18.6 1008 144  2.2 8 12.2  89    0    0 367 -429  2
4212500 3066500  8 26  1  19.1 1008 207  3.0 7 12.5  90    0    0 365 -425  2
4212500 3066500  8 26  2  19.2 1008 220  2.6 7 12.5  89    0    0 363 -420  2
4212500 3066500  8 26  3  18.7 1008 232  3.8 7 12.3  89    0    0 361 -417  2
4212500 3066500  8 26  4  18.5 1008 266  5.6 7 12.1  90    0    0 359 -415  2
4212500 3066500  8 26  5  18.1 1009 277  6.2 8 11.9  90    0    0 360 -415  2
4212500 3066500  8 26  6  17.4 1009 264  4.9 7 11.7  92    5   18 356 -414  2
4212500 3066500  8 26  7  17.1 1010 274  5.4 6 11.4  92   23   64 341 -414  2
4212500 3066500  8 26  8  17.3 1011 272  9.2 5 10.7  86   81  131 329 -419  2
4212500 3066500  8 26  9  18.2 1012 284  8.6 5 10.0  79  230  163 326 -428  2
4212500 3066500  8 26 10  18.5 1012 283  8.2 5  9.6  73  265  225 329 -439  2
4212500 3066500  8 26 11  19.8 1013 269  6.9 4  9.3  67  333  255 329 -448  2
4212500 3066500  8 26 12  20.6 1013 263  7.1 4  9.0  60  409  255 331 -455  2
4212500 3066500  8 26 13  21.2 1013 259  5.7 4  8.7  56  389  275 339 -462  2
4212500 3066500  8 26 14  21.3 1014 284  3.3 4  8.7  55  359  269 346 -465  2
4212500 3066500  8 26 15  21.7 1014 293  3.3 5  8.7  54  223  280 354 -465  2
4212500 3066500  8 26 16  22.0 1014 250  2.5 5  8.6  53  161  232 358 -461  2
4212500 3066500  8 26 17  21.2 1014 169  2.4 5  8.7  54   94  170 356 -453  2
4212500 3066500  8 26 18  20.5 1014 326  1.7 5  8.6  56   39  102 351 -442  2
4212500 3066500  8 26 19  18.8 1014  93  1.7 4  8.8  62    7   33 344 -429  2
4212500 3066500  8 26 20  16.5 1014 112  1.7 3  9.2  73    0    0 331 -416  2
4212500 3066500  8 26 21  15.9 1013 115  1.4 2  9.3  80    0    0 319 -406  2
4212500 3066500  8 26 22  15.6 1013 149  1.9 0  9.6  86    0    0 307 -401  2
4212500 3066500  8 26 23  15.5 1013 150  1.7 0 10.0  90    0    0 301 -399  2
4212500 3066500  8 26 24  14.5 1013 161  1.2 2  9.9  93    0    0 311 -400  2
4212500 3066500  8 27  1  16.4 1013 173  2.8 4  9.9  90    0    0 333 -402  2
4212500 3066500  8 27  2  16.4 1014 185  2.3 3 10.0  85    0    0 342 -405  2
4212500 3066500  8 27  3  14.8 1013 203  2.2 2  9.6  86    0    0 334 -408  2
4212500 3066500  8 27  4  15.2 1013 184  2.4 2  9.1  85    0    0 331 -409  2
4212500 3066500  8 27  5  13.4 1013 156  0.9 1  8.7  85    0    0 327 -410  2
4212500 3066500  8 27  6  15.5 1013 172  3.9 0  9.0  88    8   19 324 -410  2
4212500 3066500  8 27  7  17.4 1014 154  1.9 1 10.1  86   81   56 334 -411  2
4212500 3066500  8 27  8  19.1 1014 174  2.5 1 10.6  80  208   80 344 -415  2
4212500 3066500  8 27  9  20.4 1014 181  3.3 0 10.4  72  347   92 350 -424  2
4212500 3066500  8 27 10  22.0 1014 174  3.0 0 10.3  65  465  101 355 -439  2
4212500 3066500  8 27 11  23.4 1014 176  3.8 1  9.9  57  549  111 362 -455  2
4212500 3066500  8 27 12  24.9 1013 161  3.9 1  8.9  47  561  139 367 -467  2
4212500 3066500  8 27 13  25.2 1013 138  4.0 1  8.5  43  513  177 370 -475  2
4212500 3066500  8 27 14  25.3 1013 126  4.3 2  9.1  45  425  210 373 -481  2
4212500 3066500  8 27 15  24.9 1013 119  4.5 2  9.9  50  345  207 375 -484  2
4212500 3066500  8 27 16  25.2 1012 113  3.7 1 10.1  51  286  167 372 -482  2
4212500 3066500  8 27 17  24.4 1012 127  3.1 1 10.4  53  161  144 369 -473  2
4212500 3066500  8 27 18  24.2 1012 310  2.3 4 10.4  54   70   93 370 -459  2
4212500 3066500  8 27 19  21.0 1012  61  1.7 4 10.5  61    9   34 368 -449  2
4212500 3066500  8 27 20  19.4 1012  73  1.4 4 11.1  75    0    0 360 -441  2
4212500 3066500  8 27 21  19.1 1012 131  1.5 7 11.1  79    0    0 361 -436  2
4212500 3066500  8 27 22  18.5 1012 139  2.4 8 10.7  79    0    0 366 -433  2
4212500 3066500  8 27 23  18.9 1011 150  1.9 8 10.6  78    0    0 368 -432  2
4212500 3066500  8 27 24  18.5 1011 151  2.2 7 10.9  80    0    0 367 -431  2
4212500 3066500  8 28  1  19.9 1011 167  3.1 6 11.0  79    0    0 367 -430  2
4212500 3066500  8 28  2  19.7 1010 193  3.4 6 11.0  76    0    0 368 -428  2
4212500 3066500  8 28  3  19.4 1010 178  4.1 5 10.8  76    0    0 366 -427  2
4212500 3066500  8 28  4  18.2 1009 197  2.6 6 10.4  76    0    0 364 -426  2
4212500 3066500  8 28  5  17.9 1009 176  3.0 7 10.5  80    0    0 366 -425  2
4212500 3066500  8 28  6  18.7 1008 176  2.7 7 10.8  82    0    4 371 -426  2
4212500 3066500  8 28  7  19.9 1008 158  3.1 6 11.3  80    1   43 372 -429  2
4212500 3066500  8 28  8  20.7 1007 175  3.1 6 11.6  77   65  128 373 -435  2
4212500 3066500  8 28  9  22.0 1007 172  3.7 6 11.6  72  170  178 378 -444  2
4212500 3066500  8 28 10  23.6 1006 188  3.6 7 11.7  67   70  248 386 -457  2
4212500 3066500  8 28 11  23.8 1006 196  4.3 7 11.9  64   23  249 392 -472  2
4212500 3066500  8 28 12  25.2 1006 196  4.1 5 11.8  61  150  318 391 -484  2
4212500 3066500  8 28 13  24.8 1005 223  5.2 6 11.8  59    6  228 391 -484  2
4212500 3066500  8 28 14  24.1 1005 231  6.8 7 11.7  60    0  111 393 -476  2
4212500 3066500  8 28 15  22.3 1005 263  6.7 7 11.4  63    0  118 389 -471  2
4212500 3066500  8 28 16  24.1 1005 257  8.0 5 11.0  61   55  210 381 -460  2
4212500 3066500  8 28 17  21.3 1005 255  5.8 5 10.4  60   87  162 372 -447  2
4212500 3066500  8 28 18  19.7 1005 286  7.4 4 10.1  66   42   99 359 -441  2
4212500 3066500  8 28 19  18.4 1006 256  5.9 3  9.9  71   10   34 345 -435  2
4212500 3066500  8 28 20  17.8 1006 271  6.5 3  8.9  68    0    0 334 -426  2
4212500 3066500  8 28 21  15.9 1007 245  3.3 6  7.9  65    0    0 338 -415  2
4212500 3066500  8 28 22  15.3 1008 246  3.6 3  7.8  70    0    0 333 -409  2
4212500 3066500  8 28 23  14.4 1008 220  3.1 2  7.9  74    0    0 311 -405  2
4212500 3066500  8 28 24  14.6 1007 201  3.8 1  8.0  77    0    0 299 -401  2
4212500 3066500  8 29  1  14.7 1007 217  4.6 2  7.8  75    0    0 297 -399  2
4212500 3066500  8 29  2  14.0 1007 226  5.9 1  7.2  70    0    0 294 -396  2
4212500 3066500  8 29  3  13.5 1007 231  6.3 0  6.6  67    0    0 281 -392  2
4212500 3066500  8 29  4  12.6 1007 217  5.7 1  6.5  69    0    0 278 -390  2
4212500 3066500  8 29  5  12.3 1008 221  5.2 2  6.6  73    0    0 287 -388  2
4212500 3066500  8 29  6  12.1 1008 225  5.0 2  6.5  74   15   19 290 -385  2
4212500 3066500  8 29  7  12.7 1008 226  5.1 3  6.7  74  108   57 295 -386  2
4212500 3066500  8 29  8  14.3 1009 238  6.3 2  7.0  72  240   82 300 -392  2
4212500 3066500  8 29  9  15.3 1009 239  6.6 2  7.2  69  382   90 300 -403  2
4212500 3066500  8 29 10  17.0 1010 237  6.1 2  7.5  65  493   74 306 -414  2
4212500 3066500  8 29 11  17.1 1010 240  8.9 2  7.5  62  472  116 310 -425  2
4212500 3066500  8 29 12  17.9 1011 265  8.5 5  7.3  58   63  269 326 -433  2
4212500 3066500  8 29 13  18.3 1011 259  6.2 4  7.2  56  100  274 335 -438  2
4212500 3066500  8 29 14  18.1 1011 258  8.7 3  7.3  56  252  251 324 -437  2
4212500 3066500  8 29 15  18.0 1011 264  9.8 6  7.2  55   10  198 328 -437  2
4212500 3066500  8 29 16  15.4 1011 272  6.4 6  7.4  62   13  170 334 -436  2
4212500 3066500  8 29 17  15.9 1011 231  5.5 4  7.7  69  181  113 323 -432  2
4212500 3066500  8 29 18  15.6 1011 245  7.7 3  7.3  65  115   65 312 -426  2
4212500 3066500  8 29 19  14.7 1011 244  6.2 2  7.1  66   12   30 305 -416  2
4212500 3066500  8 29 20  14.3 1011 217  5.9 1  7.3  71    0    0 298 -405  2
4212500 3066500  8 29 21  14.1 1012 220  5.7 1  7.5  74    0    0 293 -397  2
4212500 3066500  8 29 22  13.1 1012 214  5.6 3  7.6  78    0    0 299 -393  2
4212500 3066500  8 29 23  13.0 1012 230  6.1 3  7.8  83    0    0 304 -389  2
4212500 3066500  8 29 24  12.9 1012 223  5.7 1  7.8  83    0    0 293 -386  2
4212500 3066500  8 30  1  12.2 1013 233  5.8 3  7.8  85    0    0 289 -384  2
4212500 3066500  8 30  2  11.8 1013 226  6.0 3  7.7  88    0    0 292 -382  2
4212500 3066500  8 30  3  11.4 1013 224  4.9 3  7.6  90    0    0 288 -379  2
4212500 3066500  8 30  4  11.1 1013 225  5.0 3  7.6  91    0    0 286 -378  2
4212500 3066500  8 30  5  10.8 1013 224  5.0 2  7.5  92    0    0 279 -378  2
4212500 3066500  8 30  6  10.7 1013 225  4.4 2  7.4  92    7   19 271 -378  2
4212500 3066500  8 30  7  11.7 1013 225  4.2 1  7.4  90   76   69 263 -379  2
4212500 3066500  8 30  8  13.5 1013 225  4.6 1  7.7  84  204  105 261 -386  2
4212500 3066500  8 30  9  14.8 1013 227  7.0 1  7.7  77  328  132 268 -397  2
4212500 3066500  8 30 10  16.3 1013 227  6.9 3  7.5  68  424  156 285 -408  2
4212500 3066500  8 30 11  17.0 1014 234  7.5 4  7.5  63  327  261 308 -419  2
4212500 3066500  8 30 12  17.0 1014 238  8.1 5  7.2  60  279  317 321 -433  2
4212500 3066500  8 30 13  18.8 1014 276  8.0 5  7.1  55  127  332 331 -438  2
4212500 3066500  8 30 14  17.8 1014 250  9.8 5  7.2  55   22  254 335 -437  2
4212500 3066500  8 30 15  17.6 1014 247  7.8 6  7.2  57   25  230 340 -437  2
4212500 3066500  8 30 16  15.5 1013 255  8.5 8  7.2  61    0  110 350 -437  2
4212500 3066500  8 30 17  15.3 1013 230  5.6 6  7.6  70   21  150 346 -431  2
4212500 3066500  8 30 18  15.9 1013 241  7.0 3  7.4  67   45  103 325 -424  2
4212500 3066500  8 30 19  14.3 1013 222  5.3 2  7.3  68    5   32 307 -416  2
4212500 3066500  8 30 20  13.3 1014 216  4.3 2  7.6  77    0    0 297 -407  2
4212500 3066500  8 30 21  12.7 1014 226  4.3 1  7.8  83    0    0 289 -400  2
4212500 3066500  8 30 22  12.5 1014 230  4.8 2  7.9  87    0    0 286 -395  2
4212500 3066500  8 30 23  12.8 1015 235  5.6 3  7.9  87    0    0 292 -391  2
4212500 3066500  8 30 24  12.5 1015 223  4.9 3  7.8  86    0    0 294 -388  2
4212500 3066500  8 31  1  12.8 1015 230  4.7 4  7.9  87    0    0 297 -385  2
4212500 3066500  8 31  2  12.1 1015 225  5.6 3  8.1  89    0    0 296 -383  2
4212500 3066500  8 31  3  11.9 1016 226  4.8 2  8.0  91    0    0 283 -382  2
4212500 3066500  8 31  4  11.8 1016 208  4.0 2  8.0  92    0    0 279 -384  2
4212500 3066500  8 31  5  11.7 1016 223  3.5 4  8.0  93    0    0 290 -387  2
4212500 3066500  8 31  6  11.9 1016 205  3.5 7  8.0  93    0    8 317 -391  2
4212500 3066500  8 31  7  12.6 1016 206  2.6 7  8.1  91   11   63 337 -394  2
4212500 3066500  8 31  8  14.2 1016 193  3.7 7  8.3  87   31  138 342 -397  2
4212500 3066500  8 31  9  16.0 1016 207  5.0 5  8.5  80  169  209 338 -399  2
4212500 3066500  8 31 10  17.2 1016 217  5.2 4  8.4  72  304  237 328 -404  2
4212500 3066500  8 31 11  18.8 1018 220  5.6 4  8.4  66  288  307 332 -412  2
4212500 3066500  8 31 12  19.7 1017 207  5.5 4  8.4  60  316  334 342 -424  2
4212500 3066500  8 31 13  20.8 1017 202  5.4 4  8.0  54  328  338 349 -435  2
4212500 3066500  8 31 14  21.0 1016 201  5.1 3  7.6  50  306  326 350 -442  2
4212500 3066500  8 31 15  22.1 1016 202  5.1 3  7.5  47  240  305 350 -446  2
4212500 3066500  8 31 16  22.3 1016 199  5.1 4  7.5  45  142  259 358 -447  2
4212500 3066500  8 31 17  21.7 1015 190  3.9 5  7.6  46   48  175 366 -445  2
4212500 3066500  8 31 18  21.2 1015 203  2.6 5  8.1  50   30  107 368 -442  2
4212500 3066500  8 31 19  20.1 1015 173  2.3 5  8.4  56    3   29 367 -435  2
4212500 3066500  8 31 20  18.9 1015 171  2.2 5  8.9  63    0    0 367 -428  2
4212500 3066500  8 31 21  18.1 1015 214  1.5 5  9.2  69    0    0 365 -422  2
4212500 3066500  8 31 22  17.6 1015 210  2.2 4  9.2  72    0    0 359 -416  2
4212500 3066500  8 31 23  17.7 1015 138  2.4 3  9.2  73    0    0 349 -410  2
4212500 3066500  8 31 24  17.4 1015 158  2.6 4  9.2  73    0    0 349 -407  2
4212500 3066500  9  1  1  16.8 1014 154  2.5 2  9.1  76    0    0 330 -407  2
4212500 3066500  9  1  2  16.1 1014 156  2.9 1  9.0  77    0    0 325 -407  2
4212500 3066500  9  1  3  16.3 1013 155  3.3 0  8.9  77    0    0 316 -406  2
4212500 3066500  9  1  4  15.7 1012 138  3.0 0  8.8  77    0    0 311 -405  2
4212500 3066500  9  1  5  15.7 1011 158  3.8 1  8.6  77    0    0 310 -403  2
4212500 3066500  9  1  6  15.9 1012 150  3.7 0  8.6  76    9   12 308 -401  2
4212500 3066500  9  1  7  16.6 1012 158  4.3 0  8.6  74   92   48 306 -402  2
4212500 3066500  9  1  8  18.0 1011 157  4.7 0  8.7  70  221   69 305 -408  2
4212500 3066500  9  1  9  19.6 1011 154  4.5 0  8.8  65  347   85 308 -419  2
4212500 3066500  9  1 10  21.1 1011 150  4.7 0  9.0  60  466   94 311 -434  2
4212500 3066500  9  1 11  22.6 1010 136  6.4 0  9.3  57  557   99 318 -448  2
4212500 3066500  9  1 12  23.4 1009 135  6.4 0  9.5  54  609  101 323 -462  2
4212500 3066500  9  1 13  24.3 1009 138  6.9 0  9.6  52  615  100 328 -474  2
4212500 3066500  9  1 14  25.4 1008 147  5.9 0  9.9  50  569  103 332 -482  2
4212500 3066500  9  1 15  26.7 1007 164  5.6 0  9.5  45  481  105 337 -485  2
4212500 3066500  9  1 16  26.6 1007 162  4.7 0  9.0  41  359  104 340 -485  2
4212500 3066500  9  1 17  27.0 1007 157  3.4 0  9.3  42  219   95 341 -479  2
4212500 3066500  9  1 18  25.3 1006 167  3.6 2  9.9  46   62   72 348 -470  2
4212500 3066500  9  1 19  23.9 1006 159  3.2 5 10.3  52    0    3 364 -460  2
4212500 3066500  9  1 20  23.3 1006 235  4.8 5 10.3  56    0    0 374 -452  2
4212500 3066500  9  1 21  21.8 1007 277  5.4 2  9.6  56    0    0 355 -443  2
4212500 3066500  9  1 22  20.1 1008 293  3.9 3  9.6  61    0    0 340 -437  2
4212500 3066500  9  1 23  18.7 1008 312  2.7 4 10.4  74    0    0 346 -431  2
4212500 3066500  9  1 24  17.7 1008 289  3.3 6 11.1  84    0    0 356 -424  2
4212500 3066500  9  2  1  16.9 1008 258  2.5 8 11.6  93    0    0 369 -418  2
4212500 3066500  9  2  2  16.9 1008 225  2.4 7 11.8  97    0    0 370 -416  2
4212500 3066500  9  2  3  16.7 1009 205  3.7 7 11.9  99    0    0 364 -414  2
4212500 3066500  9  2  4  16.7 1009 212  4.1 7 11.7  98    0    0 360 -413  2
4212500 3066500  9  2  5  16.3 1009 242  4.5 6 11.3  96    0    0 353 -411  2
4212500 3066500  9  2  6  15.6 1009 244  5.0 4 10.9  95    8   13 339 -409  2
4212500 3066500  9  2  7  16.0 1009 242  4.4 4 10.7  94   79   51 332 -408  2
4212500 3066500  9  2  8  16.8 1010 231  5.3 2 10.6  90  198   83 326 -411  2
4212500 3066500  9  2  9  17.8 1011 239  6.5 2 10.2  82  313  110 323 -421  2
4212500 3066500  9  2 10  18.9 1011 244  7.1 2  9.9  74  395  137 327 -431  2
4212500 3066500  9  2 11  19.5 1012 240  6.5 3  9.3  67  316  234 333 -441  2
4212500 3066500  9  2 12  19.9 1012 260  6.1 3  8.8  61  340  258 338 -448  2
4212500 3066500  9  2 13  21.0 1012 240  5.6 3  8.8  58  363  255 341 -452  2
4212500 3066500  9  2 14  21.1 1012 263  5.7 3  8.6  55  266  272 342 -454  2
4212500 3066500  9  2 15  20.9 1012 240  4.0 4  8.4  54  211  248 343 -453  2
4212500 3066500  9  2 16  20.8 1011 241  4.3 6  8.3  54   89  211 349 -449  2
4212500 3066500  9  2 17  20.4 1011 297  3.4 7  8.9  58   30  143 357 -443  2
4212500 3066500  9  2 18  18.8 1011 335  2.1 7  9.4  66   24   77 357 -433  2
4212500 3066500  9  2 19  17.0 1011  66  1.8 5  9.7  75    0    3 344 -422  2
4212500 3066500  9  2 20  16.4 1011 105  1.7 6  9.8  82    0    0 330 -411  2
4212500 3066500  9  2 21  15.5 1010  64  1.6 6  9.9  87    0    0 329 -404  2
4212500 3066500  9  2 22  15.0 1010  75  1.7 5  9.9  91    0    0 332 -400  2
4212500 3066500  9  2 23  14.8 1009 112  2.3 5  9.9  93    0    0 326 -398  2
4212500 3066500  9  2 24  14.8 1008 156  3.0 4 10.0  93    0    0 311 -396  2
4212500 3066500  9  3  1  14.9 1012 200  3.8 3 10.1  94    0    0 307 -413  2
4212500 3066500  9  3  2  14.9 1011 236  4.1 3 10.1  94    0    0 293 -406  2
4212500 3066500  9  3  3  14.6 1010 252  4.2 2  9.9  93    0    0 285 -399  2
4212500 3066500  9  3  4  14.1 1010 245  3.8 3  9.7  94    0    0 278 -393  2
4212500 3066500  9  3  5  14.2 1010 241  3.9 4  9.6  94    0    0 282 -388  2
4212500 3066500  9  3  6  13.4 1010 232  2.9 5  9.2  94    2   10 300 -384  2
4212500 3066500  9  3  7  14.1 1010 224  3.6 5  9.2  93   49   51 311 -383  2
4212500 3066500  9  3  8  15.7 1010 202  4.2 4  9.4  89  172   92 308 -390  2
4212500 3066500  9  3  9  17.1 1011 217  4.5 5  9.5  81  298  115 316 -404  2
4212500 3066500  9  3 10  18.4 1010 228  4.7 5  9.2  72  396  135 329 -420  2
4212500 3066500  9  3 11  19.6 1010 223  5.1 5  8.9  65  371  207 336 -436  2
4212500 3066500  9  3 12  20.2 1010 241  4.9 7  8.8  60  212  302 353 -448  2
4212500 3066500  9  3 13  20.0 1009 234  4.7 4  8.7  59  253  294 351 -453  2
4212500 3066500  9  3 14  20.8 1008 221  4.6 4  8.4  56  187  289 340 -456  2
4212500 3066500  9  3 15  20.4 1008 200  4.1 7  8.3  55   27  226 355 -457  2
4212500 3066500  9  3 16  20.2 1007 196  3.5 8  8.7  58    3  146 372 -451  2
4212500 3066500  9  3 17  20.1 1007 188  3.5 7  9.0  60    4  111 374 -441  2
4212500 3066500  9  3 18  19.7 1006 169  3.3 8  9.3  63    0   31 375 -432  2
4212500 3066500  9  3 19  18.6 1005 169  3.0 8  9.7  70    0    2 380 -425  2
4212500 3066500  9  3 20  18.7 1005 156  2.4 8 10.0  73    0    0 382 -419  2
4212500 3066500  9  3 21  18.4 1005 156  3.8 7 10.1  75    0    0 380 -416  2
4212500 3066500  9  3 22  18.6 1004 152  3.2 6 10.1  75    0    0 373 -416  2
4212500 3066500  9  3 23  18.5 1003 161  2.8 6 10.2  76    0    0 369 -416  2
4212500 3066500  9  3 24  18.7 1002 171  3.6 5 10.4  76    0    0 363 -416  2
4212500 3066500  9  4  1  18.3 1002 176  4.4 8 10.4  77    0    0 372 -417  2
4212500 3066500  9  4  2  18.1 1001 177  4.5 8 10.5  79    0    0 386 -418  2
4212500 3066500  9  4  3  17.7 1001 187  7.2 6 10.5  81    0    0 374 -420  2
4212500 3066500  9  4  4  17.2 1000 202  3.9 5 10.4  82    0    0 356 -421  2
4212500 3066500  9  4  5  16.8 1000 215  6.7 6 10.3  84    0    0 353 -419  2
4212500 3066500  9  4  6  16.8 1000 236  8.3 7 10.4  85    5   10 363 -417  2
4212500 3066500  9  4  7  16.4 1000 236  8.0 7 10.3  86   17   48 367 -415  2
4212500 3066500  9  4  8  15.7 1001 243  8.6 6  9.7  84   55  120 356 -414  2
4212500 3066500  9  4  9  16.1 1001 245  7.1 5  8.8  77  119  187 340 -415  2
4212500 3066500  9  4 10  16.1 1002 234  7.0 6  8.2  70  199  235 337 -416  2
4212500 3066500  9  4 11  17.8 1002 228  6.3 6  7.9  65  442  185 344 -425  2
4212500 3066500  9  4 12  18.8 1002 254  6.2 5  8.0  61  350  264 344 -436  2
4212500 3066500  9  4 13  20.1 1002 233  6.0 4  7.7  54  211  318 338 -442  2
4212500 3066500  9  4 14  19.1 1002 243  6.5 6  7.5  52    0  165 341 -445  2
4212500 3066500  9  4 15  18.9 1002 242  6.0 8  7.7  55    0  107 355 -445  2
4212500 3066500  9  4 16  18.8 1002 232  5.0 7  7.8  57    2  143 357 -441  2
4212500 3066500  9  4 17  18.3 1002 225  4.2 7  7.8  58    0   93 351 -435  2
4212500 3066500  9  4 18  16.9 1002 257  5.1 8  7.9  62    0   26 353 -427  2
4212500 3066500  9  4 19  14.9 1001 196  4.3 7  8.5  74    0    2 351 -417  2
4212500 3066500  9  4 20  13.4 1001 186  4.7 8  8.9  87    0    0 348 -407  2
4212500 3066500  9  4 21  13.1 1002 182  5.1 8  8.8  91    0    0 353 -402  2
4212500 3066500  9  4 22  12.9 1002 212  4.6 7  8.6  90    0    0 349 -401  2
4212500 3066500  9  4 23  12.8 1001 229  4.2 6  8.3  89    0    0 341 -401  2
4212500 3066500  9  4 24  12.1 1001 202  3.5 4  8.2  89    0    0 325 -400  2
4212500 3066500  9  5  1  11.6 1001 220  3.9 3  8.1  92    0    0 307 -397  2
4212500 3066500  9  5  2  11.4 1001 213  4.6 1  8.0  93    0    0 292 -394  2
4212500 3066500  9  5  3  11.0 1001 214  3.8 0  7.9  94    0    0 277 -392  2
4212500 3066500  9  5  4  11.1 1002 214  3.2 1  7.8  94    0    0 278 -393  2
4212500 3066500  9  5  5  10.6 1002 201  3.9 1  7.7  94    0    0 282 -395  2
4212500 3066500  9  5  6  10.3 1002 204  4.0 0  7.6  95    7   11 274 -395  2
4212500 3066500  9  5  7  11.2 1002 199  4.2 1  7.8  95   66   55 274 -395  2
4212500 3066500  9  5  8  12.6 1003 213  4.5 1  8.1  92  177   94 279 -398  2
4212500 3066500  9  5  9  14.1 1003 188  4.7 1  8.3  86  297  118 283 -404  2
4212500 3066500  9  5 10  15.2 1004 177  5.0 2  8.5  81  405  134 291 -410  2
4212500 3066500  9  5 11  16.7 1004 192  5.5 2  8.5  74  449  166 298 -420  2
4212500 3066500  9  5 12  18.3 1004 194  5.1 2  8.5  68  444  204 298 -433  2
4212500 3066500  9  5 13  19.0 1004 224  6.5 2  8.3  61  505  174 302 -443  2
4212500 3066500  9  5 14  19.7 1004 174  5.8 2  7.7  54  483  162 312 -443  2
4212500 3066500  9  5 15  20.0 1004 198  5.5 3  7.4  51  415  147 323 -433  2
4212500 3066500  9  5 16  19.3 1004 217  4.1 3  7.2  50  276  148 327 -426  2
4212500 3066500  9  5 17  19.4 1003 216  3.8 3  7.6  54  137  124 328 -424  2
4212500 3066500  9  5 18  18.1 1003 155  3.4 5  8.1  60   29   69 335 -420  2
4212500 3066500  9  5 19  17.5 1003 179  3.3 5  8.0  62    0    1 341 -415  2
4212500 3066500  9  5 20  17.1 1003 188  3.4 4  8.0  64    0    0 333 -408  2
4212500 3066500  9  5 21  15.6 1003 184  2.9 3  8.0  68    0    0 318 -402  2
4212500 3066500  9  5 22  14.8 1004 202  2.9 0  8.2  75    0    0 287 -398  2
4212500 3066500  9  5 23  14.3 1004 193  4.2 0  8.3  80    0    0 267 -394  2
4212500 3066500  9  5 24  13.3 1004 207  4.3 1  8.3  83    0    0 280 -391  2
4212500 3066500  9  6  1  13.0 1003 206  4.5 6  8.1  84    0    0 314 -390  2
4212500 3066500  9  6  2  12.5 1003 200  4.2 6  7.9  85    0    0 335 -389  2
4212500 3066500  9  6  3  12.4 1003 204  3.8 4  7.8  85    0    0 322 -388  2
4212500 3066500  9  6  4  12.4 1003 212  4.3 7  7.6  84    0    0 327 -387  2
4212500 3066500  9  6  5  12.0 1004 204  3.6 7  7.5  84    0    0 338 -386  2
4212500 3066500  9  6  6  11.8 1004 213  3.2 7  7.4  84    6   11 336 -386  2
4212500 3066500  9  6  7  12.7 1004 195  3.2 4  7.5  83   53   54 321 -386  2
4212500 3066500  9  6  8  14.4 1004 195  4.1 4  7.7  79  120  104 308 -391  2
4212500 3066500  9  6  9  15.6 1006 204  5.0 3  8.0  75  276  126 305 -402  2
4212500 3066500  9  6 10  17.4 1006 193  4.6 2  8.5  72  370  155 298 -416  2
4212500 3066500  9  6 11  18.2 1006 177  5.4 4  8.7  68  437  177 311 -430  2
4212500 3066500  9  6 12  19.5 1006 211  5.9 5  8.2  60  485  185 332 -442  2
4212500 3066500  9  6 13  20.7 1006 209  4.6 3  7.7  52  471  199 330 -450  2
4212500 3066500  9  6 14  20.8 1006 186  4.3 3  7.6  49  338  244 317 -453  2
4212500 3066500  9  6 15  21.4 1005 189  4.5 4  7.6  48  259  229 327 -450  2
4212500 3066500  9  6 16  21.4 1005 148  3.6 4  7.7  48  210  180 341 -444  2
4212500 3066500  9  6 17  20.9 1005 160  2.6 5  7.6  48  149  123 348 -438  2
4212500 3066500  9  6 18  19.0 1004 142  3.8 5  7.8  53   51   71 354 -433  2
4212500 3066500  9  6 19  18.0 1004 126  2.5 6  8.2  61    0    1 358 -426  2
4212500 3066500  9  6 20  17.8 1004 137  2.8 6  8.5  66    0    0 363 -419  2
4212500 3066500  9  6 21  17.4 1004 129  2.6 8  9.0  71    0    0 372 -417  2
4212500 3066500  9  6 22  17.1 1004 128  3.3 8  9.7  78    0    0 383 -417  2
4212500 3066500  9  6 23  17.1 1004 123  3.1 8 10.2  82    0    0 384 -417  2
4212500 3066500  9  6 24  17.1 1003 138  3.6 8 10.6  86    0    0 385 -418  2
4212500 3066500  9  7  1  17.2 1003 139  2.7 8 11.0  89    0    0 384 -418  2
4212500 3066500  9  7  2  17.3 1002 152  2.7 7 11.3  91    0    0 379 -418  2
4212500 3066500  9  7  3  17.1 1002 140  2.8 8 11.4  92    0    0 376 -417  2
4212500 3066500  9  7  4  17.3 1001 175  3.0 8 11.5  92    0    0 378 -416  2
4212500 3066500  9  7  5  17.3 1002 194  2.9 8 11.5  92    0    0 377 -412  2
4212500 3066500  9  7  6  17.0 1002 166  2.7 8 11.6  93    0    1 375 -409  2
4212500 3066500  9  7  7  17.1 1002 160  2.6 8 11.7  95    0   11 373 -409  2
4212500 3066500  9  7  8  17.6 1001 172  2.0 8 12.0  95    0   48 372 -413  2
4212500 3066500  9  7  9  18.0 1001 177  3.3 7 12.2  94    4  125 369 -421  2
4212500 3066500  9  7 10  18.5 1001 177  4.3 7 12.4  93    4  164 366 -429  2
4212500 3066500  9  7 11  20.0 1001 186  4.3 8 12.7  90    4  186 372 -438  2
4212500 3066500  9  7 12  21.2 1001 193  5.4 8 12.6  82   40  237 382 -446  2
4212500 3066500  9  7 13  21.4 1002 196  7.5 6 11.8  73   62  244 375 -451  2
4212500 3066500  9  7 14  21.6 1002 218  5.1 6 11.4  70   54  226 368 -453  2
4212500 3066500  9  7 15  21.4 1003 210  6.8 6 11.2  69   38  196 369 -452  2
4212500 3066500  9  7 16  21.3 1003 201  3.6 8 11.2  69    0  110 377 -448  2
4212500 3066500  9  7 17  20.8 1003 188  3.8 8 11.2  71    0   45 385 -441  2
4212500 3066500  9  7 18  20.2 1004 201  2.3 6 11.1  73    4   52 374 -432  2
4212500 3066500  9  7 19  19.7 1004 210  2.6 7 11.2  76    0    2 369 -422  2
4212500 3066500  9  7 20  19.1 1005 201  3.1 7 11.1  78    0    0 372 -412  2
4212500 3066500  9  7 21  18.4 1005 203  2.3 7 11.2  82    0    0 369 -407  2
4212500 3066500  9  7 22  18.3 1005 169  2.3 7 11.3  85    0    0 368 -404  2
4212500 3066500  9  7 23  18.0 1005 179  2.9 7 11.5  87    0    0 365 -401  2
4212500 3066500  9  7 24  17.4 1005 202  3.1 6 11.6  91    0    0 359 -397  2
4212500 3066500  9  8  1  17.0 1005 203  2.9 8 11.7  94    0    0 363 -396  2
4212500 3066500  9  8  2  16.8 1006 193  2.9 8 11.9  97    0    0 375 -395  2
4212500 3066500  9  8  3  16.8 1006 184  2.8 8 12.0  99    0    0 376 -393  2
4212500 3066500  9  8  4  16.7 1006 162  2.9 8 12.0  99    0    0 377 -391  2
4212500 3066500  9  8  5  16.6 1006 175  2.6 8 11.7  98    0    0 377 -389  2
4212500 3066500  9  8  6  16.4 1006 164  3.1 8 11.6  98    0    3 376 -386  2
4212500 3066500  9  8  7  16.4 1006 178  3.3 8 11.7  99    0   20 374 -385  2
4212500 3066500  9  8  8  16.4 1006 193  4.1 8 11.5  98    4   93 374 -390  2
4212500 3066500  9  8  9  16.9 1006 205  4.9 6 11.4  95   76  186 364 -401  2
4212500 3066500  9  8 10  18.0 1007 216  4.7 6 11.3  90  126  243 358 -414  2
4212500 3066500  9  8 11  19.2 1007 206  4.6 5 10.9  81  181  284 357 -428  2
4212500 3066500  9  8 12  20.6 1007 211  4.8 4 10.5  72  336  259 351 -439  2
4212500 3066500  9  8 13  21.2 1008 224  4.0 4  9.9  63  278  288 349 -445  2
4212500 3066500  9  8 14  20.6 1008 212  2.7 4  9.5  61  103  294 348 -448  2
4212500 3066500  9  8 15  21.0 1008 196  3.9 4  9.4  61  212  244 346 -446  2
4212500 3066500  9  8 16  21.1 1008 151  3.4 6  9.6  61   95  205 354 -443  2
4212500 3066500  9  8 17  20.0 1008 175  3.9 8 10.0  66    0   91 372 -438  2
4212500 3066500  9  8 18  19.2 1008 347  1.2 6 10.1  70   12   67 368 -432  2
4212500 3066500  9  8 19  18.0 1008 107  2.4 5 10.0  74    0    1 352 -425  2
4212500 3066500  9  8 20  17.2 1008 132  1.9 5  9.8  78    0    0 343 -418  2
4212500 3066500  9  8 21  16.8 1009 179  2.8 5  9.8  81    0    0 338 -415  2
4212500 3066500  9  8 22  16.6 1009 163  2.8 3 10.0  84    0    0 327 -413  2
4212500 3066500  9  8 23  16.1 1009 185  2.4 4 10.1  86    0    0 322 -409  2
4212500 3066500  9  8 24  15.0 1009 191  2.5 4 10.0  90    0    0 323 -403  2
4212500 3066500  9  9  1  14.9 1009 196  2.4 1  9.9  92    0    0 307 -396  2
4212500 3066500  9  9  2  14.8 1009 193  2.0 0 10.0  94    0    0 287 -392  2
4212500 3066500  9  9  3  14.4 1008 204  3.1 1  9.9  95    0    0 285 -391  2
4212500 3066500  9  9  4  14.4 1008 202  3.0 2  9.8  95    0    0 294 -393  2
4212500 3066500  9  9  5  14.4 1008 212  3.1 4  9.6  93    0    0 309 -396  2
4212500 3066500  9  9  6  14.6 1008 218  2.4 6  9.5  92    0    5 329 -398  2
4212500 3066500  9  9  7  15.0 1009 223  2.6 6  9.6  91   47   38 339 -400  2
4212500 3066500  9  9  8  16.6 1010 217  4.2 5  9.8  86  177   62 337 -402  2
4212500 3066500  9  9  9  17.5 1010 236  5.0 4  9.8  80  346   63 331 -407  2
4212500 3066500  9  9 10  18.1 1010 226  4.6 3  9.7  75  437   76 325 -414  2
4212500 3066500  9  9 11  18.7 1011 209  5.0 5  9.5  72  108  268 334 -422  2
4212500 3066500  9  9 12  19.8 1011 201  4.6 7  9.4  67    4  207 358 -429  2
4212500 3066500  9  9 13  19.2 1011 220  3.6 4  9.2  65   50  275 355 -433  2
4212500 3066500  9  9 14  19.3 1011 243  3.5 5  9.1  65   19  233 347 -431  2
4212500 3066500  9  9 15  19.0 1011 257  4.0 8  9.0  65    0  100 363 -428  2
4212500 3066500  9  9 16  18.7 1011  30  3.2 4  9.3  68  113  183 356 -425  2
4212500 3066500  9  9 17  18.8 1011  35  2.4 4  9.6  71  127  111 341 -419  2
4212500 3066500  9  9 18  17.6 1012 123  2.2 4 10.0  76    2   49 339 -412  2
4212500 3066500  9  9 19  16.5 1012 135  1.9 3 10.2  83    0    1 332 -403  2
4212500 3066500  9  9 20  16.4 1012 234  4.5 3  9.6  82    0    0 325 -396  2
4212500 3066500  9  9 21  15.1 1012 243  3.1 4  9.1  81    0    0 325 -392  2
4212500 3066500  9  9 22  15.5 1012 245  3.5 6  9.2  84    0    0 332 -388  2
4212500 3066500  9  9 23  14.7 1012 230  3.6 5  9.3  87    0    0 332 -383  2
4212500 3066500  9  9 24  14.5 1013 222  3.2 4  9.5  91    0    0 322 -380  2
4212500 3066500  9 10  1  14.3 1013 227  3.1 3  9.3  91    0    0 312 -379  2
4212500 3066500  9 10  2  13.5 1013 237  2.8 2  9.1  92    0    0 302 -378  2
4212500 3066500  9 10  3  13.3 1014 235  2.9 2  9.1  94    0    0 299 -376  2
4212500 3066500  9 10  4  13.3 1014 241  3.0 2  9.1  95    0    0 297 -374  2
4212500 3066500  9 10  5  12.8 1014 240  3.5 3  9.1  96    0    0 299 -372  2
4212500 3066500  9 10  6  12.7 1014 239  4.3 2  8.9  97    3    8 297 -371  2
4212500 3066500  9 10  7  13.6 1014 236  4.2 4  8.9  94   35   41 300 -372  2
4212500 3066500  9 10  8  14.8 1015 254  5.4 4  9.4  92  127   85 306 -379  2
4212500 3066500  9 10  9  15.8 1015 245  5.2 4  9.7  89  216  127 309 -391  2
4212500 3066500  9 10 10  17.4 1015 236  6.5 4  9.6  81  258  188 313 -405  2
4212500 3066500  9 10 11  18.3 1016 246  7.1 3  9.4  73  324  213 315 -415  2
4212500 3066500  9 10 12  18.7 1016 257  6.5 2  8.9  67  341  237 313 -423  2
4212500 3066500  9 10 13  19.7 1016 271  5.8 4  8.5  62  293  262 320 -428  2
4212500 3066500  9 10 14  19.0 1016 289  4.3 4  8.5  60  109  278 327 -429  2
4212500 3066500  9 10 15  19.2 1016 277  3.4 6  8.5  62   22  209 335 -428  2
4212500 3066500  9 10 16  18.7 1016 276  2.6 8  8.8  64    7  149 347 -425  2
4212500 3066500  9 10 17  18.5 1016 302  2.3 7  8.9  66    8  112 351 -419  2
4212500 3066500  9 10 18  17.4 1016   4  0.9 7  9.0  70    0   36 345 -410  2
4212500 3066500  9 10 19  15.9 1015  72  0.7 4  9.2  78    0    1 332 -399  2
4212500 3066500  9 10 20  15.2 1015  86  1.5 4  9.3  84    0    0 318 -389  2
4212500 3066500  9 10 21  14.1 1015  79  1.2 4  9.2  88    0    0 315 -384  2
4212500 3066500  9 10 22  13.4 1015 118  1.4 3  9.1  92    0    0 308 -381  2
4212500 3066500  9 10 23  13.5 1015 102  1.6 4  9.1  94    0    0 307 -379  2
4212500 3066500  9 10 24  13.4 1014 112  2.2 5  9.2  96    0    0 316 -377  2
4212500 3066500  9 11  1  12.9 1014 119  1.7 3  9.3  98    0    0 312 -376  2
4212500 3066500  9 11  2  13.1 1014 112  1.8 1  9.3 100    0    0 295 -374  2
4212500 3066500  9 11  3  13.8 1013 129  2.1 2  9.6  99    0    0 291 -371  2
4212500 3066500  9 11  4  14.2 1013 119  2.1 3  9.6  96    0    0 298 -369  2
4212500 3066500  9 11  5  14.4 1013  67  2.2 5  9.6  94    0    0 312 -367  2
4212500 3066500  9 11  6  14.7 1012 116  2.4 6  9.6  92    0    2 329 -368  2
4212500 3066500  9 11  7  16.0 1012 136  1.7 7  9.6  88    5   37 343 -374  2
4212500 3066500  9 11  8  16.8 1012 124  2.6 7  9.9  84    0   70 352 -383  2
4212500 3066500  9 11  9  16.8 1012 147  2.4 7 10.0  83   12  153 355 -397  2
4212500 3066500  9 11 10  17.8 1012 142  2.1 7  9.7  79    7  185 358 -412  2
4212500 3066500  9 11 11  18.4 1012 142  2.4 7  9.8  75    1  170 366 -423  2
4212500 3066500  9 11 12  19.4 1012 173  2.7 6 10.0  73   78  280 370 -430  2
4212500 3066500  9 11 13  20.1 1012 179  2.8 4 10.1  70  192  271 365 -430  2
4212500 3066500  9 11 14  21.0 1012 204  2.6 5 10.3  68   54  252 368 -428  2
4212500 3066500  9 11 15  21.4 1012 273  3.6 7 10.4  66   67  225 381 -423  2
4212500 3066500  9 11 16  20.5 1012 290  4.0 5 10.5  67  115  179 380 -415  2
4212500 3066500  9 11 17  19.4 1012 288  3.7 5 10.7  73   80  122 371 -408  2
4212500 3066500  9 11 18  19.1 1012 288  2.9 4 10.8  77    9   57 364 -403  2
4212500 3066500  9 11 19  17.1 1012 278  2.6 6 10.7  82    0    1 362 -399  2
4212500 3066500  9 11 20  16.5 1012 274  2.4 5 10.7  89    0    0 360 -397  2
4212500 3066500  9 11 21  16.3 1013 290  3.0 4 10.6  91    0    0 350 -395  2
4212500 3066500  9 11 22  16.0 1013 276  1.1 4 10.7  93    0    0 345 -394  2
4212500 3066500  9 11 23  16.1 1013 272  4.5 5 10.7  94    0    0 347 -394  2
4212500 3066500  9 11 24  16.1 1013 274  2.5 4 10.7  94    0    0 346 -394  2
4212500 3066500  9 12  1  15.4 1013 270  3.0 4 10.6  94    0    0 340 -393  2
4212500 3066500  9 12  2  15.2 1012 282  2.7 3 10.3  94    0    0 333 -393  2
4212500 3066500  9 12  3  14.9 1012 296  2.4 3 10.0  93    0    0 327 -392  2
4212500 3066500  9 12  4  14.6 1012 316  2.6 4  9.8  93    0    0 326 -391  2
4212500 3066500  9 12  5  14.1 1012 314  2.1 5  9.6  93    0    0 329 -390  2
4212500 3066500  9 12  6  13.6 1012 330  2.1 4  9.6  97    3    7 326 -390  2
4212500 3066500  9 12  7  15.4 1012 352  2.0 7 10.2  98   50   29 335 -390  2
4212500 3066500  9 12  8  15.3 1013  27  2.4 6 10.6  97  138   59 344 -392  2
4212500 3066500  9 12  9  16.8 1014  44  3.5 5 10.8  94  255   79 340 -397  2
4212500 3066500  9 12 10  18.1 1014  49  4.0 4 10.9  88  210  173 337 -403  2
4212500 3066500  9 12 11  18.2 1014  49  4.6 6 10.8  83  133  242 341 -411  2
4212500 3066500  9 12 12  17.9 1015  59  5.1 5 10.5  81  133  266 342 -418  2
4212500 3066500  9 12 13  18.1 1015  52  5.7 4 10.1  78  134  267 333 -422  2
4212500 3066500  9 12 14  17.6 1015  55  5.6 5  9.6  75   55  245 329 -422  2
4212500 3066500  9 12 15  17.4 1015  66  5.2 7  9.4  75   26  202 333 -419  2
4212500 3066500  9 12 16  17.2 1015  62  5.3 6  9.3  76   42  169 333 -413  2
4212500 3066500  9 12 17  16.9 1015  65  5.1 4  9.2  76  114  103 324 -405  2
4212500 3066500  9 12 18  16.2 1015  63  4.2 4  9.2  78   30   56 317 -397  2
4212500 3066500  9 12 19  15.3 1014  73  3.5 4  9.1  81    0    1 313 -388  2
4212500 3066500  9 12 20  15.3 1014  70  4.1 4  9.1  82    0    0 312 -383  2
4212500 3066500  9 12 21  15.2 1014  71  4.3 4  9.0  83    0    0 313 -381  2
4212500 3066500  9 12 22  15.1 1014  71  4.4 4  9.0  83    0    0 320 -380  2
4212500 3066500  9 12 23  15.2 1014  77  4.4 4  9.0  83    0    0 327 -379  2
4212500 3066500  9 12 24  15.3 1014  85  4.1 3  8.8  81    0    0 322 -376  2
4212500 3066500  9 13  1  15.2 1015  97  4.0 2  8.5  78    0    0 292 -404  2
4212500 3066500  9 13  2  14.8 1015 108  3.8 1  8.1  76    0    0 291 -401  2
4212500 3066500  9 13  3  14.5 1015 118  3.8 0  7.8  74    0    0 287 -399  2
4212500 3066500  9 13  4  14.0 1015 120  4.0 0  7.4  73    0    0 281 -397  2
4212500 3066500  9 13  5  14.2 1015 115  4.0 0  7.5  74    0    0 279 -396  2
4212500 3066500  9 13  6  13.3 1015 116  4.5 0  7.0  71    0    1 279 -394  2
4212500 3066500  9 13  7  14.1 1015 101  3.1 1  7.0  71   39   43 279 -393  2
4212500 3066500  9 13  8  16.1 1015  84  3.9 0  7.3  68  154   68 282 -396  2
4212500 3066500  9 13  9  17.4 1015  97  4.7 0  7.8  65  273   85 284 -405  2
4212500 3066500  9 13 10  19.4 1016 106  4.7 0  7.9  60  377   97 289 -417  2
4212500 3066500  9 13 11  20.8 1016 109  5.2 0  7.8  53  466   99 295 -431  2
4212500 3066500  9 13 12  21.5 1016  84  5.9 0  7.6  48  533   94 300 -443  2
4212500 3066500  9 13 13  22.4 1016  93  7.2 0  7.4  45  530  100 305 -452  2
4212500 3066500  9 13 14  22.0 1016  80  6.7 0  7.5  45  498   98 308 -458  2
4212500 3066500  9 13 15  21.6 1016  87  6.9 0  7.8  48  391  112 307 -457  2
4212500 3066500  9 13 16  20.4 1015  91  6.8 0  8.0  51  286  102 305 -450  2
4212500 3066500  9 13 17  19.7 1015  94  7.8 0  8.0  55  162   85 302 -439  2
4212500 3066500  9 13 18  18.2 1015  86  6.7 0  8.2  60   50   50 298 -427  2
4212500 3066500  9 13 19  16.7 1015  92  6.7 1  8.5  68    1    8 296 -417  2
4212500 3066500  9 13 20  16.0 1014  81  7.6 1  8.6  74    0    0 294 -410  2
4212500 3066500  9 13 21  16.2 1014  88  7.5 0  8.7  76    0    0 291 -408  2
4212500 3066500  9 13 22  15.7 1014  85  6.4 0  8.7  77    0    0 290 -409  2
4212500 3066500  9 13 23  15.3 1014 102  6.0 0  8.6  78    0    0 288 -408  2
4212500 3066500  9 13 24  15.4 1014 115  5.6 0  7.9  73    0    0 287 -406  2
4212500 3066500  9 14  1  14.5 1014 110  4.3 0  7.2  68    0    0 284 -402  2
4212500 3066500  9 14  2  14.1 1014 121  4.8 0  6.9  68    0    0 281 -399  2
4212500 3066500  9 14  3  12.8 1014 105  4.3 0  6.7  69    0    0 279 -396  2
4212500 3066500  9 14  4  12.5 1013 103  4.1 0  6.5  71    0    0 276 -394  2
4212500 3066500  9 14  5  12.1 1013 110  3.6 0  6.3  71    0    0 275 -392  2
4212500 3066500  9 14  6  11.3 1013 111  5.0 0  6.2  73    0    1 273 -390  2
4212500 3066500  9 14  7  12.0 1013 119  3.5 0  6.4  74   31   40 272 -390  2
4212500 3066500  9 14  8  14.1 1013 108  4.4 0  6.6  71  131   73 274 -394  2
4212500 3066500  9 14  9  15.5 1014 101  5.8 0  7.0  66  245   97 278 -405  2
4212500 3066500  9 14 10  16.8 1014 104  5.1 0  7.2  63  358  106 283 -418  2
4212500 3066500  9 14 11  18.2 1015 108  5.6 0  7.4  59  454  106 288 -431  2
4212500 3066500  9 14 12  19.0 1015 117  6.4 0  7.5  56  456  139 294 -442  2
4212500 3066500  9 14 13  19.1 1015 102  6.5 0  7.8  57  485  128 298 -451  2
4212500 3066500  9 14 14  19.1 1014 101  6.3 0  8.0  58  457  123 301 -457  2
4212500 3066500  9 14 15  19.1 1014  80  6.9 0  8.2  59  348  138 302 -459  2
4212500 3066500  9 14 16  18.4 1014  86  7.0 0  8.3  61  249  121 302 -455  2
4212500 3066500  9 14 17  17.7 1014  86  5.0 0  8.0  62  135   94 299 -445  2
4212500 3066500  9 14 18  16.7 1014  83  4.0 0  7.8  64   39   50 296 -432  2
4212500 3066500  9 14 19  15.0 1013  90  3.4 1  7.7  69    1    8 294 -420  2
4212500 3066500  9 14 20  14.4 1013  89  3.7 2  7.6  73    0    0 294 -413  2
4212500 3066500  9 14 21  13.8 1014  98  3.9 2  7.4  74    0    0 294 -412  2
4212500 3066500  9 14 22  13.6 1014  98  4.5 1  7.3  74    0    0 291 -411  2
4212500 3066500  9 14 23  13.1 1014 110  4.2 1  7.2  75    0    0 289 -408  2
4212500 3066500  9 14 24  13.2 1014 129  4.3 0  7.0  74    0    0 287 -405  2
4212500 3066500  9 15  1  14.1 1014 140  5.2 0  6.8  69    0    0 286 -402  2
4212500 3066500  9 15  2  13.3 1015 137  5.5 0  6.8  70    0    0 287 -399  2
4212500 3066500  9 15  3  12.1 1015 129  4.8 0  6.9  75    0    0 284 -396  2
4212500 3066500  9 15  4  11.4 1015 133  4.0 0  6.8  79    0    0 281 -394  2
4212500 3066500  9 15  5  11.4 1015 127  4.3 1  6.7  80    0    0 282 -391  2
4212500 3066500  9 15  6  10.4 1015 120  3.9 1  6.7  82    0    0 284 -389  2
4212500 3066500  9 15  7  11.1 1014 109  3.4 2  6.9  86   30   37 286 -389  2
4212500 3066500  9 15  8  14.2 1014 110  4.0 1  7.3  80  131   65 290 -394  2
4212500 3066500  9 15  9  15.9 1015 112  4.6 1  7.5  70  232   95 294 -406  2
4212500 3066500  9 15 10  17.0 1015 115  4.4 1  7.4  63  353  100 297 -423  2
4212500 3066500  9 15 11  17.5 1016 120  5.4 0  7.1  58  438  109 297 -441  2
4212500 3066500  9 15 12  18.2 1016 110  4.6 1  6.9  54  427  148 299 -457  2
4212500 3066500  9 15 13  18.0 1015 110  3.9 1  7.0  54  472  126 304 -469  2
4212500 3066500  9 15 14  18.0 1015 110  4.3 1  7.0  54  437  125 305 -476  2
4212500 3066500  9 15 15  18.1 1015  91  5.0 1  6.7  52  365  120 303 -476  2
4212500 3066500  9 15 16  18.0 1014  92  5.2 1  6.6  51  249  115 302 -468  2
4212500 3066500  9 15 17  17.1 1014  91  5.9 2  6.9  56  140   88 303 -453  2
4212500 3066500  9 15 18  16.0 1013  98  5.7 3  7.4  63   30   49 305 -437  2
4212500 3066500  9 15 19  14.6 1013  97  5.1 5  7.7  71    0    5 309 -422  2
4212500 3066500  9 15 20  14.3 1013 104  5.0 4  7.9  77    0    0 309 -413  2
4212500 3066500  9 15 21  14.1 1013 104  5.0 2  8.0  79    0    0 299 -408  2
4212500 3066500  9 15 22  13.8 1012 104  4.7 1  8.0  80    0    0 289 -405  2
4212500 3066500  9 15 23  13.7 1012 114  3.2 1  8.0  81    0    0 285 -403  2
4212500 3066500  9 15 24  13.7 1012 101  3.7 1  7.7  79    0    0 281 -402  2
4212500 3066500  9 16  1  13.7 1012 133  4.4 1  7.1  72    0    0 278 -401  2
4212500 3066500  9 16  2  13.0 1012 133  3.2 1  6.5  68    0    0 273 -400  2
4212500 3066500  9 16  3  12.9 1011 134  4.2 1  6.4  68    0    0 268 -398  2
4212500 3066500  9 16  4  12.6 1011 130  2.8 0  6.5  70    0    0 261 -397  2
4212500 3066500  9 16  5  12.7 1010 118  3.2 1  6.5  71    0    0 255 -395  2
4212500 3066500  9 16  6  12.1 1010 115  3.0 5  6.7  74    0    0 277 -394  2
4212500 3066500  9 16  7  12.5 1009 108  2.8 6  6.9  78   15   38 304 -395  2
4212500 3066500  9 16  8  13.2 1010  99  3.1 5  7.1  76   32   98 304 -399  2
4212500 3066500  9 16  9  14.4 1010 120  4.3 5  7.1  72   91  169 298 -411  2
4212500 3066500  9 16 10  16.0 1009 119  4.3 4  7.1  66  195  211 296 -427  2
4212500 3066500  9 16 11  16.9 1010 118  4.2 4  7.2  61  278  235 295 -440  2
4212500 3066500  9 16 12  17.2 1009 114  3.1 4  7.1  59  284  265 301 -447  2
4212500 3066500  9 16 13  16.0 1009  98  3.5 6  7.1  60   83  302 315 -449  2
4212500 3066500  9 16 14  15.4 1008 110  2.0 8  6.9  62    5  200 338 -449  2
4212500 3066500  9 16 15  15.7 1008 103  1.7 6  7.0  63    0  155 340 -441  2
4212500 3066500  9 16 16  15.7 1008 102  1.8 7  7.1  64    0   90 338 -432  2
4212500 3066500  9 16 17  15.3 1008  75  1.6 8  7.2  65    0   62 351 -424  2
4212500 3066500  9 16 18  14.6 1008  93  1.6 8  7.7  72    0   15 357 -418  2
4212500 3066500  9 16 19  14.1 1007 313  1.1 8  8.1  79    0    3 356 -414  2
4212500 3066500  9 16 20  13.5 1007 214  1.5 8  8.5  85    0    0 355 -411  2
4212500 3066500  9 16 21  12.1 1007 237  1.1 7  8.3  89    0    0 347 -407  2
4212500 3066500  9 16 22  11.5 1008 258  3.9 8  7.9  91    0    0 346 -405  2
4212500 3066500  9 16 23  11.6 1008 261  3.9 7  7.7  90    0    0 347 -405  2
4212500 3066500  9 16 24  10.9 1008 276  4.6 5  7.5  90    0    0 329 -405  2
4212500 3066500  9 17  1  10.9 1007 266  3.0 1  7.5  91    0    0 297 -404  2
4212500 3066500  9 17  2  11.3 1007 279  2.4 1  7.6  92    0    0 278 -403  2
4212500 3066500  9 17  3  11.5 1007 269  3.5 2  7.9  93    0    0 287 -403  2
4212500 3066500  9 17  4  11.9 1007 259  3.2 3  8.0  93    0    0 298 -403  2
4212500 3066500  9 17  5  11.5 1007 343  0.9 3  8.0  93    0    0 301 -403  2
4212500 3066500  9 17  6  11.6 1008 244  1.4 5  8.1  95    0    0 309 -402  2
4212500 3066500  9 17  7  12.3 1008 198  0.5 6  8.3  95   21   31 325 -401  2
4212500 3066500  9 17  8  13.3 1008 145  1.2 2  8.6  93  117   65 310 -404  2
4212500 3066500  9 17  9  15.7 1008 160  1.9 4  9.2  89   70  149 304 -411  2
4212500 3066500  9 17 10  16.3 1009 176  2.3 6  9.5  83   89  200 332 -419  2
4212500 3066500  9 17 11  18.6 1009 176  3.6 7  9.4  75  112  238 353 -429  2
4212500 3066500  9 17 12  19.1 1009 184  3.9 6  9.2  67  173  246 357 -438  2
4212500 3066500  9 17 13  20.0 1008 165  2.9 7  9.0  63  145  258 359 -445  2
4212500 3066500  9 17 14  19.4 1008 138  2.9 7  9.2  64   73  246 365 -448  2
4212500 3066500  9 17 15  19.5 1008 107  2.2 7  9.5  67   36  203 363 -447  2
4212500 3066500  9 17 16  19.8 1008 112  3.1 6  9.6  67   98  162 357 -442  2
4212500 3066500  9 17 17  18.3 1008 109  2.5 6  9.7  70   37  107 351 -433  2
4212500 3066500  9 17 18  17.5 1008 109  2.6 7  9.8  76    1   35 352 -421  2
4212500 3066500  9 17 19  16.0 1008  84  2.7 7  9.7  81    0    3 355 -409  2
4212500 3066500  9 17 20  14.9 1009 113  2.6 7  9.7  88    0    0 351 -400  2
4212500 3066500  9 17 21  15.0 1009 122  2.9 7  9.5  89    0    0 348 -395  2
4212500 3066500  9 17 22  14.8 1009 104  3.0 4  9.3  88    0    0 330 -391  2
4212500 3066500  9 17 23  14.7 1008 115  2.9 4  9.1  86    0    0 307 -389  2
4212500 3066500  9 17 24  13.8 1008 121  2.2 3  8.9  87    0    0 295 -388  2
4212500 3066500  9 18  1  14.5 1008 114  2.3 3  8.8  87    0    0 289 -387  2
4212500 3066500  9 18  2  13.1 1008 123  2.3 3  8.9  90    0    0 291 -387  2
4212500 3066500  9 18  3  12.8 1008 109  2.3 5  8.8  94    0    0 304 -387  2
4212500 3066500  9 18  4  13.8 1008 122  2.6 8  8.7  91    0    0 331 -387  2
4212500 3066500  9 18  5  13.4 1008 116  1.4 7  8.7  89    0    0 341 -387  2
4212500 3066500  9 18  6  13.3 1008  74  1.3 7  8.7  91    0    0 335 -388  2
4212500 3066500  9 18  7  13.7 1008  89  1.7 7  8.9  91    0   19 336 -390  2
4212500 3066500  9 18  8  14.4 1009 106  1.9 7  9.1  91    0   48 338 -397  2
4212500 3066500  9 18  9  14.7 1009 100  2.9 7  9.3  89    0   83 340 -408  2
4212500 3066500  9 18 10  16.2 1010 108  1.6 8  9.3  84    0   84 350 -418  2
4212500 3066500  9 18 11  15.7 1010 108  2.6 8  9.3  81    0  120 359 -427  2
4212500 3066500  9 18 12  15.3 1010 112  2.3 8  9.2  83    0  130 359 -436  2
4212500 3066500  9 18 13  16.2 1009 114  2.8 8  9.5  84    0  108 362 -444  2
4212500 3066500  9 18 14  14.7 1010  93  2.5 8  9.8  88    0   83 360 -448  2
4212500 3066500  9 18 15  13.7 1009  91  2.9 8  9.8  96    0   59 354 -445  2
4212500 3066500  9 18 16  15.0 1009  67  2.7 8  9.8  95    0   45 354 -438  2
4212500 3066500  9 18 17  14.3 1009  74  3.7 8  9.9  94    0   42 354 -429  2
4212500 3066500  9 18 18  14.1 1008  56  2.8 7 10.0  98    0   22 348 -420  2
4212500 3066500  9 18 19  15.5 1009  84  3.4 8 10.1  96    0    0 350 -411  2
4212500 3066500  9 18 20  15.0 1009 105  2.8 8 10.2  94    0    0 355 -406  2
4212500 3066500  9 18 21  14.6 1009 109  3.5 7 10.3  97    0    0 351 -405  2
4212500 3066500  9 18 22  15.9 1009 143  2.4 8 10.3  94    0    0 352 -404  2
4212500 3066500  9 18 23  14.9 1009 188  3.5 8 10.2  93    0    0 357 -406  2
4212500 3066500  9 18 24  14.1 1008 212  3.1 8 10.0  96    0    0 354 -407  2
4212500 3066500  9 19  1  14.2 1008 208  3.1 7  9.9  98    0    0 349 -407  2
4212500 3066500  9 19  2  14.2 1008 207  2.7 7  9.8  96    0    0 345 -407  2
4212500 3066500  9 19  3  13.9 1008 169  2.8 8  9.6  95    0    0 348 -406  2
4212500 3066500  9 19  4  13.7 1008 149  1.4 8  9.5  96    0    0 352 -405  2
4212500 3066500  9 19  5  13.6 1008 136  2.2 8  9.4  96    0    0 352 -404  2
4212500 3066500  9 19  6  13.3 1008  88  3.0 8  9.2  95    0    0 352 -403  2
4212500 3066500  9 19  7  13.3 1008  97  4.7 8  9.2  96   15   42 353 -402  2
4212500 3066500  9 19  8  14.1 1008  90  5.6 7  9.7  98   31  104 351 -404  2
4212500 3066500  9 19  9  15.1 1008  90  4.4 7 10.1  97   18  158 351 -409  2
4212500 3066500  9 19 10  16.7 1009  90  4.6 5 10.4  91   90  249 347 -416  2
4212500 3066500  9 19 11  17.0 1009 108  5.6 6 10.5  87   35  264 347 -422  2
4212500 3066500  9 19 12  17.4 1009  91  5.0 6 10.8  87   89  312 351 -425  2
4212500 3066500  9 19 13  17.9 1008  90  4.3 5 11.0  86  131  325 348 -428  2
4212500 3066500  9 19 14  18.1 1008  99  6.6 3 11.0  85  120  308 335 -429  2
4212500 3066500  9 19 15  18.3 1007  97  5.5 4 11.1  84   98  265 331 -427  2
4212500 3066500  9 19 16  18.4 1007  98  5.9 4 11.1  84   79  205 337 -424  2
4212500 3066500  9 19 17  17.8 1007  93  5.7 4 11.2  85   47  127 338 -420  2
4212500 3066500  9 19 18  17.7 1007 100  4.9 7 11.1  86    7   45 349 -415  2
4212500 3066500  9 19 19  17.9 1007 106  5.7 6 10.9  85    0    3 357 -412  2
4212500 3066500  9 19 20  17.6 1007 110  5.4 7 10.8  84    0    0 358 -411  2
4212500 3066500  9 19 21  17.3 1007 111  5.9 8 10.6  84    0    0 365 -413  2
4212500 3066500  9 19 22  16.7 1007 108  5.8 4 10.5  86    0    0 352 -415  2
4212500 3066500  9 19 23  16.4 1007 112  5.7 4 10.4  87    0    0 336 -413  2
4212500 3066500  9 19 24  16.0 1006  91  5.9 5 10.0  86    0    0 338 -411  2
4212500 3066500  9 20  1  16.1 1006  88  5.5 5 10.2  88    0    0 341 -409  2
4212500 3066500  9 20  2  16.0 1006  87  5.6 5 10.4  90    0    0 340 -408  2
4212500 3066500  9 20  3  15.9 1006 106  5.7 3 10.2  89    0    0 332 -407  2
4212500 3066500  9 20  4  15.8 1005 100  6.8 2 10.2  89    0    0 323 -405  2
4212500 3066500  9 20  5  15.7 1005 106  6.3 1 10.2  90    0    0 318 -403  2
4212500 3066500  9 20  6  15.6 1005 106  5.5 5 10.1  90    0    0 324 -401  2
4212500 3066500  9 20  7  15.8 1004 107  5.8 7 10.1  90    2   22 338 -399  2
4212500 3066500  9 20  8  16.1 1004 100  6.6 6 10.2  89   27   88 338 -399  2
4212500 3066500  9 20  9  16.8 1004 108  6.7 5 10.1  85  122  139 333 -404  2
4212500 3066500  9 20 10  17.6 1004 110  6.3 6 10.1  82  216  170 334 -411  2
4212500 3066500  9 20 11  18.3 1004 106  7.6 6 10.2  79  278  194 339 -419  2
4212500 3066500  9 20 12  19.1 1003  99  7.4 6 10.3  75  265  231 342 -426  2
4212500 3066500  9 20 13  19.4 1002  89  7.7 6 10.3  73  210  253 345 -431  2
4212500 3066500  9 20 14  19.2 1002  89  7.7 8 10.4  73   30  227 352 -434  2
4212500 3066500  9 20 15  20.1 1002  98  6.7 5 10.4  72   66  214 352 -434  2
4212500 3066500  9 20 16  20.6 1001 109  7.2 4 10.5  69   84  169 336 -431  2
4212500 3066500  9 20 17  20.5 1001 107  6.9 7 10.4  68   25  104 348 -427  2
4212500 3066500  9 20 18  19.7 1000 100  5.4 7 10.2  69    4   37 365 -423  2
4212500 3066500  9 20 19  19.5 1000 106  6.1 7 10.2  70    0    2 365 -419  2
4212500 3066500  9 20 20  19.0 1000 106  5.3 7 10.2  72    0    0 365 -416  2
4212500 3066500  9 20 21  18.8 1000 105  4.2 7 10.2  73    0    0 367 -413  2
4212500 3066500  9 20 22  18.2 1000 104  4.5 6 10.3  76    0    0 362 -410  2
4212500 3066500  9 20 23  17.8 1000 106  3.6 6 10.3  78    0    0 359 -408  2
4212500 3066500  9 20 24  16.9 1000  93  2.5 6 10.1  80    0    0 359 -407  2
4212500 3066500  9 21  1  16.9 1000 100  3.1 4 10.1  83    0    0 350 -406  2
4212500 3066500  9 21  2  17.4  999 107  4.2 5 10.2  82    0    0 348 -406  2
4212500 3066500  9 21  3  17.2  999 110  3.8 7 10.1  81    0    0 364 -407  2
4212500 3066500  9 21  4  17.1  999 110  2.8 8 10.3  83    0    0 380 -408  2
4212500 3066500  9 21  5  16.8  999 114  2.4 8 10.5  86    0    0 385 -405  2
4212500 3066500  9 21  6  16.6  998 113  2.4 8 10.7  88    0    0 385 -401  2
4212500 3066500  9 21  7  16.6  998 136  2.7 7 10.8  90    0   19 380 -398  2
4212500 3066500  9 21  8  17.3  998 132  3.1 8 11.0  89    0   45 380 -398  2
4212500 3066500  9 21  9  18.3  999 198  5.6 7 11.3  87    3  103 382 -400  2
4212500 3066500  9 21 10  17.1 1000 257  6.5 8 11.2  87    0   94 381 -405  2
4212500 3066500  9 21 11  16.2 1000 255  6.9 8 10.8  90    0   70 381 -408  2
4212500 3066500  9 21 12  17.9 1001 269  5.7 7 10.7  87   16  188 379 -406  2
4212500 3066500  9 21 13  17.1 1001 250  4.7 6 10.5  83   16  187 372 -404  2
4212500 3066500  9 21 14  16.7 1002 241  3.4 7 10.2  84    6  162 369 -400  2
4212500 3066500  9 21 15  18.1 1003 234  3.1 5 10.2  81  205   75 366 -399  2
4212500 3066500  9 21 16  17.6 1003 218  3.2 5 10.3  80   76  100 356 -399  2
4212500 3066500  9 21 17  17.6 1003 213  2.4 6 10.4  82   12   72 358 -399  2
4212500 3066500  9 21 18  16.8 1003   1  1.0 8 10.6  85    0   14 368 -399  2
4212500 3066500  9 21 19  16.0 1003 184  1.6 7 10.5  88    0    1 368 -399  2
4212500 3066500  9 21 20  15.9 1003 223  2.5 8 10.2  89    0    0 366 -399  2
4212500 3066500  9 21 21  16.0 1004 209  2.1 8 10.1  88    0    0 371 -399  2
4212500 3066500  9 21 22  15.5 1004 194  0.8 8  9.9  87    0    0 369 -399  2
4212500 3066500  9 21 23  15.5 1004 177  1.0 8  9.9  89    0    0 368 -398  2
4212500 3066500  9 21 24  15.7 1004 195  2.6 8  9.9  89    0    0 368 -398  2
4212500 3066500  9 22  1  15.5 1004 165  3.4 8 10.0  90    0    0 367 -397  2
4212500 3066500  9 22  2  15.1 1004 169  2.7 8 10.2  92    0    0 366 -396  2
4212500 3066500  9 22  3  15.1 1004 170  2.1 8 10.2  94    0    0 368 -396  2
4212500 3066500  9 22  4  14.6 1004 166  1.9 8 10.1  95    0    0 368 -396  2
4212500 3066500  9 22  5  14.3 1004 185  2.4 6 10.0  96    0    0 358 -396  2
4212500 3066500  9 22  6  13.9 1004 161  2.2 3  9.7  96    0    0 336 -393  2
4212500 3066500  9 22  7  13.7 1005 171  2.7 2  9.5  95   16   26 315 -389  2
4212500 3066500  9 22  8  15.1 1005 168  2.4 3  9.7  94   72   70 318 -389  2
4212500 3066500  9 22  9  16.2 1005 195  2.0 2 10.0  89  183   96 322 -397  2
4212500 3066500  9 22 10  17.5 1005 217  3.7 2  9.8  81  315   96 322 -410  2
4212500 3066500  9 22 11  19.6 1005 197  2.9 1  9.7  72  382  114 325 -424  2
4212500 3066500  9 22 12  21.0 1006 210  2.6 1  9.7  65  416  129 329 -436  2
4212500 3066500  9 22 13  21.6 1006 197  1.5 1  9.7  60  378  158 334 -446  2
4212500 3066500  9 22 14  22.4 1006 198  3.4 2  9.6  58  229  206 343 -451  2
4212500 3066500  9 22 15  21.6 1006 175  2.6 4  9.6  58   44  190 355 -449  2
4212500 3066500  9 22 16  20.5 1006 193  3.0 4  9.3  59   38  148 359 -443  2
4212500 3066500  9 22 17  20.2 1006 178  2.0 5  9.3  62    9   87 362 -437  2
4212500 3066500  9 22 18  19.1 1006 186  1.8 8  9.7  67    0   24 376 -428  2
4212500 3066500  9 22 19  18.5 1007 185  1.5 7  9.7  71    0    0 382 -421  2
4212500 3066500  9 22 20  17.3 1007 192  2.0 6  9.7  76    0    0 369 -416  2
4212500 3066500  9 22 21  16.6 1007 191  2.1 4  9.7  80    0    0 352 -413  2
4212500 3066500  9 22 22  16.1 1007 198  2.1 4  9.7  83    0    0 333 -412  2
4212500 3066500  9 22 23  15.2 1008 170  2.0 3  9.5  86    0    0 323 -411  2
4212500 3066500  9 22 24  14.3 1008 154  1.8 2  9.1  88    0    0 337 -411  2
4212500 3066500  9 23  1  13.1 1021 130  1.7 1  8.6  90    0    0 273 -389  2
4212500 3066500  9 23  2  12.3 1020 124  1.8 1  8.1  90    0    0 269 -387  2
4212500 3066500  9 23  3  11.6 1020 114  1.9 0  7.7  91    0    0 268 -384  2
4212500 3066500  9 23  4  11.5 1020 130  2.0 0  7.6  90    0    0 271 -382  2
4212500 3066500  9 23  5  11.6 1019 111  2.1 0  7.7  90    0    0 271 -379  2
4212500 3066500  9 23  6  11.4 1019 125  2.3 1  7.5  89    0    0 269 -377  2
4212500 3066500  9 23  7  11.7 1019 121  2.3 1  7.5  89   18   25 270 -375  2
4212500 3066500  9 23  8  13.1 1019 136  2.1 0  7.8  88  107   62 269 -378  2
4212500 3066500  9 23  9  14.7 1019 131  3.3 0  8.1  82  227   80 270 -388  2
4212500 3066500  9 23 10  15.9 1018 139  3.9 0  8.2  76  339   89 273 -402  2
4212500 3066500  9 23 11  17.6 1018 141  4.5 0  8.3  70  416   98 279 -415  2
4212500 3066500  9 23 12  18.8 1019 131  4.8 0  8.4  65  440  115 285 -427  2
4212500 3066500  9 23 13  19.3 1018 125  5.5 0  8.4  62  418  134 288 -435  2
4212500 3066500  9 23 14  20.0 1017 154  5.4 0  8.5  60  352  150 291 -440  2
4212500 3066500  9 23 15  20.0 1017 138  4.9 0  8.6  59  294  130 294 -440  2
4212500 3066500  9 23 16  19.4 1016 134  5.1 0  8.5  60  170  112 293 -436  2
4212500 3066500  9 23 17  18.9 1016 123  4.5 0  8.4  61   63   87 291 -427  2
4212500 3066500  9 23 18  17.5 1015 130  4.0 1  8.4  64   13   30 291 -415  2
4212500 3066500  9 23 19  16.6 1015 138  3.3 0  8.4  69    0    0 287 -405  2
4212500 3066500  9 23 20  16.1 1014 141  3.0 0  8.2  71    0    0 282 -400  2
4212500 3066500  9 23 21  15.4 1014 135  2.6 0  8.1  72    0    0 281 -396  2
4212500 3066500  9 23 22  14.8 1014 149  2.8 0  8.0  74    0    0 280 -393  2
4212500 3066500  9 23 23  14.1 1014 158  3.1 0  8.0  78    0    0 279 -389  2
4212500 3066500  9 23 24  13.8 1014 160  2.6 0  7.9  79    0    0 279 -386  2
4212500 3066500  9 24  1  13.0 1014 168  2.7 0  7.7  80    0    0 278 -383  2
4212500 3066500  9 24  2  13.2 1014 166  3.3 0  7.6  81    0    0 277 -381  2
4212500 3066500  9 24  3  12.7 1013 169  2.8 0  7.5  81    0    0 277 -379  2
4212500 3066500  9 24  4  12.8 1013 170  2.7 0  7.4  81    0    0 278 -377  2
4212500 3066500  9 24  5  12.6 1013 168  2.3 0  7.4  81    0    0 278 -376  2
4212500 3066500  9 24  6  12.0 1013 162  2.1 0  7.4  83    0    0 276 -375  2
4212500 3066500  9 24  7  12.9 1013 169  1.7 1  7.6  84   14   25 280 -374  2
4212500 3066500  9 24  8  14.2 1014 176  1.4 1  7.9  82   90   72 286 -377  2
4212500 3066500  9 24  9  15.9 1014 188  2.1 1  8.3  77  196  103 289 -387  2
4212500 3066500  9 24 10  17.4 1015 157  1.7 1  8.5  72  292  126 295 -402  2
4212500 3066500  9 24 11  18.3 1016 171  2.0 1  8.6  68  364  141 300 -418  2
4212500 3066500  9 24 12  19.3 1016 161  1.5 1  8.7  64  376  168 304 -433  2
4212500 3066500  9 24 13  20.2 1015 165  1.7 1  8.8  61  345  191 308 -444  2
4212500 3066500  9 24 14  20.9 1015 138  1.3 1  9.1  60  303  190 313 -448  2
4212500 3066500  9 24 15  20.7 1015 113  2.6 2  9.5  62  245  167 318 -447  2
4212500 3066500  9 24 16  20.6 1015 111  2.7 2  9.7  64  144  130 321 -440  2
4212500 3066500  9 24 17  19.5 1015 111  1.9 2  9.6  66   53   90 318 -430  2
4212500 3066500  9 24 18  17.9 1015  85  1.5 3  9.4  70    9   30 315 -418  2
4212500 3066500  9 24 19  15.7 1015 121  1.6 2  9.1  76    0    0 308 -407  2
4212500 3066500  9 24 20  14.7 1015 129  1.3 1  8.9  82    0    0 298 -399  2
4212500 3066500  9 24 21  13.9 1015  16  1.1 0  8.8  86    0    0 290 -395  2
4212500 3066500  9 24 22  13.7 1015 123  1.8 0  8.8  90    0    0 287 -392  2
4212500 3066500  9 24 23  14.2 1015 125  2.5 1  9.0  91    0    0 289 -390  2
4212500 3066500  9 24 24  14.1 1015 152  2.1 1  9.1  90    0    0 294 -387  2
4212500 3066500  9 25  1  13.6 1014 159  1.9 2  8.9  90    0    0 296 -384  2
4212500 3066500  9 25  2  13.9 1014 135  2.1 2  8.7  89    0    0 298 -382  2
4212500 3066500  9 25  3  13.5 1014 127  1.9 0  8.7  88    0    0 293 -380  2
4212500 3066500  9 25  4  13.0 1014 134  1.9 1  8.5  90    0    0 289 -379  2
4212500 3066500  9 25  5  12.6 1014 127  1.9 1  8.4  91    0    0 291 -377  2
4212500 3066500  9 25  6  12.5 1013 134  1.8 1  8.3  91    0    0 291 -376  2
4212500 3066500  9 25  7  12.8 1013 133  2.0 1  8.3  91   12   22 292 -375  2
4212500 3066500  9 25  8  14.5 1014 136  1.8 1  8.8  90   86   69 295 -379  2
4212500 3066500  9 25  9  16.5 1013 144  2.5 1  9.1  83  196   96 299 -388  2
4212500 3066500  9 25 10  17.9 1014 134  2.4 0  9.0  73  302  112 300 -402  2
4212500 3066500  9 25 11  18.8 1014 137  3.2 0  9.0  68  380  123 302 -415  2
4212500 3066500  9 25 12  19.9 1014 135  3.5 0  9.2  65  394  148 308 -426  2
4212500 3066500  9 25 13  21.0 1014 116  3.0 0  9.3  62  349  181 313 -435  2
4212500 3066500  9 25 14  20.7 1013 116  3.2 0  9.5  62  305  181 316 -440  2
4212500 3066500  9 25 15  20.9 1013 116  3.2 1  9.6  62  251  156 321 -439  2
4212500 3066500  9 25 16  20.4 1013 115  3.3 1  9.4  62  129  137 323 -436  2
4212500 3066500  9 25 17  19.5 1012 112  2.2 1  9.4  64   46   87 322 -429  2
4212500 3066500  9 25 18  17.5 1012 119  1.8 2  9.4  70    9   27 321 -419  2
4212500 3066500  9 25 19  16.1 1012 121  1.9 1  9.3  77    0    0 315 -410  2
4212500 3066500  9 25 20  15.5 1012 125  1.9 1  9.2  82    0    0 306 -405  2
4212500 3066500  9 25 21  15.4 1012 163  2.3 0  9.2  84    0    0 301 -402  2
4212500 3066500  9 25 22  16.3 1012 169  3.2 1  9.3  82    0    0 302 -399  2
4212500 3066500  9 25 23  15.6 1013 177  2.7 1  9.2  81    0    0 307 -396  2
4212500 3066500  9 25 24  15.5 1012 170  3.3 1  9.1  83    0    0 305 -393  2
4212500 3066500  9 26  1  15.1 1012 169  3.1 1  9.0  83    0    0 304 -390  2
4212500 3066500  9 26  2  14.4 1012 172  3.0 1  8.8  84    0    0 301 -387  2
4212500 3066500  9 26  3  14.3 1012 170  2.3 2  8.7  85    0    0 304 -385  2
4212500 3066500  9 26  4  14.1 1012 187  1.3 2  8.7  86    0    0 308 -382  2
4212500 3066500  9 26  5  13.4 1012 175  1.2 2  8.6  88    0    0 307 -380  2
4212500 3066500  9 26  6  13.0 1012 165  1.0 4  8.6  90    0    0 315 -378  2
4212500 3066500  9 26  7  13.7 1013 201  2.2 5  8.7  91    0   14 329 -377  2
4212500 3066500  9 26  8  14.4 1013 268  2.8 3  8.8  88   35   71 328 -380  2
4212500 3066500  9 26  9  15.3 1014  19  1.1 7  9.1  86   33  131 341 -390  2
4212500 3066500  9 26 10  16.7 1013  54  0.7 8  9.5  83    7  153 369 -405  2
4212500 3066500  9 26 11  17.5 1015 226  1.2 8  9.7  79    0  109 377 -422  2
4212500 3066500  9 26 12  17.3 1015 265  2.5 8  9.9  79    3  176 378 -438  2
4212500 3066500  9 26 13  17.7 1016 244  2.0 5 10.0  80   81  229 365 -450  2
4212500 3066500  9 26 14  18.3 1016 275  2.2 4  9.9  77  116  214 351 -457  2
4212500 3066500  9 26 15  17.4 1016 254  2.8 7  9.9  77   11  152 357 -458  2
4212500 3066500  9 26 16  17.3 1016 232  2.3 8  9.9  80    0   43 367 -454  2
4212500 3066500  9 26 17  16.6 1016 238  3.5 6  9.7  81    9   74 359 -441  2
4212500 3066500  9 26 18  15.4 1015 206  2.2 5  9.4  83    3   23 342 -426  2
4212500 3066500  9 26 19  14.2 1015 271  2.6 4  9.0  85    0    0 328 -412  2
4212500 3066500  9 26 20  13.5 1016 218  1.9 4  8.7  88    0    0 318 -402  2
4212500 3066500  9 26 21  13.5 1016 196  1.7 0  8.6  89    0    0 302 -396  2
4212500 3066500  9 26 22  13.4 1016 193  2.6 1  8.7  90    0    0 291 -393  2
4212500 3066500  9 26 23  13.0 1016 191  2.8 1  8.6  91    0    0 293 -390  2
4212500 3066500  9 26 24  12.5 1016 204  2.9 1  8.4  92    0    0 291 -388  2
4212500 3066500  9 27  1  12.6 1016 206  2.9 0  8.3  92    0    0 285 -388  2
4212500 3066500  9 27  2  12.0 1016 219  2.8 1  8.1  91    0    0 282 -389  2
4212500 3066500  9 27  3  11.4 1016 194  2.6 0  7.9  92    0    0 280 -388  2
4212500 3066500  9 27  4  10.9 1016 202  2.5 1  7.7  94    0    0 276 -385  2
4212500 3066500  9 27  5  10.9 1016 194  2.6 1  7.6  94    0    0 276 -382  2
4212500 3066500  9 27  6  10.9 1016 207  3.0 3  7.6  94    0    0 283 -380  2
4212500 3066500  9 27  7  10.5 1016 183  2.5 6  7.5  94    7   22 299 -379  2
4212500 3066500  9 27  8  11.1 1016 190  3.4 4  7.7  95   32   80 302 -382  2
4212500 3066500  9 27  9  12.2 1016 192  4.0 6  8.1  95   50  148 305 -392  2
4212500 3066500  9 27 10  14.6 1016 189  4.1 2  8.6  90  195  177 305 -406  2
4212500 3066500  9 27 11  15.7 1016 178  4.6 4  9.0  83  154  238 307 -421  2
4212500 3066500  9 27 12  16.4 1016 185  4.6 6  9.0  80   19  220 325 -434  2
4212500 3066500  9 27 13  17.1 1015 195  4.0 5  9.0  75   36  230 333 -443  2
4212500 3066500  9 27 14  18.1 1016 192  3.3 4  8.7  69  119  250 331 -447  2
4212500 3066500  9 27 15  17.6 1016 189  3.8 5  8.6  68   80  205 333 -446  2
4212500 3066500  9 27 16  17.3 1015 201  4.0 7  8.5  69    0   90 342 -442  2
4212500 3066500  9 27 17  16.8 1015 203  2.9 6  8.4  69    0   57 345 -435  2
4212500 3066500  9 27 18  16.3 1014 181  2.6 7  8.4  72    1   24 345 -427  2
4212500 3066500  9 27 19  15.9 1013 169  2.8 7  8.6  75    0    0 348 -419  2
4212500 3066500  9 27 20  15.9 1013 183  3.6 7  8.7  77    0    0 348 -413  2
4212500 3066500  9 27 21  15.5 1013 180  3.5 8  8.6  77    0    0 350 -411  2
4212500 3066500  9 27 22  15.2 1013 190  3.8 8  8.7  79    0    0 353 -409  2
4212500 3066500  9 27 23  14.9 1013 186  4.0 8  8.7  81    0    0 352 -407  2
4212500 3066500  9 27 24  14.6 1013 197  3.9 8  8.7  83    0    0 352 -406  2
4212500 3066500  9 28  1  14.1 1012 201  3.1 8  8.8  86    0    0 353 -404  2
4212500 3066500  9 28  2  13.9 1012 190  3.5 8  9.0  90    0    0 354 -403  2
4212500 3066500  9 28  3  13.9 1012 192  4.0 8  9.2  92    0    0 354 -402  2
4212500 3066500  9 28  4  14.0 1011 245  5.1 8  9.3  93    0    0 355 -402  2
4212500 3066500  9 28  5  14.0 1011 232  4.2 8  9.4  94    0    0 355 -401  2
4212500 3066500  9 28  6  13.9 1011 218  3.0 8  9.4  94    0    0 354 -400  2
4212500 3066500  9 28  7  13.9 1011 217  2.5 8  9.3  94    0    4 352 -398  2
4212500 3066500  9 28  8  14.1 1011 247  4.1 8  9.3  93    0   37 350 -398  2
4212500 3066500  9 28  9  14.5 1012 235  4.1 7  9.4  92   27  123 344 -402  2
4212500 3066500  9 28 10  14.7 1012 224  3.9 8  9.3  90    3  137 344 -406  2
4212500 3066500  9 28 11  15.3 1012 240  4.6 7  9.2  86   34  196 345 -409  2
4212500 3066500  9 28 12  16.0 1012 234  5.6 6  8.9  80  124  210 339 -413  2
4212500 3066500  9 28 13  16.6 1013 231  6.1 7  8.7  75   28  198 342 -416  2
4212500 3066500  9 28 14  14.4 1012 273  6.3 8  8.6  78    0   70 349 -412  2
4212500 3066500  9 28 15  12.4 1012 262 10.0 8  8.1  84    0   53 346 -409  2
4212500 3066500  9 28 16  11.8 1012 272  8.1 8  7.6  86    0   31 340 -409  2
4212500 3066500  9 28 17  12.6 1012 254  7.4 4  7.5  84   12   71 325 -406  2
4212500 3066500  9 28 18  12.0 1012 246  6.9 4  7.5  84    6   22 309 -398  2
4212500 3066500  9 28 19  11.2 1013 249  6.0 3  7.1  84    0    0 301 -388  2
4212500 3066500  9 28 20  11.0 1013 242  5.1 2  6.9  84    0    0 288 -382  2
4212500 3066500  9 28 21  10.3 1014 241  4.6 0  6.9  86    0    0 272 -377  2
4212500 3066500  9 28 22  10.1 1014 233  4.5 1  6.8  87    0    0 263 -374  2
4212500 3066500  9 28 23   9.5 1014 226  4.0 1  6.6  87    0    0 262 -370  2
4212500 3066500  9 28 24   8.9 1014 222  4.1 1  6.4  89    0    0 255 -367  2
4212500 3066500  9 29  1   9.3 1014 225  4.0 3  6.4  89    0    0 261 -364  2
4212500 3066500  9 29  2   9.1 1014 224  3.3 5  6.5  89    0    0 278 -362  2
4212500 3066500  9 29  3   8.6 1013 235  2.5 5  6.3  89    0    0 284 -360  2
4212500 3066500  9 29  4   8.8 1013 197  3.0 5  6.4  91    0    0 282 -358  2
4212500 3066500  9 29  5   8.7 1013 190  3.1 5  6.5  92    0    0 281 -357  2
4212500 3066500  9 29  6   9.5 1012 178  2.9 6  6.6  91    0    0 287 -357  2
4212500 3066500  9 29  7  10.2 1012 180  3.3 7  6.7  88    0   10 302 -359  2
4212500 3066500  9 29  8  11.3 1011 179  3.6 6  6.8  85    8   74 305 -363  2
4212500 3066500  9 29  9  11.9 1011 183  2.7 8  7.0  82    7  122 313 -373  2
4212500 3066500  9 29 10  12.1 1011 185  4.1 6  7.2  82   56  208 317 -387  2
4212500 3066500  9 29 11  11.8 1010 196  4.3 7  7.0  80    1  160 315 -401  2
4212500 3066500  9 29 12  11.8 1010 193  3.2 8  7.0  81    0   75 327 -413  2
4212500 3066500  9 29 13  12.3 1009 186  3.1 8  7.2  82    0   95 335 -421  2
4212500 3066500  9 29 14  12.2 1008 161  2.7 7  7.3  82    0  120 332 -422  2
4212500 3066500  9 29 15  11.7 1008 179  3.4 7  7.6  86    0   97 328 -418  2
4212500 3066500  9 29 16  11.7 1007 208  2.3 8  7.6  88    0   45 332 -407  2
4212500 3066500  9 29 17  10.8 1007 181  2.1 6  7.3  88    0   43 325 -396  2
4212500 3066500  9 29 18  10.3 1007 204  2.4 7  7.1  89    0   23 318 -390  2
4212500 3066500  9 29 19  10.0 1007 225  2.3 7  7.1  91    0    0 322 -385  2
4212500 3066500  9 29 20   9.9 1007 275  3.5 7  7.1  93    0    0 323 -383  2
4212500 3066500  9 29 21   9.8 1007 249  2.1 8  7.1  94    0    0 328 -383  2
4212500 3066500  9 29 22   9.5 1007 260  2.8 8  7.0  94    0    0 333 -381  2
4212500 3066500  9 29 23   9.5 1008 283  3.8 7  7.0  94    0    0 330 -379  2
4212500 3066500  9 29 24   9.7 1008 279  3.3 7  7.0  94    0    0 329 -377  2
4212500 3066500  9 30  1   9.9 1008 277  3.0 8  7.1  93    0    0 333 -376  2
4212500 3066500  9 30  2  10.1 1009 292  4.2 8  7.1  92    0    0 336 -374  2
4212500 3066500  9 30  3  10.3 1009 291  5.4 8  7.1  91    0    0 334 -372  2
4212500 3066500  9 30  4  10.2 1010 301  4.7 8  7.0  90    0    0 334 -370  2
4212500 3066500  9 30  5  10.7 1010 297  6.1 6  7.1  90    0    0 326 -368  2
4212500 3066500  9 30  6  10.6 1011 297  6.4 6  7.2  90    0    0 319 -365  2
4212500 3066500  9 30  7  10.7 1012 295  6.1 7  7.1  89    0   16 324 -364  2
4212500 3066500  9 30  8  10.9 1013 294  6.1 7  7.0  86   11   77 327 -365  2
4212500 3066500  9 30  9  11.3 1014 293  7.5 6  6.7  82   28  143 319 -372  2
4212500 3066500  9 30 10  11.9 1015 297  8.1 6  6.5  76   21  186 313 -382  2
4212500 3066500  9 30 11  12.7 1016 293  7.6 5  6.3  71   74  238 313 -393  2
4212500 3066500  9 30 12  13.3 1016 292  6.6 4  6.2  66  165  265 310 -403  2
4212500 3066500  9 30 13  13.2 1017 294  6.0 3  6.0  64  105  269 304 -409  2
4212500 3066500  9 30 14  13.1 1017 311  5.8 3  5.8  62   64  233 300 -412  2
4212500 3066500  9 30 15  13.3 1017 306  4.3 4  5.7  60   71  204 306 -412  2
4212500 3066500  9 30 16  12.5 1017 290  3.4 4  5.8  63   42  147 313 -408  2
4212500 3066500  9 30 17  12.9 1017  22  2.1 2  5.9  65   17   84 306 -401  2
4212500 3066500  9 30 18   9.9 1018 234  0.9 3  6.0  72    0   21 300 -391  2
4212500 3066500  9 30 19   8.3 1018 215  1.7 2  5.9  83    0    0 292 -383  2
4212500 3066500  9 30 20   7.6 1018 203  1.6 1  5.8  87    0    0 276 -378  2
4212500 3066500  9 30 21   7.9 1018 169  1.7 1  5.8  88    0    0 270 -376  2
4212500 3066500  9 30 22   7.9 1018 160  1.6 1  5.9  89    0    0 272 -378  2
4212500 3066500  9 30 23   9.7 1018 176  2.3 1  6.0  86    0    0 276 -381  2
4212500 3066500  9 30 24  10.3 1018 172  2.3 1  6.4  84    0    0 279 -383  2
4212500 3066500 10  1  1  10.2 1017 185  2.8 1  6.4  83    0    0 276 -384  2
4212500 3066500 10  1  2  10.4 1017 186  2.8 2  6.5  83    0    0 279 -384  2
4212500 3066500 10  1  3  10.3 1016 181  2.7 3  6.5  83    0    0 288 -383  2
4212500 3066500 10  1  4  10.3 1015 175  3.2 3  6.5  83    0    0 292 -383  2
4212500 3066500 10  1  5  10.4 1014 179  3.0 1  6.4  82    0    0 276 -382  2
4212500 3066500 10  1  6  10.8 1014 177  3.9 3  6.4  80    0    0 269 -382  2
4212500 3066500 10  1  7  10.8 1013 166  4.6 4  6.3  79    0    8 286 -381  2
4212500 3066500 10  1  8  11.6 1013 165  5.3 4  6.4  77   43   70 295 -381  2
4212500 3066500 10  1  9  12.5 1012 175  5.2 5  6.6  75   74  138 305 -382  2
4212500 3066500 10  1 10  14.1 1012 170  6.2 6  6.7  70   95  209 323 -383  2
4212500 3066500 10  1 11  13.7 1011 170  6.6 6  6.7  68   48  251 333 -384  2
4212500 3066500 10  1 12  14.4 1010 168  6.2 6  6.8  68   16  242 335 -383  2
4212500 3066500 10  1 13  14.7 1010 162  6.4 7  6.9  66    1  179 345 -381  2
4212500 3066500 10  1 14  14.5 1009 165  6.1 7  6.8  65    0  116 351 -382  2
4212500 3066500 10  1 15  14.9 1008 167  6.1 7  6.7  64    0  130 352 -386  2
4212500 3066500 10  1 16  14.7 1008 175  5.6 8  6.8  64    0   56 359 -388  2
4212500 3066500 10  1 17  13.5 1008 182  4.5 8  7.0  69    0   14 363 -388  2
4212500 3066500 10  1 18  12.1 1008 189  4.0 8  7.3  79    0    2 359 -388  2
4212500 3066500 10  1 19  11.5 1008 192  3.8 7  7.5  86    0    0 350 -387  2
4212500 3066500 10  1 20  11.2 1008 193  5.0 7  7.6  90    0    0 342 -386  2
4212500 3066500 10  1 21  11.3 1008 179  5.0 8  7.6  90    0    0 346 -386  2
4212500 3066500 10  1 22  11.1 1008 181  4.1 8  7.6  91    0    0 351 -385  2
4212500 3066500 10  1 23  11.0 1008 187  4.5 8  7.6  92    0    0 352 -384  2
4212500 3066500 10  1 24  10.8 1008 203  5.3 8  7.6  93    0    0 353 -383  2
4212500 3066500 10  2  1  10.8 1008 195  3.6 8  7.6  94    0    0 352 -383  2
4212500 3066500 10  2  2  10.9 1008 224  2.9 8  7.7  94    0    0 354 -381  2
4212500 3066500 10  2  3  11.0 1008 226  3.0 8  7.7  94    0    0 355 -377  2
4212500 3066500 10  2  4  11.0 1008 225  2.9 8  7.7  94    0    0 356 -372  2
4212500 3066500 10  2  5  10.9 1009 231  3.2 8  7.7  93    0    0 356 -370  2
4212500 3066500 10  2  6  10.9 1009 247  2.9 7  7.6  93    0    0 350 -370  2
4212500 3066500 10  2  7  10.7 1009 245  3.2 6  7.5  93    0    7 339 -370  2
4212500 3066500 10  2  8  11.0 1010 247  3.3 6  7.6  93   17   72 333 -372  2
4212500 3066500 10  2  9  11.8 1011 267  3.6 6  7.9  93   27  155 335 -378  2
4212500 3066500 10  2 10  12.9 1012 260  3.2 6  8.3  92   49  228 336 -387  2
4212500 3066500 10  2 11  13.6 1013 272  3.3 6  8.3  87   80  288 337 -398  2
4212500 3066500 10  2 12  13.9 1013 293  2.9 7  8.2  84   17  260 342 -408  2
4212500 3066500 10  2 13  14.0 1014 280  3.2 5  8.2  82   10  232 337 -415  2
4212500 3066500 10  2 14  13.8 1015 278  2.8 6  8.1  81    1  164 332 -419  2
4212500 3066500 10  2 15  13.7 1015 313  3.2 7  8.0  82    0  132 340 -419  2
4212500 3066500 10  2 16  13.3 1016 313  2.4 6  8.0  83    8  135 338 -413  2
4212500 3066500 10  2 17  12.9 1016 281  2.1 5  7.9  84   13   73 328 -402  2
4212500 3066500 10  2 18  12.0 1017 305  1.2 7  7.8  86    0    1 331 -390  2
4212500 3066500 10  2 19  10.7 1018 215  1.6 3  7.5  90    0    0 319 -380  2
4212500 3066500 10  2 20  10.2 1018 240  1.7 2  7.2  92    0    0 295 -372  2
4212500 3066500 10  2 21   9.6 1019 266  1.6 1  7.0  92    0    0 284 -367  2
4212500 3066500 10  2 22  10.4 1020 255  1.9 2  7.2  94    0    0 284 -364  2
4212500 3066500 10  2 23  10.4 1021 243  2.2 3  7.4  95    0    0 294 -362  2
4212500 3066500 10  2 24  10.8 1021 276  2.4 5  7.5  94    0    0 309 -360  2
4212500 3066500 10  3  1   9.8 1021 274  1.4 2  7.4  95    0    0 304 -358  2
4212500 3066500 10  3  2   9.7 1021 297  1.4 0  7.2  96    0    0 283 -357  2
4212500 3066500 10  3  3   9.6 1022   8  0.8 1  7.2  97    0    0 278 -356  2
4212500 3066500 10  3  4   8.3 1022 226  1.3 2  6.9  97    0    0 284 -355  2
4212500 3066500 10  3  5   7.7 1023 263  1.1 2  6.4  96    0    0 283 -354  2
4212500 3066500 10  3  6   8.4 1023 283  1.4 2  6.3  95    0    0 283 -353  2
4212500 3066500 10  3  7   8.4 1023 335  0.8 4  6.4  94    0    7 292 -354  2
4212500 3066500 10  3  8   8.9 1024 351  0.3 4  6.5  94   54   58 302 -359  2
4212500 3066500 10  3  9  11.3 1024 357  0.0 3  7.3  95  138  103 303 -368  2
4212500 3066500 10  3 10  12.1 1025 344  1.2 3  8.1  95  246  130 304 -383  2
4212500 3066500 10  3 11  13.5 1026 294  1.9 3  8.4  92  306  153 308 -398  2
4212500 3066500 10  3 12  14.0 1026 294  2.3 1  8.4  87  226  222 302 -409  2
4212500 3066500 10  3 13  15.1 1026 307  2.4 3  8.2  80  228  220 305 -414  2
4212500 3066500 10  3 14  15.4 1026 313  3.2 3  8.2  77  217  198 316 -415  2
4212500 3066500 10  3 15  15.4 1026 327  2.6 4  8.2  76  126  186 321 -411  2
4212500 3066500 10  3 16  14.3 1026 328  2.2 5  8.1  78   24  135 327 -404  2
4212500 3066500 10  3 17  14.1 1027 354  2.2 5  8.1  81   14   65 329 -395  2
4212500 3066500 10  3 18  12.6 1027 340  1.3 3  7.8  83    0    0 315 -384  2
4212500 3066500 10  3 19  11.1 1027 351  0.4 4  7.4  86    0    0 303 -373  2
4212500 3066500 10  3 20  10.2 1028 333  1.0 4  7.1  90    0    0 302 -367  2
4212500 3066500 10  3 21   9.7 1028 329  1.4 4  6.8  91    0    0 298 -364  2
4212500 3066500 10  3 22   9.6 1028 322  1.3 3  6.8  92    0    0 292 -361  2
4212500 3066500 10  3 23   9.6 1028 337  1.1 3  6.8  92    0    0 286 -359  2
4212500 3066500 10  3 24   8.9 1029 334  1.1 2  6.6  92    0    0 280 -358  2
4212500 3066500 10  4  1   8.3 1029 341  0.9 2  6.4  93    0    0 272 -358  2
4212500 3066500 10  4  2   8.3 1029 350  0.4 2  6.3  93    0    0 270 -358  2
4212500 3066500 10  4  3   8.1 1029  14  0.2 5  6.2  93    0    0 284 -358  2
4212500 3066500 10  4  4   8.1 1029  18  0.6 5  6.2  93    0    0 299 -357  2
4212500 3066500 10  4  5   7.8 1029  26  0.1 5  6.1  93    0    0 299 -356  2
4212500 3066500 10  4  6   8.3 1029  17  0.0 5  6.2  94    0    0 300 -356  2
4212500 3066500 10  4  7   8.8 1029  22  0.6 5  6.4  94    0    7 302 -358  2
4212500 3066500 10  4  8  10.6 1029  10  1.5 3  6.9  93   71   51 293 -362  2
4212500 3066500 10  4  9  12.6 1030  42  1.9 1  7.5  89  194   74 277 -370  2
4212500 3066500 10  4 10  14.5 1030  25  2.6 1  7.8  82  283   92 273 -385  2
4212500 3066500 10  4 11  14.8 1030  57  2.8 4  7.7  75   77  228 293 -401  2
4212500 3066500 10  4 12  15.8 1030  70  2.6 7  7.6  72   36  244 329 -414  2
4212500 3066500 10  4 13  15.5 1030  60  2.4 5  7.6  70  123  244 336 -423  2
4212500 3066500 10  4 14  15.4 1030  59  3.1 4  7.7  72  241  170 322 -425  2
4212500 3066500 10  4 15  15.1 1030  59  2.6 3  8.0  75  267  102 313 -420  2
4212500 3066500 10  4 16  14.4 1030  64  2.7 2  7.9  77  168   84 301 -412  2
4212500 3066500 10  4 17  13.4 1030  68  2.2 3  7.9  81   46   55 297 -402  2
4212500 3066500 10  4 18  11.8 1030  16  1.3 3  7.6  85    0    1 298 -390  2
4212500 3066500 10  4 19  11.1 1030  39  2.1 1  7.4  89    0    0 283 -380  2
4212500 3066500 10  4 20  10.8 1030  23  2.6 0  7.4  93    0    0 266 -374  2
4212500 3066500 10  4 21  10.8 1030  42  1.8 0  7.5  94    0    0 260 -372  2
4212500 3066500 10  4 22  10.1 1030  47  0.9 2  7.3  94    0    0 270 -371  2
4212500 3066500 10  4 23   9.6 1031  57  0.7 2  7.0  94    0    0 280 -371  2
4212500 3066500 10  4 24   9.8 1031  52  1.0 0  7.0  94    0    0 270 -370  2
4212500 3066500 10  5  1   9.5 1031  48  0.7 1  7.1  96    0    0 265 -369  2
4212500 3066500 10  5  2   9.3 1031  16  0.7 0  7.1  99    0    0 266 -370  2
4212500 3066500 10  5  3   9.1 1030  16  1.0 0  7.0  98    0    0 261 -370  2
4212500 3066500 10  5  4   9.0 1030  16  1.2 2  6.9  97    0    0 269 -370  2
4212500 3066500 10  5  5   9.3 1030  19  1.2 2  6.8  95    0    0 278 -371  2
4212500 3066500 10  5  6   9.4 1030  80  1.3 1  6.8  94    0    0 274 -371  2
4212500 3066500 10  5  7   9.5 1030  57  1.4 1  6.9  95    0    7 268 -371  2
4212500 3066500 10  5  8  11.1 1030  59  1.9 0  7.4  96   64   54 265 -372  2
4212500 3066500 10  5  9  13.4 1030  81  4.2 0  8.2  93  180   84 264 -380  2
4212500 3066500 10  5 10  15.1 1030  89  4.8 0  8.6  86  284  102 271 -392  2
4212500 3066500 10  5 11  16.4 1030  86  5.0 0  8.6  78  351  118 276 -403  2
4212500 3066500 10  5 12  17.0 1030 111  4.0 0  8.5  73  383  125 281 -411  2
4212500 3066500 10  5 13  17.3 1030  82  3.8 0  8.5  70  369  134 283 -416  2
4212500 3066500 10  5 14  16.4 1030  91  3.6 0  8.4  71  334  126 284 -417  2
4212500 3066500 10  5 15  15.9 1029  62  4.3 0  8.3  74  257  115 281 -414  2
4212500 3066500 10  5 16  15.4 1029  58  4.0 0  8.3  76  157   94 278 -407  2
4212500 3066500 10  5 17  14.4 1028  75  3.2 1  8.3  80   39   58 279 -399  2
4212500 3066500 10  5 18  13.0 1028  75  2.5 1  8.2  85    0    0 277 -390  2
4212500 3066500 10  5 19  12.0 1028  74  2.3 0  8.1  91    0    0 266 -384  2
4212500 3066500 10  5 20  11.9 1028  81  2.2 0  8.1  94    0    0 258 -382  2
4212500 3066500 10  5 21  11.7 1028  80  2.1 0  8.0  94    0    0 255 -382  2
4212500 3066500 10  5 22  11.7 1028  84  1.7 0  7.9  94    0    0 254 -382  2
4212500 3066500 10  5 23  11.5 1028  92  1.5 1  7.9  94    0    0 260 -381  2
4212500 3066500 10  5 24  11.3 1028  91  1.2 1  7.8  94    0    0 267 -380  2
4212500 3066500 10  6  1  10.6 1028  91  1.1 0  7.5  93    0    0 259 -379  2
4212500 3066500 10  6  2  10.6 1028 108  1.2 1  7.3  93    0    0 255 -378  2
4212500 3066500 10  6  3  10.4 1028  22  1.2 1  7.2  93    0    0 259 -379  2
4212500 3066500 10  6  4   9.6 1028  25  1.1 1  7.0  93    0    0 255 -379  2
4212500 3066500 10  6  5   9.4 1027  24  1.2 2  6.8  94    0    0 258 -379  2
4212500 3066500 10  6  6   9.1 1027  75  1.6 2  6.8  94    0    0 263 -378  2
4212500 3066500 10  6  7   9.3 1027  88  1.5 1  6.7  94    0    6 256 -377  2
4212500 3066500 10  6  8  11.2 1027  70  1.8 1  7.1  93   54   52 252 -380  2
4212500 3066500 10  6  9  13.3 1028  94  2.0 0  8.1  93  157   90 253 -386  2
4212500 3066500 10  6 10  15.6 1028 105  2.8 0  8.9  87  258  111 254 -396  2
4212500 3066500 10  6 11  16.9 1028 101  3.0 0  9.0  79  323  130 262 -406  2
4212500 3066500 10  6 12  17.9 1028 109  3.3 0  9.0  74  346  145 269 -414  2
4212500 3066500 10  6 13  18.6 1028 100  3.1 0  9.0  69  338  150 276 -418  2
4212500 3066500 10  6 14  17.8 1027  86  3.2 0  8.5  66  288  149 278 -419  2
4212500 3066500 10  6 15  17.9 1027 100  3.0 0  8.1  65  215  134 277 -417  2
4212500 3066500 10  6 16  16.9 1027 100  2.3 0  8.2  67  127  103 277 -412  2
4212500 3066500 10  6 17  15.7 1027  98  2.1 1  8.4  73   25   62 280 -404  2
4212500 3066500 10  6 18  13.8 1026 101  1.9 0  8.3  81    0    0 276 -395  2
4212500 3066500 10  6 19  12.8 1026  97  1.8 0  8.2  87    0    0 266 -389  2
4212500 3066500 10  6 20  12.0 1027  84  2.7 0  7.9  89    0    0 263 -387  2
4212500 3066500 10  6 21  12.4 1027  92  1.9 0  7.9  90    0    0 261 -387  2
4212500 3066500 10  6 22  12.1 1027 102  2.0 0  8.0  92    0    0 262 -385  2
4212500 3066500 10  6 23  11.8 1027  92  1.5 0  7.9  91    0    0 259 -382  2
4212500 3066500 10  6 24  11.6 1027 105  1.6 0  7.8  92    0    0 260 -379  2
4212500 3066500 10  7  1  11.7 1027 101  1.3 0  7.9  93    0    0 260 -377  2
4212500 3066500 10  7  2  11.1 1027  95  0.9 1  7.7  93    0    0 265 -376  2
4212500 3066500 10  7  3  11.0 1027  63  1.0 1  7.5  92    0    0 271 -374  2
4212500 3066500 10  7  4  10.5 1027  79  1.2 0  7.3  92    0    0 266 -372  2
4212500 3066500 10  7  5   9.8 1027  79  1.3 0  7.0  92    0    0 260 -371  2
4212500 3066500 10  7  6   9.4 1027  69  1.6 0  6.9  93    0    0 260 -370  2
4212500 3066500 10  7  7   9.1 1026  83  1.6 2  6.8  95    0    5 271 -370  2
4212500 3066500 10  7  8  11.1 1027  85  2.3 1  7.3  95   55   48 280 -372  2
4212500 3066500 10  7  9  14.2 1027  88  3.1 0  8.4  93  162   80 279 -379  2
4212500 3066500 10  7 10  15.4 1027  89  3.4 0  9.0  86  259  101 282 -390  2
4212500 3066500 10  7 11  16.2 1027  95  4.6 0  8.4  76  320  120 287 -401  2
4212500 3066500 10  7 12  17.0 1026 102  4.6 0  8.1  69  356  128 293 -409  2
4212500 3066500 10  7 13  17.5 1026  97  4.0 0  8.3  68  331  142 299 -414  2
4212500 3066500 10  7 14  17.2 1025  94  4.4 0  8.4  68  282  142 304 -415  2
4212500 3066500 10  7 15  17.5 1025  96  3.8 0  8.5  69  211  128 307 -413  2
4212500 3066500 10  7 16  16.5 1024  88  4.0 0  8.7  72  120  100 308 -409  2
4212500 3066500 10  7 17  15.3 1024  94  3.7 1  8.7  78   23   58 310 -402  2
4212500 3066500 10  7 18  14.0 1024  91  3.3 1  8.6  83    0    0 311 -395  2
4212500 3066500 10  7 19  13.8 1024  98  3.4 1  8.5  86    0    0 307 -390  2
4212500 3066500 10  7 20  13.8 1023 112  3.3 0  8.5  87    0    0 303 -389  2
4212500 3066500 10  7 21  14.1 1023 116  3.6 0  8.3  84    0    0 300 -390  2
4212500 3066500 10  7 22  14.2 1023 118  3.7 0  8.1  81    0    0 300 -389  2
4212500 3066500 10  7 23  13.4 1023 122  3.4 0  8.0  82    0    0 300 -389  2
4212500 3066500 10  7 24  13.8 1022 130  3.6 1  7.9  82    0    0 303 -391  2
4212500 3066500 10  8  1  13.2 1022 137  3.2 1  7.7  81    0    0 307 -393  2
4212500 3066500 10  8  2  12.6 1021 124  2.9 0  7.7  83    0    0 301 -394  2
4212500 3066500 10  8  3  12.6 1021 115  2.9 1  7.7  85    0    0 299 -395  2
4212500 3066500 10  8  4  13.0 1021 129  3.7 0  7.7  84    0    0 300 -395  2
4212500 3066500 10  8  5  13.0 1020 129  3.7 1  7.7  83    0    0 300 -395  2
4212500 3066500 10  8  6  12.6 1020 134  3.5 1  7.7  84    0    0 303 -395  2
4212500 3066500 10  8  7  12.5 1020 134  3.7 3  7.6  84    0    4 311 -393  2
4212500 3066500 10  8  8  12.7 1020 134  3.5 2  7.7  85   50   48 316 -392  2
4212500 3066500 10  8  9  13.9 1020 136  4.4 0  7.9  83  151   83 305 -396  2
4212500 3066500 10  8 10  15.1 1020 145  4.8 0  8.1  79  243  108 301 -404  2
4212500 3066500 10  8 11  16.5 1020 150  4.9 0  8.1  73  307  126 308 -410  2
4212500 3066500 10  8 12  16.6 1020 139  5.1 0  8.1  69  348  131 311 -419  2
4212500 3066500 10  8 13  17.5 1019 149  5.1 0  8.2  68  353  130 315 -428  2
4212500 3066500 10  8 14  18.6 1019 171  4.4 0  8.4  65  300  132 319 -432  2
4212500 3066500 10  8 15  18.3 1019 165  4.9 1  8.2  62  215  123 323 -431  2
4212500 3066500 10  8 16  17.7 1019 165  4.8 1  8.2  64  119   97 323 -426  2
4212500 3066500 10  8 17  16.6 1018 156  4.7 2  8.0  66   24   54 322 -417  2
4212500 3066500 10  8 18  15.4 1018 152  3.1 1  7.7  68    0    0 316 -407  2
4212500 3066500 10  8 19  14.3 1018 135  2.5 1  7.6  72    0    0 306 -398  2
4212500 3066500 10  8 20  14.3 1018 142  2.7 0  7.6  75    0    0 300 -393  2
4212500 3066500 10  8 21  13.4 1018 149  2.8 0  7.5  76    0    0 293 -389  2
4212500 3066500 10  8 22  13.0 1018 154  3.5 0  7.4  78    0    0 289 -386  2
4212500 3066500 10  8 23  13.0 1018 157  3.5 0  7.3  78    0    0 285 -383  2
4212500 3066500 10  8 24  13.0 1018 170  4.1 0  7.0  75    0    0 283 -382  2
4212500 3066500 10  9  1  11.9 1018 152  3.2 0  6.8  76    0    0 280 -380  2
4212500 3066500 10  9  2  12.2 1017 161  4.1 0  6.7  76    0    0 277 -378  2
4212500 3066500 10  9  3  11.9 1018 173  4.0 1  6.5  75    0    0 280 -376  2
4212500 3066500 10  9  4  11.5 1017 162  4.4 0  6.4  75    0    0 276 -375  2
4212500 3066500 10  9  5  11.5 1017 166  4.2 1  6.3  74    0    0 273 -373  2
4212500 3066500 10  9  6  11.4 1017 180  4.5 2  6.1  72    0    0 280 -372  2
4212500 3066500 10  9  7  10.9 1017 186  4.4 2  5.9  72    0    3 282 -372  2
4212500 3066500 10  9  8  11.1 1018 175  4.4 2  6.0  74   19   53 278 -372  2
4212500 3066500 10  9  9  12.0 1018 189  4.9 5  6.2  74   43  129 297 -379  2
4212500 3066500 10  9 10  12.6 1018 194  4.2 5  6.5  74   55  188 320 -392  2
4212500 3066500 10  9 11  14.0 1018 212  3.9 3  7.0  74  220  175 312 -406  2
4212500 3066500 10  9 12  15.6 1018 189  3.9 2  7.6  72  326  151 300 -414  2
4212500 3066500 10  9 13  16.7 1018 188  3.6 2  8.1  71  307  161 300 -418  2
4212500 3066500 10  9 14  17.4 1018 200  3.5 2  8.5  70  196  192 304 -419  2
4212500 3066500 10  9 15  17.4 1019 213  2.6 6  8.9  72   53  192 331 -415  2
4212500 3066500 10  9 16  16.7 1019 208  2.5 7  9.0  75    6  109 360 -412  2
4212500 3066500 10  9 17  16.0 1019 206  2.1 8  9.0  78    0   43 368 -407  2
4212500 3066500 10  9 18  14.9 1020 213  1.5 7  9.0  82    0    0 363 -402  2
4212500 3066500 10  9 19  14.3 1021 304  2.3 6  8.9  86    0    0 348 -398  2
4212500 3066500 10  9 20  14.0 1021 317  1.3 6  8.9  88    0    0 342 -395  2
4212500 3066500 10  9 21  13.8 1022   7  0.4 8  8.9  90    0    0 352 -393  2
4212500 3066500 10  9 22  13.6 1022  11  0.5 8  8.8  91    0    0 359 -391  2
4212500 3066500 10  9 23  13.5 1022  16  0.4 8  8.8  91    0    0 355 -388  2
4212500 3066500 10  9 24  13.5 1022 152  0.5 8  8.8  92    0    0 351 -383  2
4212500 3066500 10 10  1  13.6 1022 126  1.2 7  8.9  92    0    0 343 -378  2
4212500 3066500 10 10  2  13.4 1023 116  1.3 5  8.9  92    0    0 328 -373  2
4212500 3066500 10 10  3  13.2 1023 148  2.2 6  8.8  93    0    0 321 -369  2
4212500 3066500 10 10  4  12.6 1023 124  0.8 4  8.6  94    0    0 315 -366  2
4212500 3066500 10 10  5  12.5 1023 150  1.1 4  8.4  94    0    0 305 -363  2
4212500 3066500 10 10  6  11.9 1023 157  2.0 5  8.3  94    0    0 306 -361  2
4212500 3066500 10 10  7  12.0 1023 157  1.9 4  8.2  94    0    1 305 -360  2
4212500 3066500 10 10  8  12.5 1023 154  1.6 5  8.3  94    3   41 306 -361  2
4212500 3066500 10 10  9  13.6 1024 163  2.2 7  8.6  92   17  126 318 -369  2
4212500 3066500 10 10 10  14.2 1024 169  3.2 7  8.4  86   63  191 326 -384  2
4212500 3066500 10 10 11  15.4 1024 140  2.7 7  8.2  79   98  231 330 -403  2
4212500 3066500 10 10 12  16.1 1024 141  3.0 7  8.3  75  132  250 334 -420  2
4212500 3066500 10 10 13  17.0 1024 131  3.5 4  8.3  72  146  247 328 -430  2
4212500 3066500 10 10 14  16.9 1024 151  3.6 4  8.4  70  136  223 322 -431  2
4212500 3066500 10 10 15  16.3 1024 126  3.7 7  8.5  73   78  192 330 -426  2
4212500 3066500 10 10 16  16.4 1023 136  3.5 7  8.6  75   26  129 337 -417  2
4212500 3066500 10 10 17  15.4 1023 144  2.5 8  8.4  75    2   48 337 -406  2
4212500 3066500 10 10 18  14.3 1023 140  2.4 8  8.2  79    0    0 336 -395  2
4212500 3066500 10 10 19  14.1 1023 137  2.9 4  8.2  82    0    0 323 -387  2
4212500 3066500 10 10 20  14.1 1024 144  2.9 3  8.1  81    0    0 308 -384  2
4212500 3066500 10 10 21  13.6 1024 145  2.8 4  7.9  81    0    0 307 -383  2
4212500 3066500 10 10 22  12.9 1024 152  2.6 2  7.7  82    0    0 302 -382  2
4212500 3066500 10 10 23  12.4 1024 150  2.5 1  7.5  83    0    0 292 -381  2
4212500 3066500 10 10 24  11.9 1024 140  2.6 1  7.3  84    0    0 288 -381  2
4212500 3066500 10 11  1  11.8 1024 157  3.1 1  7.4  86    0    0 287 -380  2
4212500 3066500 10 11  2  11.2 1024 158  3.0 1  7.4  88    0    0 286 -379  2
4212500 3066500 10 11  3  10.9 1024 149  2.4 1  7.2  89    0    0 284 -378  2
4212500 3066500 10 11  4  10.6 1023 141  2.4 1  7.1  89    0    0 284 -375  2
4212500 3066500 10 11  5  11.1 1023 146  3.0 1  7.0  88    0    0 283 -373  2
4212500 3066500 10 11  6  11.0 1023 154  3.2 1  7.1  87    0    0 284 -371  2
4212500 3066500 10 11  7  10.7 1023 154  2.7 1  7.0  87    0    2 282 -369  2
4212500 3066500 10 11  8  11.6 1023 138  2.5 1  7.1  86   46   41 281 -368  2
4212500 3066500 10 11  9  13.4 1024 127  2.9 0  7.4  82  145   71 280 -373  2
4212500 3066500 10 11 10  14.2 1024 124  4.5 0  7.6  78  248   85 277 -383  2
4212500 3066500 10 11 11  14.9 1024 127  5.2 0  7.7  75  324   94 278 -394  2
4212500 3066500 10 11 12  15.8 1023 126  5.0 0  7.8  72  352  104 280 -402  2
4212500 3066500 10 11 13  16.6 1023 125  4.9 0  7.8  69  327  121 281 -408  2
4212500 3066500 10 11 14  17.0 1023 116  4.6 0  7.5  64  268  127 282 -411  2
4212500 3066500 10 11 15  17.0 1022 116  4.5 0  7.3  61  205  111 282 -409  2
4212500 3066500 10 11 16  16.4 1022 117  4.9 0  7.1  60  112   86 280 -403  2
4212500 3066500 10 11 17  15.3 1022 108  4.8 0  7.1  64   22   44 278 -396  2
4212500 3066500 10 11 18  14.2 1021 116  4.2 0  7.2  70    0    0 275 -387  2
4212500 3066500 10 11 19  14.2 1021 117  4.1 0  7.2  72    0    0 273 -381  2
4212500 3066500 10 11 20  14.3 1022 127  4.8 0  7.2  72    0    0 273 -378  2
4212500 3066500 10 11 21  13.8 1022 137  5.4 0  6.9  69    0    0 272 -377  2
4212500 3066500 10 11 22  13.2 1022 139  4.6 0  6.6  69    0    0 270 -375  2
4212500 3066500 10 11 23  12.8 1022 137  3.9 0  6.7  72    0    0 270 -373  2
4212500 3066500 10 11 24  12.5 1022 137  3.7 1  6.8  75    0    0 272 -371  2
4212500 3066500 10 12  1  12.2 1022 135  3.5 0  6.8  77    0    0 272 -368  2
4212500 3066500 10 12  2  11.8 1022 135  3.2 0  6.9  80    0    0 270 -366  2
4212500 3066500 10 12  3  11.5 1022 135  3.5 0  6.9  82    0    0 271 -364  2
4212500 3066500 10 12  4  11.3 1022 145  4.1 0  6.9  83    0    0 271 -363  2
4212500 3066500 10 12  5  11.0 1022 145  3.8 1  6.9  84    0    0 274 -362  2
4212500 3066500 10 12  6  10.8 1022 145  4.4 0  6.8  84    0    0 274 -361  2
4212500 3066500 10 12  7  11.1 1022 139  3.2 1  6.8  84    0    1 275 -361  2
4212500 3066500 10 12  8  11.6 1022 138  3.6 1  6.9  83   39   42 280 -361  2
4212500 3066500 10 12  9  13.0 1022 135  3.8 0  7.1  80  127   79 279 -367  2
4212500 3066500 10 12 10  14.1 1022 152  4.1 0  7.4  78  220  101 279 -376  2
4212500 3066500 10 12 11  14.6 1022 140  4.1 0  7.5  74  292  113 282 -387  2
4212500 3066500 10 12 12  15.7 1022 143  4.2 0  7.4  70  316  126 284 -397  2
4212500 3066500 10 12 13  16.2 1022 123  4.7 0  7.5  67  301  139 288 -405  2
4212500 3066500 10 12 14  16.5 1021 124  4.7 0  7.6  66  265  132 289 -408  2
4212500 3066500 10 12 15  16.1 1021 119  4.1 0  7.5  65  189  121 290 -407  2
4212500 3066500 10 12 16  15.8 1021 117  3.8 0  7.4  66   94   96 288 -403  2
4212500 3066500 10 12 17  14.7 1020 119  3.3 0  7.4  68   18   42 287 -395  2
4212500 3066500 10 12 18  13.4 1020 112  2.8 0  7.4  74    0    0 285 -387  2
4212500 3066500 10 12 19  13.0 1021 116  2.4 0  7.3  78    0    0 282 -382  2
4212500 3066500 10 12 20  12.6 1021 116  2.8 0  7.3  80    0    0 280 -380  2
4212500 3066500 10 12 21  12.5 1021 119  3.0 0  7.4  82    0    0 280 -378  2
4212500 3066500 10 12 22  12.4 1021 126  3.1 0  7.4  82    0    0 281 -375  2
4212500 3066500 10 12 23  12.6 1021 150  2.9 1  7.7  84    0    0 283 -373  2
4212500 3066500 10 12 24  12.9 1021 176  2.6 3  8.1  87    0    0 281 -370  2
4212500 3066500 10 13  1  13.1 1020 203  2.1 5  8.5  90    0    0 341 -390  2
4212500 3066500 10 13  2  13.4 1020 225  1.9 6  8.8  92    0    0 341 -388  2
4212500 3066500 10 13  3  13.7 1020 244  1.9 8  9.1  93    0    0 343 -388  2
4212500 3066500 10 13  4  13.7 1020 248  1.9 8  9.0  93    0    0 344 -388  2
4212500 3066500 10 13  5  13.7 1020 258  1.8 8  9.1  93    0    0 346 -388  2
4212500 3066500 10 13  6  13.7 1020 266  1.9 7  9.0  93    0    0 344 -387  2
4212500 3066500 10 13  7  13.7 1020 273  1.6 8  9.1  93    0    1 345 -387  2
4212500 3066500 10 13  8  13.7 1020 267  1.5 8  9.1  94    0   35 348 -388  2
4212500 3066500 10 13  9  13.9 1020 278  1.1 8  9.2  94    1   78 349 -391  2
4212500 3066500 10 13 10  14.1 1021 281  1.5 7  9.3  94    0  103 345 -395  2
4212500 3066500 10 13 11  14.3 1021 297  2.0 7  9.3  92    0  102 338 -399  2
4212500 3066500 10 13 12  14.8 1021 276  1.8 7  9.2  90    0  114 334 -404  2
4212500 3066500 10 13 13  15.1 1021 287  1.9 8  9.2  87    0   90 332 -412  2
4212500 3066500 10 13 14  15.6 1021 247  1.5 8  9.2  85    0   75 332 -419  2
4212500 3066500 10 13 15  15.5 1021 260  1.8 8  9.2  84    0   75 332 -421  2
4212500 3066500 10 13 16  15.4 1020 293  0.9 7  9.2  84    0   56 328 -417  2
4212500 3066500 10 13 17  15.1 1020 327  0.8 8  9.2  85    0   28 326 -406  2
4212500 3066500 10 13 18  14.5 1020 106  1.2 8  9.1  87    0    0 324 -393  2
4212500 3066500 10 13 19  14.2 1020   7  0.5 7  9.1  89    0    0 320 -382  2
4212500 3066500 10 13 20  14.0 1021 208  0.4 7  9.1  91    0    0 317 -377  2
4212500 3066500 10 13 21  13.9 1021 348  0.0 7  9.1  92    0    0 319 -372  2
4212500 3066500 10 13 22  13.8 1021 337  0.6 7  9.1  93    0    0 320 -367  2
4212500 3066500 10 13 23  13.8 1021   8  0.5 7  9.1  93    0    0 322 -364  2
4212500 3066500 10 13 24  13.6 1021   3  0.0 8  9.0  93    0    0 326 -365  2
4212500 3066500 10 14  1  13.4 1021  19  0.0 8  8.9  93    0    0 330 -367  2
4212500 3066500 10 14  2  13.4 1021   9  0.0 8  8.9  93    0    0 333 -368  2
4212500 3066500 10 14  3  13.3 1021   3  0.0 8  8.9  93    0    0 337 -369  2
4212500 3066500 10 14  4  13.2 1020   4  0.4 8  8.9  94    0    0 341 -370  2
4212500 3066500 10 14  5  13.1 1020 359  0.4 8  8.9  94    0    0 344 -371  2
4212500 3066500 10 14  6  13.1 1020  12  0.5 7  8.8  94    0    0 342 -372  2
4212500 3066500 10 14  7  13.2 1020 157  1.0 7  8.8  94    0    0 342 -373  2
4212500 3066500 10 14  8  13.5 1020   2  0.2 7  8.9  93    1   38 344 -375  2
4212500 3066500 10 14  9  13.9 1020 360  0.3 8  9.0  92    1   79 351 -382  2
4212500 3066500 10 14 10  14.6 1021 125  1.3 7  9.3  92    2  129 355 -392  2
4212500 3066500 10 14 11  15.4 1021 112  1.7 6  9.4  89    1  149 350 -404  2
4212500 3066500 10 14 12  15.5 1021 123  1.4 7  9.5  87    0  148 351 -413  2
4212500 3066500 10 14 13  15.9 1021 112  1.7 7  9.5  85    0  127 353 -417  2
4212500 3066500 10 14 14  16.4 1021 126  1.1 6  9.6  84    1  132 349 -418  2
4212500 3066500 10 14 15  15.9 1020 121  2.0 7  9.7  85    0   92 348 -415  2
4212500 3066500 10 14 16  15.2 1020 124  1.0 7  9.7  88    0   49 348 -410  2
4212500 3066500 10 14 17  15.0 1020 130  1.5 7  9.6  90    0   24 346 -403  2
4212500 3066500 10 14 18  14.4 1020 120  1.3 7  9.5  91    0    0 343 -396  2
4212500 3066500 10 14 19  14.3 1020 117  1.9 8  9.4  92    0    0 344 -393  2
4212500 3066500 10 14 20  14.2 1020 139  1.6 8  9.3  92    0    0 347 -390  2
4212500 3066500 10 14 21  14.1 1020 130  1.1 8  9.3  92    0    0 345 -389  2
4212500 3066500 10 14 22  14.0 1020 162  0.7 8  9.3  93    0    0 344 -389  2
4212500 3066500 10 14 23  14.0 1020 133  0.6 8  9.2  93    0    0 342 -389  2
4212500 3066500 10 14 24  14.2 1020 176  0.2 8  9.2  92    0    0 341 -388  2
4212500 3066500 10 15  1  13.8 1020 159  0.2 8  9.1  92    0    0 342 -388  2
4212500 3066500 10 15  2  13.7 1020 161  0.0 8  9.0  92    0    0 343 -387  2
4212500 3066500 10 15  3  13.5 1020 139  0.2 8  8.8  91    0    0 343 -387  2
4212500 3066500 10 15  4  13.4 1020 187  0.9 8  8.7  91    0    0 343 -387  2
4212500 3066500 10 15  5  13.2 1019 126  0.9 6  8.7  91    0    0 337 -387  2
4212500 3066500 10 15  6  13.1 1019 140  0.9 7  8.6  91    0    0 333 -386  2
4212500 3066500 10 15  7  13.0 1019 127  1.4 8  8.5  91    0    0 339 -386  2
4212500 3066500 10 15  8  13.2 1019 113  1.7 8  8.5  91    0   16 342 -386  2
4212500 3066500 10 15  9  13.6 1019 134  2.4 8  8.5  89    0   41 343 -387  2
4212500 3066500 10 15 10  13.9 1019 140  2.7 8  8.5  87    0   54 344 -392  2
4212500 3066500 10 15 11  14.1 1019 152  3.2 8  8.6  87    0   88 344 -399  2
4212500 3066500 10 15 12  14.4 1019 150  4.1 7  8.8  87    0  142 342 -405  2
4212500 3066500 10 15 13  14.6 1019 142  2.9 8  8.9  87    0   93 344 -409  2
4212500 3066500 10 15 14  14.8 1019 136  2.8 8  9.1  87    0   47 350 -411  2
4212500 3066500 10 15 15  14.5 1018 132  3.2 7  9.0  87    0   59 346 -409  2
4212500 3066500 10 15 16  14.4 1018 135  2.7 8  8.8  86    0   21 346 -403  2
4212500 3066500 10 15 17  14.2 1018 136  2.4 8  8.8  86    0    5 349 -397  2
4212500 3066500 10 15 18  14.0 1018 138  1.4 7  8.7  87    0    0 344 -392  2
4212500 3066500 10 15 19  13.7 1018 160  1.0 8  8.7  88    0    0 344 -390  2
4212500 3066500 10 15 20  13.3 1018 208  1.6 8  8.6  90    0    0 348 -389  2
4212500 3066500 10 15 21  12.9 1018 209  1.7 8  8.5  91    0    0 348 -389  2
4212500 3066500 10 15 22  12.5 1019 167  3.1 8  8.2  90    0    0 347 -389  2
4212500 3066500 10 15 23  12.5 1019 186  1.9 8  8.1  90    0    0 347 -386  2
4212500 3066500 10 15 24  12.8 1019 200  1.9 7  8.2  90    0    0 344 -382  2
4212500 3066500 10 16  1  12.7 1019 200  2.5 8  8.1  88    0    0 344 -379  2
4212500 3066500 10 16  2  12.0 1019 217  2.6 7  7.8  88    0    0 340 -375  2
4212500 3066500 10 16  3  11.5 1019 188  2.8 5  7.6  89    0    0 324 -373  2
4212500 3066500 10 16  4  11.2 1019 187  2.5 6  7.5  90    0    0 317 -371  2
4212500 3066500 10 16  5  11.4 1019 194  2.4 7  7.6  91    0    0 326 -369  2
4212500 3066500 10 16  6  11.6 1020 196  2.1 6  7.6  91    0    0 327 -368  2
4212500 3066500 10 16  7  11.6 1020 174  1.5 7  7.6  90    0    0 328 -367  2
4212500 3066500 10 16  8  11.6 1020 178  2.3 7  7.6  90   12   45 334 -368  2
4212500 3066500 10 16  9  12.2 1020 190  3.2 5  7.7  90   30  111 326 -372  2
4212500 3066500 10 16 10  12.8 1021 203  3.6 6  7.9  87   10  153 325 -383  2
4212500 3066500 10 16 11  13.7 1021 225  2.0 6  8.1  85   14  187 334 -396  2
4212500 3066500 10 16 12  14.8 1021 169  2.3 4  8.4  84   53  237 329 -407  2
4212500 3066500 10 16 13  15.4 1021 209  2.3 4  8.7  82   56  236 325 -415  2
4212500 3066500 10 16 14  15.2 1021 191  2.8 6  8.9  82    2  139 335 -418  2
4212500 3066500 10 16 15  15.5 1021 234  2.8 7  9.1  84    0   81 347 -415  2
4212500 3066500 10 16 16  15.3 1021 263  2.1 7  9.3  85    0   35 349 -409  2
4212500 3066500 10 16 17  14.9 1022 295  3.1 8  9.3  87    0   12 350 -404  2
4212500 3066500 10 16 18  14.4 1022 289  1.0 8  9.3  90    0    0 352 -400  2
4212500 3066500 10 16 19  14.1 1022 244  1.8 8  9.3  92    0    0 349 -396  2
4212500 3066500 10 16 20  14.1 1022 238  1.6 8  9.3  93    0    0 348 -394  2
4212500 3066500 10 16 21  12.9 1023 271  3.5 6  9.0  93    0    0 340 -392  2
4212500 3066500 10 16 22  12.2 1023 247  2.4 8  8.5  95    0    0 335 -390  2
4212500 3066500 10 16 23  11.8 1023 241  2.4 8  8.3  96    0    0 336 -387  2
4212500 3066500 10 16 24  11.6 1023 241  2.4 6  8.2  96    0    0 323 -383  2
4212500 3066500 10 17  1  11.4 1023 216  2.4 3  8.0  96    0    0 307 -378  2
4212500 3066500 10 17  2  10.5 1023 224  2.4 4  7.7  96    0    0 299 -375  2
4212500 3066500 10 17  3  10.0 1023 217  1.5 3  7.4  95    0    0 295 -374  2
4212500 3066500 10 17  4  10.2 1023 196  2.5 7  7.3  95    0    0 300 -372  2
4212500 3066500 10 17  5  11.0 1023 208  2.9 8  7.6  96    0    0 309 -371  2
4212500 3066500 10 17  6  11.3 1023 198  2.4 7  7.9  96    0    0 310 -371  2
4212500 3066500 10 17  7  11.8 1023 198  2.2 7  8.1  96    0    0 310 -371  2
4212500 3066500 10 17  8  12.1 1023 192  2.5 7  8.3  96    0   17 310 -372  2
4212500 3066500 10 17  9  12.1 1023 210  3.5 7  8.4  96    9   81 309 -376  2
4212500 3066500 10 17 10  12.6 1024 197  3.3 5  8.6  96    8  131 304 -383  2
4212500 3066500 10 17 11  12.8 1023 186  4.2 8  8.8  97    0   85 304 -394  2
4212500 3066500 10 17 12  13.2 1023 185  5.5 6  9.0  97    5  163 306 -404  2
4212500 3066500 10 17 13  14.2 1023 202  5.3 6  9.3  96   22  169 306 -412  2
4212500 3066500 10 17 14  15.4 1022 184  6.1 5  9.7  93   65  166 310 -416  2
4212500 3066500 10 17 15  15.7 1021 206  5.4 4  9.6  88   95  128 309 -416  2
4212500 3066500 10 17 16  15.7 1020 201  5.4 6  9.3  84   30   88 311 -413  2
4212500 3066500 10 17 17  15.4 1019 189  5.8 6  9.2  84    0   27 314 -407  2
4212500 3066500 10 17 18  14.6 1018 183  4.8 7  9.1  86    0    0 315 -400  2
4212500 3066500 10 17 19  14.3 1018 178  5.4 6  9.1  88    0    0 314 -394  2
4212500 3066500 10 17 20  14.1 1017 188  6.1 5  8.9  89    0    0 312 -391  2
4212500 3066500 10 17 21  13.7 1017 188  6.3 4  8.9  90    0    0 309 -387  2
4212500 3066500 10 17 22  13.6 1016 194  6.2 6  8.8  90    0    0 311 -384  2
4212500 3066500 10 17 23  13.4 1016 209  6.3 6  8.6  89    0    0 315 -381  2
4212500 3066500 10 17 24  13.0 1015 217  6.5 3  8.3  88    0    0 311 -379  2
4212500 3066500 10 18  1  12.8 1015 206  6.4 6  8.2  88    0    0 313 -379  2
4212500 3066500 10 18  2  13.1 1014 228  6.3 7  8.2  88    0    0 324 -379  2
4212500 3066500 10 18  3  13.0 1013 228  6.1 8  8.2  87    0    0 330 -379  2
4212500 3066500 10 18  4  13.3 1013 228  6.7 7  8.2  87    0    0 333 -381  2
4212500 3066500 10 18  5  13.0 1013 234  7.5 8  8.4  88    0    0 337 -383  2
4212500 3066500 10 18  6  13.4 1013 242  7.0 6  8.7  91    0    0 336 -385  2
4212500 3066500 10 18  7  13.6 1013 243  9.0 5  8.9  92    0    0 332 -385  2
4212500 3066500 10 18  8  14.2 1013 281 11.5 6  8.6  86    7   35 331 -387  2
4212500 3066500 10 18  9  13.6 1014 291 10.2 7  7.8  78    5   87 336 -388  2
4212500 3066500 10 18 10  12.9 1016 297 11.9 4  6.8  72  101  131 325 -390  2
4212500 3066500 10 18 11  13.3 1016 278 10.1 2  6.1  65  299   89 305 -392  2
4212500 3066500 10 18 12  13.5 1016 282  9.6 5  5.8  61   79  195 311 -396  2
4212500 3066500 10 18 13  13.0 1017 283 10.8 6  6.0  64    0  114 328 -399  2
4212500 3066500 10 18 14  12.9 1018 279 10.2 4  6.0  65    6  140 323 -400  2
4212500 3066500 10 18 15  13.0 1018 279  8.8 6  5.9  64    1  104 321 -397  2
4212500 3066500 10 18 16  12.7 1018 272  6.5 8  6.0  66    0   22 337 -391  2
4212500 3066500 10 18 17  12.2 1019 273  8.2 7  6.3  70    0   11 338 -384  2
4212500 3066500 10 18 18  12.2 1019 271  8.5 7  6.4  73    0    0 329 -378  2
4212500 3066500 10 18 19  11.6 1020 262  5.8 7  6.4  74    0    0 324 -375  2
4212500 3066500 10 18 20  11.9 1020 251  6.4 7  6.2  72    0    0 320 -373  2
4212500 3066500 10 18 21  11.3 1020 256  5.8 6  6.0  71    0    0 314 -369  2
4212500 3066500 10 18 22  11.5 1021 243  4.3 2  6.1  74    0    0 293 -365  2
4212500 3066500 10 18 23  10.5 1021 245  5.0 2  6.2  77    0    0 278 -363  2
4212500 3066500 10 18 24   9.9 1020 255  5.0 0  6.2  81    0    0 268 -360  2
4212500 3066500 10 19  1   9.4 1020 244  4.8 2  6.2  83    0    0 266 -358  2
4212500 3066500 10 19  2   9.1 1020 246  5.3 2  6.2  86    0    0 271 -357  2
4212500 3066500 10 19  3   8.6 1020 248  5.5 3  6.2  89    0    0 273 -357  2
4212500 3066500 10 19  4   8.8 1020 223  6.0 3  6.3  90    0    0 276 -357  2
4212500 3066500 10 19  5   8.3 1019 239  6.3 3  6.2  90    0    0 273 -357  2
4212500 3066500 10 19  6   8.8 1019 229  5.7 6  6.2  90    0    0 284 -357  2
4212500 3066500 10 19  7   9.0 1018 232  6.3 6  6.3  89    0    0 296 -355  2
4212500 3066500 10 19  8   9.1 1017 235  6.9 7  6.3  88    4   37 298 -355  2
4212500 3066500 10 19  9   9.6 1018 237  7.8 5  6.3  86   44  116 288 -357  2
4212500 3066500 10 19 10  10.8 1017 241 10.4 4  6.4  83  107  189 270 -364  2
4212500 3066500 10 19 11  11.8 1016 252  9.3 5  6.6  79   90  231 271 -374  2
4212500 3066500 10 19 12  12.1 1017 261  9.7 8  6.8  78    0  121 297 -383  2
4212500 3066500 10 19 13  12.3 1016 252  9.0 8  6.9  78    0   94 316 -388  2
4212500 3066500 10 19 14  12.6 1015 254  8.8 7  6.9  77    0   84 314 -391  2
4212500 3066500 10 19 15  12.8 1015 251  9.6 6  7.0  76    0   73 309 -391  2
4212500 3066500 10 19 16  12.6 1015 251  7.7 7  7.0  77    0   32 312 -390  2
4212500 3066500 10 19 17  12.6 1014 257  8.5 8  7.2  79    0    7 322 -387  2
4212500 3066500 10 19 18  12.2 1014 254  9.8 8  7.5  83    0    0 328 -385  2
4212500 3066500 10 19 19  12.0 1014 259  9.3 8  7.8  88    0    0 330 -385  2
4212500 3066500 10 19 20  12.2 1014 266 10.1 8  8.0  91    0    0 335 -385  2
4212500 3066500 10 19 21  12.3 1014 274 10.6 8  8.1  92    0    0 339 -386  2
4212500 3066500 10 19 22  12.6 1014 281  9.4 7  8.0  89    0    0 337 -386  2
4212500 3066500 10 19 23  12.5 1014 270  9.9 7  7.9  87    0    0 334 -385  2
4212500 3066500 10 19 24  12.6 1014 269 10.3 6  7.8  86    0    0 330 -384  2
4212500 3066500 10 20  1  12.5 1014 273  8.6 8  7.8  86    0    0 337 -382  2
4212500 3066500 10 20  2  12.4 1013 280  8.9 8  7.8  86    0    0 349 -380  2
4212500 3066500 10 20  3  12.3 1013 259  8.8 8  7.9  88    0    0 350 -380  2
4212500 3066500 10 20  4  12.1 1012 267  7.5 8  7.9  89    0    0 351 -378  2
4212500 3066500 10 20  5  11.8 1012 264  8.0 8  7.8  89    0    0 352 -377  2
4212500 3066500 10 20  6  11.8 1011 266  9.2 8  7.7  88    0    0 352 -374  2
4212500 3066500 10 20  7   9.4 1010 293  8.4 8  7.1  89    0    0 349 -369  2
4212500 3066500 10 20  8   9.5 1010 286  9.0 8  6.8  92    0   22 346 -366  2
4212500 3066500 10 20  9   9.7 1010 268 10.6 8  7.0  94    0   46 348 -367  2
4212500 3066500 10 20 10   9.8 1010 294  8.0 8  7.0  93    0   39 348 -371  2
4212500 3066500 10 20 11  10.2 1010 290  9.7 8  6.9  90    0  102 349 -376  2
4212500 3066500 10 20 12  11.2 1010 287 11.7 6  6.7  83   24  157 339 -381  2
4212500 3066500 10 20 13  11.3 1010 289 14.3 4  6.3  75   65  144 319 -383  2
4212500 3066500 10 20 14  11.8 1010 298 13.3 2  5.9  70  232   56 298 -383  2
4212500 3066500 10 20 15  11.9 1010 287 14.2 3  5.6  65  189   40 291 -380  2
4212500 3066500 10 20 16  11.4 1011 297 11.1 3  5.4  63   77   48 293 -374  2
4212500 3066500 10 20 17  10.9 1011 298 12.1 3  5.3  64    4   24 287 -367  2
4212500 3066500 10 20 18  10.1 1012 299 11.2 2  5.1  64    0    0 277 -360  2
4212500 3066500 10 20 19   9.9 1013 307 11.5 3  4.8  63    0    0 272 -356  2
4212500 3066500 10 20 20   9.5 1013 309 11.7 2  4.8  64    0    0 271 -353  2
4212500 3066500 10 20 21   9.3 1014 310 11.9 4  4.8  66    0    0 275 -351  2
4212500 3066500 10 20 22   9.2 1014 310  9.6 5  4.8  66    0    0 288 -349  2
4212500 3066500 10 20 23   8.6 1015 302  8.9 5  4.8  68    0    0 291 -348  2
4212500 3066500 10 20 24   8.3 1015 309  8.2 3  4.9  72    0    0 282 -346  2
4212500 3066500 10 21  1   8.0 1016 311  8.4 3  5.0  74    0    0 271 -344  2
4212500 3066500 10 21  2   7.7 1016 303  8.5 3  5.0  76    0    0 271 -343  2
4212500 3066500 10 21  3   8.2 1017 309  8.0 4  5.0  75    0    0 276 -342  2
4212500 3066500 10 21  4   8.0 1017 311  8.2 5  5.1  76    0    0 288 -342  2
4212500 3066500 10 21  5   7.2 1017 301  7.3 4  5.1  78    0    0 286 -341  2
4212500 3066500 10 21  6   7.1 1018 292  6.6 5  5.0  80    0    0 284 -340  2
4212500 3066500 10 21  7   7.1 1018 300  7.1 4  5.1  82    0    0 283 -340  2
4212500 3066500 10 21  8   7.4 1019 301  7.0 3  5.2  83   26   28 273 -340  2
4212500 3066500 10 21  9   8.6 1020 310  7.0 4  5.3  80  122   48 275 -343  2
4212500 3066500 10 21 10   9.7 1020 311  7.1 1  5.2  72  234   48 268 -351  2
4212500 3066500 10 21 11  10.0 1021 321  6.4 3  5.0  67  147  139 264 -360  2
4212500 3066500 10 21 12   9.6 1022 323  5.3 3  5.0  67  131  166 277 -367  2
4212500 3066500 10 21 13   9.7 1022 306  6.1 5  5.0  68   71  171 288 -371  2
4212500 3066500 10 21 14   9.3 1023 288  5.3 3  4.8  66   71  152 287 -372  2
4212500 3066500 10 21 15   9.6 1023 297  4.1 4  4.6  63   30  124 280 -369  2
4212500 3066500 10 21 16   9.2 1023 303  3.6 5  4.6  63    3   68 290 -364  2
4212500 3066500 10 21 17   7.8 1024 296  3.1 4  4.6  68    7   25 287 -356  2
4212500 3066500 10 21 18   6.7 1024 305  2.7 4  4.6  74    0    0 278 -348  2
4212500 3066500 10 21 19   6.4 1024 301  3.1 3  4.5  76    0    0 270 -342  2
4212500 3066500 10 21 20   5.2 1024 282  2.4 3  4.4  78    0    0 263 -338  2
4212500 3066500 10 21 21   4.5 1025 250  2.1 3  4.4  84    0    0 259 -335  2
4212500 3066500 10 21 22   5.6 1025 256  2.3 5  4.7  87    0    0 272 -332  2
4212500 3066500 10 21 23   6.1 1026 241  1.8 5  4.9  87    0    0 285 -331  2
4212500 3066500 10 21 24   5.2 1026 203  1.3 3  4.8  86    0    0 274 -329  2
4212500 3066500 10 22  1   4.7 1026 239  1.5 4  4.7  88    0    0 265 -326  2
4212500 3066500 10 22  2   3.8 1026 246  2.0 3  4.5  89    0    0 260 -324  2
4212500 3066500 10 22  3   3.8 1026 256  1.6 3  4.4  90    0    0 251 -322  2
4212500 3066500 10 22  4   3.8 1026 244  2.6 3  4.4  90    0    0 249 -320  2
4212500 3066500 10 22  5   3.2 1026 213  2.2 2  4.4  90    0    0 240 -319  2
4212500 3066500 10 22  6   2.9 1026 257  1.7 2  4.2  90    0    0 230 -317  2
4212500 3066500 10 22  7   2.9 1026 218  2.8 4  4.1  90    0    0 236 -316  2
4212500 3066500 10 22  8   3.4 1026 213  2.7 5  4.2  89   12   28 251 -316  2
4212500 3066500 10 22  9   5.5 1027 202  2.5 5  4.4  85   17   81 259 -320  2
4212500 3066500 10 22 10   6.7 1027 194  2.8 7  4.6  80   47  131 271 -329  2
4212500 3066500 10 22 11   7.7 1027 206  3.7 6  4.6  75  129  153 275 -342  2
4212500 3066500 10 22 12   7.9 1027 196  4.3 7  4.6  71  146  169 274 -353  2
4212500 3066500 10 22 13   8.9 1026 202  5.2 7  4.7  69  146  167 276 -361  2
4212500 3066500 10 22 14   9.2 1026 200  4.7 6  4.6  66  136  147 271 -363  2
4212500 3066500 10 22 15   9.6 1025 196  4.3 4  4.6  64   67  125 259 -362  2
4212500 3066500 10 22 16   9.3 1025 194  4.1 5  4.6  64   13   76 254 -357  2
4212500 3066500 10 22 17   8.5 1024 187  3.3 7  4.5  65    0   21 262 -350  2
4212500 3066500 10 22 18   8.1 1024 180  3.1 7  4.6  68    0    0 266 -344  2
4212500 3066500 10 22 19   8.1 1024 178  3.7 7  4.8  72    0    0 267 -340  2
4212500 3066500 10 22 20   8.0 1023 177  3.4 6  5.0  75    0    0 265 -339  2
4212500 3066500 10 22 21   7.8 1023 176  3.8 4  5.0  76    0    0 255 -338  2
4212500 3066500 10 22 22   7.8 1023 177  3.5 3  4.8  74    0    0 246 -336  2
4212500 3066500 10 22 23   7.0 1023 176  4.0 2  4.7  74    0    0 241 -333  2
4212500 3066500 10 22 24   6.8 1023 176  3.6 4  4.6  75    0    0 243 -331  2
4212500 3066500 10 23  1   6.2 1023 175  3.7 1  4.5  75    0    0 241 -330  2
4212500 3066500 10 23  2   5.8 1022 175  2.8 1  4.5  78    0    0 235 -330  2
4212500 3066500 10 23  3   5.6 1022 175  3.6 0  4.5  80    0    0 233 -329  2
4212500 3066500 10 23  4   4.4 1022 179  3.8 0  4.4  81    0    0 231 -329  2
4212500 3066500 10 23  5   5.0 1021 193  3.2 0  4.3  83    0    0 231 -328  2
4212500 3066500 10 23  6   4.5 1021 187  3.5 1  4.3  82    0    0 232 -327  2
4212500 3066500 10 23  7   4.4 1021 195  3.5 3  4.3  82    0    0 235 -325  2
4212500 3066500 10 23  8   3.6 1021 194  3.6 4  4.2  84   23   27 237 -325  2
4212500 3066500 10 23  9   4.5 1021 196  3.5 4  4.2  84   95   58 239 -327  2
4212500 3066500 10 23 10   6.2 1021 199  3.6 5  4.4  80  170   79 242 -335  2
4212500 3066500 10 23 11   7.6 1022 208  3.3 4  4.6  75  220   98 245 -344  2
4212500 3066500 10 23 12   9.5 1022 192  2.7 5  4.8  70  223  123 251 -354  2
4212500 3066500 10 23 13  10.6 1021 198  2.8 4  5.1  66  220  125 255 -362  2
4212500 3066500 10 23 14  11.2 1021 178  2.2 3  5.3  66  179  121 256 -366  2
4212500 3066500 10 23 15  11.5 1021 180  3.2 2  5.5  66  103  109 256 -366  2
4212500 3066500 10 23 16  10.9 1021 177  3.0 2  5.6  68   39   73 256 -362  2
4212500 3066500 10 23 17   9.7 1020 184  3.0 1  5.6  72    2   22 252 -354  2
4212500 3066500 10 23 18   8.7 1021 179  3.0 1  5.5  76    0    0 248 -347  2
4212500 3066500 10 23 19   8.5 1021 187  3.1 1  5.4  78    0    0 246 -344  2
4212500 3066500 10 23 20   7.4 1021 189  3.3 0  5.3  80    0    0 242 -342  2
4212500 3066500 10 23 21   7.3 1021 204  2.6 0  5.3  83    0    0 239 -340  2
4212500 3066500 10 23 22   6.6 1020 203  2.7 1  5.2  84    0    0 239 -337  2
4212500 3066500 10 23 23   5.9 1020 202  2.4 1  5.1  87    0    0 238 -334  2
4212500 3066500 10 23 24   5.5 1020 202  3.1 0  5.1  90    0    0 235 -333  2
4212500 3066500 10 24  1   5.9 1020 202  3.4 1  5.1  90    0    0 236 -331  2
4212500 3066500 10 24  2   5.9 1020 188  2.4 2  5.2  90    0    0 241 -330  2
4212500 3066500 10 24  3   6.4 1020 184  3.6 3  5.4  92    0    0 245 -329  2
4212500 3066500 10 24  4   7.0 1020 182  3.6 2  5.6  92    0    0 248 -328  2
4212500 3066500 10 24  5   7.1 1020 182  3.0 2  5.7  92    0    0 249 -327  2
4212500 3066500 10 24  6   6.9 1019 181  3.6 1  5.7  92    0    0 247 -326  2
4212500 3066500 10 24  7   6.8 1019 191  3.8 1  5.6  91    0    0 246 -325  2
4212500 3066500 10 24  8   7.1 1019 191  4.0 3  5.6  91   14   26 249 -325  2
4212500 3066500 10 24  9   7.9 1020 192  4.4 2  5.8  90   86   61 252 -329  2
4212500 3066500 10 24 10   9.3 1020 188  4.3 1  6.0  87  162   84 252 -337  2
4212500 3066500 10 24 11  11.2 1020 186  4.3 1  6.4  82  206  106 255 -348  2
4212500 3066500 10 24 12  12.8 1019 188  4.5 1  6.8  79  191  140 261 -359  2
4212500 3066500 10 24 13  14.1 1019 180  4.4 1  7.2  76  206  132 268 -367  2
4212500 3066500 10 24 14  14.5 1019 177  4.3 1  7.4  74  169  124 271 -371  2
4212500 3066500 10 24 15  14.8 1018 180  4.2 1  7.5  72   99  109 273 -371  2
4212500 3066500 10 24 16  14.5 1018 188  4.7 1  7.5  72   33   72 274 -365  2
4212500 3066500 10 24 17  13.5 1018 185  4.3 0  7.4  74    1   19 272 -357  2
4212500 3066500 10 24 18  12.7 1017 175  4.3 0  7.3  77    0    0 267 -349  2
4212500 3066500 10 24 19  11.4 1017 167  4.6 0  7.0  80    0    0 264 -345  2
4212500 3066500 10 24 20  10.9 1018 176  4.8 0  6.8  82    0    0 262 -342  2
4212500 3066500 10 24 21  10.7 1018 174  5.1 1  6.5  81    0    0 261 -340  2
4212500 3066500 10 24 22  10.0 1017 176  5.1 1  6.1  79    0    0 261 -338  2
4212500 3066500 10 24 23   9.0 1017 171  4.6 1  5.8  78    0    0 259 -337  2
4212500 3066500 10 24 24   8.6 1017 169  4.9 1  5.5  78    0    0 256 -336  2
4212500 3066500 10 25  1   8.2 1016 170  5.0 1  5.3  77    0    0 254 -336  2
4212500 3066500 10 25  2   8.1 1016 176  4.3 1  5.0  75    0    0 254 -336  2
4212500 3066500 10 25  3   7.0 1015 167  4.7 0  4.9  76    0    0 249 -336  2
4212500 3066500 10 25  4   6.7 1015 169  4.8 1  4.7  77    0    0 248 -335  2
4212500 3066500 10 25  5   6.1 1014 177  4.4 1  4.6  78    0    0 252 -335  2
4212500 3066500 10 25  6   6.3 1014 175  4.1 0  4.6  77    0    0 249 -335  2
4212500 3066500 10 25  7   5.6 1013 167  5.1 0  4.5  78    0    0 246 -333  2
4212500 3066500 10 25  8   5.6 1013 175  4.6 1  4.5  80   14   25 249 -333  2
4212500 3066500 10 25  9   6.2 1013 174  4.6 0  4.6  80   85   61 252 -335  2
4212500 3066500 10 25 10   7.5 1013 178  4.8 0  4.8  77  159   84 252 -342  2
4212500 3066500 10 25 11   9.4 1013 184  4.9 0  5.0  72  206  105 258 -353  2
4212500 3066500 10 25 12  10.9 1013 186  4.9 0  5.3  68  200  133 263 -366  2
4212500 3066500 10 25 13  12.4 1013 193  3.9 0  5.6  66  199  133 268 -377  2
4212500 3066500 10 25 14  13.6 1013 202  4.3 0  6.0  65  166  124 272 -384  2
4212500 3066500 10 25 15  14.3 1013 219  4.9 3  6.5  65   68  116 289 -386  2
4212500 3066500 10 25 16  13.3 1014 231  4.0 6  6.8  69    0   48 314 -384  2
4212500 3066500 10 25 17  12.7 1014 240  4.1 7  7.2  77    1   16 329 -381  2
4212500 3066500 10 25 18  12.3 1015 232  3.6 8  7.6  84    0    0 334 -378  2
4212500 3066500 10 25 19  11.9 1015 230  4.1 7  7.7  88    0    0 330 -376  2
4212500 3066500 10 25 20  11.7 1016 225  3.6 5  7.7  89    0    0 312 -374  2
4212500 3066500 10 25 21  10.9 1017 248  3.5 4  7.5  90    0    0 296 -371  2
4212500 3066500 10 25 22  10.4 1018 235  3.5 2  7.3  91    0    0 279 -369  2
4212500 3066500 10 25 23   9.8 1019 233  3.9 2  7.1  93    0    0 269 -368  2
4212500 3066500 10 25 24   9.2 1019 243  3.8 2  6.9  93    0    0 266 -367  2
4212500 3066500 10 26  1   8.3 1020 230  3.3 0  6.5  93    0    0 253 -366  2
4212500 3066500 10 26  2   8.2 1020 223  3.2 0  6.3  94    0    0 239 -364  2
4212500 3066500 10 26  3   7.9 1021 213  3.8 0  6.3  94    0    0 235 -359  2
4212500 3066500 10 26  4   7.4 1021 202  3.3 0  6.2  95    0    0 232 -354  2
4212500 3066500 10 26  5   7.9 1021 211  3.4 0  6.1  94    0    0 230 -351  2
4212500 3066500 10 26  6   7.9 1022 211  3.1 0  6.1  92    0    0 232 -350  2
4212500 3066500 10 26  7   7.1 1022 194  3.1 1  6.0  93    0    0 240 -350  2
4212500 3066500 10 26  8   7.0 1022 202  3.6 4  5.9  95    8   24 259 -352  2
4212500 3066500 10 26  9   8.4 1022 192  3.1 3  6.1  95   58   79 275 -356  2
4212500 3066500 10 26 10  10.2 1022 185  2.4 4  6.7  92   93  123 286 -364  2
4212500 3066500 10 26 11  11.3 1022 179  3.3 5  7.0  87   71  173 301 -374  2
4212500 3066500 10 26 12  11.8 1022 165  3.6 7  7.1  84   38  186 314 -385  2
4212500 3066500 10 26 13  12.9 1021 176  3.3 7  7.2  82   48  183 323 -391  2
4212500 3066500 10 26 14  12.9 1021 171  3.0 7  7.5  81   29  155 327 -394  2
4212500 3066500 10 26 15  12.8 1020 169  3.4 6  7.6  83   25  123 326 -393  2
4212500 3066500 10 26 16  12.6 1019 150  3.1 6  7.7  84    3   58 326 -391  2
4212500 3066500 10 26 17  11.5 1019 151  3.0 8  7.6  87    0   14 330 -387  2
4212500 3066500 10 26 18  10.9 1018 142  3.1 7  7.4  90    0    0 330 -383  2
4212500 3066500 10 26 19  11.0 1018 145  4.7 6  7.4  91    0    0 325 -379  2
4212500 3066500 10 26 20  11.0 1017 155  5.0 7  7.5  92    0    0 327 -376  2
4212500 3066500 10 26 21  10.8 1016 156  4.3 5  7.5  93    0    0 326 -376  2
4212500 3066500 10 26 22  10.4 1016 160  3.6 3  7.4  93    0    0 318 -376  2
4212500 3066500 10 26 23  10.8 1015 164  4.6 2  7.4  93    0    0 314 -377  2
4212500 3066500 10 26 24  10.9 1014 177  4.8 3  7.5  92    0    0 315 -376  2
4212500 3066500 10 27  1  11.1 1014 179  4.7 7  7.4  91    0    0 325 -375  2
4212500 3066500 10 27  2  11.3 1013 172  4.7 7  7.5  90    0    0 332 -376  2
4212500 3066500 10 27  3  11.3 1013 194  3.9 8  7.5  90    0    0 334 -377  2
4212500 3066500 10 27  4  11.5 1013 183  4.1 8  7.6  90    0    0 336 -377  2
4212500 3066500 10 27  5  11.7 1012 184  3.3 8  7.6  89    0    0 338 -378  2
4212500 3066500 10 27  6  11.8 1012 184  3.8 7  7.6  88    0    0 336 -378  2
4212500 3066500 10 27  7  11.7 1012 193  4.2 8  7.6  88    0    0 337 -377  2
4212500 3066500 10 27  8  11.3 1011 178  4.1 8  7.7  90    0    7 339 -376  2
4212500 3066500 10 27  9  11.5 1011 178  4.3 8  7.7  92    0   54 339 -378  2
4212500 3066500 10 27 10  12.0 1011 185  4.9 6  7.8  90   20  129 334 -383  2
4212500 3066500 10 27 11  12.9 1010 179  5.0 6  7.8  87   31  173 330 -389  2
4212500 3066500 10 27 12  14.3 1009 180  5.2 5  8.1  83   83  203 331 -397  2
4212500 3066500 10 27 13  14.8 1009 185  5.6 5  8.2  79   76  200 333 -403  2
4212500 3066500 10 27 14  15.3 1009 195  5.6 5  8.3  77   25  159 335 -408  2
4212500 3066500 10 27 15  15.0 1009 199  4.7 7  8.4  78    0   73 345 -409  2
4212500 3066500 10 27 16  15.2 1009 200  4.6 6  8.6  80    0   52 352 -406  2
4212500 3066500 10 27 17  15.1 1008 202  4.1 7  8.8  81    0   10 353 -403  2
4212500 3066500 10 27 18  15.0 1008 207  5.5 7  9.0  84    0    0 360 -400  2
4212500 3066500 10 27 19  14.9 1008 215  6.4 8  9.4  88    0    0 367 -398  2
4212500 3066500 10 27 20  15.3 1008 227  6.3 8  9.7  90    0    0 375 -396  2
4212500 3066500 10 27 21  14.6 1008 273  8.4 8  9.7  90    0    0 376 -395  2
4212500 3066500 10 27 22  12.2 1008 284  4.1 5  8.6  89    0    0 354 -392  2
4212500 3066500 10 27 23  11.5 1009 294  5.0 5  7.6  87    0    0 329 -387  2
4212500 3066500 10 27 24  10.8 1010 281  4.6 5  7.2  86    0    0 328 -383  2
4212500 3066500 10 28  1  10.3 1010 259  4.1 4  6.8  85    0    0 321 -378  2
4212500 3066500 10 28  2  10.1 1011 248  3.4 3  6.7  86    0    0 307 -373  2
4212500 3066500 10 28  3   9.8 1011 261  5.4 3  6.8  89    0    0 299 -369  2
4212500 3066500 10 28  4   9.1 1011 261  4.1 3  6.7  90    0    0 295 -363  2
4212500 3066500 10 28  5   9.3 1012 246  4.0 3  6.7  92    0    0 294 -358  2
4212500 3066500 10 28  6   8.7 1012 235  4.0 3  6.6  92    0    0 292 -355  2
4212500 3066500 10 28  7   8.4 1012 240  5.1 4  6.4  92    0    0 295 -352  2
4212500 3066500 10 28  8   8.3 1012 236  5.1 2  6.4  93   12   20 288 -350  2
4212500 3066500 10 28  9   8.7 1012 235  4.6 1  6.5  93   71   56 268 -350  2
4212500 3066500 10 28 10   9.9 1013 249  6.2 4  6.7  92   47  114 282 -355  2
4212500 3066500 10 28 11  11.4 1013 251  7.1 2  6.8  85  174  105 291 -365  2
4212500 3066500 10 28 12  12.2 1013 260  5.1 2  6.7  78  185  125 281 -373  2
4212500 3066500 10 28 13  12.4 1013 261  4.9 2  6.6  74   66  161 282 -379  2
4212500 3066500 10 28 14  12.3 1013 261  6.5 2  6.3  71   61  142 281 -381  2
4212500 3066500 10 28 15  11.8 1013 266  7.4 2  6.0  69   64  108 281 -380  2
4212500 3066500 10 28 16  11.5 1013 257  6.0 2  6.0  70   25   65 279 -376  2
4212500 3066500 10 28 17  10.4 1013 253  3.6 6  6.0  74    0   14 297 -370  2
4212500 3066500 10 28 18   9.7 1013 238  3.0 7  6.0  78    0    0 317 -365  2
4212500 3066500 10 28 19   8.4 1013 237  5.0 4  5.9  82    0    0 299 -362  2
4212500 3066500 10 28 20   8.1 1014 245  3.9 4  5.8  85    0    0 278 -359  2
4212500 3066500 10 28 21   7.5 1014 248  4.7 4  5.7  86    0    0 274 -356  2
4212500 3066500 10 28 22   7.5 1014 259  5.0 3  5.6  87    0    0 266 -353  2
4212500 3066500 10 28 23   7.1 1014 258  3.4 2  5.6  88    0    0 252 -351  2
4212500 3066500 10 28 24   7.1 1014 250  2.1 0  5.6  90    0    0 233 -349  2
4212500 3066500 10 29  1   6.4 1014 268  3.5 1  5.5  90    0    0 223 -347  2
4212500 3066500 10 29  2   5.9 1014 252  2.8 1  5.3  90    0    0 224 -346  2
4212500 3066500 10 29  3   5.5 1015 263  2.9 1  5.2  91    0    0 222 -346  2
4212500 3066500 10 29  4   5.1 1014 261  2.8 1  5.0  91    0    0 220 -345  2
4212500 3066500 10 29  5   4.9 1015 270  2.4 2  5.0  92    0    0 227 -344  2
4212500 3066500 10 29  6   4.6 1015 264  1.8 1  4.9  92    0    0 228 -343  2
4212500 3066500 10 29  7   4.4 1015 286  0.8 3  4.8  92    0    0 233 -342  2
4212500 3066500 10 29  8   4.2 1015 297  0.8 4  4.7  92    3   15 250 -342  2
4212500 3066500 10 29  9   6.5 1015 346  0.3 4  5.1  92   54   50 260 -344  2
4212500 3066500 10 29 10   8.0 1016   1  0.9 5  5.8  92  150   67 275 -350  2
4212500 3066500 10 29 11  10.0 1016 359  1.8 5  6.3  89  186   84 294 -361  2
4212500 3066500 10 29 12   9.8 1016   4  0.8 6  6.1  81   67  152 310 -371  2
4212500 3066500 10 29 13  10.3 1016   4  1.0 7  5.5  73    6  132 330 -378  2
4212500 3066500 10 29 14   9.7 1015   8  1.3 7  5.4  71    6  117 337 -381  2
4212500 3066500 10 29 15  10.7 1015   8  1.7 4  5.5  71   40  100 315 -379  2
4212500 3066500 10 29 16  10.8 1015 160  2.4 3  5.6  69   19   59 288 -372  2
4212500 3066500 10 29 17   7.5 1015   5  0.8 4  5.4  74    0   11 280 -363  2
4212500 3066500 10 29 18   5.4 1015   7  0.4 4  5.0  84    0    0 274 -353  2
4212500 3066500 10 29 19   4.9 1015  15  0.4 1  4.9  89    0    0 248 -346  2
4212500 3066500 10 29 20   3.9 1016   1  0.4 1  4.7  91    0    0 224 -340  2
4212500 3066500 10 29 21   4.1 1016  12  0.4 1  4.6  92    0    0 220 -335  2
4212500 3066500 10 29 22   4.3 1016  12  0.6 2  4.7  91    0    0 224 -331  2
4212500 3066500 10 29 23   4.7 1016  62  0.7 2  4.7  90    0    0 228 -328  2
4212500 3066500 10 29 24   3.9 1016  22  0.7 2  4.7  91    0    0 226 -326  2
4212500 3066500 10 30  1   3.7 1016  23  0.1 0  4.6  92    0    0 209 -328  2
4212500 3066500 10 30  2   3.4 1016  20  0.3 0  4.5  92    0    0 197 -331  2
4212500 3066500 10 30  3   3.5 1016   8  0.0 0  4.5  94    0    0 201 -332  2
4212500 3066500 10 30  4   4.0 1016   7  0.1 0  4.6  94    0    0 206 -333  2
4212500 3066500 10 30  5   4.5 1016  21  0.5 0  4.8  93    0    0 214 -334  2
4212500 3066500 10 30  6   4.3 1016 357  0.8 2  4.8  93    0    0 230 -334  2
4212500 3066500 10 30  7   3.8 1016   1  1.2 4  4.7  93    0    0 254 -334  2
4212500 3066500 10 30  8   4.1 1017 340  1.3 4  4.6  92    7   19 265 -333  2
4212500 3066500 10 30  9   5.3 1017 350  1.0 2  4.9  93   75   49 257 -334  2
4212500 3066500 10 30 10   8.1 1018 353  1.2 3  5.7  93  165   56 259 -340  2
4212500 3066500 10 30 11   9.2 1018 332  1.6 3  6.2  89  148  110 271 -351  2
4212500 3066500 10 30 12   9.9 1018 336  1.6 4  5.9  80   77  156 279 -361  2
4212500 3066500 10 30 13   9.6 1019 342  2.3 4  5.6  75   75  151 284 -369  2
4212500 3066500 10 30 14  10.5 1018 344  3.0 3  5.3  70  134  116 278 -372  2
4212500 3066500 10 30 15  10.3 1018 354  2.7 3  5.2  66   72  100 272 -370  2
4212500 3066500 10 30 16   9.5 1019 308  2.2 3  5.2  69   18   61 266 -365  2
4212500 3066500 10 30 17   8.0 1019 291  1.6 4  5.2  75    0    7 265 -356  2
4212500 3066500 10 30 18   6.2 1020 326  2.2 5  5.0  80    0    0 266 -349  2
4212500 3066500 10 30 19   5.3 1020 296  2.3 4  4.8  84    0    0 260 -345  2
4212500 3066500 10 30 20   5.0 1021 294  2.7 5  4.7  87    0    0 257 -342  2
4212500 3066500 10 30 21   6.6 1021 276  3.1 6  4.9  87    0    0 267 -340  2
4212500 3066500 10 30 22   6.2 1021 253  3.4 3  5.2  88    0    0 259 -338  2
4212500 3066500 10 30 23   5.7 1021 262  3.7 2  5.2  90    0    0 235 -337  2
4212500 3066500 10 30 24   6.0 1022 256  3.6 2  5.2  90    0    0 228 -336  2
4212500 3066500 10 31  1   5.5 1022 262  3.6 1  5.1  90    0    0 222 -336  2
4212500 3066500 10 31  2   4.8 1022 245  3.4 0  4.9  91    0    0 207 -335  2
4212500 3066500 10 31  3   4.1 1022 234  3.9 1  4.7  92    0    0 203 -334  2
4212500 3066500 10 31  4   3.3 1022 251  4.0 3  4.5  92    0    0 219 -333  2
4212500 3066500 10 31  5   3.5 1022 248  3.8 3  4.4  92    0    0 230 -332  2
4212500 3066500 10 31  6   4.0 1022 236  3.8 3  4.6  93    0    0 231 -331  2
4212500 3066500 10 31  7   4.4 1022 230  4.1 6  4.8  94    0    0 252 -332  2
4212500 3066500 10 31  8   4.4 1022 231  4.4 7  4.9  94    0   15 277 -332  2
4212500 3066500 10 31  9   4.5 1022 223  5.0 5  4.9  94    0   45 273 -335  2
4212500 3066500 10 31 10   5.9 1022 226  5.7 8  5.1  93    0   59 283 -343  2
4212500 3066500 10 31 11   6.7 1022 231  5.8 8  5.4  92    0   94 307 -354  2
4212500 3066500 10 31 12   8.0 1022 226  6.0 8  5.7  90    0  119 310 -364  2
4212500 3066500 10 31 13   8.9 1021 227  7.1 8  5.9  86    0  125 314 -371  2
4212500 3066500 10 31 14   9.2 1020 221  6.5 8  5.8  81    0  105 316 -374  2
4212500 3066500 10 31 15   9.2 1019 225  6.7 7  5.5  77    0   48 311 -374  2
4212500 3066500 10 31 16   8.7 1018 226  6.5 8  5.6  78    0   20 312 -371  2
4212500 3066500 10 31 17   8.3 1016 218  7.0 8  5.8  84    0    1 318 -367  2
4212500 3066500 10 31 18   8.7 1015 209  8.0 7  5.9  85    0    0 315 -362  2
4212500 3066500 10 31 19   9.2 1014 219  7.5 8  5.9  83    0    0 319 -359  2
4212500 3066500 10 31 20   9.4 1012 227  9.1 8  6.0  83    0    0 331 -357  2
4212500 3066500 10 31 21   9.1 1011 225  7.4 8  6.3  87    0    0 335 -356  2
4212500 3066500 10 31 22   8.9 1010 235  8.3 8  6.6  92    0    0 337 -356  2
4212500 3066500 10 31 23   9.5 1009 249  7.5 8  6.8  93    0    0 340 -356  2
4212500 3066500 10 31 24  10.2 1008 245  7.5 7  7.1  94    0    0 339 -356  2
4212500 3066500 11  1  1  10.0 1008 323  9.4 8  7.0  90    0    0 345 -359  2
4212500 3066500 11  1  2   8.8 1008   8  7.3 7  6.5  88    0    0 337 -361  2
4212500 3066500 11  1  3   8.3 1008 333  8.5 8  6.0  86    0    0 334 -362  2
4212500 3066500 11  1  4   8.0 1008 316  8.3 7  5.7  84    0    0 334 -361  2
4212500 3066500 11  1  5   7.8 1008 322  7.4 7  5.4  82    0    0 327 -359  2
4212500 3066500 11  1  6   7.6 1008 318  6.3 8  5.2  80    0    0 330 -358  2
4212500 3066500 11  1  7   7.5 1008 328  6.2 8  5.2  80    0    0 334 -358  2
4212500 3066500 11  1  8   7.3 1008 348  6.5 8  5.1  79    0    3 333 -357  2
4212500 3066500 11  1  9   7.3 1008 354  4.7 8  5.0  78    1   41 331 -357  2
4212500 3066500 11  1 10   7.3 1008 336  5.4 8  5.0  78    0   47 329 -359  2
4212500 3066500 11  1 11   7.2 1007 349  3.8 8  5.0  78    0   33 329 -359  2
4212500 3066500 11  1 12   7.3 1007 341  1.7 8  5.0  78    0   59 329 -357  2
4212500 3066500 11  1 13   7.0 1006   1  2.1 8  5.1  80    0   66 329 -355  2
4212500 3066500 11  1 14   6.8 1005 358  1.2 7  5.2  83    0   73 325 -353  2
4212500 3066500 11  1 15   6.7 1004 358  2.1 8  5.2  84    0   40 324 -351  2
4212500 3066500 11  1 16   6.2 1004 345  1.5 8  5.1  85    0    9 327 -349  2
4212500 3066500 11  1 17   5.9 1004 330  1.7 8  5.2  88    0    1 325 -345  2
4212500 3066500 11  1 18   5.7 1004 335  1.9 8  5.1  89    0    0 324 -342  2
4212500 3066500 11  1 19   5.6 1004  12  2.5 7  5.1  89    0    0 315 -339  2
4212500 3066500 11  1 20   5.6 1004  71  3.0 7  4.8  84    0    0 302 -337  2
4212500 3066500 11  1 21   5.6 1004  23  3.4 6  4.6  82    0    0 302 -335  2
4212500 3066500 11  1 22   5.3 1005  23  3.7 5  4.4  79    0    0 294 -332  2
4212500 3066500 11  1 23   4.8 1005  51  3.3 5  4.3  81    0    0 275 -329  2
4212500 3066500 11  1 24   4.0 1006  58  2.8 5  4.3  84    0    0 267 -327  2
4212500 3066500 11  2  1   3.2 1013  74  2.2 6  4.3  90    0    0 276 -326  2
4212500 3066500 11  2  2   2.6 1013  69  1.9 6  4.4  96    0    0 272 -326  2
4212500 3066500 11  2  3   2.4 1013  73  1.6 6  4.5  99    0    0 268 -325  2
4212500 3066500 11  2  4   2.5 1012  56  2.0 6  4.5 100    0    0 270 -324  2
4212500 3066500 11  2  5   3.0 1013  98  2.3 6  4.6  99    0    0 272 -324  2
4212500 3066500 11  2  6   2.8 1013  88  3.1 6  4.6 100    0    0 273 -323  2
4212500 3066500 11  2  7   4.8 1012  84  3.8 6  4.9  98    0    0 279 -321  2
4212500 3066500 11  2  8   5.4 1012  86  3.8 7  5.2  95    0    4 290 -321  2
4212500 3066500 11  2  9   7.2 1012  89  3.5 6  5.3  90    1   38 296 -324  2
4212500 3066500 11  2 10   7.9 1013  92  4.6 7  5.6  86    0   56 303 -330  2
4212500 3066500 11  2 11   8.0 1013  85  4.6 8  5.7  85    0   53 316 -339  2
4212500 3066500 11  2 12   8.2 1013  61  6.5 8  5.7  85    0   38 322 -348  2
4212500 3066500 11  2 13   8.5 1012  60  6.6 8  5.7  84    0   37 324 -355  2
4212500 3066500 11  2 14   8.5 1012  63  7.1 8  5.8  84    0   45 326 -359  2
4212500 3066500 11  2 15   8.6 1011  76  6.0 8  5.9  85    0   41 326 -358  2
4212500 3066500 11  2 16   8.6 1011  63  7.2 8  5.9  84    0   14 326 -354  2
4212500 3066500 11  2 17   8.8 1011  63  7.1 8  5.9  84    0    0 325 -349  2
4212500 3066500 11  2 18   8.9 1011  68  7.2 8  6.0  85    0    0 324 -346  2
4212500 3066500 11  2 19   8.9 1011  75  5.9 8  6.1  85    0    0 324 -345  2
4212500 3066500 11  2 20   9.2 1012  75  5.5 8  6.1  85    0    0 323 -344  2
4212500 3066500 11  2 21   9.2 1012  73  5.1 8  6.2  86    0    0 324 -344  2
4212500 3066500 11  2 22   9.0 1012  82  4.4 8  6.2  87    0    0 323 -343  2
4212500 3066500 11  2 23   8.9 1013  80  5.0 8  6.3  88    0    0 322 -342  2
4212500 3066500 11  2 24   8.7 1013  64  3.8 8  6.4  91    0    0 321 -341  2
4212500 3066500 11  3  1   8.8 1013  83  1.9 7  6.4  91    0    0 315 -341  2
4212500 3066500 11  3  2   8.6 1014  72  2.8 8  6.2  89    0    0 313 -341  2
4212500 3066500 11  3  3   8.6 1014  74  2.9 8  6.2  89    0    0 318 -340  2
4212500 3066500 11  3  4   8.6 1014  68  3.2 8  6.2  89    0    0 318 -339  2
4212500 3066500 11  3  5   8.4 1015  75  3.6 8  6.2  90    0    0 318 -339  2
4212500 3066500 11  3  6   8.9 1015  85  4.2 8  6.2  89    0    0 320 -340  2
4212500 3066500 11  3  7   8.9 1015  80  4.0 8  6.2  88    0    0 322 -342  2
4212500 3066500 11  3  8   8.9 1016  79  4.3 8  6.2  87    3   15 325 -342  2
4212500 3066500 11  3  9   9.5 1017  80  5.0 4  6.2  85   19   71 297 -344  2
4212500 3066500 11  3 10   9.6 1018  81  5.7 4  6.2  84   17  116 269 -348  2
4212500 3066500 11  3 11  10.0 1018  91  4.9 4  6.3  84   40  172 272 -353  2
4212500 3066500 11  3 12  10.1 1019  93  5.7 4  6.3  82   61  203 273 -359  2
4212500 3066500 11  3 13  10.1 1019  93  5.6 4  6.3  82   37  188 272 -363  2
4212500 3066500 11  3 14   9.7 1019 103  5.4 5  6.4  84   12  140 276 -366  2
4212500 3066500 11  3 15   9.3 1019  93  5.1 7  6.4  87    0   58 299 -366  2
4212500 3066500 11  3 16   8.8 1019  97  4.0 8  6.4  90    0   27 322 -363  2
4212500 3066500 11  3 17   8.7 1020  97  3.8 8  6.4  92    0    0 329 -358  2
4212500 3066500 11  3 18   8.6 1020  92  3.8 8  6.4  92    0    0 330 -354  2
4212500 3066500 11  3 19   8.5 1020  99  4.0 7  6.4  92    0    0 323 -352  2
4212500 3066500 11  3 20   8.1 1020 101  4.0 7  6.4  94    0    0 318 -352  2
4212500 3066500 11  3 21   8.1 1021  78  3.7 7  6.4  96    0    0 318 -354  2
4212500 3066500 11  3 22   8.1 1021  89  4.1 8  6.4  96    0    0 327 -356  2
4212500 3066500 11  3 23   8.3 1020  95  4.0 7  6.4  95    0    0 329 -358  2
4212500 3066500 11  3 24   8.2 1020 108  3.5 8  6.4  95    0    0 332 -359  2
4212500 3066500 11  4  1   8.0 1020 115  3.4 6  6.4  96    0    0 323 -359  2
4212500 3066500 11  4  2   7.6 1020 105  2.6 6  6.4  98    0    0 304 -359  2
4212500 3066500 11  4  3   7.5 1020  85  3.1 8  6.4 100    0    0 321 -360  2
4212500 3066500 11  4  4   7.4 1019 100  3.3 8  6.4  99    0    0 338 -360  2
4212500 3066500 11  4  5   7.3 1019  84  3.7 8  6.3  99    0    0 338 -361  2
4212500 3066500 11  4  6   7.3 1018  75  3.8 8  6.3 100    0    0 338 -361  2
4212500 3066500 11  4  7   7.4 1018  90  3.5 8  6.4 100    0    0 337 -361  2
4212500 3066500 11  4  8   7.4 1018  89  4.1 8  6.4 100    0    9 337 -361  2
4212500 3066500 11  4  9   7.6 1018  96  3.7 6  6.4 100    3   53 324 -363  2
4212500 3066500 11  4 10   7.5 1018  86  4.0 5  6.5 100    7  100 307 -365  2
4212500 3066500 11  4 11   7.5 1018  94  3.7 6  6.4 100    2  108 307 -369  2
4212500 3066500 11  4 12   7.6 1018  78  4.4 6  6.5 100    2  121 313 -374  2
4212500 3066500 11  4 13   7.8 1018  73  4.0 8  6.5 100    0   55 324 -377  2
4212500 3066500 11  4 14   8.0 1017  59  4.2 7  6.6 100    0   59 329 -378  2
4212500 3066500 11  4 15   7.7 1017  67  4.9 6  6.6 100    4   85 318 -377  2
4212500 3066500 11  4 16   7.7 1017  75  4.7 8  6.5 100    0   20 322 -375  2
4212500 3066500 11  4 17   7.7 1016  79  4.8 7  6.5 100    0    0 326 -371  2
4212500 3066500 11  4 18   7.8 1016  83  4.8 8  6.6 100    0    0 326 -368  2
4212500 3066500 11  4 19   8.0 1017  78  4.8 7  6.6 100    0    0 326 -367  2
4212500 3066500 11  4 20   8.3 1017  77  4.6 6  6.7 100    0    0 318 -366  2
4212500 3066500 11  4 21   8.4 1017  87  4.0 7  6.8 100    0    0 320 -365  2
4212500 3066500 11  4 22   8.3 1017  98  3.8 4  6.8 100    0    0 311 -365  2
4212500 3066500 11  4 23   7.9 1017  87  3.8 5  6.7 100    0    0 301 -365  2
4212500 3066500 11  4 24   7.8 1017 118  3.4 6  6.6 100    0    0 310 -365  2
4212500 3066500 11  5  1   7.5 1017 123  2.7 5  6.5 100    0    0 308 -363  2
4212500 3066500 11  5  2   7.2 1017 114  2.8 8  6.4 100    0    0 316 -363  2
4212500 3066500 11  5  3   7.2 1018 105  2.7 8  6.3 100    0    0 330 -363  2
4212500 3066500 11  5  4   7.3 1018 112  2.6 7  6.3 100    0    0 326 -363  2
4212500 3066500 11  5  5   7.2 1018 117  2.6 5  6.3 100    0    0 312 -363  2
4212500 3066500 11  5  6   7.2 1018  87  2.2 7  6.3 100    0    0 313 -363  2
4212500 3066500 11  5  7   7.3 1018  82  2.4 7  6.3 100    0    0 325 -363  2
4212500 3066500 11  5  8   7.5 1018  71  1.7 8  6.4 100    0    4 331 -364  2
4212500 3066500 11  5  9   7.7 1018  73  2.0 8  6.5 100    0   13 338 -366  2
4212500 3066500 11  5 10   7.9 1019  87  1.9 6  6.6 100    0   49 328 -370  2
4212500 3066500 11  5 11   8.1 1019  79  1.8 8  6.7 100    0   50 328 -375  2
4212500 3066500 11  5 12   8.2 1019  86  2.0 8  6.7 100    0   36 338 -382  2
4212500 3066500 11  5 13   8.4 1019  83  2.5 8  6.8 100    0   32 337 -385  2
4212500 3066500 11  5 14   8.5 1019  68  1.9 8  6.9 100    0   30 335 -386  2
4212500 3066500 11  5 15   8.5 1019  63  1.7 4  6.9 100    4   86 315 -384  2
4212500 3066500 11  5 16   8.4 1019  55  1.4 8  6.9 100    6   49 314 -379  2
4212500 3066500 11  5 17   8.4 1019  70  1.2 8  6.8 100    0    0 332 -374  2
4212500 3066500 11  5 18   8.3 1019  50  1.2 8  6.8 100    0    0 331 -368  2
4212500 3066500 11  5 19   8.2 1019  75  1.1 8  6.8 100    0    0 330 -366  2
4212500 3066500 11  5 20   8.2 1020  37  1.4 7  6.7 100    0    0 326 -366  2
4212500 3066500 11  5 21   8.3 1020  76  1.5 8  6.8 100    0    0 327 -364  2
4212500 3066500 11  5 22   8.4 1019  85  1.7 8  6.8 100    0    0 334 -365  2
4212500 3066500 11  5 23   8.4 1020  70  1.6 8  6.8 100    0    0 335 -367  2
4212500 3066500 11  5 24   8.4 1020  65  1.4 7  6.8 100    0    0 331 -368  2
4212500 3066500 11  6  1   8.4 1020  61  1.9 8  6.8 100    0    0 332 -366  2
4212500 3066500 11  6  2   8.6 1019  48  2.3 8  6.9 100    0    0 340 -365  2
4212500 3066500 11  6  3   8.9 1019  70  2.4 8  7.0 100    0    0 342 -365  2
4212500 3066500 11  6  4   9.0 1019  70  2.7 8  7.1 100    0    0 344 -364  2
4212500 3066500 11  6  5   9.1 1019  64  3.3 8  7.1  99    0    0 344 -364  2
4212500 3066500 11  6  6   9.0 1019  72  4.3 8  7.1  99    0    0 345 -363  2
4212500 3066500 11  6  7   8.9 1019  73  5.0 7  7.1 100    0    0 341 -363  2
4212500 3066500 11  6  8   9.0 1019  71  6.0 7  7.1 100    0    4 336 -363  2
4212500 3066500 11  6  9   9.1 1019  82  5.3 8  7.1 100    0   28 341 -363  2
4212500 3066500 11  6 10   9.2 1019  71  6.0 8  7.2 100    0   40 347 -366  2
4212500 3066500 11  6 11   9.2 1018  72  6.6 6  7.2 100    0   38 334 -371  2
4212500 3066500 11  6 12   9.0 1018  74  6.7 6  7.2 100    0   45 320 -376  2
4212500 3066500 11  6 13   9.4 1018  76  7.4 7  7.2 100    0   37 323 -378  2
4212500 3066500 11  6 14   9.5 1018  76  7.8 8  7.4 100    0   22 331 -378  2
4212500 3066500 11  6 15   9.6 1017  71  7.4 8  7.4 100    0   16 334 -374  2
4212500 3066500 11  6 16   9.6 1017  75  7.9 8  7.4 100    0   14 335 -369  2
4212500 3066500 11  6 17   9.5 1017  74  8.6 8  7.4 100    0    0 335 -365  2
4212500 3066500 11  6 18   9.8 1017  75  9.5 8  7.5 100    0    0 337 -365  2
4212500 3066500 11  6 19   9.9 1017  74  8.9 8  7.5 100    0    0 339 -366  2
4212500 3066500 11  6 20   9.8 1017  75  9.4 8  7.4  98    0    0 341 -367  2
4212500 3066500 11  6 21   9.9 1017  75  9.0 8  7.2  95    0    0 345 -367  2
4212500 3066500 11  6 22   9.9 1017  77  8.9 8  7.1  94    0    0 348 -366  2
4212500 3066500 11  6 23   9.7 1017  84  9.1 8  7.1  95    0    0 350 -366  2
4212500 3066500 11  6 24   9.7 1017  85  8.2 8  7.2  96    0    0 350 -365  2
4212500 3066500 11  7  1   9.8 1017  88  7.7 8  7.2  96    0    0 351 -365  2
4212500 3066500 11  7  2   9.8 1017  94  7.6 8  7.2  95    0    0 351 -365  2
4212500 3066500 11  7  3   9.8 1017  87  6.5 8  7.1  94    0    0 350 -365  2
4212500 3066500 11  7  4   9.8 1017  85  6.1 8  7.1  94    0    0 350 -364  2
4212500 3066500 11  7  5   9.6 1017 101  6.1 8  7.1  95    0    0 350 -364  2
4212500 3066500 11  7  6   9.5 1017  92  5.1 8  7.1  96    0    0 350 -365  2
4212500 3066500 11  7  7   9.6 1017  98  5.6 8  7.1  96    0    0 350 -365  2
4212500 3066500 11  7  8   9.6 1017  98  5.3 8  7.1  95    0    1 349 -365  2
4212500 3066500 11  7  9   9.4 1018  98  5.7 8  7.1  96    0   18 347 -365  2
4212500 3066500 11  7 10   9.4 1018  92  5.1 7  7.1  97    0   37 341 -367  2
4212500 3066500 11  7 11   9.3 1018  99  5.7 8  7.1  97    0   33 339 -370  2
4212500 3066500 11  7 12   9.3 1018 100  5.0 8  7.0  97    0   30 341 -375  2
4212500 3066500 11  7 13   9.1 1018 101  5.0 7  7.0  97    0   41 333 -378  2
4212500 3066500 11  7 14   9.1 1018  99  5.0 7  7.0  98    0   39 326 -380  2
4212500 3066500 11  7 15   8.7 1017  94  5.1 7  7.0  99    0   49 324 -379  2
4212500 3066500 11  7 16   8.7 1017  92  5.5 8  7.0 100    1   37 327 -377  2
4212500 3066500 11  7 17   8.9 1017  99  4.5 8  7.0  99    0    0 333 -374  2
4212500 3066500 11  7 18   8.8 1017  94  4.9 8  7.0  99    0    0 334 -371  2
4212500 3066500 11  7 19   8.6 1017 106  4.5 8  7.0 100    0    0 336 -367  2
4212500 3066500 11  7 20   8.6 1017  95  4.5 7  6.8  99    0    0 329 -365  2
4212500 3066500 11  7 21   8.7 1017 100  4.6 8  6.8  97    0    0 329 -365  2
4212500 3066500 11  7 22   8.5 1017  98  4.3 8  6.8  98    0    0 335 -365  2
4212500 3066500 11  7 23   8.7 1017 107  4.8 8  6.8  98    0    0 332 -367  2
4212500 3066500 11  7 24   8.5 1017 108  4.9 8  6.7  96    0    0 330 -368  2
4212500 3066500 11  8  1   8.5 1017  99  4.6 8  6.7  97    0    0 329 -369  2
4212500 3066500 11  8  2   8.4 1016 110  5.2 8  6.6  96    0    0 330 -369  2
4212500 3066500 11  8  3   8.2 1016 109  5.4 8  6.6  96    0    0 330 -368  2
4212500 3066500 11  8  4   8.2 1015 110  5.7 8  6.5  97    0    0 330 -368  2
4212500 3066500 11  8  5   8.1 1015 108  5.5 8  6.5  97    0    0 332 -367  2
4212500 3066500 11  8  6   7.8 1014 100  6.1 8  6.5  97    0    0 332 -368  2
4212500 3066500 11  8  7   7.7 1013 102  5.8 8  6.3  97    0    0 334 -368  2
4212500 3066500 11  8  8   7.7 1013 109  5.3 8  6.3  96    0    2 336 -368  2
4212500 3066500 11  8  9   7.9 1013 120  5.8 8  6.3  95    0   12 337 -369  2
4212500 3066500 11  8 10   8.0 1013 121  5.2 8  6.4  95    0   31 337 -371  2
4212500 3066500 11  8 11   8.2 1013 133  4.5 8  6.5  96    0   37 337 -373  2
4212500 3066500 11  8 12   8.3 1013 134  4.9 7  6.6  97    0   47 333 -375  2
4212500 3066500 11  8 13   8.3 1013 133  3.9 7  6.7  98    0   54 327 -377  2
4212500 3066500 11  8 14   8.7 1013 142  4.0 8  6.9  99    0   40 333 -380  2
4212500 3066500 11  8 15   8.9 1013 144  3.3 7  7.1 100    0   38 333 -381  2
4212500 3066500 11  8 16   8.9 1013 151  5.4 6  7.1 100    0   10 323 -379  2
4212500 3066500 11  8 17   9.2 1013 147  2.5 6  7.2 100    0    0 318 -375  2
4212500 3066500 11  8 18   9.2 1013 148  3.1 7  7.3 100    0    0 323 -369  2
4212500 3066500 11  8 19   9.3 1013 144  3.1 8  7.3 100    0    0 332 -363  2
4212500 3066500 11  8 20   9.3 1014 153  2.5 8  7.3 100    0    0 337 -359  2
4212500 3066500 11  8 21   9.4 1014 152  2.4 8  7.3 100    0    0 339 -357  2
4212500 3066500 11  8 22   9.4 1015 146  2.2 8  7.4 100    0    0 339 -355  2
4212500 3066500 11  8 23   9.4 1015 145  2.1 8  7.3 100    0    0 339 -354  2
4212500 3066500 11  8 24   9.2 1015 142  2.0 8  7.3 100    0    0 337 -353  2
4212500 3066500 11  9  1   9.2 1016 149  2.4 8  7.2 100    0    0 337 -353  2
4212500 3066500 11  9  2   9.3 1016 151  1.6 8  7.2 100    0    0 336 -354  2
4212500 3066500 11  9  3   9.2 1016 155  2.1 8  7.2 100    0    0 335 -353  2
4212500 3066500 11  9  4   9.1 1016 169  2.0 8  7.2 100    0    0 334 -353  2
4212500 3066500 11  9  5   9.0 1016 177  1.9 8  7.2 100    0    0 331 -352  2
4212500 3066500 11  9  6   8.7 1016 175  1.8 8  7.1 100    0    0 329 -352  2
4212500 3066500 11  9  7   8.7 1016 177  1.9 8  7.0 100    0    0 327 -353  2
4212500 3066500 11  9  8   8.6 1017 206  2.2 7  7.0 100    0    3 320 -353  2
4212500 3066500 11  9  9   8.6 1017 179  1.7 7  6.9  99    1   39 313 -353  2
4212500 3066500 11  9 10   9.0 1018 183  1.7 7  6.9  99    1   75 312 -356  2
4212500 3066500 11  9 11   9.4 1018 195  1.8 7  7.2  99    8  125 313 -362  2
4212500 3066500 11  9 12  10.2 1018 171  1.8 6  7.5  99   28  168 309 -368  2
4212500 3066500 11  9 13  11.2 1018 185  2.3 5  7.5  94   65  184 300 -374  2
4212500 3066500 11  9 14  10.6 1018 184  2.1 3  7.2  89   46  157 283 -376  2
4212500 3066500 11  9 15  10.1 1017 169  1.7 6  7.1  91    0   66 286 -376  2
4212500 3066500 11  9 16   9.6 1017 180  1.0 7  7.1  94    0   25 305 -372  2
4212500 3066500 11  9 17   9.1 1017 158  1.5 7  6.9  95    0    0 308 -366  2
4212500 3066500 11  9 18   8.7 1017 152  1.2 7  6.9  97    0    0 304 -362  2
4212500 3066500 11  9 19   8.7 1017 159  1.6 7  6.9  99    0    0 303 -360  2
4212500 3066500 11  9 20   9.0 1018 165  1.9 7  7.1 100    0    0 303 -360  2
4212500 3066500 11  9 21   9.2 1017 166  2.9 8  7.2 100    0    0 310 -360  2
4212500 3066500 11  9 22   9.1 1017 176  3.4 7  7.2  99    0    0 311 -360  2
4212500 3066500 11  9 23   8.5 1017 170  2.8 7  7.0 100    0    0 306 -360  2
4212500 3066500 11  9 24   8.6 1017 170  3.0 8  6.9 100    0    0 312 -361  2
4212500 3066500 11 10  1   8.2 1017 168  3.0 8  6.8 100    0    0 319 -361  2
4212500 3066500 11 10  2   8.2 1017 176  3.2 8  6.7 100    0    0 322 -361  2
4212500 3066500 11 10  3   7.8 1016 186  3.8 8  6.6  99    0    0 325 -360  2
4212500 3066500 11 10  4   7.4 1016 184  4.1 8  6.4  99    0    0 328 -359  2
4212500 3066500 11 10  5   7.2 1015 177  4.3 8  6.3  99    0    0 329 -358  2
4212500 3066500 11 10  6   7.3 1015 182  4.3 8  6.3 100    0    0 330 -357  2
4212500 3066500 11 10  7   6.9 1015 165  4.6 6  6.3 100    0    0 320 -355  2
4212500 3066500 11 10  8   6.8 1014 159  4.9 5  6.0  98    2    9 303 -353  2
4212500 3066500 11 10  9   7.4 1013 157  5.8 3  5.9  94   43   32 288 -353  2
4212500 3066500 11 10 10   8.1 1013 165  5.7 3  6.1  92  109   53 280 -354  2
4212500 3066500 11 10 11   9.3 1012 160  6.9 5  6.3  90   62  110 296 -358  2
4212500 3066500 11 10 12   9.8 1011 180  6.4 6  6.4  86    5  114 314 -365  2
4212500 3066500 11 10 13  10.3 1011 201  7.3 7  6.5  85    0   65 326 -372  2
4212500 3066500 11 10 14  10.0 1011 198  7.2 7  6.8  87    0   57 331 -374  2
4212500 3066500 11 10 15  10.5 1011 211  7.2 7  6.9  88    2   68 330 -372  2
4212500 3066500 11 10 16  10.4 1012 215  5.8 7  6.7  85    8   32 328 -370  2
4212500 3066500 11 10 17   9.9 1013 210  6.0 7  6.5  84    0    0 323 -368  2
4212500 3066500 11 10 18   9.3 1013 201  4.0 7  6.3  85    0    0 319 -364  2
4212500 3066500 11 10 19   8.7 1014 196  3.7 7  6.4  89    0    0 316 -358  2
4212500 3066500 11 10 20   8.6 1015 189  3.1 7  6.4  92    0    0 314 -352  2
4212500 3066500 11 10 21   8.3 1015 197  3.2 7  6.2  91    0    0 313 -349  2
4212500 3066500 11 10 22   8.1 1015 190  3.6 7  6.1  91    0    0 313 -346  2
4212500 3066500 11 10 23   7.8 1015 183  3.9 7  6.2  93    0    0 313 -345  2
4212500 3066500 11 10 24   7.2 1014 175  4.4 5  5.9  92    0    0 299 -344  2
4212500 3066500 11 11  1   7.1 1014 178  4.0 1  5.7  90    0    0 260 -341  2
4212500 3066500 11 11  2   7.3 1013 173  4.5 0  5.7  90    0    0 224 -339  2
4212500 3066500 11 11  3   7.0 1012 175  4.1 2  5.7  91    0    0 228 -338  2
4212500 3066500 11 11  4   7.8 1011 168  4.5 7  5.9  92    0    0 274 -338  2
4212500 3066500 11 11  5   7.8 1010 170  5.2 7  6.1  93    0    0 308 -340  2
4212500 3066500 11 11  6   8.5 1009 173  5.6 6  6.2  91    0    0 306 -341  2
4212500 3066500 11 11  7   9.0 1008 177  5.9 6  6.4  91    0    0 306 -342  2
4212500 3066500 11 11  8   9.6 1007 182  6.7 6  6.7  91    1   11 311 -343  2
4212500 3066500 11 11  9  11.0 1007 187  6.8 6  6.9  88   13   53 317 -347  2
4212500 3066500 11 11 10  12.5 1007 205  8.7 7  7.1  82   11   95 331 -353  2
4212500 3066500 11 11 11  12.8 1008 204  9.9 8  7.3  79    0   57 345 -360  2
4212500 3066500 11 11 12   9.1 1008 246  9.4 7  6.9  84    0   65 340 -367  2
4212500 3066500 11 11 13   9.7 1009 229  8.3 7  6.6  89    0   45 331 -373  2
4212500 3066500 11 11 14  10.4 1009 221  7.9 6  6.6  86    4  107 328 -375  2
4212500 3066500 11 11 15  10.5 1010 207  4.6 5  6.5  82    4   79 322 -375  2
4212500 3066500 11 11 16  10.0 1010 179  4.0 5  6.4  82    0   30 320 -374  2
4212500 3066500 11 11 17  10.5 1010 179  4.2 6  6.8  87    0    0 329 -374  2
4212500 3066500 11 11 18  10.9 1009 172  4.5 8  7.2  90    0    0 342 -376  2
4212500 3066500 11 11 19  11.3 1009 172  6.0 7  7.3  89    0    0 347 -376  2
4212500 3066500 11 11 20  12.2 1008 179  6.6 8  7.4  85    0    0 347 -377  2
4212500 3066500 11 11 21  12.6 1007 181  7.0 8  7.4  82    0    0 350 -378  2
4212500 3066500 11 11 22  12.8 1006 193  7.6 7  7.3  80    0    0 347 -378  2
4212500 3066500 11 11 23  13.1 1005 191  8.3 7  7.3  78    0    0 345 -379  2
4212500 3066500 11 11 24  13.2 1005 192  8.2 8  7.3  77    0    0 348 -379  2
4212500 3066500 11 12  1  12.8 1005 184  7.2 8  7.2  77    0    0 349 -379  2
4212500 3066500 11 12  2  12.7 1004 181  7.5 8  7.2  77    0    0 348 -378  2
4212500 3066500 11 12  3  12.6 1003 191  7.3 8  7.1  77    0    0 348 -379  2
4212500 3066500 11 12  4  12.9 1003 181  7.5 7  7.1  77    0    0 345 -381  2
4212500 3066500 11 12  5  12.8 1002 183  6.8 6  7.1  76    0    0 337 -381  2
4212500 3066500 11 12  6  12.7 1001 182  7.2 7  7.1  76    0    0 335 -380  2
4212500 3066500 11 12  7  13.0 1001 182  7.6 7  7.1  76    0    0 338 -380  2
4212500 3066500 11 12  8  12.8 1001 186  7.7 6  7.1  75    0    6 335 -380  2
4212500 3066500 11 12  9  12.8 1001 177  8.3 6  7.1  76    4   28 331 -380  2
4212500 3066500 11 12 10  13.2 1001 183  6.9 6  7.1  75    9   58 332 -378  2
4212500 3066500 11 12 11  13.7 1001 180  7.6 6  7.1  73    9   83 334 -375  2
4212500 3066500 11 12 12  14.2 1001 188  8.5 5  7.0  70   14   96 330 -374  2
4212500 3066500 11 12 13  14.4 1000 192  8.4 7  7.1  69    0   48 334 -375  2
4212500 3066500 11 12 14  13.2 1001 220  8.7 7  7.2  72    0   26 339 -375  2
4212500 3066500 11 12 15  11.4 1001 236  7.1 7  7.3  80    0   30 332 -373  2
4212500 3066500 11 12 16  10.7 1002 253  6.9 8  6.8  82    0   16 329 -367  2
4212500 3066500 11 12 17  10.1 1003 233  6.1 8  6.4  80    0    0 328 -359  2
4212500 3066500 11 12 18   9.7 1004 226  4.2 7  6.2  80    0    0 321 -354  2
4212500 3066500 11 12 19   8.8 1005 193  5.4 5  6.0  82    0    0 302 -352  2
4212500 3066500 11 12 20   8.5 1005 187  7.5 5  6.0  85    0    0 291 -351  2
4212500 3066500 11 12 21   8.6 1005 187  6.2 4  6.0  86    0    0 283 -351  2
4212500 3066500 11 12 22   7.9 1006 196  5.6 3  5.9  86    0    0 267 -353  2
4212500 3066500 11 12 23   7.9 1007 191  5.8 5  5.8  86    0    0 267 -355  2
4212500 3066500 11 12 24   7.5 1007 204  5.6 3  5.6  84    0    0 258 -355  2
4212500 3066500 11 13  1   7.6 1007 197  5.9 2  5.4  83    0    0 223 -354  2
4212500 3066500 11 13  2   7.3 1007 197  5.4 1  5.4  83    0    0 204 -353  2
4212500 3066500 11 13  3   7.2 1008 195  5.8 0  5.4  85    0    0 190 -353  2
4212500 3066500 11 13  4   7.0 1008 197  5.7 0  5.4  86    0    0 197 -352  2
4212500 3066500 11 13  5   6.6 1008 202  6.0 1  5.3  86    0    0 205 -351  2
4212500 3066500 11 13  6   6.3 1008 188  5.9 0  5.3  88    0    0 209 -351  2
4212500 3066500 11 13  7   6.2 1009 193  6.1 1  5.3  88    0    0 214 -350  2
4212500 3066500 11 13  8   5.9 1009 193  6.2 2  5.2  88    2    8 230 -350  2
4212500 3066500 11 13  9   5.9 1010 194  6.1 2  5.1  88   38   39 240 -350  2
4212500 3066500 11 13 10   6.8 1010 200  6.7 1  5.1  86  103   70 241 -351  2
4212500 3066500 11 13 11   8.1 1010 200  7.6 1  5.3  82  155   88 245 -354  2
4212500 3066500 11 13 12   9.1 1010 211  7.7 1  5.4  78  173  102 252 -359  2
4212500 3066500 11 13 13   9.6 1010 218  8.3 1  5.5  75  156  111 260 -364  2
4212500 3066500 11 13 14  10.0 1010 199  7.2 1  5.5  72  102  109 266 -365  2
4212500 3066500 11 13 15   9.7 1010 188  5.6 0  5.4  72   47   82 262 -363  2
4212500 3066500 11 13 16   8.6 1010 202  5.5 2  5.3  74    7   33 263 -359  2
4212500 3066500 11 13 17   8.1 1010 195  5.6 4  5.3  77    0    0 277 -354  2
4212500 3066500 11 13 18   7.9 1010 191  5.2 4  5.4  81    0    0 283 -351  2
4212500 3066500 11 13 19   8.3 1011 193  5.3 5  5.5  82    0    0 289 -348  2
4212500 3066500 11 13 20   8.5 1011 200  6.4 6  5.5  79    0    0 300 -347  2
4212500 3066500 11 13 21   8.3 1011 205  6.1 7  5.4  78    0    0 311 -347  2
4212500 3066500 11 13 22   8.1 1011 197  5.1 6  5.4  79    0    0 309 -347  2
4212500 3066500 11 13 23   7.7 1011 201  5.1 6  5.4  82    0    0 301 -347  2
4212500 3066500 11 13 24   7.4 1011 199  5.2 8  5.5  84    0    0 310 -349  2
4212500 3066500 11 14  1   8.0 1012 221  4.8 8  5.6  86    0    0 321 -352  2
4212500 3066500 11 14  2   8.1 1012 238  6.6 8  5.9  87    0    0 323 -353  2
4212500 3066500 11 14  3   7.9 1013 228  6.2 6  6.0  89    0    0 312 -354  2
4212500 3066500 11 14  4   7.1 1013 240  6.2 4  5.8  90    0    0 288 -354  2
4212500 3066500 11 14  5   6.3 1014 233  5.9 4  5.7  93    0    0 277 -354  2
4212500 3066500 11 14  6   5.9 1014 233  5.3 3  5.5  95    0    0 270 -353  2
4212500 3066500 11 14  7   5.3 1015 244  5.4 4  5.4  96    0    0 268 -352  2
4212500 3066500 11 14  8   5.2 1016 246  4.0 4  5.4  98    0    7 272 -349  2
4212500 3066500 11 14  9   5.3 1016 224  4.0 4  5.4  98   19   42 271 -346  2
4212500 3066500 11 14 10   6.2 1017 233  4.0 1  5.4  95   74   82 255 -346  2
4212500 3066500 11 14 11   7.5 1018 231  5.7 2  5.6  91  122  108 250 -350  2
4212500 3066500 11 14 12   8.7 1018 246  6.2 2  5.7  86  151  121 264 -357  2
4212500 3066500 11 14 13   9.2 1018 243  6.9 2  5.8  82  141  126 268 -362  2
4212500 3066500 11 14 14   9.1 1018 250  5.9 2  5.8  80   73  123 269 -363  2
4212500 3066500 11 14 15   8.9 1018 231  5.1 3  5.8  81   17   81 273 -361  2
4212500 3066500 11 14 16   8.4 1019 224  4.4 6  5.8  84    0   17 289 -356  2
4212500 3066500 11 14 17   8.0 1019 219  4.9 8  5.7  85    0    0 310 -351  2
4212500 3066500 11 14 18   7.4 1020 225  4.5 8  5.6  86    0    0 316 -346  2
4212500 3066500 11 14 19   6.9 1020 217  4.8 5  5.5  88    0    0 302 -344  2
4212500 3066500 11 14 20   6.2 1021 221  3.7 4  5.4  90    0    0 282 -342  2
4212500 3066500 11 14 21   6.1 1021 215  3.7 3  5.3  90    0    0 272 -341  2
4212500 3066500 11 14 22   5.7 1021 216  3.5 3  5.2  90    0    0 267 -338  2
4212500 3066500 11 14 23   5.2 1021 227  3.9 5  5.1  91    0    0 278 -336  2
4212500 3066500 11 14 24   5.4 1021 226  4.1 6  5.1  92    0    0 293 -336  2
4212500 3066500 11 15  1   5.1 1021 214  3.7 5  5.0  92    0    0 294 -337  2
4212500 3066500 11 15  2   5.1 1020 203  3.6 6  5.0  93    0    0 295 -338  2
4212500 3066500 11 15  3   5.3 1020 204  4.4 7  5.1  93    0    0 306 -338  2
4212500 3066500 11 15  4   5.1 1020 202  4.4 6  5.1  94    0    0 307 -338  2
4212500 3066500 11 15  5   5.1 1019 196  4.8 7  5.1  94    0    0 309 -338  2
4212500 3066500 11 15  6   5.3 1019 195  5.1 7  5.1  94    0    0 314 -339  2
4212500 3066500 11 15  7   5.7 1018 188  5.4 8  5.2  93    0    0 320 -341  2
4212500 3066500 11 15  8   6.1 1017 192  5.9 7  5.2  91    0    1 321 -342  2
4212500 3066500 11 15  9   6.4 1017 200  6.9 8  5.2  88    0   12 323 -344  2
4212500 3066500 11 15 10   6.4 1016 202  7.4 7  5.2  88    0   29 325 -346  2
4212500 3066500 11 15 11   6.4 1015 209  7.5 7  5.5  91    0   41 321 -348  2
4212500 3066500 11 15 12   6.6 1015 216  8.7 8  5.7  95    0   37 327 -350  2
4212500 3066500 11 15 13   6.8 1015 221  8.7 8  5.9  97    0   28 333 -353  2
4212500 3066500 11 15 14   7.3 1014 222  8.4 7  6.1  97    0   31 331 -355  2
4212500 3066500 11 15 15   7.5 1014 226  7.6 7  6.3  98    0   25 331 -355  2
4212500 3066500 11 15 16   7.8 1014 228  8.7 8  6.5  99    0    3 338 -354  2
4212500 3066500 11 15 17   8.0 1014 226  8.4 8  6.6 100    0    0 346 -354  2
4212500 3066500 11 15 18   8.5 1013 227  8.8 8  6.8 100    0    0 349 -354  2
4212500 3066500 11 15 19   8.9 1013 239  9.5 8  7.0 100    0    0 353 -355  2
4212500 3066500 11 15 20   9.2 1014 236  9.0 8  7.1  99    0    0 356 -356  2
4212500 3066500 11 15 21   9.5 1014 235  8.5 8  7.3  99    0    0 358 -357  2
4212500 3066500 11 15 22   9.6 1014 241  8.4 8  7.4 100    0    0 360 -359  2
4212500 3066500 11 15 23  10.2 1014 249  9.1 8  7.5  99    0    0 361 -361  2
4212500 3066500 11 15 24  10.4 1014 247 10.4 8  7.6  97    0    0 363 -365  2
4212500 3066500 11 16  1  10.5 1014 251  9.4 8  7.7  98    0    0 363 -369  2
4212500 3066500 11 16  2  10.7 1014 251  9.6 8  7.9  99    0    0 362 -371  2
4212500 3066500 11 16  3  10.9 1014 250  9.6 8  7.9  98    0    0 363 -372  2
4212500 3066500 11 16  4  11.3 1014 251 11.6 8  7.7  94    0    0 363 -372  2
4212500 3066500 11 16  5  11.4 1013 262 11.6 8  7.3  88    0    0 363 -372  2
4212500 3066500 11 16  6  11.2 1013 255 10.8 8  7.1  85    0    0 362 -371  2
4212500 3066500 11 16  7  11.2 1013 247  9.5 8  7.1  85    0    0 361 -370  2
4212500 3066500 11 16  8  11.3 1013 248 10.1 8  7.1  85    0    1 362 -369  2
4212500 3066500 11 16  9  11.4 1013 239  9.4 7  7.1  84    0    9 357 -369  2
4212500 3066500 11 16 10  11.5 1013 249  9.2 8  7.1  84    0   31 356 -370  2
4212500 3066500 11 16 11  11.7 1013 241  9.6 7  7.1  83    0   59 356 -369  2
4212500 3066500 11 16 12  11.6 1013 245  9.4 8  7.0  82    0   40 356 -370  2
4212500 3066500 11 16 13  11.6 1013 250 11.0 8  7.1  83    0   36 361 -370  2
4212500 3066500 11 16 14  11.3 1013 253 10.8 7  7.1  84    0   38 355 -370  2
4212500 3066500 11 16 15  10.8 1012 252 10.9 8  7.1  86    0   29 353 -370  2
4212500 3066500 11 16 16  10.2 1012 245 10.0 7  7.2  91    0    5 351 -370  2
4212500 3066500 11 16 17  10.3 1012 243 10.3 7  7.4  95    0    0 344 -370  2
4212500 3066500 11 16 18  10.7 1012 256  9.2 7  7.5  95    0    0 343 -370  2
4212500 3066500 11 16 19  10.8 1013 257  8.8 7  7.5  93    0    0 343 -371  2
4212500 3066500 11 16 20  10.4 1013 264  9.0 7  7.2  90    0    0 341 -371  2
4212500 3066500 11 16 21  10.1 1014 258  8.8 6  6.9  89    0    0 332 -371  2
4212500 3066500 11 16 22   9.9 1014 260 10.2 6  6.8  88    0    0 325 -370  2
4212500 3066500 11 16 23   9.6 1014 254  8.6 6  6.6  87    0    0 324 -368  2
4212500 3066500 11 16 24   9.4 1014 252  8.3 7  6.4  87    0    0 328 -364  2
4212500 3066500 11 17  1   9.3 1014 262  8.6 6  6.3  87    0    0 327 -361  2
4212500 3066500 11 17  2   9.1 1014 265  9.6 4  6.3  87    0    0 306 -360  2
4212500 3066500 11 17  3   9.1 1014 252  9.9 5  6.2  87    0    0 297 -359  2
4212500 3066500 11 17  4   9.0 1013 264  8.5 7  6.2  86    0    0 313 -358  2
4212500 3066500 11 17  5   8.9 1013 278  8.8 7  6.2  86    0    0 325 -358  2
4212500 3066500 11 17  6   8.8 1013 266  9.1 6  6.1  86    0    0 318 -358  2
4212500 3066500 11 17  7   8.2 1013 274 10.5 5  6.0  86    0    0 304 -357  2
4212500 3066500 11 17  8   8.1 1013 268  9.2 5  5.9  87    0    6 295 -356  2
4212500 3066500 11 17  9   8.3 1013 262  8.2 4  5.8  85    7   29 289 -355  2
4212500 3066500 11 17 10   8.4 1013 255  8.4 4  5.7  84   59   63 282 -355  2
4212500 3066500 11 17 11   8.3 1012 268  9.7 7  5.5  80    7   85 302 -357  2
4212500 3066500 11 17 12   9.4 1012 261  9.3 7  5.4  76    3   88 322 -359  2
4212500 3066500 11 17 13   8.6 1011 270 10.5 5  5.4  76   61  101 310 -361  2
4212500 3066500 11 17 14   8.9 1011 262 11.1 3  5.3  75  170   49 286 -359  2
4212500 3066500 11 17 15   7.8 1010 273 10.7 5  5.1  75    6   57 286 -355  2
4212500 3066500 11 17 16   7.0 1010 268 11.5 7  5.0  78    0    3 303 -353  2
4212500 3066500 11 17 17   6.0 1010 281  9.8 6  5.0  83    0    0 302 -350  2
4212500 3066500 11 17 18   6.4 1010 287 10.4 4  4.8  82    0    0 284 -347  2
4212500 3066500 11 17 19   6.5 1011 283  9.0 4  4.8  80    0    0 275 -344  2
4212500 3066500 11 17 20   7.1 1012 283  8.7 5  4.9  80    0    0 284 -342  2
4212500 3066500 11 17 21   7.3 1012 285  8.2 7  5.1  80    0    0 303 -340  2
4212500 3066500 11 17 22   7.1 1013 300  7.8 7  5.2  82    0    0 316 -339  2
4212500 3066500 11 17 23   7.0 1014 308  7.6 5  5.1  82    0    0 302 -337  2
4212500 3066500 11 17 24   6.9 1015 327  7.9 3  4.7  76    0    0 276 -337  2
4212500 3066500 11 18  1   5.3 1017 336  7.9 5  4.3  74    0    0 271 -336  2
4212500 3066500 11 18  2   4.8 1018 347  8.7 5  4.1  75    0    0 277 -334  2
4212500 3066500 11 18  3   4.1 1020 356  8.0 3  3.8  72    0    0 260 -332  2
4212500 3066500 11 18  4   4.2 1021 347  6.9 2  3.5  70    0    0 241 -331  2
4212500 3066500 11 18  5   4.0 1022 341  4.7 0  3.5  70    0    0 225 -329  2
4212500 3066500 11 18  6   3.3 1023 332  3.5 0  3.6  73    0    0 214 -326  2
4212500 3066500 11 18  7   2.7 1024 324  2.6 2  3.5  76    0    0 224 -324  2
4212500 3066500 11 18  8   2.6 1024 308  2.6 2  3.5  77    0    1 233 -323  2
4212500 3066500 11 18  9   3.5 1025 307  2.5 1  3.5  75   12   33 229 -323  2
4212500 3066500 11 18 10   5.2 1025 277  3.0 1  3.7  72   72   71 227 -325  2
4212500 3066500 11 18 11   6.0 1025 285  3.5 2  4.1  73   84  109 237 -331  2
4212500 3066500 11 18 12   7.1 1026 266  3.2 4  4.2  71  110  119 257 -338  2
4212500 3066500 11 18 13   7.4 1025 300  5.4 3  4.3  68  133  108 264 -343  2
4212500 3066500 11 18 14   7.5 1025 288  4.5 3  4.3  67   69  106 258 -344  2
4212500 3066500 11 18 15   6.3 1024 263  4.7 2  4.1  67   43   74 249 -341  2
4212500 3066500 11 18 16   5.6 1024 233  3.7 6  4.0  70    1   21 255 -334  2
4212500 3066500 11 18 17   5.3 1023 212  3.9 6  4.1  75    0    0 263 -327  2
4212500 3066500 11 18 18   4.9 1023 225  4.0 7  4.2  78    0    0 263 -323  2
4212500 3066500 11 18 19   4.6 1022 212  3.3 6  4.2  80    0    0 263 -321  2
4212500 3066500 11 18 20   3.8 1022 230  4.5 5  4.1  80    0    0 254 -321  2
4212500 3066500 11 18 21   3.7 1021 225  4.3 5  4.0  81    0    0 250 -319  2
4212500 3066500 11 18 22   3.4 1020 199  3.7 3  4.0  82    0    0 243 -317  2
4212500 3066500 11 18 23   2.2 1020 216  3.7 2  3.9  84    0    0 228 -315  2
4212500 3066500 11 18 24   1.9 1019 216  3.8 3  3.8  87    0    0 229 -314  2
4212500 3066500 11 19  1   1.8 1018 218  3.7 2  3.9  89    0    0 232 -313  2
4212500 3066500 11 19  2   1.1 1017 193  3.5 1  3.9  93    0    0 229 -313  2
4212500 3066500 11 19  3   1.4 1016 200  3.9 1  4.0  97    0    0 234 -313  2
4212500 3066500 11 19  4   1.9 1015 186  4.0 5  4.2  99    0    0 248 -314  2
4212500 3066500 11 19  5   2.0 1013 195  4.7 8  4.3 100    0    0 267 -315  2
4212500 3066500 11 19  6   2.4 1012 197  4.9 8  4.4 100    0    0 278 -316  2
4212500 3066500 11 19  7   2.6 1011 190  4.9 8  4.5  98    0    0 283 -317  2
4212500 3066500 11 19  8   2.5 1010 191  5.5 8  4.3  95    0    1 287 -318  2
4212500 3066500 11 19  9   2.7 1009 188  6.4 7  4.3  93    0   23 289 -319  2
4212500 3066500 11 19 10   3.1 1008 199  7.7 7  4.2  90    1   54 290 -321  2
4212500 3066500 11 19 11   3.5 1006 198  7.8 7  4.2  87    0   63 296 -323  2
4212500 3066500 11 19 12   3.8 1005 201  9.5 8  4.3  86    0   51 302 -325  2
4212500 3066500 11 19 13   4.1 1003 203  8.2 8  4.3  86    0   37 309 -328  2
4212500 3066500 11 19 14   4.0 1001 204  8.6 7  4.5  88    0   36 312 -330  2
4212500 3066500 11 19 15   3.6 1000 211  9.5 7  4.7  92    0   31 313 -330  2
4212500 3066500 11 19 16   3.9  999 214  8.3 8  4.8  96    0    5 318 -331  2
4212500 3066500 11 19 17   4.7  998 236  6.6 7  5.1  98    0    0 322 -333  2
4212500 3066500 11 19 18   5.8  997 259  6.1 7  5.4  97    0    0 322 -335  2
4212500 3066500 11 19 19   6.4  997 269  8.3 7  5.5  92    0    0 323 -339  2
4212500 3066500 11 19 20   6.3  997 281 10.2 7  5.2  86    0    0 323 -340  2
4212500 3066500 11 19 21   5.9  997 282  9.7 7  4.7  80    0    0 320 -341  2
4212500 3066500 11 19 22   5.5  998 282  9.1 6  4.4  76    0    0 311 -338  2
4212500 3066500 11 19 23   5.4  998 287  9.5 6  4.3  75    0    0 303 -332  2
4212500 3066500 11 19 24   5.7  999 292  9.4 6  4.2  74    0    0 302 -329  2
4212500 3066500 11 20  1   5.6  999 293  9.0 4  4.2  72    0    0 286 -326  2
4212500 3066500 11 20  2   5.4 1000 293  9.3 3  4.1  71    0    0 260 -325  2
4212500 3066500 11 20  3   4.8 1001 292  7.3 3  4.0  72    0    0 243 -324  2
4212500 3066500 11 20  4   4.5 1001 291  7.5 3  3.8  72    0    0 238 -324  2
4212500 3066500 11 20  5   4.2 1002 291  8.2 3  3.6  69    0    0 236 -324  2
4212500 3066500 11 20  6   4.2 1002 296  7.7 3  3.5  67    0    0 240 -324  2
4212500 3066500 11 20  7   4.8 1003 298  7.9 4  3.6  67    0    0 250 -326  2
4212500 3066500 11 20  8   5.2 1003 287  6.2 5  4.0  73    0    0 266 -329  2
4212500 3066500 11 20  9   5.4 1004 255  5.6 7  4.5  81    0   19 291 -333  2
4212500 3066500 11 20 10   6.0 1004 260  5.8 8  4.9  86    0   46 317 -338  2
4212500 3066500 11 20 11   6.5 1003 250  7.3 7  5.2  88    0   42 322 -342  2
4212500 3066500 11 20 12   5.7 1003 222  6.2 7  5.5  92    0   39 318 -345  2
4212500 3066500 11 20 13   6.3 1002 235  6.1 8  5.7  97    0   38 329 -348  2
4212500 3066500 11 20 14   7.4 1000 245  9.4 7  6.1  98    0   51 334 -352  2
4212500 3066500 11 20 15   8.8  999 261 10.2 8  6.6  97    0   12 340 -356  2
4212500 3066500 11 20 16   9.0  998 259 11.8 8  6.8  94    0    2 351 -360  2
4212500 3066500 11 20 17   8.8  997 263 13.0 8  6.7  92    0    0 353 -362  2
4212500 3066500 11 20 18   8.4  997 268 14.4 8  6.6  93    0    0 353 -362  2
4212500 3066500 11 20 19   8.8  996 261 13.8 8  6.5  92    0    0 354 -363  2
4212500 3066500 11 20 20   8.6  996 261 13.9 8  6.6  92    0    0 354 -363  2
4212500 3066500 11 20 21   8.6  996 262 15.5 7  6.7  94    0    0 347 -364  2
4212500 3066500 11 20 22   8.6  995 255 12.9 8  6.7  95    0    0 347 -365  2
4212500 3066500 11 20 23   9.0  994 255 12.9 8  7.0  97    0    0 356 -365  2
4212500 3066500 11 20 24   9.4  994 261 13.0 8  7.2  97    0    0 358 -365  2
4212500 3066500 11 21  1   9.5  993 253 14.3 8  7.2  96    0    0 357 -365  2
4212500 3066500 11 21  2   9.5  992 260 14.1 8  7.3  96    0    0 358 -366  2
4212500 3066500 11 21  3   9.7  992 258 12.8 8  7.3  96    0    0 358 -366  2
4212500 3066500 11 21  4   9.7  991 261 12.6 8  7.3  95    0    0 359 -365  2
4212500 3066500 11 21  5   9.3  991 275  9.2 8  7.1  94    0    0 358 -363  2
4212500 3066500 11 21  6   8.8  990 273 10.6 8  6.7  91    0    0 354 -361  2
4212500 3066500 11 21  7   8.6  990 268 12.8 7  6.2  87    0    0 342 -361  2
4212500 3066500 11 21  8   8.6  990 264 12.4 7  6.1  85    0    0 332 -360  2
4212500 3066500 11 21  9   8.5  990 263 12.6 7  6.1  85    0   14 331 -358  2
4212500 3066500 11 21 10   8.8  989 270 12.9 6  5.9  83    9   58 322 -357  2
4212500 3066500 11 21 11   9.0  989 265 12.8 6  5.7  79   13   82 312 -358  2
4212500 3066500 11 21 12   8.3  989 271 13.1 5  5.6  79    9   94 298 -359  2
4212500 3066500 11 21 13   7.4  989 280 12.8 6  5.3  79    0   78 292 -359  2
4212500 3066500 11 21 14   5.9  989 281 13.1 5  5.1  81   39   80 288 -357  2
4212500 3066500 11 21 15   7.1  989 282 11.5 2  4.9  80   41   51 258 -355  2
4212500 3066500 11 21 16   6.8  989 287 11.5 3  4.6  73    3   19 244 -353  2
4212500 3066500 11 21 17   6.4  989 278 11.2 4  4.5  72    0    0 258 -350  2
4212500 3066500 11 21 18   5.9  990 285 10.1 5  4.6  76    0    0 268 -348  2
4212500 3066500 11 21 19   6.0  990 281  9.2 6  4.6  77    0    0 278 -347  2
4212500 3066500 11 21 20   5.9  990 279  9.2 5  4.5  76    0    0 276 -343  2
4212500 3066500 11 21 21   5.5  990 282  9.7 5  4.4  76    0    0 268 -339  2
4212500 3066500 11 21 22   4.1  990 282 10.0 4  4.5  82    0    0 259 -336  2
4212500 3066500 11 21 23   5.4  990 283 11.1 5  4.5  83    0    0 259 -333  2
4212500 3066500 11 21 24   5.2  990 290 10.3 6  4.4  78    0    0 274 -331  2
4212500 3066500 11 22  1   4.6  990 285 11.6 3  4.0  73    0    0 255 -329  2
4212500 3066500 11 22  2   4.5  991 283 10.6 2  3.7  68    0    0 223 -327  2
4212500 3066500 11 22  3   3.9  990 283  9.5 1  3.4  66    0    0 207 -325  2
4212500 3066500 11 22  4   3.6  990 287  9.4 0  3.4  66    0    0 194 -323  2
4212500 3066500 11 22  5   3.0  990 282  9.3 1  3.4  69    0    0 195 -322  2
4212500 3066500 11 22  6   2.9  989 278  8.0 2  3.4  72    0    0 210 -321  2
4212500 3066500 11 22  7   2.7  989 281  6.4 5  3.5  74    0    0 236 -320  2
4212500 3066500 11 22  8   2.8  988 282  5.7 6  3.5  74    0    0 259 -318  2
4212500 3066500 11 22  9   3.0  988 307  5.0 6  3.5  74    8   26 262 -316  2
4212500 3066500 11 22 10   3.0  987 289  5.2 4  3.5  72   43   60 243 -316  2
4212500 3066500 11 22 11   2.9  987 288  5.8 4  3.4  72  128   61 226 -317  2
4212500 3066500 11 22 12   3.3  987 291  7.8 8  3.4  69    3   87 250 -320  2
4212500 3066500 11 22 13   3.1  987 299  6.5 8  3.2  66    0   27 277 -324  2
4212500 3066500 11 22 14   2.6  986 295  6.7 6  3.1  66    0   51 260 -325  2
4212500 3066500 11 22 15   2.4  986 288  6.2 3  3.1  66   12   58 226 -323  2
4212500 3066500 11 22 16   2.2  986 301  7.1 6  3.0  64    0   16 225 -320  2
4212500 3066500 11 22 17   1.2  987 315  5.4 6  2.9  67    0    0 238 -319  2
4212500 3066500 11 22 18   1.8  987 310  6.2 6  2.9  67    0    0 233 -318  2
4212500 3066500 11 22 19   1.4  987 305  7.2 4  2.6  61    0    0 221 -317  2
4212500 3066500 11 22 20   1.2  988 320  6.2 5  2.6  60    0    0 216 -317  2
4212500 3066500 11 22 21   1.0  988 305  6.2 5  2.5  60    0    0 222 -317  2
4212500 3066500 11 22 22   0.0  988 282  7.2 6  2.6  64    0    0 228 -318  2
4212500 3066500 11 22 23  -0.4  988 263  6.5 6  2.8  74    0    0 235 -318  2
4212500 3066500 11 22 24  -0.4  988 286  5.4 4  3.0  80    0    0 229 -318  2
4212500 3066500 11 23  1   0.5  987 296  5.9 5  3.0  77    0    0 228 -318  2
4212500 3066500 11 23  2   0.6  987 301  5.2 6  3.0  75    0    0 241 -319  2
4212500 3066500 11 23  3   0.7  987 290  5.7 7  3.1  77    0    0 253 -322  2
4212500 3066500 11 23  4   1.5  987 290  5.9 7  3.0  71    0    0 259 -323  2
4212500 3066500 11 23  5   1.4  987 279  4.7 7  2.8  65    0    0 261 -323  2
4212500 3066500 11 23  6   1.6  987 285  5.4 8  2.8  66    0    0 266 -323  2
4212500 3066500 11 23  7   1.5  987 291  5.8 8  3.0  70    0    0 272 -322  2
4212500 3066500 11 23  8   1.1  987 278  5.1 8  3.4  80    0    0 273 -319  2
4212500 3066500 11 23  9  -0.1  987 324  5.0 7  3.7  91    8   31 266 -317  2
4212500 3066500 11 23 10  -0.4  987 337  5.3 3  3.6  94   38   74 239 -316  2
4212500 3066500 11 23 11   0.4  988 340  6.0 4  3.4  86   11   96 225 -317  2
4212500 3066500 11 23 12   1.0  989 340  6.9 5  3.2  77    3   91 237 -318  2
4212500 3066500 11 23 13   1.1  990 343  6.8 6  3.0  72    0   69 248 -321  2
4212500 3066500 11 23 14   0.8  990 339  7.0 6  3.0  71    0   52 252 -324  2
4212500 3066500 11 23 15   1.0  991 349  5.9 3  2.9  71    0   46 239 -325  2
4212500 3066500 11 23 16   0.9  991 342  6.9 5  3.0  73    0    9 236 -324  2
4212500 3066500 11 23 17   1.4  991 341  6.7 4  3.0  72    0    0 241 -323  2
4212500 3066500 11 23 18   1.2  992 338  6.0 3  2.8  66    0    0 232 -322  2
4212500 3066500 11 23 19   1.1  992 336  5.2 3  2.6  62    0    0 226 -321  2
4212500 3066500 11 23 20   1.2  993 337  5.5 4  2.7  64    0    0 230 -318  2
4212500 3066500 11 23 21   1.6  993 344  5.9 5  2.8  66    0    0 241 -316  2
4212500 3066500 11 23 22   1.5  993 339  6.6 7  3.0  68    0    0 256 -315  2
4212500 3066500 11 23 23   1.7  993 338  6.5 7  3.1  71    0    0 269 -314  2
4212500 3066500 11 23 24   1.5  993 355  5.2 7  3.1  71    0    0 271 -313  2
4212500 3066500 11 24  1   1.2  993 351  5.2 8  3.1  73    0    0 276 -312  2
4212500 3066500 11 24  2   1.3  993 343  6.4 6  3.1  74    0    0 270 -311  2
4212500 3066500 11 24  3   1.3  993 345  5.4 5  3.1  73    0    0 256 -310  2
4212500 3066500 11 24  4   1.1  993 339  6.2 3  3.0  71    0    0 243 -309  2
4212500 3066500 11 24  5   0.9  994 340  6.3 3  2.9  69    0    0 232 -308  2
4212500 3066500 11 24  6   0.5  993 333  4.4 3  2.8  68    0    0 230 -307  2
4212500 3066500 11 24  7   0.7  993 320  4.2 3  2.7  66    0    0 227 -306  2
4212500 3066500 11 24  8   0.3  993 312  3.3 2  2.6  66    0    0 221 -307  2
4212500 3066500 11 24  9   0.6  994 318  5.2 2  2.7  68    1   22 215 -309  2
4212500 3066500 11 24 10   1.1  994 324  5.5 2  2.8  69   33   63 213 -313  2
4212500 3066500 11 24 11   1.7  993 310  6.6 2  3.0  70   42   97 214 -318  2
4212500 3066500 11 24 12   2.5  993 309  5.1 3  3.0  66   48  114 221 -323  2
4212500 3066500 11 24 13   1.9  993 300  5.3 3  3.0  66   43  110 226 -328  2
4212500 3066500 11 24 14   2.4  992 290  5.7 2  3.1  69   72   87 220 -330  2
4212500 3066500 11 24 15   1.7  992 281  3.8 3  3.2  72   12   61 220 -328  2
4212500 3066500 11 24 16   1.5  991 266  3.2 7  3.3  76    0    9 245 -324  2
4212500 3066500 11 24 17   1.4  991 266  4.5 7  3.6  84    0    0 268 -320  2
4212500 3066500 11 24 18   1.0  990 291  3.4 6  3.8  91    0    0 266 -318  2
4212500 3066500 11 24 19   0.2  990 272  4.0 6  3.8  93    0    0 262 -317  2
4212500 3066500 11 24 20   0.0  989 235  3.1 6  3.7  95    0    0 264 -316  2
4212500 3066500 11 24 21  -0.1  988 247  3.6 3  3.6  94    0    0 254 -316  2
4212500 3066500 11 24 22  -0.7  988 237  4.2 4  3.5  94    0    0 245 -317  2
4212500 3066500 11 24 23  -0.7  988 233  3.4 5  3.5  95    0    0 251 -318  2
4212500 3066500 11 24 24  -0.8  987 239  4.0 5  3.5  96    0    0 255 -318  2
4212500 3066500 11 25  1  -1.1  987 233  3.8 6  3.6  98    0    0 259 -317  2
4212500 3066500 11 25  2  -1.6  987 249  3.1 5  3.5  99    0    0 258 -316  2
4212500 3066500 11 25  3  -1.6  986 240  3.1 4  3.4  99    0    0 246 -316  2
4212500 3066500 11 25  4  -1.1  986  75  2.3 4  3.5  98    0    0 242 -316  2
4212500 3066500 11 25  5  -1.8  986 188  3.2 6  3.5  98    0    0 256 -316  2
4212500 3066500 11 25  6  -1.8  986 262  3.4 6  3.4  98    0    0 270 -316  2
4212500 3066500 11 25  7  -1.6  986 255  4.5 6  3.4  98    0    0 271 -315  2
4212500 3066500 11 25  8  -1.5  987 258  5.2 6  3.4  98    0    0 271 -314  2
4212500 3066500 11 25  9  -1.0  987 279  3.6 5  3.4  95    1   20 265 -311  2
4212500 3066500 11 25 10   0.0  987 274  3.2 4  3.2  86   34   57 253 -308  2
4212500 3066500 11 25 11   1.4  988 298  3.1 4  3.2  78   48   84 248 -308  2
4212500 3066500 11 25 12   2.0  988 303  5.3 3  3.1  71   99   86 242 -312  2
4212500 3066500 11 25 13   1.7  988 286  5.4 6  3.1  69    4   87 254 -315  2
4212500 3066500 11 25 14   2.0  988 278  5.8 3  3.0  68   16   86 250 -316  2
4212500 3066500 11 25 15   1.7  988 284  4.1 8  2.9  66    4   49 261 -315  2
4212500 3066500 11 25 16   1.1  988 260  5.5 6  3.0  70    0    2 276 -313  2
4212500 3066500 11 25 17   0.8  989 257  6.0 6  3.1  74    0    0 263 -312  2
4212500 3066500 11 25 18   0.7  989 264  8.4 5  3.0  74    0    0 257 -312  2
4212500 3066500 11 25 19   0.3  989 262  5.8 5  3.0  76    0    0 251 -311  2
4212500 3066500 11 25 20   0.0  990 279  4.4 6  3.1  79    0    0 255 -310  2
4212500 3066500 11 25 21   0.7  990 265  3.3 7  3.2  80    0    0 264 -311  2
4212500 3066500 11 25 22   1.3  991 302  6.6 8  3.4  82    0    0 276 -314  2
4212500 3066500 11 25 23   1.3  991 282  6.5 8  3.5  82    0    0 279 -316  2
4212500 3066500 11 25 24   0.8  992 299  5.3 7  3.5  83    0    0 273 -317  2
4212500 3066500 11 26  1   1.0  993 296  3.8 8  3.5  84    0    0 273 -318  2
4212500 3066500 11 26  2   0.7  993 324  2.9 8  3.5  85    0    0 278 -317  2
4212500 3066500 11 26  3   0.6  994 326  5.0 6  3.6  88    0    0 269 -315  2
4212500 3066500 11 26  4   0.2  994 318  5.3 6  3.7  92    0    0 261 -312  2
4212500 3066500 11 26  5   0.4  995 292  2.5 7  3.7  95    0    0 266 -311  2
4212500 3066500 11 26  6   0.5  995 339  4.1 7  3.8  94    0    0 273 -313  2
4212500 3066500 11 26  7   0.5  996 292  4.4 8  3.8  94    0    0 278 -315  2
4212500 3066500 11 26  8   0.7  997 313  3.7 8  3.7  91    0    0 284 -314  2
4212500 3066500 11 26  9   0.5  998 300  3.2 8  3.5  88    4   17 283 -313  2
4212500 3066500 11 26 10   1.3  999 333  3.3 7  3.4  83    0   39 281 -314  2
4212500 3066500 11 26 11   1.8 1000 325  4.5 7  3.4  79    0   33 278 -315  2
4212500 3066500 11 26 12   2.2 1001 328  3.2 6  3.5  79    0   76 278 -317  2
4212500 3066500 11 26 13   2.2 1002 339  5.0 5  3.6  80    4   73 272 -318  2
4212500 3066500 11 26 14   2.2 1003 324  4.5 6  3.6  79   18   63 271 -318  2
4212500 3066500 11 26 15   1.9 1004 333  3.1 5  3.5  79   65   13 270 -317  2
4212500 3066500 11 26 16   0.9 1004 305  3.6 5  3.5  82    0   11 263 -314  2
4212500 3066500 11 26 17   1.1 1005 300  3.4 6  3.5  85    0    0 265 -311  2
4212500 3066500 11 26 18   1.8 1007 300  2.5 7  3.6  85    0    0 273 -309  2
4212500 3066500 11 26 19   2.1 1007 311  2.2 6  3.7  83    0    0 272 -308  2
4212500 3066500 11 26 20   1.8 1008 307  2.9 6  3.8  86    0    0 268 -307  2
4212500 3066500 11 26 21   1.5 1009 297  1.5 7  3.9  91    0    0 271 -307  2
4212500 3066500 11 26 22   1.3 1010 286  1.4 8  3.9  92    0    0 280 -308  2
4212500 3066500 11 26 23   1.5 1010 276  1.8 7  3.8  91    0    0 280 -311  2
4212500 3066500 11 26 24   1.3 1011 318  3.9 5  3.8  91    0    0 268 -313  2
4212500 3066500 11 27  1   1.5 1011 298  2.9 6  3.8  91    0    0 264 -312  2
4212500 3066500 11 27  2   1.0 1012 339  5.2 5  3.6  86    0    0 263 -311  2
4212500 3066500 11 27  3   0.7 1013 259  3.1 2  3.3  83    0    0 246 -311  2
4212500 3066500 11 27  4   0.1 1013 289  6.1 1  3.3  84    0    0 230 -312  2
4212500 3066500 11 27  5  -0.7 1013 241  4.1 1  3.2  88    0    0 225 -313  2
4212500 3066500 11 27  6   0.0 1013 219  4.7 2  3.3  90    0    0 232 -314  2
4212500 3066500 11 27  7   0.1 1013 231  5.6 4  3.5  92    0    0 248 -314  2
4212500 3066500 11 27  8   0.4 1013 224  4.8 5  3.6  94    0    0 265 -315  2
4212500 3066500 11 27  9   0.8 1012 217  4.6 6  3.7  93    0   12 277 -316  2
4212500 3066500 11 27 10   1.2 1012 227  4.9 7  3.7  91    0   40 288 -316  2
4212500 3066500 11 27 11   1.5 1012 219  5.6 7  3.9  93    0   26 296 -319  2
4212500 3066500 11 27 12   2.0 1011 224  7.7 7  4.1  95    0   38 299 -321  2
4212500 3066500 11 27 13   2.7 1011 228  7.6 8  4.3  96    0   34 308 -322  2
4212500 3066500 11 27 14   3.6 1010 252  8.2 8  4.7  98    0   28 319 -324  2
4212500 3066500 11 27 15   4.8 1009 254  9.4 8  5.1  99    0   13 326 -330  2
4212500 3066500 11 27 16   6.1 1009 256  9.9 8  5.6 100    0    2 333 -338  2
4212500 3066500 11 27 17   7.2 1009 255 10.4 8  6.0  99    0    0 339 -343  2
4212500 3066500 11 27 18   7.7 1008 273 10.3 8  6.2  96    0    0 344 -346  2
4212500 3066500 11 27 19   7.7 1009 273 10.3 8  6.4  97    0    0 346 -349  2
4212500 3066500 11 27 20   7.7 1009 271  9.7 8  6.5  99    0    0 348 -350  2
4212500 3066500 11 27 21   7.9 1010 271 10.2 8  6.5  98    0    0 348 -352  2
4212500 3066500 11 27 22   7.8 1010 268  9.1 8  6.3  96    0    0 349 -353  2
4212500 3066500 11 27 23   7.7 1011 269  9.6 8  6.3  96    0    0 349 -353  2
4212500 3066500 11 27 24   7.8 1011 268  8.9 7  6.3  96    0    0 343 -353  2
4212500 3066500 11 28  1   7.9 1011 261  9.3 7  6.3  96    0    0 338 -353  2
4212500 3066500 11 28  2   7.9 1011 261  9.3 7  6.4  96    0    0 338 -353  2
4212500 3066500 11 28  3   8.1 1011 244  9.5 8  6.4  96    0    0 344 -353  2
4212500 3066500 11 28  4   8.0 1011 252  9.2 8  6.4  95    0    0 349 -353  2
4212500 3066500 11 28  5   8.0 1011 244  8.4 8  6.3  95    0    0 349 -353  2
4212500 3066500 11 28  6   7.7 1011 238  7.6 8  6.3  95    0    0 348 -353  2
4212500 3066500 11 28  7   7.6 1011 242  8.4 8  6.2  95    0    0 347 -352  2
4212500 3066500 11 28  8   7.3 1010 222  7.5 8  6.2  96    0    0 347 -351  2
4212500 3066500 11 28  9   7.1 1010 233  7.4 8  6.1  96    0    6 346 -350  2
4212500 3066500 11 28 10   6.9 1010 231  7.2 8  5.9  95    0   21 345 -349  2
4212500 3066500 11 28 11   6.8 1010 231  7.2 8  5.8  94    0   25 344 -348  2
4212500 3066500 11 28 12   6.8 1010 224  7.0 8  5.8  94    0   27 344 -349  2
4212500 3066500 11 28 13   6.7 1010 221  7.0 8  5.8  94    0   30 344 -350  2
4212500 3066500 11 28 14   6.8 1010 228  6.7 8  5.8  94    0   29 343 -349  2
4212500 3066500 11 28 15   6.9 1009 221  6.2 8  5.7  93    0   13 342 -348  2
4212500 3066500 11 28 16   6.9 1009 218  6.0 8  5.7  92    0    1 341 -346  2
4212500 3066500 11 28 17   6.8 1009 219  5.8 8  5.7  92    0    0 341 -345  2
4212500 3066500 11 28 18   6.9 1008 212  6.0 8  5.7  91    0    0 340 -343  2
4212500 3066500 11 28 19   6.9 1008 211  5.9 8  5.6  90    0    0 339 -341  2
4212500 3066500 11 28 20   6.8 1008 211  6.0 8  5.6  90    0    0 337 -340  2
4212500 3066500 11 28 21   6.6 1008 207  5.9 8  5.6  91    0    0 335 -339  2
4212500 3066500 11 28 22   6.5 1008 204  5.9 7  5.5  91    0    0 327 -338  2
4212500 3066500 11 28 23   6.2 1007 209  5.7 7  5.4  91    0    0 320 -337  2
4212500 3066500 11 28 24   5.9 1007 220  5.4 7  5.3  92    0    0 317 -336  2
4212500 3066500 11 29  1   5.5 1014 234  5.1 8  5.2  92    0    0 305 -336  2
4212500 3066500 11 29  2   5.1 1013 247  4.8 8  5.1  93    0    0 313 -336  2
4212500 3066500 11 29  3   4.8 1014 254  4.4 8  5.1  94    0    0 313 -334  2
4212500 3066500 11 29  4   4.5 1013 251  4.1 8  5.1  96    0    0 313 -332  2
4212500 3066500 11 29  5   4.5 1013 245  4.0 8  5.1  96    0    0 314 -331  2
4212500 3066500 11 29  6   4.4 1013 239  2.9 8  5.1  97    0    0 315 -332  2
4212500 3066500 11 29  7   3.7 1013 228  3.9 8  4.9  97    0    0 313 -333  2
4212500 3066500 11 29  8   3.9 1012 225  2.8 7  4.8  97    0    0 306 -335  2
4212500 3066500 11 29  9   4.3 1013 192  2.4 8  4.9  97    0    5 308 -337  2
4212500 3066500 11 29 10   4.6 1013 184  2.4 6  5.1  97    0   24 302 -338  2
4212500 3066500 11 29 11   4.8 1013 185  2.4 8  5.1  97    0   49 303 -341  2
4212500 3066500 11 29 12   5.1 1012 184  2.5 7  5.2  97    0   76 311 -346  2
4212500 3066500 11 29 13   5.1 1012 183  2.2 7  5.3  97    1   81 304 -348  2
4212500 3066500 11 29 14   5.3 1011 207  2.7 7  5.3  96    1   71 306 -349  2
4212500 3066500 11 29 15   5.4 1011 203  2.9 5  5.2  93    5   66 297 -348  2
4212500 3066500 11 29 16   5.0 1011 203  2.5 8  5.1  92    0    8 302 -345  2
4212500 3066500 11 29 17   4.6 1011 188  2.9 7  5.0  93    0    0 310 -343  2
4212500 3066500 11 29 18   4.3 1011 159  2.0 6  4.9  93    0    0 298 -340  2
4212500 3066500 11 29 19   4.4 1010 159  2.0 7  4.9  94    0    0 298 -337  2
4212500 3066500 11 29 20   4.4 1010 153  2.0 8  4.9  94    0    0 308 -334  2
4212500 3066500 11 29 21   4.4 1010 169  1.8 7  4.9  94    0    0 308 -333  2
4212500 3066500 11 29 22   4.4 1010 161  0.5 8  4.9  95    0    0 309 -333  2
4212500 3066500 11 29 23   4.4 1010 171  0.9 8  5.0  95    0    0 316 -334  2
4212500 3066500 11 29 24   4.2 1010 163  0.6 8  4.9  95    0    0 315 -334  2
4212500 3066500 11 30  1   4.2 1010 356  0.5 8  4.9  95    0    0 316 -333  2
4212500 3066500 11 30  2   4.2 1010   6  0.4 6  4.9  95    0    0 306 -334  2
4212500 3066500 11 30  3   4.2 1010  36  1.0 3  5.0  97    0    0 280 -335  2
4212500 3066500 11 30  4   4.3 1010  15  1.6 7  5.0  98    0    0 285 -336  2
4212500 3066500 11 30  5   4.1 1010  18  1.2 7  5.0  97    0    0 306 -336  2
4212500 3066500 11 30  6   3.4 1010 329  1.7 6  4.8  97    0    0 298 -335  2
4212500 3066500 11 30  7   3.8 1010 325  2.1 7  4.8  97    0    0 297 -334  2
4212500 3066500 11 30  8   3.9 1011 355  1.8 7  4.9  98    0    0 302 -333  2
4212500 3066500 11 30  9   4.0 1011 329  2.4 7  5.0  99    0   10 302 -332  2
4212500 3066500 11 30 10   4.1 1012 268  3.1 6  4.9  97    1   54 296 -332  2
4212500 3066500 11 30 11   4.8 1012 256  2.9 6  5.0  95    0   54 292 -336  2
4212500 3066500 11 30 12   5.2 1013 261  2.5 8  5.1  94    0   49 303 -339  2
4212500 3066500 11 30 13   5.1 1013 290  2.8 7  5.0  92    0   40 309 -342  2
4212500 3066500 11 30 14   5.0 1013 273  3.9 7  5.0  91    0   25 302 -343  2
4212500 3066500 11 30 15   4.6 1013 270  3.0 7  4.9  92    0   15 301 -343  2
4212500 3066500 11 30 16   4.2 1014 265  3.4 8  4.8  92    0    3 305 -341  2
4212500 3066500 11 30 17   4.1 1014 265  2.8 8  4.7  92    0    0 308 -338  2
4212500 3066500 11 30 18   4.0 1014 236  3.0 8  4.7  94    0    0 307 -337  2
4212500 3066500 11 30 19   4.1 1015 223  2.8 8  4.7  94    0    0 308 -334  2
4212500 3066500 11 30 20   4.1 1015 225  3.6 7  4.7  93    0    0 303 -331  2
4212500 3066500 11 30 21   4.1 1015 238  3.0 7  4.8  94    0    0 298 -330  2
4212500 3066500 11 30 22   3.9 1016 221  3.0 7  4.8  94    0    0 299 -330  2
4212500 3066500 11 30 23   4.0 1016 230  3.0 7  4.7  94    0    0 299 -331  2
4212500 3066500 11 30 24   4.0 1016 216  3.1 3  4.7  94    0    0 276 -330  2
4212500 3066500 12  1  1   3.5 1016 210  2.8 6  4.7  94    0    0 269 -328  2
4212500 3066500 12  1  2   3.7 1016 238  3.1 4  4.6  94    0    0 272 -327  2
4212500 3066500 12  1  3   3.5 1016 233  2.5 1  4.7  95    0    0 246 -324  2
4212500 3066500 12  1  4   3.6 1016 218  2.6 2  4.7  96    0    0 234 -321  2
4212500 3066500 12  1  5   3.6 1017 217  2.5 4  4.8  98    0    0 249 -320  2
4212500 3066500 12  1  6   3.4 1016 201  2.4 7  4.8  98    0    0 275 -320  2
4212500 3066500 12  1  7   3.4 1017 211  2.8 8  4.7  96    0    0 294 -318  2
4212500 3066500 12  1  8   2.9 1017 205  1.9 6  4.6  98    0    0 288 -317  2
4212500 3066500 12  1  9   3.2 1017 213  3.1 7  4.6  99    0    4 284 -316  2
4212500 3066500 12  1 10   3.2 1017 195  3.2 7  4.6  97    0   22 291 -317  2
4212500 3066500 12  1 11   2.5 1017 187  3.4 7  4.5  97    0   22 290 -319  2
4212500 3066500 12  1 12   3.3 1018 196  3.1 7  4.5  96    0   19 290 -320  2
4212500 3066500 12  1 13   3.0 1017 181  3.3 8  4.6  96    0   27 297 -322  2
4212500 3066500 12  1 14   2.8 1017 173  3.4 8  4.5  97    0   22 301 -323  2
4212500 3066500 12  1 15   2.3 1017 170  3.3 6  4.4  96    0   19 288 -322  2
4212500 3066500 12  1 16   2.3 1017 174  2.9 7  4.3  96    0    4 280 -321  2
4212500 3066500 12  1 17   2.7 1017 182  3.0 8  4.2  93    0    0 289 -321  2
4212500 3066500 12  1 18   2.8 1016 177  3.1 8  4.2  90    0    0 296 -320  2
4212500 3066500 12  1 19   2.7 1016 157  3.2 7  4.2  90    0    0 291 -320  2
4212500 3066500 12  1 20   1.4 1016 179  1.3 7  4.1  92    0    0 284 -320  2
4212500 3066500 12  1 21   0.7 1016 166  2.0 7  3.9  95    0    0 280 -319  2
4212500 3066500 12  1 22   0.9 1016 189  3.1 8  3.9  97    0    0 285 -318  2
4212500 3066500 12  1 23   1.0 1016 198  1.7 8  3.9  96    0    0 293 -317  2
4212500 3066500 12  1 24   1.3 1015 156  1.2 8  3.9  96    0    0 297 -316  2
4212500 3066500 12  2  1   1.3 1014  18  1.3 8  4.0  97    0    0 300 -315  2
4212500 3066500 12  2  2   1.9 1014 128  2.5 7  4.1  95    0    0 299 -315  2
4212500 3066500 12  2  3   2.1 1014 118  3.2 8  4.1  93    0    0 300 -314  2
4212500 3066500 12  2  4   2.0 1013 117  3.5 7  4.1  93    0    0 301 -314  2
4212500 3066500 12  2  5   2.0 1012  99  2.9 8  4.1  94    0    0 302 -313  2
4212500 3066500 12  2  6   2.3 1012 113  3.3 8  4.2  94    0    0 308 -313  2
4212500 3066500 12  2  7   2.6 1012 104  3.3 8  4.2  94    0    0 308 -313  2
4212500 3066500 12  2  8   3.0 1011 107  3.5 8  4.3  94    0    0 310 -313  2
4212500 3066500 12  2  9   3.0 1010 104  3.5 8  4.4  94    0    5 310 -313  2
4212500 3066500 12  2 10   3.1 1010 116  3.4 8  4.5  94    0   19 311 -314  2
4212500 3066500 12  2 11   3.0 1009 116  3.3 7  4.5  94    0   22 307 -316  2
4212500 3066500 12  2 12   3.0 1009 114  2.9 8  4.4  94    0   27 307 -319  2
4212500 3066500 12  2 13   2.8 1008 112  2.7 6  4.4  93    0   56 302 -320  2
4212500 3066500 12  2 14   2.9 1007 123  2.4 8  4.3  92    0   43 303 -322  2
4212500 3066500 12  2 15   3.0 1006 146  2.8 8  4.3  91    0    6 313 -323  2
4212500 3066500 12  2 16   2.8 1006 157  2.7 8  4.3  92    0    1 313 -322  2
4212500 3066500 12  2 17   2.7 1006 168  1.2 8  4.4  93    0    0 310 -323  2
4212500 3066500 12  2 18   2.8 1005 167  2.7 8  4.4  95    0    0 310 -323  2
4212500 3066500 12  2 19   2.9 1004 183  3.2 8  4.5  95    0    0 309 -322  2
4212500 3066500 12  2 20   2.9 1004 182  3.4 8  4.5  94    0    0 309 -323  2
4212500 3066500 12  2 21   3.0 1004 202  4.1 8  4.5  95    0    0 311 -323  2
4212500 3066500 12  2 22   3.2 1004 196  4.3 8  4.6  96    0    0 312 -323  2
4212500 3066500 12  2 23   3.6 1003 222  3.7 7  4.7  96    0    0 310 -323  2
4212500 3066500 12  2 24   3.8 1003 220  4.8 7  4.8  95    0    0 307 -323  2
4212500 3066500 12  3  1   3.9 1003 206  4.2 8  4.8  95    0    0 313 -323  2
4212500 3066500 12  3  2   4.0 1003 214  4.8 7  4.8  94    0    0 315 -323  2
4212500 3066500 12  3  3   3.9 1002 236  4.7 7  4.8  94    0    0 309 -323  2
4212500 3066500 12  3  4   3.9 1002 242  5.5 8  4.7  93    0    0 312 -323  2
4212500 3066500 12  3  5   3.8 1002 242  6.2 8  4.7  92    0    0 316 -322  2
4212500 3066500 12  3  6   3.6 1002 249  6.6 7  4.6  92    0    0 310 -322  2
4212500 3066500 12  3  7   3.0 1002 270  6.9 8  4.5  92    0    0 306 -322  2
4212500 3066500 12  3  8   3.0 1002 264  6.5 7  4.4  92    0    0 304 -322  2
4212500 3066500 12  3  9   3.0 1003 269  5.5 7  4.4  92    0    2 298 -322  2
4212500 3066500 12  3 10   3.5 1003 275  4.8 8  4.4  92    0   34 304 -322  2
4212500 3066500 12  3 11   4.0 1004 255  5.0 6  4.6  92    0   56 301 -323  2
4212500 3066500 12  3 12   4.4 1004 255  5.4 7  4.7  92    0   60 297 -326  2
4212500 3066500 12  3 13   4.6 1004 238  4.9 8  4.8  91    0   27 310 -330  2
4212500 3066500 12  3 14   4.5 1005 245  4.9 8  4.9  92    0   17 317 -333  2
4212500 3066500 12  3 15   4.3 1005 241  3.6 8  4.9  93    0   11 316 -335  2
4212500 3066500 12  3 16   4.3 1005 255  5.2 8  4.9  94    0    2 316 -335  2
4212500 3066500 12  3 17   4.8 1005 251  5.1 8  5.0  94    0    0 315 -334  2
4212500 3066500 12  3 18   5.2 1006 269  5.0 8  5.1  93    0    0 314 -334  2
4212500 3066500 12  3 19   5.2 1006 274  4.9 8  5.1  93    0    0 313 -333  2
4212500 3066500 12  3 20   5.1 1007 264  5.4 8  5.1  93    0    0 312 -333  2
4212500 3066500 12  3 21   5.0 1007 265  5.5 7  5.1  94    0    0 307 -333  2
4212500 3066500 12  3 22   4.9 1008 270  5.2 7  5.1  95    0    0 301 -332  2
4212500 3066500 12  3 23   5.1 1008 259  5.0 7  5.2  95    0    0 301 -331  2
4212500 3066500 12  3 24   5.2 1008 257  4.8 8  5.2  95    0    0 305 -331  2
4212500 3066500 12  4  1   5.3 1008 257  4.7 7  5.3  95    0    0 305 -331  2
4212500 3066500 12  4  2   5.4 1009 254  4.9 7  5.3  95    0    0 298 -330  2
4212500 3066500 12  4  3   5.4 1009 265  6.0 6  5.3  94    0    0 291 -330  2
4212500 3066500 12  4  4   5.2 1009 263  5.5 6  5.2  94    0    0 284 -329  2
4212500 3066500 12  4  5   4.9 1009 256  5.6 7  5.1  94    0    0 289 -326  2
4212500 3066500 12  4  6   4.6 1010 250  5.8 6  5.0  94    0    0 288 -324  2
4212500 3066500 12  4  7   4.1 1010 247  5.0 6  4.9  94    0    0 279 -324  2
4212500 3066500 12  4  8   4.5 1011 255  5.4 6  4.9  94    0    0 279 -327  2
4212500 3066500 12  4  9   4.3 1011 263  6.7 7  4.8  92    0   11 287 -328  2
4212500 3066500 12  4 10   4.3 1011 272  6.4 6  4.8  93    5   49 287 -329  2
4212500 3066500 12  4 11   4.6 1012 258  5.8 7  4.9  94    0   48 288 -331  2
4212500 3066500 12  4 12   5.1 1012 262  5.6 8  5.0  93    0   54 304 -335  2
4212500 3066500 12  4 13   5.4 1013 274  4.8 7  5.1  93    0   74 306 -338  2
4212500 3066500 12  4 14   5.5 1013 248  5.5 7  5.2  93    0   49 301 -339  2
4212500 3066500 12  4 15   5.6 1013 178  4.9 7  5.2  92    0   23 301 -337  2
4212500 3066500 12  4 16   5.4 1014 240  5.4 6  5.1  91    0    3 295 -334  2
4212500 3066500 12  4 17   5.1 1015 200  5.4 7  5.0  91    0    0 296 -330  2
4212500 3066500 12  4 18   5.0 1015 243  5.2 8  4.9  90    0    0 309 -327  2
4212500 3066500 12  4 19   4.7 1016 256  3.3 7  4.9  91    0    0 310 -324  2
4212500 3066500 12  4 20   4.4 1017 235  3.0 7  4.9  93    0    0 306 -322  2
4212500 3066500 12  4 21   4.3 1017 213  3.3 7  4.9  95    0    0 306 -321  2
4212500 3066500 12  4 22   4.9 1018 243  3.2 7  5.1  98    0    0 308 -320  2
4212500 3066500 12  4 23   4.8 1018 253  3.6 7  5.2  98    0    0 308 -317  2
4212500 3066500 12  4 24   4.2 1019 272  3.8 5  5.1  98    0    0 295 -315  2
4212500 3066500 12  5  1   4.8 1019 247  4.2 5  5.1  98    0    0 283 -315  2
4212500 3066500 12  5  2   5.1 1020 261  4.4 6  5.3  99    0    0 290 -315  2
4212500 3066500 12  5  3   4.9 1020 251  5.6 5  5.2  97    0    0 289 -315  2
4212500 3066500 12  5  4   4.6 1020 247  5.3 5  5.0  94    0    0 281 -315  2
4212500 3066500 12  5  5   4.2 1021 235  4.7 5  4.9  94    0    0 278 -314  2
4212500 3066500 12  5  6   3.9 1021 227  5.6 7  4.8  96    0    0 287 -313  2
4212500 3066500 12  5  7   4.0 1021 228  5.3 7  4.8  96    0    0 295 -313  2
4212500 3066500 12  5  8   4.0 1021 211  5.5 8  4.8  95    0    0 297 -312  2
4212500 3066500 12  5  9   4.0 1021 212  6.2 7  4.8  95    0    7 295 -311  2
4212500 3066500 12  5 10   4.1 1021 221  6.1 8  4.8  94    0   28 294 -311  2
4212500 3066500 12  5 11   4.2 1022 227  6.9 8  4.8  95    0   17 297 -313  2
4212500 3066500 12  5 12   4.5 1022 231  7.4 8  5.0  96    0   58 296 -316  2
4212500 3066500 12  5 13   4.7 1022 233  6.9 8  5.1  98    0   29 296 -319  2
4212500 3066500 12  5 14   5.1 1022 241  6.5 8  5.3  99    0   19 296 -320  2
4212500 3066500 12  5 15   5.2 1023 233  5.9 8  5.3  98    0    9 297 -319  2
4212500 3066500 12  5 16   5.2 1023 241  6.2 8  5.3  97    0    2 297 -317  2
4212500 3066500 12  5 17   5.3 1023 239  5.9 8  5.3  96    0    0 297 -314  2
4212500 3066500 12  5 18   5.2 1023 233  5.7 8  5.2  96    0    0 298 -312  2
4212500 3066500 12  5 19   5.3 1023 233  6.0 8  5.2  96    0    0 300 -311  2
4212500 3066500 12  5 20   5.4 1023 233  5.8 8  5.2  95    0    0 303 -311  2
4212500 3066500 12  5 21   5.4 1024 241  5.4 8  5.2  95    0    0 305 -310  2
4212500 3066500 12  5 22   5.4 1024 225  4.9 8  5.2  95    0    0 306 -309  2
4212500 3066500 12  5 23   5.5 1023 226  5.3 8  5.2  95    0    0 307 -308  2
4212500 3066500 12  5 24   5.5 1023 234  5.5 8  5.3  95    0    0 308 -308  2
4212500 3066500 12  6  1   5.3 1023 235  6.8 8  5.2  95    0    0 308 -307  2
4212500 3066500 12  6  2   5.4 1023 244  6.5 8  5.2  95    0    0 307 -307  2
4212500 3066500 12  6  3   5.4 1022 234  6.6 8  5.2  95    0    0 306 -306  2
4212500 3066500 12  6  4   4.8 1022 223  6.2 8  5.1  94    0    0 306 -306  2
4212500 3066500 12  6  5   4.2 1021 221  7.0 8  4.9  94    0    0 305 -305  2
4212500 3066500 12  6  6   4.3 1020 228  6.1 8  4.8  95    0    0 304 -304  2
4212500 3066500 12  6  7   4.7 1020 216  6.9 8  5.0  97    0    0 304 -305  2
4212500 3066500 12  6  8   5.1 1019 211  7.6 7  5.2  97    0    0 300 -306  2
4212500 3066500 12  6  9   5.5 1019 215  7.5 7  5.2  95    0    1 296 -305  2
4212500 3066500 12  6 10   5.7 1018 217  7.3 6  5.3  94    0   13 293 -304  2
4212500 3066500 12  6 11   6.0 1018 216  8.0 6  5.3  92    0   48 289 -306  2
4212500 3066500 12  6 12   6.2 1017 227  7.9 6  5.3  92    7   73 293 -310  2
4212500 3066500 12  6 13   6.3 1017 236  8.4 6  5.5  93    0   61 297 -313  2
4212500 3066500 12  6 14   6.4 1016 239  8.1 6  5.6  94    0   39 300 -314  2
4212500 3066500 12  6 15   6.8 1015 238  8.2 7  5.8  96    0   20 309 -314  2
4212500 3066500 12  6 16   7.4 1015 244  8.4 6  6.0  95    0    1 310 -313  2
4212500 3066500 12  6 17   7.8 1014 255  9.1 8  6.0  93    0    0 317 -312  2
4212500 3066500 12  6 18   7.8 1014 253  9.0 8  6.0  91    0    0 325 -314  2
4212500 3066500 12  6 19   7.5 1015 255  8.9 5  5.8  89    0    0 304 -316  2
4212500 3066500 12  6 20   7.2 1014 263 10.5 4  5.6  88    0    0 277 -318  2
4212500 3066500 12  6 21   7.1 1014 261 10.5 1  5.5  87    0    0 252 -320  2
4212500 3066500 12  6 22   7.1 1014 266 11.6 1  5.4  86    0    0 237 -326  2
4212500 3066500 12  6 23   7.0 1013 267 10.9 1  5.3  86    0    0 239 -330  2
4212500 3066500 12  6 24   7.2 1013 270 11.4 2  5.4  85    0    0 247 -332  2
4212500 3066500 12  7  1   6.8 1014 276 11.4 2  5.4  86    0    0 254 -331  2
4212500 3066500 12  7  2   6.7 1014 277 11.0 2  5.3  87    0    0 254 -329  2
4212500 3066500 12  7  3   6.9 1015 284 10.7 3  5.3  87    0    0 260 -329  2
4212500 3066500 12  7  4   6.6 1015 285  9.2 3  5.3  86    0    0 267 -328  2
4212500 3066500 12  7  5   6.9 1016 284  9.4 5  5.2  86    0    0 279 -329  2
4212500 3066500 12  7  6   6.8 1016 290  9.2 7  5.3  86    0    0 302 -329  2
4212500 3066500 12  7  7   6.7 1017 290  8.5 7  5.3  86    0    0 313 -330  2
4212500 3066500 12  7  8   6.6 1017 283  8.4 6  5.3  87    0    0 305 -330  2
4212500 3066500 12  7  9   6.6 1018 284  7.9 6  5.3  88    0    1 299 -331  2
4212500 3066500 12  7 10   6.8 1018 283  7.9 7  5.4  89    0   32 307 -333  2
4212500 3066500 12  7 11   7.2 1019 284  7.9 7  5.5  88    6   75 313 -335  2
4212500 3066500 12  7 12   7.5 1019 291  7.0 5  5.6  88   26  107 300 -338  2
4212500 3066500 12  7 13   7.4 1020 281  6.9 4  5.6  88   40  113 281 -340  2
4212500 3066500 12  7 14   7.5 1020 278  6.7 6  5.6  88    7   80 286 -341  2
4212500 3066500 12  7 15   7.2 1020 265  6.7 6  5.7  89    0   33 297 -340  2
4212500 3066500 12  7 16   6.9 1020 266  6.5 6  5.6  91    0    1 297 -337  2
4212500 3066500 12  7 17   6.9 1020 269  5.8 7  5.6  91    0    0 302 -334  2
4212500 3066500 12  7 18   6.5 1020 250  6.0 7  5.5  91    0    0 306 -332  2
4212500 3066500 12  7 19   6.9 1020 248  5.2 7  5.5  90    0    0 305 -331  2
4212500 3066500 12  7 20   6.9 1020 238  5.3 7  5.6  91    0    0 308 -329  2
4212500 3066500 12  7 21   6.7 1020 236  5.3 8  5.7  93    0    0 317 -327  2
4212500 3066500 12  7 22   6.8 1020 231  5.1 8  5.7  94    0    0 325 -326  2
4212500 3066500 12  7 23   7.0 1020 240  5.8 7  5.7  93    0    0 322 -325  2
4212500 3066500 12  7 24   7.2 1020 244  6.2 5  5.7  92    0    0 309 -324  2
4212500 3066500 12  8  1   7.3 1021 247  5.5 8  5.7  90    0    0 314 -325  2
4212500 3066500 12  8  2   7.5 1021 237  5.5 7  5.6  89    0    0 324 -326  2
4212500 3066500 12  8  3   7.5 1021 241  5.7 6  5.6  88    0    0 314 -327  2
4212500 3066500 12  8  4   7.7 1020 240  5.9 8  5.6  87    0    0 317 -328  2
4212500 3066500 12  8  5   7.7 1020 241  5.8 7  5.6  86    0    0 319 -329  2
4212500 3066500 12  8  6   7.9 1020 235  6.9 6  5.6  86    0    0 307 -331  2
4212500 3066500 12  8  7   7.8 1020 242  6.7 8  5.7  87    0    0 310 -333  2
4212500 3066500 12  8  8   8.0 1020 249  6.7 8  5.7  87    0    0 318 -333  2
4212500 3066500 12  8  9   7.9 1020 250  6.9 7  5.8  88    0    0 310 -333  2
4212500 3066500 12  8 10   7.7 1021 249  6.8 8  5.9  90    0   19 307 -334  2
4212500 3066500 12  8 11   7.9 1021 249  6.5 6  6.0  92    1   62 301 -334  2
4212500 3066500 12  8 12   8.4 1021 251  6.9 7  6.1  91    1   73 294 -335  2
4212500 3066500 12  8 13   8.5 1021 259  7.5 8  6.3  92    0   17 303 -336  2
4212500 3066500 12  8 14   8.4 1021 265  7.6 8  6.3  92    0   22 306 -337  2
4212500 3066500 12  8 15   7.8 1021 268  7.3 6  6.1  92    2   44 295 -337  2
4212500 3066500 12  8 16   7.8 1021 265  6.3 8  6.0  92    0   11 295 -338  2
4212500 3066500 12  8 17   7.8 1021 252  7.1 8  6.1  93    0    0 305 -339  2
4212500 3066500 12  8 18   7.3 1022 262  7.8 5  5.9  92    0    0 295 -340  2
4212500 3066500 12  8 19   6.9 1022 267  7.4 4  5.7  92    0    0 278 -342  2
4212500 3066500 12  8 20   6.8 1022 267  7.9 4  5.6  92    0    0 271 -343  2
4212500 3066500 12  8 21   6.4 1023 265  8.0 5  5.6  92    0    0 274 -343  2
4212500 3066500 12  8 22   6.1 1023 252  7.6 2  5.4  93    0    0 263 -343  2
4212500 3066500 12  8 23   6.4 1022 260  9.2 1  5.4  93    0    0 243 -342  2
4212500 3066500 12  8 24   6.4 1023 271  8.3 3  5.5  93    0    0 248 -342  2
4212500 3066500 12  9  1   6.3 1023 278  9.3 3  5.5  93    0    0 258 -341  2
4212500 3066500 12  9  2   6.0 1023 267  8.5 3  5.4  93    0    0 259 -339  2
4212500 3066500 12  9  3   6.0 1023 274  9.1 3  5.4  93    0    0 259 -339  2
4212500 3066500 12  9  4   5.8 1023 269  8.7 3  5.4  94    0    0 261 -338  2
4212500 3066500 12  9  5   5.7 1023 270  8.3 2  5.3  94    0    0 255 -337  2
4212500 3066500 12  9  6   5.9 1023 273  7.8 2  5.3  93    0    0 250 -335  2
4212500 3066500 12  9  7   5.9 1024 280  7.6 1  5.3  92    0    0 247 -333  2
4212500 3066500 12  9  8   6.0 1024 283  8.2 2  5.3  92    0    0 248 -331  2
4212500 3066500 12  9  9   5.6 1024 262  7.0 3  5.3  93    4    7 259 -329  2
4212500 3066500 12  9 10   6.1 1025 264  6.9 5  5.3  94   53   13 280 -331  2
4212500 3066500 12  9 11   7.1 1025 281  7.4 6  5.4  91   46   41 301 -335  2
4212500 3066500 12  9 12   7.2 1026 282  7.0 7  5.5  88   12   74 313 -339  2
4212500 3066500 12  9 13   7.4 1025 278  8.0 7  5.5  87   29   68 319 -342  2
4212500 3066500 12  9 14   7.3 1025 279  7.4 7  5.5  88    0   47 318 -342  2
4212500 3066500 12  9 15   7.3 1026 287  6.8 7  5.6  89    0   16 318 -339  2
4212500 3066500 12  9 16   6.9 1026 279  6.5 6  5.6  90    0    2 314 -335  2
4212500 3066500 12  9 17   6.6 1026 278  6.0 5  5.6  92    0    0 306 -332  2
4212500 3066500 12  9 18   6.3 1027 278  6.2 7  5.6  95    0    0 310 -330  2
4212500 3066500 12  9 19   6.0 1027 281  5.8 7  5.6  96    0    0 317 -329  2
4212500 3066500 12  9 20   6.0 1027 275  6.5 7  5.6  97    0    0 318 -328  2
4212500 3066500 12  9 21   5.6 1028 276  6.3 8  5.6  99    0    0 321 -330  2
4212500 3066500 12  9 22   5.6 1028 277  5.4 8  5.6 100    0    0 324 -333  2
4212500 3066500 12  9 23   5.5 1028 278  6.1 6  5.6 100    0    0 315 -335  2
4212500 3066500 12  9 24   5.3 1029 270  5.1 4  5.5 100    0    0 299 -338  2
4212500 3066500 12 10  1   5.1 1029 271  5.2 5  5.4 100    0    0 294 -340  2
4212500 3066500 12 10  2   5.1 1029 277  5.9 8  5.4 100    0    0 311 -341  2
4212500 3066500 12 10  3   4.9 1029 283  5.2 8  5.3 100    0    0 323 -342  2
4212500 3066500 12 10  4   4.9 1029 282  5.1 8  5.3  99    0    0 323 -343  2
4212500 3066500 12 10  5   4.6 1029 279  4.9 6  5.1  97    0    0 314 -344  2
4212500 3066500 12 10  6   4.3 1029 269  4.1 8  4.9  95    0    0 312 -344  2
4212500 3066500 12 10  7   4.0 1029 267  4.6 5  4.8  96    0    0 306 -343  2
4212500 3066500 12 10  8   3.6 1029 234  3.5 5  4.8  97    0    0 291 -342  2
4212500 3066500 12 10  9   3.3 1029 238  3.8 6  4.7  99    0    6 293 -341  2
4212500 3066500 12 10 10   3.8 1029 263  4.2 6  4.8  99    0   26 296 -341  2
4212500 3066500 12 10 11   4.1 1030 256  4.8 7  4.8  97    0   50 301 -342  2
4212500 3066500 12 10 12   4.5 1030 249  4.3 7  4.8  95    5   71 306 -344  2
4212500 3066500 12 10 13   4.6 1029 237  3.4 7  4.8  93    0   61 307 -346  2
4212500 3066500 12 10 14   4.7 1029 238  3.4 8  4.8  92    0   24 311 -346  2
4212500 3066500 12 10 15   4.5 1029 232  3.3 8  4.8  92    0   12 316 -345  2
4212500 3066500 12 10 16   4.5 1028 239  2.7 7  4.7  92    0    3 311 -344  2
4212500 3066500 12 10 17   4.4 1028 288  2.4 7  4.7  92    0    0 306 -343  2
4212500 3066500 12 10 18   4.3 1028 245  2.8 6  4.7  91    0    0 301 -342  2
4212500 3066500 12 10 19   4.2 1028 230  2.8 8  4.6  90    0    0 306 -342  2
4212500 3066500 12 10 20   3.6 1028 343  2.0 8  4.5  91    0    0 316 -341  2
4212500 3066500 12 10 21   3.4 1028 204  3.2 8  4.5  93    0    0 315 -340  2
4212500 3066500 12 10 22   3.2 1028 218  3.2 8  4.4  93    0    0 315 -339  2
4212500 3066500 12 10 23   2.7 1028 208  3.1 8  4.2  92    0    0 314 -339  2
4212500 3066500 12 10 24   2.2 1028 192  2.5 6  4.1  92    0    0 301 -338  2
4212500 3066500 12 11  1   1.9 1027 215  2.5 5  4.0  93    0    0 283 -337  2
4212500 3066500 12 11  2   1.9 1027 195  2.4 5  4.0  93    0    0 277 -335  2
4212500 3066500 12 11  3   2.2 1027 189  3.0 6  4.1  94    0    0 285 -334  2
4212500 3066500 12 11  4   1.9 1026 201  3.3 7  4.1  95    0    0 297 -333  2
4212500 3066500 12 11  5   1.8 1026 193  2.7 7  4.1  97    0    0 302 -332  2
4212500 3066500 12 11  6   1.6 1026 178  3.2 7  4.1  98    0    0 300 -330  2
4212500 3066500 12 11  7   1.2 1026 191  3.7 6  4.0  97    0    0 292 -327  2
4212500 3066500 12 11  8   1.0 1025 208  3.6 8  3.9  96    0    0 295 -323  2
4212500 3066500 12 11  9   0.9 1026 211  3.3 6  3.8  96    0    3 295 -322  2
4212500 3066500 12 11 10   0.8 1026 205  3.3 8  3.8  95    0   18 293 -321  2
4212500 3066500 12 11 11   1.0 1026 227  3.2 8  3.8  95    0   32 301 -324  2
4212500 3066500 12 11 12   1.2 1026 202  2.4 8  3.8  94    0   59 296 -328  2
4212500 3066500 12 11 13   2.2 1025 204  2.0 6  3.9  91   10   93 283 -332  2
4212500 3066500 12 11 14   2.5 1025 171  2.2 4  4.0  90   43   84 264 -332  2
4212500 3066500 12 11 15   2.4 1024 179  1.6 5  4.0  90   10   54 257 -330  2
4212500 3066500 12 11 16   2.2 1024 173  2.0 6  4.0  90    0    8 259 -325  2
4212500 3066500 12 11 17   2.2 1024 175  2.0 4  4.0  91    0    0 254 -321  2
4212500 3066500 12 11 18   1.9 1023 173  2.3 3  4.0  92    0    0 246 -320  2
4212500 3066500 12 11 19   1.6 1023 183  2.4 3  4.0  93    0    0 242 -319  2
4212500 3066500 12 11 20   1.8 1023 184  2.6 2  3.9  92    0    0 239 -317  2
4212500 3066500 12 11 21   0.8 1023 188  2.4 1  3.8  93    0    0 232 -315  2
4212500 3066500 12 11 22   0.6 1023 210  2.7 2  3.7  94    0    0 231 -315  2
4212500 3066500 12 11 23  -0.1 1023 193  2.2 2  3.6  94    0    0 232 -314  2
4212500 3066500 12 11 24  -0.2 1023 196  2.6 0  3.5  95    0    0 226 -314  2
4212500 3066500 12 12  1  -0.2 1023 197  3.1 0  3.5  95    0    0 222 -313  2
4212500 3066500 12 12  2  -0.4 1022 207  3.1 1  3.5  95    0    0 224 -312  2
4212500 3066500 12 12  3  -1.1 1022 233  2.6 1  3.4  95    0    0 224 -311  2
4212500 3066500 12 12  4  -0.8 1022 235  2.8 2  3.4  96    0    0 224 -310  2
4212500 3066500 12 12  5  -0.9 1022 239  4.1 3  3.5  98    0    0 226 -309  2
4212500 3066500 12 12  6  -0.3 1022 255  3.9 6  3.6 100    0    0 228 -309  2
4212500 3066500 12 12  7   0.5 1022 244  3.5 6  3.8 100    0    0 232 -309  2
4212500 3066500 12 12  8   0.4 1022 244  4.5 6  3.9 100    0    0 235 -309  2
4212500 3066500 12 12  9   0.9 1022 237  5.4 7  3.9  99    0    5 238 -310  2
4212500 3066500 12 12 10   1.4 1023 242  5.4 8  4.0  99    0   31 245 -312  2
4212500 3066500 12 12 11   1.8 1023 239  5.0 8  4.2  99    0   28 252 -314  2
4212500 3066500 12 12 12   2.6 1023 247  5.7 8  4.4 100    0   23 260 -317  2
4212500 3066500 12 12 13   3.0 1023 240  5.7 8  4.5  99    0   27 268 -320  2
4212500 3066500 12 12 14   3.3 1023 250  5.9 8  4.6  98    0   25 272 -321  2
4212500 3066500 12 12 15   3.5 1023 250  5.8 8  4.8  99    0   10 276 -322  2
4212500 3066500 12 12 16   3.8 1023 253  5.8 8  4.9 100    0    1 276 -321  2
4212500 3066500 12 12 17   4.3 1023 257  5.6 8  5.0  99    0    0 276 -321  2
4212500 3066500 12 12 18   4.5 1024 265  4.7 8  5.1  99    0    0 276 -321  2
4212500 3066500 12 12 19   5.1 1024 280  3.7 8  5.3 100    0    0 278 -323  2
4212500 3066500 12 12 20   5.2 1025 272  4.2 7  5.3  99    0    0 281 -325  2
4212500 3066500 12 12 21   5.3 1025 274  4.2 7  5.4  99    0    0 281 -328  2
4212500 3066500 12 12 22   5.2 1025 276  4.3 7  5.4  99    0    0 286 -330  2
4212500 3066500 12 12 23   6.0 1025 271  4.6 7  5.7  98    0    0 295 -329  2
4212500 3066500 12 12 24   7.0 1025 264  5.1 7  6.0  96    0    0 297 -329  2
4212500 3066500 12 13  1   8.2 1010 252  5.7 8  6.3  93    0    0 366 -372  2
4212500 3066500 12 13  2   9.1 1010 240  6.2 8  6.6  92    0    0 366 -372  2
4212500 3066500 12 13  3   9.7 1010 231  6.2 8  6.9  91    0    0 364 -373  2
4212500 3066500 12 13  4   9.4 1010 231  5.9 8  6.9  93    0    0 363 -373  2
4212500 3066500 12 13  5   9.4 1009 230  5.3 8  7.0  94    0    0 362 -373  2
4212500 3066500 12 13  6   9.1 1009 229  4.8 8  7.0  97    0    0 363 -374  2
4212500 3066500 12 13  7   9.2 1009 227  4.2 8  7.0  97    0    0 365 -374  2
4212500 3066500 12 13  8   9.2 1009 237  4.1 8  7.1  97    0    0 366 -374  2
4212500 3066500 12 13  9   9.2 1009 210  3.5 8  7.1  98    0    2 367 -374  2
4212500 3066500 12 13 10   9.4 1009 225  2.7 8  7.2  98    0   14 367 -374  2
4212500 3066500 12 13 11  10.0 1009 239  3.7 8  7.3  97    0   29 369 -375  2
4212500 3066500 12 13 12  10.0 1010 228  2.4 7  7.5  97    0   54 366 -375  2
4212500 3066500 12 13 13  10.2 1010 216  3.3 7  7.6  98    0   37 363 -376  2
4212500 3066500 12 13 14  10.6 1010 228  4.4 7  7.7  98    0   23 365 -377  2
4212500 3066500 12 13 15  10.7 1010 222  3.6 7  7.9  98    0   13 366 -377  2
4212500 3066500 12 13 16  10.9 1010 195  4.0 8  7.9  97    0    1 372 -377  2
4212500 3066500 12 13 17  10.7 1010 202  4.5 8  7.9  97    0    0 374 -377  2
4212500 3066500 12 13 18  10.8 1009 199  5.3 8  7.9  97    0    0 373 -377  2
4212500 3066500 12 13 19  11.6 1009 218  5.7 8  8.1  97    0    0 373 -377  2
4212500 3066500 12 13 20  11.9 1009 213  4.6 8  8.3  96    0    0 373 -377  2
4212500 3066500 12 13 21  11.7 1008 210  5.3 8  8.4  97    0    0 372 -376  2
4212500 3066500 12 13 22  11.8 1008 211  4.7 8  8.4  97    0    0 372 -376  2
4212500 3066500 12 13 23  11.7 1008 207  5.2 8  8.3  96    0    0 369 -376  2
4212500 3066500 12 13 24  11.6 1007 210  5.0 8  8.3  96    0    0 366 -375  2
4212500 3066500 12 14  1  11.5 1007 201  6.0 8  8.3  97    0    0 362 -373  2
4212500 3066500 12 14  2  11.0 1006 204  6.0 8  8.2  97    0    0 357 -372  2
4212500 3066500 12 14  3  11.0 1005 200  6.1 8  8.0  97    0    0 353 -371  2
4212500 3066500 12 14  4  10.4 1004 187  5.8 8  7.9  97    0    0 349 -370  2
4212500 3066500 12 14  5   9.9 1003 183  6.4 8  7.6  97    0    0 346 -368  2
4212500 3066500 12 14  6   9.8 1001 182  5.2 8  7.4  97    0    0 344 -366  2
4212500 3066500 12 14  7   9.7 1000 198  6.4 8  7.3  96    0    0 345 -365  2
4212500 3066500 12 14  8  10.0  999 200  7.1 8  7.4  96    0    0 346 -365  2
4212500 3066500 12 14  9   9.9  999 199  7.9 8  7.3  95    0    3 348 -365  2
4212500 3066500 12 14 10  10.3  998 212  8.6 7  7.0  90   58   22 344 -365  2
4212500 3066500 12 14 11  11.1  998 221  9.7 6  6.8  84   32   56 335 -365  2
4212500 3066500 12 14 12  11.1  998 243 12.1 6  6.4  76    8   72 332 -366  2
4212500 3066500 12 14 13  11.4  998 239 10.7 6  5.9  69    0   58 332 -366  2
4212500 3066500 12 14 14  11.3  998 244 11.7 8  5.5  65    0   29 340 -364  2
4212500 3066500 12 14 15  11.2  999 242  9.9 8  5.3  63    0   18 346 -362  2
4212500 3066500 12 14 16  10.9  999 249 11.3 5  5.3  64    0    0 330 -359  2
4212500 3066500 12 14 17  10.2  999 239 10.9 4  5.4  67    0    0 306 -356  2
4212500 3066500 12 14 18   9.7 1000 230 10.8 3  5.5  71    0    0 291 -355  2
4212500 3066500 12 14 19   9.4 1000 221 10.5 4  5.6  75    0    0 283 -355  2
4212500 3066500 12 14 20   9.3 1000 231 10.1 6  5.7  77    0    0 295 -354  2
4212500 3066500 12 14 21   9.3  999 222  9.7 7  5.7  77    0    0 313 -354  2
4212500 3066500 12 14 22   8.8  999 230  6.9 7  5.7  79    0    0 321 -354  2
4212500 3066500 12 14 23   8.5  998 229  8.6 6  5.8  81    0    0 316 -354  2
4212500 3066500 12 14 24   8.6  998 224  7.5 6  5.7  81    0    0 313 -355  2
4212500 3066500 12 15  1   8.2  997 216 10.8 7  5.6  81    0    0 318 -355  2
4212500 3066500 12 15  2   8.2  996 222 10.0 8  5.6  82    0    0 327 -355  2
4212500 3066500 12 15  3   8.5  995 212 10.5 8  5.7  81    0    0 335 -354  2
4212500 3066500 12 15  4   8.4  994 239 12.3 8  5.7  81    0    0 335 -353  2
4212500 3066500 12 15  5   8.1  994 240 11.0 8  5.6  81    0    0 333 -353  2
4212500 3066500 12 15  6   7.8  994 249 11.2 6  5.5  82    0    0 318 -353  2
4212500 3066500 12 15  7   7.5  994 248 10.4 5  5.4  82    0    0 299 -352  2
4212500 3066500 12 15  8   7.3  995 240 10.0 6  5.3  82    0    0 293 -351  2
4212500 3066500 12 15  9   6.9  995 232  9.9 6  5.2  82    0    1 294 -350  2
4212500 3066500 12 15 10   7.1  995 236  8.7 6  5.2  82    0   18 292 -349  2
4212500 3066500 12 15 11   7.1  995 235  8.5 8  5.2  81    0   34 307 -350  2
4212500 3066500 12 15 12   7.4  996 236  8.6 8  5.2  81    0   50 319 -351  2
4212500 3066500 12 15 13   7.6  995 245 10.0 8  5.2  79    0   53 316 -352  2
4212500 3066500 12 15 14   7.8  995 243  9.2 7  5.0  75   15   55 310 -352  2
4212500 3066500 12 15 15   7.6  995 245  8.7 7  4.8  73    0   32 305 -351  2
4212500 3066500 12 15 16   7.0  995 231  7.3 5  4.8  74    0    3 292 -349  2
4212500 3066500 12 15 17   6.9  995 223  7.0 6  4.8  76    0    0 285 -347  2
4212500 3066500 12 15 18   6.6  994 219  6.7 7  4.8  77    0    0 296 -346  2
4212500 3066500 12 15 19   6.0  994 214  6.3 5  4.8  79    0    0 292 -345  2
4212500 3066500 12 15 20   5.5  994 221  6.2 4  4.7  81    0    0 274 -342  2
4212500 3066500 12 15 21   5.5  994 213  6.9 3  4.7  82    0    0 264 -342  2
4212500 3066500 12 15 22   5.2  993 204  7.1 4  4.7  83    0    0 264 -340  2
4212500 3066500 12 15 23   4.8  993 215  7.7 4  4.7  85    0    0 266 -338  2
4212500 3066500 12 15 24   4.4  992 218  6.3 1  4.7  88    0    0 247 -336  2
4212500 3066500 12 16  1   4.5  992 215  4.8 2  4.8  90    0    0 230 -334  2
4212500 3066500 12 16  2   4.4  992 216  6.3 1  4.8  90    0    0 230 -331  2
4212500 3066500 12 16  3   4.0  991 221  5.8 0  4.8  92    0    0 219 -328  2
4212500 3066500 12 16  4   4.5  991 212  6.2 2  4.8  92    0    0 226 -326  2
4212500 3066500 12 16  5   4.3  990 205  6.4 3  4.9  92    0    0 242 -325  2
4212500 3066500 12 16  6   4.5  990 216  6.7 5  5.0  93    0    0 259 -326  2
4212500 3066500 12 16  7   4.7  989 216  7.4 6  4.9  91    0    0 276 -326  2
4212500 3066500 12 16  8   4.3  989 197  8.1 6  4.9  91    0    0 283 -325  2
4212500 3066500 12 16  9   4.6  988 208  7.6 6  4.8  90    0    0 284 -326  2
4212500 3066500 12 16 10   5.5  988 217  7.5 7  4.8  86    0   28 293 -328  2
4212500 3066500 12 16 11   5.8  988 216  7.5 7  4.8  82    5   50 300 -331  2
4212500 3066500 12 16 12   5.8  988 217  8.4 7  4.7  80    0   36 300 -334  2
4212500 3066500 12 16 13   6.0  987 220  8.6 5  4.6  78    0   62 288 -336  2
4212500 3066500 12 16 14   5.5  987 215  7.6 6  4.7  80    0   49 282 -338  2
4212500 3066500 12 16 15   5.1  986 216  6.6 8  4.7  83    0   17 296 -338  2
4212500 3066500 12 16 16   5.2  986 218  7.7 8  4.8  85    0    0 305 -336  2
4212500 3066500 12 16 17   5.0  986 214  6.0 8  4.9  87    0    0 306 -333  2
4212500 3066500 12 16 18   4.4  986 223  6.5 8  4.9  91    0    0 306 -331  2
4212500 3066500 12 16 19   4.9  986 220  6.8 8  5.1  94    0    0 308 -331  2
4212500 3066500 12 16 20   5.4  986 245  7.2 8  5.4  95    0    0 311 -332  2
4212500 3066500 12 16 21   5.3  986 263 10.3 8  5.5  96    0    0 313 -332  2
4212500 3066500 12 16 22   5.9  987 287 11.4 7  5.2  90    0    0 310 -330  2
4212500 3066500 12 16 23   5.4  988 264  9.6 7  4.8  82    0    0 305 -327  2
4212500 3066500 12 16 24   4.8  988 245  8.1 6  4.5  81    0    0 298 -326  2
4212500 3066500 12 17  1   3.5  988 270  6.3 5  4.4  85    0    0 286 -325  2
4212500 3066500 12 17  2   3.1  988 254  7.8 6  4.4  88    0    0 285 -324  2
4212500 3066500 12 17  3   2.9  988 233  6.7 7  4.2  87    0    0 295 -322  2
4212500 3066500 12 17  4   2.5  988 219  8.0 7  4.1  87    0    0 299 -321  2
4212500 3066500 12 17  5   2.5  988 215  9.0 7  4.0  86    0    0 297 -321  2
4212500 3066500 12 17  6   2.2  988 237  7.1 7  4.0  87    0    0 294 -322  2
4212500 3066500 12 17  7   1.4  988 220  6.5 7  4.1  92    0    0 293 -322  2
4212500 3066500 12 17  8   1.5  988 229  6.2 7  4.1  95    0    0 292 -322  2
4212500 3066500 12 17  9   1.8  988 233  6.6 7  4.2  96    0    2 294 -322  2
4212500 3066500 12 17 10   2.5  988 242  6.1 7  4.4  96    0   24 295 -323  2
4212500 3066500 12 17 11   3.4  988 240  5.6 8  4.7  97    0   30 301 -326  2
4212500 3066500 12 17 12   4.6  989 276  4.9 8  5.1  98    0   29 307 -330  2
4212500 3066500 12 17 13   6.1  989 307  7.5 6  5.5  96    3   70 299 -335  2
4212500 3066500 12 17 14   6.3  989 296  8.7 6  5.7  94    3   57 288 -339  2
4212500 3066500 12 17 15   6.2  990 278  7.9 8  5.6  92    0   18 298 -338  2
4212500 3066500 12 17 16   6.0  991 243  8.3 7  5.5  92    0    2 303 -336  2
4212500 3066500 12 17 17   5.9  991 290  9.8 8  5.5  93    0    0 304 -335  2
4212500 3066500 12 17 18   5.9  992 297  9.8 8  5.5  93    0    0 310 -332  2
4212500 3066500 12 17 19   5.7  992 284  8.5 8  5.4  92    0    0 309 -330  2
4212500 3066500 12 17 20   5.4  993 294  7.5 8  5.3  92    0    0 309 -328  2
4212500 3066500 12 17 21   5.1  994 306  5.5 7  5.3  93    0    0 303 -326  2
4212500 3066500 12 17 22   5.0  995 284  6.0 8  5.2  94    0    0 303 -324  2
4212500 3066500 12 17 23   4.9  996 297  5.8 7  5.2  94    0    0 302 -324  2
4212500 3066500 12 17 24   4.9  996 286  4.6 6  5.2  95    0    0 292 -326  2
4212500 3066500 12 18  1   5.0  997 325  3.1 6  5.2  95    0    0 286 -327  2
4212500 3066500 12 18  2   4.5  997 313  2.8 5  5.2  95    0    0 281 -328  2
4212500 3066500 12 18  3   4.1  998 306  0.7 6  5.0  96    0    0 279 -329  2
4212500 3066500 12 18  4   4.0  999 327  2.8 6  4.9  95    0    0 283 -330  2
4212500 3066500 12 18  5   4.2 1000 357  4.5 5  4.9  95    0    0 278 -330  2
4212500 3066500 12 18  6   4.5 1000 332  3.4 6  4.9  93    0    0 280 -329  2
4212500 3066500 12 18  7   4.3 1001 339  4.6 5  4.8  92    0    0 279 -328  2
4212500 3066500 12 18  8   4.2 1002 329  1.9 6  4.8  92    0    0 278 -327  2
4212500 3066500 12 18  9   4.1 1002   8  0.8 5  4.8  93    0    3 276 -326  2
4212500 3066500 12 18 10   3.7 1003 328  0.6 4  4.8  96    7   37 265 -328  2
4212500 3066500 12 18 11   4.1 1004 309  2.7 3  4.9  97   56   68 252 -332  2
4212500 3066500 12 18 12   5.1 1005 281  2.9 2  5.1  95   88   83 242 -335  2
4212500 3066500 12 18 13   6.0 1005 305  2.3 4  5.2  91   21   94 252 -338  2
4212500 3066500 12 18 14   5.8 1005 283  1.9 4  5.2  89    9   75 265 -339  2
4212500 3066500 12 18 15   5.6 1006 298  1.8 6  5.2  91    1   41 277 -338  2
4212500 3066500 12 18 16   5.1 1006 300  1.3 5  5.2  93    0    0 281 -336  2
4212500 3066500 12 18 17   4.5 1007 276  1.3 7  5.1  94    0    0 285 -333  2
4212500 3066500 12 18 18   4.3 1007 279  1.4 6  4.9  94    0    0 288 -332  2
4212500 3066500 12 18 19   4.2 1008 273  1.3 6  4.9  94    0    0 284 -333  2
4212500 3066500 12 18 20   4.2 1008 275  2.6 5  4.9  94    0    0 277 -333  2
4212500 3066500 12 18 21   4.1 1009 275  1.8 6  4.9  95    0    0 276 -333  2
4212500 3066500 12 18 22   3.8 1009 272  1.6 7  4.8  96    0    0 283 -332  2
4212500 3066500 12 18 23   3.5 1010 262  1.5 6  4.7  96    0    0 281 -332  2
4212500 3066500 12 18 24   3.0 1010 226  1.3 3  4.6  95    0    0 256 -330  2
4212500 3066500 12 19  1   2.4 1010 281  2.1 2  4.4  95    0    0 231 -329  2
4212500 3066500 12 19  2   1.9 1011 285  2.1 2  4.3  96    0    0 223 -327  2
4212500 3066500 12 19  3   1.5 1012 296  1.7 0  4.2  98    0    0 208 -327  2
4212500 3066500 12 19  4   0.8 1012 271  2.0 3  4.1 100    0    0 210 -328  2
4212500 3066500 12 19  5   0.7 1013 270  1.1 4  4.0 100    0    0 229 -329  2
4212500 3066500 12 19  6   0.7 1013 296  1.7 4  4.0 100    0    0 234 -330  2
4212500 3066500 12 19  7   0.7 1013 270  1.5 6  4.0 100    0    0 245 -331  2
4212500 3066500 12 19  8   0.6 1013 232  1.9 7  4.0 100    0    0 262 -331  2
4212500 3066500 12 19  9   0.3 1014 357  2.0 5  3.9 100    0    1 254 -329  2
4212500 3066500 12 19 10   0.5 1014 231  2.4 5  3.9 100   14   29 242 -327  2
4212500 3066500 12 19 11   1.6 1015   0  1.4 5  4.1 100   36   55 246 -328  2
4212500 3066500 12 19 12   2.3 1015 350  1.3 4  4.3  99   34   72 245 -330  2
4212500 3066500 12 19 13   3.1 1015 243  2.4 5  4.5  98    4   72 248 -333  2
4212500 3066500 12 19 14   3.0 1015 233  2.4 5  4.6  97    2   61 255 -336  2
4212500 3066500 12 19 15   2.4 1015 190  3.0 5  4.4  96    0   35 256 -336  2
4212500 3066500 12 19 16   2.3 1016 190  2.9 6  4.4  97    0    5 261 -333  2
4212500 3066500 12 19 17   1.9 1016 212  1.8 5  4.4 100    0    0 260 -331  2
4212500 3066500 12 19 18   1.6 1016 222  1.9 5  4.3 100    0    0 252 -329  2
4212500 3066500 12 19 19   1.5 1017 336  1.4 6  4.2 100    0    0 256 -328  2
4212500 3066500 12 19 20   0.8 1017 198  1.5 6  4.1 100    0    0 261 -329  2
4212500 3066500 12 19 21   0.6 1017   4  0.6 5  4.0 100    0    0 253 -330  2
4212500 3066500 12 19 22   0.7 1018 106  1.1 4  4.0 100    0    0 241 -330  2
4212500 3066500 12 19 23   0.9 1018 118  1.0 5  4.0 100    0    0 242 -328  2
4212500 3066500 12 19 24   0.8 1018  22  1.2 5  4.0 100    0    0 250 -325  2
4212500 3066500 12 20  1   0.9 1018   6  0.3 4  3.9  97    0    0 244 -324  2
4212500 3066500 12 20  2   0.8 1019 341  0.5 7  3.8  95    0    0 259 -323  2
4212500 3066500 12 20  3   0.7 1019 268  0.5 8  3.8  96    0    0 285 -322  2
4212500 3066500 12 20  4   0.4 1019 248  1.2 6  3.8  96    0    0 280 -321  2
4212500 3066500 12 20  5   0.1 1019 294  1.4 5  3.7  95    0    0 265 -321  2
4212500 3066500 12 20  6   0.0 1020 318  1.0 5  3.6  95    0    0 262 -320  2
4212500 3066500 12 20  7   1.0 1020 329  0.9 7  3.6  92    0    0 279 -319  2
4212500 3066500 12 20  8   0.4 1020 315  1.5 7  3.6  90    0    0 294 -317  2
4212500 3066500 12 20  9   0.5 1021 313  1.5 7  3.5  91    0    1 294 -317  2
4212500 3066500 12 20 10   0.1 1021   1  0.9 7  3.5  92    1   36 295 -318  2
4212500 3066500 12 20 11   0.6 1022  31  1.7 5  3.7  95    8   81 283 -320  2
4212500 3066500 12 20 12   1.7 1023  21  1.8 4  3.8  94    2   82 268 -323  2
4212500 3066500 12 20 13   2.3 1023  11  1.9 2  4.0  93   21  120 254 -328  2
4212500 3066500 12 20 14   2.5 1023  13  1.8 2  4.2  94    8   89 243 -332  2
4212500 3066500 12 20 15   2.1 1023 342  2.1 4  4.3  97    4   56 255 -331  2
4212500 3066500 12 20 16   2.0 1024  23  1.2 6  4.2  97    0    7 277 -328  2
4212500 3066500 12 20 17   1.3 1025  17  0.5 7  4.1  96    0    0 293 -324  2
4212500 3066500 12 20 18   1.0 1025   9  0.8 5  3.9  96    0    0 284 -322  2
4212500 3066500 12 20 19   1.2 1026  77  1.6 2  3.8  95    0    0 252 -321  2
4212500 3066500 12 20 20   0.6 1026 341  1.2 3  3.8  95    0    0 237 -320  2
4212500 3066500 12 20 21   1.2 1026 115  0.5 7  3.8  95    0    0 266 -320  2
4212500 3066500 12 20 22   1.1 1027  71  1.5 5  3.9  95    0    0 280 -321  2
4212500 3066500 12 20 23   0.8 1027  47  1.6 4  3.8  95    0    0 261 -321  2
4212500 3066500 12 20 24   0.9 1027  91  0.8 6  3.7  94    0    0 266 -320  2
4212500 3066500 12 21  1  -0.3 1028 185  1.5 5  3.7  96    0    0 268 -320  2
4212500 3066500 12 21  2   0.3 1028  78  1.5 4  3.6  98    0    0 256 -319  2
4212500 3066500 12 21  3   0.2 1029  13  1.1 3  3.6  95    0    0 245 -317  2
4212500 3066500 12 21  4  -0.2 1029  92  1.0 2  3.5  95    0    0 232 -316  2
4212500 3066500 12 21  5  -0.3 1029  12  0.5 3  3.5  95    0    0 230 -318  2
4212500 3066500 12 21  6   0.8 1029  36  1.6 6  3.6  94    0    0 254 -319  2
4212500 3066500 12 21  7   0.0 1029 134  0.7 5  3.6  95    0    0 265 -319  2
4212500 3066500 12 21  8   0.6 1029 195  0.8 6  3.5  93    0    0 262 -318  2
4212500 3066500 12 21  9   0.1 1030 200  1.0 6  3.4  89    0    0 266 -318  2
4212500 3066500 12 21 10  -0.2 1030 200  1.2 7  3.4  92   11   40 269 -318  2
4212500 3066500 12 21 11   1.3 1030 179  3.0 5  3.5  91   28   77 265 -319  2
4212500 3066500 12 21 12   0.7 1030 166  2.2 3  3.6  91   45   99 242 -319  2
4212500 3066500 12 21 13   2.3 1030 186  2.0 5  3.8  90    7   89 241 -320  2
4212500 3066500 12 21 14   0.2 1030 187  2.3 5  3.8  93    0   50 246 -320  2
4212500 3066500 12 21 15  -0.1 1030 161  2.7 8  3.7 100    0   26 254 -320  2
4212500 3066500 12 21 16  -0.1 1030 169  2.1 7  3.7  99    0    3 259 -318  2
4212500 3066500 12 21 17  -0.3 1030 156  2.2 8  3.6  99    0    0 256 -315  2
4212500 3066500 12 21 18  -0.2 1030 152  3.0 8  3.7 100    0    0 257 -313  2
4212500 3066500 12 21 19  -0.1 1030 163  2.7 7  3.7 100    0    0 252 -313  2
4212500 3066500 12 21 20   0.1 1030 149  1.9 6  3.7  99    0    0 243 -312  2
4212500 3066500 12 21 21  -0.3 1030 152  2.8 5  3.6  98    0    0 232 -311  2
4212500 3066500 12 21 22   0.5 1031 148  3.3 6  3.6  95    0    0 232 -310  2
4212500 3066500 12 21 23  -0.3 1031 145  2.9 6  3.5  94    0    0 234 -309  2
4212500 3066500 12 21 24  -0.2 1031 132  3.0 3  3.5  95    0    0 221 -308  2
4212500 3066500 12 22  1  -0.8 1031 148  3.8 2  3.4  95    0    0 206 -307  2
4212500 3066500 12 22  2  -1.1 1030 175  2.8 1  3.3  96    0    0 196 -307  2
4212500 3066500 12 22  3  -0.9 1030 164  3.0 0  3.3  95    0    0 189 -307  2
4212500 3066500 12 22  4  -1.5 1031 181  1.7 0  3.2  94    0    0 185 -307  2
4212500 3066500 12 22  5  -2.2 1030 139  1.5 0  3.1  95    0    0 184 -307  2
4212500 3066500 12 22  6  -2.9 1030  95  1.7 1  3.0  96    0    0 186 -307  2
4212500 3066500 12 22  7  -3.0 1030 114  1.3 0  2.9  96    0    0 184 -306  2
4212500 3066500 12 22  8  -2.7 1030  98  2.1 1  2.9  95    0    0 184 -306  2
4212500 3066500 12 22  9  -2.5 1030 106  2.8 1  2.9  95    0    1 188 -306  2
4212500 3066500 12 22 10  -1.4 1031 139  2.7 1  3.0  94    9   39 190 -306  2
4212500 3066500 12 22 11  -0.5 1031 150  2.8 2  3.2  92   42   80 197 -309  2
4212500 3066500 12 22 12   0.5 1031 143  1.6 1  3.4  90   67  102 200 -312  2
4212500 3066500 12 22 13   0.2 1031 165  1.6 2  3.4  88   59  108 202 -314  2
4212500 3066500 12 22 14  -0.8 1031 155  1.5 2  3.3  90   35   93 204 -316  2
4212500 3066500 12 22 15  -0.7 1030 169  1.6 3  3.1  89    9   55 206 -315  2
4212500 3066500 12 22 16  -2.4 1030 153  2.5 6  3.0  91    0    7 220 -313  2
4212500 3066500 12 22 17  -3.4 1030 123  1.4 7  2.9  97    0    0 230 -310  2
4212500 3066500 12 22 18  -3.2 1030 156  1.9 7  2.9  99    0    0 232 -309  2
4212500 3066500 12 22 19  -2.8 1030 147  2.5 8  2.9  98    0    0 234 -308  2
4212500 3066500 12 22 20  -2.4 1030 154  2.7 7  3.0  97    0    0 232 -307  2
4212500 3066500 12 22 21  -2.6 1030 146  2.8 6  3.0  98    0    0 223 -307  2
4212500 3066500 12 22 22  -2.8 1030 154  2.8 7  3.0  98    0    0 222 -306  2
4212500 3066500 12 22 23  -3.1 1030 145  2.8 7  2.9  98    0    0 224 -306  2
4212500 3066500 12 22 24  -2.9 1030 170  3.5 3  2.9  98    0    0 213 -306  2
4212500 3066500 12 23  1  -3.3 1029 165  3.4 6  2.9  97    0    0 210 -306  2
4212500 3066500 12 23  2  -3.6 1029 158  3.6 7  2.8  96    0    0 219 -305  2
4212500 3066500 12 23  3  -2.7 1029 174  3.3 7  2.8  95    0    0 224 -305  2
4212500 3066500 12 23  4  -2.9 1028 169  3.1 5  2.8  94    0    0 220 -304  2
4212500 3066500 12 23  5  -3.5 1028 178  3.4 7  2.7  93    0    0 219 -303  2
4212500 3066500 12 23  6  -3.7 1027 179  3.6 5  2.7  94    0    0 218 -303  2
4212500 3066500 12 23  7  -3.4 1026 180  3.5 3  2.7  95    0    0 206 -302  2
4212500 3066500 12 23  8  -3.5 1026 173  3.1 3  2.7  92    0    0 200 -301  2
4212500 3066500 12 23  9  -3.7 1026 161  3.3 3  2.6  91    0    0 199 -301  2
4212500 3066500 12 23 10  -3.6 1025 167  4.2 3  2.6  90    2   34 199 -302  2
4212500 3066500 12 23 11  -2.9 1024 167  4.6 5  2.6  88   38   81 206 -303  2
4212500 3066500 12 23 12  -2.1 1024 170  3.7 5  2.6  84   50  105 215 -306  2
4212500 3066500 12 23 13  -1.7 1023 167  5.8 6  2.6  81   44  111 219 -308  2
4212500 3066500 12 23 14  -1.7 1021 177  4.8 6  2.6  79   26   94 222 -309  2
4212500 3066500 12 23 15  -1.7 1020 185  2.9 5  2.6  77    3   48 219 -307  2
4212500 3066500 12 23 16  -2.2 1019 192  2.6 6  2.5  78    0    6 218 -304  2
4212500 3066500 12 23 17  -2.8 1019 197  3.2 5  2.5  80    0    0 217 -301  2
4212500 3066500 12 23 18  -3.0 1018 195  3.3 5  2.5  82    0    0 214 -299  2
4212500 3066500 12 23 19  -3.2 1017 206  3.4 7  2.5  84    0    0 219 -299  2
4212500 3066500 12 23 20  -3.4 1016 208  3.1 6  2.5  85    0    0 223 -300  2
4212500 3066500 12 23 21  -3.7 1015 212  2.7 6  2.5  87    0    0 224 -300  2
4212500 3066500 12 23 22  -3.9 1015 218  2.7 6  2.5  88    0    0 219 -298  2
4212500 3066500 12 23 23  -3.8 1014 205  3.2 6  2.5  88    0    0 215 -297  2
4212500 3066500 12 23 24  -3.4 1014 187  4.2 6  2.5  86    0    0 218 -294  2
4212500 3066500 12 24  1  -3.0 1014 161  5.2 6  2.5  84    0    0 282 -303  2
4212500 3066500 12 24  2  -2.4 1013 139  6.4 7  2.5  81    0    0 276 -303  2
4212500 3066500 12 24  3  -2.0 1013 118  7.0 7  2.6  79    0    0 275 -302  2
4212500 3066500 12 24  4  -1.8 1013 114  7.2 7  2.6  78    0    0 274 -302  2
4212500 3066500 12 24  5  -2.1 1012 113  7.3 7  2.6  79    0    0 265 -302  2
4212500 3066500 12 24  6  -2.0 1012 105  7.7 8  2.6  79    0    0 273 -302  2
4212500 3066500 12 24  7  -2.0 1011 108  7.3 8  2.7  82    0    0 290 -303  2
4212500 3066500 12 24  8  -2.3 1011 111  7.7 8  2.6  81    0    0 289 -304  2
4212500 3066500 12 24  9  -2.5 1010 109  7.0 8  2.5  79    0    1 289 -305  2
4212500 3066500 12 24 10  -2.8 1010 107  7.3 8  2.5  79    0   15 290 -306  2
4212500 3066500 12 24 11  -2.4 1009 117  6.9 8  2.5  78    0   25 292 -308  2
4212500 3066500 12 24 12  -2.8 1008 116  6.9 8  2.4  78    0   24 294 -311  2
4212500 3066500 12 24 13  -3.4 1007 113  6.8 7  2.6  84    0   22 287 -313  2
4212500 3066500 12 24 14  -3.3 1006 121  6.6 7  2.7  92    0   20 280 -314  2
4212500 3066500 12 24 15  -3.2 1004 129  6.5 8  2.8  94    0   12 293 -315  2
4212500 3066500 12 24 16  -3.4 1003 136  6.2 8  2.9  95    0    1 303 -316  2
4212500 3066500 12 24 17  -4.0 1003 146  6.5 8  2.8  96    0    0 304 -318  2
4212500 3066500 12 24 18  -4.2 1002 158  5.9 8  2.7  97    0    0 306 -320  2
4212500 3066500 12 24 19  -3.4 1001 158  5.5 8  2.8  97    0    0 308 -321  2
4212500 3066500 12 24 20  -2.9 1001 164  4.1 8  2.9  96    0    0 311 -321  2
4212500 3066500 12 24 21  -2.2 1000 186  4.1 8  3.1  98    0    0 313 -321  2
4212500 3066500 12 24 22  -1.5 1000 192  5.0 7  3.3 100    0    0 309 -321  2
4212500 3066500 12 24 23  -0.4 1000 208  5.1 8  3.6  99    0    0 312 -322  2
4212500 3066500 12 24 24   0.7 1000 224  4.9 8  3.8  99    0    0 322 -323  2
4212500 3066500 12 25  1   1.8 1001 233  6.1 7  4.1  99    0    0 319 -322  2
4212500 3066500 12 25  2   2.5  999 233  6.6 6  4.4  98    0    0 307 -323  2
4212500 3066500 12 25  3   3.1 1000 237  6.5 5  4.6  97    0    0 296 -328  2
4212500 3066500 12 25  4   3.4 1000 246  6.6 2  4.7  96    0    0 273 -332  2
4212500 3066500 12 25  5   3.7 1000 238  6.7 1  4.8  96    0    0 250 -332  2
4212500 3066500 12 25  6   3.7 1000 245  6.5 3  4.8  96    0    0 256 -333  2
4212500 3066500 12 25  7   3.5 1000 240  5.6 4  4.8  96    0    0 273 -336  2
4212500 3066500 12 25  8   3.6 1001 246  6.4 4  4.8  96    0    0 277 -338  2
4212500 3066500 12 25  9   3.7 1001 248  5.8 5  4.8  96    0    2 282 -339  2
4212500 3066500 12 25 10   3.9 1001 236  6.5 6  4.9  96    0   33 295 -340  2
4212500 3066500 12 25 11   3.9 1002 233  6.5 6  4.9  96    4   72 301 -340  2
4212500 3066500 12 25 12   3.9 1003 237  6.7 6  4.9  96    5   95 300 -341  2
4212500 3066500 12 25 13   4.0 1002 235  6.5 7  4.9  96    0   59 306 -343  2
4212500 3066500 12 25 14   3.9 1002 227  5.6 8  5.0  97    0   48 318 -344  2
4212500 3066500 12 25 15   3.6 1002 225  4.5 8  5.0  99    0   22 325 -343  2
4212500 3066500 12 25 16   3.6 1002 217  4.0 5  5.0 100    0    2 303 -342  2
4212500 3066500 12 25 17   2.6 1002 179  2.6 8  4.8 100    0    0 301 -340  2
4212500 3066500 12 25 18   3.0 1001 186  3.9 4  4.7 100    0    0 290 -340  2
4212500 3066500 12 25 19   3.2 1001 178  3.5 8  4.8 100    0    0 291 -339  2
4212500 3066500 12 25 20   3.1 1000 148  3.1 8  4.8 100    0    0 316 -340  2
4212500 3066500 12 25 21   3.2  999 146  3.7 8  4.8 100    0    0 315 -341  2
4212500 3066500 12 25 22   2.9  997 155  2.7 8  4.8 100    0    0 313 -343  2
4212500 3066500 12 25 23   3.7  996 172  3.5 8  4.9 100    0    0 312 -348  2
4212500 3066500 12 25 24   4.4  994 182  3.8 7  5.1  99    0    0 307 -352  2
4212500 3066500 12 26  1   5.1  993 199  4.9 7  5.3  98    0    0 302 -354  2
4212500 3066500 12 26  2   5.7  992 200  5.5 6  5.6  98    0    0 297 -355  2
4212500 3066500 12 26  3   6.4  992 219  6.6 5  5.7  96    0    0 287 -356  2
4212500 3066500 12 26  4   6.5  991 222  6.6 5  5.7  92    0    0 282 -356  2
4212500 3066500 12 26  5   6.9  992 239  7.0 4  5.6  90    0    0 275 -356  2
4212500 3066500 12 26  6   6.5  992 241  6.3 4  5.6  89    0    0 268 -356  2
4212500 3066500 12 26  7   6.1  992 240  5.7 7  5.5  90    0    0 289 -357  2
4212500 3066500 12 26  8   5.8  992 244  4.3 7  5.4  91    0    0 311 -357  2
4212500 3066500 12 26  9   5.5  992 246  5.3 6  5.4  92    0    1 303 -357  2
4212500 3066500 12 26 10   5.1  992 240  4.6 6  5.3  94    0    9 294 -356  2
4212500 3066500 12 26 11   5.1  993 244  4.9 7  5.3  95    0   21 303 -356  2
4212500 3066500 12 26 12   4.7  993 270  4.2 7  5.3  96    0   29 311 -355  2
4212500 3066500 12 26 13   4.6  992 273  4.5 7  5.3  98    0   35 311 -355  2
4212500 3066500 12 26 14   4.6  993 284  3.2 6  5.3  98    0   31 303 -356  2
4212500 3066500 12 26 15   4.3  993 271  3.3 8  5.2  98    0   22 309 -356  2
4212500 3066500 12 26 16   4.2  993 278  3.9 6  5.1  98    0    1 305 -354  2
4212500 3066500 12 26 17   3.9  994 254  3.9 7  5.1  98    0    0 295 -350  2
4212500 3066500 12 26 18   3.8  995 249  3.7 5  5.1  99    0    0 286 -348  2
4212500 3066500 12 26 19   3.8  995 227  2.4 4  5.0  99    0    0 265 -347  2
4212500 3066500 12 26 20   4.0  996 216  3.4 7  5.0  99    0    0 278 -347  2
4212500 3066500 12 26 21   3.5  996 190  3.2 8  5.0  98    0    0 307 -348  2
4212500 3066500 12 26 22   3.3  996 175  3.8 8  4.9  99    0    0 312 -349  2
4212500 3066500 12 26 23   3.7  996 179  4.2 8  4.9 100    0    0 313 -349  2
4212500 3066500 12 26 24   4.2  995 180  4.2 7  5.1  99    0    0 308 -349  2
4212500 3066500 12 27  1   4.7  995 187  5.0 7  5.2  98    0    0 303 -348  2
4212500 3066500 12 27  2   4.7  994 197  4.8 7  5.3  98    0    0 303 -347  2
4212500 3066500 12 27  3   6.0  994 215  6.2 8  5.4  95    0    0 312 -346  2
4212500 3066500 12 27  4   6.2  994 221  7.0 8  5.5  91    0    0 322 -345  2
4212500 3066500 12 27  5   6.5  994 231  7.6 8  5.4  90    0    0 323 -345  2
4212500 3066500 12 27  6   6.2  994 227  7.7 7  5.4  89    0    0 318 -344  2
4212500 3066500 12 27  7   6.3  994 228  8.3 7  5.3  88    0    0 311 -344  2
4212500 3066500 12 27  8   6.3  994 232  8.2 7  5.3  87    0    0 309 -342  2
4212500 3066500 12 27  9   6.2  995 233  7.6 7  5.3  88    0    3 307 -341  2
4212500 3066500 12 27 10   6.3  996 241  7.8 7  5.3  88    3   34 307 -341  2
4212500 3066500 12 27 11   6.4  997 238  6.9 5  5.2  86   26   66 298 -341  2
4212500 3066500 12 27 12   6.4  998 240  7.4 7  5.2  85    0   58 297 -341  2
4212500 3066500 12 27 13   6.4  998 242  7.4 7  5.2  85    0   47 304 -342  2
4212500 3066500 12 27 14   6.3  999 232  5.9 8  5.1  84    0   32 307 -342  2
4212500 3066500 12 27 15   6.1  999 223  6.2 8  5.1  85    0   17 310 -341  2
4212500 3066500 12 27 16   5.9  999 231  5.6 7  5.1  86    0    1 304 -340  2
4212500 3066500 12 27 17   5.7  999 232  6.0 8  5.0  86    0    0 304 -339  2
4212500 3066500 12 27 18   5.3  999 228  5.3 6  4.9  85    0    0 297 -339  2
4212500 3066500 12 27 19   4.6  999 222  6.1 3  4.7  87    0    0 272 -338  2
4212500 3066500 12 27 20   4.8  999 228  6.3 4  4.7  87    0    0 263 -337  2
4212500 3066500 12 27 21   4.7 1000 228  6.3 5  4.7  88    0    0 277 -336  2
4212500 3066500 12 27 22   4.9 1000 228  5.7 6  4.8  88    0    0 290 -337  2
4212500 3066500 12 27 23   4.6  999 232  5.4 6  4.8  88    0    0 296 -338  2
4212500 3066500 12 27 24   4.5  999 229  5.5 5  4.7  89    0    0 291 -338  2
4212500 3066500 12 28  1   4.2  999 218  4.9 4  4.7  89    0    0 280 -339  2
4212500 3066500 12 28  2   4.0  999 211  4.9 4  4.6  90    0    0 274 -339  2
4212500 3066500 12 28  3   3.7  998 190  3.7 5  4.6  90    0    0 278 -339  2
4212500 3066500 12 28  4   3.7  997 190  3.9 6  4.6  92    0    0 288 -338  2
4212500 3066500 12 28  5   3.9  995 183  4.1 7  4.7  93    0    0 299 -338  2
4212500 3066500 12 28  6   4.1  994 189  4.9 8  4.8  94    0    0 313 -339  2
4212500 3066500 12 28  7   4.8  993 200  6.0 8  5.1  95    0    0 322 -340  2
4212500 3066500 12 28  8   5.8  991 220  7.0 7  5.4  95    0    0 322 -341  2
4212500 3066500 12 28  9   6.3  991 229  7.2 7  5.6  93    0    6 320 -342  2
4212500 3066500 12 28 10   6.5  991 239  8.1 6  5.6  91   14   27 315 -343  2
4212500 3066500 12 28 11   6.6  991 230  8.1 5  5.5  88   26   53 303 -344  2
4212500 3066500 12 28 12   6.8  991 241  9.2 8  5.4  86    0   67 315 -346  2
4212500 3066500 12 28 13   6.7  991 243 10.7 8  5.2  83    0   69 331 -348  2
4212500 3066500 12 28 14   5.9  991 253 12.7 8  5.0  82    0   40 328 -348  2
4212500 3066500 12 28 15   4.0  991 272 11.8 8  4.7  85    0    7 323 -348  2
4212500 3066500 12 28 16   3.0  992 290  8.8 8  4.5  90    0    0 318 -347  2
4212500 3066500 12 28 17   3.1  994 283  7.0 8  4.5  92    0    0 315 -346  2
4212500 3066500 12 28 18   3.3  996 286  7.0 8  4.4  91    0    0 314 -343  2
4212500 3066500 12 28 19   2.9  997 290  6.1 8  4.3  90    0    0 311 -339  2
4212500 3066500 12 28 20   2.0  999 310  6.9 7  4.0  87    0    0 301 -339  2
4212500 3066500 12 28 21   1.7 1000 306  6.4 6  3.6  82    0    0 286 -339  2
4212500 3066500 12 28 22   0.7 1002 315  6.7 6  3.3  78    0    0 278 -339  2
4212500 3066500 12 28 23   1.1 1003 314  5.0 4  3.1  75    0    0 264 -339  2
4212500 3066500 12 28 24   0.4 1005 339  7.0 3  2.9  72    0    0 246 -337  2
4212500 3066500 12 29  1  -0.1 1007 319  6.6 1  2.7  71    0    0 227 -333  2
4212500 3066500 12 29  2  -0.3 1009 314  5.3 0  2.7  73    0    0 206 -328  2
4212500 3066500 12 29  3  -0.3 1010 309  4.9 0  2.8  75    0    0 196 -325  2
4212500 3066500 12 29  4  -0.3 1012 309  4.9 1  2.8  77    0    0 202 -321  2
4212500 3066500 12 29  5  -0.4 1014 313  4.1 2  2.8  77    0    0 216 -319  2
4212500 3066500 12 29  6   0.0 1016 320  4.1 3  2.8  75    0    0 230 -315  2
4212500 3066500 12 29  7  -0.7 1016 300  3.0 4  2.7  74    0    0 241 -312  2
4212500 3066500 12 29  8  -1.1 1017 288  2.6 4  2.7  76    0    0 245 -311  2
4212500 3066500 12 29  9  -1.2 1019 273  3.0 4  2.7  78    0    8 242 -310  2
4212500 3066500 12 29 10  -1.0 1020 251  4.3 3  2.8  80   27   35 234 -310  2
4212500 3066500 12 29 11   0.2 1021 248  4.5 1  3.0  81   89   50 212 -311  2
4212500 3066500 12 29 12   0.8 1022 236  4.9 1  3.1  79  127   57 200 -313  2
4212500 3066500 12 29 13   1.4 1022 213  4.0 1  3.1  76  134   60 202 -314  2
4212500 3066500 12 29 14   0.7 1022 224  5.3 2  3.0  75   91   63 207 -315  2
4212500 3066500 12 29 15   0.0 1023 235  4.6 4  3.0  77   27   50 219 -314  2
4212500 3066500 12 29 16  -1.2 1023 207  3.2 5  2.9  81    0    7 230 -311  2
4212500 3066500 12 29 17  -1.2 1023 217  3.9 5  2.8  82    0    0 233 -309  2
4212500 3066500 12 29 18  -1.3 1023 198  3.8 4  2.8  83    0    0 228 -307  2
4212500 3066500 12 29 19  -1.2 1023 187  4.6 7  2.8  83    0    0 238 -307  2
4212500 3066500 12 29 20  -1.2 1022 184  4.5 7  2.8  82    0    0 255 -307  2
4212500 3066500 12 29 21  -1.0 1022 178  4.6 8  2.8  82    0    0 263 -309  2
4212500 3066500 12 29 22  -0.9 1021 178  4.1 8  2.8  81    0    0 273 -311  2
4212500 3066500 12 29 23  -0.6 1020 167  5.1 8  2.9  82    0    0 279 -312  2
4212500 3066500 12 29 24  -0.1 1020 173  5.2 7  3.1  83    0    0 281 -314  2
4212500 3066500 12 30  1  -0.1 1019 182  5.5 7  3.2  85    0    0 283 -316  2
4212500 3066500 12 30  2   0.6 1018 175  6.0 7  3.3  87    0    0 288 -318  2
4212500 3066500 12 30  3   1.1 1017 177  5.6 7  3.5  87    0    0 292 -320  2
4212500 3066500 12 30  4   1.2 1016 189  6.6 7  3.7  91    0    0 296 -321  2
4212500 3066500 12 30  5   1.4 1015 181  5.4 7  3.9  95    0    0 300 -322  2
4212500 3066500 12 30  6   1.9 1014 196  5.9 8  4.1  96    0    0 309 -322  2
4212500 3066500 12 30  7   2.4 1014 191  5.5 8  4.3  96    0    0 320 -324  2
4212500 3066500 12 30  8   2.7 1014 191  4.9 7  4.4  97    0    0 318 -326  2
4212500 3066500 12 30  9   3.2 1013 193  4.7 7  4.6  98    0    2 318 -327  2
4212500 3066500 12 30 10   4.1 1014 193  3.7 7  4.8  97    0   21 318 -329  2
4212500 3066500 12 30 11   4.4 1013 199  4.3 8  4.9  96    0   27 322 -331  2
4212500 3066500 12 30 12   4.9 1013 196  4.9 8  5.0  94    0   43 325 -335  2
4212500 3066500 12 30 13   5.3 1013 196  5.1 7  5.1  93    0   55 319 -340  2
4212500 3066500 12 30 14   5.4 1012 196  4.9 8  5.2  93    0   31 314 -343  2
4212500 3066500 12 30 15   5.7 1012 195  4.8 8  5.2  93    0   17 312 -344  2
4212500 3066500 12 30 16   5.2 1011 189  4.7 8  5.2  93    0    1 307 -344  2
4212500 3066500 12 30 17   4.8 1011 187  4.6 8  5.1  94    0    0 302 -343  2
4212500 3066500 12 30 18   4.7 1010 188  4.5 7  5.1  95    0    0 295 -342  2
4212500 3066500 12 30 19   4.7 1010 186  4.7 7  5.0  94    0    0 288 -341  2
4212500 3066500 12 30 20   4.2 1009 179  5.4 7  4.9  94    0    0 285 -339  2
4212500 3066500 12 30 21   4.3 1008 179  4.7 6  4.9  94    0    0 279 -338  2
4212500 3066500 12 30 22   3.7 1007 178  5.8 3  4.8  94    0    0 267 -338  2
4212500 3066500 12 30 23   3.6 1006 180  5.3 5  4.7  94    0    0 265 -337  2
4212500 3066500 12 30 24   4.2 1006 180  5.4 8  4.7  93    0    0 280 -338  2
4212500 3066500 12 31  1   5.4 1005 188  5.1 7  4.8  89    0    0 291 -339  2
4212500 3066500 12 31  2   5.8 1005 197  5.2 7  4.8  84    0    0 293 -340  2
4212500 3066500 12 31  3   6.3 1004 201  4.9 7  4.8  81    0    0 296 -340  2
4212500 3066500 12 31  4   5.9 1004 195  4.3 7  4.7  80    0    0 297 -338  2
4212500 3066500 12 31  5   6.2 1004 185  3.8 7  4.7  80    0    0 300 -336  2
4212500 3066500 12 31  6   6.0 1004 195  4.3 8  4.7  80    0    0 306 -336  2
4212500 3066500 12 31  7   6.1 1004 198  4.9 7  4.8  81    0    0 308 -338  2
4212500 3066500 12 31  8   6.7 1004 199  5.0 7  4.9  80    0    0 307 -340  2
4212500 3066500 12 31  9   6.2 1004 198  4.7 7  4.9  80    0    1 307 -341  2
4212500 3066500 12 31 10   6.7 1004 206  5.3 7  5.0  82    0   25 307 -342  2
4212500 3066500 12 31 11   6.5 1004 209  6.6 5  5.2  84   23   73 298 -344  2
4212500 3066500 12 31 12   7.3 1005 201  6.7 4  5.2  84   63   93 286 -346  2
4212500 3066500 12 31 13   7.7 1004 206  6.6 6  5.2  81    0   69 295 -349  2
4212500 3066500 12 31 14   6.4 1004 222  9.4 8  5.1  82    0   23 313 -349  2
4212500 3066500 12 31 15   6.1 1004 227  7.0 7  5.0  83    2   46 314 -348  2
4212500 3066500 12 31 16   5.6 1004 230  6.9 5  4.8  83    0    6 298 -346  2
4212500 3066500 12 31 17   5.0 1004 233  6.8 4  4.5  81    0    0 282 -344  2
4212500 3066500 12 31 18   4.4 1005 224  7.4 3  4.3  79    0    0 268 -342  2
4212500 3066500 12 31 19   3.9 1005 232  8.8 5  4.3  83    0    0 270 -340  2
4212500 3066500 12 31 20   4.0 1005 227  7.4 5  4.4  85    0    0 282 -338  2
4212500 3066500 12 31 21   4.0 1006 225  7.2 5  4.4  87    0    0 283 -336  2
4212500 3066500 12 31 22   4.1 1006 224  6.9 6  4.5  88    0    0 279 -335  2
4212500 3066500 12 31 23   3.6 1006 224  6.2 6  4.4  89    0    0 286 -332  2
4212500 3066500 12 31 24   2.9 1006 226  5.4 6  4.2  90    0    0 296 -329  2
