Koordinatensystem : Lambert konform konisch
Rechtswert        : 3856500 Meter
Hochwert          : 2933500 Meter
Hoehenlage        : 1 Meter ueber NN
Erstellung des Datensatzes im Mai 2016

Art des TRY       : mittleres Jahr
Bezugszeitraum    : 1995-2012
Datenbasis        : Beobachtungsdaten Zeitraum 1995-2012

Format: (i7,1x,i7,1x,i2,1x,i2,1x,i2,1x,f5.1,1x,i4,1x,3i,1x,f4.1,1x,i1,1x,f4.1,1x,i3,1x,i4,1x,i4,1x,i3,1x,i4,2x,i1)

Reihenfolge der Parameter:
RW Rechtswert                                                    [m]       {3670500;3671500..4389500}
HW Hochwert                                                      [m]       {2242500;2243500..3179500}
MM Monat                                                                   {1..12}
DD Tag                                                                     {1..28,30,31}
HH Stunde (MEZ)                                                            {1..24}
t  Lufttemperatur in 2m Hoehe ueber Grund                        [GradC]
p  Luftdruck in Standorthoehe                                    [hPa]
WR Windrichtung in 10 m Hoehe ueber Grund                        [Grad]    {0..360;999}
WG Windgeschwindigkeit in 10 m Hoehe ueber Grund                 [m/s]
N  Bedeckungsgrad                                                [Achtel]  {0..8;9}
x  Wasserdampfgehalt, Mischungsverhaeltnis                       [g/kg]
RF Relative Feuchte in 2 m Hoehe ueber Grund                     [Prozent] {1..100}
B  Direkte Sonnenbestrahlungsstaerke (horiz. Ebene)              [W/m^2]   abwaerts gerichtet: positiv
D  Diffuse Sonnenbetrahlungsstaerke (horiz. Ebene)               [W/m^2]   abwaerts gerichtet: positiv
A  Bestrahlungsstaerke d. atm. Waermestrahlung (horiz. Ebene)    [W/m^2]   abwaerts gerichtet: positiv
E  Bestrahlungsstaerke d. terr. Waermestrahlung                  [W/m^2]   aufwaerts gerichtet: negativ
IL Qualitaetsbit bezueglich der Auswahlkriterien                           {0;1;2;3;4}


     RW      HW MM DD HH     t    p  WR   WG N    x  RF    B    D   A    E IL
*** 
3856500 2933500  1  1  1   1.2 1031 261  4.5 6  4.0  98    0    0 247 -281  1
3856500 2933500  1  1  2   0.0 1031 273  4.5 5  3.7  99    0    0 242 -281  1
3856500 2933500  1  1  3  -1.0 1031 281  4.5 4  3.5 100    0    0 227 -282  1
3856500 2933500  1  1  4  -1.3 1031 273  4.4 4  3.4 100    0    0 223 -282  1
3856500 2933500  1  1  5  -1.5 1032 269  4.4 3  3.4 100    0    0 223 -282  1
3856500 2933500  1  1  6  -1.9 1032 260  4.0 1  3.3 100    0    0 214 -282  1
3856500 2933500  1  1  7  -1.6 1032 270  4.9 0  3.3 100    0    0 204 -283  1
3856500 2933500  1  1  8  -0.1 1032 267  4.9 2  3.5  99    0    0 211 -284  1
3856500 2933500  1  1  9  -0.1 1033 263  5.5 2  3.7  99    0    0 219 -285  1
3856500 2933500  1  1 10   0.3 1033 266  6.0 2  3.7  99    4   26 220 -286  1
3856500 2933500  1  1 11   1.6 1033 262  5.8 5  3.9  97    0   43 230 -288  1
3856500 2933500  1  1 12   2.2 1033 260  7.1 5  4.0  93   87   38 241 -292  1
3856500 2933500  1  1 13   2.4 1033 259  7.4 6  4.0  92   92   42 249 -296  1
3856500 2933500  1  1 14   2.5 1033 260  8.1 7  4.0  91    4   67 257 -300  1
3856500 2933500  1  1 15   2.6 1032 263  7.9 7  4.0  90    0   41 259 -302  1
3856500 2933500  1  1 16   2.3 1032 259  7.9 6  4.0  91    0   19 253 -302  1
3856500 2933500  1  1 17   2.4 1032 266  8.3 6  4.0  92    0    0 248 -301  1
3856500 2933500  1  1 18   2.5 1031 265  7.7 6  4.1  92    0    0 247 -300  1
3856500 2933500  1  1 19   2.5 1031 263  8.1 7  4.1  92    0    0 250 -299  1
3856500 2933500  1  1 20   2.7 1031 266  8.0 7  4.1  92    0    0 254 -297  1
3856500 2933500  1  1 21   2.9 1031 276  8.0 8  4.1  90    0    0 257 -295  1
3856500 2933500  1  1 22   3.5 1031 275  8.1 7  4.1  88    0    0 260 -293  1
3856500 2933500  1  1 23   3.6 1031 269  8.3 7  4.1  85    0    0 261 -292  1
3856500 2933500  1  1 24   3.3 1031 278  7.7 7  4.0  84    0    0 262 -290  1
3856500 2933500  1  2  1   3.5 1031 279  8.6 7  4.0  83    0    0 263 -288  1
3856500 2933500  1  2  2   3.3 1030 284  7.9 8  4.0  83    0    0 266 -285  1
3856500 2933500  1  2  3   3.5 1030 287  8.3 7  4.0  83    0    0 267 -283  1
3856500 2933500  1  2  4   3.7 1030 285  7.9 7  4.0  83    0    0 269 -282  1
3856500 2933500  1  2  5   3.7 1030 287  7.2 7  4.1  84    0    0 272 -281  1
3856500 2933500  1  2  6   3.8 1030 285  7.4 8  4.2  86    0    0 281 -280  1
3856500 2933500  1  2  7   4.0 1030 288  6.9 6  4.3  87    0    0 285 -279  1
3856500 2933500  1  2  8   4.2 1030 292  6.5 6  4.4  88    0    0 282 -279  1
3856500 2933500  1  2  9   4.5 1031 303  5.7 7  4.5  88    0    0 290 -279  1
3856500 2933500  1  2 10   4.4 1031 295  5.8 7  4.6  89    0   15 298 -280  1
3856500 2933500  1  2 11   4.3 1032 331  4.7 8  4.7  92    0   27 304 -283  1
3856500 2933500  1  2 12   4.3 1032 337  3.3 8  4.8  94    0   41 309 -287  1
3856500 2933500  1  2 13   4.4 1033 324  3.6 8  4.9  96    0   29 308 -291  1
3856500 2933500  1  2 14   4.6 1033  15  3.5 8  4.9  95    0   50 307 -294  1
3856500 2933500  1  2 15   4.3 1033  63  3.7 5  4.7  91    9   75 291 -297  1
3856500 2933500  1  2 16   3.2 1033  70  3.2 5  4.2  86    0   22 273 -299  1
3856500 2933500  1  2 17   1.8 1034  76  3.2 4  3.7  84    0    0 263 -301  1
3856500 2933500  1  2 18   0.4 1035  86  2.8 3  3.4  83    0    0 248 -301  1
3856500 2933500  1  2 19  -0.5 1035  81  3.2 2  3.1  84    0    0 233 -300  1
3856500 2933500  1  2 20  -1.2 1036 167  2.8 1  2.9  84    0    0 219 -298  1
3856500 2933500  1  2 21  -1.5 1036 166  3.1 1  2.8  84    0    0 212 -298  1
3856500 2933500  1  2 22  -1.9 1037 117  3.9 1  2.8  84    0    0 211 -301  1
3856500 2933500  1  2 23  -2.4 1037 124  3.5 1  2.7  86    0    0 210 -305  1
3856500 2933500  1  2 24  -2.7 1037 112  4.2 1  2.7  88    0    0 210 -308  1
3856500 2933500  1  3  1  -3.1 1038 115  4.1 2  2.7  89    0    0 212 -306  1
3856500 2933500  1  3  2  -3.4 1038 108  4.9 2  2.6  89    0    0 213 -303  1
3856500 2933500  1  3  3  -3.6 1038 112  5.1 2  2.5  89    0    0 210 -298  1
3856500 2933500  1  3  4  -3.9 1038 113  4.9 1  2.5  89    0    0 205 -293  1
3856500 2933500  1  3  5  -4.2 1038 114  5.1 1  2.4  89    0    0 201 -289  1
3856500 2933500  1  3  6  -4.2 1038 117  5.4 0  2.4  88    0    0 200 -286  1
3856500 2933500  1  3  7  -4.5 1038 124  5.3 0  2.3  87    0    0 198 -284  1
3856500 2933500  1  3  8  -4.7 1038 122  5.8 0  2.3  89    0    0 198 -283  1
3856500 2933500  1  3  9  -4.7 1038 120  5.3 0  2.3  89    0    0 197 -282  1
3856500 2933500  1  3 10  -4.1 1039 122  5.1 1  2.3  88    8   32 199 -280  1
3856500 2933500  1  3 11  -2.6 1039 119  5.0 0  2.4  84   67   53 200 -280  1
3856500 2933500  1  3 12  -1.9 1039 127  5.6 1  2.4  78  119   56 201 -283  1
3856500 2933500  1  3 13  -1.4 1039 128  6.7 1  2.4  73  125   63 202 -286  1
3856500 2933500  1  3 14  -1.3 1039 130  6.0 2  2.3  70  136   42 202 -288  1
3856500 2933500  1  3 15  -1.4 1039 127  6.1 3  2.3  70  112   27 205 -288  1
3856500 2933500  1  3 16  -1.8 1038 126  5.9 3  2.3  70   20   25 206 -286  1
3856500 2933500  1  3 17  -2.6 1039 121  5.3 4  2.3  73    0    1 207 -282  1
3856500 2933500  1  3 18  -3.2 1039 115  5.6 4  2.3  76    0    0 207 -280  1
3856500 2933500  1  3 19  -3.2 1039 124  6.2 3  2.2  77    0    0 206 -278  1
3856500 2933500  1  3 20  -3.4 1039 131  5.4 2  2.2  78    0    0 203 -276  1
3856500 2933500  1  3 21  -4.0 1039 129  5.2 1  2.2  79    0    0 199 -275  1
3856500 2933500  1  3 22  -4.6 1038 130  4.5 1  2.2  81    0    0 196 -274  1
3856500 2933500  1  3 23  -5.2 1038 123  4.6 1  2.2  84    0    0 195 -273  1
3856500 2933500  1  3 24  -5.5 1038 121  4.5 0  2.1  86    0    0 192 -273  1
3856500 2933500  1  4  1  -5.9 1038 121  4.7 0  2.1  87    0    0 190 -272  1
3856500 2933500  1  4  2  -6.3 1037 122  4.7 0  2.0  87    0    0 189 -272  1
3856500 2933500  1  4  3  -6.7 1037 118  3.9 0  2.0  87    0    0 188 -272  1
3856500 2933500  1  4  4  -7.1 1037 118  3.9 0  1.9  87    0    0 186 -272  1
3856500 2933500  1  4  5  -7.5 1037 117  3.5 1  1.9  87    0    0 188 -272  1
3856500 2933500  1  4  6  -7.6 1037 119  3.8 0  1.8  87    0    0 187 -272  1
3856500 2933500  1  4  7  -8.0 1037 121  3.6 0  1.8  86    0    0 185 -272  1
3856500 2933500  1  4  8  -8.1 1036 123  3.5 0  1.8  87    0    0 184 -272  1
3856500 2933500  1  4  9  -8.4 1037 119  3.4 0  1.7  87    0    0 183 -272  1
3856500 2933500  1  4 10  -7.1 1037 128  3.7 0  1.8  85    9   32 183 -272  1
3856500 2933500  1  4 11  -5.1 1037 129  3.9 0  1.8  76   82   42 186 -275  1
3856500 2933500  1  4 12  -3.8 1037 132  3.7 1  1.8  69  147   33 191 -279  1
3856500 2933500  1  4 13  -2.2 1037 133  3.7 0  1.8  62  160   35 194 -284  1
3856500 2933500  1  4 14  -1.0 1037 151  3.8 1  1.8  56  154   31 196 -288  1
3856500 2933500  1  4 15  -0.5 1036 144  2.8 0  1.8  52  112   23 198 -289  1
3856500 2933500  1  4 16  -1.6 1036 120  2.7 1  1.9  54   26   22 199 -288  1
3856500 2933500  1  4 17  -3.7 1036 135  2.6 1  1.9  61    0    1 201 -285  1
3856500 2933500  1  4 18  -4.4 1037 131  2.7 1  1.9  68    0    0 198 -282  1
3856500 2933500  1  4 19  -5.4 1036 120  3.0 1  1.9  75    0    0 197 -281  1
3856500 2933500  1  4 20  -5.9 1037 130  2.7 0  1.9  79    0    0 192 -280  1
3856500 2933500  1  4 21  -6.5 1036 120  3.0 0  1.9  82    0    0 188 -279  1
3856500 2933500  1  4 22  -7.1 1037 126  3.0 0  1.9  85    0    0 185 -278  1
3856500 2933500  1  4 23  -6.9 1037 127  2.9 0  1.9  85    0    0 185 -278  1
3856500 2933500  1  4 24  -7.8 1037 140  2.9 0  1.8  86    0    0 182 -277  1
3856500 2933500  1  5  1  -8.1 1037 213  2.8 0  1.8  87    0    0 179 -276  1
3856500 2933500  1  5  2  -7.9 1037 171  2.9 0  1.7  86    0    0 179 -276  1
3856500 2933500  1  5  3  -8.1 1037 156  2.4 0  1.7  86    0    0 180 -276  1
3856500 2933500  1  5  4  -8.7 1037 173  2.4 0  1.7  87    0    0 180 -276  1
3856500 2933500  1  5  5  -8.0 1037 178  2.6 0  1.7  86    0    0 180 -276  1
3856500 2933500  1  5  6  -8.5 1037 177  2.5 0  1.7  86    0    0 180 -277  1
3856500 2933500  1  5  7  -8.8 1037 178  2.6 0  1.7  88    0    0 179 -277  1
3856500 2933500  1  5  8  -8.1 1037 216  3.4 0  1.7  88    0    0 181 -278  1
3856500 2933500  1  5  9  -8.2 1037 213  2.9 0  1.7  86    0    0 182 -280  1
3856500 2933500  1  5 10  -6.4 1037 213  3.2 1  1.8  83    9   33 188 -281  1
3856500 2933500  1  5 11  -4.0 1037 221  3.6 2  1.9  74   61   60 196 -284  1
3856500 2933500  1  5 12  -2.1 1037 220  3.7 2  2.0  68  106   69 204 -289  1
3856500 2933500  1  5 13  -0.6 1037 218  3.8 2  2.2  66  119   72 209 -294  1
3856500 2933500  1  5 14   0.5 1037 236  3.8 3  2.4  65  128   53 216 -298  1
3856500 2933500  1  5 15   0.4 1036 227  3.5 2  2.6  67   83   45 220 -299  1
3856500 2933500  1  5 16   0.0 1036 224  3.6 3  2.7  71   22   27 220 -298  1
3856500 2933500  1  5 17  -0.1 1036 213  3.4 5  2.7  74    0    2 230 -296  1
3856500 2933500  1  5 18  -0.5 1036 226  4.0 6  2.7  75    0    0 241 -294  1
3856500 2933500  1  5 19  -0.4 1036 222  3.8 7  2.8  77    0    0 252 -293  1
3856500 2933500  1  5 20  -0.1 1036 218  3.9 7  2.9  80    0    0 261 -293  1
3856500 2933500  1  5 21  -0.2 1036 225  4.0 8  3.0  81    0    0 270 -294  1
3856500 2933500  1  5 22   0.8 1036 231  4.3 7  3.1  83    0    0 274 -295  1
3856500 2933500  1  5 23   0.5 1036 220  4.3 7  3.3  84    0    0 274 -297  1
3856500 2933500  1  5 24   0.6 1036 230  4.5 7  3.3  86    0    0 278 -299  1
3856500 2933500  1  6  1   0.8 1035 229  4.9 7  3.4  86    0    0 280 -299  1
3856500 2933500  1  6  2   1.0 1035 230  5.0 8  3.5  87    0    0 290 -301  1
3856500 2933500  1  6  3   0.9 1034 232  5.0 7  3.5  89    0    0 293 -304  1
3856500 2933500  1  6  4   0.9 1034 235  5.2 8  3.6  91    0    0 294 -307  1
3856500 2933500  1  6  5   1.0 1034 236  5.6 7  3.7  92    0    0 296 -310  1
3856500 2933500  1  6  6   1.0 1033 242  5.5 5  3.8  95    0    0 282 -312  1
3856500 2933500  1  6  7   1.2 1033 240  5.4 7  4.0  99    0    0 284 -314  1
3856500 2933500  1  6  8   1.1 1033 240  4.9 7  4.0 100    0    0 297 -316  1
3856500 2933500  1  6  9   1.4 1033 227  4.8 7  4.1 100    0    0 299 -317  1
3856500 2933500  1  6 10   1.4 1032 247  4.3 8  4.1 100    0   26 307 -317  1
3856500 2933500  1  6 11   1.7 1033 251  4.4 8  4.2 100    0   22 313 -317  1
3856500 2933500  1  6 12   2.5 1033 262  4.0 5  4.3  99    0   24 304 -318  1
3856500 2933500  1  6 13   2.3 1033 259  3.5 8  4.4  99    0   24 306 -318  1
3856500 2933500  1  6 14   2.9 1033 279  3.0 8  4.5 100    0   39 321 -318  1
3856500 2933500  1  6 15   3.8 1033 285  3.2 7  4.7 100    0   30 320 -318  1
3856500 2933500  1  6 16   3.5 1033 279  2.6 8  4.8 100    1   25 322 -318  1
3856500 2933500  1  6 17   3.7 1033 263  2.8 7  4.8  99    0    0 322 -318  1
3856500 2933500  1  6 18   3.6 1033 288  3.2 8  4.7  98    0    0 322 -318  1
3856500 2933500  1  6 19   3.7 1033 301  2.8 8  4.8  99    0    0 328 -318  1
3856500 2933500  1  6 20   3.5 1033 291  3.7 8  4.8 100    0    0 329 -318  1
3856500 2933500  1  6 21   3.6 1032 276  3.6 8  4.8 100    0    0 331 -318  1
3856500 2933500  1  6 22   3.6 1033 282  3.0 8  4.8  99    0    0 333 -318  1
3856500 2933500  1  6 23   3.4 1033 293  3.5 8  4.7  99    0    0 333 -318  1
3856500 2933500  1  6 24   3.3 1033 298  3.2 8  4.7  99    0    0 331 -317  1
3856500 2933500  1  7  1   3.3 1034 303  3.3 8  4.7  99    0    0 330 -317  1
3856500 2933500  1  7  2   3.0 1033 285  2.4 8  4.6  99    0    0 329 -317  1
3856500 2933500  1  7  3   2.7 1033 278  3.3 7  4.6 100    0    0 318 -316  1
3856500 2933500  1  7  4   2.7 1033 278  3.1 7  4.5 100    0    0 308 -316  1
3856500 2933500  1  7  5   2.8 1033 286  2.9 7  4.5  99    0    0 307 -315  1
3856500 2933500  1  7  6   2.5 1033 272  2.5 8  4.5 100    0    0 312 -315  1
3856500 2933500  1  7  7   2.5 1033 284  2.2 7  4.5 100    0    0 310 -315  1
3856500 2933500  1  7  8   2.4 1034 272  2.0 8  4.4 100    0    0 309 -315  1
3856500 2933500  1  7  9   2.6 1034 282  1.8 8  4.4 100    0    0 314 -315  1
3856500 2933500  1  7 10   2.8 1034 271  1.5 7  4.5 100    1   33 310 -314  1
3856500 2933500  1  7 11   3.4 1034 279  1.6 7  4.6 100    1   59 307 -316  1
3856500 2933500  1  7 12   4.1 1034 279  1.6 6  4.8  99    0   73 305 -317  1
3856500 2933500  1  7 13   4.4 1034 291  1.1 7  5.0  99    0   62 306 -318  1
3856500 2933500  1  7 14   4.7 1034 315  1.2 7  5.1  98    0   48 311 -318  1
3856500 2933500  1  7 15   4.7 1034 327  1.2 7  5.0  97    0   33 312 -318  1
3856500 2933500  1  7 16   4.0 1034 290  1.2 7  4.9  97    0   12 310 -318  1
3856500 2933500  1  7 17   3.6 1034 231  1.4 6  4.8  98    0    0 303 -318  1
3856500 2933500  1  7 18   3.1 1035 323  0.9 7  4.6  98    0    0 301 -318  1
3856500 2933500  1  7 19   2.7 1035 292  1.4 6  4.5  99    0    0 300 -318  1
3856500 2933500  1  7 20   2.8 1034   7  1.5 7  4.5  99    0    0 298 -318  1
3856500 2933500  1  7 21   2.4 1034 346  1.1 7  4.4  99    0    0 303 -318  1
3856500 2933500  1  7 22   2.1 1034 334  0.9 7  4.3  99    0    0 302 -318  1
3856500 2933500  1  7 23   2.2 1034  65  1.2 7  4.2  98    0    0 303 -317  1
3856500 2933500  1  7 24   1.7 1034   8  1.5 8  4.2  99    0    0 307 -317  1
3856500 2933500  1  8  1   1.7 1034 112  1.4 8  4.2  99    0    0 312 -317  1
3856500 2933500  1  8  2   1.6 1034 276  1.6 8  4.1  99    0    0 310 -317  1
3856500 2933500  1  8  3   1.8 1034 326  1.5 8  4.1  99    0    0 310 -317  1
3856500 2933500  1  8  4   2.0 1034 344  1.6 7  4.1  97    0    0 304 -317  1
3856500 2933500  1  8  5   1.7 1034 346  1.2 7  4.1  97    0    0 298 -316  1
3856500 2933500  1  8  6   1.5 1034 342  1.2 7  4.1  98    0    0 297 -315  1
3856500 2933500  1  8  7   1.3 1034  37  1.3 7  4.0  98    0    0 296 -314  1
3856500 2933500  1  8  8   1.7 1034 319  1.0 7  4.0  98    0    0 296 -313  1
3856500 2933500  1  8  9   1.4 1034 193  1.3 8  4.0  97    0    0 301 -312  1
3856500 2933500  1  8 10   2.0 1035 251  1.9 7  4.0  96    0   19 300 -312  1
3856500 2933500  1  8 11   2.5 1035 179  1.6 8  4.1  95    0   41 301 -313  1
3856500 2933500  1  8 12   2.9 1036 169  1.4 8  4.2  93    0   39 307 -315  1
3856500 2933500  1  8 13   2.9 1036 193  1.9 8  4.2  92    0   36 308 -317  1
3856500 2933500  1  8 14   2.7 1036 204  1.9 8  4.1  91    0   45 308 -317  1
3856500 2933500  1  8 15   2.8 1035 165  2.1 8  4.1  92    0   32 308 -317  1
3856500 2933500  1  8 16   2.5 1035 142  2.2 8  4.1  91    0    7 308 -315  1
3856500 2933500  1  8 17   2.1 1035 152  2.1 8  4.0  91    0    0 306 -313  1
3856500 2933500  1  8 18   1.7 1036 120  2.7 8  3.9  92    0    0 302 -310  1
3856500 2933500  1  8 19   1.3 1036 110  2.3 8  3.9  94    0    0 300 -307  1
3856500 2933500  1  8 20   1.4 1036 110  2.3 8  3.9  95    0    0 298 -305  1
3856500 2933500  1  8 21   0.9 1036 147  2.3 7  3.9  96    0    0 290 -304  1
3856500 2933500  1  8 22   0.6 1036 153  2.6 8  3.8  98    0    0 288 -304  1
3856500 2933500  1  8 23   0.3 1036 147  2.6 8  3.8 100    0    0 292 -304  1
3856500 2933500  1  8 24   0.4 1036 154  2.7 7  3.8  99    0    0 287 -304  1
3856500 2933500  1  9  1   0.3 1036 167  2.6 7  3.7  99    0    0 282 -303  1
3856500 2933500  1  9  2   0.3 1036 175  2.3 7  3.7  99    0    0 281 -302  1
3856500 2933500  1  9  3   0.4 1036 177  2.3 7  3.7  99    0    0 280 -301  1
3856500 2933500  1  9  4   0.3 1036 153  2.1 7  3.8  99    0    0 280 -300  1
3856500 2933500  1  9  5   0.4 1037 125  2.6 7  3.7  99    0    0 279 -298  1
3856500 2933500  1  9  6   0.4 1037 148  2.6 7  3.7  98    0    0 278 -297  1
3856500 2933500  1  9  7   0.4 1036 155  2.3 7  3.8  99    0    0 277 -296  1
3856500 2933500  1  9  8   0.3 1036 169  2.4 7  3.8  99    0    0 277 -295  1
3856500 2933500  1  9  9   0.4 1037 166  2.8 7  3.7  99    0    0 276 -295  1
3856500 2933500  1  9 10   0.7 1037 179  2.7 7  3.7  97    0   31 273 -295  1
3856500 2933500  1  9 11   0.9 1038 187  2.5 6  3.8  96    2   65 267 -297  1
3856500 2933500  1  9 12   1.1 1038 203  2.7 4  3.8  96    8  110 253 -302  1
3856500 2933500  1  9 13   1.6 1038 226  2.8 3  3.8  93   17  133 241 -307  1
3856500 2933500  1  9 14   1.8 1038 225  2.5 3  3.9  92   32  127 237 -310  1
3856500 2933500  1  9 15   1.4 1037 221  2.5 6  3.9  93    6   78 239 -311  1
3856500 2933500  1  9 16   0.4 1037 216  2.4 7  3.8  95    0   23 240 -310  1
3856500 2933500  1  9 17  -1.2 1037 188  2.5 3  3.5  98    0    1 232 -307  1
3856500 2933500  1  9 18  -1.4 1037 217  2.3 7  3.4 100    0    0 230 -304  1
3856500 2933500  1  9 19  -1.7 1038 218  2.4 8  3.3 100    0    0 238 -302  1
3856500 2933500  1  9 20  -1.6 1038 199  2.0 7  3.3 100    0    0 239 -301  1
3856500 2933500  1  9 21  -1.7 1038 183  2.1 6  3.3 100    0    0 238 -300  1
3856500 2933500  1  9 22  -1.5 1038 183  2.4 7  3.2  98    0    0 241 -299  1
3856500 2933500  1  9 23  -1.8 1038 192  2.1 8  3.2  98    0    0 247 -299  1
3856500 2933500  1  9 24  -2.5 1038 180  2.7 5  3.1  99    0    0 242 -300  1
3856500 2933500  1 10  1  -2.8 1038 203  2.2 7  3.0 100    0    0 239 -300  1
3856500 2933500  1 10  2  -3.1 1037 181  1.7 8  3.0 100    0    0 246 -300  1
3856500 2933500  1 10  3  -3.0 1037 174  1.7 7  3.0 100    0    0 248 -299  1
3856500 2933500  1 10  4  -3.1 1037 142  2.2 4  2.9 100    0    0 239 -298  1
3856500 2933500  1 10  5  -3.7 1037 166  2.0 4  2.9 100    0    0 231 -297  1
3856500 2933500  1 10  6  -3.9 1037 164  2.1 8  2.8 100    0    0 240 -296  1
3856500 2933500  1 10  7  -3.5 1037 147  2.5 6  2.8 100    0    0 247 -296  1
3856500 2933500  1 10  8  -3.3 1036 155  2.6 7  2.9 100    0    0 248 -297  1
3856500 2933500  1 10  9  -2.8 1036 163  3.2 6  3.0 100    0    0 251 -297  1
3856500 2933500  1 10 10  -2.3 1037 150  3.3 5  3.1 100    2   41 249 -298  1
3856500 2933500  1 10 11  -1.8 1037 130  3.2 3  3.2 100   15   98 245 -301  1
3856500 2933500  1 10 12  -1.6 1037 129  3.6 6  3.3 100    2   92 249 -306  1
3856500 2933500  1 10 13  -1.4 1036 126  3.6 7  3.3 100    5  117 262 -311  1
3856500 2933500  1 10 14  -1.4 1036 125  3.7 8  3.3 100    1   88 269 -314  1
3856500 2933500  1 10 15  -1.5 1035 135  3.5 8  3.3 100    0   43 274 -316  1
3856500 2933500  1 10 16  -1.6 1035 139  3.8 8  3.3 100    0   16 276 -315  1
3856500 2933500  1 10 17  -2.0 1034 149  3.9 8  3.2 100    0    1 277 -313  1
3856500 2933500  1 10 18  -2.0 1034 150  3.8 7  3.2 100    0    0 274 -310  1
3856500 2933500  1 10 19  -2.1 1034 155  3.7 8  3.2 100    0    0 276 -309  1
3856500 2933500  1 10 20  -2.2 1034 159  3.5 8  3.2 100    0    0 280 -310  1
3856500 2933500  1 10 21  -2.6 1033 149  3.2 8  3.1 100    0    0 281 -313  1
3856500 2933500  1 10 22  -2.6 1033 150  4.2 8  3.1 100    0    0 282 -315  1
3856500 2933500  1 10 23  -2.8 1033 151  3.7 8  3.0 100    0    0 283 -316  1
3856500 2933500  1 10 24  -2.8 1032 142  3.9 6  3.0 100    0    0 277 -317  1
3856500 2933500  1 11  1  -2.6 1032 170  3.2 7  3.0 100    0    0 276 -317  1
3856500 2933500  1 11  2  -2.7 1032 165  3.1 7  3.0 100    0    0 281 -317  1
3856500 2933500  1 11  3  -2.8 1031 172  3.4 7  3.0 100    0    0 282 -317  1
3856500 2933500  1 11  4  -2.9 1031 170  3.2 2  3.0  99    0    0 262 -317  1
3856500 2933500  1 11  5  -3.3 1031 147  3.6 5  2.9  99    0    0 253 -317  1
3856500 2933500  1 11  6  -3.4 1030 153  3.5 5  2.9  99    0    0 265 -317  1
3856500 2933500  1 11  7  -3.2 1030 167  3.4 7  2.9  99    0    0 275 -317  1
3856500 2933500  1 11  8  -2.4 1030 163  3.3 7  3.0  99    0    0 286 -317  1
3856500 2933500  1 11  9  -2.1 1030 164  3.7 7  3.1  99    0    0 289 -318  1
3856500 2933500  1 11 10  -1.6 1030 163  3.2 7  3.2  99    0   29 292 -318  1
3856500 2933500  1 11 11  -0.9 1029 157  3.5 6  3.4  99    2   66 290 -318  1
3856500 2933500  1 11 12  -0.5 1029 161  3.4 7  3.5  99    0   60 291 -318  1
3856500 2933500  1 11 13   0.0 1029 152  3.2 8  3.6  99    0   41 301 -318  1
3856500 2933500  1 11 14   0.3 1028 155  3.7 7  3.7  99    0   35 301 -318  1
3856500 2933500  1 11 15   0.3 1027 160  3.8 7  3.8  99    0   19 297 -318  1
3856500 2933500  1 11 16   0.6 1027 183  4.0 7  3.8  99    0   12 298 -318  1
3856500 2933500  1 11 17   0.9 1027 216  3.9 7  3.9 100    0    0 300 -318  1
3856500 2933500  1 11 18   1.4 1027 220  3.9 8  4.1 100    0    0 308 -318  1
3856500 2933500  1 11 19   1.7 1027 231  4.1 8  4.2 100    0    0 317 -318  1
3856500 2933500  1 11 20   1.7 1027 230  3.9 5  4.2 100    0    0 304 -318  1
3856500 2933500  1 11 21   1.5 1027 232  4.4 7  4.2 100    0    0 301 -318  1
3856500 2933500  1 11 22   2.3 1027 245  4.8 7  4.3  99    0    0 314 -318  1
3856500 2933500  1 11 23   2.6 1028 246  4.9 7  4.4  98    0    0 317 -318  1
3856500 2933500  1 11 24   2.6 1028 243  5.3 8  4.4  98    0    0 322 -318  1
3856500 2933500  1 12  1   2.5 1028 254  5.1 8  4.4  98    0    0 328 -318  1
3856500 2933500  1 12  2   2.7 1029 268  4.9 8  4.4  98    0    0 328 -318  1
3856500 2933500  1 12  3   2.7 1029 277  5.0 7  4.4  98    0    0 325 -318  1
3856500 2933500  1 12  4   2.3 1029 259  4.1 8  4.4  98    0    0 324 -318  1
3856500 2933500  1 12  5   2.2 1030 256  4.2 8  4.3  98    0    0 327 -318  1
3856500 2933500  1 12  6   2.0 1030 256  4.1 6  4.3  99    0    0 318 -318  1
3856500 2933500  1 12  7   1.9 1030 245  3.8 8  4.3  99    0    0 317 -321  1
3856500 2933500  1 12  8   2.0 1030 213  3.5 7  4.3  99    0    0 322 -325  1
3856500 2933500  1 12  9   1.9 1030 213  3.9 8  4.3  99    0    0 322 -326  1
3856500 2933500  1 12 10   2.1 1031 221  3.6 8  4.3  99    0   25 327 -327  1
3856500 2933500  1 12 11   2.3 1031 220  3.8 5  4.4 100    0   54 313 -329  1
3856500 2933500  1 12 12   2.9 1031 225  3.8 7  4.5 100    0   53 310 -331  1
3856500 2933500  1 12 13   3.4 1031 219  3.9 6  4.6  99    0   51 315 -333  1
3856500 2933500  1 12 14   3.4 1031 236  4.2 6  4.7  99    0   60 310 -334  1
3856500 2933500  1 12 15   3.4 1031 213  3.9 7  4.7  99    0   45 313 -333  1
3856500 2933500  1 12 16   3.4 1031 215  4.3 7  4.7  99    0   31 317 -332  1
3856500 2933500  1 12 17   3.2 1031 213  3.6 8  4.7  99    0    7 321 -331  1
3856500 2933500  1 12 18   3.1 1031 205  3.1 7  4.6  99    0    0 321 -330  1
3856500 2933500  1 12 19   2.9 1031 196  3.0 7  4.6  99    0    0 315 -329  1
3856500 2933500  1 12 20   2.9 1031 184  3.0 7  4.6 100    0    0 314 -328  1
3856500 2933500  1 12 21   2.9 1031 186  3.3 8  4.6 100    0    0 318 -328  1
3856500 2933500  1 12 22   2.9 1031 194  3.4 8  4.6 100    0    0 322 -328  1
3856500 2933500  1 12 23   2.9 1031 200  3.1 8  4.6 100    0    0 321 -327  1
3856500 2933500  1 12 24   2.9 1031 191  3.1 8  4.6 100    0    0 321 -327  1
3856500 2933500  1 13  1   2.9 1031 192  2.9 7  4.6 100    0    0 315 -326  1
3856500 2933500  1 13  2   2.9 1031 182  2.6 6  4.6 100    0    0 304 -325  1
3856500 2933500  1 13  3   2.9 1031 176  3.0 8  4.6 100    0    0 307 -323  1
3856500 2933500  1 13  4   2.9 1031 171  3.5 8  4.6 100    0    0 315 -323  1
3856500 2933500  1 13  5   2.8 1030 184  3.2 8  4.6 100    0    0 314 -320  1
3856500 2933500  1 13  6   2.5 1030 165  3.1 6  4.5 100    0    0 301 -318  1
3856500 2933500  1 13  7   2.0 1030 156  3.0 5  4.4 100    0    0 282 -317  1
3856500 2933500  1 13  8   1.2 1029 150  3.2 3  4.2 100    0    0 264 -317  1
3856500 2933500  1 13  9   0.9 1029 155  3.8 2  4.0 100    0    0 246 -317  1
3856500 2933500  1 13 10   1.7 1029 159  3.9 2  4.1 100   12   41 240 -317  1
3856500 2933500  1 13 11   3.1 1029 153  4.4 1  4.3  98   68   75 237 -317  1
3856500 2933500  1 13 12   4.5 1029 146  3.9 1  4.6  93  117   88 235 -317  1
3856500 2933500  1 13 13   6.1 1029 167  4.2 1  4.6  84  147   84 239 -317  1
3856500 2933500  1 13 14   6.8 1029 167  4.1 1  4.5  76  152   69 240 -317  1
3856500 2933500  1 13 15   7.0 1028 166  4.2 1  4.4  73  106   57 240 -318  1
3856500 2933500  1 13 16   5.7 1028 154  3.4 2  4.4  76   40   36 243 -318  1
3856500 2933500  1 13 17   3.2 1028 151  3.5 2  4.4  85    0    7 242 -317  1
3856500 2933500  1 13 18   2.9 1028 156  3.5 2  4.2  91    0    0 238 -317  1
3856500 2933500  1 13 19   2.2 1028 154  3.4 0  4.2  94    0    0 227 -317  1
3856500 2933500  1 13 20   1.5 1028 157  3.4 0  4.2  98    0    0 215 -317  1
3856500 2933500  1 13 21   1.0 1028 151  3.8 0  4.1 100    0    0 214 -317  1
3856500 2933500  1 13 22   0.6 1028 150  3.7 0  4.0 100    0    0 214 -317  1
3856500 2933500  1 13 23   0.0 1028 155  3.2 0  3.8 100    0    0 212 -317  1
3856500 2933500  1 13 24  -0.3 1028 155  3.5 0  3.7 100    0    0 211 -316  1
3856500 2933500  1 14  1  -0.4 1028 160  3.4 1  3.6 100    0    0 217 -315  1
3856500 2933500  1 14  2  -0.5 1028 159  3.3 0  3.6  99    0    0 218 -312  1
3856500 2933500  1 14  3  -0.7 1028 158  3.2 0  3.5  99    0    0 214 -310  1
3856500 2933500  1 14  4  -1.0 1028 159  3.5 0  3.5  99    0    0 215 -310  1
3856500 2933500  1 14  5  -0.9 1028 160  3.7 0  3.4  99    0    0 217 -310  1
3856500 2933500  1 14  6  -1.5 1027 155  3.8 0  3.4  99    0    0 217 -311  1
3856500 2933500  1 14  7  -1.5 1027 155  3.7 0  3.4 100    0    0 217 -313  1
3856500 2933500  1 14  8  -0.9 1027 183  3.5 1  3.4  99    0    0 225 -315  1
3856500 2933500  1 14  9  -1.5 1027 179  3.1 2  3.4  99    0    0 237 -316  1
3856500 2933500  1 14 10  -0.5 1027 168  3.8 1  3.5 100    6   43 239 -317  1
3856500 2933500  1 14 11   0.9 1027 183  4.2 1  3.7  98   41   96 239 -317  1
3856500 2933500  1 14 12   2.0 1027 189  4.4 1  3.9  93   89  120 244 -317  1
3856500 2933500  1 14 13   3.1 1027 189  4.7 0  3.9  87  108  126 244 -317  1
3856500 2933500  1 14 14   3.8 1027 196  5.0 2  4.0  82   85  119 252 -317  1
3856500 2933500  1 14 15   3.6 1026 202  4.8 4  3.9  81   35   93 273 -318  1
3856500 2933500  1 14 16   3.1 1026 184  3.7 6  4.0  83    6   41 290 -318  1
3856500 2933500  1 14 17   2.7 1026 178  4.2 8  4.0  87    0    4 309 -320  1
3856500 2933500  1 14 18   2.4 1026 173  4.2 8  4.0  90    0    0 317 -323  1
3856500 2933500  1 14 19   2.0 1025 194  4.3 7  4.1  92    0    0 310 -325  1
3856500 2933500  1 14 20   2.1 1025 186  4.8 8  4.1  94    0    0 311 -326  1
3856500 2933500  1 14 21   1.7 1024 178  5.1 8  4.1  95    0    0 317 -326  1
3856500 2933500  1 14 22   1.9 1024 187  5.0 7  4.1  96    0    0 312 -327  1
3856500 2933500  1 14 23   2.2 1024 179  5.3 7  4.1  94    0    0 307 -328  1
3856500 2933500  1 14 24   1.8 1023 172  5.4 8  4.1  94    0    0 312 -328  1
3856500 2933500  1 15  1   2.3 1023 188  5.1 8  4.1  94    0    0 318 -329  1
3856500 2933500  1 15  2   2.5 1022 178  5.7 8  4.1  91    0    0 319 -329  1
3856500 2933500  1 15  3   2.3 1022 179  6.0 8  4.1  91    0    0 321 -328  1
3856500 2933500  1 15  4   2.2 1021 177  6.1 8  4.1  92    0    0 322 -328  1
3856500 2933500  1 15  5   2.1 1021 181  5.8 8  4.1  93    0    0 321 -328  1
3856500 2933500  1 15  6   2.1 1020 183  5.5 8  4.1  93    0    0 322 -328  1
3856500 2933500  1 15  7   2.2 1019 170  5.8 8  4.0  92    0    0 323 -328  1
3856500 2933500  1 15  8   1.9 1019 175  6.3 8  3.9  90    0    0 323 -328  1
3856500 2933500  1 15  9   2.0 1018 170  6.0 8  3.9  89    0    0 323 -328  1
3856500 2933500  1 15 10   2.3 1018 171  5.8 7  3.9  88    0   22 319 -327  1
3856500 2933500  1 15 11   2.8 1018 177  5.6 6  3.9  86    0   48 311 -328  1
3856500 2933500  1 15 12   3.4 1018 178  5.5 6  4.0  84    0   65 308 -328  1
3856500 2933500  1 15 13   3.6 1017 170  5.5 7  4.0  83    0   60 316 -329  1
3856500 2933500  1 15 14   3.5 1016 182  5.5 7  4.0  83    0   63 320 -329  1
3856500 2933500  1 15 15   3.5 1016 173  4.8 6  4.0  82    4   75 314 -329  1
3856500 2933500  1 15 16   3.2 1015 169  4.3 8  4.0  83    0   31 317 -328  1
3856500 2933500  1 15 17   3.0 1015 175  3.9 8  4.0  84    0    2 325 -328  1
3856500 2933500  1 15 18   3.0 1015 171  4.3 8  3.9  84    0    0 324 -328  1
3856500 2933500  1 15 19   2.8 1015 172  4.3 8  4.0  85    0    0 321 -330  1
3856500 2933500  1 15 20   2.6 1015 179  4.2 8  4.0  87    0    0 319 -331  1
3856500 2933500  1 15 21   2.5 1015 183  4.6 8  4.0  88    0    0 319 -332  1
3856500 2933500  1 15 22   2.4 1015 183  4.4 8  4.0  89    0    0 319 -330  1
3856500 2933500  1 15 23   2.2 1015 198  4.3 8  4.0  90    0    0 318 -326  1
3856500 2933500  1 15 24   1.8 1015 203  4.1 7  4.1  93    0    0 313 -321  1
3856500 2933500  1 16  1   1.3 1016 207  3.9 8  4.1  97    0    0 313 -318  1
3856500 2933500  1 16  2   1.4 1016 200  3.8 8  4.1  98    0    0 318 -318  1
3856500 2933500  1 16  3   1.1 1016 194  3.7 8  4.1  99    0    0 318 -318  1
3856500 2933500  1 16  4   1.1 1016 201  3.6 7  4.1  99    0    0 311 -318  1
3856500 2933500  1 16  5   1.4 1016 223  3.8 7  4.1  99    0    0 307 -317  1
3856500 2933500  1 16  6   1.5 1017 243  3.6 6  4.1  99    0    0 302 -317  1
3856500 2933500  1 16  7   2.0 1017 246  3.1 5  4.2  98    0    0 292 -317  1
3856500 2933500  1 16  8   1.8 1017 248  3.0 7  4.3  99    0    0 296 -317  1
3856500 2933500  1 16  9   1.8 1018 250  3.0 8  4.3 100    0    0 313 -317  1
3856500 2933500  1 16 10   1.9 1019 239  2.9 7  4.3 100    4   30 312 -317  1
3856500 2933500  1 16 11   2.2 1019 242  3.3 8  4.4 100   50   38 311 -317  1
3856500 2933500  1 16 12   2.8 1020 240  3.1 7  4.5 100    0   59 309 -317  1
3856500 2933500  1 16 13   2.8 1021 236  3.3 8  4.6 100    0   67 308 -317  1
3856500 2933500  1 16 14   3.5 1020 235  3.2 8  4.7  99    0   44 314 -318  1
3856500 2933500  1 16 15   3.6 1021 227  4.3 8  4.8  98    0   37 313 -318  1
3856500 2933500  1 16 16   3.4 1021 243  4.4 7  4.8  99    0   16 306 -318  1
3856500 2933500  1 16 17   3.1 1021 207  3.7 5  4.7 100    0    1 285 -317  1
3856500 2933500  1 16 18   2.5 1021 208  3.3 5  4.6  99    0    0 271 -317  1
3856500 2933500  1 16 19   2.4 1021 208  4.3 4  4.4  99    0    0 266 -318  1
3856500 2933500  1 16 20   1.9 1021 200  4.6 4  4.4  99    0    0 262 -318  1
3856500 2933500  1 16 21   2.0 1021 217  5.3 4  4.3 100    0    0 263 -318  1
3856500 2933500  1 16 22   2.4 1022 215  5.6 7  4.4 100    0    0 283 -321  1
3856500 2933500  1 16 23   2.7 1022 210  6.2 8  4.5 100    0    0 307 -324  1
3856500 2933500  1 16 24   2.7 1021 197  6.3 5  4.6 100    0    0 294 -325  1
3856500 2933500  1 17  1   3.0 1021 221  5.7 5  4.6  99    0    0 275 -326  1
3856500 2933500  1 17  2   3.1 1021 211  6.0 7  4.6  98    0    0 287 -326  1
3856500 2933500  1 17  3   3.1 1021 201  5.7 7  4.6  99    0    0 300 -326  1
3856500 2933500  1 17  4   3.2 1021 207  5.9 7  4.6  98    0    0 300 -327  1
3856500 2933500  1 17  5   3.2 1020 199  6.1 8  4.7  98    0    0 307 -327  1
3856500 2933500  1 17  6   3.4 1020 198  5.8 8  4.7  98    0    0 313 -327  1
3856500 2933500  1 17  7   3.0 1020 200  5.8 8  4.6  98    0    0 313 -327  1
3856500 2933500  1 17  8   3.2 1020 207  5.7 7  4.6  98    0    0 305 -326  1
3856500 2933500  1 17  9   3.0 1020 204  6.1 8  4.6  98    0    0 304 -325  1
3856500 2933500  1 17 10   3.1 1020 210  5.9 8  4.6  99    0   21 309 -326  1
3856500 2933500  1 17 11   3.4 1020 213  5.9 8  4.7  99    0   40 310 -328  1
3856500 2933500  1 17 12   3.8 1020 201  5.6 8  4.8  99    0   41 311 -332  1
3856500 2933500  1 17 13   4.0 1020 198  5.6 8  4.9  98    0   46 312 -336  1
3856500 2933500  1 17 14   4.2 1020 196  5.7 8  4.9  97    0   28 313 -339  1
3856500 2933500  1 17 15   4.3 1019 207  6.1 7  4.9  96    0   37 307 -340  1
3856500 2933500  1 17 16   4.4 1019 203  5.6 8  4.9  95    0   29 307 -340  1
3856500 2933500  1 17 17   4.4 1019 200  5.9 8  4.9  95    0    2 312 -337  1
3856500 2933500  1 17 18   4.5 1019 187  6.3 8  4.9  94    0    0 313 -335  1
3856500 2933500  1 17 19   4.2 1018 192  6.4 8  4.8  94    0    0 312 -335  1
3856500 2933500  1 17 20   4.2 1018 193  6.2 7  4.8  94    0    0 309 -335  1
3856500 2933500  1 17 21   3.9 1018 196  6.0 6  4.7  94    0    0 301 -334  1
3856500 2933500  1 17 22   4.1 1018 190  6.1 7  4.7  93    0    0 302 -334  1
3856500 2933500  1 17 23   4.3 1018 202  6.6 7  4.7  92    0    0 307 -334  1
3856500 2933500  1 17 24   4.4 1017 201  7.0 8  4.7  92    0    0 313 -334  1
3856500 2933500  1 18  1   4.3 1017 202  7.2 8  4.8  92    0    0 317 -334  1
3856500 2933500  1 18  2   4.3 1017 208  6.8 8  4.8  94    0    0 318 -333  1
3856500 2933500  1 18  3   4.3 1017 208  6.6 8  4.9  95    0    0 320 -333  1
3856500 2933500  1 18  4   4.1 1016 218  6.2 8  5.0  97    0    0 321 -333  1
3856500 2933500  1 18  5   4.3 1016 228  5.5 8  5.0  98    0    0 321 -333  1
3856500 2933500  1 18  6   4.4 1016 237  5.0 8  5.1  98    0    0 322 -334  1
3856500 2933500  1 18  7   4.4 1016 232  5.2 7  5.1  99    0    0 319 -335  1
3856500 2933500  1 18  8   4.4 1016 250  5.2 8  5.2  99    0    0 318 -337  1
3856500 2933500  1 18  9   4.4 1016 251  5.3 8  5.1  99    0    0 322 -336  1
3856500 2933500  1 18 10   4.4 1017 246  4.3 5  5.1  99    0   31 309 -335  1
3856500 2933500  1 18 11   4.8 1017 249  4.9 8  5.1  98    0   50 308 -335  1
3856500 2933500  1 18 12   5.3 1018 246  5.0 8  5.3  97    0   59 321 -339  1
3856500 2933500  1 18 13   5.3 1018 257  5.6 8  5.2  95    0   60 322 -341  1
3856500 2933500  1 18 14   5.7 1018 262  6.0 7  5.1  92    4   80 316 -343  1
3856500 2933500  1 18 15   5.7 1018 245  6.6 6  5.1  89   28   64 303 -341  1
3856500 2933500  1 18 16   5.3 1018 249  5.3 6  4.9  87   62   19 296 -336  1
3856500 2933500  1 18 17   4.1 1018 233  4.0 6  4.7  89   10    5 294 -332  1
3856500 2933500  1 18 18   3.4 1018 224  3.7 7  4.6  93    0    0 296 -330  1
3856500 2933500  1 18 19   2.7 1018 215  3.7 5  4.5  96    0    0 286 -328  1
3856500 2933500  1 18 20   2.8 1018 204  4.5 4  4.5  97    0    0 266 -327  1
3856500 2933500  1 18 21   2.9 1017 204  4.7 4  4.5  97    0    0 259 -326  1
3856500 2933500  1 18 22   3.3 1017 219  5.2 7  4.6  96    0    0 279 -325  1
3856500 2933500  1 18 23   3.2 1017 212  5.1 7  4.6  96    0    0 297 -324  1
3856500 2933500  1 18 24   3.3 1016 194  4.8 7  4.6  96    0    0 298 -323  1
3856500 2933500  1 19  1   3.3 1015 190  5.0 6  4.6  96    0    0 293 -323  1
3856500 2933500  1 19  2   3.5 1014 196  5.3 7  4.6  94    0    0 295 -325  1
3856500 2933500  1 19  3   3.5 1014 184  6.0 7  4.5  93    0    0 306 -327  1
3856500 2933500  1 19  4   3.2 1013 184  5.9 7  4.4  92    0    0 307 -327  1
3856500 2933500  1 19  5   3.5 1012 185  6.3 7  4.4  91    0    0 309 -326  1
3856500 2933500  1 19  6   3.5 1011 183  6.3 8  4.5  92    0    0 320 -326  1
3856500 2933500  1 19  7   3.5 1010 188  6.6 7  4.7  96    0    0 322 -327  1
3856500 2933500  1 19  8   3.7 1009 200  6.7 8  4.9  99    0    0 324 -328  1
3856500 2933500  1 19  9   4.6 1008 213  6.7 8  5.1  99    0    1 333 -330  1
3856500 2933500  1 19 10   5.3 1008 223  6.9 8  5.3  98    0   29 338 -332  1
3856500 2933500  1 19 11   6.2 1008 230  6.9 7  5.7  99    0   34 336 -335  1
3856500 2933500  1 19 12   7.0 1008 234  6.6 7  6.0  98    0   40 335 -338  1
3856500 2933500  1 19 13   7.5 1008 237  7.0 8  6.2  97    0   47 344 -342  1
3856500 2933500  1 19 14   7.7 1008 244  6.9 8  6.2  95    0   72 344 -345  1
3856500 2933500  1 19 15   7.6 1008 244  7.6 7  6.1  93    0   53 344 -347  1
3856500 2933500  1 19 16   7.5 1008 242  6.8 7  5.8  90    0   16 337 -346  1
3856500 2933500  1 19 17   7.0 1009 254  6.7 6  5.5  87    0    4 328 -344  1
3856500 2933500  1 19 18   6.4 1010 248  6.0 6  5.3  86    0    0 317 -340  1
3856500 2933500  1 19 19   6.2 1010 248  6.4 4  5.2  87    0    0 300 -336  1
3856500 2933500  1 19 20   5.8 1010 242  6.3 5  5.2  88    0    0 291 -331  1
3856500 2933500  1 19 21   5.5 1011 243  6.3 4  5.1  90    0    0 289 -326  1
3856500 2933500  1 19 22   5.1 1011 244  6.0 4  5.1  92    0    0 283 -324  1
3856500 2933500  1 19 23   5.4 1012 241  5.7 4  5.0  91    0    0 282 -326  1
3856500 2933500  1 19 24   5.5 1012 246  6.1 5  5.0  89    0    0 286 -327  1
3856500 2933500  1 20  1   4.8 1013 245  5.9 5  4.9  89    0    0 289 -329  1
3856500 2933500  1 20  2   4.6 1013 248  6.2 4  4.8  90    0    0 282 -328  1
3856500 2933500  1 20  3   4.1 1013 237  6.2 3  4.7  91    0    0 270 -326  1
3856500 2933500  1 20  4   3.9 1013 235  6.1 1  4.7  92    0    0 254 -327  1
3856500 2933500  1 20  5   3.6 1013 241  6.0 1  4.7  94    0    0 244 -329  1
3856500 2933500  1 20  6   3.5 1014 233  5.6 2  4.7  96    0    0 250 -331  1
3856500 2933500  1 20  7   3.6 1013 241  6.6 2  4.7  96    0    0 257 -332  1
3856500 2933500  1 20  8   4.3 1013 237  6.3 6  4.8  96    0    0 281 -333  1
3856500 2933500  1 20  9   5.0 1013 228  6.8 7  5.0  94    0    0 312 -334  1
3856500 2933500  1 20 10   5.9 1013 232  7.4 8  5.2  94    0   15 328 -336  1
3856500 2933500  1 20 11   6.4 1013 224  7.4 7  5.5  93    0   32 331 -340  1
3856500 2933500  1 20 12   7.2 1012 223  7.5 8  5.7  92    0   37 334 -343  1
3856500 2933500  1 20 13   7.8 1011 222  8.3 7  5.9  90    0   31 337 -345  1
3856500 2933500  1 20 14   8.0 1010 227  8.8 7  6.0  90    0   24 333 -346  1
3856500 2933500  1 20 15   8.2 1009 225  9.4 7  6.1  91    0   24 334 -348  1
3856500 2933500  1 20 16   8.5 1008 229  9.3 8  6.2  90    0   16 340 -349  1
3856500 2933500  1 20 17   8.2 1007 222  9.6 8  6.2  90    0    1 346 -349  1
3856500 2933500  1 20 18   7.9 1005 221 10.0 8  6.3  94    0    0 347 -349  1
3856500 2933500  1 20 19   8.0 1004 229 10.6 8  6.4  95    0    0 349 -350  1
3856500 2933500  1 20 20   8.2 1003 231 11.1 8  6.5  96    0    0 350 -351  1
3856500 2933500  1 20 21   8.8 1002 251 11.6 8  6.7  96    0    0 352 -352  1
3856500 2933500  1 20 22   9.5 1002 263 12.2 8  7.0  95    0    0 355 -353  1
3856500 2933500  1 20 23   9.2 1002 267 12.2 8  7.0  94    0    0 357 -355  1
3856500 2933500  1 20 24   9.0 1003 268 10.6 6  6.6  91    0    0 344 -355  1
3856500 2933500  1 21  1   8.6 1004 268 10.0 4  6.0  85    0    0 318 -355  1
3856500 2933500  1 21  2   8.2 1004 276 10.5 1  5.6  81    0    0 284 -356  1
3856500 2933500  1 21  3   8.0 1005 283  9.2 0  5.4  80    0    0 255 -355  1
3856500 2933500  1 21  4   8.0 1006 272  9.5 1  5.4  80    0    0 249 -354  1
3856500 2933500  1 21  5   8.1 1007 275  8.3 4  5.5  81    0    0 271 -352  1
3856500 2933500  1 21  6   8.1 1007 271  7.3 4  5.6  83    0    0 289 -350  1
3856500 2933500  1 21  7   8.3 1008 266  7.1 6  5.7  84    0    0 301 -348  1
3856500 2933500  1 21  8   8.0 1008 264  5.8 8  5.9  87    0    0 333 -347  1
3856500 2933500  1 21  9   8.3 1008 252  5.3 8  6.3  93    0    0 350 -346  1
3856500 2933500  1 21 10   8.9 1008 242  5.4 8  6.7  96    0   26 351 -348  1
3856500 2933500  1 21 11   9.1 1008 245  5.9 7  6.9  96    0   37 344 -350  1
3856500 2933500  1 21 12  10.1 1009 257  7.2 8  7.3  97    0   20 345 -353  1
3856500 2933500  1 21 13  10.9 1009 262  8.9 7  7.7  96    0   49 348 -357  1
3856500 2933500  1 21 14  11.3 1009 257  8.6 8  7.8  94    0   59 351 -360  1
3856500 2933500  1 21 15  11.5 1008 251  9.1 8  7.6  90    0   28 360 -362  1
3856500 2933500  1 21 16  11.4 1008 259  9.9 6  7.5  88    0   25 348 -363  1
3856500 2933500  1 21 17  11.2 1008 249  9.0 7  7.3  87    0    2 342 -363  1
3856500 2933500  1 21 18  10.9 1008 252  8.1 7  7.2  87    0    0 347 -362  1
3856500 2933500  1 21 19  10.7 1008 246  7.6 7  7.1  87    0    0 346 -363  1
3856500 2933500  1 21 20  10.7 1008 243  7.7 7  7.0  86    0    0 346 -363  1
3856500 2933500  1 21 21  10.6 1008 239  6.8 8  7.0  86    0    0 349 -362  1
3856500 2933500  1 21 22  10.5 1008 235  6.4 8  7.0  87    0    0 354 -361  1
3856500 2933500  1 21 23  10.3 1008 228  6.0 8  6.9  88    0    0 352 -359  1
3856500 2933500  1 21 24   9.7 1007 217  6.7 7  6.8  88    0    0 343 -358  1
3856500 2933500  1 22  1   9.5 1006 217  5.9 6  6.5  87    0    0 330 -356  1
3856500 2933500  1 22  2   9.5 1006 205  5.8 6  6.2  83    0    0 324 -354  1
3856500 2933500  1 22  3   9.3 1006 196  5.6 8  6.0  81    0    0 332 -352  1
3856500 2933500  1 22  4   8.4 1005 191  5.4 6  5.8  81    0    0 329 -346  1
3856500 2933500  1 22  5   7.4 1004 191  5.7 4  5.6  84    0    0 303 -341  1
3856500 2933500  1 22  6   6.8 1003 181  5.8 3  5.4  86    0    0 279 -340  1
3856500 2933500  1 22  7   6.1 1002 189  6.4 2  5.3  87    0    0 259 -341  1
3856500 2933500  1 22  8   6.0 1001 194  6.7 4  5.1  86    0    0 260 -342  1
3856500 2933500  1 22  9   6.0 1001 200  6.7 5  4.9  83    0    2 278 -342  1
3856500 2933500  1 22 10   6.8 1001 215  8.4 6  4.8  79    1   35 295 -343  1
3856500 2933500  1 22 11   7.2 1000 212  8.4 7  4.8  77    2   60 312 -344  1
3856500 2933500  1 22 12   7.0 1000 220  9.8 7  5.1  81    0   43 320 -346  1
3856500 2933500  1 22 13   7.1 1000 230  8.8 8  5.5  87    0   36 326 -347  1
3856500 2933500  1 22 14   7.3 1000 227  8.7 8  5.7  89    0   29 330 -349  1
3856500 2933500  1 22 15   7.9 1000 247  9.8 8  5.9  90    0   33 329 -349  1
3856500 2933500  1 22 16   8.2 1000 252  8.9 7  6.1  90    0   31 326 -348  1
3856500 2933500  1 22 17   8.1 1001 251  8.8 7  6.0  88    0    3 321 -347  1
3856500 2933500  1 22 18   7.6 1002 248  8.2 6  5.8  87    0    0 315 -345  1
3856500 2933500  1 22 19   7.4 1002 244  8.4 6  5.6  86    0    0 306 -343  1
3856500 2933500  1 22 20   7.1 1003 241  8.5 5  5.5  86    0    0 296 -341  1
3856500 2933500  1 22 21   6.9 1003 237  8.4 5  5.4  86    0    0 284 -339  1
3856500 2933500  1 22 22   7.1 1003 239  9.5 5  5.3  84    0    0 280 -339  1
3856500 2933500  1 22 23   7.1 1003 242  9.4 5  5.2  82    0    0 279 -337  1
3856500 2933500  1 22 24   6.6 1004 246  9.7 3  5.1  83    0    0 267 -335  1
3856500 2933500  1 23  1   6.9 1004 241  8.9 3  5.1  83    0    0 255 -335  1
3856500 2933500  1 23  2   6.9 1004 230  8.0 4  5.2  83    0    0 263 -333  1
3856500 2933500  1 23  3   7.4 1004 232  8.3 7  5.3  83    0    0 290 -331  1
3856500 2933500  1 23  4   7.5 1004 242  8.4 8  5.4  83    0    0 319 -331  1
3856500 2933500  1 23  5   7.7 1004 239  9.5 8  5.4  82    0    0 326 -332  1
3856500 2933500  1 23  6   7.6 1004 239  8.0 8  5.4  82    0    0 326 -334  1
3856500 2933500  1 23  7   7.4 1004 232  7.1 7  5.4  83    0    0 321 -334  1
3856500 2933500  1 23  8   7.0 1003 226  7.0 7  5.3  83    0    0 313 -335  1
3856500 2933500  1 23  9   6.5 1003 219  6.7 7  5.3  86    0    3 311 -335  1
3856500 2933500  1 23 10   6.6 1003 209  7.1 8  5.3  87    8   55 314 -335  1
3856500 2933500  1 23 11   7.1 1003 209  7.4 7  5.3  86   14   93 313 -337  1
3856500 2933500  1 23 12   7.6 1002 201  7.8 8  5.3  82    0   75 314 -341  1
3856500 2933500  1 23 13   8.0 1002 201  7.4 8  5.2  79    0   74 322 -344  1
3856500 2933500  1 23 14   8.3 1001 181  6.3 7  5.2  76    0   65 319 -347  1
3856500 2933500  1 23 15   8.5  999 178  7.0 7  5.1  73    0   44 317 -348  1
3856500 2933500  1 23 16   7.7  998 192  7.4 7  5.2  76    0   23 317 -347  1
3856500 2933500  1 23 17   6.9  997 190  7.7 8  5.4  84    0    5 322 -344  1
3856500 2933500  1 23 18   6.7  996 190  8.3 8  5.5  88    0    0 330 -341  1
3856500 2933500  1 23 19   6.9  995 196  8.2 8  5.5  89    0    0 333 -340  1
3856500 2933500  1 23 20   7.2  995 201  8.2 8  5.6  88    0    0 337 -341  1
3856500 2933500  1 23 21   7.5  994 204  8.0 8  5.7  87    0    0 340 -341  1
3856500 2933500  1 23 22   7.7  994 204  7.8 7  5.7  86    0    0 335 -342  1
3856500 2933500  1 23 23   7.1  993 220  7.1 7  5.4  84    0    0 331 -344  1
3856500 2933500  1 23 24   6.1  993 243  6.4 6  4.9  83    0    0 330 -345  1
3856500 2933500  1 24  1   4.9 1029 274  5.6 6  4.5  82    0    0 276 -318  1
3856500 2933500  1 24  2   4.0 1030 304  4.8 6  4.1  82    0    0 283 -317  1
3856500 2933500  1 24  3   3.3 1031 327  4.1 6  3.9  84    0    0 284 -317  1
3856500 2933500  1 24  4   3.3 1031 332  3.8 6  4.1  86    0    0 290 -317  1
3856500 2933500  1 24  5   3.1 1033 328  3.5 6  4.1  87    0    0 301 -317  1
3856500 2933500  1 24  6   3.1 1033 334  3.0 6  4.2  90    0    0 299 -317  1
3856500 2933500  1 24  7   3.1 1034 335  2.5 6  4.2  90    0    0 293 -317  1
3856500 2933500  1 24  8   3.0 1034 320  1.9 7  4.2  92    0    0 297 -314  1
3856500 2933500  1 24  9   2.6 1035 297  2.4 7  4.2  94    0    2 303 -309  1
3856500 2933500  1 24 10   3.0 1036 290  2.4 7  4.3  94    1   37 303 -307  1
3856500 2933500  1 24 11   3.6 1036 278  2.6 6  4.3  92    1   63 298 -310  1
3856500 2933500  1 24 12   4.0 1037 272  2.9 7  4.3  89    0   61 301 -315  1
3856500 2933500  1 24 13   5.0 1037 266  3.2 5  4.3  85   39  119 296 -317  1
3856500 2933500  1 24 14   5.7 1037 251  3.2 2  4.2  77  190   65 269 -317  1
3856500 2933500  1 24 15   5.5 1037 242  3.7 3  4.0  72  137   56 258 -317  1
3856500 2933500  1 24 16   5.2 1036 243  3.8 2  3.9  72   81   39 257 -317  1
3856500 2933500  1 24 17   3.8 1036 228  3.2 3  3.9  76   10   13 256 -317  1
3856500 2933500  1 24 18   2.8 1037 199  3.7 3  3.8  81    0    0 259 -317  1
3856500 2933500  1 24 19   2.0 1037 199  3.5 2  3.7  85    0    0 251 -317  1
3856500 2933500  1 24 20   2.0 1036 200  3.8 1  3.7  87    0    0 238 -317  1
3856500 2933500  1 24 21   1.7 1036 203  3.9 2  3.7  88    0    0 237 -317  1
3856500 2933500  1 24 22   1.9 1036 202  4.9 4  3.7  88    0    0 252 -317  1
3856500 2933500  1 24 23   1.3 1035 202  4.3 4  3.7  90    0    0 264 -317  1
3856500 2933500  1 24 24   2.0 1035 207  4.5 6  3.8  91    0    0 275 -317  1
3856500 2933500  1 25  1   2.3 1035 204  5.0 8  3.9  90    0    0 298 -317  1
3856500 2933500  1 25  2   3.1 1034 215  5.1 8  4.0  89    0    0 312 -317  1
3856500 2933500  1 25  3   3.1 1034 214  5.2 8  4.1  88    0    0 313 -318  1
3856500 2933500  1 25  4   2.8 1033 211  5.1 8  4.2  91    0    0 312 -318  1
3856500 2933500  1 25  5   3.2 1033 207  5.4 8  4.2  92    0    0 312 -317  1
3856500 2933500  1 25  6   3.4 1032 206  5.5 8  4.2  90    0    0 312 -317  1
3856500 2933500  1 25  7   3.7 1032 200  5.7 7  4.2  88    0    0 306 -317  1
3856500 2933500  1 25  8   3.4 1031 201  5.7 7  4.2  88    0    0 297 -317  1
3856500 2933500  1 25  9   3.7 1030 203  6.1 7  4.2  88    0    1 295 -317  1
3856500 2933500  1 25 10   3.6 1030 205  6.6 7  4.3  88    0   41 295 -317  1
3856500 2933500  1 25 11   3.9 1030 205  6.6 6  4.3  87   19   90 290 -317  1
3856500 2933500  1 25 12   4.1 1029 204  6.8 4  4.3  86   58  122 277 -317  1
3856500 2933500  1 25 13   4.7 1028 198  7.0 3  4.3  84   82  134 264 -317  1
3856500 2933500  1 25 14   5.7 1027 204  8.3 6  4.4  81   15  114 276 -321  1
3856500 2933500  1 25 15   5.8 1026 208  7.7 6  4.5  79   17   92 294 -331  1
3856500 2933500  1 25 16   5.1 1025 205  8.2 8  4.5  82    0   18 304 -337  1
3856500 2933500  1 25 17   4.2 1024 217  7.4 8  4.6  88    0    5 314 -337  1
3856500 2933500  1 25 18   4.2 1024 223  7.0 8  4.7  92    0    0 314 -337  1
3856500 2933500  1 25 19   4.7 1024 232  6.9 8  4.8  93    0    0 317 -337  1
3856500 2933500  1 25 20   5.0 1024 238  5.8 8  5.0  94    0    0 320 -338  1
3856500 2933500  1 25 21   5.0 1024 242  4.8 7  5.0  93    0    0 315 -338  1
3856500 2933500  1 25 22   4.8 1024 233  4.1 4  4.9  92    0    0 295 -339  1
3856500 2933500  1 25 23   4.2 1024 236  4.6 3  4.8  93    0    0 273 -340  1
3856500 2933500  1 25 24   3.9 1025 240  4.6 1  4.7  94    0    0 256 -340  1
3856500 2933500  1 26  1   3.8 1025 246  5.3 1  4.6  93    0    0 242 -339  1
3856500 2933500  1 26  2   3.8 1024 242  4.8 1  4.5  92    0    0 238 -338  1
3856500 2933500  1 26  3   3.5 1024 239  4.7 1  4.5  92    0    0 235 -333  1
3856500 2933500  1 26  4   3.5 1024 238  4.9 0  4.5  92    0    0 230 -326  1
3856500 2933500  1 26  5   3.5 1024 242  5.4 0  4.5  92    0    0 227 -323  1
3856500 2933500  1 26  6   3.4 1024 244  5.6 2  4.5  93    0    0 236 -323  1
3856500 2933500  1 26  7   3.4 1025 242  5.8 1  4.5  94    0    0 239 -323  1
3856500 2933500  1 26  8   3.4 1025 239  5.8 5  4.5  94    0    0 255 -322  1
3856500 2933500  1 26  9   3.3 1025 235  5.6 5  4.5  95    0    9 282 -322  1
3856500 2933500  1 26 10   3.9 1025 251  5.7 5  4.7  96   16   65 281 -324  1
3856500 2933500  1 26 11   5.0 1025 252  5.8 4  4.9  96   43  120 277 -331  1
3856500 2933500  1 26 12   5.9 1026 252  5.9 5  5.2  93   18  130 282 -338  1
3856500 2933500  1 26 13   6.0 1025 244  6.4 7  5.3  92   12  132 305 -345  1
3856500 2933500  1 26 14   6.2 1025 241  6.5 7  5.3  91   13  125 320 -349  1
3856500 2933500  1 26 15   6.6 1024 237  5.4 7  5.3  90    4   84 320 -352  1
3856500 2933500  1 26 16   6.4 1024 234  5.2 7  5.2  88    5   55 323 -351  1
3856500 2933500  1 26 17   6.0 1023 222  5.5 8  5.2  89    5   21 332 -349  1
3856500 2933500  1 26 18   5.6 1023 226  6.3 8  5.2  92    0    0 339 -347  1
3856500 2933500  1 26 19   5.6 1023 221  6.6 8  5.3  95    0    0 339 -346  1
3856500 2933500  1 26 20   5.6 1022 232  6.9 8  5.3  95    0    0 340 -345  1
3856500 2933500  1 26 21   5.7 1021 229  6.9 8  5.4  95    0    0 342 -346  1
3856500 2933500  1 26 22   5.9 1021 229  5.5 8  5.4  96    0    0 344 -347  1
3856500 2933500  1 26 23   6.2 1020 242  5.3 8  5.5  96    0    0 345 -348  1
3856500 2933500  1 26 24   6.6 1021 252  5.3 8  5.7  96    0    0 347 -351  1
3856500 2933500  1 27  1   7.0 1020 267  6.1 8  5.9  97    0    0 350 -353  1
3856500 2933500  1 27  2   7.4 1021 276  6.1 8  6.2  98    0    0 352 -355  1
3856500 2933500  1 27  3   7.8 1021 278  5.5 8  6.3  98    0    0 354 -356  1
3856500 2933500  1 27  4   7.8 1021 281  5.8 8  6.4  98    0    0 355 -356  1
3856500 2933500  1 27  5   7.9 1021 275  5.8 8  6.4  98    0    0 356 -356  1
3856500 2933500  1 27  6   7.9 1021 273  6.2 8  6.4  97    0    0 356 -356  1
3856500 2933500  1 27  7   8.1 1021 278  7.2 8  6.4  96    0    0 356 -356  1
3856500 2933500  1 27  8   8.0 1021 282  6.8 8  6.4  96    0    0 356 -356  1
3856500 2933500  1 27  9   8.1 1021 282  6.9 8  6.4  96    0    4 356 -356  1
3856500 2933500  1 27 10   8.3 1021 284  6.8 8  6.4  95    5   37 356 -356  1
3856500 2933500  1 27 11   8.5 1021 288  8.0 8  6.5  95    0   50 357 -356  1
3856500 2933500  1 27 12   8.9 1021 287  8.1 8  6.5  94    0   55 358 -357  1
3856500 2933500  1 27 13   9.1 1021 279  8.0 8  6.6  93    0   51 359 -357  1
3856500 2933500  1 27 14   9.5 1021 279  8.2 8  6.7  92    0   39 361 -358  1
3856500 2933500  1 27 15   9.5 1020 274  8.0 8  6.8  92    0   48 362 -358  1
3856500 2933500  1 27 16   9.3 1020 270  7.6 8  6.8  93    0   17 361 -359  1
3856500 2933500  1 27 17   9.4 1019 264  7.3 8  6.8  93    0    7 361 -359  1
3856500 2933500  1 27 18   9.2 1019 265  8.2 8  6.7  93    0    0 360 -359  1
3856500 2933500  1 27 19   8.6 1018 264  7.4 8  6.6  94    0    0 359 -359  1
3856500 2933500  1 27 20   8.5 1018 261  7.9 8  6.5  95    0    0 358 -358  1
3856500 2933500  1 27 21   8.6 1017 261  9.1 8  6.5  94    0    0 358 -358  1
3856500 2933500  1 27 22   8.8 1016 251  9.6 8  6.6  94    0    0 358 -358  1
3856500 2933500  1 27 23   8.8 1015 247  9.3 8  6.6  94    0    0 359 -358  1
3856500 2933500  1 27 24   8.9 1013 269 10.4 8  6.7  94    0    0 358 -357  1
3856500 2933500  1 28  1   7.6 1012 272 11.8 8  6.5  95    0    0 356 -357  1
3856500 2933500  1 28  2   7.5 1011 279 10.2 8  6.0  93    0    0 350 -355  1
3856500 2933500  1 28  3   7.2 1010 276 10.1 8  5.7  89    0    0 347 -351  1
3856500 2933500  1 28  4   6.7 1010 285 11.9 8  5.4  87    0    0 345 -348  1
3856500 2933500  1 28  5   6.1 1009 281 12.2 7  4.9  82    0    0 333 -345  1
3856500 2933500  1 28  6   5.8 1009 279 11.8 6  4.6  79    0    0 315 -342  1
3856500 2933500  1 28  7   5.9 1008 280 11.8 6  4.5  78    0    0 304 -339  1
3856500 2933500  1 28  8   5.6 1008 276 11.3 7  4.5  79    0    0 306 -337  1
3856500 2933500  1 28  9   5.1 1007 276 11.3 6  4.5  80    0    7 300 -336  1
3856500 2933500  1 28 10   5.2 1007 265 13.8 6  4.5  81    0   38 291 -336  1
3856500 2933500  1 28 11   5.1 1006 265 11.4 8  4.6  84    0   36 304 -336  1
3856500 2933500  1 28 12   5.7 1006 264 11.5 7  4.7  84    0   35 308 -337  1
3856500 2933500  1 28 13   5.7 1005 260 12.9 7  4.7  82    0   36 301 -339  1
3856500 2933500  1 28 14   6.3 1005 261 13.0 7  4.6  78    0   72 302 -341  1
3856500 2933500  1 28 15   6.1 1004 261 11.4 7  4.6  78    1   73 303 -341  1
3856500 2933500  1 28 16   5.3 1003 259 11.1 4  4.6  81   17   74 289 -340  1
3856500 2933500  1 28 17   4.0 1002 260  8.5 7  4.4  83    0   11 286 -337  1
3856500 2933500  1 28 18   4.1 1001 253 11.9 7  4.4  85    0    0 298 -334  1
3856500 2933500  1 28 19   3.6 1000 255  8.9 7  4.3  86    0    0 298 -330  1
3856500 2933500  1 28 20   3.4  999 245  6.5 6  4.3  87    0    0 294 -326  1
3856500 2933500  1 28 21   3.4  998 258  5.4 6  4.3  88    0    0 290 -324  1
3856500 2933500  1 28 22   3.5  997 264  6.0 6  4.4  89    0    0 291 -324  1
3856500 2933500  1 28 23   3.6  996 261  6.9 6  4.4  89    0    0 293 -325  1
3856500 2933500  1 28 24   3.1  996 260  5.9 8  4.5  91    0    0 304 -326  1
3856500 2933500  1 29  1   3.3  995 260  6.6 6  4.5  93    0    0 306 -327  1
3856500 2933500  1 29  2   2.7  994 249  6.1 7  4.5  94    0    0 301 -327  1
3856500 2933500  1 29  3   3.4  993 268  6.3 6  4.6  94    0    0 302 -327  1
3856500 2933500  1 29  4   3.3  993 280  4.4 7  4.6  94    0    0 302 -326  1
3856500 2933500  1 29  5   3.4  993 280  5.0 7  4.7  95    0    0 308 -327  1
3856500 2933500  1 29  6   3.6  993 281  3.8 6  4.7  94    0    0 301 -327  1
3856500 2933500  1 29  7   3.6  993 297  4.8 7  4.7  94    0    0 300 -326  1
3856500 2933500  1 29  8   3.4  993 302  4.1 6  4.7  94    0    0 299 -324  1
3856500 2933500  1 29  9   2.8  993 233  2.6 6  4.6  94    0    3 291 -323  1
3856500 2933500  1 29 10   3.3  994 292  3.6 5  4.6  94   14   62 283 -325  1
3856500 2933500  1 29 11   3.8  995 357  5.3 6  4.5  91    7   88 282 -329  1
3856500 2933500  1 29 12   3.9  996 331  4.2 7  4.4  86   29  133 294 -336  1
3856500 2933500  1 29 13   4.3  996 318  4.7 5  4.3  84   18  136 285 -342  1
3856500 2933500  1 29 14   4.4  997   7  6.3 6  4.4  83    1   90 276 -346  1
3856500 2933500  1 29 15   3.6  998 353  5.8 6  4.3  84    2   78 280 -342  1
3856500 2933500  1 29 16   3.3  998 347  5.8 8  4.1  83    0   21 291 -336  1
3856500 2933500  1 29 17   3.1  999 337  5.6 8  4.0  82    0   10 305 -332  1
3856500 2933500  1 29 18   2.9 1000 335  4.9 7  3.9  83    0    0 295 -325  1
3856500 2933500  1 29 19   2.3 1000 332  3.6 7  3.9  84    0    0 283 -320  1
3856500 2933500  1 29 20   1.6 1000 320  3.1 5  3.8  85    0    0 262 -318  1
3856500 2933500  1 29 21   0.8 1000 277  3.4 4  3.7  87    0    0 234 -317  1
3856500 2933500  1 29 22   1.0 1000 268  2.7 6  3.7  90    0    0 245 -317  1
3856500 2933500  1 29 23   0.9 1000 283  2.7 6  3.8  92    0    0 263 -317  1
3856500 2933500  1 29 24   1.0 1000 286  4.4 8  3.9  94    0    0 280 -317  1
3856500 2933500  1 30  1   1.4 1000 286  5.5 7  4.0  95    0    0 288 -317  1
3856500 2933500  1 30  2   1.2  999 299  5.3 7  4.0  94    0    0 279 -317  1
3856500 2933500  1 30  3   1.2  999 303  5.0 8  3.9  93    0    0 285 -317  1
3856500 2933500  1 30  4   1.1  999 301  5.7 7  3.8  92    0    0 283 -317  1
3856500 2933500  1 30  5   0.5  998 279  4.6 4  3.7  91    0    0 233 -317  1
3856500 2933500  1 30  6   0.7  997 283  4.2 5  3.7  91    0    0 210 -317  1
3856500 2933500  1 30  7   0.1  997 285  4.6 5  3.7  94    0    0 217 -316  1
3856500 2933500  1 30  8  -0.2  996 282  3.9 7  3.7  95    0    0 231 -316  1
3856500 2933500  1 30  9   0.0  996 285  3.9 7  3.7  96    0    1 259 -315  1
3856500 2933500  1 30 10  -0.1  996 281  4.7 8  3.7  98    0   25 270 -313  1
3856500 2933500  1 30 11   0.0  995 269  4.9 8  3.8  98    0   24 282 -313  1
3856500 2933500  1 30 12   0.0  995 317  5.8 8  3.8  98    0   38 284 -314  1
3856500 2933500  1 30 13   0.4  996 350  5.3 8  3.8  96    1   98 285 -316  1
3856500 2933500  1 30 14   0.3  996  12  7.5 7  3.6  92    0   85 276 -316  1
3856500 2933500  1 30 15  -0.2  996 359  7.4 7  3.4  88    0   61 265 -315  1
3856500 2933500  1 30 16  -0.9  997  10  7.8 4  3.2  86   22   75 239 -311  1
3856500 2933500  1 30 17  -1.2  998  11  6.7 7  3.0  85    5   20 237 -306  1
3856500 2933500  1 30 18  -1.6  999  14  7.3 8  2.9  83    0    0 261 -301  1
3856500 2933500  1 30 19  -2.8 1001  25  7.3 7  2.6  80    0    0 256 -298  1
3856500 2933500  1 30 20  -3.4 1002  15  7.6 5  2.3  76    0    0 233 -298  1
3856500 2933500  1 30 21  -3.3 1003  26  7.0 4  2.2  74    0    0 213 -297  1
3856500 2933500  1 30 22  -3.6 1004  15  6.3 5  2.1  71    0    0 211 -297  1
3856500 2933500  1 30 23  -4.1 1005  18  6.4 5  2.0  71    0    0 215 -297  1
3856500 2933500  1 30 24  -3.9 1006  14  6.6 6  2.0  70    0    0 221 -296  1
3856500 2933500  1 31  1  -4.3 1007  11  7.2 5  2.0  70    0    0 220 -295  1
3856500 2933500  1 31  2  -3.8 1008  14  7.0 5  2.0  72    0    0 214 -295  1
3856500 2933500  1 31  3  -4.0 1008   7  6.4 5  2.1  75    0    0 216 -293  1
3856500 2933500  1 31  4  -4.1 1009  15  5.5 4  2.1  76    0    0 213 -292  1
3856500 2933500  1 31  5  -4.4 1010  14  4.8 5  2.1  75    0    0 213 -292  1
3856500 2933500  1 31  6  -4.9 1011  19  4.1 5  2.1  77    0    0 216 -291  1
3856500 2933500  1 31  7  -4.1 1011  37  4.4 6  2.2  80    0    0 221 -290  1
3856500 2933500  1 31  8  -4.4 1012  54  4.9 5  2.3  81    0    0 221 -289  1
3856500 2933500  1 31  9  -4.0 1013  49  4.6 5  2.3  81    3   10 217 -290  1
3856500 2933500  1 31 10  -3.5 1014  47  4.4 4  2.2  77  110   29 214 -293  1
3856500 2933500  1 31 11  -2.7 1016  50  4.4 3  2.1  69  157   32 208 -299  1
3856500 2933500  1 31 12  -2.7 1017  33  5.6 4  2.0  65   71   90 211 -306  1
3856500 2933500  1 31 13  -1.9 1018  17  5.7 4  2.0  63   40  110 218 -309  1
3856500 2933500  1 31 14  -2.1 1018  39  5.1 4  2.0  61   30  103 220 -309  1
3856500 2933500  1 31 15  -2.1 1019  21  5.5 4  2.0  61   63   70 219 -308  1
3856500 2933500  1 31 16  -2.4 1019  26  3.9 4  2.0  61   56   35 219 -305  1
3856500 2933500  1 31 17  -3.2 1020  13  2.7 2  1.9  64   19    9 210 -299  1
3856500 2933500  1 31 18  -5.4 1021 354  1.6 2  1.9  69    0    0 197 -293  1
3856500 2933500  1 31 19  -7.1 1021 319  1.6 2  1.8  78    0    0 190 -287  1
3856500 2933500  1 31 20  -8.7 1022 340  1.4 2  1.8  86    0    0 184 -283  1
3856500 2933500  1 31 21  -9.8 1023 292  0.8 1  1.7  92    0    0 177 -278  1
3856500 2933500  1 31 22 -10.2 1023 194  0.7 3  1.7  96    0    0 178 -272  1
3856500 2933500  1 31 23  -9.8 1023 202  1.4 3  1.7  95    0    0 184 -269  1
3856500 2933500  1 31 24  -9.7 1023 208  2.1 1  1.7  94    0    0 179 -270  1
3856500 2933500  2  1  1 -10.9 1023 206  1.8 0  1.6  95    0    0 164 -270  1
3856500 2933500  2  1  2 -11.1 1023 210  2.4 0  1.6  96    0    0 163 -270  1
3856500 2933500  2  1  3 -11.5 1023 203  3.0 0  1.5  96    0    0 161 -270  1
3856500 2933500  2  1  4  -9.2 1023 189  3.1 0  1.6  95    0    0 163 -271  1
3856500 2933500  2  1  5  -8.3 1022 187  3.4 1  1.8  95    0    0 171 -272  1
3856500 2933500  2  1  6  -8.0 1022 183  3.7 2  1.9  94    0    0 179 -273  1
3856500 2933500  2  1  7  -7.7 1021 194  4.1 3  2.0  95    0    0 188 -275  1
3856500 2933500  2  1  8  -6.9 1021 193  4.1 5  2.1  96    0    0 201 -276  1
3856500 2933500  2  1  9  -6.0 1020 180  4.5 5  2.2  94    0   14 211 -278  1
3856500 2933500  2  1 10  -5.4 1020 188  5.5 6  2.3  93    5   61 219 -283  1
3856500 2933500  2  1 11  -3.8 1020 195  7.0 8  2.4  89    1   82 234 -291  1
3856500 2933500  2  1 12  -2.9 1019 190  6.8 7  2.4  83   30  125 244 -299  1
3856500 2933500  2  1 13  -2.2 1018 195  6.9 7  2.5  79   58  134 247 -305  1
3856500 2933500  2  1 14  -1.6 1017 186  7.2 7  2.5  76   92  115 252 -309  1
3856500 2933500  2  1 15  -1.9 1016 175  6.6 7  2.5  74   67   96 255 -310  1
3856500 2933500  2  1 16  -1.7 1015 176  6.5 8  2.4  73    0   48 260 -310  1
3856500 2933500  2  1 17  -2.0 1015 171  6.1 7  2.5  75    0   14 262 -307  1
3856500 2933500  2  1 18  -2.0 1014 179  6.5 8  2.6  79    0    0 264 -304  1
3856500 2933500  2  1 19  -2.4 1014 175  6.8 8  2.7  84    0    0 271 -303  1
3856500 2933500  2  1 20  -2.6 1014 174  6.4 8  2.8  90    0    0 274 -302  1
3856500 2933500  2  1 21  -2.6 1013 176  6.8 8  2.9  93    0    0 276 -302  1
3856500 2933500  2  1 22  -2.7 1013 181  6.5 7  2.9  95    0    0 276 -303  1
3856500 2933500  2  1 23  -2.6 1012 186  6.5 7  2.9  94    0    0 275 -303  1
3856500 2933500  2  1 24  -2.4 1011 188  6.3 7  2.9  93    0    0 277 -304  1
3856500 2933500  2  2  1  -2.2 1011 192  5.5 7  2.9  92    0    0 277 -304  1
3856500 2933500  2  2  2  -2.0 1010 199  4.7 8  3.0  92    0    0 281 -305  1
3856500 2933500  2  2  3  -1.8 1010 200  5.4 8  3.0  92    0    0 285 -306  1
3856500 2933500  2  2  4  -1.7 1009 206  6.1 8  3.1  93    0    0 285 -307  1
3856500 2933500  2  2  5  -1.4 1009 203  5.7 7  3.2  94    0    0 284 -307  1
3856500 2933500  2  2  6  -1.0 1008 206  5.8 6  3.3  96    0    0 280 -309  1
3856500 2933500  2  2  7  -0.3 1008 211  6.2 7  3.6  98    0    0 284 -310  1
3856500 2933500  2  2  8   0.2 1007 218  6.5 8  3.8  99    0    0 296 -311  1
3856500 2933500  2  2  9   0.4 1007 209  6.8 8  3.9 100    0    8 302 -311  1
3856500 2933500  2  2 10   0.9 1006 202  7.4 7  4.0  99    0   28 301 -312  1
3856500 2933500  2  2 11   1.3 1005 203  7.6 7  4.0  97    0   53 298 -314  1
3856500 2933500  2  2 12   1.9 1005 205  8.0 6  4.0  94    5  133 295 -316  1
3856500 2933500  2  2 13   2.2 1004 208  8.0 7  4.0  90    0  104 297 -317  1
3856500 2933500  2  2 14   1.9 1003 217  8.0 8  4.0  90    0   49 306 -318  1
3856500 2933500  2  2 15   1.8 1002 210  7.5 7  4.0  92    0   51 305 -318  1
3856500 2933500  2  2 16   1.6 1001 210  7.5 8  4.1  94    0   26 305 -318  1
3856500 2933500  2  2 17   1.7 1000 213  7.6 8  4.1  95    0    9 311 -318  1
3856500 2933500  2  2 18   1.9  999 213  7.2 8  4.2  95    0    0 312 -318  1
3856500 2933500  2  2 19   2.2  998 217  7.7 8  4.3  96    0    0 314 -318  1
3856500 2933500  2  2 20   2.4  998 213  7.3 8  4.4  97    0    0 317 -318  1
3856500 2933500  2  2 21   2.5  997 214  7.3 8  4.4  97    0    0 319 -318  1
3856500 2933500  2  2 22   2.6  996 214  7.2 8  4.5  97    0    0 320 -318  1
3856500 2933500  2  2 23   3.0  995 228  7.1 8  4.5  95    0    0 320 -318  1
3856500 2933500  2  2 24   3.6  993 244  6.9 7  4.6  93    0    0 319 -318  1
3856500 2933500  2  3  1   4.5 1032 264  6.7 6  4.7  91    0    0 292 -327  1
3856500 2933500  2  3  2   5.3 1032 281  6.6 6  4.8  88    0    0 297 -326  1
3856500 2933500  2  3  3   6.1 1032 295  6.6 6  4.9  87    0    0 293 -325  1
3856500 2933500  2  3  4   6.4 1033 299  6.9 6  5.0  86    0    0 309 -325  1
3856500 2933500  2  3  5   6.5 1033 301  7.0 6  5.0  86    0    0 320 -325  1
3856500 2933500  2  3  6   6.9 1033 308  7.6 7  5.1  85    0    0 321 -325  1
3856500 2933500  2  3  7   7.0 1033 310  7.5 5  5.2  86    0    0 309 -325  1
3856500 2933500  2  3  8   7.0 1033 313  6.4 5  5.2  86    0    0 298 -325  1
3856500 2933500  2  3  9   7.1 1034 319  6.6 6  5.3  86    0   12 301 -326  1
3856500 2933500  2  3 10   7.6 1034 309  6.9 7  5.4  86    0   48 311 -328  1
3856500 2933500  2  3 11   7.9 1034 314  6.9 7  5.5  85    0   73 314 -335  1
3856500 2933500  2  3 12   8.1 1034 317  7.7 7  5.5  84    0   80 314 -345  1
3856500 2933500  2  3 13   8.2 1034 325  7.9 7  5.5  83    0   76 313 -353  1
3856500 2933500  2  3 14   8.0 1034 314  8.1 7  5.4  82    0   85 315 -358  1
3856500 2933500  2  3 15   8.2 1034 313  7.6 7  5.3  80   11  108 319 -358  1
3856500 2933500  2  3 16   8.1 1034 320  6.5 6  5.2  79   21   75 316 -354  1
3856500 2933500  2  3 17   7.9 1034 315  6.0 7  5.2  80    0    7 316 -349  1
3856500 2933500  2  3 18   7.6 1034 317  5.2 7  5.3  83    0    0 322 -345  1
3856500 2933500  2  3 19   7.3 1034 312  4.4 7  5.5  87    0    0 320 -343  1
3856500 2933500  2  3 20   7.1 1034 315  3.8 7  5.6  91    0    0 320 -343  1
3856500 2933500  2  3 21   7.0 1034 317  4.0 6  5.7  93    0    0 313 -342  1
3856500 2933500  2  3 22   7.1 1035 321  3.8 8  5.8  94    0    0 317 -340  1
3856500 2933500  2  3 23   7.0 1035 324  4.3 8  5.8  94    0    0 327 -338  1
3856500 2933500  2  3 24   6.9 1035 326  3.9 6  5.7  94    0    0 317 -338  1
3856500 2933500  2  4  1   6.7 1035 311  3.6 8  5.6  93    0    0 316 -334  1
3856500 2933500  2  4  2   6.5 1035 318  3.8 8  5.5  92    0    0 327 -330  1
3856500 2933500  2  4  3   6.2 1034 319  4.3 8  5.4  92    0    0 327 -327  1
3856500 2933500  2  4  4   6.2 1034 314  4.3 8  5.3  91    0    0 327 -324  1
3856500 2933500  2  4  5   6.0 1034 307  3.5 8  5.1  90    0    0 328 -322  1
3856500 2933500  2  4  6   5.8 1034 296  2.8 7  5.0  88    0    0 321 -321  1
3856500 2933500  2  4  7   5.7 1034 285  2.8 6  5.0  89    0    0 307 -320  1
3856500 2933500  2  4  8   5.7 1034 274  3.3 6  5.0  90    0    0 298 -319  1
3856500 2933500  2  4  9   5.7 1034 286  4.2 6  5.0  89    0   11 295 -319  1
3856500 2933500  2  4 10   5.8 1034 277  5.1 7  4.9  88    0   53 299 -322  1
3856500 2933500  2  4 11   5.8 1033 282  5.4 7  4.8  86    0   65 303 -330  1
3856500 2933500  2  4 12   5.6 1033 273  5.8 7  4.7  84    0   74 302 -340  1
3856500 2933500  2  4 13   5.7 1032 262  5.6 7  4.7  84    0   88 300 -350  1
3856500 2933500  2  4 14   5.7 1031 254  5.1 8  4.7  83    5  120 304 -356  1
3856500 2933500  2  4 15   5.8 1031 247  4.8 5  4.7  83   53  123 292 -357  1
3856500 2933500  2  4 16   5.6 1030 240  5.2 4  4.7  83   79   73 269 -354  1
3856500 2933500  2  4 17   4.7 1029 244  4.9 6  4.6  85   15   30 271 -346  1
3856500 2933500  2  4 18   4.0 1028 245  4.4 6  4.5  87    0    0 275 -337  1
3856500 2933500  2  4 19   3.7 1028 247  4.2 5  4.4  90    0    0 266 -330  1
3856500 2933500  2  4 20   3.7 1027 247  4.7 5  4.4  91    0    0 260 -325  1
3856500 2933500  2  4 21   3.3 1026 255  5.6 6  4.4  92    0    0 264 -322  1
3856500 2933500  2  4 22   3.7 1026 249  5.4 3  4.5  93    0    0 253 -320  1
3856500 2933500  2  4 23   3.3 1025 237  5.2 3  4.5  92    0    0 234 -318  1
3856500 2933500  2  4 24   3.3 1024 257  5.5 6  4.4  92    0    0 245 -317  1
3856500 2933500  2  5  1   2.4 1023 252  4.8 6  4.3  93    0    0 259 -317  1
3856500 2933500  2  5  2   2.7 1022 257  4.0 8  4.2  94    0    0 270 -317  1
3856500 2933500  2  5  3   3.2 1021 239  3.3 8  4.3  94    0    0 286 -317  1
3856500 2933500  2  5  4   3.0 1019 236  3.3 7  4.4  93    0    0 284 -318  1
3856500 2933500  2  5  5   3.0 1018 239  2.9 5  4.3  93    0    0 271 -318  1
3856500 2933500  2  5  6   2.7 1017 258  2.6 8  4.3  93    0    0 283 -319  1
3856500 2933500  2  5  7   2.7 1016 250  2.3 7  4.3  93    0    0 299 -320  1
3856500 2933500  2  5  8   2.5 1015 245  3.0 7  4.3  94    0    0 296 -319  1
3856500 2933500  2  5  9   2.7 1015 265  2.6 8  4.4  96    0    7 304 -319  1
3856500 2933500  2  5 10   3.0 1014 250  2.4 8  4.4  95    0   35 314 -323  1
3856500 2933500  2  5 11   3.7 1014 261  2.9 8  4.5  94    0   56 315 -332  1
3856500 2933500  2  5 12   4.2 1013 300  4.2 8  4.7  92    0   83 316 -339  1
3856500 2933500  2  5 13   4.7 1013 299  4.8 7  4.7  90    0  110 305 -343  1
3856500 2933500  2  5 14   5.6 1012 285  5.0 6  4.7  86    8  120 286 -343  1
3856500 2933500  2  5 15   5.0 1011 282  6.0 6  4.7  84   49   99 276 -342  1
3856500 2933500  2  5 16   5.7 1011 287  7.0 4  4.4  79   38   62 255 -340  1
3856500 2933500  2  5 17   4.5 1010 292  5.1 4  4.1  75   19   22 239 -335  1
3856500 2933500  2  5 18   2.6 1010 302  4.1 4  3.9  80    0    0 238 -330  1
3856500 2933500  2  5 19   2.2 1010 276  4.0 3  3.7  83    0    0 230 -327  1
3856500 2933500  2  5 20   1.7 1010 275  3.9 3  3.7  84    0    0 225 -323  1
3856500 2933500  2  5 21   1.3 1009 244  3.1 1  3.6  86    0    0 212 -319  1
3856500 2933500  2  5 22   1.0 1009 244  3.0 1  3.6  88    0    0 200 -317  1
3856500 2933500  2  5 23   0.8 1009 258  3.7 2  3.6  89    0    0 207 -317  1
3856500 2933500  2  5 24   0.6 1008 247  3.5 2  3.6  90    0    0 211 -317  1
3856500 2933500  2  6  1   0.6 1008 242  4.5 2  3.6  91    0    0 210 -317  1
3856500 2933500  2  6  2   0.6 1008 240  5.1 2  3.6  92    0    0 209 -317  1
3856500 2933500  2  6  3   0.5 1007 255  4.8 3  3.7  92    0    0 214 -317  1
3856500 2933500  2  6  4   0.0 1007 249  2.1 5  3.6  92    0    0 229 -317  1
3856500 2933500  2  6  5  -0.3 1006 245  4.2 5  3.5  93    0    0 241 -317  1
3856500 2933500  2  6  6  -0.3 1006 245  4.6 5  3.5  95    0    0 242 -317  1
3856500 2933500  2  6  7  -0.1 1006 226  3.6 3  3.5  94    0    0 229 -317  1
3856500 2933500  2  6  8  -0.6 1005 224  3.7 3  3.5  93    0    0 217 -317  1
3856500 2933500  2  6  9  -0.1 1005 231  4.0 4  3.5  93    3   24 224 -317  1
3856500 2933500  2  6 10   1.0 1005 233  3.9 2  3.6  92   59   62 223 -317  1
3856500 2933500  2  6 11   1.6 1005 222  4.3 2  3.8  90  122   85 218 -317  1
3856500 2933500  2  6 12   3.0 1005 236  4.8 2  3.9  86  222   67 225 -317  1
3856500 2933500  2  6 13   3.8 1004 231  4.8 2  4.0  81  246   68 230 -320  1
3856500 2933500  2  6 14   4.2 1004 252  4.1 4  4.0  78   21  135 242 -327  1
3856500 2933500  2  6 15   4.1 1003 236  3.7 5  3.9  76   11  106 257 -332  1
3856500 2933500  2  6 16   2.5 1003 224  2.2 4  3.9  81   30   73 255 -332  1
3856500 2933500  2  6 17   2.2 1003 219  2.3 5  3.8  85   16   27 250 -328  1
3856500 2933500  2  6 18   1.4 1002 223  3.0 6  3.7  85    0    0 255 -323  1
3856500 2933500  2  6 19   0.1 1002 176  2.3 5  3.7  91    0    0 251 -318  1
3856500 2933500  2  6 20   0.1 1002 169  3.1 3  3.7  95    0    0 235 -317  1
3856500 2933500  2  6 21  -0.1 1002 203  3.4 3  3.6  94    0    0 224 -317  1
3856500 2933500  2  6 22  -0.3 1002 199  3.4 1  3.6  95    0    0 215 -317  1
3856500 2933500  2  6 23   0.0 1001 209  4.0 2  3.6  94    0    0 211 -317  1
3856500 2933500  2  6 24  -0.8 1001 224  3.9 2  3.5  95    0    0 216 -317  1
3856500 2933500  2  7  1  -1.0 1001 195  3.5 2  3.5  97    0    0 213 -317  1
3856500 2933500  2  7  2  -1.3 1001 208  3.4 4  3.5  98    0    0 221 -316  1
3856500 2933500  2  7  3  -1.0 1001 216  3.2 5  3.5  99    0    0 233 -312  1
3856500 2933500  2  7  4  -1.1 1000 230  3.3 7  3.5  98    0    0 245 -303  1
3856500 2933500  2  7  5  -0.9 1000 189  3.2 8  3.5  98    0    0 257 -297  1
3856500 2933500  2  7  6  -1.4 1000 188  3.0 8  3.5  98    0    0 259 -296  1
3856500 2933500  2  7  7  -1.6 1000 184  3.2 7  3.4  98    0    0 253 -295  1
3856500 2933500  2  7  8  -2.2 1000 185  2.8 8  3.3  99    0    0 252 -295  1
3856500 2933500  2  7  9  -1.8 1000 188  3.4 8  3.3  98    0   15 258 -295  1
3856500 2933500  2  7 10  -1.6 1000 178  3.3 6  3.3  98    5   73 252 -298  1
3856500 2933500  2  7 11  -0.9 1000 179  3.4 6  3.4  98    8  110 246 -305  1
3856500 2933500  2  7 12  -0.1 1001 185  3.9 7  3.5  96    9  138 255 -312  1
3856500 2933500  2  7 13   0.5 1001 200  3.4 6  3.6  94   22  157 258 -316  1
3856500 2933500  2  7 14   1.8 1001 191  3.6 4  3.8  90   79  153 247 -317  1
3856500 2933500  2  7 15   2.0 1000 185  3.6 2  3.7  85  125  109 230 -317  1
3856500 2933500  2  7 16   2.3 1000 194  3.9 3  3.7  82   92   72 228 -317  1
3856500 2933500  2  7 17   1.7 1000 177  3.7 6  3.7  84   18   32 245 -317  1
3856500 2933500  2  7 18   1.0 1000 151  3.4 6  3.7  88    0    0 257 -314  1
3856500 2933500  2  7 19   0.1 1001 158  3.6 5  3.7  92    0    0 251 -306  1
3856500 2933500  2  7 20  -0.7 1001 164  3.9 5  3.6  95    0    0 244 -299  1
3856500 2933500  2  7 21  -0.6 1001 169  3.7 7  3.6  97    0    0 250 -299  1
3856500 2933500  2  7 22  -0.5 1001 171  4.5 7  3.6  97    0    0 258 -298  1
3856500 2933500  2  7 23  -1.0 1000 172  4.1 7  3.5  97    0    0 257 -298  1
3856500 2933500  2  7 24  -1.3 1000 168  4.6 8  3.5  98    0    0 259 -298  1
3856500 2933500  2  8  1  -1.7 1000 179  3.6 5  3.4  99    0    0 251 -297  1
3856500 2933500  2  8  2  -1.6 1000 176  3.6 7  3.3  98    0    0 248 -297  1
3856500 2933500  2  8  3  -2.0 1000 165  3.8 7  3.3  98    0    0 257 -297  1
3856500 2933500  2  8  4  -2.6 1000 152  4.1 5  3.2  98    0    0 250 -297  1
3856500 2933500  2  8  5  -2.7 1000 149  4.5 4  3.1  97    0    0 239 -298  1
3856500 2933500  2  8  6  -3.4  999 134  3.9 4  3.0  97    0    0 235 -299  1
3856500 2933500  2  8  7  -4.4  999 124  3.9 2  2.8  98    0    0 225 -298  1
3856500 2933500  2  8  8  -4.5  999 127  4.3 3  2.7  98    0    0 221 -296  1
3856500 2933500  2  8  9  -3.5  999 109  4.4 4  2.8  97    2   26 231 -296  1
3856500 2933500  2  8 10  -2.6  998 107  5.4 5  3.0  96   17   78 244 -298  1
3856500 2933500  2  8 11  -1.8  998 106  5.8 5  3.2  97   55  119 252 -301  1
3856500 2933500  2  8 12  -1.1  997 111  7.1 7  3.4  97    4  126 267 -306  1
3856500 2933500  2  8 13  -0.8  996 102  8.3 7  3.4  95    0   84 280 -309  1
3856500 2933500  2  8 14  -0.5  995 102 10.2 7  3.4  92    0   70 282 -311  1
3856500 2933500  2  8 15  -0.2  994  97 10.1 7  3.4  89    0   43 282 -312  1
3856500 2933500  2  8 16  -0.1  993  96 11.0 7  3.4  88    0   34 282 -311  1
3856500 2933500  2  8 17  -0.1  993 109  9.6 7  3.3  87    0   11 279 -309  1
3856500 2933500  2  8 18  -0.2  993 101  9.3 7  3.4  88    0    0 277 -307  1
3856500 2933500  2  8 19  -0.6  993  94  8.7 8  3.5  93    0    0 283 -305  1
3856500 2933500  2  8 20  -0.6  993  92  8.7 8  3.6  96    0    0 288 -304  1
3856500 2933500  2  8 21  -0.4  993  86  8.8 8  3.6  97    0    0 290 -304  1
3856500 2933500  2  8 22  -0.5  993  88  8.7 7  3.6  97    0    0 285 -304  1
3856500 2933500  2  8 23  -0.5  993  85  8.7 7  3.6  97    0    0 280 -303  1
3856500 2933500  2  8 24  -0.5  993  87  8.1 8  3.6  98    0    0 287 -303  1
3856500 2933500  2  9  1  -0.4  993  81  8.5 8  3.7  98    0    0 293 -302  1
3856500 2933500  2  9  2  -0.3  994  87  7.9 8  3.7  98    0    0 294 -301  1
3856500 2933500  2  9  3  -0.3  994  86  7.7 8  3.7  98    0    0 297 -300  1
3856500 2933500  2  9  4  -0.1  995  82  6.9 8  3.7  97    0    0 298 -300  1
3856500 2933500  2  9  5  -0.1  995  76  6.3 8  3.7  97    0    0 299 -299  1
3856500 2933500  2  9  6  -0.1  996  72  6.2 8  3.7  98    0    0 299 -299  1
3856500 2933500  2  9  7  -0.1  996  73  6.8 8  3.7  97    0    0 299 -299  1
3856500 2933500  2  9  8   0.0  997  68  7.1 8  3.7  97    0    0 299 -299  1
3856500 2933500  2  9  9   0.0  999  74  6.0 8  3.7  96    0   20 299 -300  1
3856500 2933500  2  9 10  -0.1 1000  66  4.5 8  3.7  96    0   43 299 -302  1
3856500 2933500  2  9 11   0.0 1001  62  4.8 8  3.7  95    0   39 299 -305  1
3856500 2933500  2  9 12   0.0 1002  58  5.7 8  3.6  94    0   46 299 -309  1
3856500 2933500  2  9 13   0.1 1003  44  4.7 8  3.6  93    0   49 298 -311  1
3856500 2933500  2  9 14   0.4 1004  51  4.8 7  3.6  92    0   48 295 -312  1
3856500 2933500  2  9 15   0.8 1005  49  7.3 8  3.6  89    0   44 296 -312  1
3856500 2933500  2  9 16   0.8 1006  52  7.6 8  3.5  87    0   35 300 -310  1
3856500 2933500  2  9 17   0.7 1007  58  6.1 8  3.5  87    0   16 299 -307  1
3856500 2933500  2  9 18   0.7 1008  59  5.0 7  3.5  87    0    0 292 -304  1
3856500 2933500  2  9 19   0.6 1008  66  7.0 7  3.5  86    0    0 287 -302  1
3856500 2933500  2  9 20   0.5 1009  68  5.3 7  3.4  86    0    0 287 -299  1
3856500 2933500  2  9 21   0.1 1009  79  4.7 7  3.4  88    0    0 285 -297  1
3856500 2933500  2  9 22   0.2 1009  81  5.8 6  3.4  89    0    0 280 -297  1
3856500 2933500  2  9 23   0.1 1009  88  6.3 6  3.4  88    0    0 273 -297  1
3856500 2933500  2  9 24   0.0 1009  81  5.1 5  3.4  88    0    0 267 -297  1
3856500 2933500  2 10  1  -0.2 1009  85  5.1 6  3.3  89    0    0 267 -295  1
3856500 2933500  2 10  2  -0.4 1010  88  5.7 7  3.3  89    0    0 277 -295  1
3856500 2933500  2 10  3  -0.4 1009  85  7.1 7  3.2  87    0    0 282 -294  1
3856500 2933500  2 10  4  -0.6 1009  84  6.0 5  3.2  87    0    0 269 -294  1
3856500 2933500  2 10  5  -1.0 1008  85  6.6 6  3.2  89    0    0 259 -293  1
3856500 2933500  2 10  6  -1.3 1008  89  6.6 7  3.1  88    0    0 266 -293  1
3856500 2933500  2 10  7  -1.5 1008  89  6.9 6  3.0  88    0    0 261 -293  1
3856500 2933500  2 10  8  -1.8 1008  83  7.0 6  2.9  87    0    0 250 -293  1
3856500 2933500  2 10  9  -1.9 1008  88  6.9 6  2.9  87    0   10 247 -293  1
3856500 2933500  2 10 10  -2.0 1009  96  7.1 8  2.9  87    0   41 262 -297  1
3856500 2933500  2 10 11  -1.8 1009  99  8.2 8  2.9  86    0   51 277 -301  1
3856500 2933500  2 10 12  -1.7 1009  99  8.0 8  2.9  86    0   77 280 -304  1
3856500 2933500  2 10 13  -1.5 1009  98  7.8 7  2.9  85    0  119 275 -307  1
3856500 2933500  2 10 14  -1.7 1009 100  8.6 8  2.9  85    0  100 276 -310  1
3856500 2933500  2 10 15  -1.7 1009  80  9.2 8  2.8  84    0   57 280 -310  1
3856500 2933500  2 10 16  -1.6 1009  88  7.9 7  2.8  84    0   54 272 -308  1
3856500 2933500  2 10 17  -1.6 1009 102  8.7 8  2.8  84    0   16 268 -304  1
3856500 2933500  2 10 18  -1.7 1009  92  8.1 8  2.8  84    0    0 269 -299  1
3856500 2933500  2 10 19  -1.7 1009 108  8.4 7  2.8  85    0    0 261 -295  1
3856500 2933500  2 10 20  -1.9 1010  93  8.9 8  2.8  85    0    0 261 -291  1
3856500 2933500  2 10 21  -2.1 1010  95  8.6 7  2.8  86    0    0 261 -289  1
3856500 2933500  2 10 22  -2.4 1009 109  7.7 8  2.9  89    0    0 263 -288  1
3856500 2933500  2 10 23  -2.2 1009  98  8.1 8  2.9  90    0    0 271 -286  1
3856500 2933500  2 10 24  -2.2 1008 111  8.1 7  2.9  90    0    0 267 -285  1
3856500 2933500  2 11  1  -2.3 1008 107  8.8 6  3.0  92    0    0 253 -284  1
3856500 2933500  2 11  2  -2.1 1007 124  8.4 7  3.1  95    0    0 254 -285  1
3856500 2933500  2 11  3  -2.0 1006 107  8.3 7  3.1  95    0    0 261 -287  1
3856500 2933500  2 11  4  -1.8 1005 110  8.0 8  3.1  95    0    0 270 -289  1
3856500 2933500  2 11  5  -1.3 1004 108  7.4 8  3.2  95    0    0 280 -291  1
3856500 2933500  2 11  6  -1.3 1003 109  7.6 8  3.4  97    0    0 283 -292  1
3856500 2933500  2 11  7  -0.9 1002 111  7.3 8  3.5  99    0    0 287 -293  1
3856500 2933500  2 11  8  -0.6 1001 111  7.2 8  3.6  99    0    0 291 -294  1
3856500 2933500  2 11  9  -0.6 1000 113  8.0 7  3.6  99    0   12 288 -294  1
3856500 2933500  2 11 10  -0.1 1000 115  8.0 7  3.7  99    0   61 286 -297  1
3856500 2933500  2 11 11   0.5  999 114  9.1 7  3.8  98    0  101 290 -301  1
3856500 2933500  2 11 12   0.8  997 111  9.3 7  3.9  98    0  106 293 -305  1
3856500 2933500  2 11 13   1.1  996 110 10.1 7  4.0  98    0  100 295 -306  1
3856500 2933500  2 11 14   1.0  996 117  9.4 7  4.1  98    0  103 296 -309  1
3856500 2933500  2 11 15   1.2  995 109  8.7 8  4.2  99    0   58 301 -311  1
3856500 2933500  2 11 16   1.4  995 113  8.0 8  4.2  99    0   41 305 -312  1
3856500 2933500  2 11 17   1.6  995 118  7.2 7  4.2  98    2   34 300 -312  1
3856500 2933500  2 11 18   1.5  995 120  5.5 8  4.3  99    0    0 300 -312  1
3856500 2933500  2 11 19   1.6  995 122  4.6 8  4.3  99    0    0 305 -312  1
3856500 2933500  2 11 20   1.5  995 127  3.9 8  4.3 100    0    0 307 -312  1
3856500 2933500  2 11 21   1.7  995 144  3.3 8  4.3 100    0    0 309 -314  1
3856500 2933500  2 11 22   1.9  995 172  3.1 5  4.4 100    0    0 294 -316  1
3856500 2933500  2 11 23   2.6  996 183  3.0 5  4.5 100    0    0 277 -317  1
3856500 2933500  2 11 24   3.9  996 206  3.5 2  4.8  99    0    0 260 -317  1
3856500 2933500  2 12  1   4.8  996 212  4.2 6  5.1  97    0    0 271 -317  1
3856500 2933500  2 12  2   4.5  997 205  3.8 7  5.2  97    0    0 305 -317  1
3856500 2933500  2 12  3   4.4  997 213  3.7 5  5.1  97    0    0 298 -318  1
3856500 2933500  2 12  4   4.3  997 198  3.3 5  5.1  97    0    0 285 -317  1
3856500 2933500  2 12  5   4.5  996 201  3.8 6  5.2  98    0    0 295 -317  1
3856500 2933500  2 12  6   4.6  996 198  3.8 6  5.3  99    0    0 305 -315  1
3856500 2933500  2 12  7   4.6  996 165  3.9 8  5.3  99    0    0 320 -313  1
3856500 2933500  2 12  8   4.6  995 149  3.6 6  5.3  99    0    0 320 -314  1
3856500 2933500  2 12  9   4.8  994 141  4.1 7  5.4 100    0   10 314 -317  1
3856500 2933500  2 12 10   5.4  993 147  4.5 7  5.6 100    0   48 323 -317  1
3856500 2933500  2 12 11   5.9  992 139  5.0 7  5.7  99    0   76 324 -318  1
3856500 2933500  2 12 12   6.2  992 142  5.4 7  5.8  97    0   65 325 -318  1
3856500 2933500  2 12 13   6.4  991 145  5.3 8  5.9  97    0   60 331 -318  1
3856500 2933500  2 12 14   6.5  990 150  5.2 8  6.0  98    0   36 336 -318  1
3856500 2933500  2 12 15   6.7  989 175  4.7 8  6.1  98    0   30 335 -318  1
3856500 2933500  2 12 16   6.7  989 182  3.9 8  6.1  98    0   48 333 -318  1
3856500 2933500  2 12 17   7.0  988 168  4.0 8  6.2  98    5   44 333 -318  1
3856500 2933500  2 12 18   6.6  989 179  3.1 6  6.2  98    0    0 320 -318  1
3856500 2933500  2 12 19   6.6  988 172  3.7 7  6.0  97    0    0 313 -318  1
3856500 2933500  2 12 20   6.1  988 169  3.5 7  5.9  97    0    0 319 -316  1
3856500 2933500  2 12 21   6.2  988 141  3.8 8  5.8  97    0    0 323 -315  1
3856500 2933500  2 12 22   6.3  988 174  3.8 8  5.9  97    0    0 330 -317  1
3856500 2933500  2 12 23   6.2  988 156  3.8 8  5.9  98    0    0 333 -318  1
3856500 2933500  2 12 24   5.9  988 154  3.7 7  5.9  98    0    0 327 -318  1
3856500 2933500  2 13  1   6.1  988 156  3.6 7  5.8  97    0    0 321 -318  1
3856500 2933500  2 13  2   6.2  989 167  3.4 7  5.8  96    0    0 321 -318  1
3856500 2933500  2 13  3   6.1  989 165  3.0 6  5.8  97    0    0 316 -317  1
3856500 2933500  2 13  4   6.0  990 201  3.1 7  5.9  99    0    0 315 -317  1
3856500 2933500  2 13  5   5.9  990 298  3.6 8  5.9  99    0    0 327 -318  1
3856500 2933500  2 13  6   5.9  991 312  3.8 8  5.8  98    0    0 332 -318  1
3856500 2933500  2 13  7   6.0  992 303  5.1 8  5.8  98    0    0 332 -318  1
3856500 2933500  2 13  8   5.9  993 309  4.8 8  5.8  98    0    0 330 -318  1
3856500 2933500  2 13  9   6.0  995 283  4.4 8  5.8  98    3   37 331 -318  1
3856500 2933500  2 13 10   6.2  996 300  4.2 7  5.8  98    1   79 326 -318  1
3856500 2933500  2 13 11   6.4  997 277  3.6 7  5.9  97    0   49 321 -318  1
3856500 2933500  2 13 12   6.6  998 279  4.0 7  5.9  97    0   50 319 -318  1
3856500 2933500  2 13 13   6.8 1000 272  4.4 8  6.0  97    0   44 324 -318  1
3856500 2933500  2 13 14   7.0 1000 267  4.0 8  6.1  97    0   49 330 -318  1
3856500 2933500  2 13 15   7.0 1002 276  5.2 7  6.1  97    0   61 324 -318  1
3856500 2933500  2 13 16   7.1 1003 277  4.8 6  6.0  95    1   71 312 -318  1
3856500 2933500  2 13 17   7.0 1004 277  5.7 7  5.9  94    1   37 310 -317  1
3856500 2933500  2 13 18   6.6 1004 278  5.2 7  5.8  94    0    0 311 -316  1
3856500 2933500  2 13 19   6.6 1005 260  5.1 7  5.7  94    0    0 307 -314  1
3856500 2933500  2 13 20   6.7 1006 271  4.6 7  5.7  93    0    0 305 -314  1
3856500 2933500  2 13 21   6.5 1007 254  3.6 6  5.7  93    0    0 301 -313  1
3856500 2933500  2 13 22   6.4 1007 256  3.4 7  5.7  94    0    0 301 -313  1
3856500 2933500  2 13 23   6.3 1008 229  3.8 7  5.6  94    0    0 304 -312  1
3856500 2933500  2 13 24   6.1 1008 237  3.2 6  5.6  94    0    0 300 -310  1
3856500 2933500  2 14  1   6.0 1008 243  3.0 7  5.5  94    0    0 300 -309  1
3856500 2933500  2 14  2   6.0 1009 206  2.4 6  5.5  94    0    0 301 -307  1
3856500 2933500  2 14  3   5.7 1008 200  2.7 6  5.4  94    0    0 296 -302  1
3856500 2933500  2 14  4   5.0 1008 188  2.5 8  5.2  94    0    0 302 -298  1
3856500 2933500  2 14  5   4.4 1008 177  2.3 7  5.0  94    0    0 303 -297  1
3856500 2933500  2 14  6   4.1 1007 170  2.9 7  4.9  94    0    0 298 -297  1
3856500 2933500  2 14  7   3.7 1007 147  3.2 7  4.8  94    0    0 298 -297  1
3856500 2933500  2 14  8   3.6 1006 148  3.6 5  4.7  94    0    0 287 -297  1
3856500 2933500  2 14  9   3.7 1006 147  3.4 6  4.7  95    0   15 281 -298  1
3856500 2933500  2 14 10   4.4 1006 133  4.3 7  4.8  94    0   55 293 -301  1
3856500 2933500  2 14 11   5.5 1006 151  4.6 8  5.0  91    0   92 309 -308  1
3856500 2933500  2 14 12   6.2 1005 144  4.5 8  5.1  88    0  119 320 -315  1
3856500 2933500  2 14 13   6.6 1005 135  4.8 8  5.3  87    2  144 326 -317  1
3856500 2933500  2 14 14   7.0 1004 135  5.1 7  5.4  87    5  156 324 -317  1
3856500 2933500  2 14 15   6.8 1004 119  5.0 7  5.4  86    1  109 321 -318  1
3856500 2933500  2 14 16   6.3 1003 111  4.8 7  5.4  89    0   60 321 -318  1
3856500 2933500  2 14 17   5.8 1003 110  5.3 8  5.4  92    0   19 326 -318  1
3856500 2933500  2 14 18   5.5 1003 111  4.9 8  5.3  93    0    0 331 -318  1
3856500 2933500  2 14 19   5.2 1003  95  4.1 8  5.3  94    0    0 331 -317  1
3856500 2933500  2 14 20   5.1 1003  83  3.8 8  5.2  94    0    0 331 -317  1
3856500 2933500  2 14 21   4.9 1004  39  3.0 8  5.2  95    0    0 332 -317  1
3856500 2933500  2 14 22   4.6 1004 334  3.8 8  5.1  96    0    0 331 -317  1
3856500 2933500  2 14 23   4.5 1005 348  4.6 7  5.1  97    0    0 323 -317  1
3856500 2933500  2 14 24   4.4 1006 334  4.5 7  5.1  97    0    0 316 -316  1
3856500 2933500  2 15  1   4.5 1008 327  4.7 7  5.1  97    0    0 315 -316  1
3856500 2933500  2 15  2   4.4 1009 327  4.9 8  5.0  96    0    0 320 -317  1
3856500 2933500  2 15  3   4.6 1010 321  4.6 8  5.0  96    0    0 326 -317  1
3856500 2933500  2 15  4   4.2 1011 304  4.7 7  5.0  96    0    0 319 -318  1
3856500 2933500  2 15  5   4.7 1013 319  4.2 7  5.0  96    0    0 312 -318  1
3856500 2933500  2 15  6   4.6 1014 313  4.0 7  5.0  95    0    0 311 -318  1
3856500 2933500  2 15  7   4.8 1015 291  4.0 7  5.0  94    0    0 310 -318  1
3856500 2933500  2 15  8   4.8 1016 295  3.6 7  5.0  94    0    0 310 -318  1
3856500 2933500  2 15  9   5.1 1018 309  3.2 7  5.1  95    0   26 310 -318  1
3856500 2933500  2 15 10   5.6 1019 305  2.8 7  5.3  95    4   80 313 -318  1
3856500 2933500  2 15 11   6.6 1020 317  3.0 7  5.4  93   11  123 316 -318  1
3856500 2933500  2 15 12   7.1 1021 303  3.7 6  5.5  90    4  135 313 -318  1
3856500 2933500  2 15 13   7.6 1022 315  3.7 6  5.5  87    0  115 309 -318  1
3856500 2933500  2 15 14   9.0 1022 324  2.9 3  5.3  79  157  128 296 -318  1
3856500 2933500  2 15 15   8.8 1023 327  2.0 3  5.1  73  244   50 281 -318  1
3856500 2933500  2 15 16   9.4 1023 272  2.1 3  5.1  71  183   37 281 -317  1
3856500 2933500  2 15 17   7.7 1023 107  1.7 4  5.0  72   72   28 284 -317  1
3856500 2933500  2 15 18   5.8 1024 115  2.9 5  4.8  80    0    4 289 -314  1
3856500 2933500  2 15 19   4.6 1024 117  2.5 4  4.7  87    0    0 283 -309  1
3856500 2933500  2 15 20   3.8 1024 142  2.9 3  4.6  91    0    0 268 -306  1
3856500 2933500  2 15 21   3.4 1024 144  2.7 2  4.5  92    0    0 254 -304  1
3856500 2933500  2 15 22   2.8 1025 136  2.7 1  4.4  94    0    0 242 -302  1
3856500 2933500  2 15 23   2.8 1025 135  3.0 1  4.4  96    0    0 235 -302  1
3856500 2933500  2 15 24   2.4 1025 132  3.4 0  4.3  96    0    0 229 -301  1
3856500 2933500  2 16  1   2.2 1025 134  3.7 2  4.2  96    0    0 232 -301  1
3856500 2933500  2 16  2   2.6 1025 133  4.3 3  4.2  95    0    0 247 -302  1
3856500 2933500  2 16  3   2.2 1024 131  4.4 5  4.2  95    0    0 259 -303  1
3856500 2933500  2 16  4   1.5 1025 129  4.2 5  4.1  96    0    0 265 -303  1
3856500 2933500  2 16  5   1.5 1024 132  4.4 4  4.0  97    0    0 255 -303  1
3856500 2933500  2 16  6   1.2 1024 121  5.3 2  4.0  96    0    0 237 -305  1
3856500 2933500  2 16  7   0.9 1024 117  5.5 3  3.9  98    0    0 228 -305  1
3856500 2933500  2 16  8   1.2 1024 121  5.9 3  3.9  95    0    0 231 -305  1
3856500 2933500  2 16  9   1.9 1024 126  5.9 4  3.9  92    0   30 236 -305  1
3856500 2933500  2 16 10   2.9 1024 131  6.6 6  4.0  90   15  107 252 -307  1
3856500 2933500  2 16 11   4.2 1023 124  6.7 5  4.1  85   92  166 257 -311  1
3856500 2933500  2 16 12   5.8 1023 128  7.7 6  4.3  80  179  179 260 -315  1
3856500 2933500  2 16 13   6.8 1023 132  8.6 6  4.5  76  211  184 266 -317  1
3856500 2933500  2 16 14   7.9 1022 123  7.4 5  4.5  71  210  173 263 -317  1
3856500 2933500  2 16 15   8.0 1022 125  7.9 4  4.5  68  152  156 255 -317  1
3856500 2933500  2 16 16   7.4 1021 125  7.6 5  4.4  68   85  117 252 -317  1
3856500 2933500  2 16 17   6.8 1021 124  7.3 7  4.4  71   21   57 258 -317  1
3856500 2933500  2 16 18   5.8 1020 121  7.2 7  4.3  73    0    6 261 -317  1
3856500 2933500  2 16 19   5.3 1020 123  8.4 6  4.2  75    0    0 256 -316  1
3856500 2933500  2 16 20   4.6 1020 123  8.5 6  4.2  78    0    0 250 -316  1
3856500 2933500  2 16 21   4.2 1020 127  8.4 7  4.1  80    0    0 250 -317  1
3856500 2933500  2 16 22   4.3 1020 122  7.3 8  4.1  81    0    0 259 -317  1
3856500 2933500  2 16 23   4.1 1020 124  7.6 8  4.2  82    0    0 264 -317  1
3856500 2933500  2 16 24   3.8 1019 121  8.0 8  4.2  83    0    0 265 -317  1
3856500 2933500  2 17  1   3.7 1019 123  7.5 7  4.2  84    0    0 262 -316  1
3856500 2933500  2 17  2   3.4 1019 124  7.4 7  4.1  85    0    0 258 -315  1
3856500 2933500  2 17  3   3.4 1019 122  6.5 8  4.1  85    0    0 261 -314  1
3856500 2933500  2 17  4   3.1 1018 122  6.5 8  4.0  85    0    0 265 -314  1
3856500 2933500  2 17  5   2.9 1018 120  7.0 8  4.0  85    0    0 264 -313  1
3856500 2933500  2 17  6   2.6 1017 118  6.8 7  3.9  85    0    0 260 -313  1
3856500 2933500  2 17  7   2.4 1017 120  6.3 5  3.8  85    0    0 247 -312  1
3856500 2933500  2 17  8   2.2 1017 121  7.1 3  3.8  86    0    5 232 -311  1
3856500 2933500  2 17  9   2.6 1017 122  6.6 3  3.8  86   17   52 225 -312  1
3856500 2933500  2 17 10   3.7 1017 125  8.5 6  3.9  82   81  111 237 -315  1
3856500 2933500  2 17 11   5.2 1016 131  8.0 6  3.9  76  159  147 251 -316  1
3856500 2933500  2 17 12   6.5 1016 133  7.8 6  4.1  72  190  176 254 -317  1
3856500 2933500  2 17 13   7.7 1016 135  8.5 6  4.2  67  111  217 258 -317  1
3856500 2933500  2 17 14   8.3 1015 137  7.7 6  4.3  64   69  209 261 -318  1
3856500 2933500  2 17 15   8.4 1015 140  6.7 6  4.3  63   38  174 264 -318  1
3856500 2933500  2 17 16   8.2 1014 145  5.4 6  4.3  64   18  116 266 -318  1
3856500 2933500  2 17 17   7.7 1014 143  5.4 8  4.4  67   14   57 275 -318  1
3856500 2933500  2 17 18   6.5 1014 140  4.2 8  4.5  71    0    6 281 -318  1
3856500 2933500  2 17 19   5.9 1014 142  3.8 5  4.4  75    0    0 270 -318  1
3856500 2933500  2 17 20   5.3 1014 131  3.6 5  4.4  77    0    0 259 -317  1
3856500 2933500  2 17 21   4.5 1014 136  3.5 6  4.3  80    0    0 260 -317  1
3856500 2933500  2 17 22   4.4 1014 147  3.3 4  4.3  82    0    0 255 -316  1
3856500 2933500  2 17 23   4.0 1014 153  2.9 4  4.2  82    0    0 247 -316  1
3856500 2933500  2 17 24   2.8 1014 163  2.3 4  4.1  85    0    0 242 -316  1
3856500 2933500  2 18  1   1.9 1014 148  1.9 5  3.9  88    0    0 242 -316  1
3856500 2933500  2 18  2   1.2 1014 153  1.8 5  3.8  90    0    0 242 -316  1
3856500 2933500  2 18  3   0.5 1014 168  2.2 6  3.7  92    0    0 243 -314  1
3856500 2933500  2 18  4  -0.1 1014 183  2.0 4  3.6  93    0    0 238 -313  1
3856500 2933500  2 18  5  -0.2 1013 217  1.5 3  3.5  94    0    0 227 -314  1
3856500 2933500  2 18  6  -0.2 1013 224  1.9 3  3.6  96    0    0 224 -313  1
3856500 2933500  2 18  7  -0.6 1013 255  2.2 3  3.6  98    0    0 223 -313  1
3856500 2933500  2 18  8  -0.3 1013 258  2.2 3  3.6  98    0    5 224 -313  1
3856500 2933500  2 18  9   0.4 1014 275  2.6 2  3.7  97   43   35 222 -313  1
3856500 2933500  2 18 10   3.4 1014 312  3.4 3  4.1  95  178   36 228 -314  1
3856500 2933500  2 18 11   6.1 1014 321  5.1 6  4.8  90   42  145 250 -316  1
3856500 2933500  2 18 12   5.9 1015 353  4.5 7  5.1  88    2  139 267 -317  1
3856500 2933500  2 18 13   6.4 1015 346  5.8 8  5.0  85    0   94 273 -318  1
3856500 2933500  2 18 14   5.8 1015 351  4.7 8  4.8  82    0   57 278 -318  1
3856500 2933500  2 18 15   5.8 1015 353  5.1 6  4.7  81    0   92 269 -318  1
3856500 2933500  2 18 16   5.6 1015 348  3.7 5  4.7  83   13   97 258 -317  1
3856500 2933500  2 18 17   5.7 1015 342  3.1 7  4.8  84    9   49 262 -317  1
3856500 2933500  2 18 18   5.5 1016 338  2.6 7  4.8  84    0    0 271 -316  1
3856500 2933500  2 18 19   5.3 1016 319  2.7 7  4.8  86    0    0 271 -314  1
3856500 2933500  2 18 20   4.7 1016 300  3.1 7  4.8  88    0    0 270 -313  1
3856500 2933500  2 18 21   3.8 1017 303  3.5 7  4.7  91    0    0 268 -313  1
3856500 2933500  2 18 22   2.3 1017 288  2.8 2  4.5  95    0    0 245 -312  1
3856500 2933500  2 18 23   2.2 1017 283  2.5 2  4.3  97    0    0 222 -311  1
3856500 2933500  2 18 24   1.6 1017 300  2.5 5  4.2  96    0    0 236 -311  1
3856500 2933500  2 19  1   0.5 1017 271  2.0 1  3.9  96    0    0 231 -309  1
3856500 2933500  2 19  2  -0.7 1017 358  2.0 2  3.7  98    0    0 215 -305  1
3856500 2933500  2 19  3  -1.8 1017 301  1.4 4  3.4  99    0    0 228 -299  1
3856500 2933500  2 19  4  -0.3 1017 317  1.8 4  3.4  98    0    0 240 -295  1
3856500 2933500  2 19  5  -2.4 1017 329  1.5 4  3.4  98    0    0 241 -295  1
3856500 2933500  2 19  6  -2.1 1017 178  1.6 4  3.2  98    0    0 241 -295  1
3856500 2933500  2 19  7  -2.5 1017 228  1.4 4  3.1  98    0    0 243 -296  1
3856500 2933500  2 19  8  -2.3 1016 224  1.2 4  3.2 100    0    0 243 -297  1
3856500 2933500  2 19  9  -1.9 1017 209  1.3 5  3.2 100    3   44 250 -298  1
3856500 2933500  2 19 10  -0.8 1016 203  1.4 5  3.4 100   28  103 256 -302  1
3856500 2933500  2 19 11   1.6 1016 191  1.5 7  3.9 100   34  150 272 -310  1
3856500 2933500  2 19 12   3.3 1016 201  2.0 6  4.5 100   60  178 282 -315  1
3856500 2933500  2 19 13   5.1 1016 209  3.1 6  4.7  92  106  183 281 -317  1
3856500 2933500  2 19 14   5.5 1016 224  2.6 6  4.3  79  135  165 282 -317  1
3856500 2933500  2 19 15   5.7 1015 207  2.0 5  4.1  72   72  152 276 -318  1
3856500 2933500  2 19 16   5.8 1014 206  2.1 5  3.9  68   40  110 270 -318  1
3856500 2933500  2 19 17   5.2 1014 175  1.8 7  3.7  67   26   50 278 -317  1
3856500 2933500  2 19 18   3.2 1014 151  1.8 7  3.7  71    0    7 282 -315  1
3856500 2933500  2 19 19   2.0 1013  92  1.5 5  3.6  78    0    0 269 -312  1
3856500 2933500  2 19 20   0.6 1013 101  2.1 5  3.5  84    0    0 256 -310  1
3856500 2933500  2 19 21  -0.2 1013 108  1.6 6  3.5  90    0    0 258 -309  1
3856500 2933500  2 19 22  -0.1 1013 115  1.6 5  3.5  93    0    0 257 -308  1
3856500 2933500  2 19 23  -1.0 1013 112  2.0 4  3.5  95    0    0 246 -306  1
3856500 2933500  2 19 24  -0.1 1012 124  2.2 6  3.5  96    0    0 250 -304  1
3856500 2933500  2 20  1  -0.5 1012 109  1.7 5  3.5  94    0    0 254 -304  1
3856500 2933500  2 20  2  -0.1 1012 100  2.3 6  3.5  94    0    0 253 -305  1
3856500 2933500  2 20  3   0.0 1011 143  1.9 7  3.6  95    0    0 263 -305  1
3856500 2933500  2 20  4   0.5 1011 132  1.8 7  3.6  94    0    0 267 -304  1
3856500 2933500  2 20  5   0.7 1011 135  1.8 7  3.6  91    0    0 268 -303  1
3856500 2933500  2 20  6   0.5 1011 144  1.9 8  3.6  91    0    0 272 -303  1
3856500 2933500  2 20  7   1.2 1011 132  1.9 7  3.7  92    0    0 274 -302  1
3856500 2933500  2 20  8   1.1 1011 164  2.1 7  3.7  90    0    0 273 -302  1
3856500 2933500  2 20  9   1.9 1011 173  1.9 7  3.8  90    0   21 276 -303  1
3856500 2933500  2 20 10   3.2 1012 156  1.9 8  4.1  89    0   41 285 -307  1
3856500 2933500  2 20 11   3.9 1012 168  2.1 8  4.2  87    0   62 294 -312  1
3856500 2933500  2 20 12   5.1 1012 171  2.9 8  4.5  85    0   92 299 -316  1
3856500 2933500  2 20 13   5.9 1012 176  2.9 7  4.8  84    0  143 300 -317  1
3856500 2933500  2 20 14   6.9 1012 188  2.0 7  5.0  83    8  177 301 -318  1
3856500 2933500  2 20 15   7.4 1011 172  2.2 7  5.2  82    7  150 306 -318  1
3856500 2933500  2 20 16   7.8 1011 184  2.3 6  5.3  82    6  112 305 -318  1
3856500 2933500  2 20 17   7.7 1011 152  2.1 8  5.3  81    4   56 310 -318  1
3856500 2933500  2 20 18   6.9 1011 140  2.2 8  5.3  83    0    4 316 -317  1
3856500 2933500  2 20 19   6.3 1012 130  2.7 7  5.2  86    0    0 308 -316  1
3856500 2933500  2 20 20   6.1 1012 133  2.8 6  5.2  88    0    0 299 -316  1
3856500 2933500  2 20 21   5.8 1012 133  3.0 6  5.2  89    0    0 290 -317  1
3856500 2933500  2 20 22   5.7 1012 134  3.0 6  5.2  91    0    0 289 -318  1
3856500 2933500  2 20 23   5.6 1012 138  3.4 6  5.1  90    0    0 289 -318  1
3856500 2933500  2 20 24   5.6 1012 145  4.0 7  5.0  89    0    0 287 -318  1
3856500 2933500  2 21  1   5.9 1014 158  4.7 7  5.0  88    0    0 310 -344  1
3856500 2933500  2 21  2   6.4 1012 174  5.7 7  5.1  88    0    0 310 -345  1
3856500 2933500  2 21  3   7.1 1011 191  6.6 8  5.4  88    0    0 316 -348  1
3856500 2933500  2 21  4   7.9 1010 202  7.1 8  5.8  90    0    0 322 -353  1
3856500 2933500  2 21  5   8.2 1009 200  7.1 8  5.9  88    0    0 327 -355  1
3856500 2933500  2 21  6   9.3 1008 211  7.5 8  6.4  88    0    0 334 -355  1
3856500 2933500  2 21  7   9.3 1008 211  8.9 7  6.3  86    0    0 331 -354  1
3856500 2933500  2 21  8   9.4 1007 210  9.2 7  6.3  85    0    0 329 -353  1
3856500 2933500  2 21  9   9.6 1007 212  8.8 7  6.3  84    1   43 331 -353  1
3856500 2933500  2 21 10   9.0 1006 222  7.9 7  6.3  86    1   86 330 -353  1
3856500 2933500  2 21 11   8.8 1006 223  8.6 8  6.4  89    0   45 331 -354  1
3856500 2933500  2 21 12   8.5 1007 250  8.1 8  6.3  90    0   49 332 -357  1
3856500 2933500  2 21 13   8.0 1007 265  8.8 8  6.1  89    0   55 331 -360  1
3856500 2933500  2 21 14   7.5 1007 263 10.1 8  5.9  89    0   48 330 -361  1
3856500 2933500  2 21 15   7.4 1007 261  7.8 8  5.7  88    0   89 330 -358  1
3856500 2933500  2 21 16   6.8 1008 275  8.0 6  5.3  85    0   73 316 -355  1
3856500 2933500  2 21 17   6.2 1008 263  8.1 7  5.1  84    1   46 304 -350  1
3856500 2933500  2 21 18   5.0 1009 278  7.5 7  4.8  84    0   11 305 -342  1
3856500 2933500  2 21 19   4.8 1010 273  7.3 5  4.5  83    0    0 290 -332  1
3856500 2933500  2 21 20   4.0 1011 274  6.8 3  4.4  84    0    0 262 -327  1
3856500 2933500  2 21 21   3.5 1012 269  7.5 3  4.3  86    0    0 248 -323  1
3856500 2933500  2 21 22   3.4 1013 260  8.4 2  4.2  86    0    0 243 -321  1
3856500 2933500  2 21 23   3.3 1014 256  8.2 2  4.2  86    0    0 238 -320  1
3856500 2933500  2 21 24   3.3 1014 255  8.6 1  4.2  86    0    0 231 -321  1
3856500 2933500  2 22  1   4.0 1015 253  8.7 0  4.1  83    0    0 222 -322  1
3856500 2933500  2 22  2   3.9 1016 249  8.6 0  4.0  80    0    0 219 -322  1
3856500 2933500  2 22  3   3.7 1016 243  8.1 0  4.0  80    0    0 218 -322  1
3856500 2933500  2 22  4   3.6 1017 247  8.6 0  4.0  81    0    0 216 -322  1
3856500 2933500  2 22  5   3.3 1017 239  8.6 0  4.0  82    0    0 215 -321  1
3856500 2933500  2 22  6   3.1 1017 224  8.0 0  4.0  83    0    0 216 -319  1
3856500 2933500  2 22  7   2.9 1018 227  8.8 1  3.9  84    0    0 222 -317  1
3856500 2933500  2 22  8   3.4 1018 225  9.1 3  4.0  84    0    0 238 -317  1
3856500 2933500  2 22  9   4.2 1018 229  9.5 4  4.1  82   12   54 258 -317  1
3856500 2933500  2 22 10   5.1 1018 228 10.6 5  4.2  81   63  124 273 -320  1
3856500 2933500  2 22 11   6.5 1018 228 10.2 5  4.3  76  154  163 282 -328  1
3856500 2933500  2 22 12   7.3 1018 231 11.8 5  4.4  71  193  190 282 -337  1
3856500 2933500  2 22 13   8.0 1017 235 11.9 5  4.3  67  221  191 280 -344  1
3856500 2933500  2 22 14   8.1 1017 235 11.8 4  4.3  64  226  175 271 -349  1
3856500 2933500  2 22 15   8.7 1016 230 11.6 5  4.3  63   59  170 267 -351  1
3856500 2933500  2 22 16   8.7 1016 224 10.9 7  4.3  61   25  115 277 -350  1
3856500 2933500  2 22 17   7.9 1015 212 10.0 6  4.1  60   32   68 277 -345  1
3856500 2933500  2 22 18   6.8 1014 208  8.5 6  3.9  61    1   13 264 -338  1
3856500 2933500  2 22 19   6.1 1013 200  8.8 7  3.7  62    0    0 260 -332  1
3856500 2933500  2 22 20   5.6 1013 203  8.9 6  3.6  62    0    0 255 -329  1
3856500 2933500  2 22 21   5.1 1012 201  9.3 4  3.5  63    0    0 242 -327  1
3856500 2933500  2 22 22   4.8 1011 203  9.1 2  3.5  64    0    0 225 -325  1
3856500 2933500  2 22 23   4.2 1010 194  9.3 1  3.4  66    0    0 212 -324  1
3856500 2933500  2 22 24   3.8 1008 198  9.6 2  3.4  68    0    0 211 -322  1
3856500 2933500  2 23  1   4.0 1007 198 10.2 4  3.4  67    0    0 223 -322  1
3856500 2933500  2 23  2   4.1 1005 196 10.9 6  3.3  65    0    0 243 -323  1
3856500 2933500  2 23  3   4.3 1004 200 10.4 7  3.3  64    0    0 263 -324  1
3856500 2933500  2 23  4   3.7 1003 203 10.8 7  3.4  67    0    0 272 -324  1
3856500 2933500  2 23  5   3.3 1001 210 10.5 6  3.6  73    0    0 269 -323  1
3856500 2933500  2 23  6   3.0 1001 213 10.4 7  3.9  81    0    0 271 -323  1
3856500 2933500  2 23  7   3.1 1000 224  8.8 8  4.1  86    0    0 284 -324  1
3856500 2933500  2 23  8   2.7 1000 221  8.0 6  4.2  88    0    1 281 -323  1
3856500 2933500  2 23  9   2.6 1000 214  7.1 5  4.2  90   61   38 267 -322  1
3856500 2933500  2 23 10   3.5 1000 230  9.0 5  4.2  87   59  100 265 -325  1
3856500 2933500  2 23 11   3.7 1000 227 10.3 8  4.2  85    0   97 283 -332  1
3856500 2933500  2 23 12   3.6 1000 226 10.1 8  4.3  86    0   65 297 -338  1
3856500 2933500  2 23 13   4.6 1000 228  9.4 6  4.4  86   12  161 283 -343  1
3856500 2933500  2 23 14   5.8 1000 239 11.1 6  4.5  80   15  150 272 -346  1
3856500 2933500  2 23 15   6.0 1000 249  9.9 6  4.3  74   52  120 274 -345  1
3856500 2933500  2 23 16   6.1 1000 236 10.0 6  4.3  73   56   95 275 -342  1
3856500 2933500  2 23 17   5.8 1000 235  8.9 5  4.3  74   66   44 269 -340  1
3856500 2933500  2 23 18   4.7 1000 238  6.9 5  4.3  76   11   10 260 -338  1
3856500 2933500  2 23 19   4.3 1000 236  8.1 5  4.2  79    0    0 254 -336  1
3856500 2933500  2 23 20   3.3 1000 234  8.0 4  4.2  83    0    0 246 -332  1
3856500 2933500  2 23 21   3.2 1000 226  7.0 3  4.3  88    0    0 233 -326  1
3856500 2933500  2 23 22   3.3  999 225  6.9 4  4.3  89    0    0 233 -320  1
3856500 2933500  2 23 23   3.0  999 220  7.1 4  4.3  89    0    0 235 -319  1
3856500 2933500  2 23 24   2.8  999 235  7.3 4  4.3  90    0    0 238 -318  1
3856500 2933500  2 24  1   3.0  998 224  6.7 3  4.2  90    0    0 236 -320  1
3856500 2933500  2 24  2   2.8  998 221  5.9 3  4.2  89    0    0 236 -321  1
3856500 2933500  2 24  3   2.7  998 214  5.4 4  4.3  91    0    0 245 -320  1
3856500 2933500  2 24  4   2.8  997 214  6.1 5  4.3  92    0    0 258 -318  1
3856500 2933500  2 24  5   2.9  996 211  5.2 6  4.3  91    0    0 270 -318  1
3856500 2933500  2 24  6   2.9  996 211  4.5 6  4.3  90    0    0 279 -318  1
3856500 2933500  2 24  7   2.5  995 195  4.9 7  4.3  92    0    0 285 -318  1
3856500 2933500  2 24  8   2.4  994 198  4.6 7  4.3  93    0    1 290 -319  1
3856500 2933500  2 24  9   2.9  994 204  4.1 7  4.3  93    0   33 290 -322  1
3856500 2933500  2 24 10   3.5  994 202  3.7 8  4.4  91    8  108 296 -327  1
3856500 2933500  2 24 11   3.9  994 229  2.9 7  4.5  89   24  164 297 -334  1
3856500 2933500  2 24 12   4.6  994 218  3.2 7  4.5  86   12  174 296 -342  1
3856500 2933500  2 24 13   5.0  994 264  2.1 8  4.5  82    0  108 303 -350  1
3856500 2933500  2 24 14   5.2  994 298  1.9 8  4.4  79    0   94 310 -352  1
3856500 2933500  2 24 15   5.5  993 326  2.4 7  4.4  78    8  112 306 -350  1
3856500 2933500  2 24 16   5.3  993 320  3.3 7  4.4  77   15   93 301 -349  1
3856500 2933500  2 24 17   5.3  994 305  2.2 4  4.4  78   40   73 286 -346  1
3856500 2933500  2 24 18   3.2  994 323  1.2 6  4.3  81    9   17 280 -342  1
3856500 2933500  2 24 19   1.8  994 285  1.6 6  4.0  86    0    0 285 -337  1
3856500 2933500  2 24 20   0.8  995 233  1.6 5  3.8  90    0    0 277 -332  1
3856500 2933500  2 24 21   0.8  996 243  1.8 2  3.7  91    0    0 252 -327  1
3856500 2933500  2 24 22   0.0  996 265  2.0 3  3.7  92    0    0 239 -325  1
3856500 2933500  2 24 23   0.2  996 258  2.2 3  3.6  93    0    0 244 -322  1
3856500 2933500  2 24 24  -0.6  996 248  2.9 2  3.5  93    0    0 237 -320  1
3856500 2933500  2 25  1   0.6  996 242  2.5 1  3.6  93    0    0 227 -318  1
3856500 2933500  2 25  2   0.5  996 243  2.3 4  3.7  92    0    0 239 -317  1
3856500 2933500  2 25  3  -0.1  996 236  2.6 4  3.7  95    0    0 253 -317  1
3856500 2933500  2 25  4  -0.3  996 220  2.6 4  3.8  99    0    0 251 -317  1
3856500 2933500  2 25  5   0.0  995 207  2.6 3  3.8  99    0    0 245 -317  1
3856500 2933500  2 25  6  -0.7  994 199  2.2 4  3.7  98    0    0 243 -317  1
3856500 2933500  2 25  7  -0.6  994 182  2.0 7  3.6  98    0    0 264 -317  1
3856500 2933500  2 25  8  -0.6  993 170  2.4 6  3.6  98    0    0 276 -317  1
3856500 2933500  2 25  9  -0.4  993 162  2.6 8  3.7 100    0   37 283 -317  1
3856500 2933500  2 25 10  -0.3  993 154  2.9 8  3.8 100    0   81 297 -317  1
3856500 2933500  2 25 11   0.6  993 154  2.9 8  3.9 100    0   80 300 -317  1
3856500 2933500  2 25 12   1.2  992 129  3.3 8  4.1 100    0   95 303 -322  1
3856500 2933500  2 25 13   2.0  992 125  3.9 8  4.3  99    0   71 305 -338  1
3856500 2933500  2 25 14   2.3  992 115  3.0 8  4.4  98    0  116 306 -353  1
3856500 2933500  2 25 15   3.0  991  88  2.0 6  4.4  95   10  124 294 -357  1
3856500 2933500  2 25 16   2.6  991  68  1.7 8  4.4  92    4   86 292 -356  1
3856500 2933500  2 25 17   2.4  991  60  2.5 7  4.3  92   10   66 294 -351  1
3856500 2933500  2 25 18   2.0  992  42  1.9 7  4.2  92    1   14 288 -345  1
3856500 2933500  2 25 19   1.9  992  19  2.1 6  4.1  91    0    0 281 -335  1
3856500 2933500  2 25 20   0.5  993  36  2.2 6  4.0  94    0    0 272 -326  1
3856500 2933500  2 25 21   0.3  994  41  1.9 4  3.8  94    0    0 258 -321  1
3856500 2933500  2 25 22  -0.1  994  95  1.8 4  3.6  92    0    0 247 -317  1
3856500 2933500  2 25 23  -0.5  994  51  1.5 4  3.5  94    0    0 243 -317  1
3856500 2933500  2 25 24  -0.6  995  81  1.1 4  3.6  96    0    0 241 -317  1
3856500 2933500  2 26  1  -0.8  995 145  1.2 4  3.6  98    0    0 238 -317  1
3856500 2933500  2 26  2  -0.2  995 169  1.3 6  3.6  97    0    0 248 -317  1
3856500 2933500  2 26  3  -0.4  995 141  1.3 6  3.7  98    0    0 258 -317  1
3856500 2933500  2 26  4  -0.3  996 166  1.5 6  3.8 100    0    0 257 -317  1
3856500 2933500  2 26  5  -0.2  996 130  1.8 8  3.7  99    0    0 265 -317  1
3856500 2933500  2 26  6   0.3  996 144  1.5 6  3.8  98    0    0 265 -317  1
3856500 2933500  2 26  7   0.3  996 143  1.7 8  3.8  97    0    0 263 -317  1
3856500 2933500  2 26  8   0.7  997 131  2.2 6  3.9  98    0    1 260 -317  1
3856500 2933500  2 26  9   1.0  997 175  2.6 6  4.0  99    7   52 253 -316  1
3856500 2933500  2 26 10   1.5  998 152  2.2 7  4.2  99    5  101 255 -316  1
3856500 2933500  2 26 11   1.9  999 148  2.3 8  4.2  96    0  100 260 -317  1
3856500 2933500  2 26 12   2.4 1000 136  2.4 8  4.2  93    0   87 260 -317  1
3856500 2933500  2 26 13   3.1 1000 150  2.6 8  4.3  92    0   86 260 -333  1
3856500 2933500  2 26 14   3.5 1001 168  2.6 8  4.4  90    0   93 267 -351  1
3856500 2933500  2 26 15   4.5 1002 226  2.7 7  4.4  85   46  161 275 -352  1
3856500 2933500  2 26 16   4.4 1002 117  2.9 4  4.2  80  153  110 264 -349  1
3856500 2933500  2 26 17   3.5 1003  68  3.3 6  4.1  81   46   67 256 -342  1
3856500 2933500  2 26 18   3.4 1004  63  3.9 6  4.1  83    8   15 257 -332  1
3856500 2933500  2 26 19   3.0 1005  78  3.3 7  4.1  84    0    0 254 -322  1
3856500 2933500  2 26 20   2.6 1006 330  3.4 7  4.1  87    0    0 255 -318  1
3856500 2933500  2 26 21   2.7 1007 323  2.7 7  4.0  88    0    0 254 -317  1
3856500 2933500  2 26 22   2.6 1008 341  3.9 5  4.1  88    0    0 246 -317  1
3856500 2933500  2 26 23   2.3 1009 353  4.6 4  4.0  89    0    0 235 -317  1
3856500 2933500  2 26 24   1.9 1010 346  4.1 3  3.9  88    0    0 227 -317  1
3856500 2933500  2 27  1   1.3 1011 309  3.9 3  3.7  88    0    0 225 -317  1
3856500 2933500  2 27  2   1.3 1012 314  3.7 2  3.7  88    0    0 222 -317  1
3856500 2933500  2 27  3   0.3 1013 313  3.2 2  3.6  89    0    0 219 -316  1
3856500 2933500  2 27  4   0.3 1013 299  3.9 2  3.5  91    0    0 220 -316  1
3856500 2933500  2 27  5   0.2 1014 287  4.0 2  3.6  92    0    0 223 -315  1
3856500 2933500  2 27  6  -1.1 1015 264  3.8 1  3.4  94    0    0 220 -314  1
3856500 2933500  2 27  7  -0.9 1015 248  3.8 0  3.3  95    0    0 212 -313  1
3856500 2933500  2 27  8  -0.1 1016 252  3.8 4  3.4  93    0    1 227 -314  1
3856500 2933500  2 27  9   1.8 1017 249  4.0 5  3.7  91   24   53 253 -314  1
3856500 2933500  2 27 10   3.3 1017 239  4.4 5  3.9  86  141   86 257 -315  1
3856500 2933500  2 27 11   5.2 1018 243  5.1 5  4.0  79  268   91 255 -317  1
3856500 2933500  2 27 12   6.2 1018 236  6.2 4  4.1  72  345   91 249 -317  1
3856500 2933500  2 27 13   6.8 1018 245  9.7 5  3.9  64  134  195 251 -330  1
3856500 2933500  2 27 14   6.7 1017 245 10.1 5  3.6  60  124  185 257 -348  1
3856500 2933500  2 27 15   6.4 1017 240  9.2 7  3.5  59   41  126 266 -351  1
3856500 2933500  2 27 16   6.3 1017 236  9.3 6  3.6  60   28   91 274 -349  1
3856500 2933500  2 27 17   5.9 1016 229 10.6 7  3.7  64   18   55 276 -346  1
3856500 2933500  2 27 18   4.8 1015 234 10.1 8  3.9  71    2   12 286 -340  1
3856500 2933500  2 27 19   4.1 1015 228 10.7 8  4.2  80    0    0 292 -336  1
3856500 2933500  2 27 20   3.6 1014 221 12.9 8  4.3  85    0    0 295 -333  1
3856500 2933500  2 27 21   3.3 1013 225 11.6 8  4.3  89    0    0 300 -331  1
3856500 2933500  2 27 22   3.9 1013 227 11.5 7  4.5  92    0    0 305 -331  1
3856500 2933500  2 27 23   4.6 1012 236 11.7 7  4.7  91    0    0 311 -333  1
3856500 2933500  2 27 24   5.2 1011 235 11.3 7  4.9  91    0    0 320 -334  1
3856500 2933500  2 28  1   5.6 1011 238 11.2 8  5.1  92    0    0 329 -337  1
3856500 2933500  2 28  2   6.5 1011 240 11.4 8  5.4  92    0    0 337 -339  1
3856500 2933500  2 28  3   6.8 1011 240 10.4 8  5.6  92    0    0 342 -341  1
3856500 2933500  2 28  4   7.6 1011 240 11.0 7  5.8  91    0    0 341 -343  1
3856500 2933500  2 28  5   8.2 1011 244 10.5 7  6.0  90    0    0 341 -346  1
3856500 2933500  2 28  6   8.6 1011 245 11.2 7  6.1  89    0    0 343 -349  1
3856500 2933500  2 28  7   8.7 1011 245 11.7 8  6.1  88    0    0 349 -351  1
3856500 2933500  2 28  8   8.7 1011 246 11.2 8  6.2  88    0    1 353 -352  1
3856500 2933500  2 28  9   8.9 1012 243 11.4 7  6.3  89    0   23 349 -354  1
3856500 2933500  2 28 10   8.9 1013 250 11.6 6  6.3  88    0   58 337 -355  1
3856500 2933500  2 28 11   9.0 1013 252 11.4 7  6.3  88    0   49 335 -356  1
3856500 2933500  2 28 12   9.3 1014 255 10.7 8  6.4  88    0   42 346 -357  1
3856500 2933500  2 28 13   9.7 1014 254 10.2 8  6.4  86    0   50 352 -359  1
3856500 2933500  2 28 14  10.2 1014 251 11.0 8  6.4  84    0   49 353 -361  1
3856500 2933500  2 28 15  10.2 1014 249 10.2 8  6.3  82   18  136 355 -362  1
3856500 2933500  2 28 16  10.1 1014 250 10.2 8  6.4  82   19  116 355 -362  1
3856500 2933500  2 28 17   9.7 1014 245  9.3 8  6.4  84   15   72 355 -361  1
3856500 2933500  2 28 18   9.8 1014 240 10.0 8  6.4  85    0    7 355 -360  1
3856500 2933500  2 28 19   9.9 1014 246 10.3 8  6.3  84    0    0 355 -359  1
3856500 2933500  2 28 20  10.2 1014 234 11.0 8  6.3  82    0    0 354 -359  1
3856500 2933500  2 28 21  10.2 1013 232 11.3 7  6.3  81    0    0 351 -357  1
3856500 2933500  2 28 22  10.0 1013 234 11.8 7  6.3  81    0    0 344 -356  1
3856500 2933500  2 28 23   9.8 1012 232 12.0 7  6.2  81    0    0 344 -355  1
3856500 2933500  2 28 24   9.6 1012 237 11.8 6  5.9  79    0    0 337 -355  1
3856500 2933500  3  1  1   9.4 1011 241 11.9 8  5.3  72    0    0 350 -354  1
3856500 2933500  3  1  2   9.2 1011 233 11.7 7  5.3  73    0    0 344 -354  1
3856500 2933500  3  1  3   9.3 1010 240 11.9 8  5.3  73    0    0 344 -353  1
3856500 2933500  3  1  4   9.1 1010 241 11.1 7  5.2  72    0    0 343 -353  1
3856500 2933500  3  1  5   9.2 1009 236 10.8 7  5.1  70    0    0 337 -352  1
3856500 2933500  3  1  6   9.0 1008 233 10.6 7  5.0  69    0    0 336 -352  1
3856500 2933500  3  1  7   9.3 1007 232 10.7 8  5.0  68    0    0 342 -351  1
3856500 2933500  3  1  8   9.3 1007 236 12.0 8  4.9  67    0    4 348 -351  1
3856500 2933500  3  1  9   9.4 1006 217 12.3 7  4.8  65    0   36 342 -351  1
3856500 2933500  3  1 10   9.5 1006 218 11.2 8  4.8  65    0   68 342 -351  1
3856500 2933500  3  1 11   9.6 1005 216 11.4 7  4.9  65    0  103 341 -352  1
3856500 2933500  3  1 12   9.4 1005 221 11.2 7  4.9  66    0   86 335 -353  1
3856500 2933500  3  1 13   9.4 1004 212 11.3 8  5.2  71    0   70 340 -354  1
3856500 2933500  3  1 14   9.5 1003 220 11.0 8  5.6  76    0   54 347 -354  1
3856500 2933500  3  1 15   9.3 1002 214 11.1 8  5.7  77    0   48 346 -354  1
3856500 2933500  3  1 16   9.2 1001 221 10.6 7  5.8  78    0   43 340 -354  1
3856500 2933500  3  1 17   9.7 1001 226 10.2 5  5.7  77   31   50 325 -354  1
3856500 2933500  3  1 18   8.0 1001 263 11.5 6  5.3  75   19   16 318 -352  1
3856500 2933500  3  1 19   7.8 1001 245 11.5 4  4.9  73    0    0 308 -348  1
3856500 2933500  3  1 20   6.2 1002 240  9.2 4  4.6  73    0    0 295 -343  1
3856500 2933500  3  1 21   5.9 1003 251 10.6 3  4.3  74    0    0 286 -342  1
3856500 2933500  3  1 22   5.3 1004 244  9.3 1  4.0  69    0    0 266 -341  1
3856500 2933500  3  1 23   5.5 1004 241  8.5 1  3.8  67    0    0 250 -339  1
3856500 2933500  3  1 24   4.4 1005 243  8.0 0  3.8  70    0    0 238 -339  1
3856500 2933500  3  2  1   3.6 1005 223  7.4 0  3.8  74    0    0 225 -339  1
3856500 2933500  3  2  2   3.4 1004 199  7.4 1  3.8  77    0    0 222 -339  1
3856500 2933500  3  2  3   3.9 1004 196  7.4 3  3.9  79    0    0 231 -336  1
3856500 2933500  3  2  4   4.3 1003 216  8.2 3  4.0  78    0    0 242 -334  1
3856500 2933500  3  2  5   4.7 1003 227  8.5 4  4.0  76    0    0 247 -332  1
3856500 2933500  3  2  6   4.2 1002 221  8.1 4  4.0  77    0    0 255 -330  1
3856500 2933500  3  2  7   3.8 1003 229  7.2 4  4.0  78    0    0 256 -328  1
3856500 2933500  3  2  8   3.0 1003 241  8.1 4  3.8  78    0   16 254 -327  1
3856500 2933500  3  2  9   3.8 1003 236  9.3 3  3.8  77   59   67 250 -325  1
3856500 2933500  3  2 10   4.7 1003 231 10.6 2  3.8  74  244   52 242 -328  1
3856500 2933500  3  2 11   5.3 1003 228 11.2 6  3.7  67   34  167 252 -334  1
3856500 2933500  3  2 12   5.4 1004 230 12.4 6  3.5  63   77  191 266 -340  1
3856500 2933500  3  2 13   5.7 1004 223 12.3 4  3.5  62  113  198 260 -343  1
3856500 2933500  3  2 14   5.4 1004 230 12.2 5  3.4  60   84  188 258 -344  1
3856500 2933500  3  2 15   3.8 1004 233  9.4 4  3.4  64  137  157 255 -342  1
3856500 2933500  3  2 16   4.6 1004 261  7.2 3  3.5  68  221   74 246 -340  1
3856500 2933500  3  2 17   4.5 1003 248  3.0 4  3.6  68  104   59 243 -338  1
3856500 2933500  3  2 18   3.6 1003 164  4.6 6  3.7  72   15   23 250 -334  1
3856500 2933500  3  2 19   2.8 1004 185  5.4 5  3.7  76    0    0 250 -329  1
3856500 2933500  3  2 20   2.5 1004 214  7.7 4  3.6  77    0    0 241 -325  1
3856500 2933500  3  2 21   1.9 1004 216  5.7 2  3.5  78    0    0 227 -324  1
3856500 2933500  3  2 22   1.4 1004 203  5.6 2  3.5  81    0    0 216 -323  1
3856500 2933500  3  2 23   0.9 1003 178  6.4 1  3.5  84    0    0 210 -323  1
3856500 2933500  3  2 24   0.8 1002 162  5.5 1  3.5  87    0    0 207 -323  1
3856500 2933500  3  3  1   1.0 1001 154  6.9 3  3.6  89    0    0 219 -323  1
3856500 2933500  3  3  2   1.6 1000 134  6.3 6  3.7  88    0    0 249 -322  1
3856500 2933500  3  3  3   2.1  998 140  6.6 8  3.8  86    0    0 279 -322  1
3856500 2933500  3  3  4   1.0  996 126  6.8 8  3.8  89    0    0 292 -324  1
3856500 2933500  3  3  5   1.5  994 136  7.7 8  3.9  93    0    0 292 -326  1
3856500 2933500  3  3  6   2.7  993 164  7.4 7  4.1  92    0    0 291 -327  1
3856500 2933500  3  3  7   3.1  992 203  7.8 6  4.3  90    0    0 282 -327  1
3856500 2933500  3  3  8   3.3  992 163  7.8 4  4.4  90    0   14 266 -328  1
3856500 2933500  3  3  9   6.1  991 189 10.3 4  4.5  83   55   58 255 -328  1
3856500 2933500  3  3 10   5.3  991 200 11.7 5  4.0  68   47  118 261 -331  1
3856500 2933500  3  3 11   5.3  992 209 12.4 7  3.5  62    0  111 276 -335  1
3856500 2933500  3  3 12   5.6  992 219 17.2 7  3.5  61    0  107 292 -339  1
3856500 2933500  3  3 13   5.7  992 212 17.7 6  3.4  59    0  133 286 -343  1
3856500 2933500  3  3 14   6.0  992 213 17.8 6  3.3  57    0  104 279 -342  1
3856500 2933500  3  3 15   5.9  992 220 15.2 6  3.3  56   22  140 276 -337  1
3856500 2933500  3  3 16   5.5  992 235 14.2 6  3.2  56   65  101 273 -332  1
3856500 2933500  3  3 17   5.2  993 228 13.7 6  3.3  58   11   64 270 -330  1
3856500 2933500  3  3 18   3.5  993 223 15.6 7  3.6  67   19   17 270 -330  1
3856500 2933500  3  3 19   3.8  994 219 11.9 8  3.7  74    0    0 276 -326  1
3856500 2933500  3  3 20   3.5  995 227 12.1 7  3.8  76    0    0 275 -322  1
3856500 2933500  3  3 21   2.9  996 224  9.9 5  3.8  79    0    0 259 -320  1
3856500 2933500  3  3 22   2.5  997 230  9.0 6  3.8  82    0    0 253 -318  1
3856500 2933500  3  3 23   2.5  998 216  9.2 6  3.9  84    0    0 255 -317  1
3856500 2933500  3  3 24   2.2  999 231  8.4 8  3.9  86    0    0 264 -317  1
3856500 2933500  3  4  1   1.9 1000 235  7.6 6  3.9  88    0    0 261 -317  1
3856500 2933500  3  4  2   1.8 1000 241  8.1 7  3.9  88    0    0 254 -317  1
3856500 2933500  3  4  3   1.6 1001 223  6.9 8  3.9  89    0    0 260 -317  1
3856500 2933500  3  4  4   1.8 1001 243  6.6 7  3.9  90    0    0 257 -317  1
3856500 2933500  3  4  5   1.6 1002 249  6.3 6  3.9  90    0    0 246 -316  1
3856500 2933500  3  4  6   1.6 1002 279  6.5 5  3.9  91    0    0 237 -312  1
3856500 2933500  3  4  7   1.7 1003 266  5.8 5  3.9  91    0    0 233 -307  1
3856500 2933500  3  4  8   1.1 1004 268  4.7 5  3.8  91    0    9 231 -304  1
3856500 2933500  3  4  9   2.1 1005 256  4.8 5  3.9  91   14   80 230 -305  1
3856500 2933500  3  4 10   3.6 1006 260  4.9 5  4.0  86  164  118 232 -311  1
3856500 2933500  3  4 11   4.7 1006 249  4.7 4  4.1  79  341  104 231 -316  1
3856500 2933500  3  4 12   5.8 1007 255  6.0 4  4.1  74  365  134 231 -317  1
3856500 2933500  3  4 13   5.6 1007 270  5.5 5  3.9  68   66  219 238 -325  1
3856500 2933500  3  4 14   4.3 1008 280  7.4 8  3.8  70    0   76 254 -340  1
3856500 2933500  3  4 15   4.4 1008 265  6.0 8  3.8  73    0   71 268 -347  1
3856500 2933500  3  4 16   4.0 1008 249  5.7 6  3.8  73    3  103 262 -345  1
3856500 2933500  3  4 17   3.6 1008 234  4.8 7  3.7  74   15   76 259 -340  1
3856500 2933500  3  4 18   1.4 1008 242  4.2 6  3.7  81   24   33 255 -334  1
3856500 2933500  3  4 19   1.4 1008 208  2.0 4  3.7  87    0    1 243 -326  1
3856500 2933500  3  4 20   1.0 1009 178  3.5 1  3.6  86    0    0 227 -320  1
3856500 2933500  3  4 21   0.2 1009 193  4.2 0  3.4  86    0    0 211 -317  1
3856500 2933500  3  4 22   0.0 1009 205  3.2 1  3.4  89    0    0 208 -317  1
3856500 2933500  3  4 23  -0.3 1008 212  3.4 1  3.4  90    0    0 208 -317  1
3856500 2933500  3  4 24  -0.5 1008 209  4.2 0  3.3  89    0    0 203 -317  1
3856500 2933500  3  5  1  -1.0 1008 198  4.0 0  3.3  91    0    0 198 -317  1
3856500 2933500  3  5  2  -1.4 1007 186  4.7 0  3.3  93    0    0 196 -317  1
3856500 2933500  3  5  3  -0.8 1006 179  5.5 3  3.3  94    0    0 205 -317  1
3856500 2933500  3  5  4   0.1 1004 175  6.5 7  3.4  90    0    0 233 -317  1
3856500 2933500  3  5  5   0.2 1003 166  7.4 7  3.4  87    0    0 253 -317  1
3856500 2933500  3  5  6   0.4 1002 168  7.3 8  3.4  86    0    0 260 -317  1
3856500 2933500  3  5  7   1.0 1001 171  7.6 8  3.3  82    0    0 267 -316  1
3856500 2933500  3  5  8   1.2 1000 169  8.6 7  3.3  78    0    2 266 -314  1
3856500 2933500  3  5  9   1.4  999 175  9.5 8  3.3  78    0   45 269 -314  1
3856500 2933500  3  5 10   1.8  998 182 10.7 7  3.4  78    0   72 274 -316  1
3856500 2933500  3  5 11   0.9  997 175  9.4 7  3.6  84    0   85 275 -317  1
3856500 2933500  3  5 12   0.7  996 179  9.1 6  3.8  92    0  123 275 -318  1
3856500 2933500  3  5 13   0.6  994 186  8.8 7  3.8  95    0  126 276 -318  1
3856500 2933500  3  5 14   0.3  993 182  8.4 7  3.8  96    0   91 283 -318  1
3856500 2933500  3  5 15   0.3  992 184  7.6 7  3.9  98    0   91 287 -318  1
3856500 2933500  3  5 16   0.3  991 188  8.5 8  3.9  99    0   53 294 -319  1
3856500 2933500  3  5 17   0.5  991 185  8.2 7  3.9  98    0   31 298 -325  1
3856500 2933500  3  5 18   0.7  990 197  6.9 8  3.9  97    0   16 301 -328  1
3856500 2933500  3  5 19   1.0  990 203  6.3 8  4.0  96    0    0 305 -326  1
3856500 2933500  3  5 20   1.3  990 197  6.1 8  4.0  95    0    0 308 -325  1
3856500 2933500  3  5 21   1.0  990 188  5.3 8  4.0  95    0    0 309 -325  1
3856500 2933500  3  5 22   1.1  989 190  6.1 8  4.0  96    0    0 310 -325  1
3856500 2933500  3  5 23   1.1  989 180  5.9 8  4.0  96    0    0 310 -324  1
3856500 2933500  3  5 24   1.1  989 188  5.2 8  4.1  97    0    0 311 -324  1
3856500 2933500  3  6  1   1.6  988 184  4.9 8  4.1  96    0    0 312 -324  1
3856500 2933500  3  6  2   1.3  988 184  4.8 8  4.1  95    0    0 312 -325  1
3856500 2933500  3  6  3   1.3  988 191  4.4 8  4.1  96    0    0 312 -325  1
3856500 2933500  3  6  4   1.8  988 193  4.6 8  4.2  96    0    0 312 -325  1
3856500 2933500  3  6  5   2.0  988 209  4.8 8  4.2  95    0    0 313 -324  1
3856500 2933500  3  6  6   2.4  988 216  5.7 8  4.3  94    0    0 314 -322  1
3856500 2933500  3  6  7   2.6  988 224  3.0 8  4.3  93    0    0 314 -322  1
3856500 2933500  3  6  8   2.2  989 214  6.0 8  4.3  93    0    7 312 -323  1
3856500 2933500  3  6  9   2.3  989 221  5.3 7  4.3  93    0   53 305 -326  1
3856500 2933500  3  6 10   3.0  990 232  5.6 6  4.3  92   13  113 293 -332  1
3856500 2933500  3  6 11   3.3  991 231  6.2 6  4.5  92   47  153 287 -338  1
3856500 2933500  3  6 12   4.0  992 238  6.5 7  4.5  90   23  167 292 -344  1
3856500 2933500  3  6 13   4.5  992 237  7.9 8  4.5  86    0   93 303 -349  1
3856500 2933500  3  6 14   4.5  993 240  9.4 8  4.5  85    0   68 306 -352  1
3856500 2933500  3  6 15   4.3  993 247  8.5 7  4.5  84    0   90 299 -350  1
3856500 2933500  3  6 16   3.8  994 277  9.4 8  4.5  87    0   46 295 -344  1
3856500 2933500  3  6 17   3.8  995 271  8.4 7  4.5  89    0   42 291 -340  1
3856500 2933500  3  6 18   4.0  997 273  8.4 6  4.4  86    0   15 279 -335  1
3856500 2933500  3  6 19   3.4  998 267  6.4 5  4.3  86    0    0 268 -328  1
3856500 2933500  3  6 20   2.7  999 254  7.2 4  4.1  86    0    0 254 -322  1
3856500 2933500  3  6 21   2.6 1000 236  6.2 4  4.0  87    0    0 246 -318  1
3856500 2933500  3  6 22   2.0 1001 225  5.3 3  4.0  87    0    0 238 -317  1
3856500 2933500  3  6 23   1.6 1002 233  5.5 2  3.8  86    0    0 226 -317  1
3856500 2933500  3  6 24   1.4 1003 230  5.7 3  3.6  84    0    0 224 -317  1
3856500 2933500  3  7  1   0.5 1003 225  5.3 0  3.5  86    0    0 213 -317  1
3856500 2933500  3  7  2   0.5 1003 231  5.0 0  3.5  87    0    0 199 -317  1
3856500 2933500  3  7  3   0.6 1004 209  5.1 1  3.5  89    0    0 204 -317  1
3856500 2933500  3  7  4   0.5 1004 218  4.5 4  3.7  92    0    0 224 -317  1
3856500 2933500  3  7  5   0.6 1004 221  5.5 7  3.8  95    0    0 250 -317  1
3856500 2933500  3  7  6   1.1 1005 220  5.6 7  3.9  95    0    0 264 -317  1
3856500 2933500  3  7  7   1.3 1005 234  6.0 7  3.9  94    0    0 266 -317  1
3856500 2933500  3  7  8   1.3 1006 231  6.2 6  3.9  93    0   15 263 -317  1
3856500 2933500  3  7  9   1.6 1007 234  6.6 5  4.0  93   51   79 256 -316  1
3856500 2933500  3  7 10   3.0 1007 223  6.3 3  4.0  89  199  103 245 -317  1
3856500 2933500  3  7 11   4.2 1008 222  5.7 2  4.0  82  318  107 235 -317  1
3856500 2933500  3  7 12   5.3 1008 233  7.9 3  4.0  74  147  208 236 -319  1
3856500 2933500  3  7 13   5.9 1008 229  8.4 4  3.7  66  103  224 242 -333  1
3856500 2933500  3  7 14   6.4 1008 223  8.3 5  3.6  60  109  219 249 -347  1
3856500 2933500  3  7 15   7.2 1008 211  8.5 4  3.4  54  217  161 254 -349  1
3856500 2933500  3  7 16   6.7 1008 191  8.1 3  3.2  52  274   79 252 -347  1
3856500 2933500  3  7 17   6.5 1007 190  8.7 3  3.2  52  151   65 249 -343  1
3856500 2933500  3  7 18   5.0 1007 188  6.9 5  3.1  54   38   33 251 -338  1
3856500 2933500  3  7 19   4.3 1007 169  6.6 6  3.2  60    0    5 258 -333  1
3856500 2933500  3  7 20   3.4 1007 160  7.4 6  3.2  64    0    0 260 -329  1
3856500 2933500  3  7 21   3.9 1007 166  8.2 6  3.2  66    0    0 261 -326  1
3856500 2933500  3  7 22   3.4 1007 163  8.1 3  3.3  66    0    0 255 -322  1
3856500 2933500  3  7 23   2.6 1006 158  8.0 3  3.2  68    0    0 248 -319  1
3856500 2933500  3  7 24   2.5 1005 160  8.4 5  3.3  71    0    0 255 -317  1
3856500 2933500  3  8  1   2.9 1004 159  8.5 3  3.3  71    0    0 258 -317  1
3856500 2933500  3  8  2   3.2 1004 154  8.9 4  3.4  70    0    0 260 -319  1
3856500 2933500  3  8  3   3.0 1003 146  8.7 5  3.3  70    0    0 268 -322  1
3856500 2933500  3  8  4   2.8 1002 146  9.5 5  3.3  70    0    0 272 -324  1
3856500 2933500  3  8  5   3.1 1002 147  9.8 6  3.3  70    0    0 278 -324  1
3856500 2933500  3  8  6   3.5 1001 149 10.7 8  3.4  69    0    0 287 -325  1
3856500 2933500  3  8  7   3.3 1000 148 10.7 7  3.4  69    0    0 290 -325  1
3856500 2933500  3  8  8   3.6 1000 145 10.9 8  3.3  67    0    8 290 -325  1
3856500 2933500  3  8  9   4.3 1000 156 10.4 8  3.3  65    0   46 294 -324  1
3856500 2933500  3  8 10   5.4 1000 157 10.2 7  3.4  63   12  132 293 -326  1
3856500 2933500  3  8 11   6.2 1000 169 10.4 7  3.5  60    1  136 291 -332  1
3856500 2933500  3  8 12   5.7 1000 172 10.5 7  3.6  62    0  129 289 -337  1
3856500 2933500  3  8 13   6.0 1001 171  9.6 8  3.8  66    0  113 291 -342  1
3856500 2933500  3  8 14   6.9 1001 172 10.1 8  4.0  66   18  175 295 -347  1
3856500 2933500  3  8 15   7.4 1001 193  5.7 7  4.0  62   29  165 293 -348  1
3856500 2933500  3  8 16   7.8 1002 204  6.0 6  4.0  61   59  135 284 -345  1
3856500 2933500  3  8 17   7.7 1002 206  6.3 5  4.0  60   36   82 275 -344  1
3856500 2933500  3  8 18   6.8 1003 159  5.1 6  3.9  62   40   29 270 -338  1
3856500 2933500  3  8 19   5.7 1003 167  4.6 6  4.0  68    1    5 270 -332  1
3856500 2933500  3  8 20   4.5 1003 135  4.3 5  4.1  74    0    0 262 -327  1
3856500 2933500  3  8 21   3.8 1004 133  3.8 6  4.1  79    0    0 259 -325  1
3856500 2933500  3  8 22   2.3 1004 253  4.3 7  4.0  83    0    0 265 -326  1
3856500 2933500  3  8 23   1.1 1005 240  2.7 7  3.9  90    0    0 266 -324  1
3856500 2933500  3  8 24   1.4 1006 215  4.7 8  3.9  94    0    0 270 -324  1
3856500 2933500  3  9  1   1.5 1006 200  5.1 7  4.0  93    0    0 273 -326  1
3856500 2933500  3  9  2   1.4 1007 195  5.5 7  4.0  94    0    0 270 -326  1
3856500 2933500  3  9  3   1.7 1007 194  5.5 6  4.1  95    0    0 267 -325  1
3856500 2933500  3  9  4   1.9 1007 192  5.7 5  4.0  93    0    0 262 -324  1
3856500 2933500  3  9  5   1.5 1008 197  5.8 2  4.0  92    0    0 244 -324  1
3856500 2933500  3  9  6   1.1 1008 197  4.7 1  3.9  93    0    0 222 -321  1
3856500 2933500  3  9  7   1.6 1009 198  4.0 3  4.0  94    0    0 227 -318  1
3856500 2933500  3  9  8   1.6 1010 214  4.4 4  4.0  94    1   22 244 -317  1
3856500 2933500  3  9  9   2.9 1011 223  4.7 5  4.1  91   26   95 256 -317  1
3856500 2933500  3  9 10   4.6 1012 235  6.4 3  4.3  86  212  108 257 -322  1
3856500 2933500  3  9 11   6.2 1013 251  6.3 2  4.5  80  313  118 245 -336  1
3856500 2933500  3  9 12   7.4 1014 257  5.7 2  4.6  74  265  186 243 -345  1
3856500 2933500  3  9 13   7.9 1015 261  6.0 2  4.4  67  270  203 246 -347  1
3856500 2933500  3  9 14   9.3 1016 262  7.7 3  4.0  58  125  235 255 -351  1
3856500 2933500  3  9 15   9.0 1017 266  6.0 4  3.6  50  138  200 266 -354  1
3856500 2933500  3  9 16   8.4 1017 273  6.4 3  3.4  49  164  135 264 -350  1
3856500 2933500  3  9 17   8.2 1018 273  6.1 2  3.5  51  122   80 255 -348  1
3856500 2933500  3  9 18   6.8 1018 275  4.5 3  3.5  55   40   36 252 -343  1
3856500 2933500  3  9 19   4.3 1019 226  1.7 2  3.5  62    0    5 246 -335  1
3856500 2933500  3  9 20   1.9 1019 143  2.3 1  3.4  72    0    0 233 -326  1
3856500 2933500  3  9 21   0.6 1020 160  2.7 0  3.3  80    0    0 222 -320  1
3856500 2933500  3  9 22   1.3 1021 150  2.2 0  3.3  83    0    0 218 -318  1
3856500 2933500  3  9 23   1.0 1021 154  2.5 0  3.4  83    0    0 216 -319  1
3856500 2933500  3  9 24   0.5 1021 150  2.7 0  3.4  85    0    0 212 -319  1
3856500 2933500  3 10  1   0.9 1021 167  2.6 1  3.4  85    0    0 213 -319  1
3856500 2933500  3 10  2   0.4 1022 162  3.0 1  3.3  85    0    0 215 -318  1
3856500 2933500  3 10  3  -0.7 1022 155  2.7 0  3.2  87    0    0 211 -317  1
3856500 2933500  3 10  4  -1.5 1022 154  2.9 1  3.2  91    0    0 209 -317  1
3856500 2933500  3 10  5  -2.2 1022 139  3.3 1  3.1  96    0    0 211 -317  1
3856500 2933500  3 10  6  -1.3 1022 129  3.4 1  3.1  95    0    0 213 -317  1
3856500 2933500  3 10  7  -1.6 1022 127  3.5 1  3.1  93    0    0 214 -317  1
3856500 2933500  3 10  8  -0.8 1023 121  3.6 2  3.2  94    6   33 217 -317  1
3856500 2933500  3 10  9   1.8 1023 125  4.0 2  3.4  88   43   95 224 -317  1
3856500 2933500  3 10 10   4.3 1023 129  5.3 2  3.6  78  217  102 231 -324  1
3856500 2933500  3 10 11   6.6 1023 140  7.4 2  3.7  67  313  113 236 -338  1
3856500 2933500  3 10 12   8.2 1023 143  7.7 2  3.7  58  398  111 240 -350  1
3856500 2933500  3 10 13   9.0 1023 135  8.5 2  3.5  52  423  113 241 -359  1
3856500 2933500  3 10 14   9.6 1022 133  9.2 2  3.4  47  396  115 241 -365  1
3856500 2933500  3 10 15   9.6 1021 137  9.8 3  3.3  45  311  121 244 -367  1
3856500 2933500  3 10 16   9.9 1021 136  8.7 3  3.3  45  190  121 247 -364  1
3856500 2933500  3 10 17   9.2 1020 136  9.0 5  3.5  48  128   75 252 -359  1
3856500 2933500  3 10 18   8.5 1020 124  7.3 6  3.6  51   23   35 258 -350  1
3856500 2933500  3 10 19   7.2 1020 117  7.0 4  3.6  56    0    3 255 -342  1
3856500 2933500  3 10 20   6.5 1020 116  6.7 3  3.7  60    0    0 246 -336  1
3856500 2933500  3 10 21   5.8 1020 113  7.2 2  3.7  64    0    0 241 -332  1
3856500 2933500  3 10 22   5.5 1020 111  6.0 1  3.7  65    0    0 235 -328  1
3856500 2933500  3 10 23   5.1 1020 109  6.4 1  3.6  66    0    0 232 -326  1
3856500 2933500  3 10 24   4.2 1020 107  6.6 1  3.6  68    0    0 232 -324  1
3856500 2933500  3 11  1   3.6 1020 112  5.8 0  3.6  71    0    0 228 -324  1
3856500 2933500  3 11  2   3.4 1020 116  6.3 0  3.5  73    0    0 227 -323  1
3856500 2933500  3 11  3   2.8 1020 116  6.1 0  3.5  75    0    0 227 -322  1
3856500 2933500  3 11  4   2.9 1020 114  5.9 0  3.5  76    0    0 227 -320  1
3856500 2933500  3 11  5   2.5 1020 118  6.4 1  3.5  77    0    0 230 -318  1
3856500 2933500  3 11  6   2.4 1020 113  6.0 1  3.5  78    0    0 232 -317  1
3856500 2933500  3 11  7   2.2 1020 112  6.3 1  3.6  80    0    0 233 -317  1
3856500 2933500  3 11  8   1.8 1020 117  5.9 3  3.6  83    0   27 238 -317  1
3856500 2933500  3 11  9   3.9 1020 116  6.5 5  3.7  80   29   95 252 -319  1
3856500 2933500  3 11 10   6.0 1020 121  7.1 5  3.8  71  136  135 263 -330  1
3856500 2933500  3 11 11   8.2 1020 128  7.6 5  3.9  63  197  167 269 -345  1
3856500 2933500  3 11 12   9.5 1020 124  8.2 5  4.0  56  217  194 273 -357  1
3856500 2933500  3 11 13  10.8 1020 139  7.8 6  3.8  50  223  208 278 -367  1
3856500 2933500  3 11 14  11.4 1019 128  9.1 6  3.7  46  200  205 282 -374  1
3856500 2933500  3 11 15  11.4 1019 125  9.3 5  3.6  43  176  178 278 -376  1
3856500 2933500  3 11 16  11.6 1019 130  9.0 5  3.5  42  141  134 274 -376  1
3856500 2933500  3 11 17  10.9 1019 126  7.9 7  3.6  44   45   91 281 -372  1
3856500 2933500  3 11 18   9.6 1019 118  7.3 7  3.7  48    6   32 288 -366  1
3856500 2933500  3 11 19   8.8 1019 116  5.9 7  3.7  52    0    4 287 -357  1
3856500 2933500  3 11 20   7.6 1020 119  5.3 6  3.7  55    0    0 282 -350  1
3856500 2933500  3 11 21   7.1 1020 119  5.0 5  3.6  58    0    0 274 -346  1
3856500 2933500  3 11 22   6.2 1020 120  5.2 4  3.6  60    0    0 267 -342  1
3856500 2933500  3 11 23   5.2 1021 122  5.1 3  3.6  64    0    0 257 -338  1
3856500 2933500  3 11 24   4.4 1021 115  4.6 2  3.7  69    0    0 249 -336  1
3856500 2933500  3 12  1   3.7 1021 117  4.9 0  3.7  73    0    0 235 -337  1
3856500 2933500  3 12  2   3.4 1021 122  4.8 0  3.7  76    0    0 226 -338  1
3856500 2933500  3 12  3   2.7 1021 121  4.5 0  3.7  79    0    0 225 -339  1
3856500 2933500  3 12  4   2.1 1021 119  5.1 1  3.7  83    0    0 229 -341  1
3856500 2933500  3 12  5   1.4 1022 122  4.4 1  3.7  86    0    0 232 -343  1
3856500 2933500  3 12  6   1.0 1022 118  4.3 3  3.7  89    0    0 241 -345  1
3856500 2933500  3 12  7   0.8 1022 120  4.0 2  3.6  90    0    0 244 -346  1
3856500 2933500  3 12  8   1.2 1023 121  3.8 3  3.6  90    0   22 244 -347  1
3856500 2933500  3 12  9   2.3 1024 114  4.1 4  3.8  88   22  106 257 -349  1
3856500 2933500  3 12 10   4.2 1024 131  4.4 2  3.9  82  124  170 257 -353  1
3856500 2933500  3 12 11   7.1 1025 140  4.4 2  4.1  72  177  217 253 -356  1
3856500 2933500  3 12 12   8.6 1025 118  4.2 3  4.2  64  264  227 266 -358  1
3856500 2933500  3 12 13   9.8 1025 106  3.9 3  4.2  59  282  234 278 -358  1
3856500 2933500  3 12 14  11.3 1025 111  4.6 3  4.3  56  285  218 284 -361  1
3856500 2933500  3 12 15  12.0 1026 107  4.9 2  4.4  53  266  183 283 -367  1
3856500 2933500  3 12 16  12.8 1026 108  5.9 2  4.4  50  202  146 280 -371  1
3856500 2933500  3 12 17  12.2 1026 113  5.8 1  4.4  49  121  103 276 -366  1
3856500 2933500  3 12 18  10.8 1026 105  5.8 1  4.3  52   34   48 268 -359  1
3856500 2933500  3 12 19   9.2 1026  93  4.4 2  4.2  56    0    7 271 -356  1
3856500 2933500  3 12 20   8.1 1027 104  3.9 1  4.2  60    0    0 268 -353  1
3856500 2933500  3 12 21   6.6 1028 102  5.1 1  4.1  65    0    0 259 -351  1
3856500 2933500  3 12 22   5.3 1028 106  5.5 1  4.1  71    0    0 254 -350  1
3856500 2933500  3 12 23   4.4 1029 105  5.8 1  4.0  76    0    0 251 -349  1
3856500 2933500  3 12 24   2.7 1029 102  5.4 0  3.7  78    0    0 243 -348  1
3856500 2933500  3 13  1   1.9 1029 111  4.8 0  3.6  81    0    0 233 -346  1
3856500 2933500  3 13  2   1.6 1029 108  6.2 0  3.6  84    0    0 231 -340  1
3856500 2933500  3 13  3   1.1 1029 100  5.1 0  3.5  86    0    0 226 -332  1
3856500 2933500  3 13  4   0.6 1030  98  6.1 0  3.5  88    0    0 221 -327  1
3856500 2933500  3 13  5   0.4 1030  97  6.4 0  3.5  90    0    0 218 -323  1
3856500 2933500  3 13  6   0.1 1030  92  4.9 0  3.5  92    0    0 217 -320  1
3856500 2933500  3 13  7  -0.1 1030 108  5.4 0  3.5  93    0    0 215 -317  1
3856500 2933500  3 13  8   0.5 1030  96  4.6 1  3.5  94   13   39 220 -317  1
3856500 2933500  3 13  9   2.6 1031 100  5.3 1  3.7  89   81   97 229 -317  1
3856500 2933500  3 13 10   3.9 1031 104  6.7 0  3.9  83  195  132 228 -326  1
3856500 2933500  3 13 11   5.4 1031 107  8.7 1  4.1  78  287  151 231 -339  1
3856500 2933500  3 13 12   6.1 1031 110  8.2 1  4.2  75  337  170 240 -350  1
3856500 2933500  3 13 13   5.8 1031 112  7.8 1  4.2  74  353  179 242 -359  1
3856500 2933500  3 13 14   7.4 1030 116  8.2 2  4.2  71  358  161 250 -365  1
3856500 2933500  3 13 15   7.6 1030 122  9.1 2  4.3  67  338  131 258 -367  1
3856500 2933500  3 13 16   7.3 1029 124  7.8 2  4.3  68  262  109 259 -364  1
3856500 2933500  3 13 17   7.2 1028 118  6.8 0  4.3  68  152   87 248 -358  1
3856500 2933500  3 13 18   6.6 1028 110  5.6 0  4.2  69   47   47 237 -350  1
3856500 2933500  3 13 19   5.3 1027  96  5.5 2  4.2  73    1    8 244 -340  1
3856500 2933500  3 13 20   4.1 1027  98  5.7 2  4.1  78    0    0 249 -331  1
3856500 2933500  3 13 21   3.6 1027 108  6.4 3  3.9  80    0    0 249 -325  1
3856500 2933500  3 13 22   3.7 1027 106  8.6 4  3.9  79    0    0 258 -325  1
3856500 2933500  3 13 23   3.5 1027 105  6.1 5  3.8  78    0    0 267 -324  1
3856500 2933500  3 13 24   2.9 1026 116  5.9 5  3.7  78    0    0 271 -319  1
3856500 2933500  3 14  1   3.1 1026 114  5.6 7  3.6  77    0    0 280 -317  1
3856500 2933500  3 14  2   2.9 1025 106  7.3 7  3.5  75    0    0 289 -317  1
3856500 2933500  3 14  3   2.4 1024 110  7.7 8  3.4  75    0    0 291 -317  1
3856500 2933500  3 14  4   2.1 1024 109  6.5 8  3.3  75    0    0 295 -317  1
3856500 2933500  3 14  5   1.7 1023 103  4.9 7  3.2  75    0    0 288 -317  1
3856500 2933500  3 14  6   1.0 1022  89  4.0 6  3.1  75    0    0 273 -317  1
3856500 2933500  3 14  7   0.7 1022 109  4.9 4  3.0  74    0    0 254 -317  1
3856500 2933500  3 14  8   0.4 1021  71  3.7 4  2.9  74   17   42 242 -317  1
3856500 2933500  3 14  9   1.1 1020  90  5.8 4  2.9  74   20  107 243 -317  1
3856500 2933500  3 14 10   0.8 1020  97  7.9 7  2.9  72   13  155 258 -317  1
3856500 2933500  3 14 11   1.2 1019 125  6.3 6  2.7  67   37  211 268 -317  1
3856500 2933500  3 14 12   1.2 1019 142  6.7 6  2.5  62   84  251 263 -320  1
3856500 2933500  3 14 13   1.8 1018 135  7.3 5  2.3  56  259  239 259 -333  1
3856500 2933500  3 14 14   1.9 1017 133  6.8 5  2.2  51  190  252 255 -346  1
3856500 2933500  3 14 15   1.5 1016 138  8.6 5  2.1  50  170  215 254 -349  1
3856500 2933500  3 14 16   1.1 1014 122  8.7 7  2.1  51   38  159 261 -345  1
3856500 2933500  3 14 17   0.1 1014 126  7.5 5  2.1  53   60  110 256 -339  1
3856500 2933500  3 14 18  -0.8 1013 129  7.2 3  2.1  56   30   45 233 -331  1
3856500 2933500  3 14 19  -1.4 1012 130  7.5 3  2.1  60    2    8 220 -322  1
3856500 2933500  3 14 20  -2.0 1011 135  6.8 2  2.1  63    0    0 212 -317  1
3856500 2933500  3 14 21  -2.5 1010 135  7.0 1  2.1  65    0    0 201 -317  1
3856500 2933500  3 14 22  -2.4 1009 136  6.7 2  2.1  67    0    0 199 -317  1
3856500 2933500  3 14 23  -2.6 1009 132  6.0 4  2.2  69    0    0 211 -317  1
3856500 2933500  3 14 24  -2.4 1008 135  6.5 8  2.3  72    0    0 239 -317  1
3856500 2933500  3 15  1  -2.2 1006 146  7.4 8  2.3  73    0    0 261 -317  1
3856500 2933500  3 15  2  -2.1 1004 145  6.9 8  2.4  74    0    0 265 -317  1
3856500 2933500  3 15  3  -1.6 1003 151  6.3 8  2.5  74    0    0 272 -317  1
3856500 2933500  3 15  4  -1.7 1001 157  5.2 8  2.5  75    0    0 277 -317  1
3856500 2933500  3 15  5  -1.7 1000 150  4.7 8  2.7  79    0    0 281 -317  1
3856500 2933500  3 15  6  -2.4  999 142  5.2 8  2.8  86    0    0 285 -317  1
3856500 2933500  3 15  7  -2.4  998 151  5.5 8  3.0  92    0    0 288 -318  1
3856500 2933500  3 15  8  -2.2  997 142  5.1 8  3.0  93    0   18 291 -318  1
3856500 2933500  3 15  9  -2.0  996 137  5.9 7  3.1  95    1   79 289 -318  1
3856500 2933500  3 15 10  -1.5  996 138  4.7 5  3.2  96    1  122 274 -318  1
3856500 2933500  3 15 11  -0.9  996 156  5.7 6  3.3  94    0   88 267 -329  1
3856500 2933500  3 15 12  -0.3  996 174  4.0 8  3.4  93    0   82 286 -345  1
3856500 2933500  3 15 13   0.3  996 188  3.6 7  3.6  92    0  126 294 -348  1
3856500 2933500  3 15 14   1.4  996 205  3.8 7  3.7  90    1  160 289 -345  1
3856500 2933500  3 15 15   2.5  996 241  3.0 5  4.0  89  163  189 278 -347  1
3856500 2933500  3 15 16   3.1  995 225  2.8 5  4.1  87   89  155 267 -350  1
3856500 2933500  3 15 17   3.3  995 253  3.4 6  4.1  85   53  102 270 -347  1
3856500 2933500  3 15 18   3.1  996 236  2.2 5  4.2  86   46   42 266 -341  1
3856500 2933500  3 15 19   1.9  996 214  2.1 4  4.1  88    3    7 251 -335  1
3856500 2933500  3 15 20   1.1  996 228  2.4 4  3.9  92    0    0 239 -328  1
3856500 2933500  3 15 21   0.4  996 221  2.6 3  3.8  94    0    0 236 -321  1
3856500 2933500  3 15 22  -0.2  996 217  3.0 2  3.7  96    0    0 218 -318  1
3856500 2933500  3 15 23  -0.1  997 187  3.1 1  3.7  97    0    0 198 -318  1
3856500 2933500  3 15 24   0.0  997 163  3.1 0  3.8  98    0    0 194 -319  1
3856500 2933500  3 16  1   0.3 1032 136  2.9 1  3.9  99    0    0 241 -322  1
3856500 2933500  3 16  2   0.5 1032 115  2.5 1  3.9  99    0    0 238 -322  1
3856500 2933500  3 16  3   0.7 1032 106  2.4 2  3.9 100    0    0 246 -322  1
3856500 2933500  3 16  4   0.7 1032 120  2.5 3  3.9 100    0    0 250 -321  1
3856500 2933500  3 16  5   0.8 1032 122  2.7 3  3.9 100    0    0 251 -323  1
3856500 2933500  3 16  6   0.8 1032 150  2.9 4  3.9 100    0    0 257 -328  1
3856500 2933500  3 16  7   1.0 1032 126  2.9 6  4.0 100    0    0 280 -331  1
3856500 2933500  3 16  8   1.4 1032 133  2.9 5  4.0  99    6   47 286 -333  1
3856500 2933500  3 16  9   2.5 1032 137  4.1 5  4.2  97    6  104 279 -338  1
3856500 2933500  3 16 10   3.6 1033 156  4.6 6  4.2  90   73  182 286 -345  1
3856500 2933500  3 16 11   5.0 1033 166  6.0 5  4.1  81  253  168 289 -352  1
3856500 2933500  3 16 12   6.5 1033 135  6.0 5  4.2  75  269  224 288 -357  1
3856500 2933500  3 16 13   7.0 1033 136  4.5 5  4.1  69  192  273 292 -359  1
3856500 2933500  3 16 14   7.2 1033 152  5.2 5  4.1  66  181  267 292 -358  1
3856500 2933500  3 16 15   6.8 1033 137  4.9 5  4.0  65  144  237 291 -358  1
3856500 2933500  3 16 16   7.0 1032 128  5.1 6  3.9  64   59  188 295 -357  1
3856500 2933500  3 16 17   6.2 1032 144  6.0 7  3.9  66   30  120 306 -352  1
3856500 2933500  3 16 18   5.5 1032 136  6.5 7  3.9  69   10   48 309 -346  1
3856500 2933500  3 16 19   4.7 1032 133  3.4 8  3.8  72    0    4 310 -338  1
3856500 2933500  3 16 20   4.4 1032 145  3.9 8  3.8  74    0    0 313 -328  1
3856500 2933500  3 16 21   4.0 1033 131  4.0 8  3.9  77    0    0 310 -324  1
3856500 2933500  3 16 22   3.7 1033 145  4.1 7  3.9  79    0    0 302 -321  1
3856500 2933500  3 16 23   3.7 1033 143  4.7 7  3.8  79    0    0 294 -318  1
3856500 2933500  3 16 24   3.4 1033 154  4.1 7  3.8  79    0    0 292 -317  1
3856500 2933500  3 17  1   3.3 1033 151  3.9 8  3.7  79    0    0 295 -317  1
3856500 2933500  3 17  2   3.1 1033 153  4.1 8  3.7  79    0    0 298 -317  1
3856500 2933500  3 17  3   2.9 1032 144  3.2 8  3.7  80    0    0 294 -317  1
3856500 2933500  3 17  4   2.6 1032 108  3.4 8  3.7  81    0    0 292 -317  1
3856500 2933500  3 17  5   2.7 1032  93  3.4 7  3.7  81    0    0 285 -317  1
3856500 2933500  3 17  6   2.3 1032  78  3.7 8  3.6  81    0    0 284 -317  1
3856500 2933500  3 17  7   2.0 1031 133  3.5 8  3.6  83    0    0 287 -316  1
3856500 2933500  3 17  8   1.9 1031 149  4.0 7  3.6  84    3   45 281 -314  1
3856500 2933500  3 17  9   2.3 1031 149  4.3 5  3.6  83   23  125 270 -314  1
3856500 2933500  3 17 10   3.8 1031 156  4.6 6  3.6  78  138  164 269 -316  1
3856500 2933500  3 17 11   4.9 1032 157  4.1 6  3.7  73   80  240 278 -317  1
3856500 2933500  3 17 12   6.5 1032 170  4.1 6  3.9  69   83  279 284 -335  1
3856500 2933500  3 17 13   8.0 1031 166  3.7 6  4.1  65  144  293 291 -363  1
3856500 2933500  3 17 14   8.5 1031 176  2.6 6  4.1  62  204  268 296 -378  1
3856500 2933500  3 17 15   9.6 1031 174  2.9 3  4.1  59  255  199 284 -380  1
3856500 2933500  3 17 16  10.0 1030 182  2.8 3  4.2  57  187  164 273 -376  1
3856500 2933500  3 17 17   9.5 1030 186  2.6 5  4.2  57   97  115 282 -369  1
3856500 2933500  3 17 18   9.1 1029 176  2.3 6  4.2  58   35   54 295 -360  1
3856500 2933500  3 17 19   8.5 1029 141  2.0 6  4.2  61    0    9 299 -350  1
3856500 2933500  3 17 20   7.4 1029 118  2.3 6  4.3  66    0    0 296 -341  1
3856500 2933500  3 17 21   6.3 1029 116  1.8 5  4.3  70    0    0 289 -333  1
3856500 2933500  3 17 22   5.6 1029 106  1.4 4  4.2  74    0    0 279 -327  1
3856500 2933500  3 17 23   4.9 1029 114  2.2 5  4.2  77    0    0 277 -323  1
3856500 2933500  3 17 24   5.1 1029 139  2.2 7  4.2  79    0    0 291 -319  1
3856500 2933500  3 18  1   3.9 1028 113  1.8 4  4.1  79    0    0 286 -317  1
3856500 2933500  3 18  2   3.3 1028 114  2.1 4  4.0  82    0    0 268 -317  1
3856500 2933500  3 18  3   3.5 1027 137  1.9 4  4.0  84    0    0 266 -317  1
3856500 2933500  3 18  4   2.9 1027 135  1.9 4  4.0  85    0    0 266 -317  1
3856500 2933500  3 18  5   2.6 1026 151  1.9 4  4.0  87    0    0 265 -317  1
3856500 2933500  3 18  6   2.8 1025 118  2.3 6  4.0  88    0    0 275 -317  1
3856500 2933500  3 18  7   3.4 1025 169  1.9 8  4.1  87    0    0 298 -318  1
3856500 2933500  3 18  8   3.3 1025 153  2.8 7  4.1  86    2   45 305 -318  1
3856500 2933500  3 18  9   4.3 1024 149  3.0 7  4.0  82   11  118 302 -321  1
3856500 2933500  3 18 10   6.3 1024 156  3.8 6  4.1  74    7  160 301 -335  1
3856500 2933500  3 18 11   8.1 1023 193  3.4 4  4.2  68   55  243 292 -353  1
3856500 2933500  3 18 12   9.6 1023 207  3.7 5  4.3  62  137  289 292 -363  1
3856500 2933500  3 18 13  10.9 1022 192  4.8 6  4.1  54  120  301 307 -371  1
3856500 2933500  3 18 14  11.2 1021 208  5.1 6  4.0  49   89  289 315 -376  1
3856500 2933500  3 18 15  11.6 1020 198  4.1 6  4.0  48   41  230 316 -377  1
3856500 2933500  3 18 16  11.1 1019 210  3.8 6  4.1  50    4  139 314 -377  1
3856500 2933500  3 18 17   9.2 1018 242  3.7 7  4.6  60    0   69 315 -373  1
3856500 2933500  3 18 18   9.0 1018 234  3.7 8  5.1  71    0   30 322 -364  1
3856500 2933500  3 18 19   7.6 1018 225  3.7 8  5.3  78    1    9 323 -353  1
3856500 2933500  3 18 20   6.8 1018 235  3.1 8  5.5  87    0    0 321 -342  1
3856500 2933500  3 18 21   6.5 1017 264  4.0 8  5.6  92    0    0 318 -334  1
3856500 2933500  3 18 22   5.9 1017 311  5.0 7  5.5  94    0    0 311 -329  1
3856500 2933500  3 18 23   5.8 1017 326  5.5 7  5.4  95    0    0 303 -325  1
3856500 2933500  3 18 24   5.7 1018 346  4.8 8  5.4  95    0    0 305 -321  1
3856500 2933500  3 19  1   5.6 1018 345  4.5 8  5.3  94    0    0 308 -318  1
3856500 2933500  3 19  2   5.4 1018 335  4.8 7  5.1  92    0    0 302 -317  1
3856500 2933500  3 19  3   5.4 1018 324  4.4 6  5.0  90    0    0 292 -317  1
3856500 2933500  3 19  4   5.5 1018 308  5.0 7  4.9  88    0    0 293 -317  1
3856500 2933500  3 19  5   5.3 1018 322  4.9 7  4.8  87    0    0 299 -317  1
3856500 2933500  3 19  6   4.8 1018 310  5.1 7  4.8  88    0    0 299 -317  1
3856500 2933500  3 19  7   4.8 1018 309  4.7 6  4.7  89    0    0 293 -317  1
3856500 2933500  3 19  8   4.8 1019 310  4.8 4  4.7  88   11   44 278 -318  1
3856500 2933500  3 19  9   5.9 1019 319  5.0 4  4.8  86   93   73 270 -318  1
3856500 2933500  3 19 10   6.6 1019 309  5.8 7  4.8  82   13  148 286 -324  1
3856500 2933500  3 19 11   6.9 1020 324  7.6 5  4.6  76  143  148 292 -339  1
3856500 2933500  3 19 12   7.8 1020 309  7.7 4  4.4  70   86  200 278 -351  1
3856500 2933500  3 19 13   7.5 1020 313  8.4 5  4.3  67   18  199 280 -358  1
3856500 2933500  3 19 14   7.7 1020 305  8.5 3  4.4  68  120  179 275 -362  1
3856500 2933500  3 19 15   7.8 1020 305  9.2 5  4.5  69  100  160 274 -360  1
3856500 2933500  3 19 16   6.8 1020 308  8.2 7  4.5  70    9  131 290 -352  1
3856500 2933500  3 19 17   6.4 1020 318  7.0 6  4.6  76   59   86 291 -346  1
3856500 2933500  3 19 18   5.9 1020 310  6.5 6  4.6  80   27   39 282 -345  1
3856500 2933500  3 19 19   5.0 1020 308  6.0 5  4.5  80    0    6 273 -341  1
3856500 2933500  3 19 20   3.9 1021 300  5.7 4  4.3  84    0    0 260 -337  1
3856500 2933500  3 19 21   4.2 1021 307  6.0 4  4.4  87    0    0 255 -334  1
3856500 2933500  3 19 22   3.9 1021 303  5.0 4  4.4  88    0    0 257 -331  1
3856500 2933500  3 19 23   3.8 1022 292  4.8 4  4.4  88    0    0 258 -331  1
3856500 2933500  3 19 24   3.4 1022 295  4.6 4  4.3  88    0    0 257 -333  1
3856500 2933500  3 20  1   3.5 1022 288  5.3 3  4.2  88    0    0 252 -334  1
3856500 2933500  3 20  2   3.6 1022 299  4.5 5  4.3  89    0    0 258 -331  1
3856500 2933500  3 20  3   3.4 1022 300  5.0 5  4.3  89    0    0 267 -328  1
3856500 2933500  3 20  4   3.0 1022 312  5.0 3  4.2  89    0    0 258 -326  1
3856500 2933500  3 20  5   3.0 1022 289  4.9 1  4.2  89    0    0 240 -325  1
3856500 2933500  3 20  6   2.5 1022 276  4.6 2  4.1  90    0    0 234 -327  1
3856500 2933500  3 20  7   2.3 1022 288  4.4 3  4.1  91    0    1 243 -328  1
3856500 2933500  3 20  8   3.0 1022 281  5.2 4  4.1  90   58   32 254 -330  1
3856500 2933500  3 20  9   4.2 1023 285  6.0 2  4.2  87  156   56 252 -335  1
3856500 2933500  3 20 10   5.2 1023 303  7.4 6  4.3  82   40  166 263 -342  1
3856500 2933500  3 20 11   6.0 1023 293  7.7 7  4.3  77   22  194 290 -348  1
3856500 2933500  3 20 12   5.8 1023 281  7.8 7  4.5  79   25  215 297 -352  1
3856500 2933500  3 20 13   5.9 1023 263  7.2 7  4.8  84   24  217 300 -355  1
3856500 2933500  3 20 14   6.1 1022 274  7.5 7  4.9  86    1  172 301 -359  1
3856500 2933500  3 20 15   6.2 1022 277  7.3 8  5.1  88    0  100 306 -353  1
3856500 2933500  3 20 16   6.3 1021 271  6.5 8  5.3  90    0   70 310 -345  1
3856500 2933500  3 20 17   6.1 1021 277  5.7 8  5.3  91    1   83 308 -344  1
3856500 2933500  3 20 18   5.9 1020 277  7.0 8  5.3  93    3   46 307 -341  1
3856500 2933500  3 20 19   5.9 1020 274  6.7 7  5.3  93    0    4 301 -335  1
3856500 2933500  3 20 20   5.8 1020 276  6.2 7  5.3  93    0    0 293 -329  1
3856500 2933500  3 20 21   5.9 1019 262  5.6 8  5.3  93    0    0 296 -326  1
3856500 2933500  3 20 22   5.9 1019 276  5.2 8  5.3  92    0    0 300 -325  1
3856500 2933500  3 20 23   6.0 1018 277  5.9 8  5.2  91    0    0 302 -324  1
3856500 2933500  3 20 24   5.7 1018 268  5.3 8  5.2  91    0    0 303 -324  1
3856500 2933500  3 21  1   5.4 1017 260  4.9 8  5.1  92    0    0 304 -324  1
3856500 2933500  3 21  2   5.0 1017 250  5.0 7  5.1  93    0    0 302 -324  1
3856500 2933500  3 21  3   4.8 1016 246  4.8 6  5.0  93    0    0 295 -324  1
3856500 2933500  3 21  4   4.3 1015 234  4.5 5  4.9  94    0    0 287 -324  1
3856500 2933500  3 21  5   4.2 1014 232  4.3 6  4.8  94    0    0 289 -325  1
3856500 2933500  3 21  6   4.0 1013 221  4.5 6  4.8  94    0    0 295 -326  1
3856500 2933500  3 21  7   3.6 1012 210  4.3 6  4.7  94    0    1 296 -327  1
3856500 2933500  3 21  8   4.0 1011 203  5.1 7  4.7  94    3   51 302 -329  1
3856500 2933500  3 21  9   4.9 1010 207  5.2 7  5.0  95   24  123 310 -333  1
3856500 2933500  3 21 10   6.1 1009 201  7.1 7  5.2  92   20  175 314 -339  1
3856500 2933500  3 21 11   6.9 1009 204  7.1 8  5.2  86    0  144 323 -342  1
3856500 2933500  3 21 12   7.2 1008 208  7.3 7  5.1  82    2  185 327 -346  1
3856500 2933500  3 21 13   7.4 1007 210  7.4 7  5.1  80    0  161 326 -350  1
3856500 2933500  3 21 14   7.3 1006 195  7.0 8  5.0  78    0   64 333 -352  1
3856500 2933500  3 21 15   6.5 1004 199  7.8 8  5.0  81    0   71 337 -352  1
3856500 2933500  3 21 16   5.9 1003 198  6.6 8  5.2  87    0   93 336 -351  1
3856500 2933500  3 21 17   5.6 1003 204  6.7 7  5.3  91    0   75 330 -349  1
3856500 2933500  3 21 18   5.4 1002 192  5.4 8  5.3  93    0   35 329 -348  1
3856500 2933500  3 21 19   5.1 1001 197  5.5 8  5.2  93    0    1 333 -347  1
3856500 2933500  3 21 20   5.0 1000 190  5.0 8  5.1  93    0    0 333 -347  1
3856500 2933500  3 21 21   4.7 1000 189  5.3 8  5.1  93    0    0 333 -347  1
3856500 2933500  3 21 22   4.8 1000 180  4.6 8  5.1  94    0    0 333 -347  1
3856500 2933500  3 21 23   4.9  999 179  4.0 8  5.1  94    0    0 333 -346  1
3856500 2933500  3 21 24   4.8  999 173  3.6 8  5.1  94    0    0 333 -346  1
3856500 2933500  3 22  1   4.8  999 178  3.6 8  5.2  96    0    0 332 -345  1
3856500 2933500  3 22  2   4.9  999 180  2.7 8  5.3  97    0    0 331 -345  1
3856500 2933500  3 22  3   4.9  999 193  2.3 8  5.3  97    0    0 330 -344  1
3856500 2933500  3 22  4   4.9  998 179  2.2 8  5.3  97    0    0 330 -343  1
3856500 2933500  3 22  5   4.9  998 177  2.3 8  5.3  97    0    0 330 -342  1
3856500 2933500  3 22  6   5.0  998 214  2.0 8  5.3  97    0    0 330 -342  1
3856500 2933500  3 22  7   5.0  999 254  2.5 6  5.3  97    0    0 322 -342  1
3856500 2933500  3 22  8   5.3  999 323  3.4 7  5.4  97    0   33 317 -342  1
3856500 2933500  3 22  9   5.5  999 339  4.1 6  5.5  97    0   57 316 -346  1
3856500 2933500  3 22 10   5.7 1000 330  4.9 7  5.5  96    0   90 316 -354  1
3856500 2933500  3 22 11   5.6 1001 322  6.3 8  5.5  95    0   93 325 -363  1
3856500 2933500  3 22 12   5.3 1002 332  6.7 7  5.3  94    0  115 326 -370  1
3856500 2933500  3 22 13   5.2 1003 328  7.5 8  5.0  90    0   93 326 -372  1
3856500 2933500  3 22 14   4.9 1004 338  8.2 8  4.6  84    6  182 329 -370  1
3856500 2933500  3 22 15   5.1 1005 346  7.5 8  4.3  78    6  163 328 -366  1
3856500 2933500  3 22 16   5.3 1005 343  8.4 8  4.0  72    0  105 328 -364  1
3856500 2933500  3 22 17   5.2 1006 337  6.9 7  3.8  68   13   99 321 -364  1
3856500 2933500  3 22 18   4.9 1007 327  7.8 7  3.7  67   32   42 314 -361  1
3856500 2933500  3 22 19   4.2 1008 315  5.9 8  3.6  68    0    8 319 -356  1
3856500 2933500  3 22 20   4.1 1008 316  5.1 7  3.7  72    0    0 319 -351  1
3856500 2933500  3 22 21   3.8 1009 287  4.9 7  3.7  73    0    0 313 -349  1
3856500 2933500  3 22 22   3.6 1009 272  5.1 7  3.7  74    0    0 313 -348  1
3856500 2933500  3 22 23   3.6 1009 274  4.6 7  3.7  76    0    0 313 -347  1
3856500 2933500  3 22 24   3.5 1009 255  4.6 8  3.9  79    0    0 320 -346  1
3856500 2933500  3 23  1   3.4 1008 242  5.1 8  4.0  83    0    0 327 -344  1
3856500 2933500  3 23  2   3.3 1008 244  5.5 7  4.1  85    0    0 317 -341  1
3856500 2933500  3 23  3   3.1 1007 230  5.3 7  4.2  87    0    0 307 -335  1
3856500 2933500  3 23  4   2.8 1006 218  6.6 7  4.3  90    0    0 304 -329  1
3856500 2933500  3 23  5   2.6 1005 207  7.2 8  4.3  92    0    0 307 -325  1
3856500 2933500  3 23  6   2.5 1004 210  7.7 8  4.3  93    0    0 312 -323  1
3856500 2933500  3 23  7   2.5 1002 223  6.8 8  4.3  94    0    0 311 -322  1
3856500 2933500  3 23  8   3.4 1001 244  6.8 8  4.5  96    0   41 312 -324  1
3856500 2933500  3 23  9   4.7 1001 291  8.7 6  5.0  98    5  114 305 -330  1
3856500 2933500  3 23 10   6.1 1001 297  9.2 7  5.4  96    0  120 305 -336  1
3856500 2933500  3 23 11   6.6 1002 302 10.4 7  5.4  90    5  187 317 -341  1
3856500 2933500  3 23 12   7.0 1003 311 10.9 8  5.1  82    0  134 325 -345  1
3856500 2933500  3 23 13   6.7 1004 316 10.6 7  4.7  75   20  240 324 -349  1
3856500 2933500  3 23 14   6.5 1005 326  8.1 6  4.3  71   62  259 314 -351  1
3856500 2933500  3 23 15   6.6 1006 321  9.7 4  4.0  66  137  248 300 -352  1
3856500 2933500  3 23 16   7.0 1007 325  8.3 4  3.9  63  234  148 294 -354  1
3856500 2933500  3 23 17   6.9 1007 327  6.5 3  3.8  62  176   97 291 -356  1
3856500 2933500  3 23 18   6.2 1008 323  6.5 3  3.8  63   68   60 286 -355  1
3856500 2933500  3 23 19   5.2 1009 306  4.4 4  3.8  67    1   12 289 -355  1
3856500 2933500  3 23 20   3.7 1010 263  2.9 3  3.7  72    0    0 285 -354  1
3856500 2933500  3 23 21   2.9 1010 252  3.4 4  3.7  77    0    0 281 -353  1
3856500 2933500  3 23 22   2.2 1010 245  2.1 5  3.8  82    0    0 288 -352  1
3856500 2933500  3 23 23   2.0 1011 217  2.7 5  3.8  86    0    0 291 -351  1
3856500 2933500  3 23 24   2.3 1011 187  3.3 7  3.9  88    0    0 302 -350  1
3856500 2933500  3 24  1   2.8 1011 195  3.0 7  4.0  87    0    0 313 -347  1
3856500 2933500  3 24  2   3.3 1011 172  3.1 7  4.0  84    0    0 314 -345  1
3856500 2933500  3 24  3   3.9 1011 172  3.6 7  4.1  83    0    0 316 -343  1
3856500 2933500  3 24  4   3.6 1010 184  3.7 7  4.2  85    0    0 317 -342  1
3856500 2933500  3 24  5   4.8 1010 202  4.6 8  4.6  89    0    0 324 -343  1
3856500 2933500  3 24  6   5.8 1009 221  4.5 8  5.1  91    0    0 333 -346  1
3856500 2933500  3 24  7   7.1 1009 219  7.5 7  5.6  94    0    1 333 -347  1
3856500 2933500  3 24  8   7.8 1010 227  5.8 7  6.1  94    0   33 330 -349  1
3856500 2933500  3 24  9   8.3 1010 234  6.6 7  6.3  93    0   77 332 -351  1
3856500 2933500  3 24 10   8.5 1010 241  7.2 8  6.3  91    0   96 337 -356  1
3856500 2933500  3 24 11   8.7 1010 247  7.0 7  6.2  88    0  142 336 -361  1
3856500 2933500  3 24 12   9.4 1010 237  8.3 7  6.1  85    0  177 331 -364  1
3856500 2933500  3 24 13   9.8 1011 240  8.0 7  6.0  81    0  140 332 -370  1
3856500 2933500  3 24 14   9.4 1011 237  7.3 7  5.9  79    0  106 330 -373  1
3856500 2933500  3 24 15  10.0 1010 223  7.1 6  5.9  78    0  153 324 -371  1
3856500 2933500  3 24 16  10.2 1010 237  7.7 7  5.7  74    0   80 324 -369  1
3856500 2933500  3 24 17   9.3 1010 237  5.2 8  5.5  73    0   62 331 -367  1
3856500 2933500  3 24 18   9.2 1010 228  4.4 7  5.4  74    0   46 327 -364  1
3856500 2933500  3 24 19   8.8 1009 213  4.4 7  5.3  74    0    4 320 -359  1
3856500 2933500  3 24 20   8.5 1009 210  4.1 7  5.3  76    0    0 316 -355  1
3856500 2933500  3 24 21   8.0 1009 211  4.5 7  5.3  78    0    0 312 -353  1
3856500 2933500  3 24 22   8.0 1009 208  4.2 7  5.4  80    0    0 309 -353  1
3856500 2933500  3 24 23   7.8 1009 196  3.8 8  5.4  80    0    0 310 -352  1
3856500 2933500  3 24 24   7.9 1009 200  3.7 7  5.3  79    0    0 308 -350  1
3856500 2933500  3 25  1   7.4 1009 188  3.2 6  5.2  79    0    0 297 -348  1
3856500 2933500  3 25  2   6.7 1008 189  3.1 5  5.1  82    0    0 286 -348  1
3856500 2933500  3 25  3   7.3 1008 167  3.3 4  5.1  82    0    0 278 -349  1
3856500 2933500  3 25  4   6.9 1007 166  3.3 4  5.2  82    0    0 274 -350  1
3856500 2933500  3 25  5   6.4 1006 144  3.1 4  5.1  83    0    0 272 -350  1
3856500 2933500  3 25  6   5.9 1005 140  2.9 5  5.0  84    0    0 271 -347  1
3856500 2933500  3 25  7   6.0 1005 125  3.4 7  5.0  85    0    4 279 -341  1
3856500 2933500  3 25  8   6.0 1005 113  2.9 3  5.0  85   18   71 271 -338  1
3856500 2933500  3 25  9   7.3 1004 127  3.9 4  5.0  82   88  148 261 -343  1
3856500 2933500  3 25 10   9.5 1004 130  3.5 2  5.3  76  192  198 262 -355  1
3856500 2933500  3 25 11  11.3 1003 132  2.6 1  5.6  71  301  219 261 -368  1
3856500 2933500  3 25 12  13.3 1003 163  3.2 2  5.9  66  369  230 265 -380  1
3856500 2933500  3 25 13  14.2 1002 156  4.3 3  6.2  62  396  229 272 -390  1
3856500 2933500  3 25 14  15.2 1002 170  5.2 4  6.3  60  379  221 278 -395  1
3856500 2933500  3 25 15  16.4 1001 195  6.1 3  6.4  56  358  183 281 -397  1
3856500 2933500  3 25 16  16.4 1001 201  6.7 3  6.3  54  267  159 282 -396  1
3856500 2933500  3 25 17  16.6 1000 203  5.9 4  6.2  52  169  120 284 -391  1
3856500 2933500  3 25 18  15.8 1000 208  4.8 5  6.2  54   63   70 286 -384  1
3856500 2933500  3 25 19  12.9  999 207  3.7 6  6.3  62    1   12 284 -375  1
3856500 2933500  3 25 20  11.7  999 149  3.5 7  6.4  71    0    0 280 -367  1
3856500 2933500  3 25 21  11.9  999 164  4.0 7  6.6  75    0    0 282 -362  1
3856500 2933500  3 25 22  12.3  999 170  3.5 6  6.7  75    0    0 283 -358  1
3856500 2933500  3 25 23  12.2  999 194  3.9 6  6.5  72    0    0 283 -355  1
3856500 2933500  3 25 24  12.3  999 201  4.1 7  6.2  69    0    0 287 -352  1
3856500 2933500  3 26  1  11.8  999 206  4.2 8  6.1  69    0    0 297 -349  1
3856500 2933500  3 26  2  11.2  998 208  3.7 8  6.2  73    0    0 303 -347  1
3856500 2933500  3 26  3  10.6  998 196  4.1 8  6.4  77    0    0 307 -345  1
3856500 2933500  3 26  4  10.8  998 198  5.1 7  6.5  80    0    0 305 -344  1
3856500 2933500  3 26  5  10.1  997 191  7.1 7  6.6  82    0    0 302 -342  1
3856500 2933500  3 26  6  10.3  997 200  5.5 7  6.7  85    0    0 303 -342  1
3856500 2933500  3 26  7   9.9  997 190  4.8 7  6.8  87    0    1 303 -342  1
3856500 2933500  3 26  8   9.8  997 184  4.1 8  7.0  90    0   15 308 -344  1
3856500 2933500  3 26  9  10.1  997 199  4.3 8  7.2  93    0   79 314 -350  1
3856500 2933500  3 26 10  10.5  998 220  5.0 8  7.4  93    0   96 314 -363  1
3856500 2933500  3 26 11  11.1  998 218  6.6 8  7.4  90    0  122 316 -377  1
3856500 2933500  3 26 12  11.8  999 230  6.9 8  7.4  86    0  181 319 -386  1
3856500 2933500  3 26 13  12.8  999 233  6.4 6  7.2  79   36  278 317 -392  1
3856500 2933500  3 26 14  13.4  999 237  6.2 5  6.8  72  108  304 314 -393  1
3856500 2933500  3 26 15  14.1 1000 250  6.2 4  6.3  64  178  265 312 -385  1
3856500 2933500  3 26 16  13.8 1000 253  4.7 4  6.0  60  104  216 310 -378  1
3856500 2933500  3 26 17  13.5 1000 265  4.2 4  5.8  59   72  147 307 -380  1
3856500 2933500  3 26 18  11.7 1000 340  3.1 4  6.0  66   48   73 301 -377  1
3856500 2933500  3 26 19  10.1 1000 317  3.0 7  6.3  76    0    9 305 -373  1
3856500 2933500  3 26 20  10.1 1001  50  2.7 8  6.2  79    0    0 318 -368  1
3856500 2933500  3 26 21   8.6 1001  52  5.3 7  6.1  82    0    0 317 -361  1
3856500 2933500  3 26 22   8.3 1001  71  3.4 8  6.1  88    0    0 315 -354  1
3856500 2933500  3 26 23   8.0 1000   2  3.1 8  6.1  90    0    0 321 -348  1
3856500 2933500  3 26 24   7.4 1000   8  4.4 8  6.2  93    0    0 321 -346  1
3856500 2933500  3 27  1   7.7 1000  34  3.4 8  6.2  95    0    0 320 -343  1
3856500 2933500  3 27  2   7.1 1000 199  3.3 8  6.3  98    0    0 319 -341  1
3856500 2933500  3 27  3   7.3 1000 229  4.5 8  6.4  99    0    0 318 -339  1
3856500 2933500  3 27  4   7.3 1000 303  4.9 8  6.3  98    0    0 319 -338  1
3856500 2933500  3 27  5   6.9 1000 310  5.2 8  6.2  97    0    0 319 -338  1
3856500 2933500  3 27  6   6.1 1001 325  6.1 8  5.9  96    0    0 316 -337  1
3856500 2933500  3 27  7   5.8 1002 322  5.7 8  5.6  95    0    5 314 -334  1
3856500 2933500  3 27  8   5.3 1002 320  5.1 5  5.4  95   19   70 297 -333  1
3856500 2933500  3 27  9   5.8 1003 324  5.4 5  5.3  93   69  141 280 -337  1
3856500 2933500  3 27 10   6.3 1004 308  6.5 6  5.2  88   66  198 287 -344  1
3856500 2933500  3 27 11   7.2 1005 314  6.0 7  5.1  82   79  243 300 -353  1
3856500 2933500  3 27 12   7.8 1005 312  5.4 5  4.9  76  187  260 296 -359  1
3856500 2933500  3 27 13   9.0 1005 336  5.5 4  4.7  68  339  214 281 -362  1
3856500 2933500  3 27 14   9.2 1006 326  5.3 6  4.5  62  241  245 287 -365  1
3856500 2933500  3 27 15   9.5 1006 330  5.2 6  4.4  59  209  215 296 -367  1
3856500 2933500  3 27 16   9.9 1006 328  4.4 6  4.4  58  147  178 297 -367  1
3856500 2933500  3 27 17   9.6 1006 353  4.2 7  4.4  58   86  126 301 -367  1
3856500 2933500  3 27 18   8.7 1007  18  4.5 4  4.4  61   88   51 291 -361  1
3856500 2933500  3 27 19   7.0 1007  21  2.9 5  4.5  68   14   12 279 -352  1
3856500 2933500  3 27 20   5.2 1007  52  1.9 5  4.5  77    0    0 277 -341  1
3856500 2933500  3 27 21   3.8 1008  20  2.2 5  4.5  85    0    0 271 -333  1
3856500 2933500  3 27 22   2.3 1009  18  2.1 2  4.3  90    0    0 250 -328  1
3856500 2933500  3 27 23   2.2 1009 349  1.6 1  4.2  93    0    0 225 -325  1
3856500 2933500  3 27 24   1.7 1009 331  1.3 1  4.1  94    0    0 216 -322  1
3856500 2933500  3 28  1   0.8 1010 356  1.5 0  4.0  95    0    0 207 -319  1
3856500 2933500  3 28  2   0.7 1010   8  1.4 2  3.9  96    0    0 211 -318  1
3856500 2933500  3 28  3   0.6 1010  63  1.1 3  3.9  98    0    0 226 -317  1
3856500 2933500  3 28  4   0.3 1010  38  1.0 4  3.9  99    0    0 236 -320  1
3856500 2933500  3 28  5   1.4 1011  32  1.3 5  4.0  98    0    0 249 -323  1
3856500 2933500  3 28  6   1.4 1011  30  1.2 6  4.1  98    0    0 265 -326  1
3856500 2933500  3 28  7   2.8 1012 331  1.3 7  4.3  98    0    9 281 -328  1
3856500 2933500  3 28  8   2.9 1013 356  1.4 3  4.5  96   35   78 268 -332  1
3856500 2933500  3 28  9   4.0 1013  24  1.4 6  4.6  95   30  145 268 -341  1
3856500 2933500  3 28 10   5.2 1015  10  2.6 7  4.7  89    5  165 301 -354  1
3856500 2933500  3 28 11   6.2 1015  22  2.7 7  4.6  81    5  193 316 -364  1
3856500 2933500  3 28 12   7.0 1016  25  3.2 5  4.4  74  171  292 309 -370  1
3856500 2933500  3 28 13   8.6 1016  22  2.7 3  4.4  67  423  206 290 -387  1
3856500 2933500  3 28 14   9.1 1016  27  2.1 2  4.4  63  417  190 275 -412  1
3856500 2933500  3 28 15   9.4 1016   7  2.6 2  4.4  61  397  153 269 -416  1
3856500 2933500  3 28 16   9.5 1016 341  2.2 2  4.4  60  334  120 269 -406  1
3856500 2933500  3 28 17   9.0 1016 347  2.6 1  4.4  61  226   95 263 -397  1
3856500 2933500  3 28 18   8.1 1016 319  2.0 1  4.5  66   99   65 257 -387  1
3856500 2933500  3 28 19   7.0 1017  61  2.4 2  4.5  69   10   14 260 -373  1
3856500 2933500  3 28 20   5.0 1017 123  2.0 3  4.3  77    0    0 273 -358  1
3856500 2933500  3 28 21   3.5 1018 100  1.9 3  4.2  83    0    0 276 -347  1
3856500 2933500  3 28 22   2.3 1018 118  1.8 2  4.1  89    0    0 263 -342  1
3856500 2933500  3 28 23   2.2 1019 150  2.1 3  4.2  91    0    0 253 -338  1
3856500 2933500  3 28 24   2.8 1019 180  2.5 4  4.3  91    0    0 250 -335  1
3856500 2933500  3 29  1   3.8 1016 210  3.1 6  4.5  89    0    0 323 -347  1
3856500 2933500  3 29  2   4.8 1016 231  3.6 7  4.7  87    0    0 322 -347  1
3856500 2933500  3 29  3   5.6 1016 246  4.1 8  4.9  86    0    0 319 -347  1
3856500 2933500  3 29  4   5.6 1016 246  4.0 8  4.9  87    0    0 314 -347  1
3856500 2933500  3 29  5   5.5 1016 245  4.0 8  4.9  87    0    0 320 -347  1
3856500 2933500  3 29  6   5.5 1016 253  3.4 8  5.0  89    0    0 327 -347  1
3856500 2933500  3 29  7   5.4 1017 237  4.0 7  5.0  90    0    6 322 -347  1
3856500 2933500  3 29  8   5.7 1017 246  3.5 7  5.0  89    0   47 316 -349  1
3856500 2933500  3 29  9   6.0 1017 245  5.2 7  4.9  85    0   93 316 -352  1
3856500 2933500  3 29 10   6.3 1018 249  3.8 8  4.8  82    0  115 323 -358  1
3856500 2933500  3 29 11   7.0 1018 252  3.4 8  4.6  77    0  115 328 -366  1
3856500 2933500  3 29 12   7.8 1018 254  4.0 7  4.6  73    0  179 323 -370  1
3856500 2933500  3 29 13   8.8 1018 224  4.6 7  4.7  69   26  256 319 -378  1
3856500 2933500  3 29 14   9.7 1018 222  4.4 6  4.8  66  118  280 316 -381  1
3856500 2933500  3 29 15  10.5 1018 235  4.5 7  4.9  64   76  243 318 -376  1
3856500 2933500  3 29 16  10.4 1018 230  4.3 7  4.9  63   10  160 324 -372  1
3856500 2933500  3 29 17   9.7 1018 244  4.4 8  5.0  66    5  109 326 -371  1
3856500 2933500  3 29 18   9.5 1018 244  3.8 8  5.0  68    5   59 328 -368  1
3856500 2933500  3 29 19   9.1 1018 230  2.8 6  4.9  68    3   14 316 -364  1
3856500 2933500  3 29 20   8.1 1018 246  2.6 6  4.9  70    0    0 304 -360  1
3856500 2933500  3 29 21   7.9 1019  12  3.0 5  4.8  73    0    0 298 -357  1
3856500 2933500  3 29 22   7.7 1019 355  3.0 6  4.8  74    0    0 296 -354  1
3856500 2933500  3 29 23   7.3 1020 346  2.3 7  4.8  74    0    0 303 -353  1
3856500 2933500  3 29 24   7.0 1020 222  2.8 7  4.6  74    0    0 306 -352  1
3856500 2933500  3 30  1   6.3 1020 232  3.2 5  4.5  75    0    0 296 -350  1
3856500 2933500  3 30  2   5.3 1020 186  2.7 4  4.4  78    0    0 284 -349  1
3856500 2933500  3 30  3   5.1 1020 223  2.8 5  4.3  79    0    0 282 -348  1
3856500 2933500  3 30  4   4.6 1020 204  3.1 5  4.2  79    0    0 286 -349  1
3856500 2933500  3 30  5   4.5 1020 215  3.5 7  4.1  79    0    0 293 -350  1
3856500 2933500  3 30  6   4.6 1020 231  2.1 7  4.3  82    0    0 301 -350  1
3856500 2933500  3 30  7   4.8 1020 240  3.1 8  4.4  84    0    9 306 -349  1
3856500 2933500  3 30  8   6.2 1021 251  2.5 6  4.6  82   11   70 305 -351  1
3856500 2933500  3 30  9   7.3 1021 249  2.9 7  4.9  81   47  147 303 -358  1
3856500 2933500  3 30 10   9.3 1022 258  3.0 5  5.3  78  237  162 303 -368  1
3856500 2933500  3 30 11  11.3 1022 244  3.1 4  5.6  73  456  121 298 -384  1
3856500 2933500  3 30 12  12.4 1023 215  2.7 3  5.7  67  538  119 295 -402  1
3856500 2933500  3 30 13  12.9 1023 286  3.0 3  5.5  61  225  277 294 -420  1
3856500 2933500  3 30 14  12.9 1023 292  3.8 6  5.2  57   16  224 307 -431  1
3856500 2933500  3 30 15  13.2 1023 318  3.3 7  5.2  56    3  167 325 -429  1
3856500 2933500  3 30 16  12.6 1023 321  3.7 6  5.4  58   15  164 326 -412  1
3856500 2933500  3 30 17  11.8 1023 348  3.7 5  5.7  65   34  126 316 -394  1
3856500 2933500  3 30 18  10.7 1023   3  5.1 3  5.6  68   74   62 300 -382  1
3856500 2933500  3 30 19   8.3 1023 355  4.0 0  5.3  72   17   19 275 -370  1
3856500 2933500  3 30 20   6.7 1024  23  2.4 0  5.2  81    0    0 258 -361  1
3856500 2933500  3 30 21   5.2 1024  78  2.6 0  5.1  88    0    0 252 -354  1
3856500 2933500  3 30 22   3.6 1024  86  2.1 0  4.8  94    0    0 247 -355  1
3856500 2933500  3 30 23   3.4 1025  86  2.1 2  4.6  96    0    0 250 -354  1
3856500 2933500  3 30 24   2.5 1025  90  2.0 1  4.4  96    0    0 250 -350  1
3856500 2933500  3 31  1   1.7 1025 342  2.7 4  4.2  97    0    0 255 -350  1
3856500 2933500  3 31  2   1.1 1025  49  2.5 1  4.0  98    0    0 252 -351  1
3856500 2933500  3 31  3   1.3 1025  19  2.0 1  3.9  96    0    0 240 -347  1
3856500 2933500  3 31  4   0.0 1025  47  1.8 3  3.8  96    0    0 246 -342  1
3856500 2933500  3 31  5   0.4 1024  51  2.3 1  3.7  98    0    0 244 -341  1
3856500 2933500  3 31  6  -0.2 1024  24  2.6 1  3.7  99    0    0 236 -338  1
3856500 2933500  3 31  7   0.8 1024  44  2.5 1  3.8 100    2   16 237 -334  1
3856500 2933500  3 31  8   3.8 1024  65  3.2 0  4.4 100   59   81 238 -335  1
3856500 2933500  3 31  9   6.7 1024  65  4.2 0  5.1  94  174  133 241 -345  1
3856500 2933500  3 31 10   8.7 1024  71  4.7 0  5.5  85  271  178 247 -359  1
3856500 2933500  3 31 11  10.4 1024  73  4.9 0  5.6  77  363  205 252 -374  1
3856500 2933500  3 31 12  12.4 1024  84  6.3 0  5.5  66  437  215 256 -388  1
3856500 2933500  3 31 13  13.4 1023  88  6.9 0  5.0  54  463  216 260 -398  1
3856500 2933500  3 31 14  14.4 1022 109  7.0 0  4.6  47  174  284 263 -402  1
3856500 2933500  3 31 15  14.7 1021  92  7.7 0  4.6  45  411  179 265 -403  1
3856500 2933500  3 31 16  14.6 1021  84  8.5 0  4.6  44  322  152 264 -399  1
3856500 2933500  3 31 17  14.6 1020  81  8.1 0  4.4  43  199  122 264 -392  1
3856500 2933500  3 31 18  13.7 1019  68  6.1 0  4.5  45   89   76 262 -381  1
3856500 2933500  3 31 19  12.1 1019  73  5.2 0  4.7  51   14   22 258 -368  1
3856500 2933500  3 31 20  10.6 1019  65  5.2 0  4.7  57    0    0 252 -356  1
3856500 2933500  3 31 21   9.7 1019  78  6.2 0  4.8  62    0    0 248 -349  1
3856500 2933500  3 31 22   8.9 1019  83  6.0 0  4.8  67    0    0 246 -345  1
3856500 2933500  3 31 23   7.7 1019  89  5.0 0  4.7  70    0    0 242 -341  1
3856500 2933500  3 31 24   6.9 1019  93  4.8 0  4.6  73    0    0 239 -338  1
3856500 2933500  4  1  1   6.6 1018  85  5.3 1  4.6  76    0    0 239 -335  1
3856500 2933500  4  1  2   6.3 1018  80  5.3 1  4.6  78    0    0 241 -333  1
3856500 2933500  4  1  3   5.5 1018  84  5.5 0  4.6  80    0    0 236 -331  1
3856500 2933500  4  1  4   4.7 1017  78  5.2 0  4.5  83    0    0 229 -329  1
3856500 2933500  4  1  5   4.6 1017  85  4.8 0  4.4  84    0    0 228 -328  1
3856500 2933500  4  1  6   3.9 1017  90  4.8 0  4.4  85    0    0 227 -327  1
3856500 2933500  4  1  7   4.4 1017  89  5.9 0  4.3  85    5   17 226 -327  1
3856500 2933500  4  1  8   6.3 1017  86  6.7 0  4.4  80   80   72 230 -331  1
3856500 2933500  4  1  9   7.9 1017  95  7.5 0  4.5  72  216  106 234 -340  1
3856500 2933500  4  1 10   9.5 1017  99  8.0 0  4.4  63  336  131 239 -353  1
3856500 2933500  4  1 11  11.1 1016 103  8.2 0  4.2  54  428  152 244 -368  1
3856500 2933500  4  1 12  12.4 1016 106  8.3 0  4.0  47  507  154 250 -383  1
3856500 2933500  4  1 13  13.3 1015 116  8.3 1  3.9  43  539  150 260 -395  1
3856500 2933500  4  1 14  14.1 1015 115  8.3 1  4.0  41  538  133 270 -403  1
3856500 2933500  4  1 15  14.4 1014 113  7.8 0  4.0  40  482  119 271 -405  1
3856500 2933500  4  1 16  14.5 1014 115  7.9 0  4.0  39  381  106 270 -403  1
3856500 2933500  4  1 17  14.5 1014 122  6.9 0  4.1  40  242   92 269 -397  1
3856500 2933500  4  1 18  13.9 1013 120  6.1 0  4.1  41  108   65 268 -388  1
3856500 2933500  4  1 19  12.3 1014 109  3.8 2  4.2  45   18   22 271 -379  1
3856500 2933500  4  1 20  10.5 1014 107  4.1 3  4.3  51    0    0 277 -369  1
3856500 2933500  4  1 21   9.4 1014  93  4.3 3  4.2  56    0    0 276 -363  1
3856500 2933500  4  1 22   8.5 1014  89  4.4 1  4.2  60    0    0 263 -361  1
3856500 2933500  4  1 23   8.8 1014  94  5.4 0  4.2  60    0    0 248 -359  1
3856500 2933500  4  1 24   8.0 1014  90  5.2 1  4.1  60    0    0 245 -356  1
3856500 2933500  4  2  1   6.8 1014  93  4.5 0  4.1  66    0    0 237 -352  1
3856500 2933500  4  2  2   6.2 1014  87  4.8 0  4.1  68    0    0 231 -351  1
3856500 2933500  4  2  3   6.0 1014  85  5.3 1  4.2  71    0    0 233 -349  1
3856500 2933500  4  2  4   5.8 1014  82  4.8 1  4.2  72    0    0 235 -348  1
3856500 2933500  4  2  5   5.6 1015  89  4.9 1  4.1  73    0    0 234 -349  1
3856500 2933500  4  2  6   5.7 1015  98  5.9 1  4.1  73    0    0 232 -350  1
3856500 2933500  4  2  7   5.9 1015  99  6.6 3  4.2  74    0   13 240 -352  1
3856500 2933500  4  2  8   6.9 1015 100  7.3 3  4.3  72   16  101 252 -355  1
3856500 2933500  4  2  9   8.3 1015  97  8.0 3  4.4  68  105  173 255 -360  1
3856500 2933500  4  2 10   9.8 1015 110  7.6 4  4.5  63  208  216 265 -366  1
3856500 2933500  4  2 11  11.4 1015 110  9.6 4  4.5  57  275  250 275 -372  1
3856500 2933500  4  2 12  13.0 1015 113  9.0 5  4.6  52  222  296 286 -377  1
3856500 2933500  4  2 13  14.2 1015 108  8.4 6  4.5  47  184  303 303 -383  1
3856500 2933500  4  2 14  15.0 1014 111  8.9 5  4.5  44  266  279 305 -392  1
3856500 2933500  4  2 15  15.9 1014 120  8.4 3  4.6  42  307  219 289 -398  1
3856500 2933500  4  2 16  16.3 1014 119  8.7 2  4.7  41  280  162 274 -397  1
3856500 2933500  4  2 17  16.2 1014 124  8.7 1  4.8  42  190  124 262 -390  1
3856500 2933500  4  2 18  15.4 1014 120  7.0 1  4.8  43   86   82 251 -381  1
3856500 2933500  4  2 19  13.9 1014 114  6.5 2  4.8  47   11   27 251 -373  1
3856500 2933500  4  2 20  13.1 1014 107  7.3 1  4.8  50    0    0 246 -366  1
3856500 2933500  4  2 21  12.2 1014 110  6.9 1  4.7  52    0    0 237 -363  1
3856500 2933500  4  2 22  11.2 1015  96  7.0 0  4.7  56    0    0 229 -361  1
3856500 2933500  4  2 23  10.2 1015 105  7.7 0  4.7  58    0    0 219 -360  1
3856500 2933500  4  2 24   9.5 1015 100  7.6 1  4.5  60    0    0 221 -357  1
3856500 2933500  4  3  1   8.8 1015  99  6.8 1  4.5  62    0    0 223 -353  1
3856500 2933500  4  3  2   8.2 1015  96  7.4 1  4.5  65    0    0 221 -351  1
3856500 2933500  4  3  3   7.8 1015  93  7.2 1  4.5  68    0    0 223 -349  1
3856500 2933500  4  3  4   7.0 1015  94  7.3 2  4.5  70    0    0 230 -346  1
3856500 2933500  4  3  5   6.4 1015  90  6.9 1  4.4  72    0    0 229 -344  1
3856500 2933500  4  3  6   6.1 1015  94  7.4 1  4.2  72    0    0 223 -343  1
3856500 2933500  4  3  7   6.2 1015  94  7.4 0  4.0  69    0   27 219 -341  1
3856500 2933500  4  3  8   7.2 1015  97  7.9 0  3.8  63   38  107 215 -340  1
3856500 2933500  4  3  9   8.9 1015 108  9.2 0  3.7  56  133  171 222 -343  1
3856500 2933500  4  3 10  10.4 1014 107  9.1 2  3.8  51  248  204 241 -352  1
3856500 2933500  4  3 11  11.8 1014 108 10.5 2  4.0  49  351  219 259 -364  1
3856500 2933500  4  3 12  13.0 1014 110  9.1 2  4.2  47  410  231 266 -376  1
3856500 2933500  4  3 13  14.3 1014 112  8.8 2  4.4  45  404  248 275 -387  1
3856500 2933500  4  3 14  15.1 1013 117 10.6 4  4.6  44  336  266 286 -395  1
3856500 2933500  4  3 15  15.9 1013 110  9.9 3  4.8  44  258  254 293 -398  1
3856500 2933500  4  3 16  16.2 1013 126  9.4 3  4.9  43  269  179 293 -396  1
3856500 2933500  4  3 17  16.0 1012 132  8.1 7  5.0  44   83  164 306 -391  1
3856500 2933500  4  3 18  15.4 1012 127  7.2 8  5.2  47    8   78 322 -383  1
3856500 2933500  4  3 19  15.0 1012 124  7.0 7  5.3  49    0   19 321 -374  1
3856500 2933500  4  3 20  14.2 1013 117  6.8 8  5.4  52    0    0 320 -364  1
3856500 2933500  4  3 21  13.3 1013 106  6.5 8  5.3  54    0    0 324 -355  1
3856500 2933500  4  3 22  12.9 1013 108  6.5 7  5.1  54    0    0 317 -349  1
3856500 2933500  4  3 23  12.6 1014 110  6.1 7  4.8  52    0    0 311 -345  1
3856500 2933500  4  3 24  12.0 1014 116  5.4 6  4.6  52    0    0 306 -340  1
3856500 2933500  4  4  1  11.5 1014 131  4.8 8  4.6  53    0    0 310 -338  1
3856500 2933500  4  4  2  11.2 1014 143  4.3 8  4.4  53    0    0 319 -338  1
3856500 2933500  4  4  3  10.6 1014 136  4.5 7  4.5  55    0    0 312 -339  1
3856500 2933500  4  4  4  10.3 1014 144  3.6 8  4.6  59    0    0 312 -339  1
3856500 2933500  4  4  5   9.7 1015 139  3.0 7  4.8  63    0    0 313 -339  1
3856500 2933500  4  4  6   9.7 1015 141  3.1 8  5.0  67    0    0 313 -340  1
3856500 2933500  4  4  7   9.4 1015 144  3.4 8  5.4  73    0   12 320 -342  1
3856500 2933500  4  4  8   9.7 1015 159  4.1 6  5.9  80    0   51 310 -346  1
3856500 2933500  4  4  9  10.6 1016 182  4.8 7  6.6  85    2  131 308 -354  1
3856500 2933500  4  4 10  12.9 1016 182  6.1 6  7.2  84   48  259 314 -366  1
3856500 2933500  4  4 11  13.8 1016 188  7.1 6  7.4  77   29  276 314 -379  1
3856500 2933500  4  4 12  13.7 1016 199  5.7 8  7.1  72    0  165 328 -384  1
3856500 2933500  4  4 13  13.3 1016 210  6.4 7  6.7  70    0  152 333 -388  1
3856500 2933500  4  4 14  14.2 1017 218  6.8 6  6.5  67   13  250 323 -401  1
3856500 2933500  4  4 15  14.1 1017 209  5.8 6  6.2  62    3  191 318 -407  1
3856500 2933500  4  4 16  14.5 1017 207  6.1 7  5.8  57    0   96 323 -406  1
3856500 2933500  4  4 17  14.7 1017 192  5.7 6  5.5  54    0  104 322 -398  1
3856500 2933500  4  4 18  13.0 1016 201  6.0 7  5.7  58    7   83 319 -385  1
3856500 2933500  4  4 19  11.4 1017 210  5.0 8  6.2  70    3   27 327 -375  1
3856500 2933500  4  4 20  11.1 1018 211  5.2 7  6.5  78    0    0 322 -367  1
3856500 2933500  4  4 21  10.2 1018 188  4.4 5  6.4  81    0    0 303 -358  1
3856500 2933500  4  4 22  10.4 1018 177  4.6 7  6.4  82    0    0 301 -351  1
3856500 2933500  4  4 23  10.0 1018 174  5.3 7  6.4  83    0    0 312 -348  1
3856500 2933500  4  4 24  10.7 1017 181  5.5 4  6.3  81    0    0 298 -345  1
3856500 2933500  4  5  1  10.8 1017 175  5.9 8  6.3  78    0    0 305 -343  1
3856500 2933500  4  5  2  11.0 1016 178  6.5 8  6.3  78    0    0 330 -342  1
3856500 2933500  4  5  3  11.1 1015 178  6.2 7  6.3  77    0    0 327 -342  1
3856500 2933500  4  5  4  10.9 1014 179  6.6 8  6.3  77    0    0 330 -344  1
3856500 2933500  4  5  5  10.4 1013 177  6.6 8  6.5  81    0    0 339 -346  1
3856500 2933500  4  5  6  10.3 1012 169  7.1 8  6.7  85    0    0 340 -348  1
3856500 2933500  4  5  7  10.2 1011 170  8.5 8  6.7  86    0    3 342 -351  1
3856500 2933500  4  5  8  10.5 1010 177  8.6 8  6.6  84    0   42 344 -354  1
3856500 2933500  4  5  9  10.7 1010 188  8.9 7  6.7  84    2  132 340 -358  1
3856500 2933500  4  5 10  10.7 1009 224  9.1 7  6.7  83    0  128 335 -361  1
3856500 2933500  4  5 11  10.0 1010 260 10.1 7  6.3  80    6  219 334 -366  1
3856500 2933500  4  5 12  10.1 1011 245 10.4 6  5.9  77   10  246 325 -374  1
3856500 2933500  4  5 13  11.0 1012 246  9.8 6  5.7  72   49  299 317 -381  1
3856500 2933500  4  5 14  12.1 1013 265 10.5 6  5.6  66   52  289 317 -383  1
3856500 2933500  4  5 15  10.8 1013 272 11.6 5  5.5  65   55  266 308 -384  1
3856500 2933500  4  5 16  10.7 1014 257  9.5 4  5.4  67   80  237 297 -386  1
3856500 2933500  4  5 17  10.7 1014 264 11.9 5  5.1  64   66  176 295 -382  1
3856500 2933500  4  5 18   9.7 1014 260  8.1 6  5.0  65   24   97 298 -372  1
3856500 2933500  4  5 19   9.5 1014 249  6.4 6  4.9  66    0   23 297 -363  1
3856500 2933500  4  5 20   8.3 1014 225  4.0 6  4.9  69    0    0 291 -353  1
3856500 2933500  4  5 21   6.9 1015 216  3.5 4  4.9  76    0    0 276 -347  1
3856500 2933500  4  5 22   6.2 1015 201  3.7 2  4.8  79    0    0 255 -343  1
3856500 2933500  4  5 23   6.1 1014 198  4.2 2  4.7  80    0    0 245 -341  1
3856500 2933500  4  5 24   6.4 1014 203  4.3 5  4.6  78    0    0 260 -343  1
3856500 2933500  4  6  1   5.3 1013 189  5.0 6  4.6  80    0    0 279 -347  1
3856500 2933500  4  6  2   5.4 1012 194  4.3 7  4.7  84    0    0 289 -349  1
3856500 2933500  4  6  3   6.1 1011 192  5.5 7  4.7  83    0    0 299 -350  1
3856500 2933500  4  6  4   6.4 1010 190  5.6 6  4.8  82    0    0 297 -350  1
3856500 2933500  4  6  5   6.6 1009 190  5.7 7  4.9  82    0    0 300 -349  1
3856500 2933500  4  6  6   6.1 1008 221  5.8 7  5.1  86    0    0 306 -349  1
3856500 2933500  4  6  7   6.2 1008 238  5.8 7  5.3  90    0   22 307 -349  1
3856500 2933500  4  6  8   6.7 1008 242  6.0 7  5.4  90   42   96 309 -349  1
3856500 2933500  4  6  9   7.1 1008 257  5.9 5  5.4  86   87  157 301 -351  1
3856500 2933500  4  6 10   7.8 1008 256  8.1 5  5.3  82   96  217 293 -355  1
3856500 2933500  4  6 11   7.2 1008 263  7.6 6  5.4  83   55  249 300 -361  1
3856500 2933500  4  6 12   8.5 1008 246  7.7 6  5.5  83   43  259 307 -363  1
3856500 2933500  4  6 13   7.4 1007 254  7.7 7  5.6  84    9  227 311 -370  1
3856500 2933500  4  6 14   7.6 1007 267  9.7 7  5.5  84    0  181 310 -380  1
3856500 2933500  4  6 15   8.2 1007 270  9.6 8  5.3  79    0  118 313 -380  1
3856500 2933500  4  6 16   7.9 1007 275  7.3 6  5.2  77   28  178 305 -377  1
3856500 2933500  4  6 17   7.6 1006 260  6.3 4  5.2  78  131  126 279 -373  1
3856500 2933500  4  6 18   7.1 1006 256  7.2 6  5.1  80   16   78 276 -364  1
3856500 2933500  4  6 19   6.3 1005 241  6.3 7  5.1  83   10   24 292 -355  1
3856500 2933500  4  6 20   6.2 1004 216  2.9 7  5.1  86    0    0 299 -347  1
3856500 2933500  4  6 21   5.8 1004 224  3.9 7  5.1  87    0    0 300 -344  1
3856500 2933500  4  6 22   5.0 1003 220  3.5 7  5.1  90    0    0 301 -345  1
3856500 2933500  4  6 23   4.5 1002 212  5.1 7  4.9  92    0    0 299 -343  1
3856500 2933500  4  6 24   4.2 1002 209  4.8 7  4.8  92    0    0 298 -338  1
3856500 2933500  4  7  1   4.6 1001 221  4.2 6  4.8  91    0    0 293 -335  1
3856500 2933500  4  7  2   4.0 1000 228  4.2 7  4.8  92    0    0 295 -337  1
3856500 2933500  4  7  3   3.8  999 231  3.9 7  4.8  94    0    0 301 -337  1
3856500 2933500  4  7  4   3.9  999 210  3.1 7  4.7  94    0    0 300 -336  1
3856500 2933500  4  7  5   4.1  998 230  3.7 7  4.7  92    0    0 301 -336  1
3856500 2933500  4  7  6   4.3  998 229  3.6 7  4.8  92    0    0 301 -335  1
3856500 2933500  4  7  7   4.2  998 243  4.1 7  4.8  92    0   27 301 -335  1
3856500 2933500  4  7  8   4.7  998 248  3.8 8  4.9  92    0   63 308 -338  1
3856500 2933500  4  7  9   5.7  998 251  5.9 7  5.0  90   19  154 310 -344  1
3856500 2933500  4  7 10   6.5  998 277  5.7 5  5.0  85  169  203 294 -355  1
3856500 2933500  4  7 11   7.2  998 295  6.5 5  5.0  79   93  254 287 -367  1
3856500 2933500  4  7 12   7.4  999 311  6.0 6  4.8  75   50  262 296 -374  1
3856500 2933500  4  7 13   7.0  999 306  7.0 5  4.9  76  114  268 295 -381  1
3856500 2933500  4  7 14   7.0  999 307  7.0 8  5.1  80   20  231 299 -389  1
3856500 2933500  4  7 15   7.5  999 306  7.0 7  5.1  79   19  208 302 -390  1
3856500 2933500  4  7 16   7.5  999 290  7.4 5  5.1  77  121  189 286 -387  1
3856500 2933500  4  7 17   6.2  999 299  6.7 6  5.0  80   35  137 277 -380  1
3856500 2933500  4  7 18   6.5  999 294  6.9 6  5.0  83   12   77 278 -369  1
3856500 2933500  4  7 19   5.5 1000 275  4.7 6  5.1  86   26   25 275 -358  1
3856500 2933500  4  7 20   5.4 1000 286  4.0 6  5.0  88    0    0 273 -348  1
3856500 2933500  4  7 21   5.1 1000 242  3.6 7  5.0  89    0    0 279 -342  1
3856500 2933500  4  7 22   5.0 1001 263  3.7 6  4.9  90    0    0 280 -341  1
3856500 2933500  4  7 23   4.4 1000 227  3.0 6  4.9  91    0    0 275 -341  1
3856500 2933500  4  7 24   4.5 1000 247  3.2 7  4.8  92    0    0 281 -342  1
3856500 2933500  4  8  1   4.2 1001 256  3.1 7  4.8  92    0    0 289 -343  1
3856500 2933500  4  8  2   4.4 1000 250  4.2 7  4.8  92    0    0 291 -344  1
3856500 2933500  4  8  3   4.1 1000 248  1.3 7  4.8  92    0    0 294 -344  1
3856500 2933500  4  8  4   3.8 1000 242  3.4 6  4.7  92    0    0 289 -345  1
3856500 2933500  4  8  5   4.0 1000 261  3.1 7  4.7  93    0    0 290 -345  1
3856500 2933500  4  8  6   3.8 1000 257  3.5 7  4.8  94    0    0 299 -343  1
3856500 2933500  4  8  7   4.1 1001 252  3.6 7  4.8  94    1   30 302 -343  1
3856500 2933500  4  8  8   4.7 1001 256  3.9 4  4.9  94   56   88 287 -346  1
3856500 2933500  4  8  9   5.1 1001 278  4.5 7  5.0  92    8  138 291 -351  1
3856500 2933500  4  8 10   5.2 1002 300  4.2 7  4.9  89   11  189 310 -361  1
3856500 2933500  4  8 11   6.3 1002 301  5.8 7  4.9  85    0  152 314 -367  1
3856500 2933500  4  8 12   5.7 1002 324  4.2 7  5.0  84    6  216 319 -365  1
3856500 2933500  4  8 13   6.2 1003 329  7.8 6  5.0  85   40  248 316 -370  1
3856500 2933500  4  8 14   5.7 1003 326  7.9 6  4.9  85   63  239 308 -377  1
3856500 2933500  4  8 15   6.0 1003 336  7.2 8  4.9  84    0  135 307 -374  1
3856500 2933500  4  8 16   6.1 1004 332  7.5 8  4.8  82    0  102 309 -368  1
3856500 2933500  4  8 17   6.3 1004 331  6.1 7  4.9  82    9  119 304 -360  1
3856500 2933500  4  8 18   6.2 1005 325  6.0 7  4.9  81   16   74 299 -354  1
3856500 2933500  4  8 19   5.5 1005 326  5.1 7  4.8  83   22   21 298 -349  1
3856500 2933500  4  8 20   5.3 1006 314  3.3 7  4.8  86    0    2 297 -345  1
3856500 2933500  4  8 21   5.3 1007 322  4.0 7  4.9  88    0    0 298 -342  1
3856500 2933500  4  8 22   5.2 1007 314  4.6 7  4.9  88    0    0 300 -342  1
3856500 2933500  4  8 23   5.1 1008 323  4.8 7  4.9  89    0    0 301 -341  1
3856500 2933500  4  8 24   5.1 1008 328  4.9 7  4.9  89    0    0 303 -341  1
3856500 2933500  4  9  1   4.7 1009 320  4.4 6  4.9  90    0    0 300 -339  1
3856500 2933500  4  9  2   4.8 1009 327  3.8 7  4.8  89    0    0 301 -338  1
3856500 2933500  4  9  3   4.4 1009 343  3.8 7  4.7  88    0    0 307 -337  1
3856500 2933500  4  9  4   4.4 1009 324  4.5 8  4.6  89    0    0 313 -338  1
3856500 2933500  4  9  5   4.7 1009 335  3.0 7  4.8  90    0    0 314 -335  1
3856500 2933500  4  9  6   4.4 1009 336  3.2 7  4.8  91    0    0 309 -331  1
3856500 2933500  4  9  7   4.8 1010 344  3.3 7  4.9  92    0   11 310 -330  1
3856500 2933500  4  9  8   5.4 1010 350  3.9 8  4.9  90    0   32 316 -336  1
3856500 2933500  4  9  9   6.0 1010 356  4.2 8  5.0  87    0   52 324 -347  1
3856500 2933500  4  9 10   6.6 1011 358  6.1 8  5.0  85    0   69 327 -356  1
3856500 2933500  4  9 11   7.5 1011  19  5.9 8  5.1  81    0  130 331 -363  1
3856500 2933500  4  9 12   7.8 1012   9  5.7 6  5.0  76   55  253 328 -370  1
3856500 2933500  4  9 13   7.9 1012   7  5.8 6  4.9  74   71  254 323 -372  1
3856500 2933500  4  9 14   8.1 1012  14  6.7 7  4.9  73    8  209 319 -370  1
3856500 2933500  4  9 15   8.7 1013  11  7.2 6  4.9  71  172  190 314 -370  1
3856500 2933500  4  9 16   8.1 1013   4  6.9 7  4.9  72   57  175 310 -372  1
3856500 2933500  4  9 17   8.1 1013   9  6.5 5  4.9  73  250   51 303 -366  1
3856500 2933500  4  9 18   7.4 1013 358  6.2 4  4.9  74  172   35 289 -358  1
3856500 2933500  4  9 19   6.9 1014 341  5.4 6  4.8  77   43   25 289 -353  1
3856500 2933500  4  9 20   5.6 1014 345  4.2 7  4.8  80    0    0 299 -348  1
3856500 2933500  4  9 21   4.9 1015 331  4.3 6  4.7  85    0    0 297 -347  1
3856500 2933500  4  9 22   4.3 1015 305  3.6 4  4.6  87    0    0 281 -347  1
3856500 2933500  4  9 23   4.2 1016 310  3.6 4  4.6  89    0    0 271 -347  1
3856500 2933500  4  9 24   4.4 1016 314  3.7 8  4.6  89    0    0 290 -347  1
3856500 2933500  4 10  1   4.4 1016 294  3.6 8  4.6  89    0    0 310 -346  1
3856500 2933500  4 10  2   4.7 1016 329  3.9 8  4.7  90    0    0 310 -346  1
3856500 2933500  4 10  3   5.0 1016 344  3.1 8  4.8  90    0    0 311 -345  1
3856500 2933500  4 10  4   4.8 1016 312  3.2 8  4.9  91    0    0 312 -344  1
3856500 2933500  4 10  5   5.2 1016 315  2.7 8  4.9  90    0    0 312 -343  1
3856500 2933500  4 10  6   5.0 1016 316  3.4 8  5.0  91    0    0 313 -342  1
3856500 2933500  4 10  7   5.1 1016 337  3.3 7  5.0  93    0   30 308 -340  1
3856500 2933500  4 10  8   6.5 1016 349  4.9 5  5.1  89   29  120 293 -342  1
3856500 2933500  4 10  9   7.6 1016 356  4.8 4  5.2  83   85  199 278 -352  1
3856500 2933500  4 10 10   8.2 1016 349  4.5 3  5.3  80  198  251 272 -366  1
3856500 2933500  4 10 11   9.7 1016 336  4.1 2  5.3  74  349  252 268 -382  1
3856500 2933500  4 10 12  10.8 1016 343  4.8 2  5.2  67  414  259 267 -396  1
3856500 2933500  4 10 13  11.0 1016 349  5.8 2  5.0  62  410  273 271 -403  1
3856500 2933500  4 10 14  10.6 1016 333  6.6 2  4.8  60  406  256 270 -406  1
3856500 2933500  4 10 15  11.2 1016 345  5.5 2  4.6  57  347  237 271 -405  1
3856500 2933500  4 10 16  10.2 1016 343  5.9 2  4.6  58  294  192 270 -401  1
3856500 2933500  4 10 17   9.7 1016 337  6.3 2  4.7  62  219  140 269 -391  1
3856500 2933500  4 10 18   9.2 1015 337  5.3 1  4.8  65  115   93 265 -377  1
3856500 2933500  4 10 19   7.7 1015 322  4.1 1  4.8  70   29   40 258 -361  1
3856500 2933500  4 10 20   5.6 1015 291  3.3 1  4.6  76    0    3 253 -347  1
3856500 2933500  4 10 21   4.5 1015 263  3.8 2  4.4  82    0    0 251 -340  1
3856500 2933500  4 10 22   4.2 1015 262  3.2 1  4.5  86    0    0 249 -338  1
3856500 2933500  4 10 23   4.1 1015 255  3.2 1  4.5  88    0    0 246 -339  1
3856500 2933500  4 10 24   4.4 1015 251  3.3 5  4.6  89    0    0 262 -339  1
3856500 2933500  4 11  1   3.7 1014 253  4.3 4  4.6  91    0    0 275 -340  1
3856500 2933500  4 11  2   4.4 1014 254  4.8 6  4.7  92    0    0 279 -341  1
3856500 2933500  4 11  3   4.7 1014 243  5.0 7  4.8  92    0    0 295 -342  1
3856500 2933500  4 11  4   5.0 1013 244  4.4 6  5.0  94    0    0 296 -344  1
3856500 2933500  4 11  5   5.8 1013 268  3.9 7  5.3  95    0    0 298 -345  1
3856500 2933500  4 11  6   5.6 1012 338  5.0 8  5.4  95    0    0 309 -347  1
3856500 2933500  4 11  7   5.8 1012 340  5.3 8  5.3  93    0   28 315 -347  1
3856500 2933500  4 11  8   5.6 1013 354  6.9 7  5.0  87    2   94 311 -347  1
3856500 2933500  4 11  9   6.0 1013 341  6.7 7  4.6  81   13  191 306 -350  1
3856500 2933500  4 11 10   6.3 1014 353  6.6 5  4.3  73   39  283 296 -358  1
3856500 2933500  4 11 11   6.7 1014 355  6.4 5  4.0  66   24  293 286 -370  1
3856500 2933500  4 11 12   6.9 1015 347  6.3 8  3.9  64    1  221 302 -383  1
3856500 2933500  4 11 13   7.6 1015 351  6.9 6  4.0  63   30  324 307 -391  1
3856500 2933500  4 11 14   7.8 1015 352  6.3 5  4.0  62   60  351 294 -394  1
3856500 2933500  4 11 15   7.8 1015 354  6.9 5  4.0  61   50  309 289 -392  1
3856500 2933500  4 11 16   7.6 1015 352  6.9 5  4.1  62   49  265 287 -386  1
3856500 2933500  4 11 17   7.1 1015 355  6.9 5  4.1  64   52  209 285 -377  1
3856500 2933500  4 11 18   6.4 1016 356  6.2 4  4.0  66   40  130 277 -365  1
3856500 2933500  4 11 19   5.9 1016 346  4.7 6  4.0  69   14   49 280 -351  1
3856500 2933500  4 11 20   5.7 1016 334  4.4 6  4.1  71    0    1 285 -338  1
3856500 2933500  4 11 21   4.9 1017 331  4.3 5  4.0  73    0    0 275 -329  1
3856500 2933500  4 11 22   4.7 1017 336  3.9 5  4.0  75    0    0 267 -325  1
3856500 2933500  4 11 23   4.3 1018 338  3.9 5  4.0  77    0    0 263 -323  1
3856500 2933500  4 11 24   4.5 1018 327  3.7 6  4.0  77    0    0 263 -321  1
3856500 2933500  4 12  1   4.1 1018 336  4.7 6  4.0  77    0    0 264 -320  1
3856500 2933500  4 12  2   3.5 1019 337  3.6 5  3.9  78    0    0 259 -318  1
3856500 2933500  4 12  3   2.3 1019 323  3.4 6  3.7  80    0    0 257 -317  1
3856500 2933500  4 12  4   1.7 1019 317  3.8 4  3.6  83    0    0 254 -317  1
3856500 2933500  4 12  5   0.8 1019 305  2.4 3  3.6  88    0    0 242 -317  1
3856500 2933500  4 12  6   0.0 1019 308  2.2 3  3.6  92    0    0 239 -317  1
3856500 2933500  4 12  7   2.1 1019 290  2.7 4  3.7  92   37   48 248 -317  1
3856500 2933500  4 12  8   5.8 1020 314  2.6 2  4.2  84  164   77 254 -317  1
3856500 2933500  4 12  9   7.4 1020 337  4.0 3  4.4  73  329   78 256 -329  1
3856500 2933500  4 12 10   7.7 1021 319  4.1 5  4.2  66  131  236 273 -354  1
3856500 2933500  4 12 11   8.0 1021 293  3.7 6  4.1  63   23  251 289 -377  1
3856500 2933500  4 12 12   8.2 1022 291  4.1 6  4.0  61   73  298 296 -392  1
3856500 2933500  4 12 13   8.4 1022 298  2.8 7  4.0  59   35  279 303 -403  1
3856500 2933500  4 12 14   8.8 1022 348  6.8 6  4.0  58   40  267 305 -406  1
3856500 2933500  4 12 15   9.4 1023 324  6.0 5  4.0  56  140  262 296 -401  1
3856500 2933500  4 12 16   8.6 1023 326  6.0 4  3.9  56  145  209 286 -395  1
3856500 2933500  4 12 17   9.1 1023 339  5.4 5  4.0  58  157  138 287 -385  1
3856500 2933500  4 12 18   8.5 1023 331  5.3 3  4.1  59  175   57 283 -375  1
3856500 2933500  4 12 19   7.1 1023 339  3.9 3  4.1  63   50   34 270 -365  1
3856500 2933500  4 12 20   5.2 1023 315  3.4 2  4.1  70    0    5 262 -354  1
3856500 2933500  4 12 21   3.7 1024 305  2.8 2  4.0  77    0    0 252 -348  1
3856500 2933500  4 12 22   3.7 1024 291  2.6 1  4.0  81    0    0 245 -345  1
3856500 2933500  4 12 23   3.5 1024 277  2.5 1  4.1  83    0    0 240 -344  1
3856500 2933500  4 12 24   3.3 1024 265  2.5 5  4.1  86    0    0 261 -343  1
3856500 2933500  4 13  1   3.8 1025 255  2.6 6  4.3  89    0    0 288 -344  1
3856500 2933500  4 13  2   4.2 1025 259  3.2 6  4.5  89    0    0 294 -345  1
3856500 2933500  4 13  3   4.7 1025 265  3.3 5  4.5  88    0    0 292 -346  1
3856500 2933500  4 13  4   4.8 1025 258  3.2 5  4.6  88    0    0 289 -346  1
3856500 2933500  4 13  5   5.6 1025 270  3.3 7  4.8  88    0    0 301 -347  1
3856500 2933500  4 13  6   5.9 1025 267  3.0 7  4.9  87    0    0 313 -348  1
3856500 2933500  4 13  7   5.9 1025 272  3.4 8  5.0  88    0   41 319 -349  1
3856500 2933500  4 13  8   6.6 1025 285  3.5 7  5.3  90    3  108 319 -352  1
3856500 2933500  4 13  9   7.3 1026 291  3.2 7  5.5  90    4  164 316 -358  1
3856500 2933500  4 13 10   8.0 1026 281  3.8 7  5.7  88    5  220 317 -365  1
3856500 2933500  4 13 11   8.2 1026 311  3.5 8  5.8  87    0  166 324 -373  1
3856500 2933500  4 13 12   8.7 1026 355  2.9 8  5.7  84    0  113 330 -381  1
3856500 2933500  4 13 13   8.9 1026 315  3.6 8  5.7  83    0  115 329 -404  1
3856500 2933500  4 13 14   9.1 1026 300  4.4 8  5.8  82    0  135 328 -425  1
3856500 2933500  4 13 15   9.6 1026 302  5.7 7  5.8  80    0  148 324 -417  1
3856500 2933500  4 13 16   9.5 1025 306  5.0 7  5.8  79    0  128 319 -406  1
3856500 2933500  4 13 17   9.2 1025 336  4.2 8  5.9  81    0  106 323 -404  1
3856500 2933500  4 13 18   9.1 1025 359  4.0 8  5.9  82    2   85 325 -393  1
3856500 2933500  4 13 19   8.4 1025  15  3.8 8  5.8  83    4   36 322 -376  1
3856500 2933500  4 13 20   7.4 1025   6  3.0 7  5.6  85    0    2 312 -359  1
3856500 2933500  4 13 21   6.9 1025 355  2.7 8  5.3  86    0    0 307 -347  1
3856500 2933500  4 13 22   6.7 1025   7  3.0 6  5.1  85    0    0 300 -340  1
3856500 2933500  4 13 23   6.3 1025   7  2.0 6  5.0  84    0    0 290 -334  1
3856500 2933500  4 13 24   5.7 1025  17  1.9 4  4.9  86    0    0 281 -330  1
3856500 2933500  4 14  1   5.1 1025  36  1.5 7  4.9  90    0    0 284 -327  1
3856500 2933500  4 14  2   5.2 1025  21  1.7 7  4.9  91    0    0 297 -324  1
3856500 2933500  4 14  3   5.4 1024  12  1.5 7  4.9  90    0    0 298 -322  1
3856500 2933500  4 14  4   5.2 1024  17  1.3 6  4.9  89    0    0 295 -321  1
3856500 2933500  4 14  5   4.6 1024   2  1.7 7  4.8  90    0    0 296 -320  1
3856500 2933500  4 14  6   5.0 1024   5  1.5 7  4.7  89    0    1 301 -319  1
3856500 2933500  4 14  7   5.3 1024 116  1.8 8  4.7  87    8   56 307 -319  1
3856500 2933500  4 14  8   6.4 1024 354  1.9 7  4.7  83   22  135 309 -329  1
3856500 2933500  4 14  9   7.0 1024  22  2.8 7  4.7  77   32  209 307 -352  1
3856500 2933500  4 14 10   7.7 1025  33  3.4 5  4.5  72  123  292 300 -381  1
3856500 2933500  4 14 11   8.8 1025  16  3.2 4  4.6  68  313  306 290 -409  1
3856500 2933500  4 14 12   9.2 1025   2  3.0 2  4.7  67  396  305 281 -433  1
3856500 2933500  4 14 13  10.3 1025  93  3.1 2  4.8  65  430  303 276 -452  1
3856500 2933500  4 14 14  10.7 1024  51  4.2 2  4.9  63  407  295 279 -456  1
3856500 2933500  4 14 15  10.7 1024  14  4.0 3  4.9  62  289  300 285 -445  1
3856500 2933500  4 14 16  10.3 1024  33  3.1 3  4.9  63  241  247 288 -429  1
3856500 2933500  4 14 17  10.2 1024  65  3.6 3  5.0  66  207  174 287 -416  1
3856500 2933500  4 14 18   9.0 1024 164  3.2 2  5.1  69  117  117 279 -402  1
3856500 2933500  4 14 19   7.8 1024   8  3.9 4  5.1  75   27   49 280 -387  1
3856500 2933500  4 14 20   5.6 1024   4  2.7 3  4.9  81    0    4 277 -374  1
3856500 2933500  4 14 21   4.5 1024 359  2.9 1  4.7  87    0    0 258 -365  1
3856500 2933500  4 14 22   3.9 1025 322  1.8 1  4.6  92    0    0 245 -359  1
3856500 2933500  4 14 23   2.8 1025 342  1.7 2  4.5  95    0    0 247 -356  1
3856500 2933500  4 14 24   3.1 1025   1  1.8 3  4.4  96    0    0 253 -355  1
3856500 2933500  4 15  1   3.0 1025  50  1.5 6  4.5  96    0    0 270 -354  1
3856500 2933500  4 15  2   3.2 1025  54  1.5 6  4.6  98    0    0 283 -353  1
3856500 2933500  4 15  3   2.6 1024  72  1.5 7  4.6  99    0    0 287 -352  1
3856500 2933500  4 15  4   2.0 1024  63  1.5 6  4.4 100    0    0 285 -350  1
3856500 2933500  4 15  5   3.1 1024 126  1.3 6  4.5  99    0    0 280 -345  1
3856500 2933500  4 15  6   2.8 1024 118  1.5 6  4.6  99    0    0 281 -342  1
3856500 2933500  4 15  7   3.2 1024 142  1.6 8  4.7 100    0   39 287 -344  1
3856500 2933500  4 15  8   3.9 1024 126  1.6 7  4.8  99    5  106 290 -353  1
3856500 2933500  4 15  9   4.4 1024 168  1.7 7  5.0  99   16  182 285 -370  1
3856500 2933500  4 15 10   6.3 1024 209  1.9 5  5.4  98   42  253 280 -392  1
3856500 2933500  4 15 11   9.9 1024 150  1.7 3  5.9  89  230  277 273 -413  1
3856500 2933500  4 15 12  12.0 1024 171  2.8 2  5.9  74  566  135 271 -431  1
3856500 2933500  4 15 13  12.9 1024 179  2.5 2  5.5  62  452  222 273 -442  1
3856500 2933500  4 15 14  13.6 1024 163  2.8 4  5.2  56  212  314 283 -442  1
3856500 2933500  4 15 15  14.0 1023 162  3.7 4  5.0  51  136  289 292 -442  1
3856500 2933500  4 15 16  14.2 1023 116  4.0 5  4.8  49   74  237 295 -436  1
3856500 2933500  4 15 17  14.2 1022 130  3.0 5  4.8  48  111  169 298 -423  1
3856500 2933500  4 15 18  13.4 1021 144  3.0 4  4.8  49   91   93 292 -411  1
3856500 2933500  4 15 19  11.4 1021 134  3.7 3  5.0  57   39   39 280 -397  1
3856500 2933500  4 15 20   9.7 1021 127  3.1 3  5.0  64    1    5 271 -380  1
3856500 2933500  4 15 21   8.2 1021 124  3.0 2  4.9  70    0    0 263 -368  1
3856500 2933500  4 15 22   6.9 1021 122  2.8 1  4.8  75    0    0 251 -359  1
3856500 2933500  4 15 23   6.3 1021 129  3.4 2  4.8  78    0    0 246 -353  1
3856500 2933500  4 15 24   6.2 1022 147  4.4 3  4.9  81    0    0 241 -349  1
3856500 2933500  4 16  1   6.0  989 174  5.3 5  5.1  83    0    0 322 -337  1
3856500 2933500  4 16  2   5.5  988 201  5.8 6  5.1  86    0    0 313 -336  1
3856500 2933500  4 16  3   4.9  988 221  6.1 7  5.1  88    0    0 305 -336  1
3856500 2933500  4 16  4   3.9  989 226  5.7 7  4.9  91    0    0 305 -337  1
3856500 2933500  4 16  5   4.0  989 208  5.9 7  4.8  91    0    0 303 -336  1
3856500 2933500  4 16  6   2.8  989 203  5.6 8  4.5  94    0    1 300 -335  1
3856500 2933500  4 16  7   3.3  988 204  5.6 7  4.6  94    6   51 299 -334  1
3856500 2933500  4 16  8   3.4  988 206  7.8 5  4.6  93   35  122 281 -335  1
3856500 2933500  4 16  9   3.9  989 217  9.5 6  4.5  90   33  183 275 -337  1
3856500 2933500  4 16 10   3.9  989 215  8.1 7  4.4  86    0  159 284 -341  1
3856500 2933500  4 16 11   2.8  989 210  8.3 7  4.4  88    0  133 287 -346  1
3856500 2933500  4 16 12   3.9  990 217  8.0 6  4.6  92    9  251 280 -347  1
3856500 2933500  4 16 13   6.9  990 233 10.5 6  4.9  86   96  310 280 -347  1
3856500 2933500  4 16 14   7.3  991 271 10.9 6  4.9  76   81  289 282 -348  1
3856500 2933500  4 16 15   9.1  992 262  9.7 4  4.3  62  162  292 272 -350  1
3856500 2933500  4 16 16   9.2  992 251  9.6 5  4.0  54  192  221 270 -351  1
3856500 2933500  4 16 17   8.2  993 244  7.4 6  4.0  56  111  174 277 -352  1
3856500 2933500  4 16 18   8.3  992 239  6.7 5  4.0  58   85  102 274 -350  1
3856500 2933500  4 16 19   7.3  993 236  2.9 6  4.0  60   43   47 273 -344  1
3856500 2933500  4 16 20   5.9  993 168  2.2 6  4.1  66    1    6 274 -335  1
3856500 2933500  4 16 21   5.9  993 175  2.3 7  4.2  72    0    0 275 -327  1
3856500 2933500  4 16 22   5.4  994 174  2.6 5  4.3  75    0    0 269 -322  1
3856500 2933500  4 16 23   3.9  994 165  2.3 5  4.3  79    0    0 257 -319  1
3856500 2933500  4 16 24   3.6  994 157  2.1 4  4.2  82    0    0 250 -317  1
3856500 2933500  4 17  1   2.2  994 115  2.6 2  4.0  85    0    0 235 -317  1
3856500 2933500  4 17  2   2.0  994 112  3.1 3  4.0  89    0    0 229 -317  1
3856500 2933500  4 17  3   2.4  993 111  3.3 4  4.0  89    0    0 237 -317  1
3856500 2933500  4 17  4   1.7  993 111  3.4 4  4.0  90    0    0 241 -317  1
3856500 2933500  4 17  5   1.6  993 108  3.3 6  4.0  92    0    0 247 -317  1
3856500 2933500  4 17  6   1.9  993 103  3.1 7  4.0  92    0    1 261 -317  1
3856500 2933500  4 17  7   3.0  993 101  3.7 6  4.1  89    0   35 261 -317  1
3856500 2933500  4 17  8   5.7  993 101  3.8 6  4.3  81   18  123 261 -317  1
3856500 2933500  4 17  9   7.8  993 111  3.8 5  4.4  71  173  183 263 -317  1
3856500 2933500  4 17 10   9.5  993 116  5.9 6  4.5  63  339  190 269 -329  1
3856500 2933500  4 17 11  11.4  993 106  6.5 6  4.3  54  458  193 279 -354  1
3856500 2933500  4 17 12  12.5  993  95  7.7 6  4.1  47  521  200 287 -369  1
3856500 2933500  4 17 13  12.9  993  77  6.3 6  4.0  43  518  214 290 -371  1
3856500 2933500  4 17 14  13.5  993 119  5.3 6  4.0  42  292  286 290 -369  1
3856500 2933500  4 17 15  13.8  993 120  6.3 5  4.0  40   73  293 283 -371  1
3856500 2933500  4 17 16  13.7  992  94  6.2 4  3.9  39  109  235 273 -365  1
3856500 2933500  4 17 17  13.1  993  88  5.6 7  4.0  41   19  165 279 -359  1
3856500 2933500  4 17 18  12.4  993  98  5.1 7  4.1  44   13  102 291 -357  1
3856500 2933500  4 17 19  11.0  993  87  4.7 6  4.3  49    9   40 282 -351  1
3856500 2933500  4 17 20  10.0  994  85  4.7 6  4.4  54    0    3 274 -343  1
3856500 2933500  4 17 21   9.5  994  83  5.7 7  4.4  58    0    0 276 -336  1
3856500 2933500  4 17 22   9.1  995  81  6.0 7  4.4  59    0    0 280 -334  1
3856500 2933500  4 17 23   8.6  995  80  5.6 7  4.5  62    0    0 279 -332  1
3856500 2933500  4 17 24   7.9  996  79  5.1 8  4.6  67    0    0 282 -330  1
3856500 2933500  4 18  1   7.0  996  78  5.3 6  4.7  72    0    0 276 -330  1
3856500 2933500  4 18  2   6.2  997  68  5.0 5  4.7  76    0    0 263 -329  1
3856500 2933500  4 18  3   6.0  997  74  4.6 5  4.7  78    0    0 260 -329  1
3856500 2933500  4 18  4   5.1  997  72  3.9 4  4.7  82    0    0 256 -329  1
3856500 2933500  4 18  5   4.3  998  76  3.5 4  4.6  85    0    0 250 -329  1
3856500 2933500  4 18  6   3.8  998  66  4.7 3  4.5  87    0    8 245 -328  1
3856500 2933500  4 18  7   4.0  998  63  4.0 4  4.5  87   46   54 244 -327  1
3856500 2933500  4 18  8   5.6  999  61  5.6 3  4.6  84  171   78 245 -332  1
3856500 2933500  4 18  9   7.8 1000  68  5.6 3  4.8  78  336   82 247 -344  1
3856500 2933500  4 18 10   9.8 1000  72  5.7 2  4.9  69  505   68 250 -358  1
3856500 2933500  4 18 11  10.2 1000  69  4.8 3  4.9  64  582   93 254 -367  1
3856500 2933500  4 18 12  10.8 1001  68  5.8 4  4.7  59  519  160 266 -371  1
3856500 2933500  4 18 13  11.9 1001  60  5.3 5  4.6  55  272  278 284 -375  1
3856500 2933500  4 18 14  11.5 1001  63  5.1 6  4.6  53  145  280 293 -377  1
3856500 2933500  4 18 15  11.4 1002  60  5.6 5  4.7  55  179  276 290 -378  1
3856500 2933500  4 18 16  10.7 1002  98  4.8 5  4.7  57  216  200 283 -375  1
3856500 2933500  4 18 17  10.7 1002  64  5.0 4  4.6  57  242  118 277 -369  1
3856500 2933500  4 18 18  10.1 1003  73  4.9 4  4.4  56  124   89 269 -361  1
3856500 2933500  4 18 19   9.5 1003  53  3.8 6  4.3  56   40   44 274 -353  1
3856500 2933500  4 18 20   7.6 1004  21  2.3 6  4.4  62    1    7 276 -344  1
3856500 2933500  4 18 21   6.7 1004  27  2.5 7  4.4  69    0    0 275 -338  1
3856500 2933500  4 18 22   5.2 1005  18  2.3 4  4.3  74    0    0 264 -334  1
3856500 2933500  4 18 23   5.1 1005  17  2.1 3  4.3  79    0    0 250 -333  1
3856500 2933500  4 18 24   5.0 1006  45  3.3 4  4.4  80    0    0 251 -333  1
3856500 2933500  4 19  1   4.2 1006  50  1.8 4  4.3  82    0    0 253 -332  1
3856500 2933500  4 19  2   2.5 1006  30  1.5 4  4.2  86    0    0 251 -331  1
3856500 2933500  4 19  3   2.7 1006  22  1.5 4  4.1  88    0    0 250 -330  1
3856500 2933500  4 19  4   0.6 1006 349  1.8 4  3.9  91    0    0 249 -330  1
3856500 2933500  4 19  5   1.1 1007 347  1.5 4  3.8  94    0    0 248 -331  1
3856500 2933500  4 19  6   0.4 1007 360  1.7 4  3.7  93    0   10 249 -332  1
3856500 2933500  4 19  7   1.1 1007 357  1.5 4  3.9  96   43   64 251 -333  1
3856500 2933500  4 19  8   5.2 1007 333  1.5 2  4.7  98  154  106 253 -338  1
3856500 2933500  4 19  9   9.7 1008 352  2.5 3  5.2  80  302  132 264 -347  1
3856500 2933500  4 19 10  10.4 1008 303  3.0 3  4.8  62  427  147 275 -358  1
3856500 2933500  4 19 11  11.0 1008 355  2.6 2  4.4  55  495  176 272 -365  1
3856500 2933500  4 19 12  11.5 1009 320  3.2 3  4.3  52  380  258 279 -368  1
3856500 2933500  4 19 13  11.5 1009 337  3.6 4  4.3  51  201  320 294 -375  1
3856500 2933500  4 19 14  11.4 1009 343  2.8 4  4.3  51  127  302 299 -385  1
3856500 2933500  4 19 15  11.8 1009  19  3.5 5  4.4  52   16  250 304 -387  1
3856500 2933500  4 19 16  11.8 1009   1  3.3 3  4.6  54  192  230 300 -381  1
3856500 2933500  4 19 17  11.2 1010  28  4.2 2  4.7  55  259  136 284 -373  1
3856500 2933500  4 19 18  10.8 1010  34  4.7 2  4.6  56  165   91 283 -370  1
3856500 2933500  4 19 19   9.4 1010  45  4.0 1  4.6  60   56   49 281 -368  1
3856500 2933500  4 19 20   7.0 1010  68  4.2 1  4.5  67    3    9 278 -364  1
3856500 2933500  4 19 21   6.4 1011  69  2.9 4  4.5  74    0    0 289 -362  1
3856500 2933500  4 19 22   6.7 1011  82  3.3 6  4.7  78    0    0 310 -361  1
3856500 2933500  4 19 23   6.5 1011 104  3.2 6  4.8  79    0    0 318 -361  1
3856500 2933500  4 19 24   6.3 1012 126  2.9 8  4.7  78    0    0 328 -361  1
3856500 2933500  4 20  1   5.4 1012 118  3.8 7  4.6  80    0    0 332 -361  1
3856500 2933500  4 20  2   5.1 1012 127  3.6 7  4.5  82    0    0 326 -360  1
3856500 2933500  4 20  3   4.2 1012 139  3.3 7  4.5  84    0    0 324 -360  1
3856500 2933500  4 20  4   3.7 1011 141  3.2 5  4.4  88    0    0 310 -359  1
3856500 2933500  4 20  5   4.4 1011 139  3.3 6  4.5  89    0    0 304 -358  1
3856500 2933500  4 20  6   5.2 1011 145  3.1 7  4.8  89    0    1 317 -357  1
3856500 2933500  4 20  7   6.3 1011 156  3.8 7  5.1  89    0    4 324 -357  1
3856500 2933500  4 20  8   8.6 1011 169  4.9 7  5.3  82   29   95 326 -359  1
3856500 2933500  4 20  9  10.2 1011 155  6.0 7  5.3  72  108  118 327 -364  1
3856500 2933500  4 20 10  11.7 1011 156  6.6 7  5.2  63   98  170 330 -372  1
3856500 2933500  4 20 11  12.2 1010 160  6.6 7  5.0  58    6  208 335 -374  1
3856500 2933500  4 20 12  11.9 1010 178  6.5 7  5.1  59    0  191 334 -376  1
3856500 2933500  4 20 13  10.8 1010 177  8.1 8  5.5  66    0  149 338 -384  1
3856500 2933500  4 20 14  10.3 1010 166  6.3 7  6.0  76    0  121 335 -381  1
3856500 2933500  4 20 15   9.9 1010 170  5.3 7  6.4  83    0  105 329 -382  1
3856500 2933500  4 20 16   9.2 1010 184  5.5 7  6.6  89    0   68 326 -384  1
3856500 2933500  4 20 17   9.5 1010 194  6.3 8  6.8  93    0   64 330 -380  1
3856500 2933500  4 20 18   9.8 1010 183  9.2 7  7.0  94    0   62 330 -375  1
3856500 2933500  4 20 19   9.9 1010 172  5.4 8  7.2  94    0   28 330 -364  1
3856500 2933500  4 20 20   9.4 1010 181  4.0 8  7.2  96    0    1 334 -353  1
3856500 2933500  4 20 21   9.6 1011 188  3.3 8  7.1  96    0    0 334 -345  1
3856500 2933500  4 20 22   9.5 1011 191  3.2 8  7.0  94    0    0 333 -339  1
3856500 2933500  4 20 23   9.0 1012 205  3.6 8  6.9  95    0    0 332 -336  1
3856500 2933500  4 20 24   8.5 1012 211  3.6 5  6.7  95    0    0 316 -335  1
3856500 2933500  4 21  1   7.3 1012 220  2.8 4  6.3  95    0    0 292 -334  1
3856500 2933500  4 21  2   6.9 1012 210  2.6 3  6.0  95    0    0 278 -333  1
3856500 2933500  4 21  3   7.0 1013 201  2.6 4  5.9  95    0    0 277 -333  1
3856500 2933500  4 21  4   6.9 1013 211  3.2 6  5.9  96    0    0 292 -335  1
3856500 2933500  4 21  5   6.9 1013 215  3.0 6  5.9  95    0    0 303 -340  1
3856500 2933500  4 21  6   6.9 1014 247  2.9 7  5.9  95    2   13 308 -346  1
3856500 2933500  4 21  7   7.0 1014 234  2.8 8  5.9  95   33   57 320 -350  1
3856500 2933500  4 21  8   7.8 1015 241  3.6 4  6.0  93  203   54 304 -355  1
3856500 2933500  4 21  9   8.6 1016 263  4.5 5  6.1  90  248  118 290 -358  1
3856500 2933500  4 21 10  10.6 1016 269  4.4 5  6.3  84  243  190 299 -360  1
3856500 2933500  4 21 11  11.6 1016 240  4.7 5  6.2  76  220  242 304 -365  1
3856500 2933500  4 21 12  12.3 1017 244  4.1 6  5.9  68  117  279 311 -370  1
3856500 2933500  4 21 13  13.0 1017 280  4.6 6  5.7  62    6  238 319 -374  1
3856500 2933500  4 21 14  13.5 1018 247  5.2 6  5.7  60    3  213 322 -378  1
3856500 2933500  4 21 15  13.0 1018 246  3.6 8  5.8  62    0  152 331 -382  1
3856500 2933500  4 21 16  12.7 1018 275  3.0 7  6.0  66   26  171 333 -383  1
3856500 2933500  4 21 17  12.6 1018  23  1.7 7  6.2  68   25  163 328 -382  1
3856500 2933500  4 21 18  12.8 1018   1  2.2 5  6.2  68  105   86 319 -382  1
3856500 2933500  4 21 19  11.8 1019  30  2.2 5  6.3  71   70   36 309 -381  1
3856500 2933500  4 21 20  10.1 1019  55  2.0 4  6.2  76    6    8 300 -374  1
3856500 2933500  4 21 21   8.2 1019  85  1.7 3  5.9  83    0    0 286 -368  1
3856500 2933500  4 21 22   7.5 1020  78  1.8 3  5.7  88    0    0 278 -364  1
3856500 2933500  4 21 23   7.2 1020  75  1.5 2  5.6  89    0    0 271 -361  1
3856500 2933500  4 21 24   5.5 1020 101  1.9 0  5.4  91    0    0 258 -359  1
3856500 2933500  4 22  1   4.6 1020  86  2.3 0  5.2  95    0    0 248 -357  1
3856500 2933500  4 22  2   4.8 1020  86  2.5 1  5.1  97    0    0 251 -355  1
3856500 2933500  4 22  3   5.1 1020 101  3.0 2  5.2  97    0    0 259 -354  1
3856500 2933500  4 22  4   4.9 1020 111  3.0 2  5.3  98    0    0 261 -353  1
3856500 2933500  4 22  5   4.1 1019  99  2.4 2  5.2  99    0    0 259 -351  1
3856500 2933500  4 22  6   5.6 1020 112  2.8 4  5.2  98    0    1 268 -351  1
3856500 2933500  4 22  7   6.6 1020 116  3.5 5  5.6  96    0   32 280 -352  1
3856500 2933500  4 22  8   7.2 1020 117  4.1 3  6.0  97   56  143 279 -361  1
3856500 2933500  4 22  9   8.6 1020 119  4.6 4  6.4  97   75  221 280 -374  1
3856500 2933500  4 22 10  10.0 1020 118  5.3 4  6.7  93  220  264 287 -390  1
3856500 2933500  4 22 11  12.5 1020 121  4.8 5  7.0  85  401  247 296 -409  1
3856500 2933500  4 22 12  14.0 1020 119  5.3 5  6.9  73  478  251 304 -427  1
3856500 2933500  4 22 13  15.2 1019 120  4.3 5  6.6  64  490  261 309 -440  1
3856500 2933500  4 22 14  16.0 1019 123  5.0 4  6.5  59  480  249 310 -445  1
3856500 2933500  4 22 15  16.7 1019 108  5.1 2  6.2  54  422  232 305 -446  1
3856500 2933500  4 22 16  17.1 1018 113  6.1 2  6.0  50  346  197 300 -442  1
3856500 2933500  4 22 17  17.0 1018 112  5.8 4  5.9  49  251  156 302 -434  1
3856500 2933500  4 22 18  16.3 1018 111  5.9 5  5.8  50  129  114 307 -422  1
3856500 2933500  4 22 19  15.3 1017 107  5.5 6  6.0  54   15   53 309 -408  1
3856500 2933500  4 22 20  13.2 1017  97  5.3 6  6.4  64    0    3 306 -394  1
3856500 2933500  4 22 21  12.0 1017 100  4.6 5  6.6  73    0    0 300 -384  1
3856500 2933500  4 22 22  11.0 1018 110  5.7 3  6.6  78    0    0 289 -378  1
3856500 2933500  4 22 23   9.9 1018 110  4.7 2  6.7  85    0    0 279 -374  1
3856500 2933500  4 22 24   9.3 1018 103  5.7 1  6.7  90    0    0 273 -371  1
3856500 2933500  4 23  1   8.9 1018 106  5.8 0  6.6  92    0    0 267 -368  1
3856500 2933500  4 23  2   8.5 1018 108  5.2 0  6.4  91    0    0 264 -365  1
3856500 2933500  4 23  3   7.7 1017 110  4.8 0  6.1  91    0    0 263 -362  1
3856500 2933500  4 23  4   7.5 1017 109  5.0 0  5.9  91    0    0 263 -360  1
3856500 2933500  4 23  5   7.4 1016 111  5.1 1  5.8  90    0    0 265 -358  1
3856500 2933500  4 23  6   7.0 1016 109  4.8 1  5.7  91    0   14 267 -356  1
3856500 2933500  4 23  7   8.2 1016 116  5.0 1  5.8  90   52   73 267 -357  1
3856500 2933500  4 23  8  10.0 1016 125  5.3 2  6.1  85  172  104 273 -366  1
3856500 2933500  4 23  9  12.7 1016 130  6.7 2  6.3  76  291  138 283 -382  1
3856500 2933500  4 23 10  14.9 1015 128  6.6 2  6.4  65  406  162 292 -402  1
3856500 2933500  4 23 11  17.1 1015 135  5.5 3  6.4  56  529  167 304 -423  1
3856500 2933500  4 23 12  18.5 1015 148  6.2 3  6.3  50  591  175 317 -442  1
3856500 2933500  4 23 13  19.1 1014 151  7.2 3  5.9  44  609  177 322 -458  1
3856500 2933500  4 23 14  20.3 1013 159  6.9 3  5.6  39  569  179 326 -467  1
3856500 2933500  4 23 15  20.4 1012 168  6.4 2  5.4  36  519  158 324 -469  1
3856500 2933500  4 23 16  20.9 1012 173  6.2 2  5.3  35  452  127 322 -464  1
3856500 2933500  4 23 17  20.9 1012 199  5.6 3  5.4  35  326  108 325 -452  1
3856500 2933500  4 23 18  19.9 1011 108  6.5 4  5.7  38  184   88 330 -436  1
3856500 2933500  4 23 19  18.6 1011 113  4.6 6  6.0  43   43   52 336 -417  1
3856500 2933500  4 23 20  16.6 1010 115  4.2 6  6.3  50    0    9 339 -400  1
3856500 2933500  4 23 21  15.8 1010 119  4.3 7  6.6  57    0    0 339 -390  1
3856500 2933500  4 23 22  15.5 1011 125  6.5 6  6.6  60    0    0 339 -384  1
3856500 2933500  4 23 23  14.2 1011 216  3.3 6  6.9  65    0    0 333 -382  1
3856500 2933500  4 23 24  12.9 1011 303  1.7 8  7.1  73    0    0 339 -381  1
3856500 2933500  4 24  1  11.8 1011 358  3.1 8  7.3  81    0    0 346 -379  1
3856500 2933500  4 24  2  11.6 1011  22  2.2 8  7.6  88    0    0 346 -379  1
3856500 2933500  4 24  3  11.3 1011  92  2.0 8  7.8  92    0    0 348 -378  1
3856500 2933500  4 24  4  10.4 1011 187  2.2 8  7.8  95    0    0 349 -374  1
3856500 2933500  4 24  5  11.2 1011 195  3.0 8  7.8  97    0    0 350 -373  1
3856500 2933500  4 24  6  11.3 1011 216  3.4 8  7.9  95    0    4 353 -374  1
3856500 2933500  4 24  7  11.0 1011 215  3.4 8  7.8  94    0   42 354 -376  1
3856500 2933500  4 24  8  11.5 1011 240  4.0 7  7.8  94   18  114 349 -381  1
3856500 2933500  4 24  9  12.2 1012 241  4.9 6  7.9  91   68  173 340 -386  1
3856500 2933500  4 24 10  12.0 1012 228  5.1 6  7.6  86   39  223 335 -388  1
3856500 2933500  4 24 11  13.2 1012 214  5.5 7  7.4  82    0  193 342 -388  1
3856500 2933500  4 24 12  12.9 1012 262  5.4 6  7.7  81   28  269 344 -390  1
3856500 2933500  4 24 13  12.8 1013 256  5.5 7  7.7  83    3  236 344 -395  1
3856500 2933500  4 24 14  12.9 1013 269  6.5 6  7.7  84    0  204 344 -395  1
3856500 2933500  4 24 15  12.9 1013 281  5.9 6  7.9  84    0  192 339 -393  1
3856500 2933500  4 24 16  12.7 1013 264  6.8 6  7.7  84   18  168 336 -395  1
3856500 2933500  4 24 17  12.9 1014 293  6.0 8  7.5  81    0  123 343 -398  1
3856500 2933500  4 24 18  13.0 1014 275  5.9 7  7.3  78   23  103 347 -398  1
3856500 2933500  4 24 19  12.5 1015 248  4.4 6  7.1  77   25   39 338 -390  1
3856500 2933500  4 24 20  12.0 1015 246  4.7 6  7.0  79    6    7 331 -382  1
3856500 2933500  4 24 21  11.6 1015 240  3.6 6  6.9  80    0    0 330 -373  1
3856500 2933500  4 24 22  11.3 1016 211  3.8 7  7.0  83    0    0 333 -365  1
3856500 2933500  4 24 23  11.0 1016 201  3.9 7  7.1  86    0    0 337 -360  1
3856500 2933500  4 24 24  10.9 1015 191  3.6 8  7.3  89    0    0 343 -357  1
3856500 2933500  4 25  1  11.3 1015 205  4.3 8  7.3  89    0    0 350 -355  1
3856500 2933500  4 25  2  10.8 1015 203  4.9 8  7.3  89    0    0 349 -353  1
3856500 2933500  4 25  3  11.0 1014 196  4.9 8  7.3  90    0    0 349 -352  1
3856500 2933500  4 25  4  10.7 1014 197  4.7 7  7.4  91    0    0 345 -350  1
3856500 2933500  4 25  5  10.7 1014 198  4.5 6  7.3  90    0    0 334 -347  1
3856500 2933500  4 25  6  10.6 1014 196  4.3 6  7.2  90    0    3 328 -347  1
3856500 2933500  4 25  7  11.3 1014 194  4.5 5  7.3  90    7   67 323 -351  1
3856500 2933500  4 25  8  12.2 1014 201  4.7 5  7.5  87   45  141 320 -360  1
3856500 2933500  4 25  9  13.0 1014 223  6.1 6  7.3  81   29  201 329 -367  1
3856500 2933500  4 25 10  13.8 1014 232  5.1 6  7.1  74   85  265 337 -377  1
3856500 2933500  4 25 11  14.3 1013 234  5.1 6  7.0  70  102  302 339 -384  1
3856500 2933500  4 25 12  15.2 1013 222  5.2 6  7.0  67  130  320 341 -390  1
3856500 2933500  4 25 13  15.3 1013 217  5.0 7  7.2  66   11  273 350 -403  1
3856500 2933500  4 25 14  14.8 1012 211  5.9 7  7.7  72    3  230 357 -416  1
3856500 2933500  4 25 15  13.8 1012 198  5.0 8  8.4  82    0  126 363 -409  1
3856500 2933500  4 25 16  13.3 1012 183  5.1 7  8.7  89    0  112 360 -394  1
3856500 2933500  4 25 17  13.6 1011 176  6.9 7  8.9  92    3  150 356 -388  1
3856500 2933500  4 25 18  13.9 1010 186  5.6 7  9.1  92    1   89 356 -385  1
3856500 2933500  4 25 19  13.8 1010 200  5.7 8  9.1  92   20   55 361 -383  1
3856500 2933500  4 25 20  13.4 1009 199  4.8 7  9.0  92    2   10 361 -383  1
3856500 2933500  4 25 21  12.9 1009 236  4.4 7  8.8  93    0    0 356 -383  1
3856500 2933500  4 25 22  12.5 1009 217  3.0 8  8.7  94    0    0 361 -382  1
3856500 2933500  4 25 23  12.3 1009 214  3.8 8  8.5  94    0    0 365 -378  1
3856500 2933500  4 25 24  12.2 1009 206  4.3 6  8.4  93    0    0 353 -375  1
3856500 2933500  4 26  1  11.4 1008 227  3.6 7  8.2  94    0    0 344 -373  1
3856500 2933500  4 26  2  11.0 1008 248  2.7 8  7.9  94    0    0 352 -371  1
3856500 2933500  4 26  3  10.4 1008 234  2.4 8  7.6  94    0    0 356 -369  1
3856500 2933500  4 26  4  10.0 1007 183  2.2 8  7.5  96    0    0 354 -365  1
3856500 2933500  4 26  5   9.8 1007 207  2.6 8  7.4  97    0    0 354 -360  1
3856500 2933500  4 26  6   9.9 1007 227  1.8 8  7.4  97    0    4 354 -356  1
3856500 2933500  4 26  7  10.0 1007 210  1.4 8  7.4  97    0   17 351 -357  1
3856500 2933500  4 26  8  10.3 1007 261  1.8 8  7.5  96    0   51 349 -366  1
3856500 2933500  4 26  9  10.6 1007 260  2.4 8  7.4  94    0  126 347 -379  1
3856500 2933500  4 26 10  11.1 1007 288  2.4 7  7.4  90   13  233 340 -392  1
3856500 2933500  4 26 11  12.2 1007 269  2.1 6  7.3  85  123  306 329 -407  1
3856500 2933500  4 26 12  12.5 1007 276  2.6 5  7.1  79  263  283 318 -427  1
3856500 2933500  4 26 13  13.7 1007 308  3.4 6  6.8  72  191  319 319 -430  1
3856500 2933500  4 26 14  13.3 1007 157  2.6 6  6.6  68  123  296 325 -415  1
3856500 2933500  4 26 15  13.1 1006 209  3.2 7  6.5  68   37  290 329 -416  1
3856500 2933500  4 26 16  13.0 1006 197  2.7 7  6.4  68   17  182 335 -422  1
3856500 2933500  4 26 17  12.9 1006 221  2.3 7  6.4  68    7  158 334 -412  1
3856500 2933500  4 26 18  11.8 1006 198  2.9 7  6.4  71    9  110 330 -400  1
3856500 2933500  4 26 19  11.0 1006 168  3.0 8  6.5  77    8   49 334 -389  1
3856500 2933500  4 26 20  10.7 1006 182  1.8 8  6.8  83    1   10 339 -377  1
3856500 2933500  4 26 21  10.0 1006 185  2.8 7  6.8  86    0    0 329 -370  1
3856500 2933500  4 26 22   9.7 1006 199  2.4 8  6.7  88    0    0 328 -366  1
3856500 2933500  4 26 23   9.2 1006 199  2.9 8  6.6  89    0    0 336 -364  1
3856500 2933500  4 26 24   8.6 1006 160  2.7 7  6.5  91    0    0 327 -363  1
3856500 2933500  4 27  1   8.3 1006 199  1.9 6  6.4  92    0    0 312 -361  1
3856500 2933500  4 27  2   7.1 1006 355  0.9 5  6.1  93    0    0 295 -361  1
3856500 2933500  4 27  3   7.4 1005  81  0.8 7  6.1  95    0    0 303 -361  1
3856500 2933500  4 27  4   7.4 1005 133  0.7 8  6.3  97    0    0 326 -361  1
3856500 2933500  4 27  5   7.6 1005 349  1.1 8  6.4  99    0    0 333 -361  1
3856500 2933500  4 27  6   8.0 1004 358  1.0 7  6.5  98    0    8 327 -362  1
3856500 2933500  4 27  7   8.5 1004  29  1.5 8  6.6  96    0   35 330 -366  1
3856500 2933500  4 27  8   9.3 1004  83  1.6 7  6.8  95    1   97 332 -371  1
3856500 2933500  4 27  9   9.7 1004  50  1.8 7  6.8  91    1  143 329 -377  1
3856500 2933500  4 27 10  10.0 1004  24  1.6 7  6.7  88   69  225 331 -389  1
3856500 2933500  4 27 11  11.4 1004  79  2.2 6  6.7  83  242  200 327 -405  1
3856500 2933500  4 27 12  11.7 1003  86  3.6 6  6.7  78  164  240 322 -419  1
3856500 2933500  4 27 13  12.1 1003  89  3.9 7  6.7  76   34  268 329 -422  1
3856500 2933500  4 27 14  11.7 1003  88  6.2 8  6.8  77    0  193 339 -414  1
3856500 2933500  4 27 15  11.6 1003 110  4.1 8  6.8  78    0  129 342 -403  1
3856500 2933500  4 27 16  11.0 1003  23  2.6 8  6.9  82    0   83 339 -398  1
3856500 2933500  4 27 17  10.7 1002  15  4.3 7  7.2  88    0   72 331 -393  1
3856500 2933500  4 27 18  10.4 1002  23  4.5 8  7.2  90    0   40 330 -383  1
3856500 2933500  4 27 19  10.2 1002  26  3.0 8  7.3  92    0   15 335 -376  1
3856500 2933500  4 27 20  10.0 1002  74  3.6 8  7.2  93    0    3 333 -372  1
3856500 2933500  4 27 21   9.7 1002  89  3.5 8  7.2  94    0    0 333 -368  1
3856500 2933500  4 27 22   9.5 1002 155  3.5 8  7.2  95    0    0 331 -364  1
3856500 2933500  4 27 23   8.9 1002 180  3.4 8  6.9  96    0    0 329 -361  1
3856500 2933500  4 27 24   8.2 1002 211  3.2 7  6.6  97    0    0 328 -357  1
3856500 2933500  4 28  1   7.3 1012 185  3.1 6  6.3  98    0    0 291 -359  1
3856500 2933500  4 28  2   6.6 1011 200  2.9 5  6.0  98    0    0 288 -358  1
3856500 2933500  4 28  3   6.1 1010 172  2.9 4  5.8  98    0    0 280 -359  1
3856500 2933500  4 28  4   6.1 1010 172  2.9 4  5.8  98    0    0 281 -358  1
3856500 2933500  4 28  5   6.3 1009 174  3.0 5  5.8  98    0    0 286 -356  1
3856500 2933500  4 28  6   6.0 1008 176  3.0 4  5.7  98    0    3 286 -356  1
3856500 2933500  4 28  7   7.5 1008 166  3.1 8  6.0  98    0   27 304 -358  1
3856500 2933500  4 28  8   8.1 1007 177  3.9 6  6.4  97    1  107 319 -362  1
3856500 2933500  4 28  9   9.0 1007 181  4.2 7  6.6  95    0  135 316 -369  1
3856500 2933500  4 28 10   9.6 1006 188  4.7 7  6.8  92    2  194 323 -381  1
3856500 2933500  4 28 11  10.6 1006 189  5.1 7  7.0  90   36  278 327 -389  1
3856500 2933500  4 28 12  11.3 1005 199  8.0 7  7.1  87   21  278 331 -395  1
3856500 2933500  4 28 13  10.6 1004 226  7.9 7  6.8  83    0  194 331 -397  1
3856500 2933500  4 28 14  10.2 1004 226  7.9 7  6.4  80    1  216 327 -397  1
3856500 2933500  4 28 15  11.5 1004 211  7.2 6  6.3  78    5  209 324 -397  1
3856500 2933500  4 28 16  11.6 1004 270  8.4 5  6.3  74  122  211 317 -390  1
3856500 2933500  4 28 17  11.2 1005 273  8.3 4  6.0  71  227  114 306 -378  1
3856500 2933500  4 28 18  11.1 1006 276  7.8 3  5.8  69  184   54 296 -370  1
3856500 2933500  4 28 19  10.8 1006 265  5.9 2  5.6  69   98   41 287 -368  1
3856500 2933500  4 28 20   9.0 1007 234  3.9 2  5.5  72   10   10 279 -364  1
3856500 2933500  4 28 21   6.6 1007 225  3.0 2  5.3  80    0    0 272 -359  1
3856500 2933500  4 28 22   5.5 1007 179  4.3 2  5.2  89    0    0 265 -351  1
3856500 2933500  4 28 23   5.9 1007 163  4.6 2  5.3  92    0    0 263 -342  1
3856500 2933500  4 28 24   5.7 1007 150  4.7 3  5.3  92    0    0 267 -336  1
3856500 2933500  4 29  1   6.4 1007 167  4.2 2  5.3  90    0    0 267 -333  1
3856500 2933500  4 29  2   6.2 1008 171  3.3 3  5.4  90    0    0 267 -332  1
3856500 2933500  4 29  3   5.4 1007 178  3.9 2  5.4  93    0    0 265 -330  1
3856500 2933500  4 29  4   6.2 1007 192  4.1 2  5.4  93    0    0 261 -330  1
3856500 2933500  4 29  5   5.8 1007 209  3.7 3  5.4  92    0    0 265 -329  1
3856500 2933500  4 29  6   6.5 1007 207  4.3 5  5.5  92    0    9 278 -328  1
3856500 2933500  4 29  7   7.7 1007 199  3.6 5  5.6  89    0   36 288 -330  1
3856500 2933500  4 29  8   8.6 1008 203  3.7 8  5.9  87    0   60 303 -340  1
3856500 2933500  4 29  9  10.0 1008 217  4.0 7  6.2  84   11  196 315 -355  1
3856500 2933500  4 29 10  11.3 1009 216  4.5 6  6.4  80   90  302 308 -371  1
3856500 2933500  4 29 11  12.4 1009 211  5.0 5  6.3  73  180  345 303 -387  1
3856500 2933500  4 29 12  13.5 1009 204  5.1 5  6.1  66  146  374 301 -401  1
3856500 2933500  4 29 13  14.5 1009 214  4.0 6  6.0  60  109  372 309 -409  1
3856500 2933500  4 29 14  15.0 1009 173  4.8 6  5.6  54  166  362 316 -417  1
3856500 2933500  4 29 15  15.7 1009 207  4.1 4  5.5  50  219  318 308 -421  1
3856500 2933500  4 29 16  15.9 1009 182  3.7 4  5.6  50  128  269 303 -415  1
3856500 2933500  4 29 17  15.7 1009  98  3.1 4  5.7  51  113  204 303 -404  1
3856500 2933500  4 29 18  15.7 1009 159  2.3 5  5.8  52   90  130 307 -391  1
3856500 2933500  4 29 19  14.3 1009 149  4.9 5  6.1  57   29   60 309 -380  1
3856500 2933500  4 29 20  13.1 1009 104  3.5 7  6.3  64    3   10 316 -370  1
3856500 2933500  4 29 21  11.9 1009  76  3.5 6  6.3  70    0    0 319 -361  1
3856500 2933500  4 29 22  11.9 1009  91  4.5 5  6.3  72    0    0 311 -357  1
3856500 2933500  4 29 23  11.9 1009 111  4.8 5  6.4  73    0    0 310 -356  1
3856500 2933500  4 29 24  11.3 1009  89  5.4 6  6.6  77    0    0 314 -356  1
3856500 2933500  4 30  1  11.4 1009 114  5.5 7  6.7  80    0    0 323 -355  1
3856500 2933500  4 30  2  11.5 1009 111  5.3 7  6.7  79    0    0 328 -356  1
3856500 2933500  4 30  3  11.2 1009 133  3.3 7  6.8  81    0    0 329 -357  1
3856500 2933500  4 30  4  10.8 1009 140  2.6 6  6.9  84    0    0 326 -359  1
3856500 2933500  4 30  5  10.7 1009 122  1.9 7  7.0  87    0    0 329 -361  1
3856500 2933500  4 30  6  10.7 1009  58  2.2 7  7.1  88    0    5 335 -363  1
3856500 2933500  4 30  7  10.9 1009 118  2.1 8  7.3  90    0   27 341 -366  1
3856500 2933500  4 30  8  12.0 1010 124  2.3 8  7.7  90    1  105 347 -369  1
3856500 2933500  4 30  9  13.9 1010 196  3.9 7  8.0  86   18  202 350 -376  1
3856500 2933500  4 30 10  15.2 1010 198  2.8 6  8.2  79  192  268 351 -383  1
3856500 2933500  4 30 11  16.4 1011 214  3.6 6  8.2  73  262  297 353 -390  1
3856500 2933500  4 30 12  16.8 1011 226  2.8 5  8.1  69  220  338 355 -403  1
3856500 2933500  4 30 13  18.0 1011 237  3.4 5  8.1  65  295  323 355 -411  1
3856500 2933500  4 30 14  18.5 1012 302  3.2 5  7.9  60  339  288 358 -402  1
3856500 2933500  4 30 15  19.0 1012 281  3.0 4  7.7  57  259  275 356 -393  1
3856500 2933500  4 30 16  18.2 1012   2  3.0 5  7.9  59  268  212 354 -392  1
3856500 2933500  4 30 17  18.8 1012   2  3.0 7  7.9  60  251  138 359 -387  1
3856500 2933500  4 30 18  18.2 1012 338  3.0 7  7.7  58  122  107 362 -384  1
3856500 2933500  4 30 19  15.9 1012  44  3.7 5  7.9  65   60   53 349 -384  1
3856500 2933500  4 30 20  13.3 1013  47  3.9 5  8.0  77    4   10 329 -380  1
3856500 2933500  4 30 21  12.0 1013  16  3.6 6  7.7  84    0    0 322 -373  1
3856500 2933500  4 30 22  11.7 1014  34  3.7 7  7.6  88    0    0 327 -365  1
3856500 2933500  4 30 23  11.2 1014   5  3.5 7  7.5  89    0    0 330 -362  1
3856500 2933500  4 30 24  10.6 1015  13  3.9 7  7.3  90    0    0 327 -364  1
3856500 2933500  5  1  1   9.4 1015 356  5.0 8  6.9  94    0    0 333 -363  1
3856500 2933500  5  1  2   8.4 1015  21  4.3 8  6.8  96    0    0 332 -363  1
3856500 2933500  5  1  3   7.9 1015  10  5.7 8  6.7  99    0    0 330 -363  1
3856500 2933500  5  1  4   8.3 1015  23  4.8 6  6.7  99    0    0 315 -363  1
3856500 2933500  5  1  5   7.9 1015   7  5.4 5  6.6  99    0    0 293 -362  1
3856500 2933500  5  1  6   8.1 1016  18  6.5 8  6.6  99    0    5 306 -361  1
3856500 2933500  5  1  7   8.6 1016  21  6.6 7  6.7  98    0   16 321 -362  1
3856500 2933500  5  1  8   8.4 1018  20  6.6 8  6.7  98    0   77 320 -368  1
3856500 2933500  5  1  9   8.3 1018  16  8.1 7  6.6  97    0  120 319 -379  1
3856500 2933500  5  1 10   8.9 1019  11  7.8 8  6.5  93    0  159 320 -393  1
3856500 2933500  5  1 11   9.1 1019  19  7.9 5  6.4  90   38  341 311 -404  1
3856500 2933500  5  1 12  11.2 1020  16  7.5 5  6.4  83   79  399 301 -410  1
3856500 2933500  5  1 13  11.6 1020  12  9.5 4  6.3  75  194  422 301 -413  1
3856500 2933500  5  1 14  12.1 1021  10 11.7 4  6.2  72  472  302 300 -416  1
3856500 2933500  5  1 15  11.3 1021  24 10.0 5  6.0  71  221  357 307 -417  1
3856500 2933500  5  1 16  10.8 1021  23  8.9 6  5.8  71   72  300 313 -415  1
3856500 2933500  5  1 17  10.4 1022  17  8.7 8  5.7  72    9  184 323 -409  1
3856500 2933500  5  1 18  10.1 1022  21  8.4 7  5.8  75    6  123 325 -399  1
3856500 2933500  5  1 19   9.2 1023  12  7.4 6  5.7  77   12   70 314 -389  1
3856500 2933500  5  1 20   8.0 1023  14  5.5 6  5.6  82    3   17 306 -381  1
3856500 2933500  5  1 21   7.6 1024   3  4.8 5  5.6  86    0    0 299 -374  1
3856500 2933500  5  1 22   7.3 1024  20  5.3 2  5.5  87    0    0 279 -371  1
3856500 2933500  5  1 23   7.2 1025  15  5.2 2  5.5  88    0    0 265 -368  1
3856500 2933500  5  1 24   6.8 1025  23  3.8 2  5.5  90    0    0 262 -364  1
3856500 2933500  5  2  1   6.4 1025  29  4.0 1  5.5  91    0    0 253 -358  1
3856500 2933500  5  2  2   6.2 1025  37  4.3 2  5.4  93    0    0 250 -355  1
3856500 2933500  5  2  3   5.6 1025  38  4.1 2  5.3  94    0    0 254 -352  1
3856500 2933500  5  2  4   5.5 1025  44  4.5 3  5.2  94    0    0 257 -348  1
3856500 2933500  5  2  5   5.2 1025  58  3.6 3  5.1  93    0    0 263 -344  1
3856500 2933500  5  2  6   5.5 1025  55  3.5 3  5.1  92    4   29 265 -342  1
3856500 2933500  5  2  7   7.1 1025  64  4.5 3  5.2  88   74   90 267 -345  1
3856500 2933500  5  2  8   8.7 1025  70  5.0 2  5.3  81  203  123 266 -356  1
3856500 2933500  5  2  9  10.2 1025  73  5.1 3  5.5  75  274  176 272 -372  1
3856500 2933500  5  2 10  12.1 1025  75  4.7 4  5.6  69  444  164 288 -390  1
3856500 2933500  5  2 11  13.3 1024  69  4.8 4  5.7  63  556  161 299 -406  1
3856500 2933500  5  2 12  14.3 1023  77  5.0 4  5.6  58  586  183 303 -421  1
3856500 2933500  5  2 13  15.8 1023  75  5.2 4  5.4  51  660  144 307 -431  1
3856500 2933500  5  2 14  16.8 1022  63  5.4 4  5.3  46  641  134 313 -436  1
3856500 2933500  5  2 15  17.2 1021  54  5.7 3  5.3  44  489  180 314 -437  1
3856500 2933500  5  2 16  17.5 1020  56  7.1 4  5.4  44  385  168 316 -434  1
3856500 2933500  5  2 17  17.0 1019  49  7.8 6  5.6  46   96  187 326 -427  1
3856500 2933500  5  2 18  16.8 1018  57  7.6 6  5.7  48  120  123 331 -416  1
3856500 2933500  5  2 19  16.4 1017  57  5.5 6  5.8  49   55   65 330 -404  1
3856500 2933500  5  2 20  14.8 1016  61  5.0 6  5.6  51    4   17 327 -390  1
3856500 2933500  5  2 21  13.4 1016  66  4.0 6  5.5  55    0    0 323 -377  1
3856500 2933500  5  2 22  12.6 1015  77  5.3 2  5.4  58    0    0 310 -368  1
3856500 2933500  5  2 23  12.0 1014  86  4.5 2  5.4  61    0    0 298 -364  1
3856500 2933500  5  2 24  11.4 1014  84  5.1 2  5.3  62    0    0 296 -360  1
3856500 2933500  5  3  1  10.8 1013  77  4.2 4  5.5  67    0    0 302 -357  1
3856500 2933500  5  3  2  10.1 1012  72  4.3 5  5.8  74    0    0 310 -354  1
3856500 2933500  5  3  3   9.7 1011  82  3.2 5  5.8  76    0    0 314 -354  1
3856500 2933500  5  3  4   9.7 1010  83  3.1 6  5.7  76    0    0 318 -355  1
3856500 2933500  5  3  5   9.4 1009  61  4.3 5  5.6  75    0    0 319 -358  1
3856500 2933500  5  3  6   9.8 1009  79  3.4 5  5.5  74    3   29 316 -360  1
3856500 2933500  5  3  7  11.8 1008  90  3.0 5  5.6  70   47  106 320 -363  1
3856500 2933500  5  3  8  13.6 1007  95  3.9 3  5.8  63  140  174 316 -366  1
3856500 2933500  5  3  9  15.2 1006  74  3.8 3  6.1  59  253  222 313 -368  1
3856500 2933500  5  3 10  16.5 1006  59  4.6 3  6.5  58  363  255 319 -369  1
3856500 2933500  5  3 11  17.4 1005  50  5.3 3  6.9  57  455  274 325 -375  1
3856500 2933500  5  3 12  18.7 1004  63  4.8 3  7.2  56  515  282 332 -389  1
3856500 2933500  5  3 13  19.8 1003  69  4.8 2  7.7  54  535  282 336 -402  1
3856500 2933500  5  3 14  20.8 1003  89  5.0 2  8.2  54  521  269 340 -409  1
3856500 2933500  5  3 15  21.4 1002  26  4.6 2  8.7  55  465  249 344 -413  1
3856500 2933500  5  3 16  19.5 1002 344  6.6 3  8.8  58  221  284 345 -410  1
3856500 2933500  5  3 17  15.8 1001 328  9.1 5  8.2  64   87  202 343 -400  1
3856500 2933500  5  3 18  12.4 1001 340  9.7 7  7.3  72    0   64 341 -392  1
3856500 2933500  5  3 19  10.0 1001   3  7.0 6  6.8  81    0   25 335 -385  1
3856500 2933500  5  3 20   9.5 1002 318  5.5 8  6.7  88    0    4 333 -377  1
3856500 2933500  5  3 21   8.9 1003 339  5.2 7  6.6  90    0    0 334 -369  1
3856500 2933500  5  3 22   8.5 1003 322  5.8 8  6.5  92    0    0 331 -365  1
3856500 2933500  5  3 23   8.4 1003 315  7.8 8  6.5  93    0    0 333 -364  1
3856500 2933500  5  3 24   8.0 1003 333  7.0 8  6.4  93    0    0 332 -363  1
3856500 2933500  5  4  1   7.7 1003 340  6.1 7  6.3  94    0    0 329 -362  1
3856500 2933500  5  4  2   7.7 1004 339  5.8 7  6.3  95    0    0 326 -361  1
3856500 2933500  5  4  3   7.6 1004 346  5.4 8  6.3  95    0    0 329 -361  1
3856500 2933500  5  4  4   7.5 1005 342  5.5 8  6.2  95    0    0 334 -361  1
3856500 2933500  5  4  5   7.3 1005 343  4.9 8  6.1  94    0    0 333 -361  1
3856500 2933500  5  4  6   7.3 1006 336  4.3 8  6.0  94    0   10 333 -362  1
3856500 2933500  5  4  7   7.3 1006 340  4.7 7  6.0  93    0   28 327 -364  1
3856500 2933500  5  4  8   7.6 1007 338  4.8 7  6.0  92    0   69 320 -368  1
3856500 2933500  5  4  9   8.0 1007 332  4.2 7  6.0  90    0  139 320 -373  1
3856500 2933500  5  4 10   8.9 1008 330  4.7 7  6.0  86    1  197 321 -383  1
3856500 2933500  5  4 11   9.4 1009 334  4.7 7  5.9  81    0  186 323 -397  1
3856500 2933500  5  4 12  10.0 1009 328  5.1 7  5.9  78    0  210 325 -413  1
3856500 2933500  5  4 13  10.3 1010 326  5.7 7  5.8  75    0  235 326 -426  1
3856500 2933500  5  4 14  10.8 1010 329  5.8 7  5.7  71    7  279 327 -434  1
3856500 2933500  5  4 15  11.0 1011 340  6.1 6  5.5  67   58  313 324 -435  1
3856500 2933500  5  4 16  10.6 1011 346  6.6 6  5.3  66  164  256 318 -430  1
3856500 2933500  5  4 17   9.8 1011 355  5.6 5  5.3  68  232  145 312 -421  1
3856500 2933500  5  4 18   9.2 1011 348  5.0 3  5.2  70  184   93 299 -411  1
3856500 2933500  5  4 19   8.6 1012 343  4.6 3  5.2  73  112   56 289 -400  1
3856500 2933500  5  4 20   7.4 1012  15  4.4 5  5.2  77   12   20 294 -388  1
3856500 2933500  5  4 21   6.5 1013  51  3.5 3  5.1  82    0    0 290 -381  1
3856500 2933500  5  4 22   6.0 1014  37  4.7 3  5.0  85    0    0 279 -377  1
3856500 2933500  5  4 23   5.8 1014   7  4.1 3  4.9  84    0    0 273 -372  1
3856500 2933500  5  4 24   5.2 1014 346  3.5 1  4.7  84    0    0 255 -371  1
3856500 2933500  5  5  1   5.6 1014   6  4.7 0  4.6  83    0    0 229 -370  1
3856500 2933500  5  5  2   5.8 1015  15  4.7 0  4.6  80    0    0 220 -368  1
3856500 2933500  5  5  3   5.6 1015  12  4.7 0  4.5  80    0    0 219 -364  1
3856500 2933500  5  5  4   4.9 1015 354  4.7 1  4.5  81    0    0 218 -363  1
3856500 2933500  5  5  5   5.0 1016 348  4.6 2  4.4  81    0    0 226 -364  1
3856500 2933500  5  5  6   5.2 1016 350  5.0 2  4.3  79   17   36 230 -365  1
3856500 2933500  5  5  7   6.8 1016   1  6.4 1  4.4  76  100   88 215 -365  1
3856500 2933500  5  5  8   7.6 1017   3  7.7 2  4.4  70  222  123 212 -370  1
3856500 2933500  5  5  9   7.8 1017 358  7.8 2  4.2  64  307  168 223 -379  1
3856500 2933500  5  5 10   8.1 1018  10  7.9 3  4.0  61  302  250 233 -388  1
3856500 2933500  5  5 11   8.9 1018   4  6.9 4  4.0  58  319  300 254 -393  1
3856500 2933500  5  5 12   8.7 1018   1  7.0 3  4.1  58  419  290 259 -401  1
3856500 2933500  5  5 13   9.2 1018 359  6.9 4  4.1  58  235  372 262 -408  1
3856500 2933500  5  5 14   9.1 1018 360  6.7 5  4.1  57  173  369 282 -408  1
3856500 2933500  5  5 15   9.2 1018   5  7.4 4  4.1  58  157  332 283 -409  1
3856500 2933500  5  5 16   8.9 1018 359  7.6 4  4.3  60  167  272 276 -408  1
3856500 2933500  5  5 17   8.8 1018   7  7.3 3  4.3  61  212  174 273 -401  1
3856500 2933500  5  5 18   8.3 1018   1  6.5 3  4.3  63  162  115 271 -392  1
3856500 2933500  5  5 19   8.1 1018   6  6.2 4  4.5  67   75   69 276 -380  1
3856500 2933500  5  5 20   7.7 1019   2  5.0 5  4.8  73    3   17 286 -368  1
3856500 2933500  5  5 21   6.9 1019 341  4.0 3  5.1  81    0    0 280 -359  1
3856500 2933500  5  5 22   6.5 1019 357  4.6 3  5.2  86    0    0 269 -355  1
3856500 2933500  5  5 23   6.1 1020  18  4.0 3  5.1  86    0    0 268 -355  1
3856500 2933500  5  5 24   6.6 1020  41  3.8 2  4.8  81    0    0 261 -356  1
3856500 2933500  5  6  1   6.1 1020  35  4.4 3  4.6  79    0    0 262 -358  1
3856500 2933500  5  6  2   6.9 1020  48  4.7 5  4.7  78    0    0 280 -358  1
3856500 2933500  5  6  3   6.5 1020  36  4.6 4  4.7  78    0    0 284 -359  1
3856500 2933500  5  6  4   5.5 1021  21  4.2 2  4.7  81    0    0 255 -359  1
3856500 2933500  5  6  5   5.6 1021  24  4.3 3  4.7  84    0    0 239 -359  1
3856500 2933500  5  6  6   6.1 1021  26  4.4 4  4.8  85    5   28 252 -360  1
3856500 2933500  5  6  7   7.6 1021  31  5.9 2  5.0  82   75   79 241 -363  1
3856500 2933500  5  6  8   8.9 1021  23  6.8 2  5.1  76  207  102 230 -369  1
3856500 2933500  5  6  9  10.3 1022  28  6.8 2  5.2  71  391  104 247 -376  1
3856500 2933500  5  6 10  11.2 1022  36  7.3 2  5.2  65  503  113 261 -382  1
3856500 2933500  5  6 11  12.0 1022  56  7.1 3  5.2  61  483  168 276 -391  1
3856500 2933500  5  6 12  12.7 1022  61  7.3 5  5.2  59  212  330 303 -404  1
3856500 2933500  5  6 13  13.2 1022  30  7.2 6  5.1  55  183  347 325 -416  1
3856500 2933500  5  6 14  13.8 1022  23  7.1 7  5.0  53   82  342 339 -424  1
3856500 2933500  5  6 15  13.8 1022  27  6.7 5  5.0  51  192  291 332 -427  1
3856500 2933500  5  6 16  13.9 1022  22  7.0 5  4.9  50  200  229 318 -427  1
3856500 2933500  5  6 17  13.8 1022  12  6.0 7  4.8  49  142  149 328 -421  1
3856500 2933500  5  6 18  13.1 1022  29  6.5 6  4.9  52   88  121 332 -411  1
3856500 2933500  5  6 19  12.0 1022  10  5.9 5  5.1  57   84   50 312 -399  1
3856500 2933500  5  6 20  10.8 1023  28  4.9 5  5.1  62   17   18 300 -388  1
3856500 2933500  5  6 21   9.8 1023  36  4.8 4  5.0  65    0    0 288 -376  1
3856500 2933500  5  6 22   9.3 1024  48  4.5 2  5.1  69    0    0 264 -365  1
3856500 2933500  5  6 23   9.3 1024  46  4.6 2  5.0  70    0    0 250 -358  1
3856500 2933500  5  6 24   8.3 1025  35  4.0 3  4.8  69    0    0 256 -354  1
3856500 2933500  5  7  1   7.5 1025  27  3.4 4  4.8  73    0    0 270 -354  1
3856500 2933500  5  7  2   7.0 1025  28  3.5 5  4.8  77    0    0 284 -356  1
3856500 2933500  5  7  3   6.6 1025  24  3.5 4  4.8  79    0    0 283 -358  1
3856500 2933500  5  7  4   5.5 1025  26  3.2 4  4.8  83    0    0 272 -359  1
3856500 2933500  5  7  5   5.2 1025  26  3.0 4  4.7  86    0    0 271 -358  1
3856500 2933500  5  7  6   5.6 1025  33  3.3 4  4.8  87   18   36 274 -358  1
3856500 2933500  5  7  7   7.7 1026  27  3.6 3  5.1  84  106   84 269 -358  1
3856500 2933500  5  7  8   9.4 1026  46  4.5 2  5.2  76  221  120 267 -359  1
3856500 2933500  5  7  9  10.3 1026  34  4.2 2  5.1  69  340  147 272 -361  1
3856500 2933500  5  7 10  11.0 1026  20  5.2 4  5.0  64  339  228 290 -364  1
3856500 2933500  5  7 11  11.5 1026  30  6.2 4  5.0  61  391  263 306 -368  1
3856500 2933500  5  7 12  10.9 1026   2  6.5 3  5.0  61  468  260 301 -373  1
3856500 2933500  5  7 13  11.2 1026  28  6.6 3  5.0  62  530  237 297 -380  1
3856500 2933500  5  7 14  11.8 1026  25  6.4 3  5.0  60  439  267 303 -384  1
3856500 2933500  5  7 15  12.1 1026   3  6.3 3  5.0  58  266  300 307 -387  1
3856500 2933500  5  7 16  11.9 1026   8  7.3 3  5.0  58  221  253 307 -392  1
3856500 2933500  5  7 17  11.9 1026  19  6.8 3  5.0  59  199  166 305 -391  1
3856500 2933500  5  7 18  11.1 1026   4  5.9 4  5.1  61  122  126 308 -382  1
3856500 2933500  5  7 19  10.2 1026   3  5.7 2  5.2  66  100   64 299 -375  1
3856500 2933500  5  7 20   9.1 1027   4  4.3 3  5.4  73   15   22 287 -372  1
3856500 2933500  5  7 21   7.9 1027   4  3.7 2  5.5  80    0    0 279 -369  1
3856500 2933500  5  7 22   6.9 1028 358  3.0 3  5.5  86    0    0 273 -368  1
3856500 2933500  5  7 23   6.7 1028 357  2.8 2  5.4  90    0    0 271 -367  1
3856500 2933500  5  7 24   5.8 1028 350  3.1 0  5.3  91    0    0 253 -366  1
3856500 2933500  5  8  1   5.1 1028 337  3.3 0  5.2  95    0    0 237 -364  1
3856500 2933500  5  8  2   4.7 1028 348  2.8 2  5.2  97    0    0 245 -363  1
3856500 2933500  5  8  3   5.2 1028 353  3.2 3  5.2  98    0    0 263 -361  1
3856500 2933500  5  8  4   5.1 1028 318  3.7 4  5.3  98    0    0 276 -359  1
3856500 2933500  5  8  5   5.4 1028 341  3.0 5  5.3  98    0    0 288 -358  1
3856500 2933500  5  8  6   5.9 1028 333  3.5 6  5.5  99    0   15 303 -357  1
3856500 2933500  5  8  7   7.8 1028 330  3.1 6  5.9  97    0   58 315 -358  1
3856500 2933500  5  8  8   9.1 1028 335  4.5 6  6.3  92    1  131 320 -364  1
3856500 2933500  5  8  9  10.6 1028  13  4.5 4  6.4  85   26  259 312 -376  1
3856500 2933500  5  8 10  11.7 1028  31  4.3 1  6.3  77  128  383 285 -392  1
3856500 2933500  5  8 11  13.0 1028  37  5.0 4  6.3  71  225  444 290 -407  1
3856500 2933500  5  8 12  13.4 1028  37  4.3 4  6.4  69  134  468 312 -420  1
3856500 2933500  5  8 13  13.3 1027  38  4.5 6  6.5  69   29  391 325 -429  1
3856500 2933500  5  8 14  13.8 1027  21  4.6 6  6.6  69   46  405 339 -433  1
3856500 2933500  5  8 15  13.8 1027  24  5.5 5  6.8  70  105  410 334 -430  1
3856500 2933500  5  8 16  13.9 1027   3  4.6 5  6.8  70  149  357 328 -425  1
3856500 2933500  5  8 17  14.5 1026   8  4.2 4  6.9  69  125  276 322 -420  1
3856500 2933500  5  8 18  14.3 1026   9  4.8 3  7.0  69   96  190 310 -412  1
3856500 2933500  5  8 19  13.0 1026 356  4.4 3  6.8  70   40  103 301 -401  1
3856500 2933500  5  8 20  11.8 1026 348  3.4 3  6.7  76    7   28 297 -386  1
3856500 2933500  5  8 21  10.3 1026 339  3.3 3  6.6  82    0    0 293 -372  1
3856500 2933500  5  8 22   9.2 1026   4  3.3 4  6.4  86    0    0 296 -362  1
3856500 2933500  5  8 23   9.8 1026  55  3.0 4  6.3  87    0    0 301 -355  1
3856500 2933500  5  8 24  10.3 1026  61  4.0 1  6.1  80    0    0 283 -350  1
3856500 2933500  5  9  1   9.8 1026  65  4.0 1  5.8  77    0    0 265 -345  1
3856500 2933500  5  9  2   8.9 1026  72  4.0 1  5.8  80    0    0 262 -341  1
3856500 2933500  5  9  3   8.9 1026  70  3.8 0  5.7  82    0    0 256 -338  1
3856500 2933500  5  9  4   8.3 1026  72  3.4 0  5.6  81    0    0 250 -336  1
3856500 2933500  5  9  5   7.9 1026  71  3.7 1  5.4  81    0    0 255 -334  1
3856500 2933500  5  9  6   8.7 1026  76  3.7 0  5.3  79   17   37 255 -334  1
3856500 2933500  5  9  7   9.9 1026  82  4.4 0  5.2  73  103   87 252 -338  1
3856500 2933500  5  9  8  11.0 1026  86  4.7 0  5.2  67  237  114 255 -351  1
3856500 2933500  5  9  9  12.7 1026  74  4.8 0  5.4  63  380  126 260 -368  1
3856500 2933500  5  9 10  14.2 1026  66  5.7 0  5.6  59  512  131 266 -387  1
3856500 2933500  5  9 11  16.0 1025  76  6.3 0  6.1  57  627  125 274 -405  1
3856500 2933500  5  9 12  17.6 1025  82  6.5 0  6.3  53  686  128 282 -420  1
3856500 2933500  5  9 13  19.1 1025  86  6.7 0  6.3  48  713  119 289 -431  1
3856500 2933500  5  9 14  20.2 1024 100  7.4 0  6.4  45  704  102 296 -437  1
3856500 2933500  5  9 15  20.8 1024 104  8.4 0  6.4  43  647   91 301 -439  1
3856500 2933500  5  9 16  21.5 1023  99  7.6 0  6.4  42  548   83 304 -436  1
3856500 2933500  5  9 17  21.7 1023  88  7.1 0  6.4  40  399   92 305 -430  1
3856500 2933500  5  9 18  21.4 1022  97  7.4 0  6.4  41  258   77 304 -420  1
3856500 2933500  5  9 19  20.2 1022  80  6.6 0  6.7  44  120   58 302 -407  1
3856500 2933500  5  9 20  18.6 1022  73  6.2 0  6.8  49   20   24 298 -394  1
3856500 2933500  5  9 21  16.2 1022  76  6.1 0  7.0  57    0    0 291 -382  1
3856500 2933500  5  9 22  14.7 1022  79  5.9 0  7.0  65    0    0 284 -372  1
3856500 2933500  5  9 23  14.1 1023  82  5.5 0  6.7  66    0    0 279 -364  1
3856500 2933500  5  9 24  13.1 1023  86  5.3 0  6.6  68    0    0 277 -357  1
3856500 2933500  5 10  1  12.4 1023  81  5.1 0  6.5  71    0    0 274 -352  1
3856500 2933500  5 10  2  12.4 1023  90  4.5 0  6.4  72    0    0 272 -348  1
3856500 2933500  5 10  3  11.3 1023  97  4.7 0  6.2  73    0    0 269 -345  1
3856500 2933500  5 10  4  10.5 1023 102  3.9 0  6.1  76    0    0 265 -342  1
3856500 2933500  5 10  5  10.3 1023  95  3.5 0  6.1  78    0    0 263 -340  1
3856500 2933500  5 10  6  11.2 1023  91  3.8 0  6.0  76   24   38 262 -339  1
3856500 2933500  5 10  7  13.2 1023  97  4.5 0  6.2  71  123   82 264 -344  1
3856500 2933500  5 10  8  14.8 1023 107  5.1 0  6.6  67  260  103 268 -357  1
3856500 2933500  5 10  9  17.0 1023  94  4.7 0  7.0  63  400  115 274 -374  1
3856500 2933500  5 10 10  19.6 1024  95  5.0 0  7.2  55  526  122 282 -393  1
3856500 2933500  5 10 11  21.0 1023 106  6.3 0  6.9  47  633  120 290 -411  1
3856500 2933500  5 10 12  22.1 1023 111  6.9 0  6.6  42  693  122 296 -426  1
3856500 2933500  5 10 13  23.3 1023 109  7.8 0  6.5  38  725  110 301 -436  1
3856500 2933500  5 10 14  23.6 1022  97  7.3 0  6.4  36  720   91 304 -441  1
3856500 2933500  5 10 15  23.8 1022  95  7.5 0  6.3  35  647   95 306 -442  1
3856500 2933500  5 10 16  24.0 1022  86  7.6 0  6.4  35  549   84 309 -439  1
3856500 2933500  5 10 17  23.9 1022  74  6.9 0  6.6  36  412   83 310 -433  1
3856500 2933500  5 10 18  22.7 1021  68  4.9 0  6.8  38  269   71 309 -422  1
3856500 2933500  5 10 19  21.8 1021  60  6.1 0  7.0  42  126   58 306 -410  1
3856500 2933500  5 10 20  19.5 1021  53  5.3 2  7.2  48   23   25 307 -398  1
3856500 2933500  5 10 21  17.1 1021  43  5.2 4  7.2  56    0    0 313 -386  1
3856500 2933500  5 10 22  16.7 1022  54  4.4 3  7.0  59    0    0 310 -377  1
3856500 2933500  5 10 23  13.7 1022  57  3.6 2  6.7  63    0    0 296 -370  1
3856500 2933500  5 10 24  14.0 1022  62  2.9 2  6.6  67    0    0 286 -364  1
3856500 2933500  5 11  1  12.2 1023  58  3.5 2  6.5  70    0    0 284 -358  1
3856500 2933500  5 11  2  11.3 1022  50  3.2 2  6.4  76    0    0 281 -354  1
3856500 2933500  5 11  3  11.0 1022  54  3.2 1  6.4  78    0    0 275 -350  1
3856500 2933500  5 11  4  10.2 1022  47  2.6 2  6.2  78    0    0 274 -346  1
3856500 2933500  5 11  5   8.3 1022  23  2.3 1  5.8  80    0    0 270 -343  1
3856500 2933500  5 11  6  10.5 1022  31  2.2 1  5.9  81   27   40 268 -342  1
3856500 2933500  5 11  7  13.3 1023  26  2.6 0  6.3  73  121   86 271 -346  1
3856500 2933500  5 11  8  15.7 1023  45  3.0 0  6.4  63  251  113 275 -358  1
3856500 2933500  5 11  9  17.8 1023  20  3.8 0  6.6  56  383  131 282 -376  1
3856500 2933500  5 11 10  18.9 1023  29  4.2 0  6.6  51  520  133 288 -396  1
3856500 2933500  5 11 11  20.1 1023  13  5.1 0  6.7  48  633  128 293 -415  1
3856500 2933500  5 11 12  20.7 1023  29  5.2 0  7.2  48  702  124 299 -431  1
3856500 2933500  5 11 13  20.4 1022  40  5.3 0  6.8  45  731  114 301 -442  1
3856500 2933500  5 11 14  21.0 1022  37  5.4 1  6.5  43  713  105 304 -450  1
3856500 2933500  5 11 15  20.8 1022  32  5.0 1  7.0  46  648   98 309 -450  1
3856500 2933500  5 11 16  20.6 1022  42  5.2 1  7.4  49  545   92 310 -444  1
3856500 2933500  5 11 17  20.5 1022  37  4.8 3  7.7  52  405   89 316 -435  1
3856500 2933500  5 11 18  20.0 1022  53  5.3 3  7.5  51  258   79 321 -422  1
3856500 2933500  5 11 19  19.2 1021  61  5.3 3  7.0  50  121   62 319 -408  1
3856500 2933500  5 11 20  17.3 1021  54  4.3 4  6.5  50   23   25 318 -393  1
3856500 2933500  5 11 21  15.5 1022  57  4.7 4  6.4  56    0    0 315 -379  1
3856500 2933500  5 11 22  13.3 1022  54  5.5 1  6.5  64    0    0 298 -370  1
3856500 2933500  5 11 23  12.1 1022  65  4.5 1  6.5  72    0    0 283 -365  1
3856500 2933500  5 11 24  12.0 1023  74  3.5 2  6.4  73    0    0 285 -361  1
3856500 2933500  5 12  1  11.3 1023  76  2.9 1  6.2  73    0    0 283 -359  1
3856500 2933500  5 12  2   9.6 1023  39  2.3 1  6.0  76    0    0 275 -357  1
3856500 2933500  5 12  3   8.5 1023  60  2.1 1  5.8  82    0    0 270 -355  1
3856500 2933500  5 12  4   8.1 1023  94  2.1 1  5.7  84    0    0 267 -352  1
3856500 2933500  5 12  5   7.6 1023  59  1.6 2  5.7  87    0    0 270 -349  1
3856500 2933500  5 12  6  10.2 1023  69  1.7 3  6.0  85   24   40 283 -348  1
3856500 2933500  5 12  7  14.2 1023 103  2.0 2  6.5  74  121   85 292 -355  1
3856500 2933500  5 12  8  16.2 1024 141  2.4 1  6.5  61  267  104 290 -373  1
3856500 2933500  5 12  9  18.4 1024 155  2.9 1  6.3  52  406  117 291 -401  1
3856500 2933500  5 12 10  20.1 1024 141  3.0 2  5.9  43  537  120 302 -431  1
3856500 2933500  5 12 11  20.9 1024 125  2.9 2  5.7  38  653  112 313 -456  1
3856500 2933500  5 12 12  21.6 1023 108  3.1 2  5.9  38  710  114 317 -472  1
3856500 2933500  5 12 13  21.9 1023 101  3.4 2  6.0  37  739  104 319 -479  1
3856500 2933500  5 12 14  22.3 1023 110  3.9 2  6.0  36  730   90 323 -478  1
3856500 2933500  5 12 15  22.2 1022  88  4.4 1  5.9  36  663   85 320 -471  1
3856500 2933500  5 12 16  21.8 1021  76  4.8 1  6.0  37  556   82 315 -459  1
3856500 2933500  5 12 17  21.1 1021  59  5.6 1  6.3  40  420   79 313 -446  1
3856500 2933500  5 12 18  19.7 1021  44  5.4 1  6.6  44  272   74 309 -431  1
3856500 2933500  5 12 19  18.6 1020  45  4.9 0  6.6  48  129   59 300 -416  1
3856500 2933500  5 12 20  16.7 1020  51  4.0 0  6.7  54   26   25 291 -401  1
3856500 2933500  5 12 21  15.0 1020  51  3.5 0  6.7  61    0    1 284 -386  1
3856500 2933500  5 12 22  13.4 1019  52  3.1 0  6.8  69    0    0 276 -374  1
3856500 2933500  5 12 23  11.9 1019  67  3.0 1  6.8  76    0    0 269 -367  1
3856500 2933500  5 12 24  10.9 1019  88  3.0 2  6.7  81    0    0 261 -361  1
3856500 2933500  5 13  1  10.2 1012 114  3.2 4  6.6  84    0    0 322 -367  1
3856500 2933500  5 13  2   9.9 1012 142  3.5 5  6.5  85    0    0 312 -364  1
3856500 2933500  5 13  3   9.8 1011 171  3.7 6  6.4  85    0    0 315 -360  1
3856500 2933500  5 13  4   9.7 1010 188  3.8 7  6.4  85    0    0 326 -356  1
3856500 2933500  5 13  5   9.5 1009 201  3.8 7  6.5  88    0    0 336 -352  1
3856500 2933500  5 13  6   9.1 1009 222  4.0 8  6.7  91    0   25 340 -349  1
3856500 2933500  5 13  7   8.8 1009 237  4.7 5  6.6  92    8   88 323 -352  1
3856500 2933500  5 13  8   9.3 1009 255  5.0 6  6.5  91   17  154 311 -366  1
3856500 2933500  5 13  9   9.6 1010 277  6.2 7  6.5  88   38  228 322 -385  1
3856500 2933500  5 13 10  10.9 1010 319  6.0 4  6.2  79  199  280 314 -406  1
3856500 2933500  5 13 11  11.2 1011 308  6.1 3  6.0  72  346  223 295 -421  1
3856500 2933500  5 13 12  12.3 1011 334  4.8 3  5.8  68  361  254 293 -421  1
3856500 2933500  5 13 13  12.1 1012 299  6.0 4  5.6  63  294  329 297 -424  1
3856500 2933500  5 13 14  10.6 1012 306  5.5 7  5.4  64   26  288 312 -412  1
3856500 2933500  5 13 15  11.6 1013 247  5.9 6  5.3  64  103  294 320 -407  1
3856500 2933500  5 13 16  10.7 1013 259  5.2 4  5.4  66  219  244 306 -420  1
3856500 2933500  5 13 17  11.1 1014 268  5.4 6  5.3  66  152  196 303 -410  1
3856500 2933500  5 13 18   9.5 1014 265  6.3 5  5.5  71   42  140 303 -401  1
3856500 2933500  5 13 19   9.9 1014 269  3.0 2  5.7  76   84   69 283 -392  1
3856500 2933500  5 13 20   8.9 1014 231  3.0 4  5.6  76   19   24 276 -382  1
3856500 2933500  5 13 21   7.9 1015 268  2.5 4  5.6  82    0    1 281 -371  1
3856500 2933500  5 13 22   7.1 1015 229  3.2 4  5.5  85    0    0 277 -361  1
3856500 2933500  5 13 23   5.8 1015 197  3.5 4  5.2  86    0    0 273 -353  1
3856500 2933500  5 13 24   5.5 1015 213  3.2 2  5.0  89    0    0 260 -348  1
3856500 2933500  5 14  1   4.4 1015 196  3.9 2  4.9  90    0    0 249 -345  1
3856500 2933500  5 14  2   5.0 1015 208  3.8 3  4.8  91    0    0 250 -343  1
3856500 2933500  5 14  3   5.0 1014 201  4.2 5  4.9  90    0    0 263 -343  1
3856500 2933500  5 14  4   4.5 1014 195  3.8 3  4.9  92    0    0 262 -342  1
3856500 2933500  5 14  5   4.4 1014 202  4.2 3  4.9  94    0    0 252 -340  1
3856500 2933500  5 14  6   5.3 1014 202  4.5 4  5.0  94    0   29 257 -340  1
3856500 2933500  5 14  7   6.7 1014 203  5.1 5  5.3  91  113   69 269 -345  1
3856500 2933500  5 14  8   8.3 1014 215  6.2 5  5.6  86  134  137 277 -359  1
3856500 2933500  5 14  9   9.0 1014 220  6.1 7  5.8  83   66  220 292 -378  1
3856500 2933500  5 14 10   9.9 1014 231  5.8 6  6.1  82  222  234 301 -393  1
3856500 2933500  5 14 11  10.6 1014 228 10.5 6  6.0  78  254  261 303 -401  1
3856500 2933500  5 14 12   8.6 1014 225  6.1 8  5.8  78    0  207 314 -412  1
3856500 2933500  5 14 13   9.2 1014 247  8.5 8  5.9  83    3  244 316 -419  1
3856500 2933500  5 14 14  10.0 1015 224  7.4 5  6.2  83  232  275 301 -414  1
3856500 2933500  5 14 15  10.1 1015 261  6.0 8  6.3  82    0  193 297 -407  1
3856500 2933500  5 14 16   9.7 1015 271  6.7 8  6.1  80    0  128 304 -406  1
3856500 2933500  5 14 17  10.2 1016 279  7.2 7  6.0  79   16  171 299 -402  1
3856500 2933500  5 14 18  10.6 1016 303  7.1 4  5.9  75  192   77 288 -393  1
3856500 2933500  5 14 19  10.1 1017 288  6.3 4  5.7  73  117   48 277 -381  1
3856500 2933500  5 14 20   8.5 1017 288  5.2 3  5.5  76   35   26 270 -369  1
3856500 2933500  5 14 21   7.4 1018 250  3.8 2  5.4  82    0    2 260 -359  1
3856500 2933500  5 14 22   6.7 1019 246  3.9 4  5.4  87    0    0 261 -351  1
3856500 2933500  5 14 23   6.8 1019 260  3.3 5  5.4  88    0    0 271 -345  1
3856500 2933500  5 14 24   6.4 1019 243  3.0 4  5.4  90    0    0 272 -342  1
3856500 2933500  5 15  1   6.5 1020 241  3.7 4  5.5  91    0    0 268 -339  1
3856500 2933500  5 15  2   6.4 1020 249  3.3 5  5.4  91    0    0 271 -335  1
3856500 2933500  5 15  3   6.2 1020 245  3.7 4  5.4  92    0    0 271 -331  1
3856500 2933500  5 15  4   5.9 1020 244  4.3 4  5.4  93    0    0 266 -329  1
3856500 2933500  5 15  5   5.6 1020 252  4.7 5  5.3  94    0    1 270 -328  1
3856500 2933500  5 15  6   6.3 1021 241  3.7 4  5.3  92   37   40 271 -329  1
3856500 2933500  5 15  7   7.8 1021 279  3.9 4  5.4  88   95   91 269 -335  1
3856500 2933500  5 15  8   9.6 1022 286  4.5 3  5.5  80  233  113 268 -350  1
3856500 2933500  5 15  9   9.9 1022 300  4.5 4  5.5  74  223  203 272 -369  1
3856500 2933500  5 15 10  10.6 1023 261  6.5 4  5.3  69  367  204 278 -387  1
3856500 2933500  5 15 11  11.6 1023 330  8.6 4  5.1  62  303  282 282 -398  1
3856500 2933500  5 15 12  11.9 1023 310  6.1 3  5.1  60  367  286 282 -395  1
3856500 2933500  5 15 13  12.1 1023 326  6.8 5  5.2  60  289  317 288 -394  1
3856500 2933500  5 15 14  12.8 1023 302  7.5 4  4.8  54  303  294 294 -403  1
3856500 2933500  5 15 15  12.6 1023 313  7.7 3  4.7  52  494  166 289 -408  1
3856500 2933500  5 15 16  12.4 1023 300  6.2 3  4.6  51  506   95 285 -405  1
3856500 2933500  5 15 17  12.2 1023 304  5.7 2  4.5  51  361   97 281 -398  1
3856500 2933500  5 15 18  11.6 1023 323  5.2 2  4.6  53  295   51 276 -389  1
3856500 2933500  5 15 19  11.0 1023 327  4.1 1  4.6  56  149   53 270 -378  1
3856500 2933500  5 15 20   9.2 1023 343  2.4 1  4.7  62   41   26 262 -365  1
3856500 2933500  5 15 21   6.5 1023 322  1.9 1  4.6  71    0    3 253 -353  1
3856500 2933500  5 15 22   4.4 1023 355  1.2 1  4.5  81    0    0 244 -343  1
3856500 2933500  5 15 23   3.8 1023 291  1.1 1  4.4  87    0    0 239 -336  1
3856500 2933500  5 15 24   2.8 1023 352  1.0 1  4.3  90    0    0 236 -332  1
3856500 2933500  5 16  1   2.3 1023 243  1.4 0  4.3  94    0    0 230 -328  1
3856500 2933500  5 16  2   1.6 1022 161  1.5 0  4.2  97    0    0 224 -324  1
3856500 2933500  5 16  3   1.7 1022 151  1.5 0  4.1  98    0    0 223 -322  1
3856500 2933500  5 16  4   1.1 1021  98  1.3 0  4.1  98    0    0 221 -320  1
3856500 2933500  5 16  5   0.9 1021  99  1.5 1  4.0  99    0    0 223 -319  1
3856500 2933500  5 16  6   2.2 1021 172  1.6 1  4.2 100   29   43 227 -319  1
3856500 2933500  5 16  7   6.2 1021 164  2.0 1  4.9  96  150   77 233 -326  1
3856500 2933500  5 16  8   8.9 1021 177  2.7 2  5.3  83  324   75 244 -344  1
3856500 2933500  5 16  9  10.9 1021 184  2.6 3  5.2  69  485   68 258 -368  1
3856500 2933500  5 16 10  11.9 1020 152  2.0 2  5.2  63  551  105 266 -396  1
3856500 2933500  5 16 11  12.5 1020 188  2.4 2  5.3  60  480  208 267 -422  1
3856500 2933500  5 16 12  13.1 1019  72  2.2 4  5.1  56  229  340 277 -442  1
3856500 2933500  5 16 13  14.2 1019 100  1.6 5  4.8  50  222  340 292 -455  1
3856500 2933500  5 16 14  13.8 1018  63  2.9 5  4.9  49  184  327 298 -444  1
3856500 2933500  5 16 15  14.1 1018  63  3.0 6  5.0  50  206  292 301 -436  1
3856500 2933500  5 16 16  14.3 1017  80  3.6 4  5.0  50  289  221 299 -438  1
3856500 2933500  5 16 17  14.2 1017  88  3.2 5  5.0  50  197  183 296 -422  1
3856500 2933500  5 16 18  13.3 1016  75  3.2 4  5.0  51  190  107 295 -404  1
3856500 2933500  5 16 19  12.2 1016  73  3.1 5  5.0  55   95   67 293 -390  1
3856500 2933500  5 16 20  10.7 1016  64  4.1 6  5.1  61   22   26 295 -378  1
3856500 2933500  5 16 21   9.4 1015  81  4.2 7  5.1  67    0    2 296 -368  1
3856500 2933500  5 16 22   8.9 1015  73  4.2 7  4.9  68    0    0 295 -363  1
3856500 2933500  5 16 23   8.2 1015  74  3.9 7  4.8  70    0    0 295 -361  1
3856500 2933500  5 16 24   8.6 1015  91  4.2 8  4.8  70    0    0 299 -360  1
3856500 2933500  5 17  1   8.8 1014  84  3.9 8  4.9  70    0    0 304 -359  1
3856500 2933500  5 17  2   9.7 1014  77  4.2 8  5.0  68    0    0 308 -359  1
3856500 2933500  5 17  3   9.3 1013  83  3.8 7  5.1  70    0    0 309 -358  1
3856500 2933500  5 17  4   9.4 1012 127  4.1 7  5.3  72    0    0 310 -357  1
3856500 2933500  5 17  5   8.9 1012 106  3.6 7  5.4  74    0    0 312 -358  1
3856500 2933500  5 17  6   9.2 1011 118  4.0 7  5.5  77    0    7 315 -359  1
3856500 2933500  5 17  7  10.0 1011 130  4.4 8  5.7  77    0   43 320 -363  1
3856500 2933500  5 17  8  11.5 1011 134  5.3 7  6.0  75    3  142 325 -373  1
3856500 2933500  5 17  9  13.9 1010 140  4.6 7  6.3  69   45  264 330 -386  1
3856500 2933500  5 17 10  16.1 1010 131  4.1 7  6.5  61   59  323 340 -401  1
3856500 2933500  5 17 11  16.4 1010 155  4.2 8  6.4  56   29  326 350 -415  1
3856500 2933500  5 17 12  17.1 1010 193  4.3 6  6.3  53   97  389 353 -418  1
3856500 2933500  5 17 13  17.2 1010 212  3.8 7  6.3  52   15  304 355 -409  1
3856500 2933500  5 17 14  16.4 1010 196  3.9 7  6.3  53    0  168 358 -408  1
3856500 2933500  5 17 15  16.6 1010 213  3.9 7  6.3  54    0  129 356 -409  1
3856500 2933500  5 17 16  16.1 1010 186  4.7 7  6.5  56    0  129 356 -407  1
3856500 2933500  5 17 17  16.2 1010 204  4.2 7  6.7  59    4  174 355 -412  1
3856500 2933500  5 17 18  16.2 1010 204  3.4 6  7.0  60   31  153 350 -413  1
3856500 2933500  5 17 19  15.9 1010 285  3.9 6  7.4  64   21   87 346 -408  1
3856500 2933500  5 17 20  14.3 1010 178  1.8 6  7.5  70   19   37 342 -397  1
3856500 2933500  5 17 21  12.7 1010 119  3.0 5  7.5  77    0    3 332 -386  1
3856500 2933500  5 17 22  11.4 1010 154  3.4 4  7.4  84    0    0 319 -380  1
3856500 2933500  5 17 23  11.5 1010 143  3.5 4  7.4  88    0    0 312 -378  1
3856500 2933500  5 17 24  11.1 1010 142  4.0 5  7.4  88    0    0 318 -378  1
3856500 2933500  5 18  1  11.1 1010 163  4.9 6  7.3  88    0    0 330 -378  1
3856500 2933500  5 18  2  11.2 1009 144  4.2 7  7.4  89    0    0 340 -379  1
3856500 2933500  5 18  3  11.4 1009 177  5.4 8  7.4  88    0    0 349 -381  1
3856500 2933500  5 18  4  11.8 1008 181  4.3 8  7.6  89    0    0 355 -383  1
3856500 2933500  5 18  5  12.2 1008 174  5.7 7  7.9  90    0    0 351 -383  1
3856500 2933500  5 18  6  12.2 1008 196  5.6 7  8.2  92    0   19 347 -382  1
3856500 2933500  5 18  7  12.6 1008 217  5.9 5  8.3  92   42  103 338 -385  1
3856500 2933500  5 18  8  13.5 1009 240  6.9 6  8.3  88   39  174 334 -389  1
3856500 2933500  5 18  9  14.0 1009 250  6.5 4  8.0  82  221  210 332 -393  1
3856500 2933500  5 18 10  15.3 1010 252  6.7 4  7.7  73  333  230 329 -395  1
3856500 2933500  5 18 11  15.9 1010 228  6.9 4  7.3  66  270  300 335 -405  1
3856500 2933500  5 18 12  16.3 1011 244  7.8 5  7.1  62  135  341 341 -412  1
3856500 2933500  5 18 13  16.4 1011 246  6.7 6  7.2  62   92  336 350 -414  1
3856500 2933500  5 18 14  16.6 1011 232  6.3 7  7.4  63  104  317 358 -420  1
3856500 2933500  5 18 15  17.9 1011 233  6.2 6  7.5  61   73  282 360 -420  1
3856500 2933500  5 18 16  16.7 1011 236  6.0 8  7.3  59    1  186 360 -416  1
3856500 2933500  5 18 17  15.5 1011 235  5.3 8  7.4  65    2  159 364 -417  1
3856500 2933500  5 18 18  15.1 1011 207  7.1 6  7.8  72   40  138 353 -414  1
3856500 2933500  5 18 19  15.4 1011 202  3.7 4  8.0  74   74   72 335 -405  1
3856500 2933500  5 18 20  14.1 1011 192  3.8 6  8.0  76    8   25 332 -397  1
3856500 2933500  5 18 21  12.9 1011 160  3.6 7  7.9  82    0    0 342 -392  1
3856500 2933500  5 18 22  12.8 1011 139  3.4 7  7.9  85    0    0 345 -383  1
3856500 2933500  5 18 23  12.6 1011 176  4.4 7  8.0  87    0    0 345 -373  1
3856500 2933500  5 18 24  12.3 1010 208  3.6 7  8.1  90    0    0 344 -368  1
3856500 2933500  5 19  1  12.1 1011 213  3.8 8  8.3  93    0    0 350 -365  1
3856500 2933500  5 19  2  11.4 1010 214  4.4 8  8.1  94    0    0 355 -364  1
3856500 2933500  5 19  3  11.1 1010 195  4.2 8  7.9  94    0    0 353 -362  1
3856500 2933500  5 19  4  11.0 1010 214  4.3 7  7.8  95    0    0 348 -360  1
3856500 2933500  5 19  5  11.0 1010 220  4.2 6  7.7  94    0    2 337 -359  1
3856500 2933500  5 19  6  11.2 1010 221  4.2 6  7.7  93    7   44 331 -361  1
3856500 2933500  5 19  7  12.1 1010 227  4.5 5  7.9  92   39  116 324 -368  1
3856500 2933500  5 19  8  12.7 1010 233  5.8 5  8.0  88   43  195 319 -379  1
3856500 2933500  5 19  9  13.4 1010 227  5.8 6  8.1  86   21  237 327 -393  1
3856500 2933500  5 19 10  14.1 1011 229  5.8 6  8.0  82   51  313 336 -408  1
3856500 2933500  5 19 11  14.8 1010 235  5.5 6  8.0  78   86  360 340 -422  1
3856500 2933500  5 19 12  15.0 1010 260  5.1 6  8.1  76   96  379 345 -431  1
3856500 2933500  5 19 13  15.2 1010 241  4.5 6  8.1  76   71  366 350 -435  1
3856500 2933500  5 19 14  15.6 1009 238  4.3 6  8.1  74   61  344 351 -429  1
3856500 2933500  5 19 15  15.1 1009 298  1.6 7  8.0  73   21  282 354 -427  1
3856500 2933500  5 19 16  15.7 1008 262  2.4 7  8.2  74    1  194 356 -430  1
3856500 2933500  5 19 17  14.7 1007 310  1.7 8  8.4  77    0  107 358 -419  1
3856500 2933500  5 19 18  13.4 1007  79  2.7 7  8.5  84    0   57 352 -409  1
3856500 2933500  5 19 19  12.2 1007 156  2.8 7  8.5  91    0   32 344 -406  1
3856500 2933500  5 19 20  11.9 1006 180  3.6 8  8.3  94    0    8 346 -398  1
3856500 2933500  5 19 21  11.7 1006 281  5.4 8  8.3  95    0    0 350 -390  1
3856500 2933500  5 19 22  11.3 1007 286  2.9 8  8.2  96    0    0 349 -385  1
3856500 2933500  5 19 23  11.1 1007 228  3.1 8  8.1  96    0    0 347 -381  1
3856500 2933500  5 19 24  11.0 1007 251  4.6 8  7.8  94    0    0 345 -379  1
3856500 2933500  5 20  1  10.6 1008 230  4.5 6  7.6  93    0    0 335 -377  1
3856500 2933500  5 20  2  10.5 1008 229  5.0 6  7.4  92    0    0 326 -374  1
3856500 2933500  5 20  3  10.1 1008 208  4.6 5  7.2  91    0    0 321 -370  1
3856500 2933500  5 20  4   9.6 1008 241  5.9 6  6.9  91    0    0 320 -369  1
3856500 2933500  5 20  5   9.8 1008 234  5.5 6  6.8  90    0    5 323 -369  1
3856500 2933500  5 20  6   9.9 1008 227  5.7 4  6.8  89   21   48 313 -371  1
3856500 2933500  5 20  7  10.5 1009 225  6.3 5  6.7  86   61  109 308 -374  1
3856500 2933500  5 20  8  11.1 1010 220  7.1 3  6.6  81  226  141 304 -377  1
3856500 2933500  5 20  9  11.9 1010 227  7.1 4  6.4  75  260  215 301 -380  1
3856500 2933500  5 20 10  13.1 1010 235  8.1 4  6.2  68  187  302 308 -380  1
3856500 2933500  5 20 11  13.4 1011 228  8.8 4  6.0  63  138  347 310 -383  1
3856500 2933500  5 20 12  12.8 1011 214  8.9 3  5.9  63  289  349 306 -395  1
3856500 2933500  5 20 13  14.0 1011 220  8.3 4  6.0  62  172  368 308 -404  1
3856500 2933500  5 20 14  14.5 1011 211  9.2 4  5.8  58  201  350 313 -409  1
3856500 2933500  5 20 15  12.8 1011 221  8.8 5  5.9  60   78  311 312 -414  1
3856500 2933500  5 20 16  11.5 1011 230  9.3 6  6.1  69   80  277 312 -411  1
3856500 2933500  5 20 17  11.3 1011 210  8.2 8  6.4  76    0   84 321 -402  1
3856500 2933500  5 20 18  10.4 1011 226  7.6 7  6.6  81    3  117 323 -397  1
3856500 2933500  5 20 19  10.1 1012 228  5.8 7  6.6  85    0   47 321 -391  1
3856500 2933500  5 20 20  10.2 1012 218  5.0 7  6.7  86   25   32 322 -384  1
3856500 2933500  5 20 21   9.9 1012 207  4.9 7  6.7  87    0    1 324 -378  1
3856500 2933500  5 20 22  10.0 1012 220  4.9 8  6.9  90    0    0 330 -370  1
3856500 2933500  5 20 23  10.0 1012 237  5.0 8  7.0  91    0    0 337 -364  1
3856500 2933500  5 20 24  10.4 1013 242  5.4 7  7.1  92    0    0 333 -360  1
3856500 2933500  5 21  1  10.6 1013 263  4.9 4  7.2  90    0    0 314 -358  1
3856500 2933500  5 21  2  10.8 1013 251  4.9 5  7.1  89    0    0 304 -356  1
3856500 2933500  5 21  3  10.7 1014 246  5.2 6  7.2  89    0    0 315 -354  1
3856500 2933500  5 21  4  10.4 1014 237  4.3 6  7.1  90    0    0 321 -353  1
3856500 2933500  5 21  5  10.5 1014 234  3.8 7  7.1  90    0    0 325 -354  1
3856500 2933500  5 21  6  10.9 1015 226  3.7 7  7.3  90    0   13 332 -357  1
3856500 2933500  5 21  7  11.5 1015 234  4.0 7  7.5  90    0   53 335 -362  1
3856500 2933500  5 21  8  11.8 1016 228  3.9 7  7.6  89   27  159 338 -369  1
3856500 2933500  5 21  9  12.4 1017 251  4.5 7  7.6  86  154  203 340 -377  1
3856500 2933500  5 21 10  13.2 1017 254  4.8 4  7.5  82  542   80 330 -386  1
3856500 2933500  5 21 11  12.1 1017 253  5.4 2  7.3  80  555  165 315 -395  1
3856500 2933500  5 21 12  12.1 1018 255  4.8 6  7.2  82   46  311 325 -402  1
3856500 2933500  5 21 13  13.8 1018 254  5.7 7  7.3  78    1  251 343 -410  1
3856500 2933500  5 21 14  13.8 1019 259  5.9 7  7.5  77    9  268 344 -413  1
3856500 2933500  5 21 15  13.5 1019 252  5.5 6  7.8  80    4  233 336 -416  1
3856500 2933500  5 21 16  15.0 1020 268  5.6 7  7.8  77    1  186 335 -416  1
3856500 2933500  5 21 17  14.4 1020 290  5.1 7  7.9  76    4  165 340 -409  1
3856500 2933500  5 21 18  13.6 1020 305  5.1 7  7.6  77    0   84 337 -402  1
3856500 2933500  5 21 19  12.7 1021 291  4.7 7  7.3  78   12   73 336 -393  1
3856500 2933500  5 21 20  12.3 1021 265  3.0 6  7.3  81    0   16 333 -382  1
3856500 2933500  5 21 21  12.0 1021 269  2.1 7  7.3  83    0    0 333 -369  1
3856500 2933500  5 21 22  11.1 1022 234  2.4 7  7.3  87    0    0 336 -361  1
3856500 2933500  5 21 23  11.3 1022 242  2.5 7  7.2  88    0    0 337 -356  1
3856500 2933500  5 21 24  11.2 1022 233  2.8 7  7.1  86    0    0 338 -353  1
3856500 2933500  5 22  1   9.8 1022 217  3.2 7  6.9  88    0    0 336 -350  1
3856500 2933500  5 22  2   9.5 1022 207  3.0 8  6.8  92    0    0 341 -347  1
3856500 2933500  5 22  3   9.6 1022 190  3.1 8  6.9  93    0    0 346 -345  1
3856500 2933500  5 22  4   9.3 1022 188  3.2 8  6.9  94    0    0 348 -344  1
3856500 2933500  5 22  5   9.5 1021 185  3.2 8  6.9  95    0    0 350 -343  1
3856500 2933500  5 22  6  10.0 1021 182  3.3 8  7.1  94    0   10 352 -345  1
3856500 2933500  5 22  7  11.0 1021 181  3.2 7  7.3  93    2   90 350 -353  1
3856500 2933500  5 22  8  12.2 1021 197  3.6 8  7.6  89    1  133 354 -368  1
3856500 2933500  5 22  9  12.7 1021 191  4.1 8  7.7  86    0  170 361 -388  1
3856500 2933500  5 22 10  13.1 1021 185  4.7 8  7.7  83    0  218 363 -409  1
3856500 2933500  5 22 11  13.0 1020 178  4.9 8  7.7  82    0  166 364 -423  1
3856500 2933500  5 22 12  13.2 1020 191  5.1 8  7.9  84    0  143 364 -425  1
3856500 2933500  5 22 13  13.6 1020 202  5.1 7  8.2  86    0  199 361 -411  1
3856500 2933500  5 22 14  13.6 1020 172  4.1 8  8.5  88    0  162 361 -399  1
3856500 2933500  5 22 15  13.7 1019 199  4.5 8  8.9  92    0  114 366 -397  1
3856500 2933500  5 22 16  14.4 1019 183  3.6 7  9.3  93    0  155 363 -397  1
3856500 2933500  5 22 17  14.9 1019 220  4.1 7  9.6  92    0  137 360 -396  1
3856500 2933500  5 22 18  15.1 1018 226  4.3 7  9.7  91    0   75 361 -393  1
3856500 2933500  5 22 19  14.5 1018 220  4.0 7  9.7  92    0   52 358 -390  1
3856500 2933500  5 22 20  14.2 1018 222  4.2 8  9.6  94    0   19 360 -387  1
3856500 2933500  5 22 21  14.0 1017 219  4.5 8  9.6  95    0    0 363 -385  1
3856500 2933500  5 22 22  13.9 1017 204  4.7 8  9.5  96    0    0 362 -385  1
3856500 2933500  5 22 23  13.9 1016 216  5.6 8  9.4  95    0    0 361 -385  1
3856500 2933500  5 22 24  13.5 1015 229  5.1 8  9.0  92    0    0 359 -384  1
3856500 2933500  5 23  1  12.8 1015 222  5.8 7  8.4  89    0    0 352 -383  1
3856500 2933500  5 23  2  12.2 1014 227  5.8 7  8.2  90    0    0 343 -383  1
3856500 2933500  5 23  3  12.1 1013 229  6.2 7  8.2  93    0    0 341 -383  1
3856500 2933500  5 23  4  12.0 1013 228  5.8 8  8.2  93    0    0 346 -382  1
3856500 2933500  5 23  5  11.9 1012 236  5.6 8  8.2  94    0    0 351 -381  1
3856500 2933500  5 23  6  12.1 1012 231  5.2 8  8.3  95    0   11 351 -380  1
3856500 2933500  5 23  7  12.5 1012 231  5.5 7  8.4  94    0   43 344 -378  1
3856500 2933500  5 23  8  12.5 1012 229  5.2 7  8.5  94    0   73 338 -377  1
3856500 2933500  5 23  9  12.5 1012 225  5.7 8  8.6  95    0  113 345 -377  1
3856500 2933500  5 23 10  12.8 1012 226  6.1 8  8.6  94    0  113 353 -378  1
3856500 2933500  5 23 11  13.1 1012 225  5.3 8  8.8  94    0  141 354 -380  1
3856500 2933500  5 23 12  13.2 1011 226  4.8 8  8.9  94    0  150 356 -383  1
3856500 2933500  5 23 13  13.4 1011 234  6.7 8  9.0  94    0  194 355 -387  1
3856500 2933500  5 23 14  13.6 1011 236  6.2 7  8.9  92    0  231 351 -391  1
3856500 2933500  5 23 15  14.2 1011 217  5.7 7  8.8  88    0  189 349 -392  1
3856500 2933500  5 23 16  14.1 1011 214  4.7 7  8.8  87  123  184 348 -390  1
3856500 2933500  5 23 17  14.7 1011 210  4.1 7  8.7  85   64  165 346 -387  1
3856500 2933500  5 23 18  15.0 1011 220  4.0 7  8.5  81   12  116 344 -384  1
3856500 2933500  5 23 19  14.6 1011 226  3.7 8  8.4  80    0   39 345 -382  1
3856500 2933500  5 23 20  14.1 1011 230  3.5 7  8.1  79    0   17 343 -381  1
3856500 2933500  5 23 21  13.1 1011 184  3.1 7  7.8  80    0    0 338 -380  1
3856500 2933500  5 23 22  12.3 1011 168  2.8 8  7.9  86    0    0 337 -377  1
3856500 2933500  5 23 23  12.2 1010 173  3.1 8  8.0  89    0    0 340 -376  1
3856500 2933500  5 23 24  12.0 1010 144  2.8 8  8.1  92    0    0 340 -376  1
3856500 2933500  5 24  1  12.1 1009 132  2.4 7  8.3  94    0    0 337 -376  1
3856500 2933500  5 24  2  12.1 1009 147  2.4 7  8.4  95    0    0 335 -376  1
3856500 2933500  5 24  3  12.2 1008 178  2.4 7  8.5  96    0    0 335 -377  1
3856500 2933500  5 24  4  11.9 1008 115  1.8 7  8.4  95    0    0 335 -377  1
3856500 2933500  5 24  5  11.4 1008 129  0.8 7  8.2  96    0    0 334 -377  1
3856500 2933500  5 24  6  11.8 1007 175  1.2 6  8.3  97    2   45 332 -378  1
3856500 2933500  5 24  7  12.5 1007 223  1.4 7  8.6  96    0   51 333 -382  1
3856500 2933500  5 24  8  12.9 1007 222  1.9 8  8.7  94    0   64 340 -393  1
3856500 2933500  5 24  9  13.2 1008 195  2.7 8  8.8  93    0   87 345 -406  1
3856500 2933500  5 24 10  13.5 1008 159  2.5 8  9.1  94    0  113 348 -418  1
3856500 2933500  5 24 11  14.2 1008 149  3.3 7  9.4  94    0  159 348 -428  1
3856500 2933500  5 24 12  14.6 1008 156  4.0 8  9.6  93    0  164 353 -431  1
3856500 2933500  5 24 13  15.0 1008 178  4.6 8  9.8  92    0  237 358 -435  1
3856500 2933500  5 24 14  15.8 1008 154  4.1 8  9.9  90   13  318 362 -435  1
3856500 2933500  5 24 15  16.7 1008 170  3.9 6 10.2  88   57  360 359 -422  1
3856500 2933500  5 24 16  17.0 1008 167  2.7 7 10.4  86   14  266 359 -410  1
3856500 2933500  5 24 17  15.7 1008 222  2.8 7 10.1  86    0  146 359 -404  1
3856500 2933500  5 24 18  16.4 1008 283  2.6 7  9.9  86    1  124 356 -399  1
3856500 2933500  5 24 19  15.2 1009 293  2.3 6  9.8  87    5   84 350 -397  1
3856500 2933500  5 24 20  14.3 1009 327  2.2 7  9.6  91    2   31 346 -394  1
3856500 2933500  5 24 21  14.0 1009  65  1.6 8  9.5  93    0    0 348 -384  1
3856500 2933500  5 24 22  13.6 1009  54  1.6 8  9.4  94    0    0 347 -377  1
3856500 2933500  5 24 23  12.9 1009  45  1.5 8  9.2  96    0    0 343 -373  1
3856500 2933500  5 24 24  13.2 1009 229  2.0 8  9.2  97    0    0 342 -372  1
3856500 2933500  5 25  1  13.0 1010 248  1.9 7  9.2  97    0    0 339 -371  1
3856500 2933500  5 25  2  12.7 1010  84  2.1 6  9.1  98    0    0 333 -372  1
3856500 2933500  5 25  3  13.0 1010 187  2.0 7  9.1  98    0    0 335 -372  1
3856500 2933500  5 25  4  13.2 1011 115  2.9 7  9.3  98    0    0 341 -374  1
3856500 2933500  5 25  5  13.1 1010 128  2.1 8  9.3  98    0    8 346 -374  1
3856500 2933500  5 25  6  13.2 1010 162  1.8 8  9.4  99    2   42 351 -375  1
3856500 2933500  5 25  7  13.4 1010 148  2.4 8  9.5  99    0   23 354 -378  1
3856500 2933500  5 25  8  13.8 1010 160  2.8 8  9.5  97    0   48 357 -382  1
3856500 2933500  5 25  9  14.1 1011 184  3.3 7  9.5  95    0   96 356 -386  1
3856500 2933500  5 25 10  14.7 1011 183  2.9 6  9.5  92   34  313 350 -391  1
3856500 2933500  5 25 11  15.6 1011 258  3.8 5  9.3  86  146  402 346 -394  1
3856500 2933500  5 25 12  17.0 1012 227  4.5 4  9.2  79  153  428 345 -396  1
3856500 2933500  5 25 13  17.9 1012 236  5.1 5  8.7  70  214  438 351 -396  1
3856500 2933500  5 25 14  18.6 1013 225  5.3 4  8.3  63  269  415 353 -394  1
3856500 2933500  5 25 15  18.9 1013 226  5.7 5  8.1  60  204  342 356 -395  1
3856500 2933500  5 25 16  17.7 1013 250  6.0 5  8.0  61  116  333 356 -392  1
3856500 2933500  5 25 17  16.1 1014 263  6.7 4  8.1  68  120  264 347 -388  1
3856500 2933500  5 25 18  14.4 1015 281  6.6 5  8.0  74   63  179 337 -386  1
3856500 2933500  5 25 19  14.4 1016 285  5.3 7  7.8  76    7   88 343 -384  1
3856500 2933500  5 25 20  13.2 1017 296  3.8 5  7.6  78    7   36 338 -382  1
3856500 2933500  5 25 21  11.6 1017 290  2.9 5  7.3  82    0    6 321 -380  1
3856500 2933500  5 25 22  10.6 1018 257  2.4 4  7.1  86    0    0 310 -378  1
3856500 2933500  5 25 23   8.9 1018 272  2.1 3  6.8  91    0    0 294 -376  1
3856500 2933500  5 25 24   8.5 1019 187  1.6 3  6.6  94    0    0 283 -374  1
3856500 2933500  5 26  1   8.5 1019 181  2.0 2  6.5  95    0    0 279 -373  1
3856500 2933500  5 26  2   8.4 1019 251  1.8 4  6.5  95    0    0 284 -371  1
3856500 2933500  5 26  3   9.5 1020 198  2.0 6  6.8  95    0    0 306 -369  1
3856500 2933500  5 26  4   8.7 1020 194  2.2 6  6.9  96    0    0 319 -368  1
3856500 2933500  5 26  5   8.4 1020 205  1.8 3  6.6  96    0    5 301 -367  1
3856500 2933500  5 26  6   8.5 1021 241  2.2 2  6.7  98   23   54 279 -370  1
3856500 2933500  5 26  7  10.7 1021 240  2.4 3  7.2  97   66  113 282 -376  1
3856500 2933500  5 26  8  12.6 1022 228  2.8 3  7.7  91  187  157 294 -387  1
3856500 2933500  5 26  9  14.0 1022 239  3.0 2  7.8  82  428  116 294 -402  1
3856500 2933500  5 26 10  15.3 1023 212  2.7 3  7.8  75  454  179 301 -417  1
3856500 2933500  5 26 11  16.2 1023 247  4.0 2  7.6  69  544  184 309 -431  1
3856500 2933500  5 26 12  17.0 1024 256  3.8 3  7.2  62  489  250 318 -442  1
3856500 2933500  5 26 13  18.4 1024 270  3.1 3  7.0  56  446  282 329 -451  1
3856500 2933500  5 26 14  18.7 1024 291  3.6 3  6.8  52  495  236 333 -459  1
3856500 2933500  5 26 15  18.4 1024 320  3.0 3  6.8  52  509  154 334 -461  1
3856500 2933500  5 26 16  18.8 1024 350  3.1 2  7.0  53  445  149 330 -456  1
3856500 2933500  5 26 17  18.8 1024 360  3.5 2  7.4  55  393  102 325 -444  1
3856500 2933500  5 26 18  17.4 1024  11  5.0 1  7.4  58  297   69 316 -428  1
3856500 2933500  5 26 19  16.2 1024  35  4.4 1  7.2  61  142   65 305 -412  1
3856500 2933500  5 26 20  14.4 1024  39  3.1 1  7.3  68   32   36 298 -398  1
3856500 2933500  5 26 21  12.5 1025  56  2.2 2  7.3  76    1    6 295 -386  1
3856500 2933500  5 26 22  11.3 1025  59  2.1 3  7.1  82    0    0 300 -379  1
3856500 2933500  5 26 23   9.2 1026 334  1.4 3  6.9  89    0    0 299 -375  1
3856500 2933500  5 26 24   8.4 1026 251  1.2 0  6.6  95    0    0 281 -373  1
3856500 2933500  5 27  1   7.9 1026  62  0.9 1  6.3  95    0    0 269 -373  1
3856500 2933500  5 27  2   7.6 1026  17  1.2 2  6.2  96    0    0 277 -372  1
3856500 2933500  5 27  3   7.2 1026  78  1.0 2  6.1  97    0    0 280 -370  1
3856500 2933500  5 27  4   6.7 1026   4  1.1 1  6.0  98    0    0 270 -366  1
3856500 2933500  5 27  5   6.4 1026 334  0.7 2  5.9  98    0    0 264 -361  1
3856500 2933500  5 27  6   8.5 1026 352  0.7 3  6.2  98    0   32 275 -361  1
3856500 2933500  5 27  7  12.1 1027  68  1.9 4  7.3  94   20  112 292 -369  1
3856500 2933500  5 27  8  14.5 1027  88  2.5 4  7.9  83  135  181 306 -384  1
3856500 2933500  5 27  9  16.8 1027 103  2.8 3  7.5  69  370  158 305 -403  1
3856500 2933500  5 27 10  17.9 1027  88  2.7 4  7.1  58  484  171 309 -421  1
3856500 2933500  5 27 11  18.3 1027  29  2.7 5  7.1  56  469  239 324 -440  1
3856500 2933500  5 27 12  18.8 1027  21  2.5 4  7.2  55  506  252 327 -460  1
3856500 2933500  5 27 13  19.0 1027  58  2.7 4  7.5  56  402  314 325 -473  1
3856500 2933500  5 27 14  18.9 1027  23  2.5 5  7.9  58  232  359 332 -481  1
3856500 2933500  5 27 15  18.9 1027  36  4.3 7  7.9  58  145  323 346 -481  1
3856500 2933500  5 27 16  19.0 1027  30  5.2 5  7.7  57  149  276 347 -462  1
3856500 2933500  5 27 17  17.7 1027  36  5.3 3  7.3  56  227  195 326 -441  1
3856500 2933500  5 27 18  16.3 1026  39  4.5 4  6.7  56  258   96 316 -429  1
3856500 2933500  5 27 19  15.6 1026  38  4.0 5  6.7  60  120   77 323 -415  1
3856500 2933500  5 27 20  14.0 1026  34  3.2 7  7.1  68   29   38 334 -401  1
3856500 2933500  5 27 21  12.5 1027  35  2.9 6  7.3  78    1    7 331 -386  1
3856500 2933500  5 27 22  11.6 1027  17  3.1 4  7.2  83    0    0 312 -374  1
3856500 2933500  5 27 23  10.5 1027  23  2.8 4  6.9  86    0    0 300 -367  1
3856500 2933500  5 27 24  10.2 1027  32  2.4 3  6.7  87    0    0 293 -362  1
3856500 2933500  5 28  1  10.3 1027  47  2.7 3  6.8  89    0    0 290 -359  1
3856500 2933500  5 28  2   9.5 1027  23  2.0 3  6.8  91    0    0 289 -357  1
3856500 2933500  5 28  3   9.1 1027  46  2.1 4  6.7  93    0    0 291 -356  1
3856500 2933500  5 28  4   8.7 1027  29  1.9 6  6.7  96    0    0 303 -354  1
3856500 2933500  5 28  5   8.3 1027  27  1.6 5  6.6  97    0    5 308 -353  1
3856500 2933500  5 28  6  10.1 1027  15  1.9 4  6.9  97   21   54 303 -355  1
3856500 2933500  5 28  7  12.7 1027  30  2.2 2  7.7  93  112  109 295 -364  1
3856500 2933500  5 28  8  14.9 1027  45  2.5 1  8.1  84  261  127 289 -382  1
3856500 2933500  5 28  9  16.8 1026  43  2.8 1  8.0  72  437  117 292 -405  1
3856500 2933500  5 28 10  18.1 1026  35  2.7 2  7.7  63  606   93 301 -427  1
3856500 2933500  5 28 11  19.0 1026  27  2.9 2  7.4  56  717   85 309 -445  1
3856500 2933500  5 28 12  19.8 1026  32  3.3 2  7.3  52  636  174 312 -458  1
3856500 2933500  5 28 13  20.3 1026  40  3.5 3  7.2  50  455  285 318 -465  1
3856500 2933500  5 28 14  20.5 1026  40  3.2 2  7.2  49  434  278 320 -466  1
3856500 2933500  5 28 15  20.6 1025  36  3.3 4  7.6  51  426  170 327 -462  1
3856500 2933500  5 28 16  20.3 1025  26  3.9 4  8.2  55  247  240 337 -454  1
3856500 2933500  5 28 17  19.9 1024  41  3.7 3  8.0  55  208  201 332 -442  1
3856500 2933500  5 28 18  19.6 1024  31  4.3 2  7.7  54  224  111 323 -429  1
3856500 2933500  5 28 19  18.4 1023  34  4.0 1  7.9  58  124   75 313 -416  1
3856500 2933500  5 28 20  16.4 1023  31  3.0 1  8.0  65   42   39 304 -404  1
3856500 2933500  5 28 21  14.9 1023  22  2.5 2  8.0  73    1    6 301 -391  1
3856500 2933500  5 28 22  13.1 1023  40  2.8 2  8.0  81    0    0 299 -380  1
3856500 2933500  5 28 23  11.6 1023  72  2.4 1  7.8  88    0    0 289 -373  1
3856500 2933500  5 28 24  11.5 1023  92  2.5 1  7.6  91    0    0 283 -368  1
3856500 2933500  5 29  1  11.5 1023 112  3.1 1  7.5  89    0    0 281 -366  1
3856500 2933500  5 29  2  11.2 1023 113  3.4 0  7.3  88    0    0 276 -364  1
3856500 2933500  5 29  3  10.7 1023 114  3.5 0  7.0  87    0    0 271 -363  1
3856500 2933500  5 29  4  10.6 1023  98  2.8 0  6.9  87    0    0 269 -362  1
3856500 2933500  5 29  5  10.2 1022 100  2.9 0  6.8  87    0    7 267 -361  1
3856500 2933500  5 29  6  12.1 1022 106  2.8 0  6.8  83   41   62 268 -363  1
3856500 2933500  5 29  7  14.4 1022 110  3.6 0  7.0  74  149  107 271 -372  1
3856500 2933500  5 29  8  16.5 1022 107  3.2 0  7.2  67  277  137 276 -389  1
3856500 2933500  5 29  9  18.1 1022 115  4.0 0  7.5  61  416  153 281 -412  1
3856500 2933500  5 29 10  20.0 1022 107  3.5 0  7.8  57  540  163 288 -435  1
3856500 2933500  5 29 11  21.0 1022 107  3.7 0  7.8  52  627  174 294 -457  1
3856500 2933500  5 29 12  21.7 1021 106  3.8 1  7.5  48  687  176 302 -473  1
3856500 2933500  5 29 13  22.7 1021 110  3.7 1  7.4  44  707  173 310 -482  1
3856500 2933500  5 29 14  23.1 1021  94  3.6 1  7.8  45  687  164 315 -486  1
3856500 2933500  5 29 15  23.1 1020  94  2.9 1  8.1  46  642  141 318 -487  1
3856500 2933500  5 29 16  23.5 1020  89  3.7 1  8.0  45  576  113 318 -482  1
3856500 2933500  5 29 17  22.8 1019  72  4.2 0  8.0  46  438  109 314 -467  1
3856500 2933500  5 29 18  22.0 1019  63  4.8 0  8.4  50  295   98 308 -448  1
3856500 2933500  5 29 19  20.8 1018  45  5.1 0  8.6  54  155   79 303 -430  1
3856500 2933500  5 29 20  19.3 1018  48  3.9 0  8.6  59   51   45 298 -415  1
3856500 2933500  5 29 21  16.7 1018  43  3.5 0  8.4  66    2    8 291 -401  1
3856500 2933500  5 29 22  16.2 1018  46  3.9 1  8.3  72    0    0 288 -390  1
3856500 2933500  5 29 23  15.4 1018  43  3.1 0  8.4  76    0    0 286 -383  1
3856500 2933500  5 29 24  14.9 1018  57  3.0 1  8.7  81    0    0 285 -378  1
3856500 2933500  5 30  1  14.6 1018  60  2.8 3  8.9  85    0    0 294 -375  1
3856500 2933500  5 30  2  14.7 1018  70  2.2 4  8.9  86    0    0 304 -373  1
3856500 2933500  5 30  3  14.7 1018  86  2.2 5  8.8  84    0    0 311 -372  1
3856500 2933500  5 30  4  14.7 1017  48  2.2 5  8.5  82    0    0 315 -371  1
3856500 2933500  5 30  5  14.5 1017  42  2.3 5  8.3  80    0    6 314 -370  1
3856500 2933500  5 30  6  14.6 1017  32  2.1 4  8.3  81   29   63 311 -373  1
3856500 2933500  5 30  7  16.5 1017  57  2.7 2  8.7  79  115  122 305 -384  1
3856500 2933500  5 30  8  18.2 1017  55  2.7 1  9.0  73  225  168 302 -403  1
3856500 2933500  5 30  9  20.3 1017  60  2.6 1  9.3  67  344  202 308 -432  1
3856500 2933500  5 30 10  21.4 1017  51  3.4 2  9.6  63  450  227 319 -463  1
3856500 2933500  5 30 11  22.4 1017  81  3.5 2  9.9  60  521  250 328 -490  1
3856500 2933500  5 30 12  23.2 1016  94  3.3 2 10.0  58  575  257 334 -510  1
3856500 2933500  5 30 13  24.2 1016 159  2.9 3  9.9  54  593  256 341 -522  1
3856500 2933500  5 30 14  24.7 1016 215  3.2 3  9.8  51  527  272 349 -526  1
3856500 2933500  5 30 15  24.3 1015 162  2.1 3 10.4  54  162  345 352 -518  1
3856500 2933500  5 30 16  23.3 1015  16  3.7 4 10.9  59  358  239 352 -514  1
3856500 2933500  5 30 17  22.2 1015  19  6.0 6 10.3  60  168  238 355 -501  1
3856500 2933500  5 30 18  21.4 1014  18  4.8 5 10.3  63  146  163 354 -469  1
3856500 2933500  5 30 19  18.8 1014  11  5.4 4 10.1  69  119   93 342 -444  1
3856500 2933500  5 30 20  18.1 1014  24  3.6 7  9.6  72   42   47 341 -430  1
3856500 2933500  5 30 21  17.1 1014  15  3.5 7  9.6  76    1    8 347 -420  1
3856500 2933500  5 30 22  15.9 1015   8  3.2 5  9.5  81    0    0 339 -414  1
3856500 2933500  5 30 23  15.3 1015  18  3.4 5  9.3  84    0    0 332 -410  1
3856500 2933500  5 30 24  14.5 1014  20  3.0 5  9.2  87    0    0 332 -407  1
3856500 2933500  5 31  1  14.5 1014  17  2.6 4  9.2  89    0    0 329 -404  1
3856500 2933500  5 31  2  14.4 1014  26  3.5 4  9.4  91    0    0 327 -398  1
3856500 2933500  5 31  3  14.5 1014 357  3.0 5  9.6  93    0    0 331 -394  1
3856500 2933500  5 31  4  14.4 1014  14  4.1 6  9.6  93    0    0 337 -391  1
3856500 2933500  5 31  5  14.7 1013  15  3.7 4  9.6  92    0   13 335 -387  1
3856500 2933500  5 31  6  15.0 1014  23  3.4 4  9.5  90   17   60 329 -386  1
3856500 2933500  5 31  7  16.2 1014  26  3.6 3  9.6  86   43  128 327 -394  1
3856500 2933500  5 31  8  17.6 1014  23  4.4 2  9.7  80  149  201 325 -410  1
3856500 2933500  5 31  9  19.1 1014  28  4.7 2  9.7  73  312  226 327 -430  1
3856500 2933500  5 31 10  19.6 1014  20  4.7 0  9.6  68  444  240 325 -451  1
3856500 2933500  5 31 11  20.6 1014   9  4.6 0  9.6  65  547  247 325 -468  1
3856500 2933500  5 31 12  21.0 1014  16  4.6 0  9.6  62  614  248 330 -481  1
3856500 2933500  5 31 13  20.6 1014 359  5.0 0  9.8  64  640  242 332 -490  1
3856500 2933500  5 31 14  20.6 1014   1  5.3 1  9.7  64  627  228 335 -495  1
3856500 2933500  5 31 15  20.7 1014   1  5.6 1  9.2  60  313  269 336 -494  1
3856500 2933500  5 31 16  20.3 1014   2  6.1 0  8.9  59  208  287 332 -487  1
3856500 2933500  5 31 17  19.8 1014   5  5.3 0  8.8  60  395  153 325 -476  1
3856500 2933500  5 31 18  19.1 1014  12  5.0 0  9.0  64  270  127 321 -462  1
3856500 2933500  5 31 19  17.7 1014  20  4.9 0  9.0  68  145   94 314 -447  1
3856500 2933500  5 31 20  16.4 1014  22  3.9 1  8.9  74   52   51 310 -431  1
3856500 2933500  5 31 21  15.0 1014  22  3.1 1  8.8  79    3    9 308 -416  1
3856500 2933500  5 31 22  13.9 1015  20  2.5 1  8.6  84    0    0 303 -404  1
3856500 2933500  5 31 23  13.2 1015  65  2.5 2  8.4  86    0    0 293 -395  1
3856500 2933500  5 31 24  12.9 1015 127  2.7 3  8.1  86    0    0 287 -389  1
3856500 2933500  6  1  1  12.9 1019 201  3.2 4  7.8  83    0    0 343 -375  1
3856500 2933500  6  1  2  13.0 1018 260  3.4 5  7.6  81    0    0 335 -374  1
3856500 2933500  6  1  3  13.1 1018 299  3.4 6  7.5  79    0    0 325 -374  1
3856500 2933500  6  1  4  13.1 1018 294  3.0 6  7.5  80    0    0 328 -371  1
3856500 2933500  6  1  5  13.3 1017 292  3.1 7  7.6  80    0    0 340 -367  1
3856500 2933500  6  1  6  13.4 1018 309  2.5 8  7.7  81    0    8 352 -366  1
3856500 2933500  6  1  7  13.9 1018 265  2.9 7  7.9  82    0   48 352 -373  1
3856500 2933500  6  1  8  15.5 1018 293  2.8 7  8.1  78    1  136 348 -387  1
3856500 2933500  6  1  9  17.7 1018 325  3.3 6  8.0  68  102  249 348 -404  1
3856500 2933500  6  1 10  19.1 1018 322  2.1 5  7.8  59  236  274 343 -422  1
3856500 2933500  6  1 11  19.4 1018 314  3.6 6  7.7  55  216  319 344 -437  1
3856500 2933500  6  1 12  19.9 1018   3  3.9 6  7.8  55  172  343 353 -449  1
3856500 2933500  6  1 13  20.2 1018  11  5.4 7  7.7  53   80  340 359 -455  1
3856500 2933500  6  1 14  19.7 1018   3  5.0 8  7.4  51    0  197 361 -455  1
3856500 2933500  6  1 15  18.1 1018 306  5.7 8  7.7  57    0  158 358 -452  1
3856500 2933500  6  1 16  18.1 1018 290  4.9 7  8.1  63   48  253 350 -448  1
3856500 2933500  6  1 17  18.2 1018 335  5.6 7  8.2  63  158  202 345 -442  1
3856500 2933500  6  1 18  18.7 1018 327  4.1 5  8.1  61   65  154 337 -429  1
3856500 2933500  6  1 19  17.7 1018  29  4.8 4  8.0  62   31   93 325 -416  1
3856500 2933500  6  1 20  16.4 1018  67  3.5 6  8.1  67    3   32 326 -403  1
3856500 2933500  6  1 21  15.3 1018  75  3.1 6  7.9  70    0    1 331 -389  1
3856500 2933500  6  1 22  13.7 1018 120  2.4 4  7.8  76    0    0 320 -377  1
3856500 2933500  6  1 23  12.3 1018 145  2.0 3  7.7  83    0    0 301 -369  1
3856500 2933500  6  1 24  12.1 1018 110  1.7 2  7.6  86    0    0 289 -366  1
3856500 2933500  6  2  1  11.5 1018  79  1.5 3  7.6  90    0    0 295 -366  1
3856500 2933500  6  2  2  10.8 1018  79  1.6 2  7.6  92    0    0 288 -365  1
3856500 2933500  6  2  3  10.0 1018 121  2.7 3  7.4  94    0    0 287 -364  1
3856500 2933500  6  2  4   9.7 1018 114  2.4 4  7.2  95    0    0 295 -363  1
3856500 2933500  6  2  5  10.2 1017 121  4.1 4  7.3  96    0   11 300 -363  1
3856500 2933500  6  2  6  10.3 1017 171  4.1 7  7.6  98    0   25 316 -367  1
3856500 2933500  6  2  7  11.1 1018 163  4.9 8  8.0 100    0   71 338 -373  1
3856500 2933500  6  2  8  12.2 1018 170  4.0 6  8.1  95    1  143 336 -381  1
3856500 2933500  6  2  9  13.0 1018 146  3.9 6  8.1  89   19  247 330 -394  1
3856500 2933500  6  2 10  14.4 1018 146  3.7 6  8.2  84   68  334 335 -408  1
3856500 2933500  6  2 11  16.2 1018 149  3.5 5  8.3  76  234  374 338 -416  1
3856500 2933500  6  2 12  17.7 1018 125  3.4 4  8.2  69  460  314 340 -417  1
3856500 2933500  6  2 13  19.2 1018 120  3.0 3  8.2  62  526  288 345 -421  1
3856500 2933500  6  2 14  20.1 1017  89  3.8 3  8.0  56  388  337 349 -427  1
3856500 2933500  6  2 15  21.0 1017 129  3.7 4  7.7  51  282  336 352 -425  1
3856500 2933500  6  2 16  21.3 1017 147  3.9 3  7.5  48  294  274 349 -415  1
3856500 2933500  6  2 17  20.1 1017  87  3.5 3  7.6  50   83  247 341 -406  1
3856500 2933500  6  2 18  17.2 1017  78  4.7 4  8.3  62   53  178 338 -402  1
3856500 2933500  6  2 19  17.1 1017  72  3.7 3  9.2  75   59  111 333 -399  1
3856500 2933500  6  2 20  15.9 1017  61  4.3 7  9.1  78   17   48 340 -393  1
3856500 2933500  6  2 21  14.6 1017  40  2.6 7  8.8  82    0    6 352 -389  1
3856500 2933500  6  2 22  14.1 1018  58  2.6 6  8.7  85    0    0 343 -386  1
3856500 2933500  6  2 23  13.4 1018  93  2.4 6  8.4  85    0    0 336 -384  1
3856500 2933500  6  2 24  13.6 1018  70  2.3 6  8.1  84    0    0 332 -382  1
3856500 2933500  6  3  1  13.4 1018  66  1.9 6  8.1  84    0    0 332 -380  1
3856500 2933500  6  3  2  13.4 1018  71  2.0 6  7.9  83    0    0 332 -378  1
3856500 2933500  6  3  3  12.2 1018  72  2.8 5  7.7  83    0    0 324 -376  1
3856500 2933500  6  3  4  10.6 1018  82  2.5 4  7.4  88    0    0 310 -376  1
3856500 2933500  6  3  5  10.6 1018  84  2.6 4  7.2  90    0    0 300 -375  1
3856500 2933500  6  3  6  12.4 1018  65  2.5 3  7.2  85   21   59 297 -375  1
3856500 2933500  6  3  7  14.1 1018  90  3.4 2  7.2  76  143   93 290 -381  1
3856500 2933500  6  3  8  16.2 1019  54  2.9 3  7.4  69  210  144 296 -391  1
3856500 2933500  6  3  9  17.6 1019  73  3.1 3  7.5  63  359  147 310 -405  1
3856500 2933500  6  3 10  19.0 1019  30  3.6 2  7.4  57  601   74 311 -418  1
3856500 2933500  6  3 11  19.4 1019  46  4.8 3  7.3  53  610  128 316 -431  1
3856500 2933500  6  3 12  19.7 1019  29  4.4 6  7.6  54  219  351 339 -441  1
3856500 2933500  6  3 13  19.0 1020  25  5.3 7  8.2  59   60  357 358 -446  1
3856500 2933500  6  3 14  18.7 1020 356  5.6 7  8.6  64   53  335 357 -445  1
3856500 2933500  6  3 15  19.2 1020  14  6.7 7  8.8  65  164  313 356 -440  1
3856500 2933500  6  3 16  19.3 1020 352  7.7 5  8.3  60  350  196 347 -434  1
3856500 2933500  6  3 17  18.1 1020 358  8.0 6  7.4  55  103  221 338 -426  1
3856500 2933500  6  3 18  16.8 1020   4  7.4 6  7.1  58   26  156 339 -416  1
3856500 2933500  6  3 19  15.4 1021  15  4.8 8  7.7  68    0   28 346 -405  1
3856500 2933500  6  3 20  15.3 1021 336  4.3 7  8.2  76    0    9 349 -393  1
3856500 2933500  6  3 21  13.8 1022 306  3.6 7  8.2  80    0    1 343 -382  1
3856500 2933500  6  3 22  12.3 1022 313  3.1 6  8.1  87    0    0 334 -373  1
3856500 2933500  6  3 23  12.2 1022 318  3.2 6  8.0  90    0    0 326 -370  1
3856500 2933500  6  3 24  11.5 1023 314  2.7 7  7.9  92    0    0 330 -371  1
3856500 2933500  6  4  1  10.8 1023 331  2.6 6  7.7  94    0    0 329 -370  1
3856500 2933500  6  4  2  10.3 1024 356  1.9 5  7.5  95    0    0 318 -366  1
3856500 2933500  6  4  3  10.4 1024 331  2.0 4  7.4  95    0    0 308 -364  1
3856500 2933500  6  4  4   9.7 1024   1  2.2 4  7.2  95    0    0 302 -362  1
3856500 2933500  6  4  5   9.4 1024   9  2.3 3  7.1  97    0    9 295 -359  1
3856500 2933500  6  4  6  11.5 1025  25  2.5 3  7.3  94   37   65 294 -359  1
3856500 2933500  6  4  7  14.3 1025  55  3.2 1  7.6  82  145  109 291 -369  1
3856500 2933500  6  4  8  16.7 1026  39  2.2 0  7.6  70  283  131 283 -384  1
3856500 2933500  6  4  9  18.1 1026   1  2.2 0  7.5  61  425  141 285 -400  1
3856500 2933500  6  4 10  19.7 1026  10  3.0 0  7.1  53  560  141 292 -415  1
3856500 2933500  6  4 11  20.6 1026  17  3.7 1  6.6  45  664  139 303 -428  1
3856500 2933500  6  4 12  21.2 1026   7  4.2 1  5.9  39  614  207 311 -437  1
3856500 2933500  6  4 13  21.3 1026  12  4.3 3  5.5  35  439  311 320 -442  1
3856500 2933500  6  4 14  21.6 1025  32  4.5 3  5.2  33  631  187 325 -445  1
3856500 2933500  6  4 15  21.4 1025  24  4.9 3  4.9  31  514  210 322 -444  1
3856500 2933500  6  4 16  21.1 1025  22  4.7 5  4.9  32  248  274 323 -440  1
3856500 2933500  6  4 17  20.8 1025  24  5.2 6  5.0  33  215  215 329 -434  1
3856500 2933500  6  4 18  19.0 1025 355  4.7 6  5.0  35  111  169 329 -423  1
3856500 2933500  6  4 19  17.1 1024 350  4.8 6  5.4  43   49  108 323 -409  1
3856500 2933500  6  4 20  15.4 1024 327  3.5 7  6.0  53   42   48 321 -396  1
3856500 2933500  6  4 21  13.7 1024 288  3.5 7  6.7  66    0    5 319 -384  1
3856500 2933500  6  4 22  12.0 1025 304  3.4 7  7.2  79    0    0 312 -373  1
3856500 2933500  6  4 23  11.8 1025 299  2.9 7  7.4  86    0    0 305 -365  1
3856500 2933500  6  4 24  11.5 1024 303  2.3 8  7.5  89    0    0 305 -360  1
3856500 2933500  6  5  1  11.5 1024 236  1.5 8  7.5  89    0    0 305 -354  1
3856500 2933500  6  5  2  11.6 1023 206  1.7 8  7.5  89    0    0 302 -348  1
3856500 2933500  6  5  3  11.2 1023 213  2.0 8  7.5  90    0    0 300 -343  1
3856500 2933500  6  5  4  11.0 1022 199  2.5 8  7.6  93    0    0 298 -343  1
3856500 2933500  6  5  5  11.0 1021 206  2.6 8  7.7  95    0    3 298 -343  1
3856500 2933500  6  5  6  11.3 1021 218  3.0 8  7.8  95    0   28 298 -345  1
3856500 2933500  6  5  7  11.5 1021 218  3.4 7  8.0  96    0   34 295 -355  1
3856500 2933500  6  5  8  11.9 1020 212  4.3 7  8.1  94    0   55 293 -372  1
3856500 2933500  6  5  9  11.7 1020 209  5.0 7  8.1  94    0  114 294 -392  1
3856500 2933500  6  5 10  11.8 1019 217  4.6 8  8.1  95    0  137 299 -411  1
3856500 2933500  6  5 11  13.0 1019 229  4.5 7  8.4  94    0  204 306 -426  1
3856500 2933500  6  5 12  13.7 1018 250  5.2 7  8.8  93    0  202 311 -436  1
3856500 2933500  6  5 13  15.7 1018 265  5.4 6  9.2  89   45  376 317 -443  1
3856500 2933500  6  5 14  17.5 1017 259  5.3 5  9.4  80  112  393 323 -440  1
3856500 2933500  6  5 15  18.8 1017 302  4.6 6  9.3  72  113  357 334 -428  1
3856500 2933500  6  5 16  18.6 1016 294  6.1 3  8.8  66  350  256 335 -412  1
3856500 2933500  6  5 17  18.8 1016 294  6.6 3  8.3  62  376  161 335 -399  1
3856500 2933500  6  5 18  18.4 1016 290  5.5 3  7.8  58  258  131 343 -396  1
3856500 2933500  6  5 19  16.4 1015 293  4.6 5  7.8  63   76  112 353 -393  1
3856500 2933500  6  5 20  15.8 1015 288  3.8 7  8.1  71   10   48 361 -390  1
3856500 2933500  6  5 21  13.6 1015 274  4.3 7  8.4  81    0    4 364 -389  1
3856500 2933500  6  5 22  13.4 1015 264  4.9 7  8.7  90    0    0 361 -388  1
3856500 2933500  6  5 23  12.8 1015 277  4.7 7  8.5  90    0    0 360 -386  1
3856500 2933500  6  5 24  12.4 1015 291  4.4 7  8.3  91    0    0 356 -383  1
3856500 2933500  6  6  1  12.4 1014 294  4.2 7  8.1  91    0    0 353 -379  1
3856500 2933500  6  6  2  12.2 1014 299  4.5 7  8.1  90    0    0 353 -375  1
3856500 2933500  6  6  3  11.8 1014 301  4.4 7  8.0  91    0    0 351 -372  1
3856500 2933500  6  6  4  11.9 1014 310  4.4 7  8.0  92    0    0 350 -369  1
3856500 2933500  6  6  5  11.9 1014 299  4.0 7  7.9  91    0    6 349 -368  1
3856500 2933500  6  6  6  12.3 1014 308  4.7 6  7.9  90   33   70 343 -371  1
3856500 2933500  6  6  7  12.6 1014 317  5.2 3  7.9  88  113  130 317 -376  1
3856500 2933500  6  6  8  13.2 1014 315  5.4 5  8.0  86  107  210 306 -379  1
3856500 2933500  6  6  9  14.0 1015 325  5.6 6  8.1  84   57  279 331 -379  1
3856500 2933500  6  6 10  15.0 1015 327  6.4 6  8.1  78   66  336 343 -382  1
3856500 2933500  6  6 11  15.2 1015 328  5.3 5  7.8  73  140  390 340 -386  1
3856500 2933500  6  6 12  15.2 1016 335  5.6 6  7.8  72   36  363 340 -391  1
3856500 2933500  6  6 13  16.6 1016 343  6.1 6  7.8  70   44  375 348 -395  1
3856500 2933500  6  6 14  16.1 1016 330  6.8 6  7.8  68   36  347 350 -398  1
3856500 2933500  6  6 15  16.7 1017 326  6.0 6  7.8  67   56  335 353 -402  1
3856500 2933500  6  6 16  16.2 1017 336  7.4 5  7.7  66  171  311 351 -407  1
3856500 2933500  6  6 17  16.0 1017 332  6.8 3  7.7  68  293  202 338 -412  1
3856500 2933500  6  6 18  15.4 1017 327  5.7 3  7.6  68  258  131 329 -410  1
3856500 2933500  6  6 19  14.9 1017 318  5.0 3  7.5  70  136   97 328 -404  1
3856500 2933500  6  6 20  14.0 1018 323  4.1 6  7.4  72   41   54 340 -398  1
3856500 2933500  6  6 21  12.8 1018 323  3.7 4  7.2  76    4   12 341 -394  1
3856500 2933500  6  6 22  11.8 1019 313  2.6 5  7.1  80    0    0 335 -391  1
3856500 2933500  6  6 23  11.4 1019 316  2.5 5  7.0  82    0    0 337 -390  1
3856500 2933500  6  6 24  10.2 1019 293  1.8 4  6.8  84    0    0 330 -389  1
3856500 2933500  6  7  1   9.2 1019 251  2.1 2  6.6  88    0    0 312 -389  1
3856500 2933500  6  7  2   7.7 1019 259  2.3 1  6.2  91    0    0 293 -388  1
3856500 2933500  6  7  3   7.8 1020 240  2.1 1  6.1  94    0    0 286 -388  1
3856500 2933500  6  7  4   7.8 1019 250  2.1 4  6.2  94    0    0 300 -385  1
3856500 2933500  6  7  5   8.9 1020 263  3.4 5  6.4  94    0    1 321 -383  1
3856500 2933500  6  7  6  10.2 1020 248  3.2 7  7.0  95    0   19 340 -384  1
3856500 2933500  6  7  7  11.8 1020 254  3.0 8  7.5  92    0   56 358 -392  1
3856500 2933500  6  7  8  13.5 1020 273  4.3 7  7.6  84   22  174 362 -404  1
3856500 2933500  6  7  9  15.2 1020 262  3.9 4  7.4  73  193  218 346 -418  1
3856500 2933500  6  7 10  15.4 1021 270  4.3 6  7.3  67  105  301 342 -432  1
3856500 2933500  6  7 11  15.9 1021 253  4.0 6  7.2  65  128  338 352 -442  1
3856500 2933500  6  7 12  16.7 1021 262  3.5 5  7.2  63  227  335 348 -444  1
3856500 2933500  6  7 13  17.7 1021 269  4.0 6  7.3  60  281  321 351 -446  1
3856500 2933500  6  7 14  18.5 1021 236  4.8 6  7.4  57  230  319 358 -457  1
3856500 2933500  6  7 15  18.6 1021 257  3.6 6  7.4  56  175  299 360 -465  1
3856500 2933500  6  7 16  18.9 1021 238  3.7 7  7.6  57   96  263 363 -465  1
3856500 2933500  6  7 17  18.5 1021 254  4.1 7  7.7  58   60  216 364 -460  1
3856500 2933500  6  7 18  18.3 1020 257  3.6 7  7.8  60   52  157 361 -453  1
3856500 2933500  6  7 19  18.1 1020 255  3.6 6  8.0  61   47   94 357 -443  1
3856500 2933500  6  7 20  17.2 1020 272  2.6 6  8.1  65   24   41 349 -433  1
3856500 2933500  6  7 21  16.2 1020 355  1.5 6  8.3  70    0    5 344 -422  1
3856500 2933500  6  7 22  15.7 1020 294  1.6 7  8.5  75    0    0 342 -410  1
3856500 2933500  6  7 23  15.0 1020 180  2.3 7  8.5  79    0    0 339 -402  1
3856500 2933500  6  7 24  14.7 1020 191  1.8 6  8.6  82    0    0 330 -396  1
3856500 2933500  6  8  1  14.6 1020 193  2.0 7  8.7  84    0    0 328 -392  1
3856500 2933500  6  8  2  14.6 1020 233  1.8 7  8.7  84    0    0 329 -388  1
3856500 2933500  6  8  3  13.9 1020 156  2.0 7  8.7  86    0    0 327 -386  1
3856500 2933500  6  8  4  13.3 1020 170  2.2 8  8.5  88    0    0 327 -385  1
3856500 2933500  6  8  5  13.7 1020 169  2.5 7  8.5  88    0    0 326 -385  1
3856500 2933500  6  8  6  14.3 1020 182  2.9 7  8.4  85   10   61 322 -389  1
3856500 2933500  6  8  7  15.8 1020 208  3.5 3  8.3  78   71  138 307 -398  1
3856500 2933500  6  8  8  17.1 1020 210  4.8 5  8.2  71   51  207 303 -412  1
3856500 2933500  6  8  9  19.1 1020 219  4.9 7  8.3  64   38  269 324 -429  1
3856500 2933500  6  8 10  20.3 1020 220  5.5 6  8.4  59  132  346 334 -445  1
3856500 2933500  6  8 11  21.3 1020 214  5.5 5  8.5  56  341  346 334 -460  1
3856500 2933500  6  8 12  22.7 1020 222  5.4 5  8.8  53  434  338 340 -473  1
3856500 2933500  6  8 13  23.8 1020 231  5.7 4  9.2  52  363  375 346 -483  1
3856500 2933500  6  8 14  24.6 1019 236  5.7 4  9.5  50  353  361 349 -488  1
3856500 2933500  6  8 15  24.5 1019 251  6.0 4  9.6  50  241  355 351 -490  1
3856500 2933500  6  8 16  23.4 1019 265  6.2 5  9.9  53   79  298 351 -488  1
3856500 2933500  6  8 17  23.2 1019 274  7.0 6 10.3  58   44  237 354 -483  1
3856500 2933500  6  8 18  21.6 1019 281  6.0 8 11.0  65    6  140 358 -473  1
3856500 2933500  6  8 19  20.5 1019 280  6.3 6 11.3  73    7   94 353 -461  1
3856500 2933500  6  8 20  19.7 1019 248  4.3 5 11.2  76   14   50 343 -448  1
3856500 2933500  6  8 21  18.2 1019 262  2.5 5 10.7  79    0   10 338 -437  1
3856500 2933500  6  8 22  16.7 1019 270  1.9 5 10.5  84    0    0 334 -427  1
3856500 2933500  6  8 23  15.7 1019 234  2.3 5 10.2  88    0    0 330 -421  1
3856500 2933500  6  8 24  14.4 1019 250  1.9 2  9.8  92    0    0 320 -417  1
3856500 2933500  6  9  1  14.2 1020 231  2.6 2  9.5  94    0    0 311 -413  1
3856500 2933500  6  9  2  14.1 1019 270  2.5 1  9.3  93    0    0 309 -408  1
3856500 2933500  6  9  3  13.4 1019 293  2.0 4  9.2  94    0    0 313 -403  1
3856500 2933500  6  9  4  13.3 1020 274  1.8 4  9.2  96    0    0 318 -399  1
3856500 2933500  6  9  5  13.3 1020 273  1.4 5  9.1  96    2   17 319 -396  1
3856500 2933500  6  9  6  13.3 1020 339  1.7 3  9.2  96   35   71 316 -397  1
3856500 2933500  6  9  7  14.7 1020   8  1.7 3  9.7  97   41  137 313 -405  1
3856500 2933500  6  9  8  16.5 1021  28  2.2 2  9.9  89  117  212 314 -418  1
3856500 2933500  6  9  9  18.9 1021  28  2.2 1  9.8  78  283  243 317 -432  1
3856500 2933500  6  9 10  20.3 1021  15  3.2 2  9.9  70  395  268 328 -451  1
3856500 2933500  6  9 11  20.9 1021 349  2.8 3 10.0  66  473  289 338 -471  1
3856500 2933500  6  9 12  22.0 1021  30  2.8 3 10.1  64  525  298 346 -483  1
3856500 2933500  6  9 13  22.8 1021  52  2.8 4 10.3  61  568  284 355 -488  1
3856500 2933500  6  9 14  24.0 1021  38  2.6 4 10.3  57  592  250 362 -490  1
3856500 2933500  6  9 15  23.4 1021  34  3.7 4 10.3  56  519  244 364 -488  1
3856500 2933500  6  9 16  22.0 1021  44  5.3 4 10.0  58  365  256 362 -481  1
3856500 2933500  6  9 17  21.4 1021  71  4.7 4  9.4  58  281  214 358 -466  1
3856500 2933500  6  9 18  20.7 1021  80  4.5 3  8.9  58  258  138 352 -447  1
3856500 2933500  6  9 19  19.3 1020  76  3.8 4  8.5  59  110  109 347 -431  1
3856500 2933500  6  9 20  18.4 1020  89  3.4 6  8.5  63   16   52 351 -418  1
3856500 2933500  6  9 21  17.5 1020  53  3.0 6  8.9  70    0    1 354 -408  1
3856500 2933500  6  9 22  17.0 1020  76  3.9 7  8.9  73    0    0 356 -402  1
3856500 2933500  6  9 23  16.4 1020  91  4.8 7  8.9  76    0    0 359 -398  1
3856500 2933500  6  9 24  16.3 1020 102  4.8 6  8.8  76    0    0 357 -396  1
3856500 2933500  6 10  1  16.0 1020 110  5.1 5  8.7  76    0    0 350 -396  1
3856500 2933500  6 10  2  15.6 1019 130  5.1 4  8.6  77    0    0 342 -395  1
3856500 2933500  6 10  3  15.9 1018 134  5.6 5  8.8  79    0    0 342 -396  1
3856500 2933500  6 10  4  16.4 1018 138  4.4 7  9.0  78    0    0 353 -397  1
3856500 2933500  6 10  5  17.4 1017 157  4.5 7  9.3  78    0    0 362 -396  1
3856500 2933500  6 10  6  18.2 1016 240  4.4 7  9.9  78    0   27 366 -397  1
3856500 2933500  6 10  7  18.5 1016 193  2.6 6 10.4  78   60  133 365 -405  1
3856500 2933500  6 10  8  20.4 1017 256  3.9 5 10.8  76  113  198 364 -422  1
3856500 2933500  6 10  9  20.8 1017 240  4.2 5 11.2  74  163  261 365 -440  1
3856500 2933500  6 10 10  21.8 1017 249  4.2 5 11.8  74  121  330 369 -448  1
3856500 2933500  6 10 11  22.1 1018 242  4.8 6 12.4  75   39  341 376 -456  1
3856500 2933500  6 10 12  23.1 1018 270  6.3 7 12.3  72   35  346 386 -467  1
3856500 2933500  6 10 13  23.0 1018 275  6.6 7 11.7  67   65  375 393 -476  1
3856500 2933500  6 10 14  23.2 1018 275  7.0 7 11.4  64   76  364 394 -482  1
3856500 2933500  6 10 15  23.1 1019 279  5.8 6 11.0  62  134  343 392 -481  1
3856500 2933500  6 10 16  22.9 1019 291  5.5 7 10.5  60   90  293 393 -477  1
3856500 2933500  6 10 17  23.0 1019 299  4.9 7 10.5  60   63  239 396 -471  1
3856500 2933500  6 10 18  22.1 1018 321  4.6 6 10.5  62  136  166 390 -463  1
3856500 2933500  6 10 19  19.7 1018 302  4.2 5 10.1  66   75  108 375 -456  1
3856500 2933500  6 10 20  18.3 1018 270  3.0 6  9.6  70   18   50 367 -449  1
3856500 2933500  6 10 21  16.8 1019 344  2.3 7  9.2  74    0    8 369 -441  1
3856500 2933500  6 10 22  16.0 1019 245  1.7 7  9.1  79    0    0 370 -434  1
3856500 2933500  6 10 23  15.7 1019 255  2.1 7  9.3  83    0    0 369 -428  1
3856500 2933500  6 10 24  15.6 1019 263  2.0 5  9.4  85    0    0 361 -424  1
3856500 2933500  6 11  1  14.9 1019 266  2.3 4  9.4  87    0    0 350 -421  1
3856500 2933500  6 11  2  14.7 1019 245  0.8 4  9.3  89    0    0 344 -418  1
3856500 2933500  6 11  3  14.7 1019 257  1.1 4  9.4  90    0    0 343 -413  1
3856500 2933500  6 11  4  14.5 1019 245  1.2 5  9.5  92    0    0 344 -410  1
3856500 2933500  6 11  5  14.3 1019 237  1.3 6  9.5  93    0    3 349 -409  1
3856500 2933500  6 11  6  14.9 1019 205  2.1 7  9.7  94    0   20 355 -409  1
3856500 2933500  6 11  7  16.5 1019 232  3.0 6 10.1  91   14  124 359 -412  1
3856500 2933500  6 11  8  19.1 1019 219  3.6 4 10.4  82  160  213 351 -416  1
3856500 2933500  6 11  9  20.7 1019 225  3.7 4 10.2  71  354  221 347 -423  1
3856500 2933500  6 11 10  22.4 1019 240  3.3 4 10.0  62  386  288 354 -431  1
3856500 2933500  6 11 11  23.3 1019 248  3.9 5  9.8  56  401  341 367 -432  1
3856500 2933500  6 11 12  23.9 1019 239  4.7 6  9.5  52  295  412 381 -435  1
3856500 2933500  6 11 13  24.2 1019 249  4.9 7  9.3  50  149  426 393 -445  1
3856500 2933500  6 11 14  24.2 1019 259  4.7 7  9.3  49   56  373 398 -447  1
3856500 2933500  6 11 15  24.2 1019 288  4.8 7  9.5  51   12  281 401 -450  1
3856500 2933500  6 11 16  22.7 1018 286  4.5 7 10.1  56   33  285 399 -458  1
3856500 2933500  6 11 17  21.5 1018 296  4.2 7 10.7  64    4  190 394 -457  1
3856500 2933500  6 11 18  22.2 1018 279  3.8 8 11.0  67    0   77 396 -449  1
3856500 2933500  6 11 19  20.4 1017 308  3.7 7 11.1  70    0   61 392 -440  1
3856500 2933500  6 11 20  17.2 1017 223  2.7 7 11.1  82    0   33 378 -427  1
3856500 2933500  6 11 21  16.9 1017 119  2.1 7 10.9  90    2   12 371 -415  1
3856500 2933500  6 11 22  16.6 1017 247  1.8 7 10.9  92    0    0 369 -405  1
3856500 2933500  6 11 23  16.4 1017 331  1.5 7 11.0  94    0    0 366 -401  1
3856500 2933500  6 11 24  16.9 1017 161  1.5 6 11.2  94    0    0 361 -402  1
3856500 2933500  6 12  1  16.7 1016 199  2.3 7 11.2  94    0    0 360 -402  1
3856500 2933500  6 12  2  16.2 1016 215  2.4 7 11.0  94    0    0 363 -401  1
3856500 2933500  6 12  3  16.3 1016 208  2.4 7 10.8  94    0    0 363 -400  1
3856500 2933500  6 12  4  16.1 1015 229  3.3 7 10.9  94    0    0 364 -400  1
3856500 2933500  6 12  5  16.4 1014 247  3.6 7 11.0  95    0   12 365 -400  1
3856500 2933500  6 12  6  16.3 1014 259  5.4 7 11.0  94    0   36 364 -400  1
3856500 2933500  6 12  7  16.6 1014 244  6.6 5 10.8  92    0   64 350 -403  1
3856500 2933500  6 12  8  17.6 1015 245  6.5 7 10.6  87    0  130 350 -410  1
3856500 2933500  6 12  9  18.6 1015 251  7.3 7 10.3  79  108  259 366 -417  1
3856500 2933500  6 12 10  18.8 1015 273  7.5 7  9.7  72  154  311 369 -429  1
3856500 2933500  6 12 11  19.9 1015 275  7.6 7  9.1  64  240  336 374 -442  1
3856500 2933500  6 12 12  20.4 1015 290  8.0 6  8.6  59  331  330 373 -448  1
3856500 2933500  6 12 13  20.3 1015 304  8.1 5  8.5  57  383  315 365 -439  1
3856500 2933500  6 12 14  20.6 1015 291  8.5 6  8.3  55  304  328 363 -432  1
3856500 2933500  6 12 15  20.5 1015 284  9.1 6  8.0  53  232  317 364 -442  1
3856500 2933500  6 12 16  20.1 1016 291  9.0 5  7.8  53  235  264 358 -447  1
3856500 2933500  6 12 17  19.6 1016 303  8.5 5  7.7  53  263  186 351 -440  1
3856500 2933500  6 12 18  18.8 1016 304  7.5 5  7.7  56   81  171 347 -430  1
3856500 2933500  6 12 19  17.5 1015 300  7.1 5  7.9  61   37  108 342 -420  1
3856500 2933500  6 12 20  16.2 1015 297  5.1 3  7.7  64   60   44 328 -410  1
3856500 2933500  6 12 21  14.8 1015 286  4.2 2  7.5  68    7   13 310 -400  1
3856500 2933500  6 12 22  13.9 1015 277  4.9 3  7.4  73    0    0 307 -391  1
3856500 2933500  6 12 23  13.2 1016 255  3.9 2  7.4  76    0    0 304 -385  1
3856500 2933500  6 12 24  12.8 1016 226  3.8 1  7.4  79    0    0 292 -381  1
3856500 2933500  6 13  1  12.2 1016 232  3.8 4  7.4  82    0    0 300 -378  1
3856500 2933500  6 13  2  12.8 1015 235  4.2 8  7.4  82    0    0 332 -379  1
3856500 2933500  6 13  3  12.9 1015 237  4.3 8  7.6  82    0    0 352 -382  1
3856500 2933500  6 13  4  12.7 1015 233  4.3 7  7.6  83    0    0 348 -384  1
3856500 2933500  6 13  5  12.9 1015 236  4.5 6  7.8  84    0    1 340 -385  1
3856500 2933500  6 13  6  13.3 1015 245  4.8 5  8.0  85    0   28 331 -386  1
3856500 2933500  6 13  7  14.8 1015 260  5.8 7  8.0  80   43  109 338 -388  1
3856500 2933500  6 13  8  15.4 1015 250  6.1 7  7.8  73   11  161 352 -394  1
3856500 2933500  6 13  9  15.9 1015 272  6.0 5  7.8  70  181  201 345 -398  1
3856500 2933500  6 13 10  15.9 1015 272  6.7 5  7.7  69  222  243 339 -402  1
3856500 2933500  6 13 11  15.5 1015 274  7.0 8  7.7  69   32  299 352 -405  1
3856500 2933500  6 13 12  16.2 1016 290  9.5 7  7.8  70   20  292 360 -408  1
3856500 2933500  6 13 13  15.9 1016 293  8.8 6  7.9  70   22  292 349 -415  1
3856500 2933500  6 13 14  17.4 1016 287  7.9 6  7.9  67    1  237 345 -420  1
3856500 2933500  6 13 15  17.1 1017 293  6.2 6  7.8  64   38  273 346 -418  1
3856500 2933500  6 13 16  16.6 1017 293  5.2 5  7.9  66  163  230 342 -417  1
3856500 2933500  6 13 17  16.8 1017 298  5.3 3  8.0  67  296  121 331 -415  1
3856500 2933500  6 13 18  15.8 1018 321  5.3 4  8.0  69  245   74 327 -410  1
3856500 2933500  6 13 19  15.8 1018 320  5.7 4  8.1  72  131   60 330 -407  1
3856500 2933500  6 13 20  15.0 1019 302  4.5 5  8.1  74   69   40 334 -402  1
3856500 2933500  6 13 21  14.1 1020 301  4.5 4  8.2  79    8   12 333 -394  1
3856500 2933500  6 13 22  13.8 1021 297  4.9 6  8.2  83    0    0 335 -386  1
3856500 2933500  6 13 23  13.6 1021 291  4.6 6  8.2  84    0    0 344 -383  1
3856500 2933500  6 13 24  13.6 1022 304  4.9 8  8.1  84    0    0 355 -380  1
3856500 2933500  6 14  1  12.8 1022 295  5.2 7  7.9  84    0    0 358 -375  1
3856500 2933500  6 14  2  13.0 1023 302  4.6 6  7.9  86    0    0 348 -371  1
3856500 2933500  6 14  3  12.5 1023 300  4.8 6  7.9  87    0    0 345 -370  1
3856500 2933500  6 14  4  12.4 1024 308  4.6 6  7.8  88    0    0 344 -369  1
3856500 2933500  6 14  5  12.4 1024 309  4.6 7  7.8  87    0    0 347 -369  1
3856500 2933500  6 14  6  12.5 1025 306  4.4 7  7.7  86    0   13 354 -370  1
3856500 2933500  6 14  7  12.4 1026 303  4.6 7  7.5  84    0   48 356 -378  1
3856500 2933500  6 14  8  12.7 1026 308  5.1 7  7.3  82    0  104 357 -392  1
3856500 2933500  6 14  9  13.0 1027 317  5.8 8  7.2  79    0  163 360 -407  1
3856500 2933500  6 14 10  13.9 1027 319  5.8 8  7.0  73    1  230 362 -422  1
3856500 2933500  6 14 11  14.3 1028 309  5.5 7  6.8  69    5  281 354 -434  1
3856500 2933500  6 14 12  14.9 1028 311  5.9 7  6.8  67    4  272 346 -443  1
3856500 2933500  6 14 13  15.4 1029 318  5.9 7  6.8  64   19  335 341 -449  1
3856500 2933500  6 14 14  16.0 1029 309  5.2 7  6.7  61   35  351 337 -452  1
3856500 2933500  6 14 15  16.5 1029 315  5.1 6  6.7  59   91  369 333 -451  1
3856500 2933500  6 14 16  16.4 1029 313  5.3 4  6.7  58  285  328 324 -447  1
3856500 2933500  6 14 17  16.2 1029 314  6.0 3  6.7  59  289  246 313 -438  1
3856500 2933500  6 14 18  16.2 1029 318  6.1 3  6.8  60  171  199 308 -428  1
3856500 2933500  6 14 19  15.6 1029 329  5.5 2  6.9  62  114  130 301 -415  1
3856500 2933500  6 14 20  14.6 1030 319  5.1 5  6.9  65   35   65 301 -403  1
3856500 2933500  6 14 21  13.1 1030 295  3.8 5  6.8  70    2   12 300 -391  1
3856500 2933500  6 14 22  12.5 1030 290  3.5 6  6.8  75    0    0 296 -382  1
3856500 2933500  6 14 23  11.6 1030 272  2.5 6  6.7  77    0    0 294 -376  1
3856500 2933500  6 14 24   9.6 1030 245  2.3 4  6.4  82    0    0 286 -372  1
3856500 2933500  6 15  1   8.5 1030 221  3.1 3  6.2  88    0    0 274 -369  1
3856500 2933500  6 15  2   9.4 1030 241  3.1 2  6.4  91    0    0 269 -366  1
3856500 2933500  6 15  3   9.2 1030 239  3.4 3  6.6  92    0    0 269 -366  1
3856500 2933500  6 15  4   9.5 1029 244  3.6 5  6.7  93    0    0 278 -368  1
3856500 2933500  6 15  5  10.1 1029 235  4.1 7  6.8  92    0    3 293 -368  1
3856500 2933500  6 15  6  11.1 1029 242  4.2 8  7.1  91    0   12 307 -370  1
3856500 2933500  6 15  7  13.0 1028 244  4.8 8  7.5  87    0   77 319 -379  1
3856500 2933500  6 15  8  14.8 1028 243  5.1 7  7.8  80    4  161 323 -395  1
3856500 2933500  6 15  9  16.2 1028 246  5.3 7  8.0  74    2  200 326 -410  1
3856500 2933500  6 15 10  17.4 1028 260  6.4 7  8.4  72   16  278 333 -426  1
3856500 2933500  6 15 11  18.1 1027 259  6.5 7  8.9  71   88  367 341 -442  1
3856500 2933500  6 15 12  19.9 1027 266  7.3 6  9.5  70  219  389 346 -452  1
3856500 2933500  6 15 13  21.3 1027 272  7.9 5  9.8  65  369  359 350 -458  1
3856500 2933500  6 15 14  22.1 1026 266  8.3 6  9.7  60  329  356 356 -462  1
3856500 2933500  6 15 15  22.3 1026 277  8.6 6  9.5  58  269  335 365 -462  1
3856500 2933500  6 15 16  22.4 1025 272  8.7 5  9.5  57  360  247 364 -456  1
3856500 2933500  6 15 17  22.1 1025 282  8.3 5  9.6  58  349  175 362 -448  1
3856500 2933500  6 15 18  20.9 1024 286  8.3 4  9.5  60  284  121 358 -438  1
3856500 2933500  6 15 19  20.4 1024 284  7.4 2  9.3  62  166   92 346 -426  1
3856500 2933500  6 15 20  18.9 1024 293  6.1 1  9.3  66   64   56 333 -415  1
3856500 2933500  6 15 21  17.0 1024 289  5.3 0  9.4  74    8   15 324 -405  1
3856500 2933500  6 15 22  15.8 1024 266  4.7 1  9.2  80    0    0 320 -397  1
3856500 2933500  6 15 23  14.9 1023 261  4.3 1  9.1  84    0    0 322 -394  1
3856500 2933500  6 15 24  14.3 1023 257  4.3 0  9.0  88    0    0 315 -391  1
3856500 2933500  6 16  1  14.3 1023 252  4.4 0  8.9  88    0    0 311 -385  1
3856500 2933500  6 16  2  14.3 1022 247  4.4 0  8.8  87    0    0 311 -381  1
3856500 2933500  6 16  3  14.0 1021 246  4.5 0  8.8  88    0    0 310 -378  1
3856500 2933500  6 16  4  14.2 1020 251  4.5 0  8.8  88    0    0 308 -377  1
3856500 2933500  6 16  5  14.6 1019 249  4.8 1  8.9  87    3   13 313 -378  1
3856500 2933500  6 16  6  15.7 1019 259  5.9 0  9.3  86   82   39 314 -383  1
3856500 2933500  6 16  7  16.9 1018 263  6.2 2  9.8  85   96   94 323 -390  1
3856500 2933500  6 16  8  18.0 1018 262  7.2 7 10.2  82    4  151 356 -397  1
3856500 2933500  6 16  9  18.7 1018 271  8.6 5 10.4  79   68  236 371 -400  1
3856500 2933500  6 16 10  18.6 1017 281  9.8 6 10.3  77   21  266 369 -404  1
3856500 2933500  6 16 11  18.3 1017 282  8.9 7 10.2  77    1  240 377 -406  1
3856500 2933500  6 16 12  17.4 1017 282  9.9 7  9.9  78    0  175 380 -407  1
3856500 2933500  6 16 13  17.0 1016 294  9.9 7  9.8  80    0  176 379 -407  1
3856500 2933500  6 16 14  15.9 1016 291  8.7 8  9.8  84    0  137 380 -404  1
3856500 2933500  6 16 15  16.5 1016 301  9.0 8  9.5  83    0  165 382 -401  1
3856500 2933500  6 16 16  16.8 1016 314  8.6 6  8.9  75   97  247 375 -400  1
3856500 2933500  6 16 17  16.4 1016 311  9.2 6  8.0  68   90  204 365 -400  1
3856500 2933500  6 16 18  15.6 1016 315  8.7 5  7.2  64  132  131 355 -401  1
3856500 2933500  6 16 19  14.8 1016 313  7.9 5  6.7  62   87   82 345 -399  1
3856500 2933500  6 16 20  14.0 1016 316  7.4 5  6.5  64   32   41 338 -394  1
3856500 2933500  6 16 21  13.4 1017 308  6.9 5  6.6  68    6   11 332 -387  1
3856500 2933500  6 16 22  12.5 1017 299  5.8 5  6.6  71    0    0 326 -378  1
3856500 2933500  6 16 23  12.1 1017 294  5.7 5  6.5  73    0    0 319 -371  1
3856500 2933500  6 16 24  12.1 1017 294  5.7 5  6.5  74    0    0 316 -367  1
3856500 2933500  6 17  1  11.9 1017 299  5.6 6  6.5  75    0    0 320 -364  1
3856500 2933500  6 17  2  12.0 1017 303  5.8 5  6.5  75    0    0 321 -362  1
3856500 2933500  6 17  3  12.2 1017 293  5.8 6  6.6  76    0    0 323 -362  1
3856500 2933500  6 17  4  12.1 1017 292  4.9 7  6.5  74    0    0 335 -361  1
3856500 2933500  6 17  5  12.4 1017 299  5.3 7  6.2  70    0    0 342 -360  1
3856500 2933500  6 17  6  12.5 1017 286  3.4 6  6.3  70    0   35 337 -362  1
3856500 2933500  6 17  7  13.5 1017 296  5.6 4  6.4  69   21  124 322 -371  1
3856500 2933500  6 17  8  13.7 1018 306  7.2 5  6.5  67   42  201 318 -384  1
3856500 2933500  6 17  9  13.7 1018 311  8.7 6  6.5  67   53  267 330 -396  1
3856500 2933500  6 17 10  15.0 1018 309  8.7 7  6.3  62   13  275 340 -405  1
3856500 2933500  6 17 11  14.5 1018 305  8.3 6  6.2  59   87  364 341 -414  1
3856500 2933500  6 17 12  14.5 1019 305 11.0 6  5.9  58   46  348 335 -423  1
3856500 2933500  6 17 13  15.3 1019 306  9.3 5  5.7  54   82  372 329 -428  1
3856500 2933500  6 17 14  15.8 1019 300 11.0 5  5.6  51  125  365 326 -431  1
3856500 2933500  6 17 15  16.1 1019 295  8.3 4  5.5  49  358  303 323 -431  1
3856500 2933500  6 17 16  15.7 1019 305  9.0 5  5.7  51  258  281 322 -426  1
3856500 2933500  6 17 17  15.2 1018 320  6.8 6  6.0  55  215  230 331 -420  1
3856500 2933500  6 17 18  15.2 1018 306  7.0 6  6.2  58   87  184 336 -414  1
3856500 2933500  6 17 19  14.3 1018 306  6.2 5  6.4  62   54  117 331 -406  1
3856500 2933500  6 17 20  13.9 1018 295  5.4 7  6.6  66   33   56 333 -399  1
3856500 2933500  6 17 21  13.3 1017 247  3.3 8  6.9  71    0    2 343 -392  1
3856500 2933500  6 17 22  13.2 1017 277  2.5 7  7.1  75    0    0 340 -386  1
3856500 2933500  6 17 23  12.9 1016 232  1.8 7  7.3  78    0    0 335 -383  1
3856500 2933500  6 17 24  12.7 1016 193  2.4 8  7.4  80    0    0 340 -382  1
3856500 2933500  6 18  1  12.6 1015 193  2.8 8  7.5  82    0    0 345 -381  1
3856500 2933500  6 18  2  12.0 1014 180  2.5 8  7.6  85    0    0 343 -380  1
3856500 2933500  6 18  3  11.5 1013 169  2.7 5  7.4  86    0    0 325 -379  1
3856500 2933500  6 18  4  11.6 1012 175  3.1 6  7.2  85    0    0 314 -377  1
3856500 2933500  6 18  5  12.0 1011 178  3.4 7  7.4  85    0    1 324 -377  1
3856500 2933500  6 18  6  12.7 1009 174  4.1 7  7.8  87    0   32 331 -380  1
3856500 2933500  6 18  7  13.2 1008 186  4.6 7  8.4  89    0   74 335 -383  1
3856500 2933500  6 18  8  15.4 1007 220  5.4 7  9.0  88    1  139 341 -389  1
3856500 2933500  6 18  9  17.0 1006 233  6.6 7  9.6  83   64  261 348 -401  1
3856500 2933500  6 18 10  18.6 1006 239  7.0 5  9.6  75  330  265 345 -417  1
3856500 2933500  6 18 11  18.2 1005 237  7.7 6  9.4  70  119  354 344 -427  1
3856500 2933500  6 18 12  17.8 1005 268  8.2 7  9.1  70    3  253 353 -431  1
3856500 2933500  6 18 13  17.0 1004 252 10.3 6  8.7  70   37  334 353 -431  1
3856500 2933500  6 18 14  16.6 1004 252 11.0 5  8.5  70   82  345 345 -429  1
3856500 2933500  6 18 15  15.5 1004 249 10.7 7  8.4  73   22  281 351 -429  1
3856500 2933500  6 18 16  15.6 1004 295  9.7 8  8.2  74    2  197 364 -429  1
3856500 2933500  6 18 17  14.8 1005 279  9.9 6  8.3  76   25  216 360 -419  1
3856500 2933500  6 18 18  15.3 1005 272  9.5 6  8.6  79   16  158 355 -406  1
3856500 2933500  6 18 19  14.6 1005 271  9.2 4  8.2  76   76  109 349 -403  1
3856500 2933500  6 18 20  13.9 1004 273  9.1 7  8.1  79   39   52 350 -400  1
3856500 2933500  6 18 21  13.6 1004 275  8.4 7  8.2  82    1   10 360 -396  1
3856500 2933500  6 18 22  13.4 1004 279  8.0 8  8.1  83    0    0 362 -390  1
3856500 2933500  6 18 23  13.2 1004 275  6.5 8  8.3  86    0    0 365 -387  1
3856500 2933500  6 18 24  12.9 1004 283  6.4 8  8.4  88    0    0 364 -386  1
3856500 2933500  6 19  1  12.8 1004 290  7.3 8  8.4  90    0    0 365 -384  1
3856500 2933500  6 19  2  12.6 1005 288  6.4 8  8.4  90    0    0 363 -382  1
3856500 2933500  6 19  3  12.4 1005 283  5.7 8  8.1  89    0    0 361 -380  1
3856500 2933500  6 19  4  12.1 1005 281  5.6 8  7.8  87    0    0 359 -378  1
3856500 2933500  6 19  5  11.8 1005 281  4.9 7  7.5  86    0   12 352 -376  1
3856500 2933500  6 19  6  11.9 1005 280  4.7 6  7.3  84    1   44 342 -376  1
3856500 2933500  6 19  7  12.7 1005 288  5.6 6  7.3  82   20  113 339 -381  1
3856500 2933500  6 19  8  13.3 1005 297  6.1 6  7.4  78   58  184 340 -391  1
3856500 2933500  6 19  9  14.0 1005 308  6.2 6  7.2  73   39  242 342 -397  1
3856500 2933500  6 19 10  14.6 1005 298  6.2 8  7.1  69    1  218 353 -400  1
3856500 2933500  6 19 11  15.0 1006 294  7.1 8  6.9  65   26  303 364 -406  1
3856500 2933500  6 19 12  15.6 1006 276  5.4 6  6.6  60  110  344 359 -416  1
3856500 2933500  6 19 13  16.3 1006 306  3.9 5  6.6  58  411  260 352 -415  1
3856500 2933500  6 19 14  17.0 1006 295  4.0 5  6.7  56  516  192 351 -412  1
3856500 2933500  6 19 15  16.9 1006 320  4.3 6  6.6  54  268  263 354 -415  1
3856500 2933500  6 19 16  17.7 1005 316  3.3 6  6.7  54  117  260 357 -418  1
3856500 2933500  6 19 17  16.7 1005 359  4.0 5  6.8  55  196  189 351 -415  1
3856500 2933500  6 19 18  16.1 1004   3  3.2 8  6.9  58   14  148 355 -409  1
3856500 2933500  6 19 19  14.8 1004  37  3.5 8  7.1  64    0   61 363 -402  1
3856500 2933500  6 19 20  13.3 1003  44  4.7 7  7.3  72    0   17 354 -393  1
3856500 2933500  6 19 21  12.1 1003  67  3.1 8  7.5  81    0    5 349 -384  1
3856500 2933500  6 19 22  11.8 1003  82  3.5 7  7.9  89    0    0 345 -375  1
3856500 2933500  6 19 23  11.2 1002   8  2.8 7  7.8  91    0    0 338 -370  1
3856500 2933500  6 19 24  11.4 1002  29  3.8 8  7.9  93    0    0 340 -364  1
3856500 2933500  6 20  1  10.1 1002 294  3.9 6  7.8  96    0    0 331 -358  1
3856500 2933500  6 20  2   9.5 1001 326  5.4 6  7.4  97    0    0 317 -356  1
3856500 2933500  6 20  3   9.4 1001 323  4.6 7  7.1  95    0    0 320 -356  1
3856500 2933500  6 20  4   9.3 1001 327  4.2 8  6.8  92    0    0 328 -357  1
3856500 2933500  6 20  5   8.7 1002 265  3.3 7  6.7  92    0    2 327 -356  1
3856500 2933500  6 20  6   9.0 1002 232  2.9 7  6.7  93    2   46 322 -355  1
3856500 2933500  6 20  7  10.3 1002 285  4.6 7  6.8  90   17  111 323 -361  1
3856500 2933500  6 20  8  11.7 1002 275  4.9 4  6.9  84  283  108 313 -372  1
3856500 2933500  6 20  9  11.9 1003 293  6.3 4  6.7  77  404  126 301 -385  1
3856500 2933500  6 20 10  13.5 1003 299  7.5 3  6.2  67  270  260 298 -395  1
3856500 2933500  6 20 11  13.3 1003 302  6.7 4  6.1  63  192  326 302 -403  1
3856500 2933500  6 20 12  13.2 1004 285  5.0 2  6.3  66  444  259 299 -407  1
3856500 2933500  6 20 13  14.5 1004 280  9.0 3  6.1  62  299  314 294 -414  1
3856500 2933500  6 20 14  14.4 1004 296  6.6 4  5.9  57  225  314 299 -416  1
3856500 2933500  6 20 15  14.3 1004 284  7.2 6  5.9  57   73  295 306 -409  1
3856500 2933500  6 20 16  14.6 1004 290  5.8 5  5.9  57  303  216 308 -408  1
3856500 2933500  6 20 17  13.7 1005 280  6.4 5  6.0  59  300  154 304 -405  1
3856500 2933500  6 20 18  12.1 1005 270  6.4 4  6.1  66  119  152 296 -397  1
3856500 2933500  6 20 19  11.7 1005 256  3.9 5  6.3  72   79   97 294 -391  1
3856500 2933500  6 20 20  10.4 1005 267  3.1 5  6.4  77   46   45 295 -384  1
3856500 2933500  6 20 21   8.7 1005 247  3.5 3  6.3  84    2   10 283 -376  1
3856500 2933500  6 20 22   8.0 1005 228  4.2 3  6.1  89    0    0 272 -371  1
3856500 2933500  6 20 23   8.0 1006 210  3.2 3  6.1  90    0    0 271 -367  1
3856500 2933500  6 20 24   7.6 1005 219  3.1 3  6.0  90    0    0 269 -364  1
3856500 2933500  6 21  1   7.4 1005 213  3.6 2  5.9  90    0    0 263 -359  1
3856500 2933500  6 21  2   7.4 1005 220  3.8 2  5.8  90    0    0 258 -354  1
3856500 2933500  6 21  3   6.6 1005 206  3.3 2  5.7  91    0    0 255 -351  1
3856500 2933500  6 21  4   7.5 1005 207  3.8 5  5.8  92    0    0 269 -349  1
3856500 2933500  6 21  5   8.1 1004 212  3.6 8  6.1  92    0    0 298 -349  1
3856500 2933500  6 21  6   8.7 1004 210  4.3 8  6.3  90    0   28 314 -353  1
3856500 2933500  6 21  7   9.4 1004 227  5.4 6  6.5  90    5  112 309 -361  1
3856500 2933500  6 21  8  11.1 1004 226  5.8 6  6.7  86   24  213 304 -372  1
3856500 2933500  6 21  9  12.3 1004 236  5.8 5  6.7  78  146  344 302 -385  1
3856500 2933500  6 21 10  14.0 1005 228  5.8 5  6.6  69   87  386 297 -400  1
3856500 2933500  6 21 11  13.5 1005 224  6.3 6  6.4  65   23  349 302 -412  1
3856500 2933500  6 21 12  13.4 1005 204  7.2 6  6.5  67   28  367 309 -417  1
3856500 2933500  6 21 13  13.6 1005 258  6.1 5  6.4  66   36  382 306 -416  1
3856500 2933500  6 21 14  13.0 1005 276  7.4 5  6.3  66   36  368 302 -414  1
3856500 2933500  6 21 15  14.4 1006 238  6.2 7  6.5  66   34  334 313 -417  1
3856500 2933500  6 21 16  13.9 1006 311  2.1 6  6.6  65   64  329 320 -417  1
3856500 2933500  6 21 17  13.4 1006 248  6.1 7  6.6  67   20  238 318 -408  1
3856500 2933500  6 21 18  13.7 1006 253  4.8 5  6.5  66   45  208 313 -402  1
3856500 2933500  6 21 19  13.8 1006 243  4.9 4  6.6  66   64  153 302 -398  1
3856500 2933500  6 21 20  13.3 1006 245  3.4 5  6.6  67   21   70 301 -390  1
3856500 2933500  6 21 21  11.7 1007 221  2.3 6  6.6  73    0    6 308 -381  1
3856500 2933500  6 21 22  10.5 1007 221  1.8 6  6.7  81    0    0 309 -371  1
3856500 2933500  6 21 23   9.6 1008 213  2.4 6  6.6  86    0    0 307 -363  1
3856500 2933500  6 21 24   8.9 1008 214  2.2 6  6.5  89    0    0 306 -359  1
3856500 2933500  6 22  1   9.2 1008 187  2.7 8  6.6  91    0    0 311 -357  1
3856500 2933500  6 22  2   8.7 1008 192  2.2 8  6.7  93    0    0 317 -355  1
3856500 2933500  6 22  3   8.3 1008 195  2.6 7  6.5  94    0    0 311 -354  1
3856500 2933500  6 22  4   8.0 1008 181  2.7 7  6.3  93    0    0 305 -354  1
3856500 2933500  6 22  5   7.7 1008 186  2.6 4  6.2  94    1   13 292 -355  1
3856500 2933500  6 22  6   9.0 1008 185  2.6 4  6.5  95   36   55 281 -358  1
3856500 2933500  6 22  7  10.8 1008 199  3.5 4  6.8  90   89  110 286 -365  1
3856500 2933500  6 22  8  12.3 1009 212  4.3 4  6.9  81  130  174 290 -379  1
3856500 2933500  6 22  9  14.2 1009 217  4.1 4  6.7  70  280  192 295 -394  1
3856500 2933500  6 22 10  15.4 1009 214  4.6 5  6.5  62  273  259 303 -410  1
3856500 2933500  6 22 11  16.6 1009 211  5.2 5  6.7  59  258  309 312 -425  1
3856500 2933500  6 22 12  16.1 1010 212  5.6 5  6.8  58   35  318 317 -435  1
3856500 2933500  6 22 13  16.6 1010 216  7.4 5  6.5  56  240  329 322 -433  1
3856500 2933500  6 22 14  16.0 1010 239  5.9 7  6.6  57   38  311 331 -432  1
3856500 2933500  6 22 15  15.7 1010 221  5.3 6  6.9  61   33  283 333 -435  1
3856500 2933500  6 22 16  16.4 1010 266  5.3 6  6.9  61   38  254 330 -437  1
3856500 2933500  6 22 17  14.3 1011 260  4.8 7  7.4  67   82  217 329 -429  1
3856500 2933500  6 22 18  13.6 1011 253  4.0 7  7.5  75   14  151 327 -417  1
3856500 2933500  6 22 19  13.6 1011 244  2.2 8  7.4  76    0   70 328 -412  1
3856500 2933500  6 22 20  13.1 1011 232  2.2 6  7.4  78    2   42 323 -403  1
3856500 2933500  6 22 21  12.3 1011 195  1.3 6  7.4  81    1   10 316 -391  1
3856500 2933500  6 22 22  11.1 1012 209  2.3 5  7.3  85    0    0 310 -378  1
3856500 2933500  6 22 23  10.3 1012 215  2.1 4  7.1  89    0    0 300 -370  1
3856500 2933500  6 22 24   9.8 1013 223  2.0 5  7.1  92    0    0 298 -366  1
3856500 2933500  6 23  1   9.2 1013 196  2.2 3  6.9  94    0    0 292 -361  1
3856500 2933500  6 23  2   9.2 1013 226  2.2 6  6.7  93    0    0 294 -359  1
3856500 2933500  6 23  3   9.4 1013 218  2.2 6  6.7  92    0    0 306 -358  1
3856500 2933500  6 23  4   9.5 1013 208  2.2 8  6.9  93    0    0 315 -358  1
3856500 2933500  6 23  5   9.8 1013 227  2.4 7  7.0  94    0    2 320 -358  1
3856500 2933500  6 23  6  10.2 1013 214  2.1 5  7.2  94   16   56 309 -362  1
3856500 2933500  6 23  7  12.4 1014 234  2.9 4  7.6  91   74  116 303 -370  1
3856500 2933500  6 23  8  14.5 1014 237  3.2 2  8.0  83  212  152 298 -385  1
3856500 2933500  6 23  9  15.4 1014 211  3.6 3  7.9  74  329  180 300 -402  1
3856500 2933500  6 23 10  16.4 1015 237  3.6 3  7.5  67  349  242 309 -419  1
3856500 2933500  6 23 11  17.2 1015 245  3.4 4  7.2  61  257  322 316 -434  1
3856500 2933500  6 23 12  18.6 1015 235  3.8 5  6.9  54  320  327 327 -441  1
3856500 2933500  6 23 13  19.0 1015 300  3.5 4  6.8  50  364  314 335 -436  1
3856500 2933500  6 23 14  18.7 1015 327  4.1 5  6.9  51  327  307 339 -430  1
3856500 2933500  6 23 15  19.3 1015 343  4.7 4  6.8  50  334  272 341 -439  1
3856500 2933500  6 23 16  19.7 1015 176  3.7 3  6.5  46  455  167 336 -441  1
3856500 2933500  6 23 17  20.3 1015  49  8.1 3  6.6  45  448   92 333 -430  1
3856500 2933500  6 23 18  19.4 1014  62  3.6 3  6.8  47  225  124 331 -422  1
3856500 2933500  6 23 19  18.2 1014  43  4.4 3  7.1  52  116   93 328 -416  1
3856500 2933500  6 23 20  17.5 1014  49  4.3 5  7.6  59   28   50 333 -411  1
3856500 2933500  6 23 21  16.3 1013  97  2.5 6  8.0  67    0    9 342 -405  1
3856500 2933500  6 23 22  14.9 1013  78  2.1 5  8.2  74    0    0 339 -399  1
3856500 2933500  6 23 23  13.9 1013 109  2.8 5  8.2  80    0    0 334 -396  1
3856500 2933500  6 23 24  12.9 1012 127  3.9 5  8.2  85    0    0 333 -396  1
3856500 2933500  6 24  1  12.9 1012 117  4.4 3  8.1  87    0    0 325 -397  1
3856500 2933500  6 24  2  13.2 1011 102  3.9 3  8.2  87    0    0 322 -398  1
3856500 2933500  6 24  3  13.3 1009 116  5.0 4  8.4  88    0    0 332 -398  1
3856500 2933500  6 24  4  13.7 1008 107  5.4 5  8.6  88    0    0 340 -396  1
3856500 2933500  6 24  5  14.1 1006 116  6.1 7  8.8  88    0    5 349 -394  1
3856500 2933500  6 24  6  14.5 1005 121  6.2 7  9.0  88    0   13 355 -394  1
3856500 2933500  6 24  7  14.6 1004 126  7.3 8  9.3  89    0   21 360 -395  1
3856500 2933500  6 24  8  15.0 1002 131  6.3 7  9.7  91    0   39 362 -397  1
3856500 2933500  6 24  9  14.9 1001 163  6.7 8 10.0  93    0   79 365 -400  1
3856500 2933500  6 24 10  15.3 1000 149  6.1 7 10.2  94    0  196 368 -401  1
3856500 2933500  6 24 11  17.8 1000 169  6.5 7 10.8  91   36  329 372 -402  1
3856500 2933500  6 24 12  15.2  999 254  8.4 7 10.3  86    1  255 374 -411  1
3856500 2933500  6 24 13  14.7 1000 222  5.6 5  9.4  87  100  366 362 -422  1
3856500 2933500  6 24 14  18.2  999 188  3.9 5 10.0  84  283  350 360 -427  1
3856500 2933500  6 24 15  19.3  999 189  5.7 4 10.2  74  317  309 365 -428  1
3856500 2933500  6 24 16  15.1  999 241  8.1 5  9.3  75   71  281 357 -429  1
3856500 2933500  6 24 17  14.9  999 213  4.9 6  9.1  84   54  232 353 -430  1
3856500 2933500  6 24 18  16.6  999 188  7.3 6  9.5  84   39  172 357 -432  1
3856500 2933500  6 24 19  15.0  998 208 10.0 7  9.5  83    0   62 359 -429  1
3856500 2933500  6 24 20  15.0  998 203  7.4 7  9.1  84    0   40 358 -420  1
3856500 2933500  6 24 21  14.5  998 203  8.6 7  8.9  84    0    5 358 -413  1
3856500 2933500  6 24 22  14.5  998 207  8.1 7  8.8  84    0    0 358 -406  1
3856500 2933500  6 24 23  13.8  998 208 10.3 8  8.6  84    0    0 362 -400  1
3856500 2933500  6 24 24  14.5  998 211 11.0 7  8.4  82    0    0 362 -396  1
3856500 2933500  6 25  1  13.4  998 214 11.2 8  8.4  83    0    0 361 -392  1
3856500 2933500  6 25  2  13.4  997 215 10.3 8  8.6  89    0    0 363 -389  1
3856500 2933500  6 25  3  13.4  997 221  9.5 7  8.6  88    0    0 360 -387  1
3856500 2933500  6 25  4  13.4  997 226  9.9 7  8.5  87    0    0 355 -385  1
3856500 2933500  6 25  5  12.8  997 209  9.3 7  8.4  87    0    2 354 -383  1
3856500 2933500  6 25  6  13.0  998 232 10.0 7  8.3  88    0   17 354 -381  1
3856500 2933500  6 25  7  12.5  997 222  9.8 7  8.3  89    0   53 353 -380  1
3856500 2933500  6 25  8  12.5  997 222 10.4 7  8.4  91    0  100 352 -380  1
3856500 2933500  6 25  9  12.5  998 230 10.0 8  8.4  91    0   96 356 -380  1
3856500 2933500  6 25 10  12.8  999 233 10.4 8  8.4  91    0  184 359 -379  1
3856500 2933500  6 25 11  13.2 1000 234 11.0 8  8.4  88    0  216 358 -380  1
3856500 2933500  6 25 12  13.8 1000 233 11.7 8  8.2  84    0  190 355 -380  1
3856500 2933500  6 25 13  13.9 1001 240 12.8 7  7.9  79   18  302 349 -380  1
3856500 2933500  6 25 14  14.5 1002 244 12.2 5  7.6  74  148  323 335 -381  1
3856500 2933500  6 25 15  15.1 1002 235 13.2 6  7.4  69  100  296 332 -383  1
3856500 2933500  6 25 16  15.3 1003 240 12.9 8  7.4  68   57  261 344 -383  1
3856500 2933500  6 25 17  14.1 1003 237 10.7 8  7.7  73    7  185 351 -383  1
3856500 2933500  6 25 18  13.4 1004 235 11.2 8  7.7  78   15  153 348 -383  1
3856500 2933500  6 25 19  14.0 1004 229  9.4 7  7.5  76   19  101 344 -381  1
3856500 2933500  6 25 20  13.2 1004 229  8.5 6  7.5  77   27   50 335 -380  1
3856500 2933500  6 25 21  12.8 1004 224  7.8 6  7.4  78   12   15 329 -378  1
3856500 2933500  6 25 22  12.4 1004 220  7.3 6  7.4  80    0    0 330 -377  1
3856500 2933500  6 25 23  12.1 1005 221  7.0 6  7.4  83    0    0 327 -376  1
3856500 2933500  6 25 24  11.8 1004 225  6.4 6  7.4  85    0    0 322 -374  1
3856500 2933500  6 26  1  11.6 1009 232  6.0 6  7.5  88    0    0 343 -378  1
3856500 2933500  6 26  2  11.6 1010 237  5.8 6  7.7  90    0    0 332 -376  1
3856500 2933500  6 26  3  11.6 1010 242  5.8 7  7.8  91    0    0 332 -375  1
3856500 2933500  6 26  4  11.8 1009 243  6.2 7  7.9  92    0    0 341 -376  1
3856500 2933500  6 26  5  12.1 1009 246  6.6 7  8.0  91    0    6 352 -377  1
3856500 2933500  6 26  6  12.4 1009 250  7.2 7  8.2  92    0   31 348 -379  1
3856500 2933500  6 26  7  13.0 1009 246  8.0 6  8.3  90    3   91 338 -382  1
3856500 2933500  6 26  8  13.7 1010 242  7.7 7  8.3  86    5  153 342 -390  1
3856500 2933500  6 26  9  14.4 1010 258  8.2 6  8.5  84   40  244 346 -400  1
3856500 2933500  6 26 10  14.5 1010 253  9.2 8  8.7  84    7  240 354 -407  1
3856500 2933500  6 26 11  14.6 1010 271 10.2 7  8.8  85   80  330 363 -413  1
3856500 2933500  6 26 12  15.4 1010 268 10.3 7  8.6  81   75  340 360 -415  1
3856500 2933500  6 26 13  15.8 1010 274 11.1 7  8.3  75   46  336 362 -413  1
3856500 2933500  6 26 14  15.3 1011 280 10.4 6  8.5  76  118  342 356 -414  1
3856500 2933500  6 26 15  16.4 1012 285 10.3 5  8.3  74  147  308 346 -419  1
3856500 2933500  6 26 16  16.2 1012 292 10.3 4  8.1  70  139  271 337 -419  1
3856500 2933500  6 26 17  15.7 1013 296  9.4 5  8.0  71   66  223 335 -413  1
3856500 2933500  6 26 18  15.3 1013 296  8.8 7  7.8  71   11  143 347 -405  1
3856500 2933500  6 26 19  14.6 1014 289  8.6 7  7.7  73    8   91 353 -398  1
3856500 2933500  6 26 20  14.3 1015 278  8.9 7  7.7  75   11   47 352 -393  1
3856500 2933500  6 26 21  13.8 1015 274  7.7 8  7.7  77    2    9 357 -389  1
3856500 2933500  6 26 22  13.7 1016 273  8.5 7  7.6  78    0    0 356 -387  1
3856500 2933500  6 26 23  13.3 1016 272  7.3 7  7.7  80    0    0 351 -383  1
3856500 2933500  6 26 24  13.1 1017 256  5.8 8  7.7  82    0    0 355 -380  1
3856500 2933500  6 27  1  12.8 1017 269  7.4 8  7.7  83    0    0 360 -378  1
3856500 2933500  6 27  2  12.7 1017 257  6.2 8  7.7  84    0    0 359 -375  1
3856500 2933500  6 27  3  12.6 1017 259  6.6 8  7.6  84    0    0 361 -372  1
3856500 2933500  6 27  4  12.3 1017 254  6.2 7  7.6  84    0    0 357 -372  1
3856500 2933500  6 27  5  12.2 1018 251  6.1 8  7.6  86    0    2 358 -371  1
3856500 2933500  6 27  6  12.2 1018 259  6.4 7  7.6  86    0   14 359 -372  1
3856500 2933500  6 27  7  12.5 1018 261  6.0 7  7.7  86    0   44 356 -377  1
3856500 2933500  6 27  8  13.0 1019 276  6.6 8  7.7  84    0   87 361 -387  1
3856500 2933500  6 27  9  13.1 1019 271  6.9 8  7.6  81    0  125 367 -401  1
3856500 2933500  6 27 10  13.2 1019 277  6.8 8  7.6  81    0  152 367 -412  1
3856500 2933500  6 27 11  13.8 1020 283  7.5 7  7.5  78    0  203 362 -422  1
3856500 2933500  6 27 12  14.3 1020 275  7.3 6  7.5  76    5  282 354 -434  1
3856500 2933500  6 27 13  15.3 1020 290  7.5 7  7.6  72    9  311 354 -444  1
3856500 2933500  6 27 14  15.3 1021 280  7.7 8  7.5  70    8  292 363 -451  1
3856500 2933500  6 27 15  16.0 1021 285  7.0 8  7.5  68   14  284 367 -451  1
3856500 2933500  6 27 16  15.8 1021 295  6.6 7  7.4  66   66  312 362 -447  1
3856500 2933500  6 27 17  16.0 1021 291  6.1 5  7.5  67  117  277 350 -438  1
3856500 2933500  6 27 18  15.9 1021 298  5.4 4  7.5  67  138  206 339 -428  1
3856500 2933500  6 27 19  15.3 1021 297  4.9 3  7.5  69  121  134 331 -416  1
3856500 2933500  6 27 20  14.7 1021 295  3.9 3  7.5  71   41   71 326 -404  1
3856500 2933500  6 27 21  12.9 1021 300  3.8 3  7.4  76    3   13 322 -392  1
3856500 2933500  6 27 22  11.0 1021 273  1.8 4  7.3  84    0    0 320 -382  1
3856500 2933500  6 27 23   9.6 1021 265  1.1 5  7.0  90    0    0 322 -376  1
3856500 2933500  6 27 24   8.9 1021 252  0.5 6  6.7  93    0    0 326 -374  1
3856500 2933500  6 28  1   8.1 1021 205  1.2 4  6.5  95    0    0 318 -375  1
3856500 2933500  6 28  2   8.4 1020 189  1.3 5  6.5  96    0    0 311 -377  1
3856500 2933500  6 28  3   8.3 1020 213  1.2 6  6.6  98    0    0 320 -378  1
3856500 2933500  6 28  4   8.9 1019 204  1.1 7  6.9 100    0    0 331 -379  1
3856500 2933500  6 28  5  10.1 1019 230  1.3 8  7.4 100    0    3 343 -380  1
3856500 2933500  6 28  6  11.1 1018 142  1.2 8  7.9  99    0   28 352 -381  1
3856500 2933500  6 28  7  11.5 1018 134  1.5 8  8.2  98    0   62 355 -381  1
3856500 2933500  6 28  8  12.8 1017  88  2.2 7  8.6  98    0  107 352 -383  1
3856500 2933500  6 28  9  13.8 1017 138  2.0 7  9.2  96    1  180 353 -387  1
3856500 2933500  6 28 10  14.6 1017 127  2.3 8  9.5  94    0  160 364 -393  1
3856500 2933500  6 28 11  15.0 1016 142  2.2 8  9.8  93    0  156 374 -400  1
3856500 2933500  6 28 12  15.7 1016 188  2.3 7 10.1  92    0  204 372 -412  1
3856500 2933500  6 28 13  16.6 1016 238  1.8 8 10.6  92    0  240 374 -428  1
3856500 2933500  6 28 14  18.1 1016 304  2.7 7 11.5  93   12  294 377 -449  1
3856500 2933500  6 28 15  19.2 1016 260  4.2 7 12.2  90    0  212 377 -456  1
3856500 2933500  6 28 16  18.4 1016 272  5.6 6 12.2  89    7  223 373 -447  1
3856500 2933500  6 28 17  18.9 1015 273  6.6 6 12.2  90    6  180 368 -444  1
3856500 2933500  6 28 18  18.7 1015 290  6.6 7 12.0  88    5  133 370 -441  1
3856500 2933500  6 28 19  18.5 1015 280  5.4 7 11.7  87    1   76 371 -433  1
3856500 2933500  6 28 20  17.4 1015 276  4.8 8 11.4  88    0   27 370 -422  1
3856500 2933500  6 28 21  17.0 1015 282  3.0 8 11.1  91    0    2 368 -410  1
3856500 2933500  6 28 22  16.8 1015 280  1.9 8 11.1  92    0    0 365 -399  1
3856500 2933500  6 28 23  16.0 1015 266  1.6 8 11.0  94    0    0 362 -391  1
3856500 2933500  6 28 24  15.2 1014 271  1.5 7 10.6  95    0    0 356 -386  1
3856500 2933500  6 29  1  15.5 1014 283  2.3 8 10.5  96    0    0 356 -382  1
3856500 2933500  6 29  2  15.7 1014 262  1.6 8 10.8  97    0    0 361 -378  1
3856500 2933500  6 29  3  15.7 1014 225  1.4 8 10.8  96    0    0 363 -376  1
3856500 2933500  6 29  4  15.5 1014 231  1.3 8 10.7  96    0    0 364 -376  1
3856500 2933500  6 29  5  15.3 1013 229  0.8 8 10.7  98    0    3 364 -379  1
3856500 2933500  6 29  6  16.0 1013 158  1.1 8 10.9  98    0   21 365 -383  1
3856500 2933500  6 29  7  16.6 1013 181  1.3 7 11.2  96   13  113 364 -392  1
3856500 2933500  6 29  8  17.4 1013 196  1.8 7 11.4  94   26  189 363 -404  1
3856500 2933500  6 29  9  18.6 1013 181  1.8 6 11.6  89   86  272 363 -416  1
3856500 2933500  6 29 10  19.9 1013 194  2.5 5 11.7  83  302  295 361 -425  1
3856500 2933500  6 29 11  22.0 1012 147  2.6 5 11.7  75  355  329 365 -437  1
3856500 2933500  6 29 12  23.0 1012 153  3.2 6 11.7  68  236  388 377 -448  1
3856500 2933500  6 29 13  24.1 1011 143  3.4 8 11.8  64   23  330 393 -459  1
3856500 2933500  6 29 14  23.8 1011 118  4.4 7 11.9  64  119  373 398 -469  1
3856500 2933500  6 29 15  24.5 1010 126  5.0 4 12.0  63  440  278 388 -471  1
3856500 2933500  6 29 16  25.3 1010 110  4.6 6 12.0  60  293  279 389 -469  1
3856500 2933500  6 29 17  25.5 1009 111  4.5 7 12.3  60  175  245 400 -467  1
3856500 2933500  6 29 18  25.2 1009 105  6.0 7 12.4  61  104  185 402 -461  1
3856500 2933500  6 29 19  23.8 1008  94  6.8 8 12.6  65    0   53 400 -452  1
3856500 2933500  6 29 20  23.5 1007 106  5.9 8 12.7  69    0   23 400 -443  1
3856500 2933500  6 29 21  22.6 1007 119  5.6 8 12.6  71    0    3 396 -437  1
3856500 2933500  6 29 22  22.4 1006 121  4.6 7 12.5  72    0    0 391 -431  1
3856500 2933500  6 29 23  21.9 1006 124  4.9 6 12.5  74    0    0 386 -428  1
3856500 2933500  6 29 24  21.8 1006  93  4.3 6 12.5  75    0    0 383 -425  1
3856500 2933500  6 30  1  21.7 1006 134  4.8 8 12.4  75    0    0 391 -423  1
3856500 2933500  6 30  2  21.4 1005 150  3.9 8 12.5  77    0    0 396 -422  1
3856500 2933500  6 30  3  21.0 1005 198  4.4 8 12.7  79    0    0 396 -424  1
3856500 2933500  6 30  4  20.3 1005 180  5.1 7 12.5  81    0    0 392 -422  1
3856500 2933500  6 30  5  20.0 1005 182  3.3 4 12.3  82    0   11 378 -413  1
3856500 2933500  6 30  6  20.2 1005 207  4.4 3 12.1  81    9   66 366 -404  1
3856500 2933500  6 30  7  20.7 1006 226  5.0 4 11.6  76   44  154 366 -405  1
3856500 2933500  6 30  8  21.5 1007 239  5.1 6 11.0  70   40  223 376 -412  1
3856500 2933500  6 30  9  21.2 1007 236  5.3 5 10.6  66  158  327 380 -423  1
3856500 2933500  6 30 10  21.8 1008 255  4.6 5 10.4  64  149  390 377 -436  1
3856500 2933500  6 30 11  22.1 1008 265  4.4 8 10.0  60    1  249 388 -451  1
3856500 2933500  6 30 12  22.3 1008 271  3.5 5  9.9  59   76  419 388 -465  1
3856500 2933500  6 30 13  23.0 1007 279  3.5 6 10.2  59   60  408 385 -473  1
3856500 2933500  6 30 14  22.4 1008 276  3.0 7 10.6  61    0  202 392 -467  1
3856500 2933500  6 30 15  21.9 1008 254  3.3 5 11.2  66    9  277 389 -455  1
3856500 2933500  6 30 16  21.9 1008 258  3.3 4 11.4  68  167  372 382 -445  1
3856500 2933500  6 30 17  23.2 1008 170  2.7 3 11.4  66  280  286 378 -440  1
3856500 2933500  6 30 18  22.6 1008 164  2.4 4 11.7  67   45  205 378 -437  1
3856500 2933500  6 30 19  21.5 1008 170  3.1 5 11.7  70    9  108 379 -437  1
3856500 2933500  6 30 20  21.1 1008 333  5.7 7 11.5  72    9   56 386 -436  1
3856500 2933500  6 30 21  19.7 1008   0  4.0 7 11.3  75    0    3 389 -425  1
3856500 2933500  6 30 22  16.9 1009 355  2.7 7 10.3  78    0    0 382 -414  1
3856500 2933500  6 30 23  16.3 1010  86  1.9 7  9.4  79    0    0 376 -410  1
3856500 2933500  6 30 24  16.0 1010 148  1.9 6  9.3  81    0    0 371 -408  1
3856500 2933500  7  1  1  14.7 1010 192  1.6 2  9.2  84    0    0 349 -407  1
3856500 2933500  7  1  2  14.2 1010 162  3.6 0  9.2  89    0    0 328 -404  1
3856500 2933500  7  1  3  14.8 1010 182  2.8 0  9.4  90    0    0 322 -403  1
3856500 2933500  7  1  4  14.6 1010 177  3.3 1  9.5  90    0    0 324 -402  1
3856500 2933500  7  1  5  14.7 1010 181  4.1 2  9.7  93    3   17 328 -401  1
3856500 2933500  7  1  6  15.4 1011 184  4.5 2 10.0  92   26   63 328 -402  1
3856500 2933500  7  1  7  16.8 1011 196  4.3 5 10.2  88   74  127 339 -407  1
3856500 2933500  7  1  8  18.3 1011 204  4.4 5 10.4  82  164  184 352 -416  1
3856500 2933500  7  1  9  19.4 1011 210  4.9 6 10.5  77  222  242 359 -429  1
3856500 2933500  7  1 10  20.9 1012 212  4.8 5 10.7  72  515  175 364 -443  1
3856500 2933500  7  1 11  22.5 1011 204  5.1 3 10.6  65  491  248 362 -453  1
3856500 2933500  7  1 12  23.2 1011 222  6.3 4  9.8  56  276  365 363 -456  1
3856500 2933500  7  1 13  23.6 1012 215  5.6 4  9.0  50  279  365 369 -459  1
3856500 2933500  7  1 14  24.2 1012 216  6.3 4  8.8  47  321  340 372 -463  1
3856500 2933500  7  1 15  24.1 1012 208  6.7 4  8.5  45  379  283 373 -467  1
3856500 2933500  7  1 16  24.0 1012 220  4.0 3  8.2  44  481  177 371 -470  1
3856500 2933500  7  1 17  24.5 1012 240  4.6 4  8.2  43  365  160 371 -460  1
3856500 2933500  7  1 18  24.3 1011 333  4.4 4  8.1  42  234  139 374 -447  1
3856500 2933500  7  1 19  23.5 1011 205  3.2 2  8.4  45  128  102 366 -439  1
3856500 2933500  7  1 20  22.6 1011  47  1.7 4  8.7  49   50   56 363 -429  1
3856500 2933500  7  1 21  18.5 1011  78  2.2 4  9.4  62    1   10 363 -421  1
3856500 2933500  7  1 22  17.3 1011  85  1.8 5  9.7  75    0    0 356 -415  1
3856500 2933500  7  1 23  16.3 1011  79  1.3 5  9.6  80    0    0 353 -410  1
3856500 2933500  7  1 24  17.2 1010 155  2.1 5  9.8  82    0    0 350 -406  1
3856500 2933500  7  2  1  18.3 1011 188  3.2 7 10.7  81    0    0 368 -406  1
3856500 2933500  7  2  2  16.6 1011 219  4.3 6 10.4  83    0    0 361 -405  1
3856500 2933500  7  2  3  15.5 1011 251  4.6 5 10.2  89    0    0 347 -399  1
3856500 2933500  7  2  4  15.1 1011 266  4.0 4  9.9  91    0    0 336 -389  1
3856500 2933500  7  2  5  14.6 1011 243  3.3 1  9.5  90    6   20 319 -384  1
3856500 2933500  7  2  6  14.9 1012 231  3.8 1  9.2  87   59   69 306 -383  1
3856500 2933500  7  2  7  15.8 1012 240  5.3 1  8.9  82  159  116 305 -388  1
3856500 2933500  7  2  8  16.8 1012 248  6.9 1  8.8  76  256  163 307 -397  1
3856500 2933500  7  2  9  17.8 1013 241  7.3 2  8.4  68  376  195 314 -409  1
3856500 2933500  7  2 10  18.5 1013 244  7.8 3  8.0  61  453  235 323 -422  1
3856500 2933500  7  2 11  19.7 1014 242  7.7 2  7.8  56  530  257 327 -434  1
3856500 2933500  7  2 12  20.4 1014 251  7.6 3  7.6  52  450  337 333 -444  1
3856500 2933500  7  2 13  20.2 1014 253  8.1 4  7.1  48  232  412 343 -449  1
3856500 2933500  7  2 14  20.2 1015 247  6.8 4  7.0  48  314  382 347 -449  1
3856500 2933500  7  2 15  20.9 1015 234  7.6 4  6.7  45  294  349 347 -446  1
3856500 2933500  7  2 16  20.5 1015 229  6.5 5  6.3  41  127  310 350 -441  1
3856500 2933500  7  2 17  19.3 1015 262  5.2 5  6.6  46   18  206 351 -434  1
3856500 2933500  7  2 18  18.7 1016 270  5.1 7  7.1  52    8  139 355 -423  1
3856500 2933500  7  2 19  13.6 1016 274  6.5 6  7.6  66    2   77 347 -413  1
3856500 2933500  7  2 20  14.5 1017 240  4.1 3  7.9  79   41   61 319 -404  1
3856500 2933500  7  2 21  13.5 1017 226  3.2 3  7.7  77    5   14 299 -392  1
3856500 2933500  7  2 22  12.7 1018 215  3.1 2  7.6  81    0    0 290 -381  1
3856500 2933500  7  2 23  12.3 1018 216  3.5 1  7.6  84    0    0 278 -376  1
3856500 2933500  7  2 24  12.2 1019 236  2.4 2  7.5  84    0    0 277 -371  1
3856500 2933500  7  3  1  12.5 1019 161  1.7 3  7.3  82    0    0 286 -364  1
3856500 2933500  7  3  2  12.1 1019 162  2.4 3  7.3  82    0    0 291 -359  1
3856500 2933500  7  3  3  10.7 1019 188  2.4 3  7.2  86    0    0 290 -356  1
3856500 2933500  7  3  4  11.0 1019 221  2.3 4  7.2  89    0    0 296 -352  1
3856500 2933500  7  3  5  10.9 1019 174  2.3 3  7.1  88    0   14 296 -347  1
3856500 2933500  7  3  6  12.1 1020 184  2.9 3  7.3  87   45   60 292 -351  1
3856500 2933500  7  3  7  14.1 1020 201  3.4 2  7.6  82  158  100 292 -365  1
3856500 2933500  7  3  8  15.5 1020 205  4.0 2  7.8  75  284  128 295 -384  1
3856500 2933500  7  3  9  16.8 1020 191  3.9 3  7.7  68  322  196 306 -405  1
3856500 2933500  7  3 10  17.9 1020 190  4.2 4  7.6  62  294  282 321 -424  1
3856500 2933500  7  3 11  18.4 1020 201  4.4 5  7.5  58  129  356 337 -435  1
3856500 2933500  7  3 12  18.6 1021 193  3.9 6  7.3  55   73  356 349 -427  1
3856500 2933500  7  3 13  19.0 1020 183  3.7 5  7.2  54  254  378 352 -415  1
3856500 2933500  7  3 14  19.3 1020 182  3.1 5  7.4  54  297  355 353 -417  1
3856500 2933500  7  3 15  20.0 1020 192  3.1 5  7.5  53  428  267 356 -417  1
3856500 2933500  7  3 16  19.6 1020 179  2.5 6  7.6  53  181  291 360 -409  1
3856500 2933500  7  3 17  19.4 1019 175  2.0 6  7.5  53  111  233 362 -403  1
3856500 2933500  7  3 18  19.3 1019 159  2.1 6  7.4  53   78  173 361 -398  1
3856500 2933500  7  3 19  19.2 1019 159  1.5 5  7.1  52   74  110 357 -394  1
3856500 2933500  7  3 20  18.2 1019 172  1.7 6  7.4  55   60   56 355 -392  1
3856500 2933500  7  3 21  16.4 1019 139  1.1 3  8.2  66    1   11 343 -389  1
3856500 2933500  7  3 22  14.6 1019 129  1.4 2  8.3  76    0    0 320 -386  1
3856500 2933500  7  3 23  13.2 1019  98  1.1 2  8.2  83    0    0 311 -384  1
3856500 2933500  7  3 24  13.0 1019 122  1.5 1  8.2  88    0    0 305 -381  1
3856500 2933500  7  4  1  11.7 1019 118  1.9 0  8.1  91    0    0 296 -374  1
3856500 2933500  7  4  2  11.1 1019 144  1.6 0  7.9  95    0    0 287 -368  1
3856500 2933500  7  4  3  10.7 1019 156  1.1 0  7.7  95    0    0 284 -366  1
3856500 2933500  7  4  4  10.4 1018 142  2.0 1  7.7  97    0    0 285 -364  1
3856500 2933500  7  4  5  10.9 1018 147  1.6 1  7.9  99    1   12 289 -363  1
3856500 2933500  7  4  6  12.8 1019 143  2.1 0  8.4  97   42   60 287 -365  1
3856500 2933500  7  4  7  14.9 1019 151  2.7 1  9.0  92  155   99 292 -374  1
3856500 2933500  7  4  8  17.1 1019 189  2.4 3  9.5  84  226  153 314 -390  1
3856500 2933500  7  4  9  18.1 1019 180  2.8 5  9.4  75  201  242 338 -410  1
3856500 2933500  7  4 10  19.6 1019 135  3.0 5  9.2  68  247  295 353 -431  1
3856500 2933500  7  4 11  20.2 1019 145  4.0 5  9.0  62  319  321 359 -449  1
3856500 2933500  7  4 12  20.8 1019 137  3.8 6  8.8  58  327  349 366 -464  1
3856500 2933500  7  4 13  21.6 1018 152  3.6 5  8.8  56  317  361 369 -474  1
3856500 2933500  7  4 14  22.4 1018 205  3.8 4  8.6  52  458  288 364 -476  1
3856500 2933500  7  4 15  22.2 1018 180  3.2 5  8.4  50  399  276 366 -474  1
3856500 2933500  7  4 16  23.1 1017 190  2.1 4  8.6  50  453  188 368 -469  1
3856500 2933500  7  4 17  23.3 1017 211  2.7 3  8.8  50  413  134 362 -464  1
3856500 2933500  7  4 18  23.3 1017 139  2.3 3  8.8  50  274  120 358 -456  1
3856500 2933500  7  4 19  22.4 1017 126  2.8 3  9.3  53  145   94 356 -445  1
3856500 2933500  7  4 20  21.0 1017 108  3.1 2  9.9  61   50   54 350 -436  1
3856500 2933500  7  4 21  18.9 1016  94  3.3 3 10.1  70    2    9 343 -428  1
3856500 2933500  7  4 22  17.4 1017  96  3.2 2 10.2  78    0    0 336 -422  1
3856500 2933500  7  4 23  16.4 1017 102  3.4 3 10.2  85    0    0 331 -417  1
3856500 2933500  7  4 24  15.2 1017 114  2.7 5  9.9  88    0    0 340 -412  1
3856500 2933500  7  5  1  14.6 1017 103  3.0 2  9.9  93    0    0 332 -408  1
3856500 2933500  7  5  2  14.3 1017 107  2.8 1  9.9  96    0    0 316 -406  1
3856500 2933500  7  5  3  14.6 1016 106  2.6 1  9.8  96    0    0 315 -404  1
3856500 2933500  7  5  4  13.7 1016  92  2.6 1  9.7  96    0    0 316 -400  1
3856500 2933500  7  5  5  13.8 1016  87  2.8 2  9.6  97    0    8 318 -396  1
3856500 2933500  7  5  6  15.4 1016  93  3.6 3  9.8  94   20   56 326 -394  1
3856500 2933500  7  5  7  17.1 1016 110  3.9 1 10.3  89  130  102 326 -399  1
3856500 2933500  7  5  8  19.3 1016 115  4.0 2 10.9  83  266  125 328 -410  1
3856500 2933500  7  5  9  21.1 1015 112  3.5 2 11.1  75  394  145 339 -426  1
3856500 2933500  7  5 10  22.6 1015 118  3.6 4 11.0  67  375  231 351 -444  1
3856500 2933500  7  5 11  23.7 1015 103  3.9 4 10.3  58  431  258 361 -461  1
3856500 2933500  7  5 12  24.4 1015 106  3.9 4  9.8  52  525  246 366 -475  1
3856500 2933500  7  5 13  24.9 1015 127  3.6 5  9.7  50  459  291 373 -485  1
3856500 2933500  7  5 14  24.5 1014  92  4.0 5  9.8  50  383  307 379 -491  1
3856500 2933500  7  5 15  25.7 1014 102  4.4 6 10.0  50  303  299 383 -492  1
3856500 2933500  7  5 16  25.6 1014 114  4.6 5 10.1  49  298  247 385 -488  1
3856500 2933500  7  5 17  25.3 1014 107  3.7 5  9.8  48  199  214 381 -482  1
3856500 2933500  7  5 18  25.1 1013 116  4.0 4  9.8  49  183  148 376 -474  1
3856500 2933500  7  5 19  24.3 1013  87  3.7 4 10.0  51  144   89 372 -462  1
3856500 2933500  7  5 20  23.0 1013  77  4.0 3 10.5  57   36   52 368 -451  1
3856500 2933500  7  5 21  20.5 1013  66  3.8 1 11.2  68    0    4 357 -442  1
3856500 2933500  7  5 22  19.6 1013  75  4.3 1 11.5  78    0    0 346 -433  1
3856500 2933500  7  5 23  18.5 1013  70  3.8 1 11.6  84    0    0 341 -427  1
3856500 2933500  7  5 24  17.6 1013  78  4.0 2 11.5  88    0    0 340 -423  1
3856500 2933500  7  6  1  17.3 1013  68  3.8 1 11.3  90    0    0 337 -419  1
3856500 2933500  7  6  2  16.8 1013  70  3.8 1 11.1  91    0    0 331 -416  1
3856500 2933500  7  6  3  16.4 1013  86  3.9 2 11.0  92    0    0 331 -414  1
3856500 2933500  7  6  4  16.1 1013  82  3.9 4 10.8  93    0    0 338 -413  1
3856500 2933500  7  6  5  16.2 1013  89  4.3 1 10.8  94    0   10 335 -413  1
3856500 2933500  7  6  6  17.1 1012  84  4.2 3 11.1  93    4   47 331 -416  1
3856500 2933500  7  6  7  18.6 1012 107  4.9 7 11.5  89   24  119 356 -420  1
3856500 2933500  7  6  8  19.7 1012 106  3.8 4 11.9  85  134  190 364 -425  1
3856500 2933500  7  6  9  21.8 1012  99  4.3 5 12.4  80   92  266 364 -429  1
3856500 2933500  7  6 10  23.6 1012  95  5.2 5 12.7  73  125  320 378 -436  1
3856500 2933500  7  6 11  24.2 1012 130  5.1 6 12.6  68   72  347 389 -449  1
3856500 2933500  7  6 12  24.5 1012 196  5.3 5 12.5  65  163  385 397 -458  1
3856500 2933500  7  6 13  25.5 1012 153  4.5 4 12.3  62  431  331 398 -456  1
3856500 2933500  7  6 14  25.8 1012 151  5.2 4 12.3  59  391  330 398 -460  1
3856500 2933500  7  6 15  25.4 1011  68  5.3 5 12.4  60  219  342 399 -467  1
3856500 2933500  7  6 16  24.8 1011 109  5.7 7 12.4  62   80  284 403 -458  1
3856500 2933500  7  6 17  24.4 1011 104  6.0 6 12.5  64  108  237 403 -455  1
3856500 2933500  7  6 18  24.0 1011 107  5.6 8 12.7  67   28  159 403 -461  1
3856500 2933500  7  6 19  23.3 1011  79  4.9 7 12.8  70   13   96 405 -457  1
3856500 2933500  7  6 20  22.7 1010  75  6.0 8 12.9  73    9   47 403 -450  1
3856500 2933500  7  6 21  21.5 1010  64  5.1 7 13.0  77    0    2 399 -443  1
3856500 2933500  7  6 22  20.9 1010  64  4.4 7 12.9  81    0    0 391 -435  1
3856500 2933500  7  6 23  20.2 1010  62  5.3 5 12.9  84    0    0 381 -431  1
3856500 2933500  7  6 24  19.6 1010  49  9.1 6 12.7  86    0    0 374 -429  1
3856500 2933500  7  7  1  18.9 1010  59  6.3 6 12.3  88    0    0 375 -425  1
3856500 2933500  7  7  2  18.5 1009  48  5.0 7 12.0  88    0    0 377 -421  1
3856500 2933500  7  7  3  18.1 1009  75  4.5 7 11.9  90    0    0 379 -418  1
3856500 2933500  7  7  4  17.8 1009  60  4.6 7 11.9  92    0    0 378 -416  1
3856500 2933500  7  7  5  17.4 1008  84  5.2 7 11.8  93    2   13 376 -417  1
3856500 2933500  7  7  6  17.6 1008  84  4.6 4 11.9  94   16   54 363 -418  1
3856500 2933500  7  7  7  18.1 1008 113  4.3 6 12.1  94   10  104 359 -422  1
3856500 2933500  7  7  8  19.2 1008 108  5.8 7 12.3  91   19  169 375 -431  1
3856500 2933500  7  7  9  20.5 1008 142  5.2 8 12.7  87   17  221 387 -444  1
3856500 2933500  7  7 10  22.1 1008 172  4.5 7 13.0  81   81  300 392 -460  1
3856500 2933500  7  7 11  23.9 1008 210  4.8 6 12.8  72  109  340 391 -478  1
3856500 2933500  7  7 12  23.9 1008 237  5.0 6 12.2  65  137  360 393 -481  1
3856500 2933500  7  7 13  23.7 1009 112  4.6 6 11.8  63  221  362 394 -476  1
3856500 2933500  7  7 14  24.4 1009 287  4.2 6 11.4  60  247  343 395 -475  1
3856500 2933500  7  7 15  24.1 1009 238  5.1 7 11.3  59   60  300 398 -465  1
3856500 2933500  7  7 16  23.9 1010 253  4.1 8 11.4  61    0  128 402 -461  1
3856500 2933500  7  7 17  21.7 1010 222  3.3 6 11.7  67    0  145 393 -469  1
3856500 2933500  7  7 18  21.4 1010 302  2.7 4 12.0  74   78  165 377 -471  1
3856500 2933500  7  7 19  21.7 1011 302  3.4 4 11.6  72  148   86 370 -460  1
3856500 2933500  7  7 20  21.1 1011 302  3.8 7 11.2  70   58   49 378 -447  1
3856500 2933500  7  7 21  20.3 1011 340  3.0 5 11.3  74    1    9 380 -436  1
3856500 2933500  7  7 22  18.0 1012  29  2.8 5 11.4  82    0    0 366 -427  1
3856500 2933500  7  7 23  16.8 1012  54  3.1 5 11.4  91    0    0 359 -423  1
3856500 2933500  7  7 24  16.5 1013  51  2.4 3 11.3  95    0    0 347 -420  1
3856500 2933500  7  8  1  15.6 1013  75  1.8 2 11.0  96    0    0 331 -417  1
3856500 2933500  7  8  2  15.2 1013  80  1.9 2 10.7  98    0    0 321 -413  1
3856500 2933500  7  8  3  15.3 1012 130  1.6 3 10.6  98    0    0 322 -410  1
3856500 2933500  7  8  4  15.7 1013 137  1.1 5 11.0  99    0    0 336 -408  1
3856500 2933500  7  8  5  15.4 1013 179  1.7 5 11.0  99    0    2 346 -408  1
3856500 2933500  7  8  6  16.1 1012 195  2.0 6 10.9  97    0   27 352 -410  1
3856500 2933500  7  8  7  16.7 1012 226  2.2 7 11.5  98    4   95 363 -413  1
3856500 2933500  7  8  8  17.9 1012 217  2.1 4 11.7  94  107  193 357 -421  1
3856500 2933500  7  8  9  20.4 1012 196  2.3 3 11.6  83  396  160 347 -431  1
3856500 2933500  7  8 10  22.1 1013 221  2.6 3 11.3  71  540  160 351 -449  1
3856500 2933500  7  8 11  23.6 1013 208  3.4 2 10.3  59  643  164 353 -469  1
3856500 2933500  7  8 12  24.6 1012 205  3.7 2  9.5  50  542  260 356 -478  1
3856500 2933500  7  8 13  25.4 1012 198  3.8 4  9.4  47  157  379 371 -482  1
3856500 2933500  7  8 14  24.1 1012 187  3.6 7  8.8  45   14  280 386 -474  1
3856500 2933500  7  8 15  22.6 1012 229  5.1 8  9.3  52    0  142 393 -457  1
3856500 2933500  7  8 16  21.1 1012 278  3.0 4 10.8  66  222  287 381 -463  1
3856500 2933500  7  8 17  22.7 1011 110  4.8 3 10.6  64  442  128 366 -462  1
3856500 2933500  7  8 18  23.0 1011  91  4.5 3  9.9  57  195  156 365 -443  1
3856500 2933500  7  8 19  21.6 1011  90  3.4 3 10.3  61   56  113 361 -432  1
3856500 2933500  7  8 20  20.4 1011 117  4.8 3 10.7  69   52   55 356 -424  1
3856500 2933500  7  8 21  18.5 1011 108  2.3 3 10.7  75    5   12 349 -418  1
3856500 2933500  7  8 22  16.7 1011 137  2.5 2 10.9  86    0    0 339 -410  1
3856500 2933500  7  8 23  15.4 1011 125  2.6 2 10.8  94    0    0 329 -405  1
3856500 2933500  7  8 24  15.3 1011 128  2.0 2 10.4  95    0    0 325 -403  1
3856500 2933500  7  9  1  15.0 1011 113  2.2 1 10.3  95    0    0 320 -404  1
3856500 2933500  7  9  2  14.3 1010 108  2.2 2 10.1  96    0    0 318 -406  1
3856500 2933500  7  9  3  14.1 1010 312  3.7 3 10.0  98    0    0 324 -407  1
3856500 2933500  7  9  4  13.4 1009  58  5.1 0  9.8  99    0    0 317 -406  1
3856500 2933500  7  9  5  13.9 1008  83  3.4 0  9.8 100    3   13 307 -402  1
3856500 2933500  7  9  6  14.6 1008 113  2.5 0 10.2 100   75   52 308 -400  1
3856500 2933500  7  9  7  16.7 1008 116  3.1 1 10.7  95  233   60 315 -404  1
3856500 2933500  7  9  8  19.2 1007 111  3.3 1 11.1  86  381   78 327 -410  1
3856500 2933500  7  9  9  21.1 1007 110  3.2 3 11.7  78  251  211 343 -421  1
3856500 2933500  7  9 10  22.1 1006 122  3.9 5 11.9  73   42  282 364 -439  1
3856500 2933500  7  9 11  23.8 1006 119  4.1 6 11.8  67   22  295 380 -451  1
3856500 2933500  7  9 12  24.3 1005 146  4.6 6 11.8  62    6  269 389 -457  1
3856500 2933500  7  9 13  20.0 1005 129  4.0 7 12.2  72    0  148 388 -460  1
3856500 2933500  7  9 14  19.0 1005 306  6.6 6 12.5  87    3  244 378 -463  1
3856500 2933500  7  9 15  18.0 1005 208  3.8 6 11.9  88   70  298 369 -452  1
3856500 2933500  7  9 16  18.9 1005 181  4.5 7 11.4  85    4  203 370 -437  1
3856500 2933500  7  9 17  17.6 1004 164  4.5 8 11.4  86    0  114 375 -443  1
3856500 2933500  7  9 18  16.5 1004 170  4.9 8 11.5  94    0   81 376 -451  1
3856500 2933500  7  9 19  16.8 1004 190  5.4 8 11.6  97    2   78 376 -445  1
3856500 2933500  7  9 20  16.4 1004 245  4.6 7 11.5  96   16   47 371 -431  1
3856500 2933500  7  9 21  16.2 1005 179  6.2 7 11.1  94    5   11 368 -421  1
3856500 2933500  7  9 22  16.0 1005 202  5.8 7 10.7  92    0    0 366 -412  1
3856500 2933500  7  9 23  15.5 1005 197  4.3 7 10.4  92    0    0 364 -406  1
3856500 2933500  7  9 24  15.2 1005 262  4.1 7 10.3  94    0    0 361 -404  1
3856500 2933500  7 10  1  15.0 1006 138  5.4 8 10.2  94    0    0 363 -403  1
3856500 2933500  7 10  2  15.1 1006 208  5.6 8 10.1  94    0    0 364 -400  1
3856500 2933500  7 10  3  14.9 1006 239  5.9 8 10.1  93    0    0 365 -397  1
3856500 2933500  7 10  4  15.1 1006 213  6.1 6  9.8  91    0    0 358 -394  1
3856500 2933500  7 10  5  14.9 1006 226  6.5 5  9.5  89    0    1 346 -393  1
3856500 2933500  7 10  6  15.3 1006 222  7.1 8  9.3  86    0   21 353 -396  1
3856500 2933500  7 10  7  15.5 1007 225  7.2 7  9.3  84    0   69 361 -401  1
3856500 2933500  7 10  8  15.9 1007 213  8.1 8  9.3  83    0  106 363 -407  1
3856500 2933500  7 10  9  16.3 1007 222  7.0 6  9.5  83   24  202 363 -418  1
3856500 2933500  7 10 10  17.3 1007 235  8.2 6  9.7  80   50  249 358 -432  1
3856500 2933500  7 10 11  18.3 1007 240  8.8 5  9.7  75  162  261 359 -438  1
3856500 2933500  7 10 12  19.0 1008 261  9.1 4  9.6  71   99  287 358 -429  1
3856500 2933500  7 10 13  19.3 1008 238  9.7 5  9.8  70   71  291 364 -431  1
3856500 2933500  7 10 14  20.8 1008 244 10.5 8  9.9  67    0  196 380 -447  1
3856500 2933500  7 10 15  17.3 1009 234  9.5 8  9.9  71    0  144 385 -449  1
3856500 2933500  7 10 16  17.9 1009 244  8.2 8 10.4  82   11  204 380 -436  1
3856500 2933500  7 10 17  17.0 1009 250  9.2 8 10.5  83    0   91 379 -430  1
3856500 2933500  7 10 18  17.2 1010 264  7.5 8 10.3  84    1  110 377 -431  1
3856500 2933500  7 10 19  17.1 1010 281 10.0 8 10.2  83    9   79 377 -427  1
3856500 2933500  7 10 20  16.9 1010 212  5.8 8 10.1  82    3   36 376 -416  1
3856500 2933500  7 10 21  16.7 1010 234  5.6 7 10.0  83    0    4 371 -406  1
3856500 2933500  7 10 22  16.3 1010 242  5.5 7 10.1  85    0    0 366 -403  1
3856500 2933500  7 10 23  15.9 1011 262  6.8 7  9.9  86    0    0 365 -404  1
3856500 2933500  7 10 24  15.5 1011 230  4.9 7  9.8  88    0    0 365 -402  1
3856500 2933500  7 11  1  15.2 1011 235  5.0 7  9.8  90    0    0 365 -398  1
3856500 2933500  7 11  2  15.2 1011 221  5.6 7  9.7  90    0    0 365 -395  1
3856500 2933500  7 11  3  15.3 1011 238  4.9 6  9.7  89    0    0 361 -395  1
3856500 2933500  7 11  4  14.8 1011 230  4.9 6  9.7  90    0    0 356 -394  1
3856500 2933500  7 11  5  14.9 1011 228  4.4 7  9.6  90    0    2 359 -393  1
3856500 2933500  7 11  6  15.4 1011 229  3.9 8  9.7  90    0   12 367 -390  1
3856500 2933500  7 11  7  15.5 1011 224  4.4 8  9.9  90    0   47 372 -388  1
3856500 2933500  7 11  8  15.7 1011 239  4.2 7 10.1  90    8  141 367 -393  1
3856500 2933500  7 11  9  17.1 1011 241  5.3 7 10.3  88   72  229 364 -402  1
3856500 2933500  7 11 10  18.4 1011 233  5.2 5 10.1  79  346  199 360 -413  1
3856500 2933500  7 11 11  19.6 1011 239  4.9 5  9.7  70  299  263 357 -423  1
3856500 2933500  7 11 12  20.2 1011 213  5.9 6  9.5  65  102  315 366 -432  1
3856500 2933500  7 11 13  20.5 1011 252  6.0 7  9.2  62   53  311 374 -433  1
3856500 2933500  7 11 14  20.9 1011 219  5.2 6  9.1  59  198  294 375 -427  1
3856500 2933500  7 11 15  21.0 1011 260  4.8 7  9.1  58   72  275 376 -423  1
3856500 2933500  7 11 16  20.5 1011 260  4.2 8  9.2  60   63  244 379 -425  1
3856500 2933500  7 11 17  19.9 1011 281  3.4 8  9.3  62    1  145 380 -422  1
3856500 2933500  7 11 18  18.2 1010 294  3.7 6 10.1  73   25  143 370 -417  1
3856500 2933500  7 11 19  17.6 1010 282  2.9 7 10.7  83   10   86 363 -414  1
3856500 2933500  7 11 20  17.2 1010 248  2.7 7 10.5  84    0   22 365 -409  1
3856500 2933500  7 11 21  16.4 1010 249  2.5 7 10.4  86    0    1 363 -401  1
3856500 2933500  7 11 22  16.1 1010 244  2.3 7 10.2  88    0    0 361 -393  1
3856500 2933500  7 11 23  15.6 1011 218  2.1 7 10.1  89    0    0 360 -390  1
3856500 2933500  7 11 24  15.0 1011 160  2.6 7  9.6  88    0    0 357 -389  1
3856500 2933500  7 12  1  14.8 1011 171  3.2 7  9.2  87    0    0 355 -388  1
3856500 2933500  7 12  2  14.2 1010 206  2.4 7  9.2  89    0    0 355 -387  1
3856500 2933500  7 12  3  14.5 1010 207  3.1 7  9.1  89    0    0 355 -387  1
3856500 2933500  7 12  4  13.7 1010 170  2.8 7  9.0  89    0    0 354 -385  1
3856500 2933500  7 12  5  14.1 1009 186  3.1 6  9.0  90    0    1 349 -384  1
3856500 2933500  7 12  6  14.7 1009 160  3.7 7  9.3  90    0   24 351 -385  1
3856500 2933500  7 12  7  15.1 1009 224  4.7 7  9.3  88    0   76 358 -388  1
3856500 2933500  7 12  8  15.4 1009 191  5.2 7  9.1  84    0  118 360 -390  1
3856500 2933500  7 12  9  15.7 1009 183  5.8 8  8.8  79    0  115 367 -390  1
3856500 2933500  7 12 10  16.0 1009 196  6.0 8  8.8  77    9  241 373 -395  1
3856500 2933500  7 12 11  17.0 1009 231  8.2 6  8.7  74   67  331 370 -404  1
3856500 2933500  7 12 12  17.6 1008 233  8.4 7  8.4  68   39  323 370 -411  1
3856500 2933500  7 12 13  16.0 1008 247  7.6 7  8.2  69   12  291 370 -414  1
3856500 2933500  7 12 14  16.7 1008 233  8.5 5  8.6  74   35  309 361 -417  1
3856500 2933500  7 12 15  14.5 1009 262  6.0 5  8.9  80   71  304 349 -425  1
3856500 2933500  7 12 16  17.1 1009 240  6.3 3  8.5  76  275  275 339 -421  1
3856500 2933500  7 12 17  18.1 1009 269  6.8 4  8.1  64  236  221 338 -416  1
3856500 2933500  7 12 18  17.8 1009 262  6.2 6  8.0  62   51  168 346 -417  1
3856500 2933500  7 12 19  17.5 1009 271  5.0 6  7.8  61   13   97 349 -411  1
3856500 2933500  7 12 20  16.3 1009 236  4.0 6  7.8  64   16   49 346 -402  1
3856500 2933500  7 12 21  14.0 1009 199  3.3 7  8.2  76    0    9 343 -394  1
3856500 2933500  7 12 22  12.9 1009 180  3.4 6  8.2  85    0    0 338 -390  1
3856500 2933500  7 12 23  12.7 1009 212  3.9 5  8.1  88    0    0 330 -389  1
3856500 2933500  7 12 24  12.0 1009 197  5.4 4  8.0  89    0    0 321 -386  1
3856500 2933500  7 13  1  12.2 1009 208  5.2 5  8.0  91    0    0 318 -381  1
3856500 2933500  7 13  2  12.1 1009 209  5.0 6  8.2  93    0    0 324 -378  1
3856500 2933500  7 13  3  12.0 1009 210  5.0 7  8.2  93    0    0 334 -376  1
3856500 2933500  7 13  4  11.9 1008 212  5.1 8  8.2  93    0    0 345 -374  1
3856500 2933500  7 13  5  11.9 1008 199  4.4 8  8.1  92    0    1 350 -373  1
3856500 2933500  7 13  6  12.0 1009 214  5.4 7  8.1  92    9   46 345 -375  1
3856500 2933500  7 13  7  12.8 1008 229  4.9 3  8.2  91  141   82 323 -378  1
3856500 2933500  7 13  8  13.9 1009 221  5.7 4  8.3  86  142  158 312 -384  1
3856500 2933500  7 13  9  14.8 1009 233  6.6 4  8.1  79  104  234 320 -392  1
3856500 2933500  7 13 10  16.0 1008 239  7.5 6  8.0  73   56  277 335 -401  1
3856500 2933500  7 13 11  15.1 1009 257  7.1 5  8.1  73  338  268 343 -406  1
3856500 2933500  7 13 12  16.4 1009 262  7.9 4  7.8  70  412  266 338 -411  1
3856500 2933500  7 13 13  16.8 1009 263  8.4 6  7.6  64  125  326 345 -422  1
3856500 2933500  7 13 14  15.6 1010 267  8.3 5  8.0  69  118  311 347 -429  1
3856500 2933500  7 13 15  15.2 1010 269  8.3 3  8.3  76  173  280 336 -428  1
3856500 2933500  7 13 16  16.1 1011 281  6.9 6  8.3  74  142  249 341 -424  1
3856500 2933500  7 13 17  16.4 1011 278  7.0 6  8.2  71  105  207 351 -416  1
3856500 2933500  7 13 18  16.3 1012 288  6.8 6  8.0  68   80  153 349 -411  1
3856500 2933500  7 13 19  15.5 1012 294  6.5 7  7.7  68    8   84 348 -407  1
3856500 2933500  7 13 20  14.9 1012 277  4.3 6  7.7  72    0   26 345 -399  1
3856500 2933500  7 13 21  14.2 1012 258  2.7 6  8.0  77    0    2 339 -388  1
3856500 2933500  7 13 22  13.8 1012 216  2.7 6  8.0  80    0    0 340 -378  1
3856500 2933500  7 13 23  12.3 1012 206  2.8 4  7.9  84    0    0 330 -371  1
3856500 2933500  7 13 24  11.8 1012 182  2.8 3  7.7  88    0    0 317 -366  1
3856500 2933500  7 14  1  11.0 1011 182  2.4 5  7.6  90    0    0 320 -362  1
3856500 2933500  7 14  2  10.7 1010 168  2.3 6  7.5  93    0    0 332 -359  1
3856500 2933500  7 14  3  10.3 1010 147  1.9 7  7.4  94    0    0 341 -357  1
3856500 2933500  7 14  4  11.0 1009 140  1.8 7  7.4  92    0    0 347 -359  1
3856500 2933500  7 14  5  11.3 1008 148  2.1 8  7.5  91    0    1 356 -364  1
3856500 2933500  7 14  6  12.1 1007 157  2.1 7  7.7  89    0   14 360 -370  1
3856500 2933500  7 14  7  12.7 1007 162  2.8 7  7.9  87    0   38 357 -373  1
3856500 2933500  7 14  8  13.2 1007 177  2.6 7  8.2  87    0   88 361 -375  1
3856500 2933500  7 14  9  13.8 1006 187  2.8 7  8.5  87    1  162 363 -379  1
3856500 2933500  7 14 10  14.7 1006 163  3.2 7  8.6  84   15  250 365 -383  1
3856500 2933500  7 14 11  15.2 1005 165  3.5 8  8.8  82    7  257 373 -386  1
3856500 2933500  7 14 12  15.7 1005 190  3.8 8  9.0  82    3  244 380 -390  1
3856500 2933500  7 14 13  16.4 1005 205  3.5 8  9.2  80    7  268 381 -395  1
3856500 2933500  7 14 14  16.7 1004 195  3.5 7  9.5  80   11  271 376 -394  1
3856500 2933500  7 14 15  16.8 1004 182  3.2 8  9.8  81    0  163 376 -397  1
3856500 2933500  7 14 16  16.0 1003 206  3.0 6 10.1  85   41  251 368 -406  1
3856500 2933500  7 14 17  16.6 1003 176  3.3 6 10.4  88   77  220 359 -412  1
3856500 2933500  7 14 18  16.7 1002 189  3.1 7 10.6  88   30  156 365 -410  1
3856500 2933500  7 14 19  16.3 1002 272  3.4 6 10.7  90   70  100 365 -407  1
3856500 2933500  7 14 20  16.5 1001 190  2.9 6 10.7  90    5   40 358 -403  1
3856500 2933500  7 14 21  15.7 1001 130  4.2 7 10.5  90    0    6 361 -397  1
3856500 2933500  7 14 22  14.9 1001 143  3.4 7 10.3  93    0    0 363 -393  1
3856500 2933500  7 14 23  15.2 1000 170  3.4 7 10.2  94    0    0 361 -390  1
3856500 2933500  7 14 24  15.1 1000 188  3.1 7 10.0  91    0    0 361 -387  1
3856500 2933500  7 15  1  14.6 1000 205  2.4 7  9.8  92    0    0 359 -386  1
3856500 2933500  7 15  2  14.4 1000 208  2.6 6  9.8  94    0    0 353 -385  1
3856500 2933500  7 15  3  14.1  999 207  3.2 5  9.6  93    0    0 342 -385  1
3856500 2933500  7 15  4  13.6  999 211  3.0 5  9.3  92    0    0 335 -384  1
3856500 2933500  7 15  5  13.2  999 205  3.4 6  8.9  92    0    1 338 -384  1
3856500 2933500  7 15  6  13.5  998 201  3.7 6  8.8  91    0   28 343 -383  1
3856500 2933500  7 15  7  14.0  998 215  4.8 5  9.0  90   11   88 340 -385  1
3856500 2933500  7 15  8  14.6  998 226  5.8 7  9.3  90    1  121 350 -389  1
3856500 2933500  7 15  9  15.7  999 229  6.3 8  9.6  87    0  129 367 -393  1
3856500 2933500  7 15 10  16.0  999 244  6.9 7  9.6  84    1  203 371 -401  1
3856500 2933500  7 15 11  16.0 1000 273  8.6 7  9.7  84    8  251 370 -406  1
3856500 2933500  7 15 12  16.8 1000 262  7.6 8  9.8  83    0  208 375 -411  1
3856500 2933500  7 15 13  17.2 1001 271  8.6 8  9.8  79    0  171 380 -415  1
3856500 2933500  7 15 14  17.0 1002 261  7.6 8  9.5  76   16  265 378 -412  1
3856500 2933500  7 15 15  17.9 1003 286  7.5 6  9.2  73  201  243 369 -407  1
3856500 2933500  7 15 16  17.8 1003 282  7.1 5  9.0  70  349  159 357 -406  1
3856500 2933500  7 15 17  17.1 1003 277  6.2 6  8.7  69  131  186 353 -407  1
3856500 2933500  7 15 18  17.0 1004 282  5.6 8  8.7  71    4  122 358 -405  1
3856500 2933500  7 15 19  16.1 1005 278  5.3 8  8.9  74   22   89 362 -402  1
3856500 2933500  7 15 20  15.5 1005 273  5.0 5  8.9  79   19   38 348 -398  1
3856500 2933500  7 15 21  14.4 1006 269  3.7 4  8.9  83    0    3 329 -388  1
3856500 2933500  7 15 22  13.0 1006 264  2.8 2  8.5  86    0    0 311 -378  1
3856500 2933500  7 15 23  12.2 1007 235  2.3 1  8.0  88    0    0 293 -372  1
3856500 2933500  7 15 24  11.7 1007 252  2.5 2  7.8  89    0    0 290 -367  1
3856500 2933500  7 16  1  11.3 1007 254  2.5 2  7.7  90    0    0 292 -364  1
3856500 2933500  7 16  2  10.7 1007 256  2.6 3  7.5  91    0    0 294 -361  1
3856500 2933500  7 16  3  11.1 1007 245  2.9 4  7.6  92    0    0 302 -360  1
3856500 2933500  7 16  4  10.3 1008 233  2.6 5  7.6  94    0    0 311 -360  1
3856500 2933500  7 16  5  11.4 1008 287  2.2 5  7.6  93    0    1 317 -364  1
3856500 2933500  7 16  6  12.1 1008 261  2.8 8  7.9  91    0   30 335 -368  1
3856500 2933500  7 16  7  13.0 1009 266  3.7 5  8.1  89   34  104 338 -373  1
3856500 2933500  7 16  8  14.3 1009 280  3.4 4  8.2  83  287   90 322 -380  1
3856500 2933500  7 16  9  15.2 1010 287  4.3 4  7.8  74  320  159 320 -384  1
3856500 2933500  7 16 10  16.5 1011 301  4.6 3  7.3  65  355  214 320 -390  1
3856500 2933500  7 16 11  16.9 1011 279  5.5 2  7.1  60  500  192 316 -400  1
3856500 2933500  7 16 12  17.4 1012 290  6.4 3  7.0  57  358  289 321 -411  1
3856500 2933500  7 16 13  17.8 1012 280  5.2 5  6.9  55  227  330 335 -420  1
3856500 2933500  7 16 14  17.7 1012 292  6.9 7  7.0  55  122  317 348 -424  1
3856500 2933500  7 16 15  17.2 1013 270  5.8 6  7.2  58   21  263 348 -429  1
3856500 2933500  7 16 16  17.1 1013 287  5.5 5  7.4  61   47  249 339 -427  1
3856500 2933500  7 16 17  16.9 1013 295  5.6 7  7.7  64   18  194 340 -420  1
3856500 2933500  7 16 18  14.4 1014 279  4.7 6  8.4  75   47  156 339 -414  1
3856500 2933500  7 16 19  15.3 1014 278  5.1 7  8.7  83   14   90 337 -404  1
3856500 2933500  7 16 20  14.0 1015 256  4.5 5  8.4  82    4   38 336 -394  1
3856500 2933500  7 16 21  13.5 1015 249  4.3 5  8.3  84    2    9 317 -387  1
3856500 2933500  7 16 22  12.8 1015 243  4.2 4  8.1  86    0    0 307 -380  1
3856500 2933500  7 16 23  13.1 1016 222  3.5 5  8.5  88    0    0 312 -376  1
3856500 2933500  7 16 24  13.7 1017 204  3.0 6  9.1  90    0    0 310 -376  1
3856500 2933500  7 17  1  14.7 1017 185  2.2 6  9.9  92    0    0 367 -421  1
3856500 2933500  7 17  2  15.4 1017 179  1.6 7 10.5  94    0    0 362 -416  1
3856500 2933500  7 17  3  15.8 1017 179  1.3 6 10.9  96    0    0 359 -413  1
3856500 2933500  7 17  4  15.5 1017 190  1.5 5 10.7  97    0    0 356 -412  1
3856500 2933500  7 17  5  15.7 1017 172  1.5 4 10.8  97    0    8 346 -407  1
3856500 2933500  7 17  6  15.1 1016 176  1.7 2 10.4  98   40   49 332 -401  1
3856500 2933500  7 17  7  17.1 1016 162  2.5 2 11.2  98   93   99 327 -406  1
3856500 2933500  7 17  8  18.0 1016 187  4.4 4 11.8  94  123  165 334 -421  1
3856500 2933500  7 17  9  19.0 1017 213  4.5 4 11.5  86  314  167 340 -439  1
3856500 2933500  7 17 10  20.5 1017 190  4.0 5 11.1  77  180  280 346 -456  1
3856500 2933500  7 17 11  20.9 1017 189  5.3 5 10.8  71  244  318 354 -474  1
3856500 2933500  7 17 12  21.2 1017 202  5.3 6 10.4  67  133  357 360 -487  1
3856500 2933500  7 17 13  20.6 1017 214  5.8 6 10.0  65   34  314 365 -497  1
3856500 2933500  7 17 14  20.3 1018 302  8.0 4  9.8  65  207  353 359 -499  1
3856500 2933500  7 17 15  20.1 1018 268  6.1 1  9.7  66  630  116 344 -493  1
3856500 2933500  7 17 16  21.1 1019 268  7.4 3  9.5  63  439  170 341 -481  1
3856500 2933500  7 17 17  20.6 1019 264  7.1 4  8.7  57  172  216 350 -466  1
3856500 2933500  7 17 18  20.6 1019 276  6.9 4  8.2  54  201  129 351 -452  1
3856500 2933500  7 17 19  19.5 1020 276  7.3 4  8.1  56  100   92 348 -438  1
3856500 2933500  7 17 20  18.8 1020 284  5.3 4  7.9  57   58   46 344 -426  1
3856500 2933500  7 17 21  17.0 1021 280  3.6 4  7.7  61    1    9 339 -416  1
3856500 2933500  7 17 22  16.0 1022 261  3.7 2  7.9  68    0    0 328 -404  1
3856500 2933500  7 17 23  14.9 1023 255  2.9 1  7.9  73    0    0 313 -395  1
3856500 2933500  7 17 24  13.8 1023 245  2.8 1  8.0  79    0    0 305 -388  1
3856500 2933500  7 18  1  13.1 1024 233  3.2 0  8.0  83    0    0 298 -383  1
3856500 2933500  7 18  2  12.1 1024 216  2.5 0  7.8  87    0    0 291 -379  1
3856500 2933500  7 18  3  12.0 1025 205  2.4 1  7.8  90    0    0 293 -375  1
3856500 2933500  7 18  4  11.9 1025 222  2.9 2  7.8  91    0    0 298 -372  1
3856500 2933500  7 18  5  10.8 1025 264  2.4 2  7.6  92    0    9 299 -370  1
3856500 2933500  7 18  6  11.9 1026 228  2.4 0  7.7  93   42   48 290 -371  1
3856500 2933500  7 18  7  14.1 1026 237  2.7 0  8.3  89  151   79 287 -379  1
3856500 2933500  7 18  8  16.5 1026 250  3.5 0  8.5  79  288   94 293 -398  1
3856500 2933500  7 18  9  18.0 1026 245  3.9 1  8.1  66  437   96 301 -421  1
3856500 2933500  7 18 10  19.3 1027 249  3.5 1  7.4  56  508  136 308 -445  1
3856500 2933500  7 18 11  20.3 1027 250  4.5 2  7.0  49  453  231 317 -467  1
3856500 2933500  7 18 12  20.6 1027 274  3.6 3  6.9  47  386  302 326 -482  1
3856500 2933500  7 18 13  21.7 1027 228  4.9 3  6.7  44  270  355 333 -493  1
3856500 2933500  7 18 14  21.7 1027 245  5.0 3  6.5  41  242  348 336 -498  1
3856500 2933500  7 18 15  22.0 1027 269  3.0 5  6.5  40  209  325 344 -494  1
3856500 2933500  7 18 16  22.3 1027 245  3.4 4  6.5  40  314  236 350 -493  1
3856500 2933500  7 18 17  22.2 1027 238  3.3 4  6.5  39  343  144 347 -487  1
3856500 2933500  7 18 18  21.4 1026 257  3.7 4  7.2  45  309   81 346 -472  1
3856500 2933500  7 18 19  20.9 1026   7  2.3 4  7.8  50  144   78 345 -455  1
3856500 2933500  7 18 20  19.1 1026 359  2.1 4  8.1  56   18   42 342 -439  1
3856500 2933500  7 18 21  16.8 1026 339  1.8 4  8.4  66    1    7 336 -421  1
3856500 2933500  7 18 22  14.9 1026  33  1.2 4  8.4  75    0    0 329 -407  1
3856500 2933500  7 18 23  13.8 1026  45  1.0 3  8.4  84    0    0 320 -397  1
3856500 2933500  7 18 24  13.0 1026  45  1.1 2  8.3  88    0    0 310 -391  1
3856500 2933500  7 19  1  12.6 1026  35  0.9 1  8.2  90    0    0 301 -386  1
3856500 2933500  7 19  2  12.8 1026  80  1.3 1  8.2  91    0    0 296 -381  1
3856500 2933500  7 19  3  12.2 1026  88  1.1 1  8.1  91    0    0 295 -379  1
3856500 2933500  7 19  4  11.6 1025 111  1.3 2  8.0  93    0    0 298 -379  1
3856500 2933500  7 19  5  11.8 1025  97  1.6 3  7.8  92    0    7 307 -378  1
3856500 2933500  7 19  6  13.8 1025 111  1.9 3  8.1  89   31   50 315 -379  1
3856500 2933500  7 19  7  16.2 1025 134  2.3 1  8.4  80  119   97 311 -389  1
3856500 2933500  7 19  8  19.6 1025 138  3.0 2  8.3  66  232  133 313 -412  1
3856500 2933500  7 19  9  22.0 1025 146  3.2 2  7.9  52  347  164 324 -443  1
3856500 2933500  7 19 10  23.6 1025 179  3.5 2  7.3  43  452  189 328 -476  1
3856500 2933500  7 19 11  24.2 1025 172  3.5 2  6.7  37  554  194 332 -508  1
3856500 2933500  7 19 12  25.0 1024 186  3.2 2  6.6  35  622  194 335 -538  1
3856500 2933500  7 19 13  25.9 1024 249  3.0 0  6.7  33  637  197 334 -559  1
3856500 2933500  7 19 14  26.3 1023 163  2.7 0  6.7  32  635  182 333 -567  1
3856500 2933500  7 19 15  27.1 1023 191  2.4 1  6.9  32  596  164 339 -559  1
3856500 2933500  7 19 16  27.6 1022 224  4.3 1  7.0  31  508  151 343 -541  1
3856500 2933500  7 19 17  27.1 1022 268  3.9 1  7.0  31  392  136 341 -512  1
3856500 2933500  7 19 18  26.0 1021   6  3.6 1  7.3  34  248  122 338 -486  1
3856500 2933500  7 19 19  24.5 1021   9  2.3 2  8.0  40  105   98 336 -471  1
3856500 2933500  7 19 20  23.5 1020  80  2.8 2  8.6  47   28   47 335 -457  1
3856500 2933500  7 19 21  20.0 1020  54  2.8 3  9.4  58    0    8 331 -442  1
3856500 2933500  7 19 22  17.9 1020  69  3.2 2  9.8  72    0    0 323 -430  1
3856500 2933500  7 19 23  17.3 1020  75  3.5 2 10.0  79    0    0 315 -427  1
3856500 2933500  7 19 24  17.1 1020  94  3.4 2 10.0  82    0    0 314 -428  1
3856500 2933500  7 20  1  16.7 1020 124  3.3 2  9.8  82    0    0 313 -427  1
3856500 2933500  7 20  2  16.4 1019 119  3.0 2  9.3  80    0    0 311 -422  1
3856500 2933500  7 20  3  15.9 1018 139  3.3 1  8.8  77    0    0 306 -418  1
3856500 2933500  7 20  4  15.1 1018 147  2.7 1  8.6  79    0    0 300 -415  1
3856500 2933500  7 20  5  16.1 1018 150  2.4 2  8.4  77    0    3 302 -411  1
3856500 2933500  7 20  6  17.2 1018 155  3.0 3  8.5  72   23   44 309 -409  1
3856500 2933500  7 20  7  19.1 1017 152  2.9 1  8.6  67   99   94 311 -415  1
3856500 2933500  7 20  8  21.6 1017 150  3.8 2  8.8  59  174  146 315 -432  1
3856500 2933500  7 20  9  23.8 1017 154  4.2 4  8.9  52  206  209 329 -457  1
3856500 2933500  7 20 10  25.2 1017 151  4.1 5  9.0  47  205  275 344 -483  1
3856500 2933500  7 20 11  26.7 1017 147  3.9 5  9.0  43  441  234 352 -508  1
3856500 2933500  7 20 12  27.9 1016 146  4.6 4  8.5  38  686  125 356 -529  1
3856500 2933500  7 20 13  28.7 1016 155  4.9 2  7.9  33  726  111 356 -546  1
3856500 2933500  7 20 14  29.5 1015 161  4.4 3  7.4  30  657  139 358 -556  1
3856500 2933500  7 20 15  29.9 1014 144  4.2 5  7.3  28  647  102 366 -561  1
3856500 2933500  7 20 16  29.6 1014 129  5.4 6  7.3  28  403  187 373 -560  1
3856500 2933500  7 20 17  29.2 1013 126  4.3 6  7.2  28  212  205 374 -549  1
3856500 2933500  7 20 18  28.3 1012 127  4.1 8  7.3  30  113  160 377 -534  1
3856500 2933500  7 20 19  27.4 1012 132  4.5 5  7.3  31   73   96 371 -521  1
3856500 2933500  7 20 20  25.2 1012 129  3.5 5  7.3  34   27   42 358 -504  1
3856500 2933500  7 20 21  21.6 1012 103  3.2 6  8.0  44    0    8 353 -488  1
3856500 2933500  7 20 22  21.3 1011 100  3.6 5  8.0  50    0    0 345 -476  1
3856500 2933500  7 20 23  20.7 1011  95  3.7 4  7.6  49    0    0 339 -467  1
3856500 2933500  7 20 24  19.7 1011  95  3.4 3  7.7  52    0    0 332 -461  1
3856500 2933500  7 21  1  18.8 1010 105  3.7 4  7.9  56    0    0 331 -455  1
3856500 2933500  7 21  2  18.8 1010 109  3.8 6  8.1  60    0    0 337 -452  1
3856500 2933500  7 21  3  18.1 1009 118  3.3 5  8.3  62    0    0 339 -450  1
3856500 2933500  7 21  4  17.9 1009 124  3.0 4  8.6  66    0    0 333 -446  1
3856500 2933500  7 21  5  18.0 1008 112  3.3 5  8.9  69    0    3 333 -443  1
3856500 2933500  7 21  6  18.6 1008 137  3.6 5  9.3  70   14   45 336 -440  1
3856500 2933500  7 21  7  20.2 1007 165  4.1 3  9.9  70   77  105 336 -444  1
3856500 2933500  7 21  8  22.5 1007 156  4.5 2 10.5  66  232  127 337 -455  1
3856500 2933500  7 21  9  24.1 1007 116  4.5 3 10.8  60  378  140 345 -473  1
3856500 2933500  7 21 10  26.5 1007 124  4.7 3 10.8  53  475  168 356 -491  1
3856500 2933500  7 21 11  28.2 1007 139  4.3 3 10.3  45  568  178 366 -506  1
3856500 2933500  7 21 12  29.7 1006 157  5.2 4  9.3  37  657  164 375 -520  1
3856500 2933500  7 21 13  30.8 1006 177  4.6 2  8.6  32  678  164 381 -532  1
3856500 2933500  7 21 14  31.5 1006 214  4.4 2  8.2  29  545  227 382 -540  1
3856500 2933500  7 21 15  31.0 1006 178  4.2 6  8.5  30  140  341 393 -534  1
3856500 2933500  7 21 16  30.7 1006 244  5.0 7  9.5  34    1  178 404 -520  1
3856500 2933500  7 21 17  26.7 1006 305  6.7 7 11.0  44    0  136 400 -512  1
3856500 2933500  7 21 18  24.8 1007 289  5.0 7 12.3  58    0   94 390 -504  1
3856500 2933500  7 21 19  23.1 1008 315  3.7 7 12.5  67    0   56 385 -488  1
3856500 2933500  7 21 20  22.1 1008 320  2.9 8 12.4  71    0   28 383 -469  1
3856500 2933500  7 21 21  21.0 1008 321  2.2 8 12.1  74    0    1 384 -453  1
3856500 2933500  7 21 22  19.9 1009 353  1.5 8 12.1  80    0    0 383 -443  1
3856500 2933500  7 21 23  19.4 1009 162  1.1 8 12.6  87    0    0 382 -438  1
3856500 2933500  7 21 24  18.9 1009 170  1.8 7 12.8  91    0    0 377 -433  1
3856500 2933500  7 22  1  18.8 1009 167  2.3 7 12.8  93    0    0 372 -428  1
3856500 2933500  7 22  2  18.6 1009 181  2.0 7 12.8  94    0    0 373 -421  1
3856500 2933500  7 22  3  18.3 1009 173  2.5 8 12.6  94    0    0 376 -417  1
3856500 2933500  7 22  4  18.3 1009 198  3.1 8 12.6  95    0    0 380 -416  1
3856500 2933500  7 22  5  18.4 1009 209  3.2 7 12.6  94    0    1 377 -413  1
3856500 2933500  7 22  6  18.4 1010 230  3.3 7 12.4  93    0    8 373 -411  1
3856500 2933500  7 22  7  18.8 1010 248  4.1 8 12.1  89    0   40 377 -414  1
3856500 2933500  7 22  8  19.0 1011 248  4.3 7 11.5  84   14  149 377 -426  1
3856500 2933500  7 22  9  19.8 1011 241  5.3 6 10.8  76  154  212 369 -444  1
3856500 2933500  7 22 10  20.4 1012 240  5.2 6  9.8  67  280  231 367 -465  1
3856500 2933500  7 22 11  21.5 1013 236  4.6 4  9.3  60  521  162 365 -485  1
3856500 2933500  7 22 12  22.5 1013 252  6.0 5  9.1  55  148  345 366 -502  1
3856500 2933500  7 22 13  23.4 1013 214  9.9 6  8.6  49   43  329 377 -506  1
3856500 2933500  7 22 14  23.2 1013 263  6.6 5  8.2  46   36  312 379 -498  1
3856500 2933500  7 22 15  23.1 1014 271  5.9 7  8.3  47   31  283 380 -497  1
3856500 2933500  7 22 16  22.8 1014 261  4.5 8  8.4  48    1  180 387 -495  1
3856500 2933500  7 22 17  22.4 1014 266  3.2 7  8.7  51    6  171 385 -482  1
3856500 2933500  7 22 18  21.9 1014 265  3.1 6  9.2  55   29  151 378 -470  1
3856500 2933500  7 22 19  20.7 1014 270  3.3 6  9.4  60    9   85 370 -454  1
3856500 2933500  7 22 20  20.2 1014 268  2.7 7  9.3  62    6   32 372 -438  1
3856500 2933500  7 22 21  18.5 1015 343  2.7 6  9.7  69    0    3 371 -425  1
3856500 2933500  7 22 22  17.5 1015  42  2.2 6 10.1  78    0    0 364 -416  1
3856500 2933500  7 22 23  17.1 1016  43  2.0 5 10.2  83    0    0 359 -410  1
3856500 2933500  7 22 24  16.3 1016  92  2.4 5 10.3  87    0    0 354 -406  1
3856500 2933500  7 23  1  15.6 1016  52  1.1 4 10.1  89    0    0 347 -402  1
3856500 2933500  7 23  2  15.3 1016 352  1.2 4  9.9  90    0    0 340 -399  1
3856500 2933500  7 23  3  14.3 1016 326  1.4 4  9.7  92    0    0 338 -392  1
3856500 2933500  7 23  4  13.4 1016 327  1.2 4  9.3  94    0    0 335 -385  1
3856500 2933500  7 23  5  14.4 1016  97  1.2 5  9.4  94    0    3 339 -381  1
3856500 2933500  7 23  6  14.3 1016 337  0.9 6  9.6  94   13   43 348 -378  1
3856500 2933500  7 23  7  15.7 1016 323  1.2 3  9.9  93   54  105 340 -383  1
3856500 2933500  7 23  8  18.5 1016 155  1.5 3 10.3  85  158  155 333 -398  1
3856500 2933500  7 23  9  19.5 1017  27  1.8 3  9.8  72  359  145 340 -416  1
3856500 2933500  7 23 10  20.5 1017  60  2.3 3  9.4  64  463  168 342 -434  1
3856500 2933500  7 23 11  21.6 1017 333  2.3 5  9.6  61  188  337 355 -452  1
3856500 2933500  7 23 12  21.2 1017 339  3.1 7  9.8  62   10  280 372 -467  1
3856500 2933500  7 23 13  21.5 1017   8  4.4 3 10.0  63  210  376 364 -475  1
3856500 2933500  7 23 14  20.9 1017   5  3.4 2 10.1  64  522  232 344 -474  1
3856500 2933500  7 23 15  21.1 1017 350  5.1 1 10.0  64  618  133 336 -471  1
3856500 2933500  7 23 16  21.7 1016 343  5.0 1 10.0  63  511  131 331 -463  1
3856500 2933500  7 23 17  20.9 1016 358  4.9 2  9.7  61  239  196 332 -451  1
3856500 2933500  7 23 18  20.5 1017 357  5.0 3  9.4  62   83  166 333 -438  1
3856500 2933500  7 23 19  19.6 1017 359  4.9 5  9.3  64    3   75 340 -423  1
3856500 2933500  7 23 20  18.5 1017 352  3.4 5  9.3  68    8   36 343 -409  1
3856500 2933500  7 23 21  16.9 1018 337  2.0 5  9.3  74    0    2 338 -395  1
3856500 2933500  7 23 22  15.8 1018 322  2.0 4  9.3  80    0    0 327 -383  1
3856500 2933500  7 23 23  15.1 1018 324  2.5 3  9.5  86    0    0 314 -376  1
3856500 2933500  7 23 24  14.6 1018 332  2.4 4  9.5  90    0    0 310 -371  1
3856500 2933500  7 24  1  14.2 1019 309  2.6 4  9.4  92    0    0 312 -368  1
3856500 2933500  7 24  2  14.4 1019 321  2.8 3  9.2  91    0    0 309 -365  1
3856500 2933500  7 24  3  13.8 1019 312  3.3 3  9.0  90    0    0 303 -363  1
3856500 2933500  7 24  4  13.9 1019 316  3.1 3  8.8  90    0    0 300 -360  1
3856500 2933500  7 24  5  14.6 1019 320  3.3 6  8.9  88    0    1 310 -359  1
3856500 2933500  7 24  6  14.6 1019 301  3.8 8  8.9  86    0   24 328 -359  1
3856500 2933500  7 24  7  15.4 1020 296  4.1 5  8.8  83   40   98 326 -367  1
3856500 2933500  7 24  8  16.7 1020 299  5.8 5  8.2  72  110  158 317 -386  1
3856500 2933500  7 24  9  16.5 1020 316  6.7 3  7.0  60  326  142 309 -411  1
3856500 2933500  7 24 10  16.6 1020 310  5.7 3  6.6  56  399  178 300 -434  1
3856500 2933500  7 24 11  17.3 1020 312  6.2 5  6.4  54  235  304 309 -455  1
3856500 2933500  7 24 12  17.5 1020 313  6.5 7  6.3  51   81  336 324 -471  1
3856500 2933500  7 24 13  18.1 1020 308  8.7 7  6.2  50   57  334 333 -477  1
3856500 2933500  7 24 14  17.8 1020 306  7.9 5  6.3  49   91  336 328 -474  1
3856500 2933500  7 24 15  17.4 1020 321  8.0 5  6.3  51  109  310 323 -471  1
3856500 2933500  7 24 16  16.9 1020 328  8.8 6  6.4  52   55  257 325 -464  1
3856500 2933500  7 24 17  16.9 1020 318  8.6 7  6.4  54   51  209 330 -454  1
3856500 2933500  7 24 18  16.5 1020 318  7.4 5  6.3  54  119  147 325 -441  1
3856500 2933500  7 24 19  16.6 1020 306  6.6 4  6.4  55  102   80 314 -426  1
3856500 2933500  7 24 20  15.4 1020 308  4.9 4  6.4  57   42   39 308 -411  1
3856500 2933500  7 24 21  13.7 1020 304  3.9 4  6.4  62    0    5 302 -396  1
3856500 2933500  7 24 22  12.5 1019 295  3.3 2  6.5  70    0    0 290 -384  1
3856500 2933500  7 24 23  12.0 1019 290  2.9 3  6.6  74    0    0 282 -377  1
3856500 2933500  7 24 24  11.2 1019 285  2.9 4  6.5  77    0    0 285 -373  1
3856500 2933500  7 25  1  11.4 1019 279  3.1 6  6.5  78    0    0 294 -371  1
3856500 2933500  7 25  2  10.7 1018 275  3.3 4  6.5  80    0    0 292 -369  1
3856500 2933500  7 25  3   9.8 1018 282  2.8 3  6.4  83    0    0 280 -369  1
3856500 2933500  7 25  4   9.0 1018 266  2.3 3  6.3  86    0    0 276 -368  1
3856500 2933500  7 25  5   8.9 1017 259  2.3 3  6.2  88    0    4 275 -369  1
3856500 2933500  7 25  6  10.6 1017 268  2.8 3  6.6  88   30   41 278 -371  1
3856500 2933500  7 25  7  13.3 1017 270  2.6 1  7.2  82  142   70 280 -379  1
3856500 2933500  7 25  8  15.7 1017 289  3.0 1  7.7  75  291   77 283 -398  1
3856500 2933500  7 25  9  17.3 1016 301  4.1 3  7.8  67  303  155 297 -423  1
3856500 2933500  7 25 10  18.5 1016 299  4.7 3  7.3  57  331  215 310 -446  1
3856500 2933500  7 25 11  19.6 1016 291  3.8 3  6.9  50  344  264 317 -464  1
3856500 2933500  7 25 12  20.1 1016 292  5.1 3  6.7  47  344  297 323 -476  1
3856500 2933500  7 25 13  19.8 1015 306  4.8 2  6.6  45  418  273 324 -481  1
3856500 2933500  7 25 14  20.6 1015 310  5.4 2  6.5  44  416  261 325 -483  1
3856500 2933500  7 25 15  21.1 1015 293  5.6 2  6.6  43  401  231 329 -481  1
3856500 2933500  7 25 16  21.4 1015 304  4.8 3  6.7  43  405  169 335 -475  1
3856500 2933500  7 25 17  20.9 1014 328  4.3 3  6.9  44  434   76 337 -465  1
3856500 2933500  7 25 18  20.3 1014 337  4.4 2  7.1  47  313   63 333 -450  1
3856500 2933500  7 25 19  19.0 1014 350  3.6 2  7.3  51  154   72 328 -435  1
3856500 2933500  7 25 20  17.5 1014  11  2.9 3  7.7  59   39   38 327 -422  1
3856500 2933500  7 25 21  16.1 1014  47  2.1 3  8.0  67    0    3 326 -412  1
3856500 2933500  7 25 22  14.5 1014  96  1.9 5  8.0  74    0    0 327 -406  1
3856500 2933500  7 25 23  14.1 1014 146  1.7 7  7.9  78    0    0 334 -403  1
3856500 2933500  7 25 24  13.7 1014 177  1.5 7  7.9  80    0    0 338 -401  1
3856500 2933500  7 26  1  15.5 1014 171  1.7 8  8.0  77    0    0 344 -401  1
3856500 2933500  7 26  2  15.2 1013 179  2.1 8  7.9  72    0    0 351 -401  1
3856500 2933500  7 26  3  15.5 1013 232  2.7 7  8.0  74    0    0 351 -400  1
3856500 2933500  7 26  4  15.1 1012 201  3.1 8  8.3  76    0    0 354 -400  1
3856500 2933500  7 26  5  14.8 1012 197  4.5 8  8.4  79    0    2 357 -400  1
3856500 2933500  7 26  6  14.7 1012 209  2.9 8  9.0  86    0   20 359 -398  1
3856500 2933500  7 26  7  16.2 1012 220  3.0 8 10.0  90    2   72 363 -399  1
3856500 2933500  7 26  8  16.6 1012 235  4.1 7 10.6  91    1  116 366 -402  1
3856500 2933500  7 26  9  17.5 1012 282  3.5 7 10.7  88    3  176 368 -403  1
3856500 2933500  7 26 10  18.3 1012 269  3.7 5 10.5  82  199  269 366 -405  1
3856500 2933500  7 26 11  18.4 1012 272  3.8 5 10.3  78   91  318 362 -418  1
3856500 2933500  7 26 12  18.4 1011 273  3.5 5  9.8  74   30  304 363 -424  1
3856500 2933500  7 26 13  18.6 1011 292  2.1 7 10.2  76   10  275 370 -427  1
3856500 2933500  7 26 14  18.5 1011  35  3.3 8 10.6  79   13  275 381 -440  1
3856500 2933500  7 26 15  18.0 1011 318  3.3 7 10.5  80    1  207 380 -444  1
3856500 2933500  7 26 16  18.8 1012  11  4.1 8 10.5  79    0   96 379 -451  1
3856500 2933500  7 26 17  19.2 1012   3  4.3 8 10.3  74    0   61 382 -455  1
3856500 2933500  7 26 18  18.7 1012   6  4.0 6 10.2  74   12  137 373 -446  1
3856500 2933500  7 26 19  18.7 1012 340  4.0 4 10.1  75  127   71 355 -435  1
3856500 2933500  7 26 20  17.7 1012 348  2.7 6 10.2  78   42   39 352 -420  1
3856500 2933500  7 26 21  16.2 1013 312  1.9 2 10.2  84    0    4 339 -405  1
3856500 2933500  7 26 22  15.7 1013 316  2.3 2 10.0  88    0    0 317 -394  1
3856500 2933500  7 26 23  15.3 1014 319  2.4 2  9.9  90    0    0 313 -387  1
3856500 2933500  7 26 24  14.9 1014 342  1.9 2  9.7  90    0    0 310 -383  1
3856500 2933500  7 27  1  13.1 1014 337  2.4 1  9.3  93    0    0 303 -379  1
3856500 2933500  7 27  2  12.7 1014 307  2.3 2  9.1  97    0    0 299 -376  1
3856500 2933500  7 27  3  11.9 1015 269  2.3 3  8.9  99    0    0 305 -374  1
3856500 2933500  7 27  4  11.8 1015 270  2.4 2  8.7 100    0    0 302 -373  1
3856500 2933500  7 27  5  11.3 1015 313  1.6 2  8.5 100    0    2 295 -374  1
3856500 2933500  7 27  6  12.7 1015 299  1.8 2  8.8 100   27   35 295 -378  1
3856500 2933500  7 27  7  15.5 1016 274  2.5 1  9.8  97  157   44 298 -386  1
3856500 2933500  7 27  8  17.3 1016 302  3.0 2 10.7  91  286   58 306 -400  1
3856500 2933500  7 27  9  18.1 1017 309  3.4 4 10.5  83  254  148 324 -418  1
3856500 2933500  7 27 10  19.0 1017 311  3.1 6 10.0  75   57  261 344 -432  1
3856500 2933500  7 27 11  20.5 1017 277  3.0 5  9.7  67   79  293 354 -429  1
3856500 2933500  7 27 12  20.7 1017 291  2.4 4  9.5  63  260  287 350 -435  1
3856500 2933500  7 27 13  20.9 1017 299  1.7 5  9.5  62  175  315 353 -448  1
3856500 2933500  7 27 14  21.3 1017 335  4.5 6  9.5  61    2  234 364 -443  1
3856500 2933500  7 27 15  21.6 1017 274  4.7 6  9.5  59  150  280 370 -439  1
3856500 2933500  7 27 16  21.6 1017 327  3.3 5  9.3  58  296  185 368 -439  1
3856500 2933500  7 27 17  21.3 1017 321  3.2 4  9.3  58  251  141 361 -435  1
3856500 2933500  7 27 18  21.0 1017 359  4.1 5  9.4  60  145  116 362 -437  1
3856500 2933500  7 27 19  20.4 1016 345  2.9 3  9.6  63  142   57 360 -436  1
3856500 2933500  7 27 20  18.9 1016   7  2.1 4 10.0  70   39   42 355 -428  1
3856500 2933500  7 27 21  17.3 1016   0  1.4 5 10.4  80    0    0 359 -420  1
3856500 2933500  7 27 22  16.2 1017 170  1.2 4 10.4  87    0    0 355 -415  1
3856500 2933500  7 27 23  15.5 1016 148  1.5 5 10.3  91    0    0 352 -413  1
3856500 2933500  7 27 24  15.8 1016 160  1.6 5 10.2  92    0    0 356 -411  1
3856500 2933500  7 28  1  15.8 1016 177  3.4 8 10.3  91    0    0 368 -411  1
3856500 2933500  7 28  2  15.8 1015 189  4.0 8 10.4  92    0    0 382 -412  1
3856500 2933500  7 28  3  15.8 1015 183  4.0 8 10.4  93    0    0 384 -411  1
3856500 2933500  7 28  4  15.7 1014 195  3.3 8 10.5  94    0    0 386 -408  1
3856500 2933500  7 28  5  16.0 1014 210  4.4 8 10.6  94    0    0 389 -407  1
3856500 2933500  7 28  6  15.6 1013 242  4.1 7 10.7  95    0    6 384 -407  1
3856500 2933500  7 28  7  15.7 1013 284  4.1 7 10.8  97    0   20 378 -409  1
3856500 2933500  7 28  8  16.1 1013 294  5.9 7 10.9  96    0   40 379 -412  1
3856500 2933500  7 28  9  16.4 1013 299  5.3 7 10.9  94    0   98 380 -414  1
3856500 2933500  7 28 10  17.2 1013 297  5.5 6 10.9  91   27  262 375 -416  1
3856500 2933500  7 28 11  18.3 1013 301  7.0 5 10.7  84  244  312 365 -423  1
3856500 2933500  7 28 12  19.7 1014 302  6.5 5 10.4  75  414  276 365 -432  1
3856500 2933500  7 28 13  20.2 1014 313  6.0 4  9.8  67  252  351 368 -444  1
3856500 2933500  7 28 14  20.9 1013 316  6.2 5  9.2  61  119  350 372 -450  1
3856500 2933500  7 28 15  20.7 1013 296  6.2 7  8.8  57   26  279 383 -441  1
3856500 2933500  7 28 16  20.1 1013 325  5.5 7  8.2  54   24  241 383 -432  1
3856500 2933500  7 28 17  20.1 1013 320  6.4 5  8.0  55  194  202 374 -426  1
3856500 2933500  7 28 18  19.6 1013 327  4.6 5  8.3  58   62  158 365 -423  1
3856500 2933500  7 28 19  19.3 1012 322  3.9 8  8.3  59    8   83 371 -419  1
3856500 2933500  7 28 20  17.9 1012 324  3.3 7  8.6  64    4   30 375 -415  1
3856500 2933500  7 28 21  16.9 1012 319  2.9 5  8.9  71    0    0 360 -409  1
3856500 2933500  7 28 22  15.4 1012 287  4.9 4  8.9  77    0    0 345 -405  1
3856500 2933500  7 28 23  14.4 1012 282  2.4 2  8.8  83    0    0 328 -403  1
3856500 2933500  7 28 24  13.8 1012 276  2.5 2  8.8  87    0    0 314 -400  1
3856500 2933500  7 29  1  13.5 1012 259  2.8 1  8.6  88    0    0 306 -398  1
3856500 2933500  7 29  2  13.4 1012 244  2.7 3  8.5  88    0    0 309 -395  1
3856500 2933500  7 29  3  13.3 1011 251  3.2 3  8.5  88    0    0 318 -394  1
3856500 2933500  7 29  4  13.3 1011 268  2.9 5  8.5  89    0    0 330 -393  1
3856500 2933500  7 29  5  13.0 1010 253  2.9 6  8.6  91    0    1 344 -393  1
3856500 2933500  7 29  6  13.9 1010 253  2.2 7  9.0  92    0   20 354 -393  1
3856500 2933500  7 29  7  15.0 1010 262  4.0 7  9.3  90    0   56 360 -395  1
3856500 2933500  7 29  8  16.1 1010 267  3.8 6  9.4  85   10  140 358 -403  1
3856500 2933500  7 29  9  16.8 1010 272  4.8 7  9.5  81   17  205 359 -415  1
3856500 2933500  7 29 10  17.3 1010 295  5.7 6  9.6  79   93  284 360 -429  1
3856500 2933500  7 29 11  17.8 1009 292  6.1 5  9.4  75   41  298 354 -434  1
3856500 2933500  7 29 12  17.2 1009 283  6.1 7  9.4  75   13  279 359 -443  1
3856500 2933500  7 29 13  18.1 1009 309  6.9 7  9.5  75    0  191 368 -452  1
3856500 2933500  7 29 14  18.2 1010 293  6.6 6  9.4  72   52  320 364 -448  1
3856500 2933500  7 29 15  18.1 1010 279  5.8 6  9.4  72  111  312 359 -437  1
3856500 2933500  7 29 16  18.2 1010 308  7.5 7  9.5  73   34  249 361 -426  1
3856500 2933500  7 29 17  18.0 1010 308  7.5 5  9.3  71  209  189 358 -427  1
3856500 2933500  7 29 18  18.0 1010 313  5.6 3  8.7  68  214  108 341 -428  1
3856500 2933500  7 29 19  17.2 1010 307  5.9 3  8.7  69  137   67 332 -423  1
3856500 2933500  7 29 20  16.4 1010 309  6.3 5  9.1  76   20   36 337 -415  1
3856500 2933500  7 29 21  15.7 1010 288  4.2 6  9.5  83    0    0 348 -409  1
3856500 2933500  7 29 22  15.4 1010 262  5.3 6  9.5  85    0    0 349 -404  1
3856500 2933500  7 29 23  14.8 1010 265  4.9 6  9.4  87    0    0 347 -401  1
3856500 2933500  7 29 24  15.1 1010 265  4.1 6  9.4  88    0    0 347 -401  1
3856500 2933500  7 30  1  14.1 1010 238  2.9 5  9.3  90    0    0 343 -399  1
3856500 2933500  7 30  2  13.9 1010 258  3.3 5  9.3  92    0    0 337 -397  1
3856500 2933500  7 30  3  13.6 1010 247  3.6 5  9.2  93    0    0 336 -397  1
3856500 2933500  7 30  4  12.9 1011 241  3.3 5  8.9  93    0    0 334 -397  1
3856500 2933500  7 30  5  13.0 1011 241  2.9 7  8.7  93    0    3 340 -397  1
3856500 2933500  7 30  6  13.3 1011 258  3.6 5  8.8  92   21   39 339 -398  1
3856500 2933500  7 30  7  14.7 1011 248  4.1 3  8.8  88   68   90 324 -402  1
3856500 2933500  7 30  8  15.9 1011 257  3.9 2  8.8  80  322   50 315 -406  1
3856500 2933500  7 30  9  17.3 1012 275  4.5 2  8.5  72  417   80 315 -413  1
3856500 2933500  7 30 10  18.4 1012 273  5.4 4  8.1  64  298  219 329 -426  1
3856500 2933500  7 30 11  17.9 1012 267  5.6 5  7.7  59  239  292 344 -443  1
3856500 2933500  7 30 12  18.7 1013 262  8.0 6  7.4  56   36  305 355 -455  1
3856500 2933500  7 30 13  18.7 1013 277  6.3 6  7.4  55   33  310 361 -462  1
3856500 2933500  7 30 14  19.3 1013 264  6.9 6  7.6  55   16  278 363 -472  1
3856500 2933500  7 30 15  19.3 1014 271  7.1 7  7.5  54    6  229 368 -473  1
3856500 2933500  7 30 16  19.4 1014 271  7.2 7  7.6  54   18  229 370 -471  1
3856500 2933500  7 30 17  19.0 1014 288  5.8 6  8.0  58   53  208 361 -467  1
3856500 2933500  7 30 18  19.5 1014 297  5.7 5  8.4  60  138  134 349 -454  1
3856500 2933500  7 30 19  19.1 1015 293  5.0 3  8.3  59  151   56 335 -438  1
3856500 2933500  7 30 20  17.9 1015 300  3.0 3  8.1  61   36   34 322 -422  1
3856500 2933500  7 30 21  14.4 1015 286  1.2 2  8.2  72    0    0 309 -407  1
3856500 2933500  7 30 22  12.4 1015  41  1.3 1  8.1  84    0    0 294 -395  1
3856500 2933500  7 30 23  12.3 1015 141  1.6 0  8.1  90    0    0 286 -386  1
3856500 2933500  7 30 24  11.8 1015 163  2.4 0  8.1  93    0    0 283 -382  1
3856500 2933500  7 31  1  12.4 1015 155  3.1 1  8.1  92    0    0 286 -381  1
3856500 2933500  7 31  2  12.9 1014 146  3.8 2  8.1  89    0    0 293 -381  1
3856500 2933500  7 31  3  13.5 1014 157  4.0 5  8.0  84    0    0 307 -382  1
3856500 2933500  7 31  4  14.5 1014 152  4.2 8  7.8  78    0    0 331 -385  1
3856500 2933500  7 31  5  14.7 1013 176  3.9 8  7.8  75    0    1 346 -387  1
3856500 2933500  7 31  6  15.2 1013 179  3.9 7  8.0  76    0   27 346 -389  1
3856500 2933500  7 31  7  15.9 1013 177  3.9 5  8.5  76   14  108 337 -394  1
3856500 2933500  7 31  8  18.0 1013 199  4.6 6  8.8  73   26  190 339 -405  1
3856500 2933500  7 31  9  19.4 1013 204  5.0 7  8.9  66   33  262 356 -414  1
3856500 2933500  7 31 10  19.3 1013 214  5.3 7  8.9  63   26  299 365 -422  1
3856500 2933500  7 31 11  20.0 1013 207  5.3 7  9.2  64   14  300 369 -446  1
3856500 2933500  7 31 12  20.3 1013 205  5.9 7  9.3  63    2  261 372 -470  1
3856500 2933500  7 31 13  21.8 1013 210  8.6 7  9.4  60    2  255 379 -476  1
3856500 2933500  7 31 14  21.1 1013 198  5.3 7  9.4  59    0  193 382 -464  1
3856500 2933500  7 31 15  20.8 1013 195  5.4 8  9.4  61    0  139 385 -450  1
3856500 2933500  7 31 16  19.7 1013 203  4.0 8  9.9  66    0  143 386 -444  1
3856500 2933500  7 31 17  19.3 1013 182  2.4 6 10.8  76    7  193 376 -445  1
3856500 2933500  7 31 18  19.6 1013 167  2.5 6 11.5  81    9  152 369 -450  1
3856500 2933500  7 31 19  20.7 1012 202  2.6 6 11.5  77   11  102 370 -449  1
3856500 2933500  7 31 20  18.8 1012 179  2.5 8 11.7  80    2   32 377 -441  1
3856500 2933500  7 31 21  19.5 1012 219  2.9 8 11.4  82    0    0 383 -433  1
3856500 2933500  7 31 22  18.2 1012  39  3.3 8 11.0  81    0    0 382 -427  1
3856500 2933500  7 31 23  17.4 1012 201  1.6 7 11.3  88    0    0 374 -422  1
3856500 2933500  7 31 24  18.0 1012 202  2.5 8 11.3  89    0    0 374 -417  1
3856500 2933500  8  1  1  17.9 1012 197  2.5 7 11.0  85    0    0 367 -415  1
3856500 2933500  8  1  2  17.5 1012 197  2.4 7 11.0  87    0    0 367 -414  1
3856500 2933500  8  1  3  17.5 1012 204  2.1 8 11.1  88    0    0 371 -413  1
3856500 2933500  8  1  4  17.3 1012 194  2.3 8 11.1  89    0    0 374 -412  1
3856500 2933500  8  1  5  17.0 1012 190  1.9 8 11.1  90    0    0 373 -411  1
3856500 2933500  8  1  6  17.2 1011 197  1.6 7 11.0  90    9   26 366 -410  1
3856500 2933500  8  1  7  18.3 1012 195  2.0 5 11.3  88   30   81 354 -413  1
3856500 2933500  8  1  8  18.9 1012 208  2.6 5 11.4  85  105  140 345 -424  1
3856500 2933500  8  1  9  20.0 1012 246  3.4 5 11.5  81  166  196 349 -444  1
3856500 2933500  8  1 10  21.7 1012 256  3.8 6 11.6  75  114  270 358 -466  1
3856500 2933500  8  1 11  21.3 1012 278  3.9 5 11.3  70  243  283 362 -481  1
3856500 2933500  8  1 12  22.3 1013 286  3.7 6 11.0  67  184  329 367 -492  1
3856500 2933500  8  1 13  23.3 1013 229  4.0 6 10.5  60   31  299 378 -506  1
3856500 2933500  8  1 14  23.5 1013 291  3.8 6 10.2  57   84  322 384 -514  1
3856500 2933500  8  1 15  23.2 1013 293  3.8 8 10.4  58   26  259 390 -491  1
3856500 2933500  8  1 16  22.7 1013 302  2.9 8 10.3  58    0  150 393 -472  1
3856500 2933500  8  1 17  21.1 1013 354  4.9 7 10.8  66   30  188 388 -461  1
3856500 2933500  8  1 18  20.2 1013 350  4.6 7 11.1  72   38  136 381 -447  1
3856500 2933500  8  1 19  19.1 1013 353  3.8 7 10.6  74   20   73 376 -443  1
3856500 2933500  8  1 20  18.3 1013  11  2.8 7 10.5  78    3   18 373 -434  1
3856500 2933500  8  1 21  17.6 1013  15  2.0 8 10.4  81    0    0 373 -426  1
3856500 2933500  8  1 22  17.0 1014  31  1.5 8 10.4  84    0    0 373 -421  1
3856500 2933500  8  1 23  16.8 1014  23  1.8 8 10.4  87    0    0 372 -416  1
3856500 2933500  8  1 24  16.5 1014 356  1.2 8 10.4  88    0    0 371 -410  1
3856500 2933500  8  2  1  16.2 1014 274  1.5 8 10.5  90    0    0 371 -407  1
3856500 2933500  8  2  2  15.4 1014 227  1.7 7 10.3  92    0    0 367 -405  1
3856500 2933500  8  2  3  14.2 1014 189  1.5 7  9.8  92    0    0 360 -402  1
3856500 2933500  8  2  4  14.2 1014 270  1.5 7  9.5  93    0    0 358 -401  1
3856500 2933500  8  2  5  13.5 1014 245  1.4 5  9.3  94    0    0 349 -399  1
3856500 2933500  8  2  6  14.2 1014 287  1.7 5  9.4  95    0   16 342 -399  1
3856500 2933500  8  2  7  15.7 1014 248  1.6 7  9.8  92    0   46 353 -404  1
3856500 2933500  8  2  8  17.0 1015 246  2.1 8 10.3  88    0   58 370 -415  1
3856500 2933500  8  2  9  17.3 1015 245  1.8 4 10.8  88  147  243 363 -423  1
3856500 2933500  8  2 10  18.5 1015 260  2.3 5 10.5  82  231  295 355 -432  1
3856500 2933500  8  2 11  19.7 1015 266  2.7 6 10.2  74   22  290 369 -446  1
3856500 2933500  8  2 12  19.4 1015 264  2.7 6 10.2  72   21  305 376 -455  1
3856500 2933500  8  2 13  19.0 1015 242  2.5 6 10.1  72    4  251 379 -456  1
3856500 2933500  8  2 14  19.5 1015 264  2.7 6 10.1  72    0  172 381 -456  1
3856500 2933500  8  2 15  18.8 1015 322  3.0 8 10.1  73    0  109 387 -457  1
3856500 2933500  8  2 16  18.4 1015 311  2.9 8 10.4  78    0   93 390 -456  1
3856500 2933500  8  2 17  17.8 1015 268  2.4 7 10.4  80    0  101 384 -449  1
3856500 2933500  8  2 18  17.7 1015 308  2.7 8 10.2  80    0   64 381 -442  1
3856500 2933500  8  2 19  17.8 1014 320  2.7 7 10.2  80    1   62 380 -435  1
3856500 2933500  8  2 20  17.1 1015 313  2.8 7 10.1  81   15   30 374 -426  1
3856500 2933500  8  2 21  16.5 1015 305  1.9 7 10.0  83    0    0 372 -419  1
3856500 2933500  8  2 22  15.2 1015 299  1.9 7  9.9  88    0    0 370 -414  1
3856500 2933500  8  2 23  14.8 1015 288  1.9 7  9.9  93    0    0 368 -411  1
3856500 2933500  8  2 24  14.2 1015 319  1.6 7  9.8  95    0    0 366 -408  1
3856500 2933500  8  3  1  13.2 1015 299  1.7 6  9.6  98    0    0 359 -404  1
3856500 2933500  8  3  2  13.8 1015 293  1.5 4  9.6  99    0    0 346 -401  1
3856500 2933500  8  3  3  12.4 1015 309  1.7 4  9.4  99    0    0 336 -396  1
3856500 2933500  8  3  4  12.9 1014 308  2.0 5  9.1  99    0    0 337 -392  1
3856500 2933500  8  3  5  12.6 1014 279  1.4 6  9.1  99    0    0 345 -389  1
3856500 2933500  8  3  6  13.8 1014 280  1.6 2  9.0  95   30   24 333 -386  1
3856500 2933500  8  3  7  14.9 1014 274  1.8 3  9.2  90  155   50 322 -390  1
3856500 2933500  8  3  8  15.7 1015 269  2.3 2  9.7  89  277   56 324 -406  1
3856500 2933500  8  3  9  16.9 1015 299  2.9 3  9.8  84  289  117 326 -431  1
3856500 2933500  8  3 10  17.2 1014 278  3.1 4  9.8  80  184  234 335 -457  1
3856500 2933500  8  3 11  17.1 1014 269  4.4 4  9.6  78  392  187 340 -460  1
3856500 2933500  8  3 12  17.3 1014 298  3.8 5  9.5  77   58  300 345 -448  1
3856500 2933500  8  3 13  18.7 1014 319  3.9 7  9.7  75    0  130 357 -457  1
3856500 2933500  8  3 14  18.6 1014 276  2.6 4  9.7  72   76  303 356 -481  1
3856500 2933500  8  3 15  18.9 1014 278  4.4 6  9.6  71   75  276 352 -484  1
3856500 2933500  8  3 16  19.3 1014 345  4.7 7  9.4  68   43  227 361 -476  1
3856500 2933500  8  3 17  19.3 1014  37  4.2 7  9.6  68   19  174 364 -465  1
3856500 2933500  8  3 18  18.7 1014 298  4.8 7  9.8  71   89  122 361 -449  1
3856500 2933500  8  3 19  18.2 1014 306  3.7 4  9.7  73   96   52 347 -439  1
3856500 2933500  8  3 20  16.6 1014 292  2.6 3  9.4  76   36   26 326 -426  1
3856500 2933500  8  3 21  15.2 1014 265  1.6 0  9.0  80    0    0 302 -415  1
3856500 2933500  8  3 22  14.7 1014 254  1.5 0  8.7  82    0    0 287 -405  1
3856500 2933500  8  3 23  14.5 1014 200  0.9 2  8.7  83    0    0 292 -399  1
3856500 2933500  8  3 24  13.3 1013 206  1.1 2  8.7  88    0    0 299 -395  1
3856500 2933500  8  4  1  12.1 1013 184  2.0 1  8.7  95    0    0 292 -392  1
3856500 2933500  8  4  2  12.4 1012 170  1.9 3  8.5  96    0    0 295 -390  1
3856500 2933500  8  4  3  12.1 1012 179  1.9 4  8.4  94    0    0 307 -385  1
3856500 2933500  8  4  4  12.6 1011 172  2.2 6  8.4  93    0    0 320 -381  1
3856500 2933500  8  4  5  12.2 1010 162  2.3 7  8.6  95    0    0 333 -380  1
3856500 2933500  8  4  6  13.3 1010 153  2.7 5  8.7  95    0    8 331 -384  1
3856500 2933500  8  4  7  14.3 1009 131  3.0 8  9.1  92    1   62 337 -391  1
3856500 2933500  8  4  8  15.5 1009 134  4.0 6  9.5  89   15  156 344 -406  1
3856500 2933500  8  4  9  17.1 1009 130  3.8 7  9.8  84   36  243 344 -428  1
3856500 2933500  8  4 10  18.3 1008 152  4.0 6  9.9  77  108  336 349 -448  1
3856500 2933500  8  4 11  19.1 1008 180  4.7 6  9.7  72   55  349 351 -476  1
3856500 2933500  8  4 12  19.9 1007 174  5.5 6  9.6  67   25  325 357 -492  1
3856500 2933500  8  4 13  20.2 1007 196  4.7 6  9.4  63   17  313 361 -491  1
3856500 2933500  8  4 14  20.0 1006 230  5.6 6  9.4  63   32  336 363 -502  1
3856500 2933500  8  4 15  19.8 1006 253  5.5 7  9.5  65    5  233 366 -510  1
3856500 2933500  8  4 16  20.1 1006 238  5.1 8  9.8  67    0  123 375 -493  1
3856500 2933500  8  4 17  18.3 1005 205  4.3 8 10.4  74    0   55 378 -473  1
3856500 2933500  8  4 18  17.1 1005 216  3.4 8 10.8  84    2  108 373 -459  1
3856500 2933500  8  4 19  17.2 1005 189  3.9 7 10.7  87    0   48 366 -436  1
3856500 2933500  8  4 20  16.6 1004 194  3.1 7 10.5  86    0   15 360 -425  1
3856500 2933500  8  4 21  16.2 1005 192  2.9 7 10.3  88    0    0 363 -419  1
3856500 2933500  8  4 22  15.7 1005 195  2.6 6 10.2  89    0    0 358 -413  1
3856500 2933500  8  4 23  15.3 1005 184  2.5 5 10.1  90    0    0 343 -410  1
3856500 2933500  8  4 24  14.9 1005 172  2.3 4 10.0  93    0    0 343 -405  1
3856500 2933500  8  5  1  14.5 1022 154  2.3 2 10.0  95    0    0 313 -398  1
3856500 2933500  8  5  2  14.2 1021 136  2.1 1  9.9  96    0    0 311 -395  1
3856500 2933500  8  5  3  13.8 1021 121  2.1 0  9.7  98    0    0 310 -392  1
3856500 2933500  8  5  4  13.6 1021 121  2.0 0  9.6  98    0    0 308 -391  1
3856500 2933500  8  5  5  14.2 1021 121  2.1 1  9.6  97    0    0 309 -389  1
3856500 2933500  8  5  6  13.5 1020 125  1.9 1  9.3  99   13   29 314 -388  1
3856500 2933500  8  5  7  16.8 1020 133  2.4 1 10.0  93   84   82 320 -392  1
3856500 2933500  8  5  8  19.7 1020 148  3.9 0 10.4  79  197  120 322 -405  1
3856500 2933500  8  5  9  22.2 1020 155  4.3 1 10.5  68  320  149 330 -425  1
3856500 2933500  8  5 10  24.3 1019 158  4.4 1 10.6  59  432  169 344 -445  1
3856500 2933500  8  5 11  25.6 1019 148  4.6 1 10.3  52  485  201 350 -465  1
3856500 2933500  8  5 12  26.4 1019 154  4.7 3  9.8  47  452  259 364 -480  1
3856500 2933500  8  5 13  27.4 1018 154  5.8 3  9.6  44  447  273 377 -491  1
3856500 2933500  8  5 14  27.4 1017 153  6.0 1  9.6  42  594  173 370 -496  1
3856500 2933500  8  5 15  27.7 1017 137  5.4 1  9.9  43  570  145 363 -497  1
3856500 2933500  8  5 16  28.0 1016 146  6.5 1  9.9  42  510  116 364 -494  1
3856500 2933500  8  5 17  27.6 1015 124  6.8 1  9.4  40  389  107 363 -487  1
3856500 2933500  8  5 18  27.1 1014 128  6.6 1  9.5  42  248   95 360 -476  1
3856500 2933500  8  5 19  26.1 1014 124  5.4 2  9.9  45  117   74 360 -463  1
3856500 2933500  8  5 20  24.5 1013 115  5.6 2 10.1  50   23   28 356 -451  1
3856500 2933500  8  5 21  22.4 1013 114  4.8 1 10.0  55    0    0 344 -439  1
3856500 2933500  8  5 22  21.4 1013 115  5.4 0  9.9  60    0    0 331 -428  1
3856500 2933500  8  5 23  20.8 1013 123  5.3 0  9.7  62    0    0 325 -421  1
3856500 2933500  8  5 24  19.6 1013 123  4.8 0  9.5  64    0    0 322 -415  1
3856500 2933500  8  6  1  18.4 1012 121  5.2 1  9.4  69    0    0 320 -410  1
3856500 2933500  8  6  2  17.8 1012 119  4.8 1  9.3  72    0    0 320 -406  1
3856500 2933500  8  6  3  17.3 1012 118  4.7 1  9.1  73    0    0 317 -402  1
3856500 2933500  8  6  4  16.4 1011 119  5.0 1  9.0  74    0    0 315 -399  1
3856500 2933500  8  6  5  15.7 1011 117  4.5 1  8.9  77    0    0 312 -396  1
3856500 2933500  8  6  6  16.4 1011 117  4.7 1  8.8  77   15   30 311 -393  1
3856500 2933500  8  6  7  18.2 1011 124  4.8 1  8.9  72   93   78 315 -395  1
3856500 2933500  8  6  8  20.2 1011 117  5.8 1  9.3  66  208  112 319 -405  1
3856500 2933500  8  6  9  22.3 1010 135  6.1 1  9.6  61  327  143 327 -421  1
3856500 2933500  8  6 10  24.6 1010 126  5.9 1  9.9  54  443  160 335 -440  1
3856500 2933500  8  6 11  26.3 1010 124  6.1 1  9.9  48  549  161 345 -458  1
3856500 2933500  8  6 12  27.5 1010 129  6.7 1  9.3  42  652  138 351 -474  1
3856500 2933500  8  6 13  28.5 1009 138  7.0 0  8.5  36  677  136 355 -487  1
3856500 2933500  8  6 14  28.7 1009 142  6.6 1  8.3  34  672  125 359 -495  1
3856500 2933500  8  6 15  29.3 1009 147  6.2 1  8.2  32  609  119 366 -498  1
3856500 2933500  8  6 16  29.8 1009 151  5.3 1  8.2  32  510  113 369 -495  1
3856500 2933500  8  6 17  29.5 1009 140  4.4 1  8.3  32  380  107 371 -488  1
3856500 2933500  8  6 18  28.6 1009 136  4.3 1  8.4  33  238   95 370 -476  1
3856500 2933500  8  6 19  26.2 1009 131  4.5 2  9.1  40  103   73 368 -463  1
3856500 2933500  8  6 20  23.6 1009 327  3.6 3 10.1  51   19   24 367 -450  1
3856500 2933500  8  6 21  21.2 1010 317  3.7 4 10.8  63    0    0 364 -439  1
3856500 2933500  8  6 22  19.8 1010 291  4.0 3 11.3  75    0    0 360 -430  1
3856500 2933500  8  6 23  18.5 1011 274  4.0 2 11.2  80    0    0 350 -424  1
3856500 2933500  8  6 24  18.3 1011 289  4.5 2 11.3  85    0    0 346 -418  1
3856500 2933500  8  7  1  18.0 1011 303  3.8 3 11.6  88    0    0 348 -413  1
3856500 2933500  8  7  2  17.6 1011 298  2.9 6 11.6  90    0    0 359 -410  1
3856500 2933500  8  7  3  17.4 1011 316  2.3 8 11.5  92    0    0 373 -406  1
3856500 2933500  8  7  4  17.4 1012 308  2.5 8 11.5  92    0    0 380 -403  1
3856500 2933500  8  7  5  17.4 1012 315  1.9 7 11.5  92    0    0 378 -402  1
3856500 2933500  8  7  6  17.4 1012 297  2.4 7 11.5  92    0   10 375 -403  1
3856500 2933500  8  7  7  17.4 1012 280  3.1 8 11.5  92    0   17 378 -407  1
3856500 2933500  8  7  8  17.6 1013 297  2.6 8 11.7  93    0   41 382 -418  1
3856500 2933500  8  7  9  18.1 1013 331  2.4 7 11.8  92    0  102 380 -430  1
3856500 2933500  8  7 10  18.4 1013 319  3.8 7 11.8  89    0  152 378 -438  1
3856500 2933500  8  7 11  18.9 1014 319  4.5 8 11.7  86    0  129 383 -437  1
3856500 2933500  8  7 12  18.8 1014 334  4.6 8 11.7  85    0  112 390 -429  1
3856500 2933500  8  7 13  18.8 1014 328  5.3 8 11.5  84    0  104 390 -421  1
3856500 2933500  8  7 14  18.8 1014 320  4.6 7 11.3  83    0  108 387 -414  1
3856500 2933500  8  7 15  18.6 1014 329  5.5 6 11.4  84    0  129 379 -409  1
3856500 2933500  8  7 16  18.2 1014 319  5.1 7 11.3  85    0   90 376 -408  1
3856500 2933500  8  7 17  17.7 1014 321  5.1 7 11.2  87    0   72 376 -411  1
3856500 2933500  8  7 18  17.7 1015 315  4.8 7 11.1  87    0   57 374 -412  1
3856500 2933500  8  7 19  16.8 1015 317  4.8 8 10.8  88    0   42 375 -409  1
3856500 2933500  8  7 20  16.2 1015 332  4.7 8 10.4  88    9   11 376 -406  1
3856500 2933500  8  7 21  15.7 1015 339  4.1 8 10.3  91    0    0 376 -402  1
3856500 2933500  8  7 22  15.7 1015 328  4.5 8 10.3  93    0    0 375 -397  1
3856500 2933500  8  7 23  15.6 1015 315  4.2 8 10.3  92    0    0 375 -393  1
3856500 2933500  8  7 24  15.4 1015 335  4.7 8 10.2  93    0    0 374 -389  1
3856500 2933500  8  8  1  14.8 1015 325  4.7 7 10.1  94    0    0 369 -386  1
3856500 2933500  8  8  2  14.6 1015 318  5.3 7  9.9  94    0    0 363 -385  1
3856500 2933500  8  8  3  14.4 1014 339  4.7 8  9.7  94    0    0 366 -385  1
3856500 2933500  8  8  4  13.9 1014 343  6.1 6  9.5  94    0    0 361 -385  1
3856500 2933500  8  8  5  13.9 1014 305  6.0 7  9.4  95    0    0 356 -386  1
3856500 2933500  8  8  6  13.9 1014 311  5.8 7  9.4  95    0    8 360 -386  1
3856500 2933500  8  8  7  14.2 1014 304  7.6 8  9.5  95    0   21 363 -388  1
3856500 2933500  8  8  8  14.4 1014 302  6.9 8  9.7  95    0   29 369 -397  1
3856500 2933500  8  8  9  14.4 1014 311  7.5 8  9.8  95    0   51 370 -405  1
3856500 2933500  8  8 10  14.9 1013 306  7.5 8  9.9  95    0   76 371 -418  1
3856500 2933500  8  8 11  15.0 1013 313  7.0 8 10.1  95    0   86 370 -437  1
3856500 2933500  8  8 12  15.6 1013 315  6.6 8 10.4  96    0  100 371 -452  1
3856500 2933500  8  8 13  15.7 1014 308  6.0 8 10.7  96    0   99 372 -461  1
3856500 2933500  8  8 14  16.2 1014 319  6.7 8 11.0  96    0  104 375 -465  1
3856500 2933500  8  8 15  16.3 1014 327  6.8 8 11.1  96    0  102 376 -463  1
3856500 2933500  8  8 16  16.1 1014 334  6.3 8 10.9  94    0   86 375 -456  1
3856500 2933500  8  8 17  16.2 1014 340  6.1 8 10.5  91    0   81 374 -447  1
3856500 2933500  8  8 18  16.1 1014 332  6.0 8 10.1  88    0   52 373 -437  1
3856500 2933500  8  8 19  16.2 1014 340  6.0 8  9.9  86    0   23 372 -427  1
3856500 2933500  8  8 20  15.9 1014 352  5.4 8  9.9  87    0    5 371 -419  1
3856500 2933500  8  8 21  16.0 1015   5  4.6 8 10.0  88    0    0 371 -412  1
3856500 2933500  8  8 22  16.0 1015 353  4.7 8 10.2  90    0    0 372 -407  1
3856500 2933500  8  8 23  16.3 1015 352  4.9 8 10.4  90    0    0 373 -404  1
3856500 2933500  8  8 24  16.2 1015 341  4.4 8 10.5  91    0    0 374 -403  1
3856500 2933500  8  9  1  16.5 1015 340  5.2 8 10.6  91    0    0 374 -402  1
3856500 2933500  8  9  2  16.5 1015 344  4.9 7 10.8  92    0    0 368 -402  1
3856500 2933500  8  9  3  16.5 1014 341  4.5 6 11.1  94    0    0 357 -400  1
3856500 2933500  8  9  4  16.9 1014 345  5.0 8 11.3  95    0    0 359 -394  1
3856500 2933500  8  9  5  17.2 1014 352  4.6 8 11.6  95    0    0 367 -384  1
3856500 2933500  8  9  6  17.3 1014   1  5.5 8 11.6  94    0    3 366 -378  1
3856500 2933500  8  9  7  17.4 1014 360  4.7 8 11.6  93    0   17 364 -379  1
3856500 2933500  8  9  8  17.4 1014   7  6.6 8 11.6  93    0   60 362 -389  1
3856500 2933500  8  9  9  17.8 1014   2  6.4 8 11.6  92    0  119 363 -406  1
3856500 2933500  8  9 10  18.6 1014 359  6.8 8 11.8  90    0  163 366 -422  1
3856500 2933500  8  9 11  19.1 1014   3  6.0 8 11.9  87    1  217 370 -435  1
3856500 2933500  8  9 12  19.5 1014   2  5.8 7 11.9  85   11  275 372 -446  1
3856500 2933500  8  9 13  19.8 1014 346  6.5 8 12.0  83   12  279 375 -452  1
3856500 2933500  8  9 14  20.5 1014 351  7.3 7 12.3  83   24  289 380 -453  1
3856500 2933500  8  9 15  21.3 1013 358  7.1 7 12.6  81   28  268 382 -451  1
3856500 2933500  8  9 16  22.6 1013 350  7.1 6 12.8  77  107  264 384 -447  1
3856500 2933500  8  9 17  21.7 1013 354  8.9 3 12.8  76  232  168 370 -443  1
3856500 2933500  8  9 18  21.1 1013 337  7.0 2 12.6  78  178  110 350 -434  1
3856500 2933500  8  9 19  20.4 1013 351  6.4 2 12.2  79   75   70 341 -424  1
3856500 2933500  8  9 20  19.0 1013  13  5.0 3 11.9  82   12   19 339 -412  1
3856500 2933500  8  9 21  18.2 1013   8  4.5 1 11.7  86    0    0 327 -399  1
3856500 2933500  8  9 22  17.8 1014 357  3.5 3 11.5  88    0    0 320 -389  1
3856500 2933500  8  9 23  17.5 1014 335  3.3 4 11.3  89    0    0 331 -382  1
3856500 2933500  8  9 24  17.4 1014 344  3.9 2 11.3  90    0    0 326 -377  1
3856500 2933500  8 10  1  17.6 1014   2  3.2 1 11.5  92    0    0 309 -375  1
3856500 2933500  8 10  2  17.8 1014   1  3.7 1 11.8  93    0    0 301 -372  1
3856500 2933500  8 10  3  17.6 1014   0  3.5 0 11.9  94    0    0 296 -371  1
3856500 2933500  8 10  4  17.6 1014 357  3.8 5 11.9  94    0    0 321 -370  1
3856500 2933500  8 10  5  17.5 1014 357  3.5 6 11.8  94    0    0 354 -369  1
3856500 2933500  8 10  6  17.5 1014 351  4.3 8 11.8  94    0    4 371 -369  1
3856500 2933500  8 10  7  17.8 1014 335  4.3 8 11.9  94    0   54 383 -374  1
3856500 2933500  8 10  8  18.1 1014 339  4.9 8 12.1  94    0   89 385 -388  1
3856500 2933500  8 10  9  18.6 1014 338  6.4 8 12.3  93    2  161 387 -406  1
3856500 2933500  8 10 10  19.4 1014 336  6.3 8 12.5  90    3  218 390 -424  1
3856500 2933500  8 10 11  21.1 1014 339  4.5 6 12.5  84   96  353 384 -438  1
3856500 2933500  8 10 12  22.2 1014 338  6.3 3 12.5  77  326  374 367 -443  1
3856500 2933500  8 10 13  22.6 1014 333  5.3 2 12.8  75  423  352 357 -437  1
3856500 2933500  8 10 14  21.8 1014 338  5.3 3 12.7  75  389  349 360 -441  1
3856500 2933500  8 10 15  21.4 1014 337  6.6 4 12.4  76  183  364 368 -452  1
3856500 2933500  8 10 16  20.1 1014 331  6.5 6 11.9  78   57  275 377 -448  1
3856500 2933500  8 10 17  19.5 1014 336  5.7 6 11.3  78   30  201 379 -444  1
3856500 2933500  8 10 18  18.4 1014 349  6.0 7 11.0  80    2  102 378 -442  1
3856500 2933500  8 10 19  18.0 1014 339  5.6 7 10.8  82    0   32 378 -433  1
3856500 2933500  8 10 20  17.3 1014 335  5.1 6 10.5  83    0    6 371 -421  1
3856500 2933500  8 10 21  16.3 1015 330  4.0 7 10.2  85    0    0 367 -407  1
3856500 2933500  8 10 22  16.2 1015 325  4.3 4  9.9  86    0    0 356 -395  1
3856500 2933500  8 10 23  15.6 1015 318  4.1 5  9.7  86    0    0 346 -389  1
3856500 2933500  8 10 24  15.1 1015 299  4.0 7  9.6  88    0    0 355 -384  1
3856500 2933500  8 11  1  14.9 1015 313  4.5 6  9.5  89    0    0 357 -380  1
3856500 2933500  8 11  2  14.6 1014 316  5.2 5  9.2  88    0    0 347 -377  1
3856500 2933500  8 11  3  14.6 1014 311  4.8 4  9.1  87    0    0 336 -374  1
3856500 2933500  8 11  4  14.5 1014 311  4.3 4  8.9  86    0    0 331 -372  1
3856500 2933500  8 11  5  14.5 1014 313  4.9 6  8.9  86    0    0 340 -371  1
3856500 2933500  8 11  6  14.4 1014 308  4.9 6  8.9  86    1   18 349 -370  1
3856500 2933500  8 11  7  14.9 1014 308  4.7 6  8.9  85   12   69 348 -374  1
3856500 2933500  8 11  8  15.8 1014 315  6.2 7  9.0  83   22  135 355 -387  1
3856500 2933500  8 11  9  16.3 1014 321  7.0 7  8.9  78   54  204 362 -406  1
3856500 2933500  8 11 10  17.1 1014 320  7.2 6  8.7  73  139  255 359 -425  1
3856500 2933500  8 11 11  17.9 1014 313  7.6 6  8.7  70  187  290 359 -441  1
3856500 2933500  8 11 12  18.7 1014 313  5.9 5  9.0  69  228  314 357 -452  1
3856500 2933500  8 11 13  18.9 1014 321  5.6 4  9.1  67  306  299 351 -461  1
3856500 2933500  8 11 14  19.0 1014 321  6.7 4  8.8  64  391  251 349 -464  1
3856500 2933500  8 11 15  19.4 1014 324  6.1 4  8.7  63  429  193 351 -456  1
3856500 2933500  8 11 16  19.4 1013 270  6.7 3  8.7  61  479   99 349 -452  1
3856500 2933500  8 11 17  19.4 1013 263  6.6 2  8.6  61  378   86 341 -451  1
3856500 2933500  8 11 18  18.7 1013 318  4.8 1  8.5  62  236   77 331 -444  1
3856500 2933500  8 11 19  17.7 1013 339  4.9 2  8.4  64  106   58 327 -437  1
3856500 2933500  8 11 20  16.1 1013 322  4.2 2  8.3  69   14   20 326 -425  1
3856500 2933500  8 11 21  14.7 1013 314  2.8 1  8.4  76    0    0 318 -414  1
3856500 2933500  8 11 22  13.6 1013 306  2.3 0  8.4  83    0    0 307 -406  1
3856500 2933500  8 11 23  13.1 1013 303  3.0 1  8.3  87    0    0 304 -405  1
3856500 2933500  8 11 24  12.3 1013 266  2.4 2  8.2  89    0    0 309 -407  1
3856500 2933500  8 12  1  11.9 1013 254  2.5 0  8.2  92    0    0 304 -409  1
3856500 2933500  8 12  2  12.1 1013 263  3.0 0  8.2  93    0    0 297 -411  1
3856500 2933500  8 12  3  11.4 1012 256  2.0 1  8.2  96    0    0 301 -410  1
3856500 2933500  8 12  4  11.4 1012 251  1.5 4  8.2  97    0    0 313 -407  1
3856500 2933500  8 12  5  10.8 1012 240  1.1 0  8.0  97    0    0 311 -407  1
3856500 2933500  8 12  6  10.4 1012 270  0.9 0  7.9  99    6   24 298 -406  1
3856500 2933500  8 12  7  13.1 1012 262  2.2 0  8.4  97   69   77 304 -406  1
3856500 2933500  8 12  8  16.0 1012 280  2.7 0  9.5  91  190  109 314 -412  1
3856500 2933500  8 12  9  17.4 1012 272  2.7 0  9.9  83  332  121 321 -418  1
3856500 2933500  8 12 10  18.7 1012 282  2.6 1  9.5  73  449  139 331 -423  1
3856500 2933500  8 12 11  20.3 1012 279  3.1 1  9.1  64  554  142 342 -432  1
3856500 2933500  8 12 12  21.5 1012 191  2.3 1  9.3  60  570  175 352 -439  1
3856500 2933500  8 12 13  21.6 1011 284  2.5 2  9.5  59  334  305 359 -440  1
3856500 2933500  8 12 14  22.0 1011  94  2.6 3  9.3  57  309  299 365 -445  1
3856500 2933500  8 12 15  22.5 1010 239  3.8 3  9.4  56  384  231 367 -452  1
3856500 2933500  8 12 16  22.5 1010 135  3.1 3  9.5  56  393  163 365 -449  1
3856500 2933500  8 12 17  22.8 1009 173  3.1 3  9.3  54  300  131 362 -447  1
3856500 2933500  8 12 18  22.5 1009 251  4.9 4  9.4  54  220   88 363 -444  1
3856500 2933500  8 12 19  21.7 1009 187  1.9 4  9.5  57   90   65 362 -430  1
3856500 2933500  8 12 20  19.0 1009 134  2.1 4  9.8  65   10   19 357 -418  1
3856500 2933500  8 12 21  16.9 1009 123  2.6 5 10.0  77    0    0 352 -411  1
3856500 2933500  8 12 22  16.4 1009 128  2.6 8 10.2  85    0    0 362 -410  1
3856500 2933500  8 12 23  16.1 1009 127  3.3 8 10.3  88    0    0 372 -410  1
3856500 2933500  8 12 24  16.3 1009 146  3.8 7 10.2  88    0    0 369 -408  1
3856500 2933500  8 13  1  15.5 1009 234  2.9 8 10.4  91    0    0 369 -404  1
3856500 2933500  8 13  2  15.0 1009 190  2.4 6 10.5  96    0    0 364 -400  1
3856500 2933500  8 13  3  14.9 1008 177  2.3 5 10.5  98    0    0 352 -394  1
3856500 2933500  8 13  4  14.8 1008 176  2.6 3 10.3  97    0    0 338 -390  1
3856500 2933500  8 13  5  14.6 1008 195  2.0 3 10.1  96    0    0 328 -391  1
3856500 2933500  8 13  6  14.4 1008 195  2.2 4 10.0  96    1   21 332 -394  1
3856500 2933500  8 13  7  15.5 1008 210  3.5 4 10.4  97   41   77 335 -396  1
3856500 2933500  8 13  8  16.6 1008 223  3.6 3 10.8  94   66  147 331 -398  1
3856500 2933500  8 13  9  18.1 1008 242  3.4 2 11.0  88  154  209 325 -398  1
3856500 2933500  8 13 10  19.6 1009 240  4.9 3 10.6  77  212  259 330 -399  1
3856500 2933500  8 13 11  19.5 1009 238  6.3 6 10.1  70   71  299 353 -409  1
3856500 2933500  8 13 12  20.1 1009 261  6.2 4 10.4  71  200  344 360 -420  1
3856500 2933500  8 13 13  20.5 1010 245  6.2 2 10.4  69  327  322 345 -425  1
3856500 2933500  8 13 14  21.2 1010 277  5.2 2  9.9  64  367  291 340 -430  1
3856500 2933500  8 13 15  21.7 1010 273  4.4 4  9.4  58   84  283 349 -436  1
3856500 2933500  8 13 16  20.9 1011 293  4.6 4  9.3  59  151  254 353 -436  1
3856500 2933500  8 13 17  20.9 1011 283  3.8 3  9.3  60  182  186 346 -431  1
3856500 2933500  8 13 18  20.0 1011 308  2.8 4  9.4  62  179  113 344 -428  1
3856500 2933500  8 13 19  19.5 1011 272  2.4 5  9.4  65   76   72 348 -419  1
3856500 2933500  8 13 20  17.8 1012 169  2.2 5  9.1  68    6   16 349 -409  1
3856500 2933500  8 13 21  15.2 1012 135  2.0 3  9.0  76    0    0 335 -399  1
3856500 2933500  8 13 22  14.1 1012 260  1.4 3  8.9  85    0    0 320 -395  1
3856500 2933500  8 13 23  13.6 1012 174  1.4 3  8.8  89    0    0 318 -395  1
3856500 2933500  8 13 24  13.1 1012 144  1.6 4  8.8  92    0    0 321 -396  1
3856500 2933500  8 14  1  12.8 1012 169  2.1 5  8.9  95    0    0 329 -396  1
3856500 2933500  8 14  2  13.3 1012 170  1.0 5  9.0  95    0    0 334 -397  1
3856500 2933500  8 14  3  13.5 1012 173  2.4 6  8.9  92    0    0 340 -396  1
3856500 2933500  8 14  4  13.4 1012 173  2.4 5  8.7  90    0    0 341 -395  1
3856500 2933500  8 14  5  13.3 1012 173  3.3 6  8.6  90    0    0 341 -395  1
3856500 2933500  8 14  6  13.4 1012 163  3.1 5  8.6  90    5   22 340 -396  1
3856500 2933500  8 14  7  14.3 1012 168  3.3 5  9.0  91   42   72 338 -398  1
3856500 2933500  8 14  8  16.7 1012 182  3.7 4  9.4  85   69  138 340 -401  1
3856500 2933500  8 14  9  18.4 1012 186  4.1 5  9.5  76   84  204 347 -403  1
3856500 2933500  8 14 10  19.7 1012 194  4.5 5  9.4  68  146  255 358 -407  1
3856500 2933500  8 14 11  20.3 1012 197  4.9 6  9.1  62  311  257 368 -412  1
3856500 2933500  8 14 12  21.3 1011 199  5.5 6  8.5  55  381  262 374 -417  1
3856500 2933500  8 14 13  22.8 1011 170  6.2 5  8.1  49  377  276 377 -422  1
3856500 2933500  8 14 14  23.4 1010 178  6.5 5  8.1  46  333  279 380 -428  1
3856500 2933500  8 14 15  23.7 1009 172  7.0 6  8.0  44  282  262 385 -434  1
3856500 2933500  8 14 16  24.2 1009 172  5.9 5  8.2  44  301  197 389 -434  1
3856500 2933500  8 14 17  23.7 1008 163  5.1 6  8.4  45  229  154 391 -426  1
3856500 2933500  8 14 18  23.4 1007 152  5.9 6  8.4  46   38  123 395 -420  1
3856500 2933500  8 14 19  22.6 1006 144  4.8 6  8.5  48   24   64 396 -415  1
3856500 2933500  8 14 20  21.4 1005 136  4.9 6  8.8  53    0    9 397 -413  1
3856500 2933500  8 14 21  21.0 1005 140  5.1 6  9.0  57    0    0 396 -412  1
3856500 2933500  8 14 22  20.5 1004 137  5.3 8  9.2  60    0    0 401 -413  1
3856500 2933500  8 14 23  20.6 1004 163  5.9 8  9.6  63    0    0 407 -413  1
3856500 2933500  8 14 24  19.7 1004 186  6.6 6 10.1  68    0    0 402 -413  1
3856500 2933500  8 15  1  18.1 1003 188  6.2 7 10.8  78    0    0 396 -412  1
3856500 2933500  8 15  2  18.0 1002 168  7.4 7 11.1  85    0    0 396 -410  1
3856500 2933500  8 15  3  18.4 1001 175  7.3 7 11.0  83    0    0 396 -408  1
3856500 2933500  8 15  4  18.0 1000 189  6.4 8 11.2  84    0    0 399 -407  1
3856500 2933500  8 15  5  17.9 1000 187  5.5 8 11.8  90    0    0 402 -407  1
3856500 2933500  8 15  6  18.4 1000 189  5.7 8 12.3  92    0   11 402 -409  1
3856500 2933500  8 15  7  18.9 1000 194  5.5 7 12.6  92    0   37 399 -410  1
3856500 2933500  8 15  8  19.3 1000 201  7.1 5 12.8  91   29  122 390 -412  1
3856500 2933500  8 15  9  20.1 1000 200  6.7 5 12.8  87   85  178 386 -412  1
3856500 2933500  8 15 10  20.2 1000 216  7.5 8 12.5  83    0  173 397 -411  1
3856500 2933500  8 15 11  21.1 1000 217  6.5 7 12.0  78    7  218 404 -411  1
3856500 2933500  8 15 12  20.6 1000 230  6.0 7 11.6  74   18  245 401 -412  1
3856500 2933500  8 15 13  21.4 1001 244  6.7 6 11.5  73  183  271 399 -416  1
3856500 2933500  8 15 14  23.3 1001 230  6.4 5 11.6  68  225  248 398 -425  1
3856500 2933500  8 15 15  23.7 1001 223  6.0 4 11.8  64  239  215 398 -431  1
3856500 2933500  8 15 16  24.8 1001 213  5.3 4 11.3  59  277  150 395 -431  1
3856500 2933500  8 15 17  23.9 1000 225  4.1 8 11.4  59    1  119 406 -430  1
3856500 2933500  8 15 18  23.3 1000 203  4.2 6 12.1  65   21  108 408 -427  1
3856500 2933500  8 15 19  22.8 1000 215  5.6 6 12.0  67   44   51 401 -426  1
3856500 2933500  8 15 20  21.6 1000 196  4.5 6 11.9  71    0    7 394 -425  1
3856500 2933500  8 15 21  21.0 1000 188  4.3 6 11.9  74    0    0 388 -421  1
3856500 2933500  8 15 22  20.5 1000 187  4.1 6 12.0  77    0    0 389 -416  1
3856500 2933500  8 15 23  19.7  999 205  3.5 6 11.8  80    0    0 393 -414  1
3856500 2933500  8 15 24  18.7  999 230  3.0 7 11.4  83    0    0 399 -413  1
3856500 2933500  8 16  1  17.4 1021 261  2.5 7 10.8  86    0    0 357 -408  1
3856500 2933500  8 16  2  16.3 1021 284  2.0 6 10.3  88    0    0 355 -406  1
3856500 2933500  8 16  3  15.5 1021 298  1.6 6  9.9  90    0    0 352 -400  1
3856500 2933500  8 16  4  15.4 1021 297  1.6 7  9.9  91    0    0 355 -394  1
3856500 2933500  8 16  5  15.7 1021 299  1.6 6 10.1  91    0    0 357 -391  1
3856500 2933500  8 16  6  15.9 1021 289  1.7 7 10.2  93    0    6 356 -390  1
3856500 2933500  8 16  7  16.6 1021 303  1.8 4 10.4  91   22   77 342 -393  1
3856500 2933500  8 16  8  18.7 1021 301  2.4 3 10.9  86   92  152 326 -406  1
3856500 2933500  8 16  9  20.0 1021 324  4.0 5 10.8  77  122  230 333 -422  1
3856500 2933500  8 16 10  21.7 1021 335  4.8 5 10.4  68  165  295 348 -435  1
3856500 2933500  8 16 11  22.3 1021 341  5.8 5 10.3  62  152  347 354 -444  1
3856500 2933500  8 16 12  23.0 1021 345  5.7 5 10.2  60  251  366 361 -455  1
3856500 2933500  8 16 13  23.2 1021 348  6.7 5 10.3  58  290  364 366 -464  1
3856500 2933500  8 16 14  23.4 1021 351  6.4 4 10.4  59  298  345 365 -469  1
3856500 2933500  8 16 15  23.0 1021   2  5.9 4 10.4  59  265  316 361 -473  1
3856500 2933500  8 16 16  22.3 1021 358  5.8 4 10.4  61  235  250 357 -470  1
3856500 2933500  8 16 17  21.3 1021   4  7.0 5 10.4  64  165  195 355 -461  1
3856500 2933500  8 16 18  20.1 1021   9  6.6 5 10.3  68   91  134 352 -448  1
3856500 2933500  8 16 19  19.2 1021  10  5.3 5 10.2  72   39   72 346 -435  1
3856500 2933500  8 16 20  18.5 1021  10  3.2 7 10.1  75    4   17 349 -422  1
3856500 2933500  8 16 21  18.2 1021 360  1.9 8 10.3  78    0    0 355 -410  1
3856500 2933500  8 16 22  17.9 1021   7  2.4 6 10.5  82    0    0 349 -403  1
3856500 2933500  8 16 23  16.6 1021   4  2.1 5 10.5  86    0    0 335 -399  1
3856500 2933500  8 16 24  15.3 1021 350  1.7 3 10.2  90    0    0 320 -397  1
3856500 2933500  8 17  1  14.4 1021 334  1.9 2  9.7  92    0    0 306 -395  1
3856500 2933500  8 17  2  13.9 1021 341  1.3 2  9.2  92    0    0 299 -395  1
3856500 2933500  8 17  3  14.0 1021 323  1.8 3  9.3  94    0    0 301 -394  1
3856500 2933500  8 17  4  13.4 1021 339  1.4 4  9.5  98    0    0 306 -393  1
3856500 2933500  8 17  5  13.5 1021 350  1.4 2  9.5  99    0    0 304 -393  1
3856500 2933500  8 17  6  13.1 1021   1  1.2 0  9.2  97    0    8 293 -392  1
3856500 2933500  8 17  7  15.2 1022 297  1.3 2  9.7  97   20   74 295 -395  1
3856500 2933500  8 17  8  17.7 1022 331  1.7 3 11.1  96   68  151 314 -407  1
3856500 2933500  8 17  9  21.5 1022 341  1.3 3 11.8  83  166  213 328 -426  1
3856500 2933500  8 17 10  22.4 1022 356  1.6 2 11.3  69  371  198 334 -448  1
3856500 2933500  8 17 11  23.8 1022  56  1.9 2 10.6  60  384  259 338 -468  1
3856500 2933500  8 17 12  24.4 1022  61  2.4 2 10.4  56  373  305 344 -483  1
3856500 2933500  8 17 13  25.0 1022  36  2.4 2 10.4  54  443  282 349 -492  1
3856500 2933500  8 17 14  25.9 1021  57  3.0 2 10.2  51  413  280 353 -495  1
3856500 2933500  8 17 15  25.1 1021  23  3.0 2 10.0  49  417  231 354 -493  1
3856500 2933500  8 17 16  24.7 1021  22  3.6 1 10.2  52  374  190 350 -485  1
3856500 2933500  8 17 17  24.6 1020  18  4.6 1 10.9  56  278  158 348 -473  1
3856500 2933500  8 17 18  22.9 1020  19  4.3 1 11.5  63  170  120 344 -458  1
3856500 2933500  8 17 19  20.8 1020  29  3.8 1 11.7  72   69   72 338 -443  1
3856500 2933500  8 17 20  18.9 1020  33  3.1 1 11.6  80    8   19 331 -428  1
3856500 2933500  8 17 21  17.8 1020  27  2.9 1 11.4  87    0    0 326 -415  1
3856500 2933500  8 17 22  17.2 1020  30  3.0 0 11.2  90    0    0 321 -406  1
3856500 2933500  8 17 23  16.2 1020  26  2.7 0 11.1  93    0    0 317 -401  1
3856500 2933500  8 17 24  15.9 1021  22  2.9 0 10.8  95    0    0 315 -398  1
3856500 2933500  8 18  1  15.7 1021  28  2.1 0 10.6  95    0    0 315 -396  1
3856500 2933500  8 18  2  14.6 1021  25  2.0 0 10.3  96    0    0 312 -396  1
3856500 2933500  8 18  3  14.3 1021  34  2.1 0  9.9  96    0    0 310 -396  1
3856500 2933500  8 18  4  13.7 1021  37  1.3 0  9.6  96    0    0 309 -396  1
3856500 2933500  8 18  5  13.1 1020  17  1.4 0  9.2  97    0    0 308 -395  1
3856500 2933500  8 18  6  12.8 1020  24  1.6 1  9.2  99    0   10 307 -393  1
3856500 2933500  8 18  7  15.3 1021  39  1.5 1  9.9  99   34   71 311 -396  1
3856500 2933500  8 18  8  18.6 1021  64  1.9 0 10.9  91  141  120 320 -408  1
3856500 2933500  8 18  9  23.7 1021  55  1.8 0 11.0  71  264  148 334 -431  1
3856500 2933500  8 18 10  26.1 1021  84  2.1 0 10.4  53  402  153 348 -456  1
3856500 2933500  8 18 11  27.5 1021  70  2.6 1  9.4  43  510  155 355 -480  1
3856500 2933500  8 18 12  28.2 1021 113  3.3 1  8.6  37  573  157 359 -501  1
3856500 2933500  8 18 13  28.7 1021  89  3.1 1  8.3  34  611  147 363 -517  1
3856500 2933500  8 18 14  29.0 1020 114  3.2 1  7.8  32  585  146 364 -525  1
3856500 2933500  8 18 15  29.2 1020 127  3.4 1  7.9  31  552  124 366 -526  1
3856500 2933500  8 18 16  27.8 1020  83  4.1 1  8.2  34  452  119 365 -521  1
3856500 2933500  8 18 17  27.2 1020  77  5.6 1  8.7  38  325  110 361 -511  1
3856500 2933500  8 18 18  25.2 1019  71  5.7 0  9.3  44  192   92 355 -495  1
3856500 2933500  8 18 19  23.3 1019  18  4.6 1  9.9  52   72   61 349 -478  1
3856500 2933500  8 18 20  20.8 1019  11  3.9 1 10.4  63    8   16 344 -458  1
3856500 2933500  8 18 21  19.3 1019  19  3.7 1 10.5  72    0    0 337 -443  1
3856500 2933500  8 18 22  19.1 1019  29  4.5 0 10.7  77    0    0 333 -436  1
3856500 2933500  8 18 23  18.7 1020  26  3.0 0 10.8  79    0    0 331 -433  1
3856500 2933500  8 18 24  18.2 1020  32  3.2 1 10.7  81    0    0 331 -431  1
3856500 2933500  8 19  1  16.9 1019  34  3.6 0 10.5  84    0    0 328 -428  1
3856500 2933500  8 19  2  16.6 1019  34  3.3 0 10.1  85    0    0 323 -425  1
3856500 2933500  8 19  3  15.1 1019  41  2.3 0  9.7  86    0    0 319 -423  1
3856500 2933500  8 19  4  15.0 1019  45  2.2 1  9.5  89    0    0 318 -418  1
3856500 2933500  8 19  5  14.8 1019  45  2.1 1  9.4  89    0    0 318 -414  1
3856500 2933500  8 19  6  15.0 1019  57  2.3 1  9.4  89    0    9 317 -411  1
3856500 2933500  8 19  7  17.0 1019  66  2.3 1 10.1  89   26   73 320 -412  1
3856500 2933500  8 19  8  19.8 1019  59  2.3 0 10.7  81  106  138 325 -423  1
3856500 2933500  8 19  9  23.2 1019  72  2.5 0 10.7  67  211  185 333 -442  1
3856500 2933500  8 19 10  25.8 1019  78  2.9 0 10.8  56  333  207 346 -465  1
3856500 2933500  8 19 11  28.1 1019  60  3.4 0 10.7  48  419  226 356 -488  1
3856500 2933500  8 19 12  29.1 1019  87  2.7 1  9.9  40  470  240 365 -506  1
3856500 2933500  8 19 13  29.8 1019  94  2.5 2  9.5  37  466  255 373 -518  1
3856500 2933500  8 19 14  29.5 1018  67  3.4 2  9.8  38  436  255 377 -525  1
3856500 2933500  8 19 15  28.3 1018  54  3.7 2 10.2  41  411  223 375 -526  1
3856500 2933500  8 19 16  28.1 1018  17  6.0 2 10.9  46  345  189 373 -521  1
3856500 2933500  8 19 17  26.8 1018  46  5.1 3 11.0  48  224  165 370 -511  1
3856500 2933500  8 19 18  25.9 1017 134  5.1 2 10.9  51  123  120 365 -498  1
3856500 2933500  8 19 19  23.1 1017 126  4.7 3 11.0  57   41   64 358 -481  1
3856500 2933500  8 19 20  21.1 1017   3  4.2 3 11.0  66    3   15 353 -461  1
3856500 2933500  8 19 21  18.8 1018   6  3.5 3 10.9  75    0    0 345 -445  1
3856500 2933500  8 19 22  18.8 1018  12  4.1 3 11.3  83    0    0 342 -436  1
3856500 2933500  8 19 23  18.6 1019  12  3.5 3 11.5  85    0    0 342 -432  1
3856500 2933500  8 19 24  17.7 1019   5  3.2 2 11.2  86    0    0 337 -427  1
3856500 2933500  8 20  1  17.7 1019   5  3.4 1 11.1  88    0    0 330 -424  1
3856500 2933500  8 20  2  17.4 1019   6  3.2 0 11.0  88    0    0 325 -421  1
3856500 2933500  8 20  3  17.6 1018   1  2.5 0 11.0  88    0    0 321 -416  1
3856500 2933500  8 20  4  17.3 1018   3  2.7 1 11.3  90    0    0 323 -411  1
3856500 2933500  8 20  5  17.1 1018  14  3.0 2 11.5  94    0    0 327 -406  1
3856500 2933500  8 20  6  16.8 1018 358  2.4 2 11.2  93    0    6 329 -404  1
3856500 2933500  8 20  7  17.5 1018 359  2.2 4 11.4  93    3   53 336 -408  1
3856500 2933500  8 20  8  19.5 1019 354  3.9 5 12.0  90   44  136 350 -421  1
3856500 2933500  8 20  9  21.2 1019 359  4.6 4 12.1  81  156  194 359 -445  1
3856500 2933500  8 20 10  21.7 1019  11  4.5 4 11.7  73  312  200 361 -470  1
3856500 2933500  8 20 11  22.8 1019  15  3.9 4 11.3  67  433  196 366 -493  1
3856500 2933500  8 20 12  24.1 1019   8  4.2 5 10.8  60  479  212 375 -511  1
3856500 2933500  8 20 13  25.2 1019  18  4.8 5 10.4  54  485  221 384 -523  1
3856500 2933500  8 20 14  25.2 1019  16  4.5 6 10.2  51  401  251 389 -530  1
3856500 2933500  8 20 15  24.6 1019  18  5.3 4 10.5  53  314  253 386 -530  1
3856500 2933500  8 20 16  24.1 1019   7  6.2 4 11.1  58  400  139 380 -521  1
3856500 2933500  8 20 17  23.2 1019 356  6.9 5 11.1  61  310  113 378 -506  1
3856500 2933500  8 20 18  21.9 1019 358  5.7 4 10.8  63  169   97 372 -486  1
3856500 2933500  8 20 19  20.6 1019 352  5.0 4 10.8  68   62   59 365 -466  1
3856500 2933500  8 20 20  18.4 1019 345  3.3 4 10.6  75    9   16 359 -447  1
3856500 2933500  8 20 21  17.8 1019 351  2.9 5 10.6  82    0    0 356 -433  1
3856500 2933500  8 20 22  17.8 1019 350  2.5 5 10.9  86    0    0 359 -423  1
3856500 2933500  8 20 23  17.4 1020 337  2.9 5 10.9  87    0    0 360 -417  1
3856500 2933500  8 20 24  17.5 1020 338  2.0 7 10.6  85    0    0 366 -413  1
3856500 2933500  8 21  1  17.1 1020 341  3.0 6 10.5  85    0    0 368 -410  1
3856500 2933500  8 21  2  16.6 1020 335  3.2 5 10.3  86    0    0 360 -407  1
3856500 2933500  8 21  3  17.2 1020 340  2.8 5 10.3  86    0    0 357 -404  1
3856500 2933500  8 21  4  17.5 1020 353  2.2 7 10.7  87    0    0 365 -402  1
3856500 2933500  8 21  5  17.6 1020 340  2.2 7 11.0  88    0    0 371 -400  1
3856500 2933500  8 21  6  17.3 1020 343  2.6 6 10.9  88    0    4 366 -398  1
3856500 2933500  8 21  7  18.3 1020 353  2.3 7 11.2  88   10   64 368 -401  1
3856500 2933500  8 21  8  19.9 1020 344  3.0 3 11.8  85   76  152 362 -412  1
3856500 2933500  8 21  9  22.2 1020 356  3.2 3 12.1  78  165  213 356 -431  1
3856500 2933500  8 21 10  24.2 1020  23  3.7 1 12.2  69  287  244 359 -455  1
3856500 2933500  8 21 11  25.1 1021  42  3.7 1 11.8  61  371  269 361 -480  1
3856500 2933500  8 21 12  25.8 1021  51  4.5 1 11.4  56  421  286 365 -502  1
3856500 2933500  8 21 13  26.4 1021  31  4.4 1 11.2  53  448  284 370 -516  1
3856500 2933500  8 21 14  26.7 1020  27  5.4 1 11.1  51  433  276 374 -523  1
3856500 2933500  8 21 15  26.3 1020  33  5.3 1 11.1  51  411  242 375 -523  1
3856500 2933500  8 21 16  26.0 1020  28  5.7 0 11.7  55  338  212 372 -515  1
3856500 2933500  8 21 17  23.6 1020  26  6.5 0 12.0  62  232  178 363 -501  1
3856500 2933500  8 21 18  22.4 1020  18  7.3 1 11.5  66  129  130 355 -484  1
3856500 2933500  8 21 19  21.7 1019   4  4.8 2 11.6  70   44   70 355 -467  1
3856500 2933500  8 21 20  19.6 1019 354  3.9 2 11.9  78    3   15 352 -450  1
3856500 2933500  8 21 21  18.1 1020  20  5.1 2 11.8  87    0    0 345 -436  1
3856500 2933500  8 21 22  18.1 1020  13  6.0 3 12.1  93    0    0 345 -432  1
3856500 2933500  8 21 23  17.8 1020   8  5.6 3 12.4  96    0    0 347 -432  1
3856500 2933500  8 21 24  17.4 1020 354  4.4 4 11.9  95    0    0 347 -428  1
3856500 2933500  8 22  1  17.2 1020 358  4.0 0 11.6  94    0    0 337 -423  1
3856500 2933500  8 22  2  16.7 1020 347  3.4 0 11.5  96    0    0 325 -419  1
3856500 2933500  8 22  3  15.8 1020  30  3.3 6 11.1  96    0    0 337 -415  1
3856500 2933500  8 22  4  15.7 1019  58  2.6 5 10.9  98    0    0 348 -411  1
3856500 2933500  8 22  5  15.5 1019  60  2.3 3 10.8  98    0    0 339 -408  1
3856500 2933500  8 22  6  15.9 1019  75  2.6 2 10.6  96    0    8 331 -405  1
3856500 2933500  8 22  7  16.8 1019  78  2.4 4 11.0  95   17   72 335 -406  1
3856500 2933500  8 22  8  20.2 1019 105  2.9 2 11.4  85   68  153 341 -417  1
3856500 2933500  8 22  9  22.5 1019 107  2.9 2 11.3  71  154  221 346 -436  1
3856500 2933500  8 22 10  24.9 1019 107  2.6 1 11.4  62  260  263 353 -459  1
3856500 2933500  8 22 11  26.8 1019  93  2.9 1 11.6  56  339  294 360 -482  1
3856500 2933500  8 22 12  28.1 1019 102  3.0 2 11.0  48  389  313 369 -503  1
3856500 2933500  8 22 13  29.5 1018  89  3.7 2 10.4  42  416  312 377 -520  1
3856500 2933500  8 22 14  29.8 1018 100  4.1 2 10.3  40  393  307 382 -530  1
3856500 2933500  8 22 15  29.9 1017  92  7.2 1 10.3  39  345  285 381 -532  1
3856500 2933500  8 22 16  30.2 1017 114  2.9 1 10.2  38  262  252 379 -526  1
3856500 2933500  8 22 17  29.0 1016  39  3.2 1 10.6  41  181  199 375 -515  1
3856500 2933500  8 22 18  27.4 1016  13  2.5 1 11.5  48   89  137 370 -502  1
3856500 2933500  8 22 19  25.0 1015  24  3.5 1 12.3  58   31   66 363 -484  1
3856500 2933500  8 22 20  22.8 1015  26  3.3 1 12.5  67    2   12 355 -467  1
3856500 2933500  8 22 21  21.5 1015  31  2.7 1 12.2  73    0    0 349 -454  1
3856500 2933500  8 22 22  20.8 1015  37  2.3 0 12.3  78    0    0 344 -447  1
3856500 2933500  8 22 23  19.5 1015  39  1.8 0 11.9  80    0    0 337 -444  1
3856500 2933500  8 22 24  18.3 1015  31  3.4 1 11.4  84    0    0 334 -441  1
3856500 2933500  8 23  1  19.0 1014  48  3.6 1 11.3  84    0    0 335 -440  1
3856500 2933500  8 23  2  18.9 1014  64  1.8 1 11.3  82    0    0 334 -440  1
3856500 2933500  8 23  3  18.2 1014 107  1.8 0 11.2  84    0    0 327 -438  1
3856500 2933500  8 23  4  18.2 1013 114  2.2 0 10.9  83    0    0 322 -435  1
3856500 2933500  8 23  5  17.4 1013 343  2.4 1 10.5  82    0    0 323 -432  1
3856500 2933500  8 23  6  17.6 1012  76  2.2 1 10.3  82    0    5 322 -431  1
3856500 2933500  8 23  7  19.1 1012 156  2.2 1 10.3  78   13   69 323 -433  1
3856500 2933500  8 23  8  20.6 1012 150  1.5 1 10.3  71   66  161 326 -436  1
3856500 2933500  8 23  9  23.9 1012 217  2.4 1 10.6  63  147  236 335 -445  1
3856500 2933500  8 23 10  26.3 1012 151  2.2 0 11.2  56  232  289 344 -458  1
3856500 2933500  8 23 11  28.2 1011 156  2.8 1 11.4  50  320  322 355 -470  1
3856500 2933500  8 23 12  28.8 1011 171  2.4 1 11.4  47  392  334 367 -484  1
3856500 2933500  8 23 13  31.3 1010 180  2.7 1 11.4  43  426  333 376 -501  1
3856500 2933500  8 23 14  31.1 1009 205  3.0 4 11.4  40  109  357 392 -512  1
3856500 2933500  8 23 15  29.2 1009 330  3.5 7 11.5  42    0  164 403 -517  1
3856500 2933500  8 23 16  24.4 1008 354  4.9 7 11.8  53    0  102 396 -516  1
3856500 2933500  8 23 17  22.6 1008 313  3.7 7 12.1  66    0   39 384 -508  1
3856500 2933500  8 23 18  19.7 1009 227  2.8 8 11.9  75    0   36 379 -493  1
3856500 2933500  8 23 19  18.3 1008  45  3.0 8 11.8  85    0   33 376 -474  1
3856500 2933500  8 23 20  18.1 1008 342  1.8 7 11.8  90    0    8 373 -457  1
3856500 2933500  8 23 21  17.8 1008 275  2.6 6 11.7  90    0    0 365 -445  1
3856500 2933500  8 23 22  16.9 1008 219  2.1 5 11.7  94    0    0 357 -436  1
3856500 2933500  8 23 23  17.0 1009 233  3.5 5 11.6  95    0    0 353 -431  1
3856500 2933500  8 23 24  16.8 1009 311  3.2 5 11.4  94    0    0 351 -429  1
3856500 2933500  8 24  1  17.0 1009 316  2.7 5 11.6  96    0    0 351 -427  1
3856500 2933500  8 24  2  17.2 1009 301  1.9 5 11.8  96    0    0 352 -419  1
3856500 2933500  8 24  3  16.8 1009 288  2.8 6 11.9  97    0    0 357 -412  1
3856500 2933500  8 24  4  16.5 1009 304  2.1 4 11.7  98    0    0 353 -410  1
3856500 2933500  8 24  5  17.0 1009 288  1.6 8 11.7  98    0    0 363 -411  1
3856500 2933500  8 24  6  16.8 1009 256  2.3 7 11.8  97    0    0 378 -412  1
3856500 2933500  8 24  7  16.7 1009 315  3.7 7 11.7  97    0   31 373 -415  1
3856500 2933500  8 24  8  17.2 1010 282  3.1 6 11.8  97   28  114 370 -420  1
3856500 2933500  8 24  9  18.9 1010 316  3.8 7 11.9  91   50  176 376 -429  1
3856500 2933500  8 24 10  19.5 1011 329  4.5 7 11.7  83   22  213 385 -443  1
3856500 2933500  8 24 11  21.0 1011 348  4.8 8 11.2  75    0  167 394 -460  1
3856500 2933500  8 24 12  21.4 1012 339  5.0 7 10.7  67   48  267 396 -480  1
3856500 2933500  8 24 13  22.1 1012 331  4.5 4  9.9  61  417  184 380 -496  1
3856500 2933500  8 24 14  22.9 1012 291  4.3 3  9.2  54  488  135 364 -502  1
3856500 2933500  8 24 15  22.4 1012 330  4.5 3  8.9  52  443  125 359 -502  1
3856500 2933500  8 24 16  23.2 1012 304  5.2 4  8.6  50  185  174 358 -495  1
3856500 2933500  8 24 17  22.1 1012 315  4.4 7  8.7  50   30  146 367 -481  1
3856500 2933500  8 24 18  21.3 1012 311  4.5 6  8.9  55   48   94 370 -463  1
3856500 2933500  8 24 19  20.7 1012 307  3.8 6  8.9  57   57   40 362 -445  1
3856500 2933500  8 24 20  18.6 1012 350  2.7 6  8.7  61    1    7 355 -431  1
3856500 2933500  8 24 21  17.3 1012 280  3.2 5  8.6  67    0    0 344 -419  1
3856500 2933500  8 24 22  16.4 1012 265  3.3 3  8.7  73    0    0 330 -411  1
3856500 2933500  8 24 23  15.5 1013 235  2.9 3  8.8  77    0    0 320 -407  1
3856500 2933500  8 24 24  14.8 1012 203  2.5 5  8.7  81    0    0 326 -403  1
3856500 2933500  8 25  1  15.1 1012 202  3.2 6  8.7  82    0    0 339 -398  1
3856500 2933500  8 25  2  15.4 1012 206  3.9 7  8.8  81    0    0 351 -394  1
3856500 2933500  8 25  3  15.6 1011 202  4.0 8  8.9  81    0    0 362 -392  1
3856500 2933500  8 25  4  16.0 1010 211  6.0 8  9.0  80    0    0 368 -393  1
3856500 2933500  8 25  5  16.0 1010 201  4.6 8  9.1  80    0    0 369 -397  1
3856500 2933500  8 25  6  16.0 1009 206  5.8 7  9.3  81    0    0 365 -399  1
3856500 2933500  8 25  7  16.3 1008 210  5.0 8  9.6  83    0   40 367 -401  1
3856500 2933500  8 25  8  16.1 1008 210  6.3 8 10.0  86    1   83 374 -407  1
3856500 2933500  8 25  9  16.8 1007 219  6.6 8 10.4  88    0   93 377 -418  1
3856500 2933500  8 25 10  17.4 1007 219  6.0 8 10.6  86    0  122 382 -425  1
3856500 2933500  8 25 11  17.7 1007 208  7.5 8 10.9  86    0  127 386 -430  1
3856500 2933500  8 25 12  18.0 1007 199  6.4 8 11.4  88    0  191 389 -438  1
3856500 2933500  8 25 13  19.5 1006 222  6.7 7 11.8  86   22  249 390 -436  1
3856500 2933500  8 25 14  20.7 1006 228  4.5 7 12.0  80   83  253 390 -443  1
3856500 2933500  8 25 15  20.0 1005 269  7.8 6 12.2  81  114  226 388 -452  1
3856500 2933500  8 25 16  19.1 1005 266  8.9 8 12.4  86    1  147 389 -450  1
3856500 2933500  8 25 17  19.5 1004 281  5.1 6 11.9  84   13  137 387 -444  1
3856500 2933500  8 25 18  19.5 1004 277  5.9 4 11.1  77   55   93 370 -429  1
3856500 2933500  8 25 19  18.6 1004 264  5.3 5 10.6  76   11   40 363 -420  1
3856500 2933500  8 25 20  17.8 1004 260  6.1 6 10.3  78    0    4 366 -414  1
3856500 2933500  8 25 21  17.1 1005 255  5.6 6 10.0  79    0    0 366 -410  1
3856500 2933500  8 25 22  16.4 1005 252  5.6 6  9.8  81    0    0 363 -407  1
3856500 2933500  8 25 23  15.5 1005 240  4.8 7  9.5  84    0    0 361 -405  1
3856500 2933500  8 25 24  14.5 1005 221  4.5 7  9.2  87    0    0 367 -402  1
3856500 2933500  8 26  1  13.6 1014 196  3.9 7  8.9  90    0    0 355 -390  1
3856500 2933500  8 26  2  12.9 1013 170  3.2 8  8.7  92    0    0 357 -389  1
3856500 2933500  8 26  3  12.6 1012 146  2.3 8  8.5  94    0    0 364 -390  1
3856500 2933500  8 26  4  12.5 1012 135  2.1 8  8.6  95    0    0 366 -390  1
3856500 2933500  8 26  5  12.5 1011 151  2.1 8  8.6  95    0    0 367 -390  1
3856500 2933500  8 26  6  12.3 1010 135  1.9 8  8.7  96    0    1 368 -390  1
3856500 2933500  8 26  7  12.5 1010 212  1.6 8  8.8  98    0   13 369 -390  1
3856500 2933500  8 26  8  12.9 1009  35  2.7 8  9.0  98    0   30 371 -390  1
3856500 2933500  8 26  9  13.2 1009  64  2.1 7  9.1  97    0   57 370 -392  1
3856500 2933500  8 26 10  13.7 1009  58  3.3 7  9.4  97    0   92 369 -404  1
3856500 2933500  8 26 11  13.9 1009  62  3.0 7  9.5  96    0  140 371 -422  1
3856500 2933500  8 26 12  14.6 1009  64  4.5 7  9.4  92    6  242 372 -443  1
3856500 2933500  8 26 13  15.4 1008  63  3.9 7  9.6  90    0  205 375 -464  1
3856500 2933500  8 26 14  15.4 1009  65  3.6 8  9.7  88    0   99 379 -475  1
3856500 2933500  8 26 15  15.3 1009  77  3.9 8  9.8  89    0   68 380 -468  1
3856500 2933500  8 26 16  15.2 1008  69  4.3 8  9.9  91    0   70 380 -457  1
3856500 2933500  8 26 17  14.9 1008  64  3.7 8  9.9  92    0   70 378 -444  1
3856500 2933500  8 26 18  14.7 1007  59  4.0 8  9.9  93    1   75 375 -431  1
3856500 2933500  8 26 19  14.5 1007  68  3.5 8  9.8  94    0   23 372 -424  1
3856500 2933500  8 26 20  14.3 1007  72  4.0 8  9.7  94    0    2 369 -416  1
3856500 2933500  8 26 21  14.2 1006  72  4.3 7  9.7  95    0    0 363 -409  1
3856500 2933500  8 26 22  14.3 1006  70  3.6 7  9.7  95    0    0 357 -405  1
3856500 2933500  8 26 23  14.1 1005  40  3.6 7  9.7  95    0    0 356 -402  1
3856500 2933500  8 26 24  14.0 1004  61  4.5 8  9.8  96    0    0 362 -399  1
3856500 2933500  8 27  1  13.9 1003  62  4.7 8  9.8  97    0    0 367 -397  1
3856500 2933500  8 27  2  13.8 1003  42  4.0 8  9.8  97    0    0 369 -397  1
3856500 2933500  8 27  3  13.7 1002  50  4.5 7  9.7  98    0    0 363 -396  1
3856500 2933500  8 27  4  13.8 1001  40  4.5 7  9.7  97    0    0 356 -395  1
3856500 2933500  8 27  5  13.5 1001  29  3.7 7  9.7  98    0    0 355 -394  1
3856500 2933500  8 27  6  13.4 1001  32  4.7 8  9.7  99    0    1 363 -392  1
3856500 2933500  8 27  7  13.2 1001  36  5.9 8  9.4  97    0   12 372 -392  1
3856500 2933500  8 27  8  13.1 1001  25  6.2 8  9.2  96    0   28 372 -397  1
3856500 2933500  8 27  9  13.1 1001  28  4.6 8  9.2  96    0   49 373 -407  1
3856500 2933500  8 27 10  13.2 1002  26  4.6 8  9.2  96    0   59 374 -419  1
3856500 2933500  8 27 11  13.1 1002 357  4.5 8  9.2  96    0   78 375 -433  1
3856500 2933500  8 27 12  12.8 1003  32  8.2 8  9.0  95    0   83 373 -441  1
3856500 2933500  8 27 13  12.6 1003  49  6.2 8  8.6  93    0   89 371 -442  1
3856500 2933500  8 27 14  13.4 1004  62  5.0 7  8.8  93    0  113 366 -448  1
3856500 2933500  8 27 15  13.9 1004  46  5.1 8  9.1  92    0  116 367 -458  1
3856500 2933500  8 27 16  14.3 1005  16  5.7 7  8.7  86    0  146 366 -457  1
3856500 2933500  8 27 17  15.0 1006   1  5.2 6  8.5  81   25  158 357 -447  1
3856500 2933500  8 27 18  15.6 1006 341  7.4 8  8.6  79   68  108 362 -434  1
3856500 2933500  8 27 19  14.3 1007 329  4.2 6  8.4  79   24   47 358 -420  1
3856500 2933500  8 27 20  12.5 1008 313  2.9 5  8.1  84    0    3 337 -405  1
3856500 2933500  8 27 21  11.2 1008 310  3.7 3  7.9  91    0    0 316 -392  1
3856500 2933500  8 27 22  12.3 1009 303  3.9 5  7.9  92    0    0 315 -384  1
3856500 2933500  8 27 23  11.9 1009 284  3.8 6  8.2  92    0    0 328 -378  1
3856500 2933500  8 27 24  12.4 1010 289  4.0 5  8.1  91    0    0 325 -374  1
3856500 2933500  8 28  1  11.9 1010 286  3.9 7  8.1  91    0    0 328 -372  1
3856500 2933500  8 28  2  12.0 1011 282  3.5 6  8.0  91    0    0 330 -372  1
3856500 2933500  8 28  3  11.9 1011 294  4.4 6  7.9  90    0    0 324 -372  1
3856500 2933500  8 28  4  11.7 1011 293  3.7 6  7.9  91    0    0 323 -374  1
3856500 2933500  8 28  5  10.8 1012 296  3.2 3  7.7  92    0    0 305 -376  1
3856500 2933500  8 28  6  10.1 1012 321  3.2 1  7.3  93    0    6 277 -379  1
3856500 2933500  8 28  7  11.6 1012 279  3.9 4  7.3  90    3   47 283 -380  1
3856500 2933500  8 28  8  12.8 1013 263  3.5 4  7.7  87   97  113 303 -387  1
3856500 2933500  8 28  9  14.9 1013 287  4.6 2  8.0  81  281  109 299 -402  1
3856500 2933500  8 28 10  15.7 1013 283  5.0 2  8.1  74  366  146 297 -420  1
3856500 2933500  8 28 11  14.0 1014 292  4.5 5  8.3  78   83  275 312 -438  1
3856500 2933500  8 28 12  14.6 1014 270  5.9 8  8.3  81   19  252 338 -444  1
3856500 2933500  8 28 13  15.2 1014 269  6.5 2  8.1  77  445  210 330 -451  1
3856500 2933500  8 28 14  16.6 1014 301  6.5 5  8.1  72   81  276 326 -460  1
3856500 2933500  8 28 15  15.2 1014 284  6.9 4  8.1  72  137  257 333 -457  1
3856500 2933500  8 28 16  14.0 1014 306  4.7 4  8.3  80  134  212 323 -451  1
3856500 2933500  8 28 17  14.9 1014 307  5.1 4  8.1  79   95  159 319 -443  1
3856500 2933500  8 28 18  14.6 1014 310  4.6 5  8.3  79  151   82 322 -431  1
3856500 2933500  8 28 19  13.8 1014 287  4.6 5  8.3  82   41   46 324 -416  1
3856500 2933500  8 28 20  12.2 1014 266  2.3 4  8.1  86    0    0 316 -401  1
3856500 2933500  8 28 21  12.1 1014 265  2.7 6  8.0  91    0    0 316 -391  1
3856500 2933500  8 28 22  11.2 1014 234  3.0 7  7.8  91    0    0 327 -388  1
3856500 2933500  8 28 23  11.3 1014 246  3.4 7  7.7  93    0    0 332 -388  1
3856500 2933500  8 28 24  11.3 1013 236  3.5 8  7.8  93    0    0 337 -386  1
3856500 2933500  8 29  1  10.8 1013 246  4.1 6  7.8  95    0    0 330 -383  1
3856500 2933500  8 29  2  10.9 1012 216  3.6 6  7.8  96    0    0 319 -380  1
3856500 2933500  8 29  3  11.0 1011 232  3.7 6  7.9  97    0    0 318 -377  1
3856500 2933500  8 29  4  10.5 1011 231  4.0 5  7.9  97    0    0 314 -373  1
3856500 2933500  8 29  5  10.5 1011 235  3.9 5  7.9  99    0    0 308 -371  1
3856500 2933500  8 29  6  10.4 1010 237  4.1 7  7.9 100    0   11 316 -369  1
3856500 2933500  8 29  7  11.1 1010 239  4.2 6  8.0  99    9   57 320 -370  1
3856500 2933500  8 29  8  12.2 1010 238  4.5 5  8.2  96   86  133 314 -378  1
3856500 2933500  8 29  9  13.7 1010 247  6.1 2  8.4  90  219  172 300 -389  1
3856500 2933500  8 29 10  15.1 1009 247  6.3 4  8.5  83  172  265 302 -400  1
3856500 2933500  8 29 11  16.1 1009 235  5.8 5  8.2  73  148  315 322 -405  1
3856500 2933500  8 29 12  16.6 1009 221  7.4 5  7.9  68  100  324 335 -406  1
3856500 2933500  8 29 13  15.8 1008 205  7.0 7  8.1  70    0  121 348 -407  1
3856500 2933500  8 29 14  14.7 1007 194  6.6 7  8.6  79    0  167 355 -412  1
3856500 2933500  8 29 15  14.5 1006 234  4.6 8  8.9  86    0   96 357 -408  1
3856500 2933500  8 29 16  14.1 1005 219  5.9 8  8.8  86    0   78 359 -400  1
3856500 2933500  8 29 17  11.9 1004 226  5.1 8  8.6  91    0   46 355 -402  1
3856500 2933500  8 29 18  11.8 1004 232  5.0 8  8.3  95    0   25 353 -401  1
3856500 2933500  8 29 19  11.3 1003 242  4.6 7  8.3  96    0   15 349 -395  1
3856500 2933500  8 29 20  10.9 1002 238  5.1 7  7.9  95    0    0 342 -386  1
3856500 2933500  8 29 21  10.2 1003 274  3.1 6  7.5  93    0    0 334 -375  1
3856500 2933500  8 29 22   9.6 1002 245  5.1 7  7.2  93    0    0 332 -370  1
3856500 2933500  8 29 23   8.3 1002 212  2.1 6  6.9  95    0    0 327 -369  1
3856500 2933500  8 29 24   7.8 1002 179  1.7 4  6.7  99    0    0 310 -365  1
3856500 2933500  8 30  1   7.4 1002 166  2.6 3  6.6 100    0    0 294 -363  1
3856500 2933500  8 30  2   6.5 1003 184  2.0 3  6.3 100    0    0 286 -360  1
3856500 2933500  8 30  3   5.7 1003 316  2.5 4  5.9 100    0    0 286 -358  1
3856500 2933500  8 30  4   5.8 1004 312  0.8 5  5.8 100    0    0 293 -359  1
3856500 2933500  8 30  5   6.0 1004 286  1.4 6  5.8 100    0    0 302 -359  1
3856500 2933500  8 30  6   7.0 1005 279  2.6 6  6.1 100    0    7 308 -359  1
3856500 2933500  8 30  7   8.3 1006 276  2.6 7  6.6 100   12   51 316 -355  1
3856500 2933500  8 30  8  10.3 1007 331  4.0 7  7.3  99    1   86 327 -358  1
3856500 2933500  8 30  9  11.6 1008  32  5.1 7  8.0  97   10  153 333 -374  1
3856500 2933500  8 30 10  13.8 1009 345  6.8 7  8.6  93   38  221 339 -395  1
3856500 2933500  8 30 11  14.7 1010   8  8.2 8  8.9  87    2  194 349 -415  1
3856500 2933500  8 30 12  12.5 1011  25  7.9 8  8.5  87   21  245 350 -420  1
3856500 2933500  8 30 13  15.9 1012  15  6.4 5  8.7  86   38  264 341 -421  1
3856500 2933500  8 30 14  16.6 1013 336  7.2 3  8.9  77  288  231 331 -422  1
3856500 2933500  8 30 15  16.8 1014 357  9.2 4  8.3  70  247  211 330 -420  1
3856500 2933500  8 30 16  17.3 1014   7  8.2 2  8.1  66  331  119 327 -427  1
3856500 2933500  8 30 17  17.2 1015   6  8.7 1  7.9  64  337   58 315 -426  1
3856500 2933500  8 30 18  16.8 1016   8  7.9 3  7.8  65  183   69 318 -418  1
3856500 2933500  8 30 19  15.2 1016 340  4.9 4  7.9  70   33   37 327 -406  1
3856500 2933500  8 30 20  13.9 1017 334  6.5 4  7.9  76    0    0 327 -397  1
3856500 2933500  8 30 21  13.5 1018 335  4.9 5  7.9  81    0    0 330 -392  1
3856500 2933500  8 30 22  12.7 1019 326  5.0 3  7.8  83    0    0 323 -391  1
3856500 2933500  8 30 23  11.9 1019 336  4.6 2  7.5  85    0    0 307 -389  1
3856500 2933500  8 30 24  11.0 1020 323  3.8 2  7.5  89    0    0 300 -386  1
3856500 2933500  8 31  1  11.0 1020 325  3.6 3  7.5  92    0    0 304 -381  1
3856500 2933500  8 31  2  10.3 1020 309  2.9 2  7.3  92    0    0 301 -377  1
3856500 2933500  8 31  3   9.8 1021 320  2.6 2  7.1  93    0    0 294 -373  1
3856500 2933500  8 31  4   9.8 1021 324  2.5 2  7.2  96    0    0 293 -371  1
3856500 2933500  8 31  5   9.6 1021 330  2.1 3  7.2  97    0    0 298 -369  1
3856500 2933500  8 31  6   9.0 1021 359  0.8 3  6.8  94    0    8 301 -367  1
3856500 2933500  8 31  7  10.8 1021 303  1.7 3  6.9  92   62   35 303 -367  1
3856500 2933500  8 31  8  13.1 1022 320  1.8 2  7.7  89  208   52 306 -373  1
3856500 2933500  8 31  9  15.3 1022 300  2.8 3  7.9  79  312   64 312 -388  1
3856500 2933500  8 31 10  16.4 1022 319  4.2 6  7.7  69   39  203 336 -407  1
3856500 2933500  8 31 11  15.5 1023 315  5.3 6  7.7  69   67  232 350 -424  1
3856500 2933500  8 31 12  16.0 1023 345  4.1 5  8.2  74  320  164 344 -439  1
3856500 2933500  8 31 13  17.4 1023 341  4.9 6  8.5  73  152  231 347 -448  1
3856500 2933500  8 31 14  15.3 1023   9  4.3 7  8.5  74   16  219 351 -453  1
3856500 2933500  8 31 15  15.1 1023   1  4.3 8  8.7  81    0  133 354 -452  1
3856500 2933500  8 31 16  15.7 1023 328  7.2 8  8.9  82    1  141 358 -447  1
3856500 2933500  8 31 17  15.8 1023 327  6.5 5  8.6  77  205   73 345 -437  1
3856500 2933500  8 31 18  15.5 1022 308  5.7 4  7.9  72  154   84 330 -424  1
3856500 2933500  8 31 19  14.2 1022 303  3.4 4  7.5  72   31   40 321 -412  1
3856500 2933500  8 31 20  12.6 1022 301  3.7 4  7.5  79    0    0 314 -400  1
3856500 2933500  8 31 21  12.2 1022 296  2.5 7  7.6  85    0    0 322 -390  1
3856500 2933500  8 31 22  12.1 1022 288  2.5 8  7.8  89    0    0 338 -383  1
3856500 2933500  8 31 23  12.3 1022 303  3.6 8  8.0  91    0    0 342 -378  1
3856500 2933500  8 31 24  12.0 1022 306  3.4 8  8.2  93    0    0 341 -375  1
3856500 2933500  9  1  1  11.7 1021 305  3.1 7  8.5  99    0    0 332 -371  1
3856500 2933500  9  1  2  12.1 1021 291  2.1 7  8.6 100    0    0 337 -370  1
3856500 2933500  9  1  3  12.0 1021 295  2.2 7  8.7 100    0    0 342 -367  1
3856500 2933500  9  1  4  12.1 1021 273  2.5 8  8.6  99    0    0 349 -365  1
3856500 2933500  9  1  5  11.8 1021 268  2.2 8  8.5  98    0    0 352 -365  1
3856500 2933500  9  1  6  12.0 1020 260  2.2 8  8.4  97    0    1 353 -366  1
3856500 2933500  9  1  7  12.2 1020 269  2.3 7  8.4  96    4   35 352 -371  1
3856500 2933500  9  1  8  13.1 1020 282  2.2 6  8.5  94   31  102 345 -380  1
3856500 2933500  9  1  9  14.4 1020 292  3.4 7  8.7  90   19  159 348 -393  1
3856500 2933500  9  1 10  14.6 1021 291  4.3 8  8.8  86    2  171 362 -403  1
3856500 2933500  9  1 11  14.8 1020 308  4.8 7  8.8  84    0  178 360 -412  1
3856500 2933500  9  1 12  14.3 1021 304  4.7 7  9.0  87    5  221 353 -423  1
3856500 2933500  9  1 13  15.2 1020 295  5.0 8  9.1  88    0  138 357 -433  1
3856500 2933500  9  1 14  15.7 1020 319  6.3 7  9.2  84    0  182 359 -439  1
3856500 2933500  9  1 15  16.0 1020 315  5.8 6  9.2  82   50  230 354 -438  1
3856500 2933500  9  1 16  15.7 1020 329  5.5 6  9.1  81  130  174 349 -435  1
3856500 2933500  9  1 17  15.7 1020 327  5.3 8  9.0  82   61  135 356 -429  1
3856500 2933500  9  1 18  16.0 1020 324  4.1 7  9.1  81   60   65 360 -420  1
3856500 2933500  9  1 19  14.2 1020 310  2.7 5  8.8  82   20   16 346 -408  1
3856500 2933500  9  1 20  12.6 1020 301  3.0 5  8.5  89    0    0 330 -395  1
3856500 2933500  9  1 21  12.7 1020 287  2.7 7  8.5  93    0    0 331 -385  1
3856500 2933500  9  1 22  12.8 1020 302  2.9 7  8.7  95    0    0 335 -380  1
3856500 2933500  9  1 23  12.7 1020 300  2.4 6  8.8  96    0    0 327 -377  1
3856500 2933500  9  1 24  12.1 1020 312  2.1 7  8.7  97    0    0 323 -376  1
3856500 2933500  9  2  1  13.7 1020 267  2.2 5  8.6  93    0    0 319 -374  1
3856500 2933500  9  2  2  13.0 1020 261  2.4 5  8.6  90    0    0 312 -373  1
3856500 2933500  9  2  3  13.8 1019 263  2.7 7  8.5  89    0    0 318 -373  1
3856500 2933500  9  2  4  13.5 1019 269  2.7 8  8.5  87    0    0 328 -374  1
3856500 2933500  9  2  5  14.3 1019 287  2.8 7  8.4  85    0    0 329 -376  1
3856500 2933500  9  2  6  14.0 1019 277  3.1 6  8.4  84    0    1 324 -377  1
3856500 2933500  9  2  7  13.3 1019 295  3.4 7  8.5  88    0   25 324 -380  1
3856500 2933500  9  2  8  14.1 1019 293  2.4 7  8.8  90    0   75 328 -385  1
3856500 2933500  9  2  9  14.7 1019 312  2.6 7  9.1  89    8  149 334 -394  1
3856500 2933500  9  2 10  15.8 1020 324  3.2 7  9.4  87    9  197 340 -404  1
3856500 2933500  9  2 11  16.2 1020 334  4.3 6  9.6  85   33  251 343 -419  1
3856500 2933500  9  2 12  16.5 1020 317  4.1 7  9.7  84   57  282 347 -436  1
3856500 2933500  9  2 13  16.8 1020 306  4.8 6  9.2  78   81  292 350 -445  1
3856500 2933500  9  2 14  17.6 1020 315  5.1 8  9.0  74    0  179 359 -450  1
3856500 2933500  9  2 15  17.1 1019 335  4.6 6  9.3  76   66  240 362 -451  1
3856500 2933500  9  2 16  17.7 1020 322  5.1 4  9.2  74  253  138 343 -445  1
3856500 2933500  9  2 17  17.6 1019 341  5.3 3  8.8  70  270   67 330 -435  1
3856500 2933500  9  2 18  16.9 1019 341  4.7 2  8.7  71  142   51 319 -424  1
3856500 2933500  9  2 19  16.4 1020 328  4.0 3  8.8  75   26   20 318 -410  1
3856500 2933500  9  2 20  14.3 1020 310  3.0 3  8.7  81    0    0 318 -396  1
3856500 2933500  9  2 21  13.9 1020 324  2.6 1  8.6  86    0    0 305 -385  1
3856500 2933500  9  2 22  14.0 1020 312  2.5 1  8.3  84    0    0 297 -378  1
3856500 2933500  9  2 23  12.5 1021 317  1.9 3  8.0  85    0    0 301 -374  1
3856500 2933500  9  2 24  12.2 1021 319  1.3 3  7.7  87    0    0 306 -370  1
3856500 2933500  9  3  1   9.4 1021 318  1.4 0  7.5  93    0    0 291 -367  1
3856500 2933500  9  3  2   9.2 1021 344  0.9 0  7.2  99    0    0 276 -365  1
3856500 2933500  9  3  3   9.6 1021 330  0.9 1  7.1  97    0    0 279 -365  1
3856500 2933500  9  3  4  10.2 1021  33  0.8 2  7.1  94    0    0 287 -364  1
3856500 2933500  9  3  5   8.9 1021 106  1.2 5  7.2  97    0    0 298 -365  1
3856500 2933500  9  3  6   9.4 1021 132  1.2 7  7.2 100    0    1 312 -370  1
3856500 2933500  9  3  7  10.4 1021  45  1.3 6  7.6 100   24   38 318 -373  1
3856500 2933500  9  3  8  12.7 1021 134  1.7 3  8.0  95  175   55 309 -378  1
3856500 2933500  9  3  9  13.8 1021 146  1.7 5  8.3  88  161  146 311 -389  1
3856500 2933500  9  3 10  15.0 1022 150  1.7 5  8.4  82  197  202 323 -402  1
3856500 2933500  9  3 11  15.7 1022 148  2.4 6  8.2  76  167  261 329 -418  1
3856500 2933500  9  3 12  16.3 1022 144  2.6 6  8.0  71  192  284 335 -436  1
3856500 2933500  9  3 13  16.8 1022 129  3.2 6  8.2  70  317  243 337 -451  1
3856500 2933500  9  3 14  17.1 1022 132  2.4 8  8.1  68   11  230 344 -458  1
3856500 2933500  9  3 15  17.5 1021 105  1.9 8  7.6  62    0   75 350 -455  1
3856500 2933500  9  3 16  16.6 1021 278  3.0 8  7.8  65    0   94 351 -447  1
3856500 2933500  9  3 17  16.4 1021  15  3.3 8  8.1  70    7  122 351 -434  1
3856500 2933500  9  3 18  15.7 1020  26  3.9 5  8.6  76   92   69 341 -420  1
3856500 2933500  9  3 19  14.8 1020  17  3.1 5  8.8  82   10   19 330 -406  1
3856500 2933500  9  3 20  13.1 1020 360  2.1 4  8.5  86    0    0 322 -393  1
3856500 2933500  9  3 21  11.0 1020 294  2.5 5  8.2  94    0    0 316 -385  1
3856500 2933500  9  3 22  10.9 1021 326  2.8 4  7.8  96    0    0 313 -383  1
3856500 2933500  9  3 23  10.1 1021 327  2.5 2  7.6  97    0    0 299 -383  1
3856500 2933500  9  3 24  10.0 1021 318  2.9 1  7.6  99    0    0 284 -381  1
3856500 2933500  9  4  1   9.0 1021 354  2.5 0  7.4 100    0    0 273 -378  1
3856500 2933500  9  4  2   8.0 1020 330  2.0 0  6.8  99    0    0 263 -373  1
3856500 2933500  9  4  3   7.8 1020 357  1.4 0  6.5  99    0    0 260 -373  1
3856500 2933500  9  4  4   6.4 1020 307  2.4 0  6.2 100    0    0 256 -376  1
3856500 2933500  9  4  5   6.7 1020 296  2.5 2  6.0 100    0    0 261 -378  1
3856500 2933500  9  4  6   8.3 1020 294  2.7 4  6.4 100    0    1 282 -381  1
3856500 2933500  9  4  7   9.2 1021 290  2.2 4  6.9  99   33   36 293 -383  1
3856500 2933500  9  4  8  11.8 1021 287  1.6 2  7.6  96  163   64 288 -388  1
3856500 2933500  9  4  9  14.4 1021 330  3.1 2  8.0  86  316   68 287 -397  1
3856500 2933500  9  4 10  15.8 1021  17  3.6 3  7.9  74  232  193 298 -406  1
3856500 2933500  9  4 11  16.1 1022   1  3.7 5  7.7  69   69  276 314 -419  1
3856500 2933500  9  4 12  17.1 1022  18  3.4 4  7.6  65  190  290 320 -439  1
3856500 2933500  9  4 13  17.8 1022  45  4.1 3  7.2  59  431  190 314 -453  1
3856500 2933500  9  4 14  18.4 1022  29  3.9 1  7.1  55  638   60 307 -457  1
3856500 2933500  9  4 15  17.9 1022  28  3.4 1  7.1  55  554   51 302 -457  1
3856500 2933500  9  4 16  17.9 1022  36  3.7 1  6.7  53  408   72 300 -452  1
3856500 2933500  9  4 17  17.4 1022  59  3.9 1  6.3  51  284   65 296 -441  1
3856500 2933500  9  4 18  16.7 1022  50  4.0 1  6.3  52  147   60 291 -426  1
3856500 2933500  9  4 19  14.7 1022  46  3.1 2  6.4  58   24   20 288 -410  1
3856500 2933500  9  4 20  12.4 1023  50  3.4 2  6.6  71    0    0 282 -394  1
3856500 2933500  9  4 21  10.9 1023  52  3.4 2  6.7  80    0    0 277 -383  1
3856500 2933500  9  4 22   9.8 1024  56  3.5 2  6.7  87    0    0 273 -377  1
3856500 2933500  9  4 23   9.6 1024  81  3.8 2  6.9  91    0    0 266 -374  1
3856500 2933500  9  4 24   9.9 1025 112  4.2 2  7.1  92    0    0 264 -371  1
3856500 2933500  9  5  1  10.4 1003 149  4.7 2  7.4  93    0    0 287 -380  1
3856500 2933500  9  5  2  10.8 1003 177  5.1 2  7.6  93    0    0 292 -375  1
3856500 2933500  9  5  3  11.0 1003 197  5.5 2  7.8  93    0    0 286 -371  1
3856500 2933500  9  5  4  10.9 1003 194  5.5 1  7.7  93    0    0 281 -367  1
3856500 2933500  9  5  5  10.9 1003 195  5.5 2  7.8  94    0    0 278 -364  1
3856500 2933500  9  5  6  10.7 1002 188  5.5 2  7.7  95    0    1 287 -362  1
3856500 2933500  9  5  7  11.1 1002 197  5.2 4  7.8  95   21   42 297 -362  1
3856500 2933500  9  5  8  12.6 1002 198  5.6 4  8.0  91   92  107 308 -369  1
3856500 2933500  9  5  9  14.2 1002 198  6.6 5  8.3  85  126  178 317 -385  1
3856500 2933500  9  5 10  15.4 1003 207  8.2 5  8.5  80  172  235 326 -403  1
3856500 2933500  9  5 11  16.7 1003 207  7.8 5  8.5  74  228  275 330 -416  1
3856500 2933500  9  5 12  17.4 1003 204  7.8 6  8.3  68  165  319 337 -416  1
3856500 2933500  9  5 13  17.8 1003 208  7.7 6  8.1  64  128  324 344 -416  1
3856500 2933500  9  5 14  17.7 1003 193  6.8 7  7.8  61   85  302 352 -423  1
3856500 2933500  9  5 15  18.2 1003 209  7.8 6  7.6  58   60  257 354 -426  1
3856500 2933500  9  5 16  18.1 1003 222  5.4 6  7.6  58   25  191 352 -429  1
3856500 2933500  9  5 17  17.7 1003 213  6.6 4  7.5  58   59  152 342 -429  1
3856500 2933500  9  5 18  17.1 1003 202  5.6 3  7.4  59   93   87 325 -424  1
3856500 2933500  9  5 19  15.8 1003 207  5.8 5  7.6  64   16   22 326 -416  1
3856500 2933500  9  5 20  14.8 1003 219  2.6 5  7.7  70    0    0 331 -410  1
3856500 2933500  9  5 21  13.8 1004 179  3.2 3  7.6  74    0    0 316 -405  1
3856500 2933500  9  5 22  13.4 1004 180  4.6 3  7.4  75    0    0 297 -401  1
3856500 2933500  9  5 23  13.3 1004 195  3.8 3  7.2  75    0    0 296 -398  1
3856500 2933500  9  5 24  13.4 1004 192  4.4 4  7.3  75    0    0 307 -395  1
3856500 2933500  9  6  1  13.1 1004 201  3.7 7  7.3  76    0    0 331 -392  1
3856500 2933500  9  6  2  13.2 1004 194  4.0 7  7.3  77    0    0 344 -390  1
3856500 2933500  9  6  3  12.6 1004 201  3.5 7  7.5  80    0    0 341 -389  1
3856500 2933500  9  6  4  12.3 1004 198  3.7 5  7.6  84    0    0 332 -389  1
3856500 2933500  9  6  5  11.9 1005 195  3.8 5  7.7  86    0    0 323 -389  1
3856500 2933500  9  6  6  11.9 1005 164  3.8 5  7.7  88    0    1 322 -391  1
3856500 2933500  9  6  7  12.6 1005 166  3.5 5  7.9  88   20   44 323 -392  1
3856500 2933500  9  6  8  14.3 1005 178  3.4 4  8.2  85   93  114 320 -393  1
3856500 2933500  9  6  9  15.9 1005 179  4.5 4  8.6  79  195  165 318 -398  1
3856500 2933500  9  6 10  17.6 1006 185  4.2 6  9.0  74  110  255 334 -405  1
3856500 2933500  9  6 11  18.1 1006 165  4.4 6  9.2  71  122  307 351 -413  1
3856500 2933500  9  6 12  19.2 1006 161  5.0 5  9.2  68  194  331 350 -421  1
3856500 2933500  9  6 13  19.7 1005 173  4.5 5  9.2  65  175  340 348 -426  1
3856500 2933500  9  6 14  20.4 1004 122  5.0 6  9.2  62   55  296 355 -425  1
3856500 2933500  9  6 15  20.1 1004 158  4.7 7  8.9  59   11  210 369 -421  1
3856500 2933500  9  6 16  19.9 1003 149  4.7 7  8.6  58    0  131 376 -417  1
3856500 2933500  9  6 17  18.2 1003 146  4.9 7  9.0  64    0   73 376 -414  1
3856500 2933500  9  6 18  16.4 1002 113  5.1 7  9.7  78    0   38 374 -413  1
3856500 2933500  9  6 19  16.4 1001 120  5.3 8 10.2  86    0    9 379 -412  1
3856500 2933500  9  6 20  16.1 1000 135  5.8 8 10.6  90    0    0 384 -412  1
3856500 2933500  9  6 21  16.3 1000 137  5.1 8 10.9  93    0    0 384 -412  1
3856500 2933500  9  6 22  16.8 1000 148  5.7 8 11.2  93    0    0 386 -412  1
3856500 2933500  9  6 23  16.7 1000 154  6.0 8 11.4  94    0    0 386 -411  1
3856500 2933500  9  6 24  17.1  999 162  6.8 8 11.3  92    0    0 386 -410  1
3856500 2933500  9  7  1  16.9  999 165  5.4 8 11.0  89    0    0 385 -411  1
3856500 2933500  9  7  2  16.3  998 185  6.0 8 10.7  89    0    0 381 -410  1
3856500 2933500  9  7  3  16.3  998 163  5.2 6 10.7  90    0    0 370 -409  1
3856500 2933500  9  7  4  16.1  998 172  4.8 4 10.5  90    0    0 353 -408  1
3856500 2933500  9  7  5  16.3  999 165  4.3 5 10.4  88    0    0 349 -404  1
3856500 2933500  9  7  6  16.1  998 172  4.5 5 10.2  87    0    0 351 -400  1
3856500 2933500  9  7  7  16.6  999 183  4.8 5 10.2  86   21   39 348 -399  1
3856500 2933500  9  7  8  17.6  999 179  5.9 5 10.4  84   71  102 348 -399  1
3856500 2933500  9  7  9  18.6  999 200  6.9 7 10.6  80   57  171 358 -404  1
3856500 2933500  9  7 10  19.3 1000 204  7.1 6 10.7  77  110  230 364 -411  1
3856500 2933500  9  7 11  19.3 1000 201  6.6 6 11.0  77   24  238 360 -418  1
3856500 2933500  9  7 12  20.4 1001 202  9.0 5 10.9  74  116  302 358 -427  1
3856500 2933500  9  7 13  20.8 1002 207  6.5 5 10.6  68  154  302 356 -436  1
3856500 2933500  9  7 14  20.4 1002 217  7.3 6  9.8  64   50  270 361 -439  1
3856500 2933500  9  7 15  20.3 1003 209  6.2 8  9.3  62    1  165 374 -441  1
3856500 2933500  9  7 16  19.5 1003 209  4.5 7  9.4  64    2  135 377 -439  1
3856500 2933500  9  7 17  19.6 1004 226  5.3 6  9.3  65   24  134 366 -434  1
3856500 2933500  9  7 18  19.7 1004 244  3.4 4  9.2  64   61   74 352 -429  1
3856500 2933500  9  7 19  18.4 1004 226  2.5 3  8.9  64   16   20 335 -421  1
3856500 2933500  9  7 20  16.9 1005 178  2.2 3  8.5  67    0    0 325 -415  1
3856500 2933500  9  7 21  14.8 1005 174  2.4 5  8.7  76    0    0 327 -410  1
3856500 2933500  9  7 22  15.4 1005 162  2.5 7  8.8  81    0    0 343 -408  1
3856500 2933500  9  7 23  15.3 1006 166  2.3 7  8.8  80    0    0 352 -407  1
3856500 2933500  9  7 24  14.5 1006 182  2.6 4  8.6  81    0    0 336 -405  1
3856500 2933500  9  8  1  13.4 1006 182  2.7 3  8.4  84    0    0 315 -401  1
3856500 2933500  9  8  2  12.8 1006 170  2.9 2  8.3  87    0    0 302 -398  1
3856500 2933500  9  8  3  13.1 1006 163  3.2 2  8.3  88    0    0 299 -398  1
3856500 2933500  9  8  4  12.3 1006 154  3.3 3  8.2  89    0    0 305 -398  1
3856500 2933500  9  8  5  12.7 1006 167  4.1 4  8.3  91    0    0 315 -397  1
3856500 2933500  9  8  6  13.0 1006 162  4.1 5  8.5  91    0    0 327 -397  1
3856500 2933500  9  8  7  13.5 1006 161  3.8 7  8.7  90    0   15 343 -396  1
3856500 2933500  9  8  8  14.7 1006 170  5.9 8  8.9  88    2   80 362 -397  1
3856500 2933500  9  8  9  16.7 1006 175  6.2 6  9.2  82   67  166 363 -401  1
3856500 2933500  9  8 10  17.9 1006 184  6.9 4  9.2  74  297  151 348 -411  1
3856500 2933500  9  8 11  18.8 1006 193  6.8 4  9.0  68   85  264 342 -418  1
3856500 2933500  9  8 12  18.2 1007 196  6.3 6  8.9  66    5  223 352 -419  1
3856500 2933500  9  8 13  18.7 1007 193  7.2 7  8.9  67   11  238 367 -420  1
3856500 2933500  9  8 14  19.0 1007 181  5.9 5  8.9  65  135  275 362 -419  1
3856500 2933500  9  8 15  18.6 1007 183  5.1 6  8.9  65   39  227 355 -421  1
3856500 2933500  9  8 16  17.5 1007 170  5.4 6  9.3  71   14  167 356 -426  1
3856500 2933500  9  8 17  17.2 1007 163  4.5 8  9.5  76   19  128 363 -425  1
3856500 2933500  9  8 18  15.8 1007 191  3.8 8  9.7  82    0   44 369 -418  1
3856500 2933500  9  8 19  15.5 1007 170  3.1 7 10.0  89    7   16 361 -408  1
3856500 2933500  9  8 20  15.1 1007 159  4.7 7 10.1  92    0    0 356 -398  1
3856500 2933500  9  8 21  15.0 1007 168  4.4 5 10.0  93    0    0 345 -389  1
3856500 2933500  9  8 22  15.0 1008 171  4.3 5 10.0  92    0    0 335 -383  1
3856500 2933500  9  8 23  15.1 1008 181  4.6 6  9.9  92    0    0 339 -381  1
3856500 2933500  9  8 24  14.9 1008 184  5.0 7  9.8  91    0    0 348 -380  1
3856500 2933500  9  9  1  14.7 1008 190  4.6 8  9.7  92    0    0 356 -378  1
3856500 2933500  9  9  2  14.6 1008 196  4.1 7  9.6  92    0    0 355 -376  1
3856500 2933500  9  9  3  14.8 1008 201  4.3 6  9.6  91    0    0 346 -380  1
3856500 2933500  9  9  4  14.6 1008 203  4.9 6  9.5  90    0    0 342 -382  1
3856500 2933500  9  9  5  14.1 1009 200  4.2 8  9.4  91    0    0 351 -380  1
3856500 2933500  9  9  6  14.0 1009 195  5.3 6  9.3  92    0    0 350 -377  1
3856500 2933500  9  9  7  14.4 1009 195  5.7 7  9.3  91    7   37 345 -375  1
3856500 2933500  9  9  8  14.8 1010 199  6.5 4  9.4  90   66  106 337 -377  1
3856500 2933500  9  9  9  15.5 1010 221  6.2 4  9.5  88   32  171 324 -384  1
3856500 2933500  9  9 10  16.5 1011 230  5.8 5  9.6  84   36  226 333 -396  1
3856500 2933500  9  9 11  17.6 1011 220  5.7 4  9.7  80  114  286 337 -411  1
3856500 2933500  9  9 12  17.7 1012 236  4.8 4  9.6  76  139  312 336 -424  1
3856500 2933500  9  9 13  18.6 1012 232  6.8 5  9.6  73   45  289 343 -430  1
3856500 2933500  9  9 14  18.7 1012 235  6.0 6  9.6  71   18  243 354 -433  1
3856500 2933500  9  9 15  18.9 1013 243  5.8 5  9.5  70   55  246 353 -435  1
3856500 2933500  9  9 16  18.6 1013 246  6.1 5  9.5  70   76  202 347 -434  1
3856500 2933500  9  9 17  18.0 1014 239  5.3 5  9.5  72  105  139 343 -428  1
3856500 2933500  9  9 18  17.4 1014 248  4.7 7  9.6  76   19   73 345 -417  1
3856500 2933500  9  9 19  15.7 1015 233  3.4 6  9.7  82    0    5 342 -404  1
3856500 2933500  9  9 20  15.1 1015 228  3.4 5  9.7  89    0    0 328 -390  1
3856500 2933500  9  9 21  14.7 1016 234  2.9 2  9.5  89    0    0 310 -380  1
3856500 2933500  9  9 22  14.0 1016 225  2.9 1  9.1  90    0    0 292 -373  1
3856500 2933500  9  9 23  13.0 1016 221  2.8 0  8.9  92    0    0 281 -368  1
3856500 2933500  9  9 24  12.5 1017 220  2.2 2  8.7  94    0    0 281 -363  1
3856500 2933500  9 10  1  12.3 1017 206  2.3 3  8.4  94    0    0 289 -360  1
3856500 2933500  9 10  2  12.0 1017 218  2.3 4  8.3  94    0    0 293 -358  1
3856500 2933500  9 10  3  11.9 1017 213  2.3 5  8.2  94    0    0 297 -356  1
3856500 2933500  9 10  4  11.6 1017 193  2.6 6  8.2  96    0    0 300 -353  1
3856500 2933500  9 10  5  11.3 1017 203  2.2 6  8.1  96    0    0 300 -352  1
3856500 2933500  9 10  6  10.6 1017 198  2.5 6  8.0  98    0    0 298 -352  1
3856500 2933500  9 10  7  11.7 1017 193  2.5 7  8.3 100    1   30 301 -353  1
3856500 2933500  9 10  8  13.2 1017 170  2.2 6  8.7  96   22  102 305 -360  1
3856500 2933500  9 10  9  14.7 1018 169  2.7 6  8.7  88   32  169 308 -377  1
3856500 2933500  9 10 10  17.1 1017 162  2.7 4  8.8  78  198  211 312 -402  1
3856500 2933500  9 10 11  19.7 1017 148  3.2 2  8.8  67  430  156 313 -431  1
3856500 2933500  9 10 12  20.5 1017 182  3.7 2  8.8  60  445  188 315 -455  1
3856500 2933500  9 10 13  21.2 1016 188  3.5 2  8.7  56  402  222 321 -469  1
3856500 2933500  9 10 14  21.6 1016 179  3.4 3  8.4  53  404  198 327 -471  1
3856500 2933500  9 10 15  22.2 1016 171  3.6 3  8.3  51  414  139 333 -468  1
3856500 2933500  9 10 16  22.2 1015 152  3.4 3  8.4  50  328  119 336 -459  1
3856500 2933500  9 10 17  21.9 1015 166  2.9 2  8.6  52  213  101 333 -444  1
3856500 2933500  9 10 18  20.9 1015 140  2.6 3  8.8  56   86   72 332 -427  1
3856500 2933500  9 10 19  18.2 1014  94  2.7 3  9.2  65    9   17 331 -411  1
3856500 2933500  9 10 20  16.6 1014  97  3.1 3  9.2  74    0    0 325 -397  1
3856500 2933500  9 10 21  15.4 1014 110  4.0 3  9.0  79    0    0 320 -390  1
3856500 2933500  9 10 22  14.8 1014 113  3.8 3  8.8  82    0    0 316 -387  1
3856500 2933500  9 10 23  14.9 1013 113  3.9 3  8.8  83    0    0 316 -385  1
3856500 2933500  9 10 24  15.3 1013 130  4.5 5  8.9  83    0    0 327 -383  1
3856500 2933500  9 11  1  16.1 1013 133  3.9 7  9.1  81    0    0 348 -382  1
3856500 2933500  9 11  2  15.6 1013 188  3.3 8  9.4  83    0    0 363 -383  1
3856500 2933500  9 11  3  15.9 1013 233  3.5 7 10.3  92    0    0 366 -386  1
3856500 2933500  9 11  4  15.6 1012 182  3.3 8 11.1  99    0    0 369 -389  1
3856500 2933500  9 11  5  15.9 1012 195  2.9 7 11.1  98    0    0 370 -390  1
3856500 2933500  9 11  6  15.8 1012 211  2.6 6 10.9  96    0    0 361 -391  1
3856500 2933500  9 11  7  15.4 1013 207  2.9 5 10.8  97   13   34 349 -392  1
3856500 2933500  9 11  8  16.5 1013 245  3.0 4 11.1  97   59  100 340 -395  1
3856500 2933500  9 11  9  17.5 1013 248  4.2 5 11.5  95  109  165 345 -404  1
3856500 2933500  9 11 10  18.7 1014 246  5.0 5 11.6  89  122  226 356 -418  1
3856500 2933500  9 11 11  19.5 1014 242  5.2 5 11.1  80  162  266 363 -433  1
3856500 2933500  9 11 12  20.3 1014 242  4.6 6 10.4  71  120  299 372 -446  1
3856500 2933500  9 11 13  20.3 1014 249  4.9 5  9.9  66  106  299 375 -453  1
3856500 2933500  9 11 14  20.4 1014 220  5.0 5  9.9  66  151  284 372 -451  1
3856500 2933500  9 11 15  20.7 1015 262  5.2 4  9.9  65  245  222 369 -450  1
3856500 2933500  9 11 16  20.7 1014 242  4.6 4  9.7  63  202  176 364 -447  1
3856500 2933500  9 11 17  20.8 1015 251  3.6 3  9.7  63  182  103 360 -439  1
3856500 2933500  9 11 18  20.0 1015 285  2.1 3  9.9  66   73   68 354 -431  1
3856500 2933500  9 11 19  17.4 1014  95  1.8 4 10.2  76    7   15 350 -420  1
3856500 2933500  9 11 20  15.4 1014  79  1.5 5 10.3  88    0    0 346 -407  1
3856500 2933500  9 11 21  15.1 1015  71  1.8 3 10.0  92    0    0 334 -396  1
3856500 2933500  9 11 22  15.1 1015  85  1.8 3 10.0  93    0    0 324 -389  1
3856500 2933500  9 11 23  14.5 1015 107  2.0 2  9.9  94    0    0 318 -383  1
3856500 2933500  9 11 24  14.6 1015 106  2.1 3  9.7  94    0    0 317 -379  1
3856500 2933500  9 12  1  14.8 1014 122  1.9 5  9.6  92    0    0 326 -376  1
3856500 2933500  9 12  2  13.6 1014 136  1.8 6  9.4  93    0    0 332 -374  1
3856500 2933500  9 12  3  12.9 1014 126  2.4 1  9.1  96    0    0 315 -373  1
3856500 2933500  9 12  4  13.1 1014 120  2.2 1  9.0  96    0    0 296 -372  1
3856500 2933500  9 12  5  12.7 1014 123  2.0 2  9.0  96    0    0 299 -371  1
3856500 2933500  9 12  6  11.7 1013 107  2.1 2  8.7  98    0    0 300 -371  1
3856500 2933500  9 12  7  12.8 1013 116  2.2 5  8.9 100    0   20 312 -370  1
3856500 2933500  9 12  8  15.0 1013 133  2.4 4  9.5  96   35  104 326 -375  1
3856500 2933500  9 12  9  17.7 1014 133  2.7 5 10.3  88   79  173 335 -389  1
3856500 2933500  9 12 10  20.0 1013 142  3.6 6 10.9  80  171  219 351 -409  1
3856500 2933500  9 12 11  21.9 1013 147  4.3 6 10.9  70  271  242 361 -428  1
3856500 2933500  9 12 12  23.6 1013 143  4.4 6 10.7  62  314  259 368 -443  1
3856500 2933500  9 12 13  24.6 1013 121  4.8 3 10.9  58  450  197 363 -453  1
3856500 2933500  9 12 14  24.8 1013 128  4.6 2 10.7  55  371  219 354 -457  1
3856500 2933500  9 12 15  25.0 1012 120  5.1 4 10.3  52  154  254 359 -456  1
3856500 2933500  9 12 16  24.8 1012 116  4.4 2 10.2  52  255  158 359 -450  1
3856500 2933500  9 12 17  23.7 1012  99  5.0 1 10.2  54  179  111 346 -444  1
3856500 2933500  9 12 18  22.4 1011  96  4.6 2 10.3  58   71   71 339 -440  1
3856500 2933500  9 12 19  20.3 1011  81  3.8 3 10.5  66    6   15 338 -434  1
3856500 2933500  9 12 20  18.7 1011  74  3.3 3 10.5  74    0    0 334 -431  1
3856500 2933500  9 12 21  17.7 1012  89  4.8 2 10.5  80    0    0 321 -426  1
3856500 2933500  9 12 22  18.0 1012  92  6.2 3 10.5  82    0    0 316 -421  1
3856500 2933500  9 12 23  17.2 1012  98  7.0 2 10.2  81    0    0 315 -419  1
3856500 2933500  9 12 24  16.6 1012 110  7.2 1  9.7  81    0    0 299 -415  1
3856500 2933500  9 13  1  16.1 1012  99  6.0 2  9.5  82    0    0 297 -412  1
3856500 2933500  9 13  2  15.8 1012  97  7.1 2  9.6  84    0    0 302 -410  1
3856500 2933500  9 13  3  15.4 1012 103  7.3 3  9.6  87    0    0 306 -408  1
3856500 2933500  9 13  4  14.4 1012 107  7.0 1  9.4  89    0    0 294 -405  1
3856500 2933500  9 13  5  13.8 1011  88  7.5 1  9.1  90    0    0 278 -402  1
3856500 2933500  9 13  6  13.5 1011  91  7.2 2  8.9  91    0    0 282 -398  1
3856500 2933500  9 13  7  13.7 1012  98  6.5 5  8.9  91    2   30 307 -396  1
3856500 2933500  9 13  8  14.3 1012 102  6.5 7  9.0  90    1   78 339 -393  1
3856500 2933500  9 13  9  15.8 1012  87  6.7 8  9.3  87    1  123 360 -386  1
3856500 2933500  9 13 10  17.4 1012  95  7.4 6  9.4  79   85  229 357 -382  1
3856500 2933500  9 13 11  18.8 1013  96  6.7 3  9.3  72  331  207 333 -382  1
3856500 2933500  9 13 12  19.6 1013  87  7.1 3  9.2  66  428  194 320 -384  1
3856500 2933500  9 13 13  20.2 1012 100  7.5 2  8.9  61  412  212 318 -385  1
3856500 2933500  9 13 14  20.8 1012 100  6.1 1  8.6  57  435  176 310 -385  1
3856500 2933500  9 13 15  21.2 1012  90  7.2 1  8.4  54  412  138 308 -383  1
3856500 2933500  9 13 16  21.0 1012  96  6.8 1  8.3  53  298  129 308 -381  1
3856500 2933500  9 13 17  20.5 1012 100  6.6 1  8.3  54  179  106 305 -378  1
3856500 2933500  9 13 18  19.0 1012 104  5.7 4  8.4  58   68   69 314 -377  1
3856500 2933500  9 13 19  17.5 1013 100  5.9 4  8.5  65    0   13 323 -375  1
3856500 2933500  9 13 20  15.6 1014  88  7.0 4  8.4  71    0    0 316 -374  1
3856500 2933500  9 13 21  14.8 1015 101  6.5 4  8.2  76    0    0 312 -374  1
3856500 2933500  9 13 22  13.8 1016  78  6.0 6  7.9  78    0    0 316 -373  1
3856500 2933500  9 13 23  13.1 1017  88  5.0 6  7.7  80    0    0 322 -373  1
3856500 2933500  9 13 24  13.0 1017  69  4.5 2  7.5  81    0    0 301 -373  1
3856500 2933500  9 14  1  13.1 1018  75  4.7 4  7.4  80    0    0 292 -372  1
3856500 2933500  9 14  2  12.5 1018  91  5.0 6  7.2  78    0    0 308 -372  1
3856500 2933500  9 14  3  11.9 1019  85  6.2 5  6.7  76    0    0 311 -372  1
3856500 2933500  9 14  4  10.5 1019  88  5.0 2  6.1  74    0    0 288 -372  1
3856500 2933500  9 14  5   9.7 1019  85  7.4 2  5.6  74    0    0 270 -371  1
3856500 2933500  9 14  6   8.5 1020  87  6.6 2  5.3  74    0    0 267 -369  1
3856500 2933500  9 14  7   8.4 1020  84  7.2 1  5.1  75   17   30 260 -368  1
3856500 2933500  9 14  8   9.6 1021  90  7.6 1  5.0  70  117   68 255 -368  1
3856500 2933500  9 14  9  11.0 1021  98  9.2 1  4.9  64  238   91 259 -374  1
3856500 2933500  9 14 10  12.4 1022  98  9.5 1  4.9  58  376   94 264 -384  1
3856500 2933500  9 14 11  13.7 1022  97  8.4 1  4.8  52  484   92 267 -393  1
3856500 2933500  9 14 12  14.9 1022  96 10.2 1  4.7  47  564   81 272 -401  1
3856500 2933500  9 14 13  15.6 1022  96  9.5 1  4.7  44  598   70 275 -411  1
3856500 2933500  9 14 14  16.2 1022  98  8.6 1  4.7  42  562   76 279 -418  1
3856500 2933500  9 14 15  16.8 1022  92  5.1 1  4.8  42  481   83 284 -418  1
3856500 2933500  9 14 16  16.4 1021 109  6.2 1  4.9  42  359   83 287 -417  1
3856500 2933500  9 14 17  16.4 1021  86  5.5 1  5.0  44  224   72 287 -413  1
3856500 2933500  9 14 18  15.6 1021  82  3.6 1  5.2  46   86   56 287 -404  1
3856500 2933500  9 14 19  13.4 1022  71  5.6 1  5.4  53    6   13 283 -396  1
3856500 2933500  9 14 20  12.7 1022  71  5.1 1  5.6  60    0    0 283 -390  1
3856500 2933500  9 14 21  11.8 1023  66  5.0 1  5.8  66    0    0 280 -387  1
3856500 2933500  9 14 22  11.2 1024  64  4.4 1  6.0  72    0    0 268 -385  1
3856500 2933500  9 14 23  10.9 1024  83  3.9 1  6.4  78    0    0 263 -381  1
3856500 2933500  9 14 24  10.6 1024 110  3.2 1  6.7  84    0    0 274 -375  1
3856500 2933500  9 15  1  10.4 1009 147  2.9 1  7.0  88    0    0 294 -395  1
3856500 2933500  9 15  2   9.9 1009 175  2.6 1  7.1  91    0    0 292 -394  1
3856500 2933500  9 15  3   9.6 1009 195  2.3 1  7.1  93    0    0 292 -393  1
3856500 2933500  9 15  4   9.2 1009 190  2.1 1  6.9  94    0    0 287 -392  1
3856500 2933500  9 15  5   9.3 1008 185  2.2 1  6.9  94    0    0 285 -391  1
3856500 2933500  9 15  6   8.8 1008 172  2.0 1  6.7  94    0    0 286 -390  1
3856500 2933500  9 15  7   8.8 1008 173  2.1 2  6.7  95    5   27 290 -388  1
3856500 2933500  9 15  8   9.6 1008 174  2.7 2  7.0  95   42   98 297 -389  1
3856500 2933500  9 15  9  12.3 1008 175  2.4 2  7.6  92   92  169 305 -393  1
3856500 2933500  9 15 10  15.1 1008 188  2.8 4  8.2  84  148  227 325 -399  1
3856500 2933500  9 15 11  17.6 1008 190  2.9 4  8.4  72  236  254 345 -405  1
3856500 2933500  9 15 12  19.2 1008 185  3.2 3  8.5  64  366  232 350 -406  1
3856500 2933500  9 15 13  20.0 1007 191  3.4 5  8.5  59  211  303 360 -411  1
3856500 2933500  9 15 14  20.1 1007 192  3.0 5  8.3  56  190  288 369 -421  1
3856500 2933500  9 15 15  19.2 1007 206  2.5 3  7.8  54  256  221 360 -425  1
3856500 2933500  9 15 16  19.2 1007 209  3.2 4  7.5  54  191  178 356 -421  1
3856500 2933500  9 15 17  17.9 1007 197  2.2 6  7.8  58   64  138 365 -415  1
3856500 2933500  9 15 18  17.2 1007 158  0.9 6  8.3  65   29   68 368 -410  1
3856500 2933500  9 15 19  15.6 1007 198  1.6 7  8.6  73    5   16 366 -405  1
3856500 2933500  9 15 20  14.9 1007 179  2.4 7  8.6  79    0    0 366 -399  1
3856500 2933500  9 15 21  13.8 1008 118  2.2 8  8.6  83    0    0 367 -393  1
3856500 2933500  9 15 22  14.0 1008 114  2.6 6  8.5  85    0    0 360 -389  1
3856500 2933500  9 15 23  14.1 1008 138  2.7 7  8.3  82    0    0 355 -387  1
3856500 2933500  9 15 24  14.0 1008  96  3.0 8  8.2  82    0    0 364 -386  1
3856500 2933500  9 16  1  13.6 1008 133  2.2 6  8.3  84    0    0 357 -385  1
3856500 2933500  9 16  2  13.2 1008 172  2.0 6  8.4  86    0    0 347 -384  1
3856500 2933500  9 16  3  12.5 1008 181  1.9 6  8.3  89    0    0 346 -383  1
3856500 2933500  9 16  4  12.1 1008 188  2.3 5  8.3  92    0    0 339 -382  1
3856500 2933500  9 16  5  12.1 1009 179  2.0 5  8.1  92    0    0 333 -381  1
3856500 2933500  9 16  6  11.8 1009 165  2.1 5  8.2  93    0    0 334 -381  1
3856500 2933500  9 16  7  11.7 1009 161  2.3 7  8.4  97    6   24 343 -380  1
3856500 2933500  9 16  8  12.8 1009 147  2.2 3  8.5  96   76   82 336 -380  1
3856500 2933500  9 16  9  15.3 1010 129  2.9 4  8.7  87  139  140 328 -380  1
3856500 2933500  9 16 10  16.9 1010 128  3.8 3  8.7  76  252  164 334 -382  1
3856500 2933500  9 16 11  17.8 1010 135  3.7 2  8.6  69  375  162 331 -385  1
3856500 2933500  9 16 12  18.8 1010 140  3.6 2  8.5  64  481  139 332 -387  1
3856500 2933500  9 16 13  20.5 1010 146  3.3 2  8.2  57  511  128 338 -387  1
3856500 2933500  9 16 14  20.3 1010 136  3.7 2  7.9  52  432  150 341 -386  1
3856500 2933500  9 16 15  19.6 1010  66  3.6 2  7.7  53  301  158 341 -386  1
3856500 2933500  9 16 16  19.8 1010 100  4.7 3  7.6  53  134  168 344 -387  1
3856500 2933500  9 16 17  18.4 1010  89  4.4 5  7.5  54   39  115 351 -386  1
3856500 2933500  9 16 18  17.5 1010  79  4.2 5  7.7  60   16   58 355 -385  1
3856500 2933500  9 16 19  16.1 1011  71  3.7 5  8.1  68    2   11 350 -384  1
3856500 2933500  9 16 20  14.9 1011  68  4.3 5  8.2  74    0    0 347 -384  1
3856500 2933500  9 16 21  14.7 1012  68  4.2 5  8.3  78    0    0 344 -384  1
3856500 2933500  9 16 22  14.7 1012  79  3.0 6  8.4  80    0    0 349 -383  1
3856500 2933500  9 16 23  14.4 1012  79  3.2 6  8.5  82    0    0 354 -383  1
3856500 2933500  9 16 24  14.3 1013  82  2.9 7  8.4  82    0    0 358 -383  1
3856500 2933500  9 17  1  13.9 1013  77  3.5 6  8.2  82    0    0 356 -383  1
3856500 2933500  9 17  2  13.8 1013  90  2.5 7  8.3  84    0    0 356 -383  1
3856500 2933500  9 17  3  13.2 1013  83  2.6 7  8.2  85    0    0 360 -382  1
3856500 2933500  9 17  4  13.2 1014  92  2.7 6  8.1  85    0    0 354 -381  1
3856500 2933500  9 17  5  12.6 1014  97  2.1 5  8.0  86    0    0 345 -381  1
3856500 2933500  9 17  6  12.1 1014  89  2.3 4  7.9  88    0    0 335 -381  1
3856500 2933500  9 17  7  12.1 1015  88  1.8 4  8.0  90    3   23 329 -380  1
3856500 2933500  9 17  8  13.2 1015  86  2.4 5  8.2  90   67   75 333 -382  1
3856500 2933500  9 17  9  15.4 1016  86  3.2 6  8.7  85   83  145 347 -387  1
3856500 2933500  9 17 10  17.1 1016  92  2.9 5  9.0  78  228  154 354 -395  1
3856500 2933500  9 17 11  18.7 1017 103  3.0 5  9.3  72  199  219 354 -402  1
3856500 2933500  9 17 12  20.0 1017  86  3.5 4  9.2  65  333  190 354 -405  1
3856500 2933500  9 17 13  20.5 1017  98  4.5 5  9.1  61  248  218 358 -407  1
3856500 2933500  9 17 14  21.4 1017 105  3.9 4  9.1  59  141  225 365 -408  1
3856500 2933500  9 17 15  20.5 1017  93  3.7 5  8.9  58   94  197 366 -404  1
3856500 2933500  9 17 16  20.4 1017  86  3.6 5  8.8  59   58  151 369 -398  1
3856500 2933500  9 17 17  19.0 1018  83  3.0 2  8.9  62  201   58 355 -394  1
3856500 2933500  9 17 18  18.0 1018  71  3.1 5  8.9  67   85   42 349 -392  1
3856500 2933500  9 17 19  16.3 1018  57  3.4 4  8.9  73    8   12 347 -390  1
3856500 2933500  9 17 20  15.6 1019  74  3.5 4  8.8  78    0    0 336 -389  1
3856500 2933500  9 17 21  15.4 1019 100  3.2 3  8.9  81    0    0 328 -388  1
3856500 2933500  9 17 22  14.8 1019  95  3.6 3  9.0  85    0    0 320 -387  1
3856500 2933500  9 17 23  14.1 1020  79  3.1 3  9.0  88    0    0 317 -386  1
3856500 2933500  9 17 24  12.8 1020  74  3.4 0  8.7  90    0    0 298 -385  1
3856500 2933500  9 18  1  12.7 1021  66  3.3 1  8.4  92    0    0 285 -382  1
3856500 2933500  9 18  2  12.0 1021  62  2.8 0  8.2  92    0    0 282 -380  1
3856500 2933500  9 18  3  12.3 1021  69  3.1 1  8.1  92    0    0 280 -378  1
3856500 2933500  9 18  4  11.7 1021  81  3.6 4  8.0  92    0    0 300 -376  1
3856500 2933500  9 18  5  11.2 1021  84  4.1 3  8.0  96    0    0 308 -375  1
3856500 2933500  9 18  6  11.5 1020  73  3.9 3  8.1  97    0    0 303 -375  1
3856500 2933500  9 18  7  11.9 1020  80  4.6 5  8.3  97    0   11 315 -374  1
3856500 2933500  9 18  8  12.1 1021  97  4.6 8  8.5  97    2   66 341 -376  1
3856500 2933500  9 18  9  12.5 1021  94  4.3 8  8.5  96    3  118 356 -382  1
3856500 2933500  9 18 10  13.3 1021  88  4.5 8  8.5  92   12  186 357 -390  1
3856500 2933500  9 18 11  14.0 1022  82  4.9 7  8.6  89   46  241 355 -399  1
3856500 2933500  9 18 12  16.2 1022  83  4.5 5  8.9  84  235  243 348 -410  1
3856500 2933500  9 18 13  16.9 1021 106  4.7 4  9.3  80  526   93 343 -419  1
3856500 2933500  9 18 14  18.4 1022 127  4.8 4  9.5  76  523   72 345 -423  1
3856500 2933500  9 18 15  18.8 1021  99  4.9 3  9.7  73  448   69 345 -422  1
3856500 2933500  9 18 16  18.5 1021  83  5.0 2  9.8  73  320   71 337 -418  1
3856500 2933500  9 18 17  18.7 1021  99  4.7 3  9.9  74  139   82 335 -414  1
3856500 2933500  9 18 18  18.2 1021  75  4.0 5  9.9  75   67   50 341 -408  1
3856500 2933500  9 18 19  16.2 1021  58  2.6 5  9.8  81    4   11 342 -399  1
3856500 2933500  9 18 20  15.5 1021  67  2.9 4  9.6  86    0    0 332 -391  1
3856500 2933500  9 18 21  14.9 1021  70  2.4 1  9.3  87    0    0 314 -388  1
3856500 2933500  9 18 22  14.5 1021  92  2.3 2  9.4  90    0    0 306 -387  1
3856500 2933500  9 18 23  14.0 1021  86  2.4 2  9.3  92    0    0 310 -387  1
3856500 2933500  9 18 24  13.7 1021  70  2.4 1  8.9  91    0    0 305 -386  1
3856500 2933500  9 19  1  13.2 1021  62  5.0 2  8.9  93    0    0 305 -386  1
3856500 2933500  9 19  2  13.1 1021  58  3.7 3  9.0  96    0    0 312 -385  1
3856500 2933500  9 19  3  12.6 1021  86  2.7 3  8.9  97    0    0 315 -384  1
3856500 2933500  9 19  4  12.4 1020  74  2.7 4  8.7  97    0    0 316 -382  1
3856500 2933500  9 19  5  12.1 1020  62  2.3 4  8.5  96    0    0 318 -379  1
3856500 2933500  9 19  6  11.6 1020  72  2.8 5  8.3  97    0    0 321 -376  1
3856500 2933500  9 19  7  11.8 1019  53  3.4 4  8.3  97    0   15 320 -376  1
3856500 2933500  9 19  8  12.2 1019  44  3.3 3  8.3  96   21   90 313 -379  1
3856500 2933500  9 19  9  13.9 1019  49  3.6 4  8.5  91   46  161 316 -388  1
3856500 2933500  9 19 10  14.6 1019  75  4.6 6  8.6  85   44  213 331 -401  1
3856500 2933500  9 19 11  15.9 1019  71  4.0 7  8.5  79   57  258 345 -414  1
3856500 2933500  9 19 12  17.0 1019  63  4.6 7  8.6  74   86  268 353 -421  1
3856500 2933500  9 19 13  17.4 1018  63  4.9 5  8.8  72  223  265 350 -422  1
3856500 2933500  9 19 14  17.8 1018  60  4.9 5  8.8  71  396  187 344 -420  1
3856500 2933500  9 19 15  17.9 1017  79  4.9 3  8.8  69  378  147 337 -419  1
3856500 2933500  9 19 16  17.5 1016  80  5.8 3  8.8  70  276  133 328 -419  1
3856500 2933500  9 19 17  16.7 1016  61  5.8 3  8.7  72  161  106 324 -415  1
3856500 2933500  9 19 18  15.7 1015  52  6.7 2  8.6  75   50   63 315 -408  1
3856500 2933500  9 19 19  14.6 1015  63  6.3 2  8.5  79    2   11 305 -398  1
3856500 2933500  9 19 20  13.6 1015  74  4.2 3  8.4  84    0    0 303 -388  1
3856500 2933500  9 19 21  13.2 1015  87  5.0 6  8.2  86    0    0 315 -386  1
3856500 2933500  9 19 22  13.2 1015  72  4.4 5  8.0  84    0    0 324 -387  1
3856500 2933500  9 19 23  13.2 1015  57  3.9 5  7.9  83    0    0 321 -387  1
3856500 2933500  9 19 24  13.0 1015  42  4.2 8  7.9  84    0    0 336 -386  1
3856500 2933500  9 20  1  12.7 1015  32  3.7 7  7.8  84    0    0 345 -386  1
3856500 2933500  9 20  2  12.1 1014  31  4.7 6  7.6  84    0    0 334 -384  1
3856500 2933500  9 20  3  12.0 1014  22  5.3 6  7.4  84    0    0 328 -383  1
3856500 2933500  9 20  4  11.7 1013  24  5.1 5  7.4  85    0    0 322 -382  1
3856500 2933500  9 20  5  12.1 1013  29  4.8 4  7.4  85    0    0 312 -380  1
3856500 2933500  9 20  6  12.1 1012  13  4.9 5  7.5  85    0    0 313 -379  1
3856500 2933500  9 20  7  12.5 1012  15  4.9 4  7.5  84    0   17 314 -379  1
3856500 2933500  9 20  8  12.5 1012  15  5.5 3  7.8  86   98   42 303 -381  1
3856500 2933500  9 20  9  14.4 1012  14  8.0 3  8.0  83  233   47 301 -388  1
3856500 2933500  9 20 10  14.6 1012  24  8.6 3  8.0  78  331   57 305 -395  1
3856500 2933500  9 20 11  14.6 1012  29 10.1 4  7.8  75  195  178 312 -399  1
3856500 2933500  9 20 12  14.9 1012  16 10.4 4  7.5  72  160  190 318 -403  1
3856500 2933500  9 20 13  14.8 1012  12 12.1 7  7.3  70    0  166 334 -410  1
3856500 2933500  9 20 14  14.9 1012  17  9.6 8  7.2  68    0  111 353 -410  1
3856500 2933500  9 20 15  14.6 1012  21  7.6 7  7.1  68    0  106 351 -410  1
3856500 2933500  9 20 16  15.0 1012  14  8.7 7  7.1  67    5  116 346 -412  1
3856500 2933500  9 20 17  14.5 1012  11  8.5 6  7.1  67   37   86 341 -409  1
3856500 2933500  9 20 18  14.6 1012  17  5.9 5  7.1  68   42   36 331 -403  1
3856500 2933500  9 20 19  14.0 1013 356  5.5 4  7.1  70    1    9 323 -396  1
3856500 2933500  9 20 20  12.9 1013 355  5.1 4  7.2  75    0    0 315 -390  1
3856500 2933500  9 20 21  12.4 1013 354  5.0 3  7.3  80    0    0 308 -387  1
3856500 2933500  9 20 22  11.7 1014 346  3.8 1  7.3  83    0    0 292 -383  1
3856500 2933500  9 20 23  11.0 1014 350  3.8 1  7.2  86    0    0 280 -380  1
3856500 2933500  9 20 24  10.1 1015 345  3.2 0  7.0  88    0    0 272 -378  1
3856500 2933500  9 21  1  10.2 1015 352  1.7 0  6.7  86    0    0 265 -376  1
3856500 2933500  9 21  2   9.7 1016 322  1.3 0  6.4  84    0    0 262 -375  1
3856500 2933500  9 21  3   9.7 1016 308  2.4 1  6.2  84    0    0 265 -374  1
3856500 2933500  9 21  4   9.7 1016 316  3.0 1  6.4  85    0    0 271 -373  1
3856500 2933500  9 21  5   9.9 1016 305  3.5 1  6.4  85    0    0 270 -373  1
3856500 2933500  9 21  6   7.9 1016 295  3.3 1  6.1  86    0    0 267 -374  1
3856500 2933500  9 21  7   9.6 1016 291  2.5 3  6.1  87    0   11 276 -373  1
3856500 2933500  9 21  8  12.2 1017 307  2.2 4  7.1  87   22   95 298 -374  1
3856500 2933500  9 21  9  14.3 1017 347  3.4 3  8.2  86   61  177 306 -383  1
3856500 2933500  9 21 10  14.9 1017 350  4.7 5  8.6  83   66  234 317 -395  1
3856500 2933500  9 21 11  15.6 1018 358  5.1 7  8.5  79    4  198 339 -409  1
3856500 2933500  9 21 12  16.0 1018 343  4.8 7  8.3  74    0  141 350 -422  1
3856500 2933500  9 21 13  16.0 1018 342  4.7 8  8.3  74   33  246 355 -429  1
3856500 2933500  9 21 14  16.4 1018 351  5.1 8  8.5  74   48  246 360 -432  1
3856500 2933500  9 21 15  16.3 1018 337  5.0 6  8.6  74   58  227 353 -431  1
3856500 2933500  9 21 16  16.0 1018 349  3.7 6  8.8  77   18  144 344 -424  1
3856500 2933500  9 21 17  16.1 1018 357  4.3 7  8.7  77    4   91 347 -413  1
3856500 2933500  9 21 18  15.7 1018 358  4.0 7  8.6  76   15   59 349 -400  1
3856500 2933500  9 21 19  15.0 1019 345  2.8 7  8.5  79    0    8 344 -386  1
3856500 2933500  9 21 20  14.0 1019 317  1.2 7  8.4  82    0    0 337 -374  1
3856500 2933500  9 21 21  13.5 1020 293  1.5 6  8.4  86    0    0 328 -367  1
3856500 2933500  9 21 22  13.2 1020 270  1.3 5  8.5  90    0    0 318 -363  1
3856500 2933500  9 21 23  12.5 1020 296  1.7 5  8.5  92    0    0 313 -361  1
3856500 2933500  9 21 24  12.5 1020 285  0.6 5  8.4  93    0    0 313 -361  1
3856500 2933500  9 22  1  11.6 1020 265  1.8 5  8.2  94    0    0 312 -361  1
3856500 2933500  9 22  2  11.4 1020 249  2.3 4  8.1  96    0    0 308 -362  1
3856500 2933500  9 22  3  10.6 1020 243  3.6 3  8.0  99    0    0 301 -366  1
3856500 2933500  9 22  4  10.0 1020 264  2.8 4  7.7 100    0    0 299 -370  1
3856500 2933500  9 22  5  10.6 1020 253  3.1 3  7.6  98    0    0 300 -371  1
3856500 2933500  9 22  6  10.0 1020 254  3.4 3  7.6  97    0    0 297 -369  1
3856500 2933500  9 22  7  11.0 1020 268  3.1 5  7.7  98    0   12 306 -368  1
3856500 2933500  9 22  8  12.0 1020 235  2.3 4  8.3  98   18   77 315 -372  1
3856500 2933500  9 22  9  13.5 1020 244  2.8 4  8.7  96  149  108 316 -381  1
3856500 2933500  9 22 10  15.6 1021 248  3.0 4  9.1  88  246  129 323 -387  1
3856500 2933500  9 22 11  16.5 1021 261  3.6 6  9.0  80   85  229 338 -394  1
3856500 2933500  9 22 12  17.0 1021 279  4.7 6  8.8  74   42  224 350 -404  1
3856500 2933500  9 22 13  17.3 1021 259  3.8 6  8.6  70   52  217 353 -407  1
3856500 2933500  9 22 14  18.0 1021 255  4.9 5  8.4  67  102  199 352 -408  1
3856500 2933500  9 22 15  18.7 1020 268  5.2 4  8.3  63  228  133 346 -410  1
3856500 2933500  9 22 16  18.3 1020 263  4.5 3  8.2  62  190  113 337 -410  1
3856500 2933500  9 22 17  17.8 1020 255  3.6 5  8.0  62   46   87 339 -408  1
3856500 2933500  9 22 18  16.5 1020 265  2.0 5  8.1  67    8   41 346 -403  1
3856500 2933500  9 22 19  14.2 1020 237  1.6 7  8.4  77    0    2 350 -397  1
3856500 2933500  9 22 20  14.0 1020 236  1.8 7  8.5  85    0    0 355 -391  1
3856500 2933500  9 22 21  14.6 1020 272  2.8 8  8.7  86    0    0 361 -389  1
3856500 2933500  9 22 22  13.6 1020 287  2.9 5  8.8  88    0    0 352 -388  1
3856500 2933500  9 22 23  13.1 1021 274  3.0 4  8.6  90    0    0 330 -387  1
3856500 2933500  9 22 24  12.9 1021 252  4.0 5  8.4  90    0    0 328 -387  1
3856500 2933500  9 23  1  13.0 1021 253  3.6 5  8.3  90    0    0 332 -384  1
3856500 2933500  9 23  2  13.0 1020 246  4.2 5  8.3  89    0    0 333 -381  1
3856500 2933500  9 23  3  12.9 1020 264  3.7 5  8.3  89    0    0 333 -381  1
3856500 2933500  9 23  4  13.1 1020 247  3.4 6  8.3  89    0    0 337 -382  1
3856500 2933500  9 23  5  13.3 1021 250  3.3 6  8.4  89    0    0 344 -382  1
3856500 2933500  9 23  6  12.8 1021 308  3.9 7  8.5  91    0    0 349 -382  1
3856500 2933500  9 23  7  12.7 1021 218  3.1 8  8.6  94    0    3 357 -382  1
3856500 2933500  9 23  8  13.2 1021 247  2.5 7  8.6  93    4   51 359 -383  1
3856500 2933500  9 23  9  13.6 1021 270  2.7 7  8.8  92    4   99 355 -386  1
3856500 2933500  9 23 10  14.0 1021 279  3.1 7  9.0  92    9  131 357 -394  1
3856500 2933500  9 23 11  14.1 1022 348  2.8 7  9.2  92    0  137 357 -400  1
3856500 2933500  9 23 12  14.8 1022 358  1.9 8  9.1  89    0  106 363 -399  1
3856500 2933500  9 23 13  15.7 1022 276  2.0 8  8.9  83    0  102 370 -405  1
3856500 2933500  9 23 14  15.1 1022 321  2.2 7  8.8  82    0  146 366 -418  1
3856500 2933500  9 23 15  15.3 1022 298  1.9 6  8.7  81   94   95 355 -423  1
3856500 2933500  9 23 16  15.7 1022 318  2.7 6  8.3  76   54   78 349 -420  1
3856500 2933500  9 23 17  15.8 1022 317  2.9 5  7.9  71   83   29 342 -415  1
3856500 2933500  9 23 18  15.2 1021 322  1.7 5  7.7  71   32   21 334 -407  1
3856500 2933500  9 23 19  12.0 1021 320  1.2 5  7.4  77    0    5 324 -399  1
3856500 2933500  9 23 20  11.4 1021  11  0.3 4  7.1  84    0    0 310 -392  1
3856500 2933500  9 23 21  10.3 1021 191  0.9 3  7.0  87    0    0 295 -385  1
3856500 2933500  9 23 22   8.6 1020 114  1.9 1  6.7  92    0    0 275 -379  1
3856500 2933500  9 23 23   8.7 1020 195  2.4 0  6.6  95    0    0 257 -376  1
3856500 2933500  9 23 24   8.4 1019 157  3.6 1  6.6  96    0    0 255 -378  1
3856500 2933500  9 24  1   8.8 1018 199  4.4 3  6.6  95    0    0 268 -378  1
3856500 2933500  9 24  2   8.2 1018 194  4.2 3  6.6  96    0    0 277 -378  1
3856500 2933500  9 24  3   8.4 1017 192  3.7 2  6.7  98    0    0 272 -376  1
3856500 2933500  9 24  4   8.8 1016 186  3.1 1  6.8  98    0    0 262 -372  1
3856500 2933500  9 24  5  10.1 1015 188  3.3 4  7.1  97    0    0 275 -372  1
3856500 2933500  9 24  6  10.6 1014 181  4.1 7  7.6  96    0    0 307 -375  1
3856500 2933500  9 24  7  11.9 1013 184  4.1 7  8.0  96    0    5 326 -378  1
3856500 2933500  9 24  8  12.6 1013 193  4.4 8  8.5  96    3   60 336 -380  1
3856500 2933500  9 24  9  13.6 1012 205  5.6 8  8.8  94   40  140 343 -386  1
3856500 2933500  9 24 10  14.4 1011 209  6.9 7  8.9  89   19  179 342 -393  1
3856500 2933500  9 24 11  15.2 1010 200  8.6 7  8.8  84    7  181 341 -400  1
3856500 2933500  9 24 12  15.9 1010 208  7.6 6  8.7  78   18  209 339 -406  1
3856500 2933500  9 24 13  16.5 1009 220  7.5 5  8.5  73   56  218 337 -405  1
3856500 2933500  9 24 14  17.5 1008 210  9.2 3  8.0  66  211  197 335 -401  1
3856500 2933500  9 24 15  17.1 1007 226  8.6 2  7.6  61  346  100 329 -401  1
3856500 2933500  9 24 16  17.0 1007 197  8.2 3  7.2  59  249   92 329 -399  1
3856500 2933500  9 24 17  16.2 1006 195  6.3 3  7.1  60  142   67 331 -394  1
3856500 2933500  9 24 18  15.2 1005 200  6.5 5  7.4  66   23   41 335 -391  1
3856500 2933500  9 24 19  14.5 1005 182  3.9 7  7.7  72    0    4 346 -389  1
3856500 2933500  9 24 20  14.4 1005 216  4.6 8  7.4  71    0    0 353 -384  1
3856500 2933500  9 24 21  12.8 1005 225  6.6 7  7.3  74    0    0 351 -377  1
3856500 2933500  9 24 22  12.6 1005 228  5.7 7  7.6  82    0    0 346 -373  1
3856500 2933500  9 24 23  12.5 1006 229  3.5 7  7.8  85    0    0 345 -372  1
3856500 2933500  9 24 24  12.3 1006 226  3.1 7  7.9  87    0    0 344 -372  1
3856500 2933500  9 25  1  11.9 1007 231  3.4 4  7.9  88    0    0 330 -369  1
3856500 2933500  9 25  2  11.8 1007 239  4.2 3  7.9  90    0    0 307 -365  1
3856500 2933500  9 25  3  11.5 1008 294  2.9 5  7.8  90    0    0 308 -359  1
3856500 2933500  9 25  4  11.2 1008 331  3.5 3  7.6  90    0    0 304 -356  1
3856500 2933500  9 25  5  11.1 1010 344  3.2 3  7.5  90    0    0 290 -354  1
3856500 2933500  9 25  6  10.7 1011 345  3.2 5  7.4  91    0    0 300 -351  1
3856500 2933500  9 25  7  10.4 1012 355  2.9 5  7.4  92    0    4 311 -349  1
3856500 2933500  9 25  8  11.2 1013   6  1.9 4  7.6  94   25   74 307 -349  1
3856500 2933500  9 25  9  13.5 1014 327  3.5 3  8.0  89  123  122 300 -356  1
3856500 2933500  9 25 10  16.4 1015 354  3.7 3  7.7  73  225  149 297 -371  1
3856500 2933500  9 25 11  16.6 1016 341  3.5 3  7.2  61  173  219 298 -387  1
3856500 2933500  9 25 12  16.9 1016 294  3.1 4  6.9  58   90  222 303 -400  1
3856500 2933500  9 25 13  17.0 1017 297  6.9 4  6.8  56   91  212 309 -409  1
3856500 2933500  9 25 14  16.8 1017 288  5.8 5  6.7  56  102  193 314 -412  1
3856500 2933500  9 25 15  15.7 1017 261  6.6 6  6.8  60   92  167 319 -407  1
3856500 2933500  9 25 16  16.5 1017 254  4.8 3  6.9  61  234   93 311 -400  1
3856500 2933500  9 25 17  15.6 1017 260  5.4 4  7.0  62  142   63 302 -396  1
3856500 2933500  9 25 18  14.9 1017 240  4.1 7  7.1  66   16   38 318 -390  1
3856500 2933500  9 25 19  14.1 1016 247  5.9 6  7.2  70    0    4 327 -383  1
3856500 2933500  9 25 20  13.8 1017 242  6.2 6  7.1  71    0    0 323 -379  1
3856500 2933500  9 25 21  13.2 1017 237  7.5 7  6.8  71    0    0 328 -378  1
3856500 2933500  9 25 22  12.9 1017 230  7.6 8  6.6  71    0    0 339 -378  1
3856500 2933500  9 25 23  12.5 1016 233  8.2 8  6.3  69    0    0 346 -377  1
3856500 2933500  9 25 24  12.8 1016 231  8.7 7  6.2  68    0    0 343 -376  1
3856500 2933500  9 26  1  12.6 1015 226  8.0 8  6.2  68    0    0 346 -375  1
3856500 2933500  9 26  2  12.6 1015 224  8.1 8  6.3  69    0    0 352 -374  1
3856500 2933500  9 26  3  12.8 1014 227  8.1 7  6.5  71    0    0 348 -373  1
3856500 2933500  9 26  4  12.9 1014 228  7.8 7  6.8  74    0    0 343 -373  1
3856500 2933500  9 26  5  13.0 1013 230  8.1 7  7.2  77    0    0 344 -372  1
3856500 2933500  9 26  6  13.0 1013 228  8.1 7  7.6  81    0    0 345 -372  1
3856500 2933500  9 26  7  13.3 1012 224  8.0 8  7.9  83    0    5 352 -371  1
3856500 2933500  9 26  8  13.1 1012 229  9.0 7  8.2  86    0   24 353 -372  1
3856500 2933500  9 26  9  14.1 1012 230  9.0 8  8.6  88    0   46 355 -375  1
3856500 2933500  9 26 10  14.4 1012 226  8.6 8  8.8  86    0   50 363 -377  1
3856500 2933500  9 26 11  14.2 1012 227  8.7 8  9.0  88    0   55 363 -377  1
3856500 2933500  9 26 12  14.0 1012 255  8.6 8  9.1  90    0   68 363 -381  1
3856500 2933500  9 26 13  13.3 1012 258  5.9 7  8.9  91    0   86 356 -388  1
3856500 2933500  9 26 14  13.3 1012 236  6.6 8  8.8  92    0   63 356 -392  1
3856500 2933500  9 26 15  13.3 1012 217  8.2 8  9.0  94    0   59 362 -391  1
3856500 2933500  9 26 16  13.1 1012 249  6.6 7  8.9  93    0   67 358 -389  1
3856500 2933500  9 26 17  12.9 1012 332  3.9 7  8.7  93    0   44 354 -387  1
3856500 2933500  9 26 18  12.5 1012 295  3.8 8  8.4  92    0   21 357 -384  1
3856500 2933500  9 26 19  12.1 1012 232  3.5 8  8.2  91    0    0 362 -381  1
3856500 2933500  9 26 20  11.8 1012 238  4.3 8  8.0  92    0    0 361 -379  1
3856500 2933500  9 26 21  11.4 1012 250  4.3 8  7.8  91    0    0 359 -378  1
3856500 2933500  9 26 22  11.2 1012 258  3.7 8  7.6  91    0    0 358 -376  1
3856500 2933500  9 26 23  10.9 1012 249  3.7 8  7.6  92    0    0 357 -375  1
3856500 2933500  9 26 24  10.9 1012 253  3.4 8  7.4  91    0    0 356 -372  1
3856500 2933500  9 27  1  10.9 1012 249  2.8 6  7.3  90    0    0 344 -369  1
3856500 2933500  9 27  2  10.8 1012 238  3.2 6  7.3  90    0    0 331 -366  1
3856500 2933500  9 27  3  10.7 1011 242  3.4 7  7.4  92    0    0 334 -364  1
3856500 2933500  9 27  4  10.8 1011 222  3.0 7  7.4  92    0    0 338 -363  1
3856500 2933500  9 27  5  10.6 1010 217  3.8 7  7.4  92    0    0 338 -364  1
3856500 2933500  9 27  6  10.6 1009 213  4.3 8  7.4  93    0    0 343 -365  1
3856500 2933500  9 27  7  10.8 1008 216  4.5 8  7.4  92    0    1 350 -366  1
3856500 2933500  9 27  8  10.8 1007 218  5.1 7  7.4  91    0   19 344 -367  1
3856500 2933500  9 27  9  10.6 1006 226  4.9 8  7.4  92    0   31 344 -370  1
3856500 2933500  9 27 10  11.6 1006 233  5.7 8  7.5  91    0   80 352 -374  1
3856500 2933500  9 27 11  12.2 1005 240  5.7 8  7.6  87    9  178 357 -379  1
3856500 2933500  9 27 12  12.8 1005 249  7.5 7  7.8  85   30  206 355 -382  1
3856500 2933500  9 27 13  13.9 1004 237  7.9 8  7.8  81    5  171 360 -389  1
3856500 2933500  9 27 14  13.5 1004 236 10.0 4  7.6  77  223  151 346 -398  1
3856500 2933500  9 27 15  13.2 1002 255 11.4 4  7.1  74  122  146 319 -399  1
3856500 2933500  9 27 16  12.0 1002 263  7.3 6  7.0  76    2  100 327 -390  1
3856500 2933500  9 27 17  10.3 1002 281 12.5 7  6.8  81    0   55 340 -383  1
3856500 2933500  9 27 18  10.3 1002 276  7.8 5  6.3  80   27   34 329 -376  1
3856500 2933500  9 27 19   9.7 1002 259 12.1 4  5.9  77    0    4 307 -367  1
3856500 2933500  9 27 20   8.3 1003 260  9.1 5  5.6  77    0    0 304 -359  1
3856500 2933500  9 27 21   7.6 1003 243  9.0 5  5.4  80    0    0 304 -355  1
3856500 2933500  9 27 22   7.8 1004 261 12.3 6  5.4  81    0    0 305 -355  1
3856500 2933500  9 27 23   8.6 1005 246  9.8 6  5.4  79    0    0 307 -357  1
3856500 2933500  9 27 24   8.1 1005 254  9.6 4  5.5  79    0    0 293 -359  1
3856500 2933500  9 28  1   8.7 1006 272 10.8 5  5.3  77    0    0 286 -358  1
3856500 2933500  9 28  2   8.0 1006 254  6.8 6  5.2  76    0    0 294 -356  1
3856500 2933500  9 28  3   8.3 1007 281 12.1 6  5.3  78    0    0 297 -355  1
3856500 2933500  9 28  4   7.9 1008 262 10.0 6  5.2  78    0    0 296 -353  1
3856500 2933500  9 28  5   7.9 1008 281  8.8 4  5.1  77    0    0 286 -352  1
3856500 2933500  9 28  6   8.1 1009 290  5.7 4  4.9  73    0    0 277 -353  1
3856500 2933500  9 28  7   8.4 1009 289  5.6 3  4.6  68    0    8 272 -353  1
3856500 2933500  9 28  8   7.8 1010 293  5.5 4  4.7  70    4   62 270 -349  1
3856500 2933500  9 28  9   8.8 1011 307  4.5 3  5.0  73   86  130 271 -351  1
3856500 2933500  9 28 10   8.4 1011 311  5.1 4  5.1  73   73  184 274 -362  1
3856500 2933500  9 28 11   8.8 1012 294 11.6 5  5.1  73   56  215 283 -373  1
3856500 2933500  9 28 12  11.1 1013 296  7.5 3  5.2  68  195  226 281 -375  1
3856500 2933500  9 28 13  11.1 1013 297 10.9 2  5.3  64  250  192 271 -372  1
3856500 2933500  9 28 14  12.1 1014 312 10.5 4  5.0  59  177  187 276 -377  1
3856500 2933500  9 28 15  10.4 1014 296  9.4 5  4.8  57  145  158 286 -380  1
3856500 2933500  9 28 16  10.8 1014 296 10.4 2  4.8  60  253   80 276 -375  1
3856500 2933500  9 28 17  10.8 1014 284  8.1 1  4.8  60  158   54 261 -371  1
3856500 2933500  9 28 18   9.2 1015 259  4.8 5  4.9  64   25   38 270 -366  1
3856500 2933500  9 28 19   7.8 1015 251  6.4 4  4.9  72    0    0 276 -359  1
3856500 2933500  9 28 20   7.5 1015 241  6.1 3  4.9  74    0    0 266 -357  1
3856500 2933500  9 28 21   6.9 1015 235  6.2 2  4.9  78    0    0 259 -357  1
3856500 2933500  9 28 22   6.6 1015 232  6.2 2  4.9  79    0    0 254 -355  1
3856500 2933500  9 28 23   7.2 1015 232  5.9 3  5.3  82    0    0 254 -351  1
3856500 2933500  9 28 24   8.2 1014 234  5.5 4  5.8  84    0    0 259 -350  1
3856500 2933500  9 29  1   9.6 1018 232  5.0 4  6.6  86    0    0 319 -370  1
3856500 2933500  9 29  2  10.7 1018 231  4.5 5  7.2  88    0    0 325 -363  1
3856500 2933500  9 29  3  11.6 1017 231  4.0 6  7.7  90    0    0 325 -361  1
3856500 2933500  9 29  4  11.6 1017 228  4.0 6  7.7  91    0    0 328 -363  1
3856500 2933500  9 29  5  11.8 1017 229  4.1 6  7.8  91    0    0 334 -369  1
3856500 2933500  9 29  6  11.9 1016 222  4.0 7  8.0  92    0    0 339 -373  1
3856500 2933500  9 29  7  12.6 1015 225  4.4 8  8.3  94    0    4 352 -377  1
3856500 2933500  9 29  8  13.3 1015 241  4.7 6  8.8  95    0   53 349 -379  1
3856500 2933500  9 29  9  14.5 1015 248  5.1 7  9.4  95    0   86 349 -383  1
3856500 2933500  9 29 10  15.2 1015 251  7.4 7  9.9  94    0  122 359 -390  1
3856500 2933500  9 29 11  15.6 1015 257  7.5 7 10.0  92    3  176 360 -400  1
3856500 2933500  9 29 12  16.5 1015 256  6.9 6 10.0  88    6  204 358 -411  1
3856500 2933500  9 29 13  17.1 1015 244  7.4 6  9.9  82    9  218 357 -416  1
3856500 2933500  9 29 14  17.1 1015 237  8.4 8  9.5  78    0  118 366 -415  1
3856500 2933500  9 29 15  16.7 1014 242  7.4 8  9.5  78    0   66 373 -414  1
3856500 2933500  9 29 16  16.5 1014 234  5.2 7  9.5  80    0   80 367 -413  1
3856500 2933500  9 29 17  16.0 1013 232  7.4 7  9.4  81    0   66 362 -411  1
3856500 2933500  9 29 18  15.7 1013 240  4.4 7  9.2  81    0   22 361 -408  1
3856500 2933500  9 29 19  15.1 1013 229  4.1 7  9.1  83    0    0 360 -404  1
3856500 2933500  9 29 20  14.9 1013 248  5.3 7  9.0  85    0    0 359 -402  1
3856500 2933500  9 29 21  14.5 1012 247  6.3 7  8.8  84    0    0 357 -400  1
3856500 2933500  9 29 22  14.1 1012 235  5.5 8  8.6  84    0    0 361 -398  1
3856500 2933500  9 29 23  13.8 1012 220  5.0 8  8.5  85    0    0 365 -396  1
3856500 2933500  9 29 24  13.3 1011 215  5.6 7  8.5  87    0    0 360 -394  1
3856500 2933500  9 30  1  13.1 1011 218  7.4 8  8.7  91    0    0 359 -393  1
3856500 2933500  9 30  2  13.1 1010 232  5.0 8  8.9  94    0    0 365 -391  1
3856500 2933500  9 30  3  13.3 1009 236  5.5 7  9.0  94    0    0 360 -389  1
3856500 2933500  9 30  4  13.4 1009 248  5.6 7  9.0  94    0    0 355 -387  1
3856500 2933500  9 30  5  13.1 1009 257  4.7 7  8.9  93    0    0 355 -383  1
3856500 2933500  9 30  6  13.1 1008 265  4.5 7  8.9  94    0    0 354 -380  1
3856500 2933500  9 30  7  13.0 1009 262  4.7 7  8.9  94    0    4 354 -379  1
3856500 2933500  9 30  8  12.7 1009 304  5.2 8  8.7  94    0   44 358 -380  1
3856500 2933500  9 30  9  12.4 1010 337  4.9 8  8.4  92    0   45 362 -383  1
3856500 2933500  9 30 10  12.6 1011 341  5.1 6  8.1  89   14  168 348 -390  1
3856500 2933500  9 30 11  13.2 1012 338  6.0 5  7.9  85   48  212 332 -400  1
3856500 2933500  9 30 12  13.6 1013 319  5.6 6  7.7  80   13  206 334 -411  1
3856500 2933500  9 30 13  14.7 1013 316  7.8 6  7.5  74   30  223 340 -417  1
3856500 2933500  9 30 14  14.9 1014 297  9.0 7  7.3  70    6  176 347 -416  1
3856500 2933500  9 30 15  14.1 1014 297  8.8 7  7.3  71    4  156 351 -411  1
3856500 2933500  9 30 16  13.8 1014 279  8.3 5  7.5  75   46  139 340 -407  1
3856500 2933500  9 30 17  13.5 1015 283  5.9 4  7.7  79   35   88 325 -401  1
3856500 2933500  9 30 18  12.6 1015 297  5.5 6  7.6  81    3   30 327 -396  1
3856500 2933500  9 30 19  12.3 1015 284  4.4 6  7.5  83    0    0 333 -389  1
3856500 2933500  9 30 20  11.9 1016 290  3.4 7  7.8  88    0    0 335 -383  1
3856500 2933500  9 30 21  11.6 1017 277  3.3 8  7.7  90    0    0 342 -377  1
3856500 2933500  9 30 22  11.2 1017 276  3.0 7  7.4  88    0    0 342 -370  1
3856500 2933500  9 30 23  11.1 1017 271  2.4 6  7.2  88    0    0 331 -366  1
3856500 2933500  9 30 24   9.8 1018 270  2.3 3  7.1  91    0    0 309 -365  1
3856500 2933500 10  1  1   9.2 1018 286  2.2 4  6.9  93    0    0 296 -362  1
3856500 2933500 10  1  2   8.9 1018 327  2.3 3  6.7  94    0    0 293 -357  1
3856500 2933500 10  1  3   8.1 1019 273  1.7 2  6.6  95    0    0 280 -354  1
3856500 2933500 10  1  4   8.0 1019 274  1.5 0  6.3  94    0    0 264 -350  1
3856500 2933500 10  1  5   7.5 1019 282  1.7 0  6.1  93    0    0 254 -346  1
3856500 2933500 10  1  6   7.3 1019 282  1.6 0  5.9  93    0    0 252 -344  1
3856500 2933500 10  1  7   7.2 1019 276  1.3 0  5.9  93    0    4 251 -346  1
3856500 2933500 10  1  8   8.5 1020 242  1.5 3  6.2  95   28   66 264 -349  1
3856500 2933500 10  1  9  11.0 1020 251  1.4 1  7.2  97  149   88 275 -358  1
3856500 2933500 10  1 10  13.5 1021 264  1.7 2  8.2  92  276   91 280 -377  1
3856500 2933500 10  1 11  14.4 1021 283  1.5 3  8.2  83  176  194 294 -400  1
3856500 2933500 10  1 12  15.3 1021 251  1.7 3  7.8  75  159  224 302 -420  1
3856500 2933500 10  1 13  16.2 1021 288  2.5 2  7.6  68  200  218 303 -432  1
3856500 2933500 10  1 14  17.5 1021 319  2.2 2  7.1  59  251  176 306 -435  1
3856500 2933500 10  1 15  17.3 1021 270  2.6 2  6.6  54  298  110 310 -428  1
3856500 2933500 10  1 16  16.5 1021  10  2.4 2  6.8  57  204  111 312 -418  1
3856500 2933500 10  1 17  15.1 1021  60  2.6 3  7.4  67  106   82 314 -407  1
3856500 2933500 10  1 18  12.9 1021 101  2.0 6  7.7  78   12   32 322 -397  1
3856500 2933500 10  1 19  11.4 1021  88  2.6 6  7.5  86    0    0 326 -387  1
3856500 2933500 10  1 20  10.6 1021 102  2.4 7  7.4  91    0    0 327 -381  1
3856500 2933500 10  1 21  10.2 1022 112  2.0 8  7.5  95    0    0 334 -378  1
3856500 2933500 10  1 22   9.7 1022 139  1.9 6  7.4  97    0    0 329 -375  1
3856500 2933500 10  1 23   9.0 1021  98  2.3 6  7.2  99    0    0 319 -375  1
3856500 2933500 10  1 24   9.4 1021  88  3.0 7  7.0  98    0    0 323 -376  1
3856500 2933500 10  2  1   9.4 1021 111  2.6 6  6.9  94    0    0 319 -376  1
3856500 2933500 10  2  2   9.6 1021 108  2.6 6  6.9  94    0    0 319 -376  1
3856500 2933500 10  2  3   9.6 1021  95  3.3 7  7.0  94    0    0 324 -375  1
3856500 2933500 10  2  4   9.5 1021 105  4.2 7  6.9  94    0    0 327 -373  1
3856500 2933500 10  2  5  10.0 1020 106  4.2 8  6.9  92    0    0 333 -372  1
3856500 2933500 10  2  6  10.0 1020 113  3.9 8  6.9  91    0    0 339 -372  1
3856500 2933500 10  2  7  10.5 1020 115  4.5 8  7.0  91    0    0 342 -372  1
3856500 2933500 10  2  8  10.9 1020 114  4.3 7  7.1  89    0   32 338 -373  1
3856500 2933500 10  2  9  11.4 1020  88  4.9 7  7.1  86    3  103 334 -373  1
3856500 2933500 10  2 10  12.2 1021 104  4.0 5  7.2  84    6  159 327 -373  1
3856500 2933500 10  2 11  12.7 1021 104  4.4 5  7.2  80    8  201 321 -373  1
3856500 2933500 10  2 12  13.3 1021 110  4.5 5  7.3  79   41  276 325 -375  1
3856500 2933500 10  2 13  13.7 1020 119  4.2 6  7.4  78   35  263 334 -379  1
3856500 2933500 10  2 14  14.5 1020 119  3.9 5  7.6  76   29  240 338 -381  1
3856500 2933500 10  2 15  14.7 1020 112  4.3 5  7.8  76   35  220 336 -383  1
3856500 2933500 10  2 16  15.1 1019 117  4.2 5  8.0  76   38  168 337 -384  1
3856500 2933500 10  2 17  14.7 1019 115  3.4 6  8.1  77    4   70 342 -384  1
3856500 2933500 10  2 18  14.1 1019 112  2.8 7  8.2  80    2   16 349 -383  1
3856500 2933500 10  2 19  13.5 1019 129  3.0 7  8.1  83    0    0 349 -380  1
3856500 2933500 10  2 20  12.8 1019 125  3.0 5  8.0  85    0    0 336 -375  1
3856500 2933500 10  2 21  12.1 1019 151  3.2 4  7.8  87    0    0 320 -370  1
3856500 2933500 10  2 22  11.7 1018 146  3.1 6  7.7  89    0    0 321 -367  1
3856500 2933500 10  2 23  12.0 1018 146  3.2 7  7.7  89    0    0 333 -365  1
3856500 2933500 10  2 24  11.8 1018 144  3.3 5  7.7  89    0    0 329 -365  1
3856500 2933500 10  3  1  11.2 1017 126  3.6 7  7.6  90    0    0 328 -366  1
3856500 2933500 10  3  2  11.1 1017 138  3.4 7  7.6  92    0    0 338 -364  1
3856500 2933500 10  3  3  10.9 1016 143  3.4 6  7.5  92    0    0 336 -362  1
3856500 2933500 10  3  4  11.4 1015 180  1.5 7  7.6  93    0    0 337 -362  1
3856500 2933500 10  3  5  11.8 1015 136  2.3 7  8.0  94    0    0 344 -360  1
3856500 2933500 10  3  6  12.2 1015 195  2.5 8  8.3  95    0    0 350 -360  1
3856500 2933500 10  3  7  12.4 1015 189  3.0 8  8.6  97    0    1 358 -365  1
3856500 2933500 10  3  8  12.8 1015 202  3.4 6  8.8  97   34   44 349 -369  1
3856500 2933500 10  3  9  14.0 1016 239  4.1 6  9.0  93   47  114 340 -374  1
3856500 2933500 10  3 10  14.8 1016 225  4.3 6  9.1  89  166  139 342 -379  1
3856500 2933500 10  3 11  15.8 1016 241  5.3 5  8.9  82  265  142 338 -382  1
3856500 2933500 10  3 12  16.0 1017 249  7.2 5  8.6  76  106  224 335 -393  1
3856500 2933500 10  3 13  16.1 1017 239  6.2 4  8.2  72   95  223 331 -407  1
3856500 2933500 10  3 14  16.0 1017 241  6.9 6  7.7  68   32  191 336 -412  1
3856500 2933500 10  3 15  15.8 1017 273  5.8 7  7.2  64   33  167 347 -413  1
3856500 2933500 10  3 16  15.4 1017 232  5.9 6  6.9  63   32  123 343 -410  1
3856500 2933500 10  3 17  15.3 1017 222  5.5 6  7.0  64   77   57 336 -402  1
3856500 2933500 10  3 18  13.8 1017 206  2.8 4  7.3  70   11   14 323 -394  1
3856500 2933500 10  3 19  11.7 1017 172  3.2 2  7.2  79    0    0 297 -383  1
3856500 2933500 10  3 20  11.3 1018 173  3.8 2  7.1  84    0    0 283 -372  1
3856500 2933500 10  3 21  11.7 1018 187  4.0 4  6.9  82    0    0 292 -365  1
3856500 2933500 10  3 22  11.8 1017 198  4.7 7  6.8  80    0    0 316 -360  1
3856500 2933500 10  3 23  11.4 1017 207  4.7 7  6.8  80    0    0 329 -357  1
3856500 2933500 10  3 24  11.3 1017 202  5.1 6  6.8  82    0    0 322 -357  1
3856500 2933500 10  4  1  11.7 1017 212  4.3 7  6.9  82    0    0 323 -359  1
3856500 2933500 10  4  2  11.4 1017 212  4.2 8  7.2  85    0    0 334 -363  1
3856500 2933500 10  4  3  11.0 1018 202  4.5 7  7.2  88    0    0 337 -365  1
3856500 2933500 10  4  4  10.5 1018 199  3.9 5  7.1  89    0    0 322 -366  1
3856500 2933500 10  4  5  10.0 1018 209  4.3 1  7.0  90    0    0 295 -367  1
3856500 2933500 10  4  6   9.6 1018 226  3.0 1  6.9  92    0    0 276 -366  1
3856500 2933500 10  4  7   9.3 1019 199  3.8 1  6.8  93    0    1 275 -365  1
3856500 2933500 10  4  8   9.8 1019 200  4.5 2  6.9  94   35   47 279 -362  1
3856500 2933500 10  4  9  11.6 1019 201  5.3 2  7.3  91   70  113 288 -366  1
3856500 2933500 10  4 10  12.5 1020 203  5.7 6  7.8  89   30  169 309 -377  1
3856500 2933500 10  4 11  13.8 1020 194  5.7 5  8.1  86  137  207 323 -390  1
3856500 2933500 10  4 12  15.0 1020 216  6.3 4  8.2  81  212  210 316 -400  1
3856500 2933500 10  4 13  16.2 1020 218  6.0 4  8.0  73  166  229 313 -410  1
3856500 2933500 10  4 14  16.5 1020 237  6.2 4  7.7  67  157  212 313 -412  1
3856500 2933500 10  4 15  16.1 1020 235  5.2 6  7.5  65   40  175 319 -412  1
3856500 2933500 10  4 16  15.4 1020 235  4.3 6  7.3  66    2   95 323 -410  1
3856500 2933500 10  4 17  14.7 1020 204  4.1 7  7.5  70   23   68 324 -405  1
3856500 2933500 10  4 18  14.1 1020 163  4.7 7  7.7  76    3   14 325 -401  1
3856500 2933500 10  4 19  13.7 1020 154  4.2 7  7.8  79    0    0 326 -393  1
3856500 2933500 10  4 20  13.6 1020 163  4.1 7  7.9  82    0    0 328 -387  1
3856500 2933500 10  4 21  13.5 1019 158  4.2 8  8.0  83    0    0 335 -385  1
3856500 2933500 10  4 22  13.8 1019 163  4.2 8  8.0  83    0    0 342 -384  1
3856500 2933500 10  4 23  13.8 1019 161  3.8 8  8.0  81    0    0 342 -382  1
3856500 2933500 10  4 24  13.8 1018 165  3.9 7  7.9  81    0    0 339 -380  1
3856500 2933500 10  5  1  13.3 1018 168  3.7 8  7.8  81    0    0 339 -379  1
3856500 2933500 10  5  2  13.3 1017 172  3.7 8  7.7  81    0    0 341 -378  1
3856500 2933500 10  5  3  13.1 1017 158  4.4 8  7.6  81    0    0 340 -377  1
3856500 2933500 10  5  4  13.0 1016 157  5.6 8  7.5  81    0    0 340 -377  1
3856500 2933500 10  5  5  12.9 1015 156  6.2 7  7.4  80    0    0 335 -378  1
3856500 2933500 10  5  6  13.1 1014 156  6.6 7  7.2  77    0    0 332 -379  1
3856500 2933500 10  5  7  13.1 1013 159  6.4 7  7.1  75    0    0 333 -379  1
3856500 2933500 10  5  8  13.5 1013 159  6.1 7  7.0  73    0   15 332 -378  1
3856500 2933500 10  5  9  13.9 1012 164  6.5 8  7.1  72    0   73 338 -381  1
3856500 2933500 10  5 10  14.8 1011 169  6.8 6  7.3  72   26  178 335 -389  1
3856500 2933500 10  5 11  16.1 1011 179  7.9 6  7.7  70   50  229 329 -399  1
3856500 2933500 10  5 12  16.9 1010 183  8.2 7  8.2  70   68  255 338 -410  1
3856500 2933500 10  5 13  18.2 1009 190  7.6 7  8.6  68   98  264 348 -418  1
3856500 2933500 10  5 14  18.5 1009 191  6.9 7  8.9  67   15  190 353 -422  1
3856500 2933500 10  5 15  18.9 1009 210  8.1 7  8.9  66    5  147 357 -425  1
3856500 2933500 10  5 16  19.0 1009 212  7.2 7  9.0  65    1   92 361 -424  1
3856500 2933500 10  5 17  18.6 1009 216  6.7 7  9.2  68    0   37 363 -419  1
3856500 2933500 10  5 18  16.6 1010 244  5.6 7  9.3  74    0    8 362 -414  1
3856500 2933500 10  5 19  16.1 1010 239  4.8 8  9.1  78    0    0 364 -411  1
3856500 2933500 10  5 20  14.2 1011 251  6.8 7  9.0  83    0    0 362 -409  1
3856500 2933500 10  5 21  14.0 1012 236  3.4 7  8.9  88    0    0 356 -408  1
3856500 2933500 10  5 22  13.4 1012 178  2.1 7  8.8  90    0    0 354 -406  1
3856500 2933500 10  5 23  13.4 1012 149  1.9 7  8.8  91    0    0 353 -404  1
3856500 2933500 10  5 24  13.2 1012 144  2.5 7  8.8  92    0    0 354 -401  1
3856500 2933500 10  6  1  13.1 1011 146  2.7 7  8.7  92    0    0 352 -398  1
3856500 2933500 10  6  2  12.6 1011 137  2.5 7  8.7  94    0    0 351 -395  1
3856500 2933500 10  6  3  12.7 1010 138  2.9 6  8.6  94    0    0 348 -392  1
3856500 2933500 10  6  4  12.9 1010 137  2.9 6  8.7  94    0    0 344 -391  1
3856500 2933500 10  6  5  13.1 1009 156  2.8 8  8.8  93    0    0 351 -389  1
3856500 2933500 10  6  6  13.5 1009 165  2.9 7  9.0  93    0    0 353 -387  1
3856500 2933500 10  6  7  13.9 1009 211  2.7 7  9.3  94    0    0 351 -386  1
3856500 2933500 10  6  8  14.2 1009 219  2.7 8  9.5  94    0   35 353 -385  1
3856500 2933500 10  6  9  14.7 1010 239  3.8 8  9.6  92    0   60 357 -389  1
3856500 2933500 10  6 10  15.5 1010 244  3.9 8  9.6  89    0   89 357 -397  1
3856500 2933500 10  6 11  15.9 1011 236  4.3 7  9.5  85   36  161 354 -408  1
3856500 2933500 10  6 12  16.6 1011 213  4.6 7  9.4  81   48  174 351 -411  1
3856500 2933500 10  6 13  16.9 1011 194  5.4 6  9.5  80   79  158 350 -407  1
3856500 2933500 10  6 14  17.2 1010 190  4.8 7  9.7  79   43  153 352 -406  1
3856500 2933500 10  6 15  17.3 1010 206  6.3 7  9.9  80    2  117 358 -408  1
3856500 2933500 10  6 16  16.7 1010 216  5.5 7  9.8  80    7   92 358 -406  1
3856500 2933500 10  6 17  15.9 1010 219  5.0 8  9.3  80    0   36 359 -399  1
3856500 2933500 10  6 18  15.1 1009 236  3.5 6  8.9  80    0    8 354 -395  1
3856500 2933500 10  6 19  14.6 1009 210  3.4 7  8.8  82    0    0 350 -391  1
3856500 2933500 10  6 20  14.1 1009 249  3.3 7  8.6  84    0    0 352 -389  1
3856500 2933500 10  6 21  13.1 1009 242  3.3 6  8.2  84    0    0 346 -387  1
3856500 2933500 10  6 22  12.9 1010 233  4.0 6  7.9  84    0    0 340 -384  1
3856500 2933500 10  6 23  12.4 1010 228  3.8 7  7.7  84    0    0 342 -378  1
3856500 2933500 10  6 24  12.4 1010 202  4.0 7  7.7  86    0    0 343 -372  1
3856500 2933500 10  7  1  12.2 1010 203  3.9 6  7.7  86    0    0 339 -367  1
3856500 2933500 10  7  2  12.1 1010 197  4.5 6  7.7  86    0    0 333 -363  1
3856500 2933500 10  7  3  11.7 1010 202  4.8 6  7.6  87    0    0 331 -361  1
3856500 2933500 10  7  4  11.5 1010 204  5.3 6  7.5  88    0    0 330 -360  1
3856500 2933500 10  7  5  11.6 1010 203  5.3 7  7.5  88    0    0 333 -359  1
3856500 2933500 10  7  6  11.6 1010 208  5.6 7  7.5  88    0    0 337 -358  1
3856500 2933500 10  7  7  11.5 1010 220  5.7 7  7.5  88    0    0 336 -357  1
3856500 2933500 10  7  8  11.8 1011 213  5.6 6  7.6  89    0   24 332 -358  1
3856500 2933500 10  7  9  12.3 1011 216  5.6 6  7.7  88    6   90 327 -364  1
3856500 2933500 10  7 10  13.2 1012 227  6.8 5  7.8  84  111  145 323 -375  1
3856500 2933500 10  7 11  14.9 1012 223  7.9 3  7.7  76  385   79 313 -388  1
3856500 2933500 10  7 12  15.2 1012 227  8.4 3  7.4  69  368   90 308 -400  1
3856500 2933500 10  7 13  15.5 1012 224  8.2 4  7.1  66  141  199 313 -407  1
3856500 2933500 10  7 14  16.1 1012 218  7.8 4  7.0  63   85  191 319 -411  1
3856500 2933500 10  7 15  16.1 1012 234  8.4 5  7.0  61   19  151 324 -410  1
3856500 2933500 10  7 16  15.8 1012 225  6.4 6  7.0  61    9  103 331 -406  1
3856500 2933500 10  7 17  15.2 1013 228  5.4 4  6.9  62   80   44 324 -398  1
3856500 2933500 10  7 18  13.6 1013 226  4.5 2  6.8  66    6   12 299 -386  1
3856500 2933500 10  7 19  12.4 1013 221  4.3 1  6.6  70    0    0 276 -375  1
3856500 2933500 10  7 20  12.0 1013 201  4.2 1  6.4  72    0    0 265 -368  1
3856500 2933500 10  7 21  11.3 1013 199  4.2 0  6.4  75    0    0 256 -364  1
3856500 2933500 10  7 22  11.5 1013 212  5.1 3  6.6  78    0    0 268 -361  1
3856500 2933500 10  7 23  11.1 1013 216  5.3 4  6.8  81    0    0 291 -359  1
3856500 2933500 10  7 24  10.8 1013 217  5.4 2  6.7  82    0    0 287 -357  1
3856500 2933500 10  8  1  10.4 1014 221  4.7 1  6.5  81    0    0 273 -355  1
3856500 2933500 10  8  2   9.9 1014 209  4.9 1  6.3  82    0    0 270 -352  1
3856500 2933500 10  8  3   9.5 1014 209  5.1 0  6.3  85    0    0 266 -349  1
3856500 2933500 10  8  4   9.3 1013 205  5.4 0  6.4  87    0    0 260 -348  1
3856500 2933500 10  8  5   9.2 1014 207  5.6 2  6.4  87    0    0 272 -346  1
3856500 2933500 10  8  6   9.4 1013 211  6.1 2  6.4  87    0    0 284 -345  1
3856500 2933500 10  8  7   9.5 1013 212  5.8 3  6.4  87    0    0 291 -343  1
3856500 2933500 10  8  8   9.8 1014 211  5.8 3  6.5  86   30   38 296 -345  1
3856500 2933500 10  8  9  10.8 1014 219  6.3 3  6.6  85   69   98 297 -351  1
3856500 2933500 10  8 10  11.9 1014 228  7.3 5  6.8  82   82  151 309 -363  1
3856500 2933500 10  8 11  13.0 1014 231  7.3 5  6.9  77  194  155 321 -379  1
3856500 2933500 10  8 12  13.9 1015 236  8.5 6  6.8  70   33  202 325 -391  1
3856500 2933500 10  8 13  14.5 1015 239  7.8 4  6.6  65   77  202 322 -400  1
3856500 2933500 10  8 14  14.6 1015 248  9.2 2  6.4  62  121  187 302 -403  1
3856500 2933500 10  8 15  14.9 1015 242  7.9 1  6.2  60  294   61 288 -402  1
3856500 2933500 10  8 16  14.9 1015 253  8.5 2  6.0  57  197   59 289 -397  1
3856500 2933500 10  8 17  13.9 1015 244  7.9 4  5.9  58   79   43 301 -390  1
3856500 2933500 10  8 18  12.1 1015 244  5.6 4  6.0  64    7   12 307 -380  1
3856500 2933500 10  8 19  10.9 1016 239  4.5 2  6.0  71    0    0 293 -370  1
3856500 2933500 10  8 20  10.1 1016 226  4.1 2  6.1  77    0    0 280 -362  1
3856500 2933500 10  8 21   9.9 1016 231  4.7 3  6.1  79    0    0 286 -358  1
3856500 2933500 10  8 22   9.3 1016 229  4.4 2  6.0  81    0    0 286 -357  1
3856500 2933500 10  8 23   8.6 1016 234  4.5 2  5.9  84    0    0 279 -354  1
3856500 2933500 10  8 24   8.2 1016 227  4.2 2  5.9  86    0    0 277 -351  1
3856500 2933500 10  9  1   7.7 1016 223  3.8 1  5.8  88    0    0 267 -348  1
3856500 2933500 10  9  2   6.7 1016 227  3.2 2  5.7  90    0    0 264 -348  1
3856500 2933500 10  9  3   6.8 1017 234  3.6 1  5.7  93    0    0 261 -348  1
3856500 2933500 10  9  4   7.4 1016 240  3.2 4  5.8  93    0    0 274 -347  1
3856500 2933500 10  9  5   7.1 1016 237  3.1 5  5.8  92    0    0 297 -346  1
3856500 2933500 10  9  6   6.9 1016 222  2.7 7  5.8  93    0    0 312 -347  1
3856500 2933500 10  9  7   7.3 1016 252  2.6 7  5.9  94    0    0 321 -346  1
3856500 2933500 10  9  8   8.2 1016 228  2.9 7  6.1  94    0   31 322 -348  1
3856500 2933500 10  9  9   8.6 1016 245  3.2 8  6.4  93    0   70 329 -356  1
3856500 2933500 10  9 10   9.6 1016 234  3.5 7  6.6  92   15  153 331 -369  1
3856500 2933500 10  9 11  10.7 1017 244  3.7 5  7.1  92   70  205 318 -384  1
3856500 2933500 10  9 12  13.0 1017 256  3.4 5  7.5  87  107  222 312 -396  1
3856500 2933500 10  9 13  14.2 1017 292  4.7 5  7.4  76   41  207 316 -401  1
3856500 2933500 10  9 14  13.5 1017 314  3.7 6  7.1  72   59  200 320 -404  1
3856500 2933500 10  9 15  14.5 1017 300  4.9 3  6.8  69  127  165 309 -403  1
3856500 2933500 10  9 16  13.8 1017 307  3.9 4  6.7  66   76  117 299 -397  1
3856500 2933500 10  9 17  13.4 1017 300  3.3 1  6.7  69   90   53 288 -388  1
3856500 2933500 10  9 18  11.0 1017 303  2.8 3  6.4  73   10   13 277 -377  1
3856500 2933500 10  9 19   9.1 1017 291  2.4 2  6.2  81    0    0 274 -366  1
3856500 2933500 10  9 20   7.1 1018 282  1.4 1  5.9  88    0    0 260 -358  1
3856500 2933500 10  9 21   7.4 1018 280  1.9 1  5.8  92    0    0 256 -352  1
3856500 2933500 10  9 22   6.6 1018 285  2.9 1  5.8  94    0    0 258 -348  1
3856500 2933500 10  9 23   6.3 1019 286  2.2 1  5.6  94    0    0 255 -346  1
3856500 2933500 10  9 24   6.2 1019 249  2.2 2  5.6  95    0    0 257 -344  1
3856500 2933500 10 10  1   5.0 1019 269  2.4 3  5.4  97    0    0 263 -341  1
3856500 2933500 10 10  2   5.3 1019 266  2.8 3  5.3  97    0    0 265 -341  1
3856500 2933500 10 10  3   5.5 1019 273  2.7 3  5.3  95    0    0 266 -341  1
3856500 2933500 10 10  4   4.0 1019 304  2.1 2  5.1  96    0    0 260 -339  1
3856500 2933500 10 10  5   4.6 1019 280  2.4 1  5.0  98    0    0 249 -337  1
3856500 2933500 10 10  6   4.2 1019 267  2.1 1  5.0  96    0    0 244 -335  1
3856500 2933500 10 10  7   4.4 1019 265  2.5 3  5.0  96    0    0 251 -334  1
3856500 2933500 10 10  8   5.3 1019 262  1.4 2  5.2  97    9   42 257 -336  1
3856500 2933500 10 10  9   8.8 1020 350  1.5 3  6.1  97   93   90 262 -344  1
3856500 2933500 10 10 10  11.0 1020  23  2.1 3  7.0  93  271   79 276 -361  1
3856500 2933500 10 10 11  12.1 1020  22  2.1 3  7.0  83  279  123 279 -381  1
3856500 2933500 10 10 12  12.2 1020  54  2.5 6  6.7  76   18  197 295 -400  1
3856500 2933500 10 10 13  13.2 1020  44  1.9 8  6.5  72    0   85 320 -406  1
3856500 2933500 10 10 14  13.3 1020  28  3.0 6  6.3  67   18  175 321 -407  1
3856500 2933500 10 10 15  12.9 1020 256  2.0 6  6.0  64   45  164 311 -407  1
3856500 2933500 10 10 16  12.4 1020  52  4.1 7  6.0  66   20  111 314 -401  1
3856500 2933500 10 10 17  12.0 1020  26  2.8 6  6.1  69   18   56 313 -389  1
3856500 2933500 10 10 18   9.7 1020 346  2.1 5  6.1  76    3   11 298 -373  1
3856500 2933500 10 10 19   8.3 1019   9  2.3 4  6.0  85    0    0 284 -359  1
3856500 2933500 10 10 20   7.2 1020  22  2.6 4  5.9  91    0    0 276 -350  1
3856500 2933500 10 10 21   6.6 1020  48  3.0 4  5.8  94    0    0 273 -346  1
3856500 2933500 10 10 22   6.3 1020  41  2.1 1  5.5  93    0    0 260 -343  1
3856500 2933500 10 10 23   5.2 1020  59  2.6 1  5.3  94    0    0 247 -341  1
3856500 2933500 10 10 24   5.5 1020  74  3.1 1  5.2  94    0    0 246 -339  1
3856500 2933500 10 11  1   5.2 1020  89  4.1 3  5.2  94    0    0 254 -337  1
3856500 2933500 10 11  2   5.3 1020  82  4.1 3  5.1  94    0    0 261 -336  1
3856500 2933500 10 11  3   4.4 1020  56  4.2 2  5.0  93    0    0 256 -334  1
3856500 2933500 10 11  4   4.4 1020  64  4.3 1  4.9  95    0    0 245 -332  1
3856500 2933500 10 11  5   3.3 1020  79  3.5 1  4.8  96    0    0 240 -329  1
3856500 2933500 10 11  6   3.5 1020  65  3.7 1  4.7  97    0    0 237 -328  1
3856500 2933500 10 11  7   2.5 1020  59  3.9 0  4.6  98    0    0 232 -325  1
3856500 2933500 10 11  8   3.7 1021  72  3.7 0  4.6  98   17   40 227 -324  1
3856500 2933500 10 11  9   7.2 1021  77  4.5 0  4.9  88  117   79 232 -329  1
3856500 2933500 10 11 10   9.2 1022  68  4.8 0  5.2  78  228   95 240 -340  1
3856500 2933500 10 11 11  10.2 1022  71  6.0 1  5.3  71  312  105 249 -354  1
3856500 2933500 10 11 12  10.6 1022  56  6.6 1  4.9  63  258  168 255 -367  1
3856500 2933500 10 11 13  10.9 1022  75  6.3 1  4.8  60  284  158 257 -375  1
3856500 2933500 10 11 14  11.5 1022  57  6.4 1  4.8  59  200  176 259 -380  1
3856500 2933500 10 11 15  11.7 1021  57  6.3 2  4.7  56  233  110 264 -380  1
3856500 2933500 10 11 16  11.4 1021  67  6.1 2  4.6  55  186   72 267 -376  1
3856500 2933500 10 11 17  10.6 1021  58  5.7 0  4.6  57   80   51 258 -368  1
3856500 2933500 10 11 18   8.8 1021  67  4.6 1  4.5  61    8   12 250 -358  1
3856500 2933500 10 11 19   7.3 1022  70  4.2 1  4.4  66    0    0 249 -350  1
3856500 2933500 10 11 20   5.9 1022  62  4.3 1  4.3  72    0    0 245 -345  1
3856500 2933500 10 11 21   5.5 1023  67  4.5 1  4.4  78    0    0 243 -341  1
3856500 2933500 10 11 22   5.1 1023  59  4.1 2  4.4  81    0    0 246 -339  1
3856500 2933500 10 11 23   5.1 1024  69  4.0 2  4.5  84    0    0 249 -336  1
3856500 2933500 10 11 24   5.2 1024  71  3.7 1  4.5  84    0    0 245 -334  1
3856500 2933500 10 12  1   5.3 1024  78  4.2 0  4.6  84    0    0 235 -331  1
3856500 2933500 10 12  2   4.6 1024  81  4.2 0  4.6  87    0    0 229 -329  1
3856500 2933500 10 12  3   4.3 1025  83  4.4 0  4.6  89    0    0 229 -327  1
3856500 2933500 10 12  4   4.1 1025  84  4.2 0  4.6  90    0    0 228 -326  1
3856500 2933500 10 12  5   3.0 1025  76  4.9 0  4.5  93    0    0 225 -325  1
3856500 2933500 10 12  6   3.2 1025  75  5.2 1  4.4  94    0    0 228 -324  1
3856500 2933500 10 12  7   3.0 1025  77  5.3 0  4.4  94    0    0 227 -323  1
3856500 2933500 10 12  8   3.6 1026  79  4.2 0  4.5  94   17   38 221 -323  1
3856500 2933500 10 12  9   6.4 1027  97  6.5 0  4.7  88  123   69 225 -326  1
3856500 2933500 10 12 10   7.6 1027 104  7.4 1  4.9  80  249   73 235 -336  1
3856500 2933500 10 12 11   9.0 1027  97  8.4 1  4.9  72  354   68 243 -349  1
3856500 2933500 10 12 12  10.0 1027  99  9.3 0  4.6  63  405   77 242 -361  1
3856500 2933500 10 12 13  11.0 1027 110  9.8 1  4.3  55  389   86 244 -371  1
3856500 2933500 10 12 14  11.1 1027 115  8.9 0  4.0  50  372   70 246 -376  1
3856500 2933500 10 12 15  11.4 1026 101  9.0 0  3.9  48  320   56 242 -377  1
3856500 2933500 10 12 16  11.0 1026 104  9.0 0  3.9  48  203   56 243 -372  1
3856500 2933500 10 12 17  10.2 1026  98  7.4 0  4.0  51   80   44 242 -364  1
3856500 2933500 10 12 18   8.6 1026  92  7.1 0  4.1  56    8   10 238 -354  1
3856500 2933500 10 12 19   7.6 1026  85  6.6 0  4.1  62    0    0 232 -345  1
3856500 2933500 10 12 20   7.3 1026  91  6.7 0  4.1  63    0    0 230 -340  1
3856500 2933500 10 12 21   6.8 1026  94  6.5 0  4.0  66    0    0 235 -336  1
3856500 2933500 10 12 22   6.3 1026  97  6.4 0  4.0  67    0    0 235 -333  1
3856500 2933500 10 12 23   6.5 1027 118  5.5 1  4.5  73    0    0 228 -330  1
3856500 2933500 10 12 24   6.9 1027 146  4.5 1  5.2  80    0    0 227 -327  1
3856500 2933500 10 13  1   7.7 1026 178  3.4 2  6.0  89    0    0 303 -363  1
3856500 2933500 10 13  2   8.6 1026 206  2.6 3  6.7  95    0    0 297 -361  1
3856500 2933500 10 13  3   9.6 1026 227  2.2 4  7.3 100    0    0 297 -359  1
3856500 2933500 10 13  4  10.0 1026 232  2.5 4  7.5 100    0    0 305 -357  1
3856500 2933500 10 13  5  10.3 1025 232  2.5 5  7.7 100    0    0 317 -356  1
3856500 2933500 10 13  6  11.2 1025 247  3.4 7  8.1 100    0    0 326 -355  1
3856500 2933500 10 13  7  11.0 1025 243  2.1 8  8.2 100    0    0 330 -354  1
3856500 2933500 10 13  8  11.2 1025 239  3.6 8  8.2 100    0   18 333 -353  1
3856500 2933500 10 13  9  11.7 1026 242  2.3 6  8.4 100    0   65 330 -358  1
3856500 2933500 10 13 10  12.4 1026 233  3.9 7  8.6  99    1  111 330 -370  1
3856500 2933500 10 13 11  13.3 1026 249  3.4 7  8.7  95    3  152 337 -385  1
3856500 2933500 10 13 12  14.3 1026 257  2.9 5  8.4  87   34  221 336 -400  1
3856500 2933500 10 13 13  15.1 1026 239  4.3 5  8.2  80   34  211 334 -412  1
3856500 2933500 10 13 14  15.0 1026 243  4.5 3  8.2  78  135  223 331 -418  1
3856500 2933500 10 13 15  15.4 1026 223  4.7 4  8.2  77  101  183 330 -419  1
3856500 2933500 10 13 16  15.5 1026 230  4.2 3  8.2  76   89  126 332 -414  1
3856500 2933500 10 13 17  14.6 1025 244  2.9 4  8.1  77   33   61 330 -404  1
3856500 2933500 10 13 18  12.0 1025 198  2.0 2  7.9  84    0    7 322 -391  1
3856500 2933500 10 13 19  10.4 1025 194  2.0 4  7.6  93    0    0 315 -380  1
3856500 2933500 10 13 20   9.8 1025 187  2.3 3  7.4  96    0    0 315 -375  1
3856500 2933500 10 13 21   9.8 1025 187  2.7 2  7.4  98    0    0 308 -373  1
3856500 2933500 10 13 22   9.2 1024 215  2.3 0  7.3  99    0    0 297 -371  1
3856500 2933500 10 13 23   9.1 1024 191  2.3 1  7.2 100    0    0 292 -370  1
3856500 2933500 10 13 24   8.4 1024 179  2.2 3  6.9 100    0    0 299 -369  1
3856500 2933500 10 14  1   8.2 1023 176  2.1 1  6.7 100    0    0 296 -368  1
3856500 2933500 10 14  2   8.5 1022 178  2.5 2  6.8 100    0    0 295 -368  1
3856500 2933500 10 14  3   8.9 1022 183  2.7 6  7.0 100    0    0 310 -368  1
3856500 2933500 10 14  4   9.6 1021 189  2.7 8  7.2 100    0    0 329 -367  1
3856500 2933500 10 14  5  10.1 1021 181  2.7 8  7.5 100    0    0 336 -366  1
3856500 2933500 10 14  6  10.3 1020 186  2.7 8  7.7 100    0    0 336 -366  1
3856500 2933500 10 14  7  10.6 1019 182  3.1 8  7.9 100    0    0 334 -366  1
3856500 2933500 10 14  8  11.1 1019 186  3.1 8  8.1 100    0   25 333 -366  1
3856500 2933500 10 14  9  11.7 1019 191  2.9 7  8.4 100    7   91 333 -371  1
3856500 2933500 10 14 10  12.5 1019 205  4.6 3  8.8 100   67  165 323 -382  1
3856500 2933500 10 14 11  14.6 1018 194  4.4 4  9.5  98  195  187 322 -397  1
3856500 2933500 10 14 12  17.0 1018 209  5.4 4 10.1  90  192  213 334 -411  1
3856500 2933500 10 14 13  17.8 1017 210  4.9 5 10.0  81   65  220 343 -421  1
3856500 2933500 10 14 14  18.0 1016 210  4.6 7  9.9  77    0   86 354 -429  1
3856500 2933500 10 14 15  18.2 1016 211  4.5 7 10.0  77    2  116 363 -431  1
3856500 2933500 10 14 16  17.9 1015 215  4.4 6 10.2  78   19  104 363 -428  1
3856500 2933500 10 14 17  17.9 1015 208  4.2 7 10.3  80    1   38 366 -421  1
3856500 2933500 10 14 18  17.2 1015 208  3.1 8 10.4  83    0    1 374 -411  1
3856500 2933500 10 14 19  17.0 1014 211  3.3 7 10.4  85    0    0 375 -406  1
3856500 2933500 10 14 20  16.9 1015 235  4.2 7 10.5  87    0    0 373 -404  1
3856500 2933500 10 14 21  16.5 1015 241  4.8 6 10.3  87    0    0 370 -403  1
3856500 2933500 10 14 22  16.0 1015 273  4.3 6 10.2  88    0    0 365 -400  1
3856500 2933500 10 14 23  16.1 1015 257  3.7 7 10.4  91    0    0 368 -397  1
3856500 2933500 10 14 24  15.2 1015 264  4.2 8 10.3  93    0    0 373 -392  1
3856500 2933500 10 15  1  15.1 1016 253  3.7 8 10.2  95    0    0 373 -387  1
3856500 2933500 10 15  2  14.9 1016 267  4.5 8 10.1  94    0    0 371 -383  1
3856500 2933500 10 15  3  14.4 1016 270  4.8 8  9.7  93    0    0 371 -380  1
3856500 2933500 10 15  4  13.8 1016 274  4.0 7  9.4  93    0    0 365 -378  1
3856500 2933500 10 15  5  13.4 1017 261  3.7 7  9.1  94    0    0 358 -376  1
3856500 2933500 10 15  6  13.2 1017 258  3.1 7  8.9  93    0    0 356 -374  1
3856500 2933500 10 15  7  12.8 1017 252  3.0 7  8.7  94    0    0 353 -374  1
3856500 2933500 10 15  8  13.1 1017 246  2.9 6  8.7  94    3   34 343 -374  1
3856500 2933500 10 15  9  13.7 1018 243  3.0 5  8.9  93    5   88 324 -379  1
3856500 2933500 10 15 10  14.3 1018 256  3.1 6  9.1  91    5  127 326 -386  1
3856500 2933500 10 15 11  14.8 1019 263  3.7 7  9.1  88    0  120 346 -396  1
3856500 2933500 10 15 12  15.4 1019 264  3.7 7  9.0  85    0  125 359 -407  1
3856500 2933500 10 15 13  15.2 1019 270  4.3 6  8.8  82    0  115 354 -414  1
3856500 2933500 10 15 14  15.8 1019 289  4.4 7  8.6  79    0  111 355 -418  1
3856500 2933500 10 15 15  15.1 1019 292  5.6 4  8.3  76   61  184 343 -419  1
3856500 2933500 10 15 16  14.5 1019 292  4.2 5  7.9  75   25  116 329 -416  1
3856500 2933500 10 15 17  13.5 1019 289  4.3 7  7.6  77    9   48 343 -409  1
3856500 2933500 10 15 18  11.5 1019 263  2.8 6  7.2  80    0    2 343 -400  1
3856500 2933500 10 15 19  10.4 1019 253  1.7 6  7.0  86    0    0 331 -392  1
3856500 2933500 10 15 20   9.3 1020 236  2.1 5  6.8  91    0    0 320 -388  1
3856500 2933500 10 15 21   9.7 1020 224  1.4 5  6.8  92    0    0 311 -387  1
3856500 2933500 10 15 22  10.2 1020 186  1.0 7  6.9  91    0    0 324 -387  1
3856500 2933500 10 15 23  10.0 1019 180  1.2 7  7.0  92    0    0 338 -387  1
3856500 2933500 10 15 24   9.9 1019 171  2.0 7  7.0  92    0    0 340 -386  1
3856500 2933500 10 16  1  10.4 1018 174  2.5 7  7.0  91    0    0 342 -386  1
3856500 2933500 10 16  2  10.1 1018 161  2.9 8  7.1  91    0    0 351 -386  1
3856500 2933500 10 16  3  10.3 1017 172  3.5 8  7.3  94    0    0 359 -387  1
3856500 2933500 10 16  4  10.2 1017 188  3.1 8  7.5  97    0    0 362 -387  1
3856500 2933500 10 16  5  10.5 1016 197  5.0 8  7.6  98    0    0 365 -389  1
3856500 2933500 10 16  6  10.7 1015 189  4.4 8  7.6  96    0    0 368 -391  1
3856500 2933500 10 16  7  11.2 1015 198  4.6 7  7.8  96    0    0 364 -393  1
3856500 2933500 10 16  8  11.6 1014 196  4.8 8  8.1  97    0   14 366 -394  1
3856500 2933500 10 16  9  12.4 1014 199  5.6 7  8.4  96    7   95 368 -394  1
3856500 2933500 10 16 10  13.5 1014 208  6.4 7  8.6  92    1  113 366 -394  1
3856500 2933500 10 16 11  14.0 1013 212  6.4 7  8.8  90    0   90 370 -395  1
3856500 2933500 10 16 12  14.5 1013 223  6.3 8  9.0  88    0   73 377 -396  1
3856500 2933500 10 16 13  13.9 1013 217  5.1 8  9.2  90    0  101 381 -395  1
3856500 2933500 10 16 14  14.3 1012 225  6.0 7  9.3  92    0   65 378 -394  1
3856500 2933500 10 16 15  14.1 1012 219  5.4 8  9.3  92    0   51 379 -396  1
3856500 2933500 10 16 16  14.3 1011 214  5.0 8  9.4  92    0   40 381 -397  1
3856500 2933500 10 16 17  14.2 1010 200  5.1 8  9.4  92    0   28 379 -395  1
3856500 2933500 10 16 18  14.0 1009 192  5.4 7  9.3  92    0    0 372 -392  1
3856500 2933500 10 16 19  13.5 1008 186  6.9 8  9.4  95    0    0 368 -389  1
3856500 2933500 10 16 20  13.3 1007 200  7.6 8  9.5  98    0    0 369 -386  1
3856500 2933500 10 16 21  13.7 1006 225  5.8 7  9.5  97    0    0 364 -384  1
3856500 2933500 10 16 22  13.8 1006 246  4.8 8  9.5  96    0    0 363 -383  1
3856500 2933500 10 16 23  13.7 1006 258  5.1 8  9.4  95    0    0 367 -380  1
3856500 2933500 10 16 24  12.9 1006 250  4.0 7  9.0  94    0    0 358 -376  1
3856500 2933500 10 17  1  12.5 1006 271  6.5 7  8.5  92    0    0 349 -374  1
3856500 2933500 10 17  2  11.4 1007 273  6.2 7  8.1  92    0    0 342 -371  1
3856500 2933500 10 17  3  10.9 1007 266  5.1 8  7.5  90    0    0 340 -368  1
3856500 2933500 10 17  4   9.8 1007 250  4.2 6  7.0  89    0    0 327 -364  1
3856500 2933500 10 17  5   9.2 1007 232  3.7 3  6.8  91    0    0 291 -361  1
3856500 2933500 10 17  6   9.3 1007 227  3.8 3  6.8  93    0    0 268 -361  1
3856500 2933500 10 17  7   9.2 1007 216  4.2 5  6.9  94    0    0 281 -361  1
3856500 2933500 10 17  8   9.6 1007 216  4.7 6  7.0  94    2   29 301 -360  1
3856500 2933500 10 17  9  10.7 1007 227  4.9 4  7.2  92    6   81 299 -362  1
3856500 2933500 10 17 10  10.7 1007 264  4.8 8  7.2  90    0   38 312 -369  1
3856500 2933500 10 17 11   9.8 1006 252  4.8 7  7.2  92    0   89 328 -375  1
3856500 2933500 10 17 12  10.2 1006 234  6.9 5  7.1  93   46  204 311 -377  1
3856500 2933500 10 17 13  11.2 1006 261  5.4 4  7.0  87   81  206 300 -377  1
3856500 2933500 10 17 14  10.3 1006 268  5.7 7  6.6  81    0  119 312 -379  1
3856500 2933500 10 17 15   9.4 1006 291  6.2 7  6.3  82   12  128 326 -376  1
3856500 2933500 10 17 16  10.4 1006 270  7.2 6  6.4  83   68   98 321 -374  1
3856500 2933500 10 17 17   9.9 1007 274  5.5 5  6.3  81    0    6 312 -370  1
3856500 2933500 10 17 18   8.9 1007 268  4.9 5  6.1  82    0    0 304 -362  1
3856500 2933500 10 17 19   8.8 1007 261  4.9 6  6.0  84    0    0 305 -355  1
3856500 2933500 10 17 20   8.5 1008 256  6.4 6  6.0  85    0    0 307 -352  1
3856500 2933500 10 17 21   8.6 1009 266  6.2 5  6.0  86    0    0 301 -351  1
3856500 2933500 10 17 22   8.4 1009 259  6.6 6  6.0  87    0    0 301 -348  1
3856500 2933500 10 17 23   8.2 1009 246  5.7 6  6.0  88    0    0 306 -348  1
3856500 2933500 10 17 24   8.7 1010 238  6.3 3  6.0  87    0    0 292 -348  1
3856500 2933500 10 18  1   8.4 1010 248  6.3 2  5.9  85    0    0 272 -348  1
3856500 2933500 10 18  2   8.1 1011 251  5.9 3  5.9  86    0    0 270 -349  1
3856500 2933500 10 18  3   8.3 1011 248  5.6 3  5.9  87    0    0 275 -350  1
3856500 2933500 10 18  4   8.1 1011 251  3.8 4  5.8  86    0    0 281 -351  1
3856500 2933500 10 18  5   8.1 1011 262  5.3 5  5.8  86    0    0 292 -354  1
3856500 2933500 10 18  6   7.9 1012 263  7.2 4  5.7  85    0    0 293 -355  1
3856500 2933500 10 18  7   7.8 1012 262  5.7 4  5.7  86    0    0 290 -354  1
3856500 2933500 10 18  8   8.3 1012 267  5.5 5  5.8  86    1   28 296 -355  1
3856500 2933500 10 18  9   8.7 1013 263  4.1 3  6.0  86   62   90 293 -357  1
3856500 2933500 10 18 10  10.0 1013 278  5.1 2  6.2  85  148  126 281 -362  1
3856500 2933500 10 18 11  11.5 1014 281  6.2 2  6.4  80  184  163 282 -373  1
3856500 2933500 10 18 12  12.6 1015 290  7.3 2  6.5  74  184  191 287 -384  1
3856500 2933500 10 18 13  13.0 1015 296  7.9 2  6.6  72   99  210 291 -391  1
3856500 2933500 10 18 14  12.6 1015 307  7.1 2  6.4  70  115  191 290 -394  1
3856500 2933500 10 18 15  12.5 1016 296  7.4 1  6.1  67  199  120 283 -393  1
3856500 2933500 10 18 16  12.5 1016 286  5.8 2  5.8  65  103   94 281 -387  1
3856500 2933500 10 18 17  11.1 1017 287  6.3 2  5.8  68   29   46 282 -377  1
3856500 2933500 10 18 18  10.3 1017 277  3.7 1  6.0  76    0    0 275 -368  1
3856500 2933500 10 18 19   8.9 1018 253  3.3 4  6.0  81    0    0 280 -363  1
3856500 2933500 10 18 20   8.8 1018 252  3.2 5  6.0  85    0    0 296 -357  1
3856500 2933500 10 18 21   8.3 1019 233  2.4 6  6.0  88    0    0 306 -352  1
3856500 2933500 10 18 22   8.1 1019 229  2.6 6  6.1  90    0    0 309 -348  1
3856500 2933500 10 18 23   8.2 1019 224  3.2 7  6.1  91    0    0 309 -345  1
3856500 2933500 10 18 24   8.7 1019 235  3.2 8  6.1  89    0    0 311 -341  1
3856500 2933500 10 19  1   8.4 1019 230  2.8 5  6.1  89    0    0 298 -338  1
3856500 2933500 10 19  2   8.4 1019 222  3.1 5  6.0  88    0    0 282 -336  1
3856500 2933500 10 19  3   8.1 1019 221  3.2 7  6.0  89    0    0 285 -335  1
3856500 2933500 10 19  4   7.7 1018 217  3.4 5  6.0  90    0    0 282 -333  1
3856500 2933500 10 19  5   7.3 1018 216  3.7 6  5.9  92    0    0 276 -332  1
3856500 2933500 10 19  6   7.1 1018 211  3.8 6  5.8  92    0    0 279 -331  1
3856500 2933500 10 19  7   6.7 1018 205  3.6 7  5.7  93    0    0 283 -330  1
3856500 2933500 10 19  8   7.1 1018 212  4.0 7  5.7  93    0   12 288 -332  1
3856500 2933500 10 19  9   7.8 1018 215  4.2 8  5.9  92    0   46 294 -338  1
3856500 2933500 10 19 10   8.9 1018 216  4.5 7  6.1  89    6  116 296 -347  1
3856500 2933500 10 19 11   9.9 1017 213  4.6 8  6.2  85    2  125 297 -358  1
3856500 2933500 10 19 12  10.1 1017 220  5.1 8  6.3  83    0  112 302 -368  1
3856500 2933500 10 19 13  10.4 1017 216  5.9 8  6.3  82    0   78 303 -376  1
3856500 2933500 10 19 14  11.0 1017 226  5.5 8  6.5  81    1  128 307 -383  1
3856500 2933500 10 19 15  12.5 1016 231  5.7 4  6.6  77  228   82 300 -384  1
3856500 2933500 10 19 16  12.3 1016 221  5.3 6  6.6  74   68   85 297 -381  1
3856500 2933500 10 19 17  11.4 1016 229  4.7 5  6.7  78    6   34 300 -372  1
3856500 2933500 10 19 18  11.1 1016 226  4.7 7  6.8  82    0    0 302 -361  1
3856500 2933500 10 19 19  10.4 1016 219  5.3 8  6.8  84    0    0 309 -352  1
3856500 2933500 10 19 20  10.4 1016 225  5.3 8  6.8  86    0    0 313 -347  1
3856500 2933500 10 19 21  10.5 1016 231  5.8 6  6.8  86    0    0 308 -344  1
3856500 2933500 10 19 22  10.1 1016 233  5.2 6  6.7  86    0    0 301 -342  1
3856500 2933500 10 19 23  10.0 1016 236  5.6 6  6.8  88    0    0 302 -339  1
3856500 2933500 10 19 24  10.0 1016 236  5.7 7  6.8  89    0    0 306 -337  1
3856500 2933500 10 20  1   9.8 1016 231  4.8 6  6.8  90    0    0 305 -336  1
3856500 2933500 10 20  2   9.8 1016 234  4.6 7  6.8  90    0    0 302 -337  1
3856500 2933500 10 20  3   9.4 1016 236  4.8 4  6.8  91    0    0 294 -339  1
3856500 2933500 10 20  4   9.5 1016 237  5.2 3  6.8  92    0    0 280 -339  1
3856500 2933500 10 20  5   9.6 1016 233  5.1 7  6.8  92    0    0 288 -339  1
3856500 2933500 10 20  6   9.8 1017 236  4.8 7  6.9  92    0    0 302 -340  1
3856500 2933500 10 20  7   9.9 1017 229  4.8 7  6.9  92    0    0 302 -340  1
3856500 2933500 10 20  8   9.9 1017 222  4.5 7  7.0  92    0   16 304 -341  1
3856500 2933500 10 20  9  10.5 1018 234  5.1 7  7.2  93    4   66 305 -345  1
3856500 2933500 10 20 10  11.4 1019 234  5.5 6  7.4  91   32  119 304 -352  1
3856500 2933500 10 20 11  12.2 1019 230  5.4 6  7.6  88   42  155 304 -364  1
3856500 2933500 10 20 12  12.6 1019 233  6.1 8  7.8  87    3  140 313 -376  1
3856500 2933500 10 20 13  13.2 1019 237  6.0 8  7.9  85    0  109 321 -385  1
3856500 2933500 10 20 14  13.7 1019 238  5.8 7  7.9  82   21  146 321 -389  1
3856500 2933500 10 20 15  14.0 1019 234  5.6 7  7.9  80   36  119 320 -390  1
3856500 2933500 10 20 16  14.0 1019 233  5.3 6  7.8  78   50   72 318 -387  1
3856500 2933500 10 20 17  13.4 1018 216  3.8 6  7.6  78   18   28 317 -379  1
3856500 2933500 10 20 18  12.8 1018 209  3.9 6  7.4  79    0    0 317 -369  1
3856500 2933500 10 20 19  12.0 1018 211  3.9 7  7.1  80    0    0 314 -360  1
3856500 2933500 10 20 20  11.9 1018 206  4.1 7  7.0  81    0    0 312 -354  1
3856500 2933500 10 20 21  11.9 1018 205  4.3 7  7.1  82    0    0 310 -350  1
3856500 2933500 10 20 22  11.8 1018 201  4.5 5  7.1  82    0    0 305 -345  1
3856500 2933500 10 20 23  11.1 1018 203  4.4 4  6.9  82    0    0 300 -342  1
3856500 2933500 10 20 24  10.6 1018 209  4.7 5  6.7  83    0    0 295 -340  1
3856500 2933500 10 21  1  10.1 1017 203  5.0 6  6.5  83    0    0 295 -339  1
3856500 2933500 10 21  2  10.0 1017 200  4.9 5  6.3  83    0    0 294 -337  1
3856500 2933500 10 21  3   9.3 1016 198  5.0 3  6.2  83    0    0 284 -336  1
3856500 2933500 10 21  4   8.8 1015 195  4.9 4  6.0  84    0    0 279 -334  1
3856500 2933500 10 21  5   8.1 1015 191  4.6 3  5.9  85    0    0 276 -333  1
3856500 2933500 10 21  6   7.6 1014 195  4.9 2  5.8  88    0    0 269 -331  1
3856500 2933500 10 21  7   7.6 1014 193  4.9 4  5.7  87    0    0 271 -330  1
3856500 2933500 10 21  8   7.9 1013 195  5.0 4  5.6  86    4   27 276 -329  1
3856500 2933500 10 21  9   8.8 1013 191  6.1 3  5.7  83   61   82 275 -331  1
3856500 2933500 10 21 10  10.9 1013 203  6.9 3  5.9  78  149  115 277 -340  1
3856500 2933500 10 21 11  11.8 1012 196  6.6 3  6.2  74  220  132 282 -354  1
3856500 2933500 10 21 12  13.6 1011 212  8.2 3  6.4  70  257  140 287 -369  1
3856500 2933500 10 21 13  14.6 1011 206  7.5 3  6.5  64  276  135 294 -380  1
3856500 2933500 10 21 14  15.3 1010 206  7.4 3  6.4  61  269  119 299 -387  1
3856500 2933500 10 21 15  16.4 1009 205  6.5 3  6.3  56  198  105 306 -390  1
3856500 2933500 10 21 16  15.9 1008 201  6.2 4  6.2  54   69   88 313 -388  1
3856500 2933500 10 21 17  14.7 1008 200  5.8 6  6.5  60   20   36 324 -381  1
3856500 2933500 10 21 18  14.2 1007 208  3.9 7  7.1  69    0    0 337 -376  1
3856500 2933500 10 21 19  13.9 1007 199  3.8 6  7.6  75    0    0 343 -376  1
3856500 2933500 10 21 20  13.8 1007 199  4.4 6  7.9  79    0    0 345 -380  1
3856500 2933500 10 21 21  13.8 1007 187  5.2 7  8.1  81    0    0 352 -383  1
3856500 2933500 10 21 22  13.6 1006 202  5.0 8  8.1  83    0    0 361 -385  1
3856500 2933500 10 21 23  13.6 1006 210  5.0 8  8.3  85    0    0 366 -385  1
3856500 2933500 10 21 24  13.9 1005 202  4.9 7  8.4  85    0    0 365 -384  1
3856500 2933500 10 22  1  14.1 1004 206  5.9 5  8.4  84    0    0 356 -383  1
3856500 2933500 10 22  2  14.5 1004 205  6.0 6  8.5  83    0    0 354 -383  1
3856500 2933500 10 22  3  14.1 1003 193  5.8 8  8.6  84    0    0 366 -384  1
3856500 2933500 10 22  4  14.1 1003 215  5.2 7  8.6  85    0    0 368 -384  1
3856500 2933500 10 22  5  11.9 1003 284  7.1 8  8.4  88    0    0 363 -384  1
3856500 2933500 10 22  6  11.5 1004 253  6.0 8  8.2  94    0    0 363 -382  1
3856500 2933500 10 22  7  10.7 1004 264  5.0 7  7.9  95    0    0 358 -379  1
3856500 2933500 10 22  8  10.3 1004 238  5.8 7  7.5  94    0   12 351 -376  1
3856500 2933500 10 22  9  10.5 1005 230  6.8 8  7.4  93    0   32 355 -374  1
3856500 2933500 10 22 10  11.1 1005 227  4.3 8  7.4  91    0   59 360 -373  1
3856500 2933500 10 22 11  11.2 1006 229  7.2 8  7.4  88    0   55 361 -374  1
3856500 2933500 10 22 12  11.0 1007 236  7.1 8  7.3  88    0   82 361 -378  1
3856500 2933500 10 22 13  11.7 1007 226  8.3 8  7.4  88    0  118 361 -381  1
3856500 2933500 10 22 14  11.9 1007 234  6.4 7  7.5  86   52  125 357 -381  1
3856500 2933500 10 22 15  12.0 1008 254  7.7 7  7.0  80   20  102 349 -382  1
3856500 2933500 10 22 16  11.8 1008 252  7.2 7  6.7  77    5   63 345 -381  1
3856500 2933500 10 22 17  11.2 1009 257  4.9 6  6.6  78    2   21 332 -375  1
3856500 2933500 10 22 18  10.2 1010 238  4.4 5  6.3  79    0    0 305 -364  1
3856500 2933500 10 22 19   9.5 1010 229  4.3 7  6.1  80    0    0 305 -355  1
3856500 2933500 10 22 20   8.8 1011 238  4.0 7  6.0  82    0    0 319 -350  1
3856500 2933500 10 22 21   8.3 1012 219  3.7 6  5.8  84    0    0 303 -347  1
3856500 2933500 10 22 22   7.8 1013 215  3.4 5  5.7  85    0    0 275 -344  1
3856500 2933500 10 22 23   7.4 1014 217  3.1 5  5.6  87    0    0 259 -342  1
3856500 2933500 10 22 24   7.3 1015 224  3.2 5  5.6  87    0    0 257 -340  1
3856500 2933500 10 23  1   6.6 1015 215  3.0 5  5.5  89    0    0 257 -338  1
3856500 2933500 10 23  2   6.5 1015 224  3.0 4  5.5  91    0    0 247 -337  1
3856500 2933500 10 23  3   5.8 1016 214  3.0 4  5.4  93    0    0 228 -336  1
3856500 2933500 10 23  4   5.5 1016 210  2.6 5  5.4  96    0    0 229 -335  1
3856500 2933500 10 23  5   5.5 1016 205  3.0 6  5.4  96    0    0 253 -334  1
3856500 2933500 10 23  6   6.0 1017 209  3.2 6  5.4  94    0    0 265 -333  1
3856500 2933500 10 23  7   5.2 1017 209  3.2 7  5.3  94    0    0 275 -331  1
3856500 2933500 10 23  8   5.7 1018 205  3.2 7  5.3  95    0   18 284 -330  1
3856500 2933500 10 23  9   6.5 1019 202  3.4 5  5.3  92   16   76 269 -331  1
3856500 2933500 10 23 10   7.8 1019 211  3.7 3  5.5  88  132  106 245 -339  1
3856500 2933500 10 23 11   9.0 1020 209  4.0 7  5.6  82   38  165 268 -352  1
3856500 2933500 10 23 12  10.0 1020 224  4.0 8  5.6  76    0  122 308 -366  1
3856500 2933500 10 23 13  11.1 1020 228  4.5 6  5.5  69   44  182 306 -377  1
3856500 2933500 10 23 14  11.2 1020 237  5.2 5  5.5  67  114  163 293 -382  1
3856500 2933500 10 23 15  11.5 1021 241  4.9 6  5.6  67   65  130 296 -381  1
3856500 2933500 10 23 16  11.3 1021 238  3.8 3  5.6  67   82   75 288 -374  1
3856500 2933500 10 23 17  10.4 1021 220  3.1 4  5.6  70   24   31 276 -363  1
3856500 2933500 10 23 18   8.6 1021 207  2.7 3  5.7  77    0    0 273 -350  1
3856500 2933500 10 23 19   8.4 1022 215  3.3 3  5.7  84    0    0 267 -341  1
3856500 2933500 10 23 20   7.8 1023 213  3.1 4  5.8  86    0    0 272 -336  1
3856500 2933500 10 23 21   7.2 1024 224  3.3 2  5.7  89    0    0 267 -333  1
3856500 2933500 10 23 22   6.8 1024 219  3.7 1  5.6  91    0    0 252 -332  1
3856500 2933500 10 23 23   6.5 1024 226  3.3 2  5.7  94    0    0 252 -330  1
3856500 2933500 10 23 24   6.1 1025 221  3.5 4  5.6  95    0    0 265 -328  1
3856500 2933500 10 24  1   5.9 1025 224  3.3 1  5.4  94    0    0 260 -327  1
3856500 2933500 10 24  2   5.6 1025 222  3.3 0  5.3  93    0    0 239 -326  1
3856500 2933500 10 24  3   5.1 1026 217  3.1 1  5.2  95    0    0 237 -325  1
3856500 2933500 10 24  4   4.6 1026 228  3.0 0  5.1  96    0    0 233 -324  1
3856500 2933500 10 24  5   4.0 1026 208  3.1 0  4.9  97    0    0 224 -323  1
3856500 2933500 10 24  6   4.0 1026 196  3.3 1  4.9  98    0    0 228 -322  1
3856500 2933500 10 24  7   4.5 1026 194  3.5 3  4.9  97    0    0 245 -321  1
3856500 2933500 10 24  8   4.2 1026 191  3.4 4  5.0  98    4   22 262 -320  1
3856500 2933500 10 24  9   5.6 1026 191  3.8 2  5.2  98   53   70 257 -322  1
3856500 2933500 10 24 10   7.7 1027 197  4.4 3  5.6  93  113  111 255 -330  1
3856500 2933500 10 24 11   9.4 1027 200  5.1 4  6.0  88  143  147 271 -343  1
3856500 2933500 10 24 12  10.9 1026 194  5.7 3  6.4  84  265  112 276 -357  1
3856500 2933500 10 24 13  12.2 1026 198  6.6 2  6.5  78  315   91 269 -367  1
3856500 2933500 10 24 14  12.8 1025 207  6.6 2  6.5  73  273   92 267 -372  1
3856500 2933500 10 24 15  13.0 1025 205  6.7 4  6.4  70   99  125 280 -372  1
3856500 2933500 10 24 16  12.3 1024 200  5.8 4  6.3  70   87   73 292 -368  1
3856500 2933500 10 24 17  11.2 1024 190  5.0 4  6.3  74   20   31 291 -360  1
3856500 2933500 10 24 18  10.3 1023 180  4.3 6  6.1  77    0    0 301 -350  1
3856500 2933500 10 24 19   9.6 1023 181  4.8 4  6.0  79    0    0 301 -342  1
3856500 2933500 10 24 20   9.1 1023 181  5.6 4  5.9  81    0    0 290 -338  1
3856500 2933500 10 24 21   8.6 1023 183  5.5 6  5.8  83    0    0 300 -336  1
3856500 2933500 10 24 22   8.4 1023 186  6.1 4  5.7  83    0    0 300 -334  1
3856500 2933500 10 24 23   8.2 1022 190  6.1 4  5.6  82    0    0 290 -332  1
3856500 2933500 10 24 24   8.6 1022 193  5.8 5  5.5  81    0    0 297 -331  1
3856500 2933500 10 25  1   8.5 1021 191  5.8 6  5.5  80    0    0 308 -330  1
3856500 2933500 10 25  2   8.6 1021 194  5.4 7  5.5  79    0    0 318 -328  1
3856500 2933500 10 25  3   8.7 1021 196  6.1 8  5.4  78    0    0 328 -328  1
3856500 2933500 10 25  4   9.0 1020 194  6.0 7  5.4  77    0    0 328 -327  1
3856500 2933500 10 25  5   8.6 1020 193  5.5 7  5.4  77    0    0 322 -327  1
3856500 2933500 10 25  6   8.4 1020 192  5.5 7  5.4  79    0    0 320 -328  1
3856500 2933500 10 25  7   8.5 1020 187  5.4 7  5.4  79    0    0 319 -331  1
3856500 2933500 10 25  8   8.1 1020 193  4.9 7  5.4  80    0    2 318 -333  1
3856500 2933500 10 25  9   8.2 1020 194  5.2 8  5.6  84    0   24 321 -336  1
3856500 2933500 10 25 10   8.6 1021 195  5.8 8  5.8  85    0   49 329 -343  1
3856500 2933500 10 25 11   9.0 1021 197  5.8 8  5.9  85    0   56 330 -354  1
3856500 2933500 10 25 12   9.5 1021 201  5.7 8  6.1  85    0   46 333 -365  1
3856500 2933500 10 25 13   9.8 1021 207  5.8 8  6.3  85    0   68 335 -373  1
3856500 2933500 10 25 14   9.5 1021 206  5.5 7  6.5  88    0   74 331 -376  1
3856500 2933500 10 25 15   9.5 1021 217  4.5 7  6.8  92    0   55 327 -374  1
3856500 2933500 10 25 16   9.3 1021 214  4.8 7  6.9  94    0   50 326 -368  1
3856500 2933500 10 25 17   9.3 1022 212  4.5 8  7.0  97    5   15 332 -363  1
3856500 2933500 10 25 18   9.5 1022 227  4.1 7  7.1  98    0    0 332 -359  1
3856500 2933500 10 25 19   9.5 1023 229  4.0 8  7.2  99    0    0 334 -357  1
3856500 2933500 10 25 20   9.7 1024 242  3.1 8  7.3  99    0    0 341 -356  1
3856500 2933500 10 25 21   9.6 1025 237  2.2 7  7.4  99    0    0 336 -356  1
3856500 2933500 10 25 22   9.3 1025 239  1.9 6  7.2  99    0    0 324 -357  1
3856500 2933500 10 25 23   9.1 1026 252  2.0 4  7.1  99    0    0 307 -357  1
3856500 2933500 10 25 24   8.6 1027 258  2.5 4  6.9  99    0    0 296 -352  1
3856500 2933500 10 26  1   7.8 1028 270  2.7 2  6.6  99    0    0 283 -344  1
3856500 2933500 10 26  2   7.1 1029 248  1.8 3  6.2  98    0    0 275 -339  1
3856500 2933500 10 26  3   6.6 1029 235  1.9 2  5.9  96    0    0 272 -335  1
3856500 2933500 10 26  4   5.5 1030 222  1.6 2  5.6  97    0    0 264 -332  1
3856500 2933500 10 26  5   5.2 1030 217  1.7 5  5.5 100    0    0 279 -329  1
3856500 2933500 10 26  6   4.7 1030 200  2.3 5  5.3 100    0    0 295 -327  1
3856500 2933500 10 26  7   4.3 1030 202  2.5 4  5.2 100    0    0 287 -325  1
3856500 2933500 10 26  8   3.6 1031 199  2.5 3  5.0 100    2   19 271 -324  1
3856500 2933500 10 26  9   5.6 1031 189  2.8 1  5.1  98   56   64 253 -324  1
3856500 2933500 10 26 10   7.2 1032 203  2.8 1  5.7  97  152   87 246 -332  1
3856500 2933500 10 26 11   9.4 1032 216  3.6 1  6.2  92  237   95 252 -345  1
3856500 2933500 10 26 12  11.3 1032 201  4.7 1  6.3  82  279  103 258 -359  1
3856500 2933500 10 26 13  12.0 1031 208  5.4 1  6.0  72  301   95 262 -370  1
3856500 2933500 10 26 14  12.2 1030 209  5.6 1  5.6  65  256   96 261 -375  1
3856500 2933500 10 26 15  12.3 1029 211  5.5 1  5.5  64  183   88 259 -375  1
3856500 2933500 10 26 16  11.4 1029 204  4.2 2  5.6  66   95   67 261 -369  1
3856500 2933500 10 26 17  10.3 1028 191  3.5 4  5.8  72    6   23 271 -361  1
3856500 2933500 10 26 18  10.0 1028 188  3.1 6  6.0  79    0    0 287 -353  1
3856500 2933500 10 26 19   9.8 1027 196  3.8 6  6.2  83    0    0 297 -349  1
3856500 2933500 10 26 20   9.7 1026 194  4.6 7  6.2  83    0    0 300 -348  1
3856500 2933500 10 26 21   9.7 1026 201  5.3 7  6.2  83    0    0 305 -347  1
3856500 2933500 10 26 22   9.7 1025 202  6.4 8  6.2  84    0    0 311 -347  1
3856500 2933500 10 26 23  10.0 1024 208  6.8 8  6.3  84    0    0 318 -349  1
3856500 2933500 10 26 24   9.9 1023 206  6.5 8  6.2  83    0    0 319 -353  1
3856500 2933500 10 27  1  10.0 1022 208  6.8 7  6.3  83    0    0 315 -357  1
3856500 2933500 10 27  2  10.2 1021 208  7.2 8  6.4  84    0    0 317 -357  1
3856500 2933500 10 27  3  10.4 1020 214  7.0 8  6.6  85    0    0 325 -356  1
3856500 2933500 10 27  4  10.5 1019 217  7.7 8  6.8  86    0    0 324 -354  1
3856500 2933500 10 27  5  10.8 1018 215  8.6 8  6.9  86    0    0 321 -354  1
3856500 2933500 10 27  6  10.9 1017 214  8.3 8  7.0  86    0    0 321 -357  1
3856500 2933500 10 27  7  11.0 1017 219  7.6 8  7.1  87    0    0 324 -360  1
3856500 2933500 10 27  8  11.0 1016 216  7.4 8  7.2  88    0    2 327 -361  1
3856500 2933500 10 27  9  11.0 1016 218  7.1 7  7.4  90    0   34 325 -361  1
3856500 2933500 10 27 10  11.5 1016 214  7.4 8  7.5  90    0   40 325 -361  1
3856500 2933500 10 27 11  11.2 1015 203  7.5 8  7.6  91    0   45 331 -362  1
3856500 2933500 10 27 12  11.3 1014 210  8.0 7  7.8  94    0   74 330 -362  1
3856500 2933500 10 27 13  11.4 1013 220  6.0 7  8.1  96    0   62 334 -363  1
3856500 2933500 10 27 14  11.5 1013 218  5.4 8  8.2  97    0   52 343 -363  1
3856500 2933500 10 27 15  11.8 1012 231  5.1 8  8.2  96    0   43 351 -363  1
3856500 2933500 10 27 16  11.9 1012 228  4.3 7  8.3  96    0   36 354 -364  1
3856500 2933500 10 27 17  11.9 1011 238  4.3 8  8.4  97    0   10 356 -365  1
3856500 2933500 10 27 18  11.8 1011 238  3.7 8  8.5  98    0    0 358 -365  1
3856500 2933500 10 27 19  11.9 1011 234  3.6 8  8.5  97    0    0 359 -366  1
3856500 2933500 10 27 20  11.9 1011 248  4.0 8  8.4  97    0    0 360 -366  1
3856500 2933500 10 27 21  11.7 1011 238  3.9 8  8.4  97    0    0 361 -367  1
3856500 2933500 10 27 22  11.4 1010 243  3.8 8  8.3  97    0    0 361 -367  1
3856500 2933500 10 27 23  10.9 1010 234  3.7 7  8.0  96    0    0 357 -365  1
3856500 2933500 10 27 24  10.6 1009 223  3.2 6  7.7  95    0    0 348 -364  1
3856500 2933500 10 28  1  10.6 1009 236  3.5 7  7.7  96    0    0 346 -363  1
3856500 2933500 10 28  2  10.8 1008 246  3.6 7  7.7  95    0    0 348 -362  1
3856500 2933500 10 28  3   9.9 1008 251  3.2 6  7.4  94    0    0 341 -360  1
3856500 2933500 10 28  4   9.3 1007 228  3.0 5  6.9  92    0    0 327 -358  1
3856500 2933500 10 28  5   8.9 1006 233  2.7 4  6.6  92    0    0 311 -357  1
3856500 2933500 10 28  6   9.0 1006 235  2.7 4  6.7  93    0    0 303 -355  1
3856500 2933500 10 28  7   8.3 1005 232  2.9 6  6.7  95    0    0 310 -352  1
3856500 2933500 10 28  8   8.1 1005 230  2.9 6  6.5  95    0    8 317 -347  1
3856500 2933500 10 28  9   8.1 1005 231  2.8 4  6.3  92   17   77 299 -344  1
3856500 2933500 10 28 10   8.8 1005 235  3.6 4  6.3  91   45  138 280 -349  1
3856500 2933500 10 28 11   9.7 1005 237  4.5 5  6.5  88   22  169 290 -357  1
3856500 2933500 10 28 12  10.2 1005 255  4.9 5  6.4  83   26  193 301 -366  1
3856500 2933500 10 28 13  10.3 1005 270  5.4 3  6.1  78   96  211 286 -369  1
3856500 2933500 10 28 14  10.6 1005 256  5.6 2  5.7  72   85  192 262 -369  1
3856500 2933500 10 28 15  10.0 1004 275  5.6 4  5.4  69   17  132 268 -368  1
3856500 2933500 10 28 16   9.5 1004 263  4.7 3  5.5  72    9   76 275 -364  1
3856500 2933500 10 28 17   8.4 1004 273  3.7 3  5.3  74    4   27 267 -358  1
3856500 2933500 10 28 18   6.9 1004 239  4.0 2  5.0  77    0    0 258 -352  1
3856500 2933500 10 28 19   6.4 1005 254  3.4 4  5.0  81    0    0 265 -347  1
3856500 2933500 10 28 20   5.7 1005 230  3.6 4  5.0  84    0    0 277 -343  1
3856500 2933500 10 28 21   4.9 1005 223  3.9 2  4.9  87    0    0 259 -339  1
3856500 2933500 10 28 22   4.9 1006 225  3.6 2  4.8  89    0    0 240 -334  1
3856500 2933500 10 28 23   4.5 1006 234  4.5 2  4.7  89    0    0 237 -331  1
3856500 2933500 10 28 24   4.2 1006 235  5.1 3  4.7  90    0    0 244 -329  1
3856500 2933500 10 29  1   4.1 1006 225  4.2 1  4.7  91    0    0 236 -327  1
3856500 2933500 10 29  2   3.5 1006 234  4.8 1  4.6  91    0    0 221 -325  1
3856500 2933500 10 29  3   3.3 1006 212  4.2 2  4.5  92    0    0 227 -324  1
3856500 2933500 10 29  4   3.6 1006 208  4.3 4  4.5  93    0    0 248 -323  1
3856500 2933500 10 29  5   3.1 1006 201  3.6 4  4.5  93    0    0 259 -323  1
3856500 2933500 10 29  6   3.0 1006 215  3.5 4  4.5  94    0    0 257 -324  1
3856500 2933500 10 29  7   3.3 1006 215  3.6 4  4.5  94    0    0 254 -324  1
3856500 2933500 10 29  8   3.3 1006 230  3.0 5  4.6  94    0   14 258 -324  1
3856500 2933500 10 29  9   4.2 1007 237  3.0 3  4.7  94   19   66 251 -326  1
3856500 2933500 10 29 10   5.7 1007 232  3.6 3  4.9  91   86  102 240 -333  1
3856500 2933500 10 29 11   6.6 1007 227  4.3 4  5.2  87  117  134 251 -342  1
3856500 2933500 10 29 12   8.0 1007 253  4.6 5  5.4  84   60  173 268 -350  1
3856500 2933500 10 29 13   8.5 1007 237  4.3 6  5.5  80    0   97 284 -355  1
3856500 2933500 10 29 14   8.6 1007 224  5.2 4  5.3  76    0   96 279 -358  1
3856500 2933500 10 29 15   8.0 1006 237  4.4 7  5.3  77    0   58 284 -357  1
3856500 2933500 10 29 16   7.2 1006 232  3.5 7  5.3  82    2   56 298 -351  1
3856500 2933500 10 29 17   6.0 1007 263  4.7 8  5.3  87    0    4 298 -344  1
3856500 2933500 10 29 18   5.4 1007 241  3.0 7  5.3  92    0    0 293 -337  1
3856500 2933500 10 29 19   5.0 1008 219  3.1 8  5.3  95    0    0 289 -330  1
3856500 2933500 10 29 20   4.9 1008 219  2.6 7  5.3  97    0    0 287 -326  1
3856500 2933500 10 29 21   4.4 1009 221  2.6 6  5.2  98    0    0 275 -324  1
3856500 2933500 10 29 22   3.1 1009 227  2.4 5  4.9  99    0    0 262 -321  1
3856500 2933500 10 29 23   2.6 1009 207  2.4 4  4.7 100    0    0 250 -318  1
3856500 2933500 10 29 24   2.4 1009 226  2.1 2  4.6 100    0    0 235 -317  1
3856500 2933500 10 30  1   1.7 1009 225  2.1 3  4.4 100    0    0 232 -317  1
3856500 2933500 10 30  2   1.4 1009 201  1.8 3  4.3 100    0    0 235 -317  1
3856500 2933500 10 30  3   0.9 1009 210  1.9 2  4.1 100    0    0 230 -317  1
3856500 2933500 10 30  4   0.5 1009 220  1.6 2  4.0 100    0    0 223 -317  1
3856500 2933500 10 30  5   0.2 1009 205  2.0 2  3.9 100    0    0 220 -317  1
3856500 2933500 10 30  6   0.5 1009 220  1.9 5  3.9 100    0    0 233 -317  1
3856500 2933500 10 30  7   0.0 1009 201  2.0 6  3.9 100    0    0 253 -317  1
3856500 2933500 10 30  8  -0.3 1009 205  2.0 8  3.8 100    0   13 267 -317  1
3856500 2933500 10 30  9   0.3 1010 205  1.9 6  3.8 100   46   51 266 -317  1
3856500 2933500 10 30 10   1.3 1010 216  2.1 6  4.0 100   70   57 255 -317  1
3856500 2933500 10 30 11   2.2 1010 209  1.9 7  4.3 100   20  108 264 -317  1
3856500 2933500 10 30 12   2.4 1009 207  2.2 6  4.5 100    5  121 267 -317  1
3856500 2933500 10 30 13   3.8 1009 196  1.9 6  4.7 100    0  104 266 -330  1
3856500 2933500 10 30 14   5.3 1008 216  2.5 7  5.0  96   10  110 279 -347  1
3856500 2933500 10 30 15   5.1 1008 217  2.7 7  5.1  92   30   80 289 -350  1
3856500 2933500 10 30 16   4.8 1008 224  2.4 6  5.0  92   51   32 283 -345  1
3856500 2933500 10 30 17   3.8 1007 166  1.7 5  4.8  93   10   12 269 -335  1
3856500 2933500 10 30 18   2.6 1007 192  1.8 4  4.5  94    0    0 252 -325  1
3856500 2933500 10 30 19   1.3 1007 166  1.0 5  4.3  98    0    0 244 -318  1
3856500 2933500 10 30 20   0.7 1007 136  0.9 4  4.1  99    0    0 239 -317  1
3856500 2933500 10 30 21   0.2 1006 168  1.0 2  3.9  99    0    0 220 -317  1
3856500 2933500 10 30 22   0.5 1006 295  1.3 8  3.9 100    0    0 246 -317  1
3856500 2933500 10 30 23  -0.2 1005 117  1.1 8  3.9 100    0    0 281 -317  1
3856500 2933500 10 30 24  -0.5 1005  89  1.2 8  3.7 100    0    0 281 -317  1
3856500 2933500 10 31  1  -0.7 1004  97  0.8 8  3.7 100    0    0 279 -317  1
3856500 2933500 10 31  2  -0.9 1003  96  1.0 8  3.6 100    0    0 278 -317  1
3856500 2933500 10 31  3  -1.0 1003  73  1.2 8  3.6 100    0    0 277 -317  1
3856500 2933500 10 31  4  -1.0 1002  39  1.1 8  3.6 100    0    0 276 -316  1
3856500 2933500 10 31  5  -0.9 1002  50  1.4 8  3.6 100    0    0 277 -315  1
3856500 2933500 10 31  6  -0.1 1001  68  1.8 8  3.7 100    0    0 279 -312  1
3856500 2933500 10 31  7   0.2 1001   7  1.9 8  3.9 100    0    0 282 -310  1
3856500 2933500 10 31  8  -0.2 1000  37  1.5 6  3.8 100    0    7 271 -311  1
3856500 2933500 10 31  9   0.7 1000  44  1.3 7  3.9 100    0   44 267 -313  1
3856500 2933500 10 31 10   1.5 1000 339  1.7 6  4.1 100    1   86 269 -315  1
3856500 2933500 10 31 11   3.2 1000   8  1.5 7  4.5  99    6  122 274 -317  1
3856500 2933500 10 31 12   4.9  999   1  1.6 7  5.1  98    0  119 289 -317  1
3856500 2933500 10 31 13   5.8  999 334  1.9 7  5.4  96    1  126 295 -325  1
3856500 2933500 10 31 14   6.6  999   6  2.1 6  5.4  90   13  133 293 -341  1
3856500 2933500 10 31 15   6.6  999  20  2.3 6  5.1  83    8  101 291 -349  1
3856500 2933500 10 31 16   6.5  999   5  2.8 7  5.0  81    0   47 297 -347  1
3856500 2933500 10 31 17   6.1 1000 350  1.9 7  5.0  83    0    4 303 -342  1
3856500 2933500 10 31 18   5.1 1000 339  1.7 7  4.9  85    0    0 299 -336  1
3856500 2933500 10 31 19   3.8 1000 349  1.0 6  4.8  91    0    0 289 -332  1
3856500 2933500 10 31 20   3.0 1001  45  1.2 6  4.7  96    0    0 282 -331  1
3856500 2933500 10 31 21   2.0 1001  11  1.0 5  4.5  98    0    0 275 -330  1
3856500 2933500 10 31 22   2.2 1001 203  1.3 5  4.4  99    0    0 270 -330  1
3856500 2933500 10 31 23   1.8 1002 237  1.2 6  4.4 100    0    0 276 -330  1
3856500 2933500 10 31 24   2.2 1002 227  1.8 5  4.4  99    0    0 275 -330  1
3856500 2933500 11  1  1   2.2 1003 288  2.1 4  4.4  98    0    0 265 -329  1
3856500 2933500 11  1  2   1.0 1003 210  1.9 4  4.3  99    0    0 259 -328  1
3856500 2933500 11  1  3   0.1 1003 191  1.7 2  4.0 100    0    0 246 -327  1
3856500 2933500 11  1  4   0.4 1004 166  1.6 6  3.9 100    0    0 255 -326  1
3856500 2933500 11  1  5   1.1 1004 191  2.0 6  4.0 100    0    0 275 -326  1
3856500 2933500 11  1  6   1.1 1004 166  1.8 6  4.1 100    0    0 275 -325  1
3856500 2933500 11  1  7   0.9 1005 135  1.9 4  4.1 100    0    0 262 -324  1
3856500 2933500 11  1  8   0.5 1005 107  1.7 5  4.0 100    0   10 255 -323  1
3856500 2933500 11  1  9   1.9 1006 114  2.0 3  4.2 100   62   28 254 -323  1
3856500 2933500 11  1 10   4.3 1007 138  2.8 2  4.5  94  144   48 248 -328  1
3856500 2933500 11  1 11   5.2 1007 131  3.0 5  4.7  88   51  112 266 -337  1
3856500 2933500 11  1 12   5.3 1008 122  3.6 7  4.8  87    0   99 293 -347  1
3856500 2933500 11  1 13   5.6 1008 107  3.2 8  4.8  86    0   83 310 -355  1
3856500 2933500 11  1 14   5.6 1008 105  3.7 6  4.8  84   32  118 305 -358  1
3856500 2933500 11  1 15   5.8 1009 114  3.5 5  4.8  83   87   73 289 -357  1
3856500 2933500 11  1 16   5.6 1009 123  3.0 6  4.9  85   35   46 289 -351  1
3856500 2933500 11  1 17   5.2 1009  99  3.1 6  4.9  88    0   10 292 -341  1
3856500 2933500 11  1 18   4.6 1009  93  2.8 6  4.9  91    0    0 289 -329  1
3856500 2933500 11  1 19   4.4 1010  99  3.1 5  4.8  92    0    0 282 -321  1
3856500 2933500 11  1 20   4.8 1010  99  2.8 6  4.8  91    0    0 282 -318  1
3856500 2933500 11  1 21   4.9 1011  93  3.3 8  4.9  90    0    0 293 -317  1
3856500 2933500 11  1 22   4.9 1011  86  3.1 8  4.9  91    0    0 302 -317  1
3856500 2933500 11  1 23   5.0 1011  76  3.0 7  5.0  92    0    0 297 -317  1
3856500 2933500 11  1 24   4.9 1011  82  3.2 6  5.0  93    0    0 289 -317  1
3856500 2933500 11  2  1   4.7 1011  89  3.0 7  5.0  94    0    0 293 -317  1
3856500 2933500 11  2  2   4.8 1011  72  3.4 8  5.0  94    0    0 300 -317  1
3856500 2933500 11  2  3   4.5 1011  83  4.0 8  5.0  95    0    0 304 -317  1
3856500 2933500 11  2  4   4.5 1011  78  4.5 8  5.0  94    0    0 305 -317  1
3856500 2933500 11  2  5   4.4 1011  64  4.4 8  4.9  94    0    0 305 -317  1
3856500 2933500 11  2  6   4.4 1011  67  4.1 8  4.9  93    0    0 306 -317  1
3856500 2933500 11  2  7   4.8 1011  79  5.3 7  4.8  92    0    0 304 -317  1
3856500 2933500 11  2  8   4.9 1011  74  5.1 8  4.8  89    0    0 306 -317  1
3856500 2933500 11  2  9   5.4 1011  69  5.6 8  4.8  88    0   20 313 -318  1
3856500 2933500 11  2 10   6.1 1012  70  6.1 8  4.9  86    0   35 316 -318  1
3856500 2933500 11  2 11   6.4 1012  72  6.2 7  5.0  85    0   83 313 -318  1
3856500 2933500 11  2 12   6.8 1012  71  6.8 6  5.1  84    6  140 304 -320  1
3856500 2933500 11  2 13   7.5 1011  71  6.9 6  5.2  82   10  154 299 -329  1
3856500 2933500 11  2 14   7.7 1011  68  6.7 7  5.1  78    3  115 305 -336  1
3856500 2933500 11  2 15   7.6 1011  65  6.7 8  5.1  78    0   55 314 -337  1
3856500 2933500 11  2 16   7.4 1011  71  5.4 8  5.2  80    0   31 318 -338  1
3856500 2933500 11  2 17   7.0 1011  76  5.6 8  5.4  85    0    6 316 -337  1
3856500 2933500 11  2 18   6.6 1011  74  5.0 8  5.6  90    0    0 315 -336  1
3856500 2933500 11  2 19   6.5 1011  74  5.3 8  5.7  93    0    0 314 -336  1
3856500 2933500 11  2 20   6.5 1011  74  4.8 8  5.7  94    0    0 314 -336  1
3856500 2933500 11  2 21   6.6 1012  78  4.8 8  5.7  95    0    0 314 -336  1
3856500 2933500 11  2 22   6.7 1012  80  4.3 8  5.8  95    0    0 315 -337  1
3856500 2933500 11  2 23   6.9 1012  78  3.5 7  5.8  94    0    0 310 -338  1
3856500 2933500 11  2 24   6.9 1013  77  3.9 7  5.8  93    0    0 304 -338  1
3856500 2933500 11  3  1   6.7 1013  83  4.1 8  5.7  93    0    0 308 -337  1
3856500 2933500 11  3  2   6.7 1013 108  3.4 7  5.7  93    0    0 308 -337  1
3856500 2933500 11  3  3   6.6 1014 101  3.7 7  5.6  92    0    0 300 -337  1
3856500 2933500 11  3  4   5.9 1014 119  2.4 5  5.5  93    0    0 286 -337  1
3856500 2933500 11  3  5   5.8 1014  52  2.3 5  5.4  94    0    0 272 -337  1
3856500 2933500 11  3  6   5.5 1015  33  3.0 6  5.4  95    0    0 277 -337  1
3856500 2933500 11  3  7   5.3 1015  90  3.8 8  5.4  97    0    0 298 -339  1
3856500 2933500 11  3  8   5.2 1016 122  3.3 8  5.3  96    0    0 315 -343  1
3856500 2933500 11  3  9   5.4 1016 118  3.0 8  5.3  96    2   43 315 -345  1
3856500 2933500 11  3 10   6.6 1017 113  3.7 7  5.5  95   14  105 310 -349  1
3856500 2933500 11  3 11   7.5 1018 135  2.6 6  5.7  92   40  164 300 -354  1
3856500 2933500 11  3 12   8.3 1018 105  2.9 5  5.9  89   74  195 288 -360  1
3856500 2933500 11  3 13   8.5 1019 108  3.4 6  6.0  88   38  184 288 -367  1
3856500 2933500 11  3 14   8.9 1019  94  3.8 5  6.2  90   34  160 288 -371  1
3856500 2933500 11  3 15   8.9 1019 100  2.6 6  6.4  91   14  106 288 -372  1
3856500 2933500 11  3 16   8.8 1019  92  3.3 6  6.4  91    0   34 297 -369  1
3856500 2933500 11  3 17   8.1 1019  83  3.4 6  6.2  91    0    3 297 -363  1
3856500 2933500 11  3 18   7.3 1019  75  3.7 6  6.1  94    0    0 295 -355  1
3856500 2933500 11  3 19   6.6 1019  85  4.5 7  6.0  97    0    0 301 -350  1
3856500 2933500 11  3 20   6.5 1019  72  4.2 6  6.0 100    0    0 301 -347  1
3856500 2933500 11  3 21   6.4 1019  76  4.1 7  6.0 100    0    0 302 -345  1
3856500 2933500 11  3 22   6.5 1019  80  4.2 7  6.0 100    0    0 309 -343  1
3856500 2933500 11  3 23   6.6 1019 102  4.6 8  6.0 100    0    0 317 -341  1
3856500 2933500 11  3 24   6.5 1019  72  3.5 8  6.0 100    0    0 325 -339  1
3856500 2933500 11  4  1   6.8 1019  54  4.5 8  6.1 100    0    0 327 -337  1
3856500 2933500 11  4  2   6.9 1018  64  5.4 7  6.1 100    0    0 320 -337  1
3856500 2933500 11  4  3   6.7 1018  75  5.4 8  6.1 100    0    0 320 -341  1
3856500 2933500 11  4  4   7.0 1018  73  5.2 6  6.1 100    0    0 311 -344  1
3856500 2933500 11  4  5   7.0 1017  82  5.1 8  6.2  99    0    0 314 -345  1
3856500 2933500 11  4  6   7.0 1017  68  4.7 8  6.2  99    0    0 331 -345  1
3856500 2933500 11  4  7   7.1 1017  65  5.0 7  6.2  99    0    0 324 -346  1
3856500 2933500 11  4  8   7.2 1016  65  5.6 8  6.2  99    0    0 325 -348  1
3856500 2933500 11  4  9   7.5 1017  69  5.6 8  6.3  99    0   22 333 -350  1
3856500 2933500 11  4 10   7.8 1017  72  5.5 8  6.4  98    0   22 334 -353  1
3856500 2933500 11  4 11   8.2 1017  81  5.4 8  6.5  97    0   37 335 -358  1
3856500 2933500 11  4 12   8.5 1017  88  6.2 7  6.5  96    0   55 331 -363  1
3856500 2933500 11  4 13   8.9 1016  84  6.0 8  6.6  95    0   50 333 -367  1
3856500 2933500 11  4 14   9.3 1016  79  6.2 8  6.7  93    0   52 340 -370  1
3856500 2933500 11  4 15   9.2 1016  91  4.8 8  6.8  94    0   29 341 -371  1
3856500 2933500 11  4 16   8.9 1016  90  4.6 8  6.8  95    5   51 340 -370  1
3856500 2933500 11  4 17   8.8 1016  96  6.1 8  6.8  96    4   15 339 -368  1
3856500 2933500 11  4 18   8.8 1016  97  4.1 8  6.8  97    0    0 338 -363  1
3856500 2933500 11  4 19   8.8 1016 101  3.9 8  6.8  96    0    0 337 -360  1
3856500 2933500 11  4 20   8.7 1017 101  3.1 7  6.8  96    0    0 331 -361  1
3856500 2933500 11  4 21   8.7 1017  86  3.1 7  6.8  97    0    0 326 -361  1
3856500 2933500 11  4 22   8.6 1017  90  3.4 8  6.8  98    0    0 331 -361  1
3856500 2933500 11  4 23   8.6 1018  93  2.7 6  6.8  97    0    0 325 -359  1
3856500 2933500 11  4 24   8.6 1018  90  2.7 7  6.7  97    0    0 321 -357  1
3856500 2933500 11  5  1   8.5 1018 111  2.1 8  6.7  97    0    0 330 -356  1
3856500 2933500 11  5  2   8.5 1018  81  2.0 5  6.7  98    0    0 320 -357  1
3856500 2933500 11  5  3   8.4 1018  78  1.7 7  6.8  99    0    0 315 -357  1
3856500 2933500 11  5  4   8.4 1019 126  1.2 7  6.8  99    0    0 327 -354  1
3856500 2933500 11  5  5   8.3 1019 117  1.0 6  6.8  99    0    0 324 -355  1
3856500 2933500 11  5  6   8.3 1019 131  0.9 8  6.8 100    0    0 330 -356  1
3856500 2933500 11  5  7   8.2 1019 129  0.9 8  6.8 100    0    0 341 -356  1
3856500 2933500 11  5  8   8.2 1020 127  0.9 8  6.7 100    0    0 341 -356  1
3856500 2933500 11  5  9   8.3 1020 116  1.1 6  6.8 100    0   30 330 -357  1
3856500 2933500 11  5 10   8.5 1020  90  1.5 6  6.8 100    5   58 319 -359  1
3856500 2933500 11  5 11   8.8 1021  93  1.9 7  6.9  99    0   58 325 -363  1
3856500 2933500 11  5 12   9.2 1021 110  1.9 7  6.8  96    0   68 330 -366  1
3856500 2933500 11  5 13   9.3 1021 117  2.3 7  6.8  94    0   62 329 -368  1
3856500 2933500 11  5 14   9.2 1021  65  2.7 7  6.8  94    0   55 328 -370  1
3856500 2933500 11  5 15   9.1 1021  82  2.8 7  6.8  94    0   47 326 -370  1
3856500 2933500 11  5 16   8.8 1021  80  3.2 8  6.7  95    0   32 329 -368  1
3856500 2933500 11  5 17   8.7 1021  84  2.7 8  6.8  97    0    7 333 -365  1
3856500 2933500 11  5 18   8.3 1021 110  2.1 8  6.8  99    0    0 331 -361  1
3856500 2933500 11  5 19   8.4 1021  91  2.4 6  6.8 100    0    0 321 -360  1
3856500 2933500 11  5 20   8.5 1021  77  2.5 8  6.8  99    0    0 321 -359  1
3856500 2933500 11  5 21   8.2 1021  60  2.5 5  6.8  99    0    0 317 -359  1
3856500 2933500 11  5 22   8.3 1021  77  2.9 8  6.8 100    0    0 316 -359  1
3856500 2933500 11  5 23   8.2 1021  69  2.7 8  6.8 100    0    0 337 -358  1
3856500 2933500 11  5 24   8.3 1021  94  4.9 8  6.8 100    0    0 339 -359  1
3856500 2933500 11  6  1   8.4 1021  51  2.7 8  6.8 100    0    0 341 -359  1
3856500 2933500 11  6  2   8.4 1020  66  3.8 6  6.8 100    0    0 331 -359  1
3856500 2933500 11  6  3   8.5 1019  56  4.4 8  6.9 100    0    0 332 -359  1
3856500 2933500 11  6  4   8.7 1019  59  6.1 8  6.9  99    0    0 345 -359  1
3856500 2933500 11  6  5   8.7 1018  55  5.7 8  6.9  99    0    0 346 -358  1
3856500 2933500 11  6  6   8.7 1018  63  6.1 8  6.9  99    0    0 347 -357  1
3856500 2933500 11  6  7   8.7 1018  66  5.6 8  6.9  99    0    0 348 -356  1
3856500 2933500 11  6  8   8.8 1018  68  5.5 8  6.8  97    0    0 349 -355  1
3856500 2933500 11  6  9   8.8 1018  69  6.3 8  6.7  96    0   18 349 -355  1
3856500 2933500 11  6 10   9.0 1018  63  5.4 8  6.7  95    0   16 348 -357  1
3856500 2933500 11  6 11   9.0 1018  71  6.2 7  6.7  93    0   71 340 -360  1
3856500 2933500 11  6 12   9.2 1018  69  6.3 8  6.6  92    0   69 338 -364  1
3856500 2933500 11  6 13   9.5 1017  76  6.2 8  6.6  90    0   35 342 -367  1
3856500 2933500 11  6 14   9.7 1017  65  6.3 8  6.7  90    0   39 341 -368  1
3856500 2933500 11  6 15   9.6 1016  66  5.5 6  6.8  91    0   46 329 -368  1
3856500 2933500 11  6 16   9.6 1016  57  5.5 8  6.9  93    0   32 330 -367  1
3856500 2933500 11  6 17   9.4 1016  67  6.1 8  7.1  96    0    3 340 -365  1
3856500 2933500 11  6 18   9.6 1016  73  5.3 8  7.1  97    0    0 342 -365  1
3856500 2933500 11  6 19   9.5 1016  80  5.7 8  7.1  96    0    0 342 -364  1
3856500 2933500 11  6 20   9.5 1017  90  4.7 8  7.0  95    0    0 343 -364  1
3856500 2933500 11  6 21   9.6 1017  90  4.5 8  6.9  94    0    0 345 -364  1
3856500 2933500 11  6 22   9.5 1017  84  3.6 7  7.0  94    0    0 341 -364  1
3856500 2933500 11  6 23   9.4 1017  75  3.9 7  7.1  96    0    0 338 -364  1
3856500 2933500 11  6 24   9.2 1017  74  3.9 7  7.1  98    0    0 338 -363  1
3856500 2933500 11  7  1   9.2 1017  80  3.7 8  7.1  99    0    0 343 -363  1
3856500 2933500 11  7  2   9.0 1017  92  3.8 8  7.1  99    0    0 347 -363  1
3856500 2933500 11  7  3   9.0 1016  93  3.2 7  7.1  99    0    0 342 -364  1
3856500 2933500 11  7  4   9.0 1016 103  3.4 8  7.1  99    0    0 342 -364  1
3856500 2933500 11  7  5   9.0 1016 115  3.3 8  7.1  99    0    0 347 -364  1
3856500 2933500 11  7  6   9.1 1016 125  3.1 8  7.1  99    0    0 347 -363  1
3856500 2933500 11  7  7   9.2 1016 133  2.8 8  7.1  99    0    0 348 -363  1
3856500 2933500 11  7  8   9.3 1016 127  3.0 8  7.2  99    0    0 347 -364  1
3856500 2933500 11  7  9   9.4 1016 126  3.1 8  7.3  99    0   16 347 -363  1
3856500 2933500 11  7 10   9.8 1016 133  3.3 8  7.4  99    0   31 347 -365  1
3856500 2933500 11  7 11  10.2 1017 146  3.2 8  7.6  99    0   37 348 -372  1
3856500 2933500 11  7 12  10.6 1017 150  3.0 7  7.8  99    0   78 342 -379  1
3856500 2933500 11  7 13  11.1 1017 165  2.7 5  7.8  97   13  157 327 -385  1
3856500 2933500 11  7 14  11.7 1017 124  2.7 6  7.8  93   14  141 322 -389  1
3856500 2933500 11  7 15  11.8 1016 133  2.9 6  7.8  90    1   74 328 -387  1
3856500 2933500 11  7 16  11.6 1016 123  3.2 7  7.7  90    1   44 332 -382  1
3856500 2933500 11  7 17  10.9 1016  94  2.7 7  7.6  91    0    7 337 -374  1
3856500 2933500 11  7 18  10.6 1017  87  3.0 7  7.7  95    0    0 334 -366  1
3856500 2933500 11  7 19  10.4 1016  96  2.9 7  7.7  98    0    0 334 -362  1
3856500 2933500 11  7 20  10.3 1016 100  3.1 7  7.7  99    0    0 332 -359  1
3856500 2933500 11  7 21  10.0 1016  99  2.9 7  7.7 100    0    0 331 -356  1
3856500 2933500 11  7 22   9.8 1016 100  2.4 8  7.6 100    0    0 335 -354  1
3856500 2933500 11  7 23   9.6 1016  94  2.4 8  7.5 100    0    0 339 -352  1
3856500 2933500 11  7 24   9.5 1016  88  2.6 8  7.4 100    0    0 335 -351  1
3856500 2933500 11  8  1   9.7 1016  80  2.2 5  7.4 100    0    0 314 -350  1
3856500 2933500 11  8  2   9.7 1015  75  2.0 7  7.5 100    0    0 307 -350  1
3856500 2933500 11  8  3   9.8 1015  69  2.0 7  7.5 100    0    0 321 -350  1
3856500 2933500 11  8  4   9.9 1014  83  2.3 7  7.6 100    0    0 322 -348  1
3856500 2933500 11  8  5   9.7 1014  82  1.9 6  7.5 100    0    0 318 -347  1
3856500 2933500 11  8  6   9.8 1013  91  1.7 7  7.5 100    0    0 320 -347  1
3856500 2933500 11  8  7   9.8 1013 107  1.8 8  7.6 100    0    0 334 -349  1
3856500 2933500 11  8  8   9.8 1013 149  2.3 7  7.6 100    0    0 336 -350  1
3856500 2933500 11  8  9   9.9 1013 155  1.8 8  7.6 100    0    7 338 -351  1
3856500 2933500 11  8 10  10.3 1013 183  2.3 8  7.7 100    0   26 345 -355  1
3856500 2933500 11  8 11  10.5 1013 181  3.2 8  7.7  98    0   57 347 -362  1
3856500 2933500 11  8 12  10.8 1013 187  3.5 7  7.6  95    4  105 343 -371  1
3856500 2933500 11  8 13  11.5 1013 208  4.1 7  7.5  90   30  117 339 -378  1
3856500 2933500 11  8 14  11.4 1013 216  4.3 8  7.3  87    0   85 346 -380  1
3856500 2933500 11  8 15  11.1 1013 206  4.1 7  7.0  84    0   35 345 -378  1
3856500 2933500 11  8 16  10.8 1013 191  3.5 7  6.8  83    0   20 340 -373  1
3856500 2933500 11  8 17  10.5 1013 198  3.2 7  6.6  83    0    4 339 -368  1
3856500 2933500 11  8 18   9.4 1014 182  2.8 6  6.4  84    0    0 329 -365  1
3856500 2933500 11  8 19   8.3 1014 155  2.5 6  6.2  88    0    0 319 -363  1
3856500 2933500 11  8 20   7.2 1014 149  3.3 5  6.1  92    0    0 308 -363  1
3856500 2933500 11  8 21   7.2 1014 146  3.3 1  6.0  96    0    0 279 -363  1
3856500 2933500 11  8 22   7.1 1015 155  3.6 1  6.1  97    0    0 252 -362  1
3856500 2933500 11  8 23   7.0 1015 155  3.5 0  6.1  97    0    0 239 -360  1
3856500 2933500 11  8 24   6.6 1015 150  3.2 0  6.0  98    0    0 227 -358  1
3856500 2933500 11  9  1   6.3 1015 158  3.7 3  6.0  99    0    0 241 -358  1
3856500 2933500 11  9  2   6.4 1016 160  3.4 3  5.9  99    0    0 258 -355  1
3856500 2933500 11  9  3   7.1 1016 162  3.5 3  5.9  97    0    0 260 -352  1
3856500 2933500 11  9  4   7.9 1016 168  3.2 5  6.2  96    0    0 275 -349  1
3856500 2933500 11  9  5   7.9 1016 176  3.3 7  6.3  95    0    0 299 -346  1
3856500 2933500 11  9  6   8.2 1016 179  2.9 7  6.4  95    0    0 310 -343  1
3856500 2933500 11  9  7   8.1 1017 183  2.8 6  6.4  95    0    0 301 -340  1
3856500 2933500 11  9  8   8.0 1017 178  3.0 6  6.3  95    0    0 293 -339  1
3856500 2933500 11  9  9   8.6 1018 178  2.9 6  6.4  94    6   41 292 -339  1
3856500 2933500 11  9 10   9.4 1018 192  3.5 5  6.6  92   54   93 287 -342  1
3856500 2933500 11  9 11  10.6 1019 190  4.0 4  6.8  90  115  121 281 -349  1
3856500 2933500 11  9 12  11.6 1019 200  4.7 4  6.8  83  163  131 280 -358  1
3856500 2933500 11  9 13  12.3 1019 197  4.7 3  6.6  76  159  135 277 -365  1
3856500 2933500 11  9 14  12.4 1018 202  4.9 3  6.3  70  142  121 272 -368  1
3856500 2933500 11  9 15  12.2 1018 182  4.4 2  6.1  69  100   95 269 -368  1
3856500 2933500 11  9 16  11.5 1018 179  3.8 3  6.1  71   42   56 269 -362  1
3856500 2933500 11  9 17   9.7 1018 161  3.3 2  6.0  76    1   11 265 -354  1
3856500 2933500 11  9 18   8.5 1018 157  3.2 2  5.8  81    0    0 255 -348  1
3856500 2933500 11  9 19   7.6 1018 158  3.5 3  5.7  85    0    0 254 -345  1
3856500 2933500 11  9 20   7.1 1017 164  3.9 2  5.6  87    0    0 251 -345  1
3856500 2933500 11  9 21   7.2 1017 168  4.2 1  5.5  88    0    0 240 -345  1
3856500 2933500 11  9 22   7.0 1017 161  4.1 1  5.4  86    0    0 237 -344  1
3856500 2933500 11  9 23   6.7 1017 163  4.2 1  5.3  86    0    0 237 -343  1
3856500 2933500 11  9 24   6.9 1016 153  5.0 1  5.3  86    0    0 238 -341  1
3856500 2933500 11 10  1   6.6 1015 158  5.4 0  5.3  86    0    0 234 -341  1
3856500 2933500 11 10  2   6.8 1015 158  6.6 1  5.3  86    0    0 236 -343  1
3856500 2933500 11 10  3   6.9 1014 153  6.5 1  5.3  86    0    0 246 -347  1
3856500 2933500 11 10  4   7.8 1013 164  7.1 5  5.4  84    0    0 273 -349  1
3856500 2933500 11 10  5   8.1 1011 164  7.7 6  5.4  82    0    0 303 -351  1
3856500 2933500 11 10  6   8.5 1010 167  7.5 7  5.6  82    0    0 316 -353  1
3856500 2933500 11 10  7   8.8 1009 169  8.1 8  5.9  84    0    0 328 -356  1
3856500 2933500 11 10  8   8.9 1008 174  7.7 8  6.2  88    0    0 336 -357  1
3856500 2933500 11 10  9   9.4 1008 186  8.0 8  6.6  91    0   36 337 -358  1
3856500 2933500 11 10 10  10.1 1009 215  7.2 3  6.9  91   48  112 315 -360  1
3856500 2933500 11 10 11  10.4 1010 237  7.9 5  6.8  87   66  155 300 -363  1
3856500 2933500 11 10 12  10.8 1011 239  7.9 5  6.5  81   76  180 309 -364  1
3856500 2933500 11 10 13  10.7 1012 245  8.5 5  6.0  74   85  183 307 -366  1
3856500 2933500 11 10 14  10.4 1013 235  7.5 7  5.5  69   54  159 313 -367  1
3856500 2933500 11 10 15  10.3 1014 233  6.7 7  5.4  69   17  103 322 -367  1
3856500 2933500 11 10 16   9.9 1014 211  6.8 7  5.3  69   10   53 320 -361  1
3856500 2933500 11 10 17   9.1 1015 203  5.3 7  5.2  70    0    5 317 -353  1
3856500 2933500 11 10 18   8.6 1015 194  5.5 6  5.0  71    0    0 307 -345  1
3856500 2933500 11 10 19   8.1 1015 180  5.0 5  4.9  72    0    0 291 -340  1
3856500 2933500 11 10 20   8.4 1015 181  5.6 6  5.1  74    0    0 284 -337  1
3856500 2933500 11 10 21   8.4 1015 178  5.9 6  5.1  75    0    0 290 -335  1
3856500 2933500 11 10 22   8.4 1014 177  6.3 6  5.2  77    0    0 303 -334  1
3856500 2933500 11 10 23   8.1 1013 205  6.3 6  5.4  80    0    0 298 -333  1
3856500 2933500 11 10 24   7.7 1012 188  6.2 6  5.5  84    0    0 287 -333  1
3856500 2933500 11 11  1   7.2 1006 163  5.9 7  5.6  89    0    0 324 -331  1
3856500 2933500 11 11  2   6.9 1005 111  5.5 8  5.7  92    0    0 326 -334  1
3856500 2933500 11 11  3   6.6 1004  68  4.9 8  5.7  94    0    0 328 -336  1
3856500 2933500 11 11  4   6.6 1004  13  4.4 8  5.8  94    0    0 327 -337  1
3856500 2933500 11 11  5   6.4 1003  70  3.9 8  5.8  95    0    0 327 -337  1
3856500 2933500 11 11  6   6.3 1003   8  2.9 8  5.8  96    0    0 326 -338  1
3856500 2933500 11 11  7   6.5 1003  42  2.8 8  5.8  97    0    0 327 -339  1
3856500 2933500 11 11  8   6.5 1003  60  1.7 8  5.9  97    0    0 327 -340  1
3856500 2933500 11 11  9   6.6 1004  80  2.0 8  5.9  97    0   12 328 -339  1
3856500 2933500 11 11 10   6.9 1004  71  1.9 8  6.0  97    0   30 328 -340  1
3856500 2933500 11 11 11   7.1 1005  93  2.1 8  6.1  96    0   61 330 -344  1
3856500 2933500 11 11 12   7.3 1006 160  2.2 7  6.0  94    0   71 325 -350  1
3856500 2933500 11 11 13   7.5 1006 141  2.2 7  5.9  92    0   64 320 -353  1
3856500 2933500 11 11 14   7.2 1007 123  2.9 8  5.8  90    0   51 326 -351  1
3856500 2933500 11 11 15   6.6 1008 141  3.6 8  5.7  92    0   38 330 -348  1
3856500 2933500 11 11 16   6.1 1009 161  3.5 8  5.6  93    0   23 329 -346  1
3856500 2933500 11 11 17   5.6 1010 174  3.3 7  5.3  91    0    4 322 -344  1
3856500 2933500 11 11 18   5.4 1011 139  3.1 7  5.1  90    0    0 316 -342  1
3856500 2933500 11 11 19   5.1 1012 134  3.2 8  5.0  90    0    0 320 -340  1
3856500 2933500 11 11 20   4.7 1013 139  3.6 8  4.8  90    0    0 323 -338  1
3856500 2933500 11 11 21   4.2 1014 139  2.9 7  4.6  88    0    0 316 -337  1
3856500 2933500 11 11 22   4.1 1014 113  3.0 7  4.4  87    0    0 309 -336  1
3856500 2933500 11 11 23   4.1 1015  93  2.8 7  4.3  86    0    0 310 -333  1
3856500 2933500 11 11 24   3.8 1016  88  2.8 8  4.3  85    0    0 313 -329  1
3856500 2933500 11 12  1   3.4 1016  99  3.0 8  4.2  86    0    0 315 -328  1
3856500 2933500 11 12  2   3.7 1017 106  3.1 8  4.2  86    0    0 314 -325  1
3856500 2933500 11 12  3   3.8 1017 122  3.6 8  4.1  84    0    0 314 -324  1
3856500 2933500 11 12  4   3.5 1018 112  3.0 8  4.0  82    0    0 311 -325  1
3856500 2933500 11 12  5   3.0 1018 100  2.8 8  4.0  83    0    0 307 -326  1
3856500 2933500 11 12  6   3.0 1018  88  2.5 6  3.9  83    0    0 296 -326  1
3856500 2933500 11 12  7   1.8 1019  80  2.1 4  3.8  84    0    0 277 -325  1
3856500 2933500 11 12  8   1.2 1019  61  2.4 4  3.6  86    0    0 265 -323  1
3856500 2933500 11 12  9   1.9 1020  82  1.8 4  3.6  84   26   33 263 -321  1
3856500 2933500 11 12 10   3.8 1021 358  1.6 1  4.0  87  141   39 254 -323  1
3856500 2933500 11 12 11   5.3 1021 339  2.4 2  4.3  82  190   55 249 -330  1
3856500 2933500 11 12 12   5.7 1022   8  2.6 6  4.1  74   19  125 270 -340  1
3856500 2933500 11 12 13   4.9 1022  71  2.9 8  4.2  76    0   82 294 -348  1
3856500 2933500 11 12 14   5.3 1022  41  2.3 8  4.3  80    2   88 304 -351  1
3856500 2933500 11 12 15   5.9 1022 336  2.7 6  4.3  76   31   78 299 -349  1
3856500 2933500 11 12 16   6.0 1022 305  2.4 4  4.3  74   29   39 284 -343  1
3856500 2933500 11 12 17   4.3 1022 345  1.6 5  4.1  76    1    8 277 -333  1
3856500 2933500 11 12 18   2.5 1022 109  1.3 5  3.9  82    0    0 277 -324  1
3856500 2933500 11 12 19   1.4 1022 156  1.2 5  3.8  88    0    0 273 -319  1
3856500 2933500 11 12 20   0.6 1023 245  1.2 4  3.7  91    0    0 265 -317  1
3856500 2933500 11 12 21  -0.1 1023 196  1.3 5  3.5  92    0    0 262 -317  1
3856500 2933500 11 12 22  -1.1 1023 191  1.4 1  3.4  95    0    0 245 -317  1
3856500 2933500 11 12 23  -0.6 1024 160  2.2 1  3.4  98    0    0 228 -317  1
3856500 2933500 11 12 24   0.1 1024 239  2.0 2  3.6  97    0    0 236 -317  1
3856500 2933500 11 13  1   1.0 1024 193  2.7 2  3.7  95    0    0 243 -317  1
3856500 2933500 11 13  2   1.0 1023 221  3.0 1  3.8  94    0    0 240 -317  1
3856500 2933500 11 13  3   1.3 1023 229  3.1 2  3.9  95    0    0 239 -317  1
3856500 2933500 11 13  4   1.4 1023 227  3.7 1  3.9  94    0    0 240 -317  1
3856500 2933500 11 13  5   1.4 1022 223  3.9 2  3.9  94    0    0 239 -317  1
3856500 2933500 11 13  6   0.9 1021 222  4.1 1  3.9  95    0    0 235 -317  1
3856500 2933500 11 13  7   1.2 1021 224  4.6 3  3.9  97    0    0 234 -317  1
3856500 2933500 11 13  8   1.6 1020 219  5.5 4  4.0  96    0    0 242 -317  1
3856500 2933500 11 13  9   1.5 1019 218  5.8 5  4.1  98    7   34 249 -316  1
3856500 2933500 11 13 10   2.5 1019 216  6.3 4  4.3  99   28   81 252 -317  1
3856500 2933500 11 13 11   3.8 1018 218  6.3 5  4.6  97   24  110 255 -317  1
3856500 2933500 11 13 12   5.0 1018 219  6.5 2  4.8  93  171   95 253 -317  1
3856500 2933500 11 13 13   6.3 1017 215  7.4 3  4.9  87  118  116 254 -319  1
3856500 2933500 11 13 14   7.0 1015 221  7.1 8  5.2  86    0   68 278 -331  1
3856500 2933500 11 13 15   6.9 1014 226  7.4 7  5.4  87    0   38 294 -342  1
3856500 2933500 11 13 16   7.0 1013 229  7.4 7  5.6  91    0   15 296 -342  1
3856500 2933500 11 13 17   6.8 1012 226  8.0 8  5.9  95    0    1 305 -342  1
3856500 2933500 11 13 18   7.1 1011 232  8.4 8  6.0  96    0    0 312 -343  1
3856500 2933500 11 13 19   7.7 1010 260  6.9 8  6.2  96    0    0 317 -344  1
3856500 2933500 11 13 20   7.7 1011 271  6.1 8  6.3  97    0    0 321 -346  1
3856500 2933500 11 13 21   7.5 1011 295  4.7 8  6.2  95    0    0 324 -349  1
3856500 2933500 11 13 22   6.7 1012 299  5.6 7  5.8  91    0    0 320 -351  1
3856500 2933500 11 13 23   5.9 1013 289  4.2 6  5.3  89    0    0 310 -349  1
3856500 2933500 11 13 24   5.6 1013 290  4.7 3  5.0  88    0    0 288 -347  1
3856500 2933500 11 14  1   5.0 1014 285  2.6 5  4.9  88    0    0 278 -343  1
3856500 2933500 11 14  2   5.2 1014 319  4.3 5  4.8  88    0    0 284 -341  1
3856500 2933500 11 14  3   4.8 1015 328  5.4 7  4.8  88    0    0 295 -338  1
3856500 2933500 11 14  4   5.4 1016 332  8.1 6  4.6  84    0    0 301 -333  1
3856500 2933500 11 14  5   5.2 1017 311  6.0 5  4.5  81    0    0 293 -333  1
3856500 2933500 11 14  6   4.6 1018 310  6.1 4  4.4  82    0    0 281 -332  1
3856500 2933500 11 14  7   4.4 1019 305  3.5 3  4.3  84    0    0 270 -331  1
3856500 2933500 11 14  8   5.2 1020 297  3.4 6  4.3  82    0    0 280 -332  1
3856500 2933500 11 14  9   5.1 1021 323  4.1 6  4.4  80    3   27 292 -333  1
3856500 2933500 11 14 10   5.1 1022 327  7.1 3  4.5  84   33   67 272 -335  1
3856500 2933500 11 14 11   5.2 1023 331  7.6 3  4.5  84   39   94 254 -339  1
3856500 2933500 11 14 12   6.2 1023 322  7.2 5  4.5  79   37  113 262 -343  1
3856500 2933500 11 14 13   5.9 1023 276  5.6 7  4.4  76   14  110 278 -346  1
3856500 2933500 11 14 14   5.8 1023 342  7.8 8  4.2  74    1   83 289 -347  1
3856500 2933500 11 14 15   6.4 1024 334  8.7 8  4.2  73    0   57 294 -346  1
3856500 2933500 11 14 16   5.0 1024 314  5.7 6  4.2  75    8   35 282 -342  1
3856500 2933500 11 14 17   4.2 1024 306  5.5 7  4.3  82    0    0 273 -335  1
3856500 2933500 11 14 18   3.2 1025 293  5.5 8  4.3  87    0    0 279 -329  1
3856500 2933500 11 14 19   2.2 1025 274  3.5 5  4.2  91    0    0 267 -327  1
3856500 2933500 11 14 20   2.0 1026 279  1.7 4  4.0  92    0    0 250 -328  1
3856500 2933500 11 14 21   2.3 1027 275  2.7 5  4.1  93    0    0 251 -327  1
3856500 2933500 11 14 22   3.1 1027 258  2.6 3  4.2  92    0    0 250 -327  1
3856500 2933500 11 14 23   2.8 1027 237  2.7 3  4.1  89    0    0 245 -327  1
3856500 2933500 11 14 24   2.9 1028 262  2.5 2  4.2  91    0    0 241 -327  1
3856500 2933500 11 15  1   2.5 1028 278  3.1 2  4.2  93    0    0 237 -329  1
3856500 2933500 11 15  2   2.3 1028 268  2.2 4  4.2  95    0    0 245 -331  1
3856500 2933500 11 15  3   3.4 1028 332  3.8 5  4.3  93    0    0 261 -330  1
3856500 2933500 11 15  4   3.6 1029 281  2.1 5  4.3  90    0    0 268 -330  1
3856500 2933500 11 15  5   3.9 1029 231  2.1 5  4.4  90    0    0 268 -328  1
3856500 2933500 11 15  6   3.5 1029 257  2.2 5  4.4  91    0    0 268 -325  1
3856500 2933500 11 15  7   3.8 1029 299  1.7 6  4.4  91    0    0 272 -322  1
3856500 2933500 11 15  8   3.2 1030 257  1.7 7  4.4  91    0    0 282 -320  1
3856500 2933500 11 15  9   3.8 1030 279  2.1 7  4.5  94    1   29 286 -319  1
3856500 2933500 11 15 10   5.3 1031 229  2.2 6  4.7  92    6   75 285 -322  1
3856500 2933500 11 15 11   6.9 1031 248  2.9 5  4.9  85   25  125 280 -331  1
3856500 2933500 11 15 12   7.7 1032 268  3.1 4  5.0  80   70  165 274 -342  1
3856500 2933500 11 15 13   8.2 1032 288  3.2 4  4.9  76   72  167 271 -351  1
3856500 2933500 11 15 14   8.9 1031 271  5.3 4  4.9  72   76  148 275 -358  1
3856500 2933500 11 15 15   8.9 1031 276  4.8 4  5.0  72   45  105 279 -359  1
3856500 2933500 11 15 16   8.5 1031 262  4.2 5  5.0  72   13   47 285 -353  1
3856500 2933500 11 15 17   6.9 1031 256  3.8 4  4.9  76    0    5 283 -344  1
3856500 2933500 11 15 18   5.9 1030 244  2.8 4  4.8  82    0    0 276 -336  1
3856500 2933500 11 15 19   6.1 1030 229  3.5 6  4.9  85    0    0 284 -333  1
3856500 2933500 11 15 20   5.6 1031 235  3.6 6  4.9  87    0    0 292 -334  1
3856500 2933500 11 15 21   5.6 1031 240  4.5 7  5.0  89    0    0 296 -333  1
3856500 2933500 11 15 22   5.7 1031 249  4.5 6  5.0  89    0    0 297 -329  1
3856500 2933500 11 15 23   5.4 1030 248  4.5 5  4.9  88    0    0 288 -326  1
3856500 2933500 11 15 24   5.9 1030 244  4.8 7  4.8  87    0    0 292 -325  1
3856500 2933500 11 16  1   4.9 1029 241  5.0 5  4.8  88    0    0 294 -327  1
3856500 2933500 11 16  2   5.5 1029 220  5.3 5  4.8  88    0    0 287 -330  1
3856500 2933500 11 16  3   5.7 1028 228  5.0 6  4.8  87    0    0 296 -331  1
3856500 2933500 11 16  4   6.6 1027 237  4.7 6  5.0  86    0    0 304 -330  1
3856500 2933500 11 16  5   6.5 1027 237  4.6 5  5.1  86    0    0 301 -330  1
3856500 2933500 11 16  6   6.5 1026 233  4.9 6  5.2  87    0    0 301 -330  1
3856500 2933500 11 16  7   6.9 1026 223  5.0 7  5.3  88    0    0 310 -329  1
3856500 2933500 11 16  8   7.0 1025 230  4.9 7  5.4  87    0    0 314 -328  1
3856500 2933500 11 16  9   7.2 1025 232  5.2 8  5.4  87    0    3 317 -330  1
3856500 2933500 11 16 10   7.4 1025 225  5.6 8  5.5  87    0   30 322 -334  1
3856500 2933500 11 16 11   7.3 1024 232  5.6 7  5.5  87    0   37 317 -340  1
3856500 2933500 11 16 12   7.6 1024 234  6.2 8  5.6  88    0   50 319 -347  1
3856500 2933500 11 16 13   7.6 1023 239  5.9 8  5.7  88    0   35 324 -354  1
3856500 2933500 11 16 14   7.6 1022 237  5.7 7  5.8  90    0   39 321 -358  1
3856500 2933500 11 16 15   7.8 1021 244  7.1 7  5.9  90    0   36 318 -359  1
3856500 2933500 11 16 16   8.0 1021 244  7.3 8  5.9  90    0   16 325 -359  1
3856500 2933500 11 16 17   7.9 1020 236  7.3 8  5.9  90    0    0 332 -357  1
3856500 2933500 11 16 18   8.1 1020 238  6.8 7  6.0  90    0    0 329 -353  1
3856500 2933500 11 16 19   7.9 1020 239  6.4 7  6.1  92    0    0 325 -351  1
3856500 2933500 11 16 20   8.2 1020 250  6.6 8  6.2  93    0    0 332 -350  1
3856500 2933500 11 16 21   8.4 1020 249  6.0 7  6.3  93    0    0 335 -349  1
3856500 2933500 11 16 22   8.5 1020 246  6.2 8  6.6  96    0    0 337 -350  1
3856500 2933500 11 16 23   9.0 1020 253  6.0 8  6.7  96    0    0 347 -350  1
3856500 2933500 11 16 24   9.1 1020 260  6.2 8  6.8  95    0    0 350 -352  1
3856500 2933500 11 17  1   9.1 1020 263  6.0 8  6.9  97    0    0 351 -353  1
3856500 2933500 11 17  2   9.0 1020 266  5.9 7  6.9  97    0    0 346 -354  1
3856500 2933500 11 17  3   9.0 1020 281  5.2 7  6.9  96    0    0 340 -355  1
3856500 2933500 11 17  4   8.7 1020 251  4.8 7  6.8  96    0    0 340 -356  1
3856500 2933500 11 17  5   8.3 1021 262  4.3 8  6.6  96    0    0 346 -357  1
3856500 2933500 11 17  6   7.9 1021 261  3.2 7  6.4  95    0    0 344 -357  1
3856500 2933500 11 17  7   7.9 1021 268  3.1 7  6.2  95    0    0 336 -357  1
3856500 2933500 11 17  8   7.1 1021 258  2.8 8  6.0  94    0    0 340 -357  1
3856500 2933500 11 17  9   6.9 1022 255  2.7 7  5.9  95    0   18 337 -356  1
3856500 2933500 11 17 10   7.6 1022 262  2.9 6  5.9  94    2   61 324 -356  1
3856500 2933500 11 17 11   8.3 1023 267  3.1 6  6.2  94    0   56 319 -356  1
3856500 2933500 11 17 12   8.8 1023 302  2.9 7  6.4  93    0   63 326 -357  1
3856500 2933500 11 17 13   9.2 1023 178  3.3 6  6.5  91    2  102 326 -357  1
3856500 2933500 11 17 14   9.1 1023 156  3.4 5  6.4  90    5  101 313 -357  1
3856500 2933500 11 17 15   8.7 1023 159  3.6 6  6.4  91    0   53 311 -356  1
3856500 2933500 11 17 16   8.3 1022 254  2.8 8  6.4  93    0   18 327 -356  1
3856500 2933500 11 17 17   8.1 1022 281  2.9 8  6.4  96    0    3 338 -358  1
3856500 2933500 11 17 18   7.9 1022 250  3.1 8  6.4  97    0    0 336 -361  1
3856500 2933500 11 17 19   7.8 1021 235  2.9 8  6.4  98    0    0 334 -363  1
3856500 2933500 11 17 20   7.8 1021 229  3.0 8  6.4  98    0    0 333 -363  1
3856500 2933500 11 17 21   7.6 1021 234  2.9 8  6.4  99    0    0 333 -363  1
3856500 2933500 11 17 22   7.9 1021 220  4.7 8  6.5  99    0    0 333 -364  1
3856500 2933500 11 17 23   8.9 1020 210  6.1 8  6.6  97    0    0 336 -364  1
3856500 2933500 11 17 24   9.8 1020 247  7.0 8  7.0  96    0    0 339 -365  1
3856500 2933500 11 18  1  10.1 1019 245  6.6 8  7.3  96    0    0 340 -365  1
3856500 2933500 11 18  2  10.1 1019 245  6.4 8  7.4  97    0    0 341 -366  1
3856500 2933500 11 18  3  10.0 1018 248  7.1 8  7.5  98    0    0 341 -367  1
3856500 2933500 11 18  4  10.3 1017 252  6.8 8  7.6  98    0    0 342 -367  1
3856500 2933500 11 18  5  10.4 1016 251  7.1 8  7.6  97    0    0 344 -368  1
3856500 2933500 11 18  6  10.5 1016 254  7.1 8  7.7  97    0    0 345 -368  1
3856500 2933500 11 18  7  10.4 1015 251  6.8 8  7.8  98    0    0 348 -368  1
3856500 2933500 11 18  8  10.5 1015 246  6.9 8  7.8  99    0    0 349 -368  1
3856500 2933500 11 18  9  10.8 1014 243  6.9 8  7.9  98    0    3 350 -367  1
3856500 2933500 11 18 10  11.0 1014 255  7.9 8  8.0  98    0   15 351 -367  1
3856500 2933500 11 18 11  11.4 1014 256  8.5 7  8.1  97    0   48 346 -367  1
3856500 2933500 11 18 12  11.2 1014 259  9.1 7  8.1  96    0   48 341 -367  1
3856500 2933500 11 18 13  11.2 1013 256 10.0 7  8.0  96    0   38 341 -367  1
3856500 2933500 11 18 14  11.3 1013 255 10.8 8  8.0  96    0   27 350 -367  1
3856500 2933500 11 18 15  11.4 1012 255  9.4 8  7.9  94    0   21 359 -367  1
3856500 2933500 11 18 16  11.3 1012 255 10.0 8  7.9  94    0   10 359 -367  1
3856500 2933500 11 18 17  11.3 1011 252  9.9 8  7.9  94    0    0 361 -367  1
3856500 2933500 11 18 18  11.4 1011 258  9.2 8  7.8  93    0    0 362 -366  1
3856500 2933500 11 18 19  11.5 1011 253  9.7 8  7.7  91    0    0 364 -366  1
3856500 2933500 11 18 20  11.6 1010 250  9.6 8  7.6  89    0    0 364 -366  1
3856500 2933500 11 18 21  11.7 1010 247  9.3 8  7.5  88    0    0 366 -366  1
3856500 2933500 11 18 22  11.7 1009 250  9.4 8  7.4  86    0    0 366 -365  1
3856500 2933500 11 18 23  12.0 1008 252 10.0 8  7.4  85    0    0 365 -365  1
3856500 2933500 11 18 24  11.9 1008 251 11.0 8  7.5  86    0    0 365 -365  1
3856500 2933500 11 19  1  11.3 1007 257 12.0 8  7.5  87    0    0 365 -365  1
3856500 2933500 11 19  2  10.9 1006 260 13.5 7  7.2  87    0    0 357 -363  1
3856500 2933500 11 19  3  10.5 1005 277 12.7 8  6.8  84    0    0 354 -361  1
3856500 2933500 11 19  4  10.5 1005 277 12.2 7  6.1  76    0    0 350 -358  1
3856500 2933500 11 19  5   9.6 1005 287 13.1 7  5.5  71    0    0 339 -355  1
3856500 2933500 11 19  6   9.2 1006 277 12.7 7  5.2  70    0    0 335 -351  1
3856500 2933500 11 19  7   8.7 1006 286 12.5 7  4.8  68    0    0 331 -348  1
3856500 2933500 11 19  8   8.4 1007 296 10.4 6  4.6  66    0    0 321 -346  1
3856500 2933500 11 19  9   7.5 1008 276  9.2 6  4.7  70    0   13 310 -343  1
3856500 2933500 11 19 10   7.2 1008 297  7.6 7  4.9  76    0   51 313 -343  1
3856500 2933500 11 19 11   7.6 1009 271  6.4 7  5.2  80    5   98 319 -345  1
3856500 2933500 11 19 12   8.0 1009 297  5.5 6  5.2  79    5  110 311 -347  1
3856500 2933500 11 19 13   6.6 1009 275  6.4 7  5.1  80    0   75 308 -348  1
3856500 2933500 11 19 14   6.3 1009 275  5.4 8  5.0  83    0   64 318 -348  1
3856500 2933500 11 19 15   5.9 1008 280  5.6 7  4.9  84    0   47 315 -347  1
3856500 2933500 11 19 16   5.2 1008 308  2.6 8  4.9  87    0   16 312 -342  1
3856500 2933500 11 19 17   4.9 1007 229  3.0 8  4.9  89    0    0 316 -338  1
3856500 2933500 11 19 18   4.6 1007 265  3.1 8  4.9  91    0    0 314 -333  1
3856500 2933500 11 19 19   4.2 1006 232  4.0 8  4.8  92    0    0 313 -331  1
3856500 2933500 11 19 20   3.8 1005 253  3.4 8  4.8  94    0    0 313 -329  1
3856500 2933500 11 19 21   3.9 1004 221  3.4 8  4.7  94    0    0 312 -326  1
3856500 2933500 11 19 22   3.2 1003 353  3.1 8  4.7  94    0    0 309 -324  1
3856500 2933500 11 19 23   2.4 1002  18  3.0 8  4.4  94    0    0 306 -322  1
3856500 2933500 11 19 24   1.9 1001  55  2.3 8  4.3  95    0    0 302 -321  1
3856500 2933500 11 20  1   1.6 1000  38  1.9 8  4.2  96    0    0 299 -320  1
3856500 2933500 11 20  2   1.6  999 339  2.7 8  4.2  98    0    0 298 -319  1
3856500 2933500 11 20  3   1.6  998 312  4.6 8  4.2  97    0    0 297 -318  1
3856500 2933500 11 20  4   0.9  999 224  4.1 8  4.1  96    0    0 295 -318  1
3856500 2933500 11 20  5   1.1  999 313  5.3 8  4.0  98    0    0 290 -318  1
3856500 2933500 11 20  6   0.9 1000 288  4.3 7  4.0  98    0    0 280 -317  1
3856500 2933500 11 20  7   0.7 1000 314  5.6 6  4.0  99    0    0 264 -317  1
3856500 2933500 11 20  8   0.4 1002 292  5.2 7  4.0 100    0    0 262 -317  1
3856500 2933500 11 20  9   0.5 1003 292  5.8 7  4.0 100    0    3 265 -317  1
3856500 2933500 11 20 10   1.1 1005 299  5.2 5  4.0  99   10   66 254 -317  1
3856500 2933500 11 20 11   1.0 1006 281  4.1 4  4.1  99   13   96 240 -317  1
3856500 2933500 11 20 12   1.7 1008 282  5.4 5  4.1  98    1   88 240 -322  1
3856500 2933500 11 20 13   2.1 1009 291  4.3 6  4.1  94   11  111 250 -329  1
3856500 2933500 11 20 14   3.9 1010 287  4.1 2  4.2  89  141   84 240 -330  1
3856500 2933500 11 20 15   4.0 1011 234  4.6 2  4.2  83   87   68 227 -328  1
3856500 2933500 11 20 16   3.3 1012 213  3.7 4  3.9  79   18   34 235 -325  1
3856500 2933500 11 20 17   1.7 1012 226  5.0 5  3.8  84    0    4 243 -321  1
3856500 2933500 11 20 18   1.8 1013 221  4.2 5  3.9  90    0    0 246 -318  1
3856500 2933500 11 20 19   1.4 1013 224  5.8 5  3.9  92    0    0 243 -318  1
3856500 2933500 11 20 20   1.8 1013 278  5.9 6  3.9  91    0    0 246 -318  1
3856500 2933500 11 20 21   1.7 1014 273  3.9 6  3.9  91    0    0 251 -319  1
3856500 2933500 11 20 22   1.1 1014 231  3.8 6  3.9  94    0    0 249 -319  1
3856500 2933500 11 20 23   0.7 1014 238  4.8 6  3.9  96    0    0 247 -318  1
3856500 2933500 11 20 24   0.6 1014 215  4.8 6  3.9  99    0    0 247 -317  1
3856500 2933500 11 21  1   1.0 1014 230  5.1 8  4.0  99    0    0 257 -317  1
3856500 2933500 11 21  2   1.1 1014 247  6.4 7  4.0  97    0    0 265 -317  1
3856500 2933500 11 21  3   1.4 1015 239  5.5 7  4.0  96    0    0 264 -317  1
3856500 2933500 11 21  4   1.1 1015 234  5.4 8  3.9  95    0    0 269 -317  1
3856500 2933500 11 21  5   0.9 1014 284  5.6 8  3.9  95    0    0 275 -317  1
3856500 2933500 11 21  6   0.8 1014 239  5.1 7  3.9  96    0    0 271 -317  1
3856500 2933500 11 21  7   1.4 1014 274  5.5 6  4.0  96    0    0 264 -317  1
3856500 2933500 11 21  8   0.9 1014 234  5.0 7  3.9  96    0    0 266 -317  1
3856500 2933500 11 21  9   1.5 1014 262  6.4 7  3.9  94    0   11 273 -317  1
3856500 2933500 11 21 10   2.1 1014 249  7.7 3  4.0  93   14   68 255 -317  1
3856500 2933500 11 21 11   4.1 1014 252  6.3 5  4.2  88   34  105 247 -317  1
3856500 2933500 11 21 12   3.1 1014 255  5.7 4  4.2  86   47  128 251 -317  1
3856500 2933500 11 21 13   2.4 1014 293  7.4 6  4.1  88    0   77 255 -317  1
3856500 2933500 11 21 14   2.9 1014 266  9.7 7  4.1  89    0   54 276 -324  1
3856500 2933500 11 21 15   4.4 1014 307  7.9 6  4.0  82    0   53 282 -332  1
3856500 2933500 11 21 16   4.1 1015 292  6.0 6  3.9  76   15   33 279 -332  1
3856500 2933500 11 21 17   3.3 1015 318  5.9 7  4.0  80    0    3 284 -327  1
3856500 2933500 11 21 18   3.2 1016 297  3.6 7  4.0  83    0    0 286 -322  1
3856500 2933500 11 21 19   2.0 1017 320  3.7 4  3.9  85    0    0 266 -318  1
3856500 2933500 11 21 20   1.7 1018 310  4.3 3  3.8  89    0    0 244 -317  1
3856500 2933500 11 21 21   1.3 1018 285  4.6 4  3.9  92    0    0 244 -317  1
3856500 2933500 11 21 22   1.5 1019 269  3.5 6  3.9  93    0    0 260 -317  1
3856500 2933500 11 21 23   1.0 1019 213  3.6 6  3.9  94    0    0 269 -317  1
3856500 2933500 11 21 24   0.8 1020 240  3.9 4  3.9  96    0    0 257 -317  1
3856500 2933500 11 22  1   1.2 1020 251  4.9 3  3.9  97    0    0 244 -317  1
3856500 2933500 11 22  2   1.1 1021 261  3.1 4  3.9  95    0    0 244 -317  1
3856500 2933500 11 22  3   1.1 1021 243  2.8 3  3.9  95    0    0 244 -317  1
3856500 2933500 11 22  4   1.1 1021 243  3.6 3  3.9  96    0    0 239 -317  1
3856500 2933500 11 22  5   0.7 1022 243  3.7 3  3.8  95    0    0 236 -317  1
3856500 2933500 11 22  6   0.9 1022 251  3.1 3  3.7  94    0    0 233 -317  1
3856500 2933500 11 22  7   0.9 1022 246  3.3 5  3.8  95    0    0 240 -317  1
3856500 2933500 11 22  8   1.2 1023 265  3.3 6  3.9  96    0    0 252 -317  1
3856500 2933500 11 22  9   1.5 1023 227  3.4 5  3.9  94    0   15 251 -317  1
3856500 2933500 11 22 10   2.5 1023 277  4.1 3  4.1  94   27   65 238 -317  1
3856500 2933500 11 22 11   3.3 1024 226  3.7 5  4.2  92   25   97 240 -317  1
3856500 2933500 11 22 12   3.9 1024 262  2.9 6  4.4  90   40  120 257 -319  1
3856500 2933500 11 22 13   4.4 1024 259  4.3 5  4.5  89   62  120 260 -329  1
3856500 2933500 11 22 14   4.7 1024 249  3.9 5  4.5  88   17   97 259 -337  1
3856500 2933500 11 22 15   5.2 1023 226  3.6 3  4.6  86   58   70 254 -337  1
3856500 2933500 11 22 16   4.9 1023 210  3.6 5  4.6  85   24   32 259 -333  1
3856500 2933500 11 22 17   3.8 1023 214  4.1 7  4.4  86    0    4 279 -329  1
3856500 2933500 11 22 18   3.7 1022 209  4.0 8  4.3  88    0    0 294 -325  1
3856500 2933500 11 22 19   3.2 1022 199  4.2 7  4.3  89    0    0 298 -323  1
3856500 2933500 11 22 20   2.7 1021 193  4.6 7  4.1  89    0    0 296 -320  1
3856500 2933500 11 22 21   2.1 1020 187  4.1 7  3.9  88    0    0 297 -318  1
3856500 2933500 11 22 22   2.2 1019 174  4.8 7  3.8  87    0    0 298 -318  1
3856500 2933500 11 22 23   2.3 1018 188  5.1 7  3.8  87    0    0 302 -318  1
3856500 2933500 11 22 24   1.4 1018 184  5.5 8  3.9  90    0    0 309 -319  1
3856500 2933500 11 23  1   1.4 1016 165  5.4 8  4.0  95    0    0 315 -320  1
3856500 2933500 11 23  2   1.8 1015 177  6.1 8  4.2  98    0    0 318 -322  1
3856500 2933500 11 23  3   2.5 1013 198  5.8 8  4.4  99    0    0 321 -323  1
3856500 2933500 11 23  4   3.3 1012 218  6.2 8  4.6  98    0    0 324 -326  1
3856500 2933500 11 23  5   4.9 1011 232  6.6 8  5.0  99    0    0 329 -330  1
3856500 2933500 11 23  6   7.1 1009 228  6.9 8  5.7  98    0    0 337 -336  1
3856500 2933500 11 23  7   8.5 1008 238  8.5 8  6.3  96    0    0 345 -343  1
3856500 2933500 11 23  8   9.2 1008 241  8.2 8  6.7  95    0    0 350 -350  1
3856500 2933500 11 23  9   9.5 1007 246  8.5 8  7.1  96    0   12 352 -355  1
3856500 2933500 11 23 10  10.2 1007 254  8.6 8  7.2  95    0   20 355 -359  1
3856500 2933500 11 23 11  10.8 1007 255 11.0 7  7.4  92    1   65 350 -361  1
3856500 2933500 11 23 12  11.3 1007 262 10.4 6  7.4  89    2   75 338 -363  1
3856500 2933500 11 23 13  11.6 1007 264 11.2 6  7.2  85    0   64 332 -365  1
3856500 2933500 11 23 14  11.8 1007 269 12.1 8  7.1  82    0   54 347 -367  1
3856500 2933500 11 23 15  11.4 1007 269 11.6 8  6.9  81    8   58 361 -368  1
3856500 2933500 11 23 16  11.0 1007 267 11.6 7  6.8  82    0   18 353 -367  1
3856500 2933500 11 23 17  11.0 1007 268 11.1 7  6.8  82    0    1 345 -365  1
3856500 2933500 11 23 18  10.7 1008 270 10.5 7  6.8  83    0    0 345 -364  1
3856500 2933500 11 23 19  10.3 1008 266 10.8 7  6.8  85    0    0 343 -363  1
3856500 2933500 11 23 20  10.1 1008 270 10.8 7  6.9  88    0    0 340 -362  1
3856500 2933500 11 23 21  10.4 1009 268 10.0 7  7.0  89    0    0 340 -362  1
3856500 2933500 11 23 22  10.2 1009 264  9.8 7  7.1  90    0    0 343 -363  1
3856500 2933500 11 23 23  10.3 1010 270 11.4 8  7.1  91    0    0 351 -363  1
3856500 2933500 11 23 24  10.0 1010 289  9.0 7  7.0  90    0    0 351 -364  1
3856500 2933500 11 24  1   9.1 1011 311  7.5 8  6.8  91    0    0 348 -362  1
3856500 2933500 11 24  2   8.7 1012 309  7.0 8  6.4  89    0    0 350 -358  1
3856500 2933500 11 24  3   8.2 1012 309  7.0 6  6.0  87    0    0 333 -352  1
3856500 2933500 11 24  4   7.8 1013 294  5.8 4  5.6  83    0    0 305 -347  1
3856500 2933500 11 24  5   7.5 1014 294  6.1 4  5.2  80    0    0 289 -343  1
3856500 2933500 11 24  6   7.4 1014 304  7.0 5  5.1  80    0    0 293 -341  1
3856500 2933500 11 24  7   7.4 1015 305  8.4 5  5.0  78    0    0 298 -342  1
3856500 2933500 11 24  8   7.2 1016 308  8.6 5  4.6  73    0    0 296 -340  1
3856500 2933500 11 24  9   6.4 1017 306  7.2 5  4.4  72    0   14 294 -336  1
3856500 2933500 11 24 10   6.8 1019 308  7.1 6  4.4  74   11   56 298 -334  1
3856500 2933500 11 24 11   7.3 1020 324  6.6 5  4.5  73   48   86 299 -337  1
3856500 2933500 11 24 12   7.7 1022 328  6.9 3  4.5  70  130   80 282 -343  1
3856500 2933500 11 24 13   8.8 1023 323  6.2 4  4.4  65   91   98 277 -348  1
3856500 2933500 11 24 14   8.2 1023 330  6.5 3  4.4  65  108   73 278 -349  1
3856500 2933500 11 24 15   7.5 1024 345  4.8 2  4.3  66   58   57 265 -347  1
3856500 2933500 11 24 16   6.3 1025 357  3.4 1  4.2  69   22   26 250 -341  1
3856500 2933500 11 24 17   3.8 1026 346  2.1 1  4.0  74    0    2 240 -331  1
3856500 2933500 11 24 18   2.3 1027 342  1.9 0  3.8  81    0    0 228 -322  1
3856500 2933500 11 24 19   0.9 1028 356  1.5 2  3.6  86    0    0 228 -318  1
3856500 2933500 11 24 20  -0.3 1029 332  1.4 2  3.5  91    0    0 236 -317  1
3856500 2933500 11 24 21  -0.8 1030 213  1.3 1  3.4  94    0    0 227 -317  1
3856500 2933500 11 24 22  -1.0 1031 334  1.5 1  3.3  94    0    0 220 -317  1
3856500 2933500 11 24 23  -1.8 1031 222  1.2 1  3.2  95    0    0 219 -317  1
3856500 2933500 11 24 24  -1.8 1032 190  1.3 1  3.1  95    0    0 216 -317  1
3856500 2933500 11 25  1  -2.3 1032 312  1.2 0  3.1  96    0    0 211 -316  1
3856500 2933500 11 25  2  -2.9 1033 319  0.9 1  2.9  96    0    0 208 -314  1
3856500 2933500 11 25  3  -3.4 1033 332  0.8 1  2.9  97    0    0 212 -308  1
3856500 2933500 11 25  4  -3.6 1034 247  1.0 0  2.8  98    0    0 204 -303  1
3856500 2933500 11 25  5  -4.4 1034 209  1.0 1  2.7  99    0    0 202 -301  1
3856500 2933500 11 25  6  -4.2 1034 163  1.3 2  2.7 100    0    0 211 -300  1
3856500 2933500 11 25  7  -3.9 1034 183  1.2 1  2.8 100    0    0 212 -300  1
3856500 2933500 11 25  8  -3.3 1034 182  1.0 1  2.8 100    0    0 207 -300  1
3856500 2933500 11 25  9  -1.7 1035 186  1.3 2  3.0  98    0    8 213 -300  1
3856500 2933500 11 25 10  -0.3 1035 178  1.5 4  3.4  98    9   58 233 -303  1
3856500 2933500 11 25 11   2.5 1035 194  2.2 4  3.8  94   65   96 248 -308  1
3856500 2933500 11 25 12   3.7 1035 183  2.6 4  4.0  85  132  100 251 -314  1
3856500 2933500 11 25 13   4.3 1035 191  2.8 4  3.8  77  140  100 249 -316  1
3856500 2933500 11 25 14   4.4 1034 195  3.1 4  3.8  75  128   86 247 -317  1
3856500 2933500 11 25 15   4.4 1034 196  2.8 3  3.9  76   79   66 243 -317  1
3856500 2933500 11 25 16   3.1 1034 185  2.4 3  3.8  78   19   32 236 -317  1
3856500 2933500 11 25 17   2.3 1034 180  2.5 5  3.7  83    0    3 243 -317  1
3856500 2933500 11 25 18   1.9 1033 191  2.7 6  3.8  87    0    0 257 -316  1
3856500 2933500 11 25 19   1.1 1033 191  2.6 5  3.7  90    0    0 258 -311  1
3856500 2933500 11 25 20   1.0 1033 193  2.6 5  3.7  91    0    0 253 -307  1
3856500 2933500 11 25 21   1.0 1032 187  2.8 4  3.6  90    0    0 249 -305  1
3856500 2933500 11 25 22   0.5 1032 196  2.9 3  3.6  92    0    0 239 -304  1
3856500 2933500 11 25 23   0.8 1032 187  3.2 4  3.7  94    0    0 238 -304  1
3856500 2933500 11 25 24   0.5 1032 188  3.2 5  3.7  95    0    0 248 -303  1
3856500 2933500 11 26  1   0.7 1031 199  2.9 7  3.7  94    0    0 261 -302  1
3856500 2933500 11 26  2   0.0 1031 212  2.6 6  3.6  95    0    0 264 -302  1
3856500 2933500 11 26  3  -0.4 1031 205  3.2 5  3.6  97    0    0 254 -302  1
3856500 2933500 11 26  4  -1.3 1030 208  3.0 4  3.5  98    0    0 244 -301  1
3856500 2933500 11 26  5  -0.7 1030 199  3.0 3  3.4  99    0    0 234 -301  1
3856500 2933500 11 26  6  -0.5 1030 202  3.1 1  3.5  98    0    0 222 -302  1
3856500 2933500 11 26  7  -1.4 1030 199  3.1 2  3.4  98    0    0 214 -302  1
3856500 2933500 11 26  8  -1.3 1029 198  2.7 2  3.3  98    0    0 217 -301  1
3856500 2933500 11 26  9  -0.8 1029 205  2.6 3  3.4  98    0   10 222 -301  1
3856500 2933500 11 26 10   0.6 1029 201  2.8 3  3.6  96   32   55 228 -303  1
3856500 2933500 11 26 11   2.2 1029 203  2.8 2  3.8  91   99   71 227 -308  1
3856500 2933500 11 26 12   3.2 1028 210  3.2 2  3.8  84  175   58 226 -313  1
3856500 2933500 11 26 13   4.6 1028 213  3.4 1  3.7  75  201   47 223 -315  1
3856500 2933500 11 26 14   5.2 1027 203  3.2 1  3.6  68  164   48 219 -316  1
3856500 2933500 11 26 15   4.8 1027 208  2.5 2  3.6  67   96   45 223 -317  1
3856500 2933500 11 26 16   3.4 1026 194  2.1 3  3.5  70   17   27 229 -317  1
3856500 2933500 11 26 17   0.5 1025 171  2.0 5  3.4  78    0    1 237 -316  1
3856500 2933500 11 26 18  -0.6 1025 178  2.2 6  3.2  87    0    0 245 -313  1
3856500 2933500 11 26 19  -0.4 1024 183  2.4 4  3.2  89    0    0 239 -308  1
3856500 2933500 11 26 20  -1.1 1024 184  2.2 4  3.2  90    0    0 230 -305  1
3856500 2933500 11 26 21  -1.8 1024 180  2.2 4  3.1  92    0    0 228 -304  1
3856500 2933500 11 26 22  -2.2 1024 212  2.3 2  3.1  94    0    0 219 -304  1
3856500 2933500 11 26 23  -1.7 1024 205  2.2 2  3.0  93    0    0 212 -304  1
3856500 2933500 11 26 24  -1.9 1023 210  2.4 4  3.1  93    0    0 219 -304  1
3856500 2933500 11 27  1  -1.7 1023 207  2.9 4  3.1  93    0    0 225 -304  1
3856500 2933500 11 27  2  -2.4 1022 220  2.6 3  3.1  95    0    0 218 -304  1
3856500 2933500 11 27  3  -2.1 1022 220  2.6 4  3.0  96    0    0 217 -305  1
3856500 2933500 11 27  4  -3.0 1022 232  2.7 3  3.0  97    0    0 214 -306  1
3856500 2933500 11 27  5  -2.7 1021 239  3.0 4  3.0  98    0    0 211 -307  1
3856500 2933500 11 27  6  -2.8 1021 232  3.4 5  3.0  99    0    0 223 -308  1
3856500 2933500 11 27  7  -1.7 1021 233  4.4 6  3.2 100    0    0 236 -308  1
3856500 2933500 11 27  8  -1.0 1021 235  4.6 6  3.4 100    0    0 245 -308  1
3856500 2933500 11 27  9  -0.3 1021 223  4.9 7  3.6 100    0    3 255 -308  1
3856500 2933500 11 27 10   0.1 1021 222  5.5 7  3.7 100    0   29 263 -309  1
3856500 2933500 11 27 11   0.7 1021 220  5.7 7  3.9 100    0   30 267 -313  1
3856500 2933500 11 27 12   1.0 1021 222  5.8 7  4.0 100    0   36 270 -316  1
3856500 2933500 11 27 13   1.5 1021 220  5.7 8  4.1  99    0   40 279 -317  1
3856500 2933500 11 27 14   1.7 1020 219  5.6 7  4.2  99    0   54 282 -318  1
3856500 2933500 11 27 15   1.9 1020 218  5.6 8  4.3 100    0   32 288 -318  1
3856500 2933500 11 27 16   2.2 1020 212  5.3 8  4.4 100    0    8 301 -322  1
3856500 2933500 11 27 17   2.2 1019 208  5.6 6  4.4  99    0    0 293 -322  1
3856500 2933500 11 27 18   2.7 1019 208  5.7 7  4.4  98    0    0 290 -319  1
3856500 2933500 11 27 19   3.2 1019 216  6.2 8  4.6  98    0    0 310 -321  1
3856500 2933500 11 27 20   3.7 1018 221  6.6 8  4.7  98    0    0 323 -324  1
3856500 2933500 11 27 21   3.8 1018 223  6.3 8  4.9  99    0    0 329 -326  1
3856500 2933500 11 27 22   4.3 1018 224  5.6 8  5.0 100    0    0 333 -328  1
3856500 2933500 11 27 23   4.7 1018 228  5.0 8  5.2  99    0    0 337 -329  1
3856500 2933500 11 27 24   5.3 1018 239  5.6 8  5.3  99    0    0 341 -330  1
3856500 2933500 11 28  1   5.7 1018 256  5.2 8  5.5  99    0    0 343 -332  1
3856500 2933500 11 28  2   5.7 1018 249  4.9 8  5.7 100    0    0 344 -335  1
3856500 2933500 11 28  3   5.7 1018 245  5.0 7  5.7 100    0    0 336 -337  1
3856500 2933500 11 28  4   5.6 1018 264  4.2 6  5.6 100    0    0 322 -339  1
3856500 2933500 11 28  5   5.9 1019 270  4.0 5  5.7  99    0    0 307 -341  1
3856500 2933500 11 28  6   5.7 1019 259  4.5 6  5.6  98    0    0 306 -341  1
3856500 2933500 11 28  7   5.3 1019 261  4.4 5  5.5  98    0    0 304 -340  1
3856500 2933500 11 28  8   5.0 1020 253  4.5 5  5.3  97    0    0 292 -338  1
3856500 2933500 11 28  9   4.7 1020 244  4.1 5  5.2  98    0    8 288 -336  1
3856500 2933500 11 28 10   6.1 1021 254  4.5 4  5.4  98   21   55 279 -336  1
3856500 2933500 11 28 11   7.0 1021 254  4.9 5  5.8  96   73   75 279 -337  1
3856500 2933500 11 28 12   8.3 1022 252  4.6 5  5.9  92    5   81 287 -338  1
3856500 2933500 11 28 13   8.3 1021 236  4.5 6  6.0  89    1   78 294 -340  1
3856500 2933500 11 28 14   8.5 1021 248  4.8 7  6.2  90    2   79 306 -343  1
3856500 2933500 11 28 15   8.1 1020 241  3.9 8  6.2  92    0   38 318 -347  1
3856500 2933500 11 28 16   7.8 1020 230  3.9 7  6.2  93    0   20 315 -346  1
3856500 2933500 11 28 17   7.3 1020 227  3.7 7  6.0  93    0    0 305 -341  1
3856500 2933500 11 28 18   7.0 1020 224  3.6 7  5.8  93    0    0 302 -337  1
3856500 2933500 11 28 19   6.8 1020 229  3.6 7  5.7  93    0    0 300 -335  1
3856500 2933500 11 28 20   6.3 1020 241  3.9 7  5.6  93    0    0 299 -334  1
3856500 2933500 11 28 21   6.0 1020 231  3.1 7  5.4  93    0    0 297 -333  1
3856500 2933500 11 28 22   5.3 1019 223  3.3 6  5.3  94    0    0 288 -333  1
3856500 2933500 11 28 23   4.7 1019 224  3.3 6  5.2  96    0    0 279 -332  1
3856500 2933500 11 28 24   4.3 1018 214  3.1 5  5.0  97    0    0 271 -332  1
3856500 2933500 11 29  1   4.4 1018 207  3.7 5  5.0  97    0    0 263 -332  1
3856500 2933500 11 29  2   4.9 1018 198  3.4 7  5.1  97    0    0 278 -332  1
3856500 2933500 11 29  3   5.1 1017 198  2.7 7  5.2  96    0    0 295 -332  1
3856500 2933500 11 29  4   5.2 1017 195  2.8 7  5.3  96    0    0 297 -332  1
3856500 2933500 11 29  5   5.4 1016 193  2.9 8  5.4  97    0    0 308 -332  1
3856500 2933500 11 29  6   5.7 1015 201  3.0 8  5.5  97    0    0 318 -332  1
3856500 2933500 11 29  7   6.0 1015 190  3.1 8  5.6  98    0    0 321 -333  1
3856500 2933500 11 29  8   6.2 1014 171  3.3 8  5.7  98    0    0 323 -333  1
3856500 2933500 11 29  9   6.1 1014 171  3.6 8  5.7  97    0    2 325 -333  1
3856500 2933500 11 29 10   6.3 1013 176  3.8 8  5.8  98    0   16 325 -335  1
3856500 2933500 11 29 11   6.6 1013 170  3.8 8  5.9  99    0   28 325 -338  1
3856500 2933500 11 29 12   7.0 1013 167  4.3 6  6.0  98    0   61 313 -343  1
3856500 2933500 11 29 13   7.5 1012 178  4.4 7  6.3  99    0   69 307 -346  1
3856500 2933500 11 29 14   7.9 1012 187  3.7 6  6.4  98    1   81 310 -348  1
3856500 2933500 11 29 15   8.0 1011 189  3.2 8  6.5  97    0   51 317 -348  1
3856500 2933500 11 29 16   7.8 1011 168  2.6 8  6.5  98    0   12 327 -347  1
3856500 2933500 11 29 17   7.6 1011 169  2.6 8  6.5  99    0    0 324 -344  1
3856500 2933500 11 29 18   7.4 1011 175  2.1 8  6.5 100    0    0 323 -342  1
3856500 2933500 11 29 19   7.4 1011 171  2.3 8  6.4 100    0    0 322 -341  1
3856500 2933500 11 29 20   7.2 1011 159  1.8 8  6.4 100    0    0 323 -340  1
3856500 2933500 11 29 21   7.2 1011  71  1.6 8  6.3  99    0    0 323 -338  1
3856500 2933500 11 29 22   7.1 1012 227  1.0 7  6.3  99    0    0 319 -332  1
3856500 2933500 11 29 23   6.8 1012 216  1.7 7  6.2 100    0    0 313 -325  1
3856500 2933500 11 29 24   6.8 1012 301  1.5 8  6.1 100    0    0 318 -321  1
3856500 2933500 11 30  1   6.8 1012 316  1.6 8  6.2 100    0    0 324 -319  1
3856500 2933500 11 30  2   6.8 1013 311  1.6 8  6.1 100    0    0 325 -318  1
3856500 2933500 11 30  3   6.6 1013 312  2.1 8  6.1 100    0    0 324 -318  1
3856500 2933500 11 30  4   6.5 1013 281  1.9 8  6.1 100    0    0 324 -319  1
3856500 2933500 11 30  5   6.3 1014 292  1.9 8  6.0 100    0    0 323 -319  1
3856500 2933500 11 30  6   6.3 1014 278  1.6 8  5.9 100    0    0 322 -319  1
3856500 2933500 11 30  7   6.3 1014 271  1.4 8  5.9 100    0    0 321 -318  1
3856500 2933500 11 30  8   6.3 1015 221  1.5 8  5.9 100    0    0 320 -318  1
3856500 2933500 11 30  9   6.4 1015 240  2.2 8  6.0 100    0    4 320 -318  1
3856500 2933500 11 30 10   6.7 1016 253  2.0 7  6.0 100    0   36 316 -318  1
3856500 2933500 11 30 11   6.8 1017 292  2.1 8  6.1 100    0   48 317 -322  1
3856500 2933500 11 30 12   6.7 1017 340  2.2 7  6.1 100    0   45 317 -332  1
3856500 2933500 11 30 13   7.0 1017 339  2.2 7  6.1  99    0   38 311 -340  1
3856500 2933500 11 30 14   7.1 1018  12  2.5 8  6.1  98    0   28 316 -343  1
3856500 2933500 11 30 15   6.8 1018 359  2.2 8  6.1  98    0   24 320 -341  1
3856500 2933500 11 30 16   6.3 1018  12  1.7 7  5.9  98    0    7 314 -335  1
3856500 2933500 11 30 17   6.0 1018  31  1.6 7  5.7  97    0    0 307 -329  1
3856500 2933500 11 30 18   5.3 1018  14  1.8 8  5.5  98    0    0 310 -323  1
3856500 2933500 11 30 19   4.1 1019  80  2.2 5  5.3  99    0    0 298 -319  1
3856500 2933500 11 30 20   4.5 1019 108  1.9 6  5.1  99    0    0 287 -318  1
3856500 2933500 11 30 21   4.3 1019 159  1.6 7  5.1  99    0    0 297 -317  1
3856500 2933500 11 30 22   4.3 1019 118  2.3 8  5.1 100    0    0 308 -317  1
3856500 2933500 11 30 23   4.3 1019 150  2.8 8  5.1 100    0    0 313 -317  1
3856500 2933500 11 30 24   4.2 1019 148  2.4 8  5.1 100    0    0 311 -317  1
3856500 2933500 12  1  1   3.8 1019  97  1.9 8  5.0 100    0    0 308 -317  1
3856500 2933500 12  1  2   4.1 1019 107  1.8 8  5.0 100    0    0 306 -317  1
3856500 2933500 12  1  3   4.0 1019 127  1.8 8  5.0 100    0    0 305 -317  1
3856500 2933500 12  1  4   4.0 1019 135  2.0 8  5.0 100    0    0 304 -316  1
3856500 2933500 12  1  5   3.9 1019 107  1.5 7  5.0 100    0    0 299 -314  1
3856500 2933500 12  1  6   4.2 1018 135  1.9 6  5.0 100    0    0 288 -310  1
3856500 2933500 12  1  7   4.1 1018 127  1.9 6  5.1 100    0    0 283 -307  1
3856500 2933500 12  1  8   4.8 1018 138  1.9 8  5.2 100    0    0 295 -306  1
3856500 2933500 12  1  9   4.9 1018 139  2.6 8  5.3 100    0    1 308 -306  1
3856500 2933500 12  1 10   4.9 1018 138  2.8 8  5.4 100    0   25 309 -307  1
3856500 2933500 12  1 11   5.3 1018 146  2.9 6  5.4  99    0   34 300 -311  1
3856500 2933500 12  1 12   5.4 1018 162  3.4 8  5.4  98    0   34 301 -315  1
3856500 2933500 12  1 13   5.1 1018 172  3.3 8  5.3  97    0   39 312 -317  1
3856500 2933500 12  1 14   5.2 1017 157  3.2 8  5.2  96    0   49 310 -317  1
3856500 2933500 12  1 15   4.8 1017 136  3.7 8  5.1  95    0   26 309 -317  1
3856500 2933500 12  1 16   4.8 1017 122  3.4 8  5.0  93    0    3 306 -317  1
3856500 2933500 12  1 17   4.2 1016 106  3.8 8  4.9  93    0    0 304 -317  1
3856500 2933500 12  1 18   3.9 1016 102  3.8 8  4.7  94    0    0 302 -316  1
3856500 2933500 12  1 19   3.6 1016 104  4.3 8  4.6  94    0    0 302 -313  1
3856500 2933500 12  1 20   3.6 1016  94  3.7 8  4.6  94    0    0 301 -309  1
3856500 2933500 12  1 21   3.7 1016  99  4.0 7  4.5  92    0    0 296 -307  1
3856500 2933500 12  1 22   3.7 1015  95  3.5 7  4.5  90    0    0 291 -306  1
3856500 2933500 12  1 23   3.8 1015  96  4.9 7  4.4  89    0    0 293 -306  1
3856500 2933500 12  1 24   3.3 1014  93  4.4 8  4.4  89    0    0 301 -306  1
3856500 2933500 12  2  1   2.9 1014 104  4.3 7  4.2  90    0    0 295 -305  1
3856500 2933500 12  2  2   2.7 1014  94  4.0 7  4.2  90    0    0 296 -305  1
3856500 2933500 12  2  3   2.6 1013  83  3.5 8  4.2  90    0    0 302 -304  1
3856500 2933500 12  2  4   2.6 1012  50  4.4 7  4.2  91    0    0 302 -303  1
3856500 2933500 12  2  5   2.4 1012  56  4.1 7  4.2  92    0    0 296 -303  1
3856500 2933500 12  2  6   2.5 1011  61  3.7 8  4.2  93    0    0 302 -303  1
3856500 2933500 12  2  7   2.6 1011  65  4.2 8  4.3  95    0    0 308 -303  1
3856500 2933500 12  2  8   2.6 1011  51  4.3 8  4.4  96    0    0 308 -304  1
3856500 2933500 12  2  9   2.5 1011  70  5.1 8  4.5  98    0    0 308 -306  1
3856500 2933500 12  2 10   2.4 1010  65  4.9 8  4.5  99    0   22 309 -309  1
3856500 2933500 12  2 11   2.5 1010  71  4.8 7  4.5  98    0   49 305 -313  1
3856500 2933500 12  2 12   2.7 1010  80  4.5 4  4.5  98   12  106 286 -315  1
3856500 2933500 12  2 13   2.8 1009  81  3.6 8  4.6  99    0   45 292 -316  1
3856500 2933500 12  2 14   2.9 1008  86  2.8 8  4.6  99    0   30 314 -317  1
3856500 2933500 12  2 15   3.1 1008  93  2.4 8  4.6  98    0   15 315 -317  1
3856500 2933500 12  2 16   2.9 1008 108  2.1 7  4.6  96    0    2 311 -318  1
3856500 2933500 12  2 17   1.9 1008  21  1.6 6  4.4  96    0    0 298 -318  1
3856500 2933500 12  2 18   1.7 1008 287  1.5 7  4.3  99    0    0 295 -317  1
3856500 2933500 12  2 19   2.1 1008 297  1.4 8  4.3  99    0    0 305 -317  1
3856500 2933500 12  2 20   1.9 1007 294  1.7 8  4.4  99    0    0 311 -317  1
3856500 2933500 12  2 21   1.9 1007 273  1.6 8  4.3  99    0    0 311 -317  1
3856500 2933500 12  2 22   1.9 1008 263  1.8 8  4.3  98    0    0 312 -317  1
3856500 2933500 12  2 23   2.0 1008 266  2.4 8  4.3  99    0    0 313 -317  1
3856500 2933500 12  2 24   1.8 1008 256  2.3 8  4.4 100    0    0 314 -317  1
3856500 2933500 12  3  1   2.0 1009 285  2.9 7  4.3  99    0    0 309 -317  1
3856500 2933500 12  3  2   2.1 1009 278  2.1 7  4.3  98    0    0 306 -317  1
3856500 2933500 12  3  3   2.2 1009 275  2.9 8  4.4  98    0    0 312 -317  1
3856500 2933500 12  3  4   2.2 1009 258  2.6 7  4.4  98    0    0 312 -317  1
3856500 2933500 12  3  5   2.1 1009 249  2.4 7  4.4  99    0    0 306 -317  1
3856500 2933500 12  3  6   2.0 1010 232  2.3 5  4.4  99    0    0 295 -317  1
3856500 2933500 12  3  7   2.1 1010 235  2.8 8  4.4  99    0    0 300 -317  1
3856500 2933500 12  3  8   2.1 1010 238  3.1 8  4.4  99    0    0 316 -317  1
3856500 2933500 12  3  9   2.0 1010 214  2.9 8  4.4 100    0    1 316 -318  1
3856500 2933500 12  3 10   2.3 1010 222  2.9 6  4.4 100   10   32 305 -318  1
3856500 2933500 12  3 11   2.8 1011 227  3.0 8  4.6 100    0   39 307 -318  1
3856500 2933500 12  3 12   3.4 1011 246  2.7 8  4.7  99    0   52 320 -318  1
3856500 2933500 12  3 13   4.0 1011 281  3.7 8  4.8  97    0   51 321 -318  1
3856500 2933500 12  3 14   4.3 1011 280  2.8 8  4.9  95    0   46 323 -318  1
3856500 2933500 12  3 15   4.6 1011 253  2.6 8  4.9  94    5   42 323 -318  1
3856500 2933500 12  3 16   4.1 1012 236  2.7 7  4.9  95    0    8 315 -318  1
3856500 2933500 12  3 17   3.8 1012 207  2.4 7  4.9  96    0    0 306 -318  1
3856500 2933500 12  3 18   3.7 1012 247  2.6 7  4.8  96    0    0 303 -318  1
3856500 2933500 12  3 19   3.8 1012 243  2.2 8  4.8  97    0    0 305 -317  1
3856500 2933500 12  3 20   3.7 1013 257  2.6 8  4.9  98    0    0 309 -317  1
3856500 2933500 12  3 21   3.8 1013 253  2.2 8  4.9  98    0    0 309 -317  1
3856500 2933500 12  3 22   3.2 1014 239  2.3 5  4.8  99    0    0 292 -317  1
3856500 2933500 12  3 23   2.7 1014 222  2.0 5  4.7 100    0    0 273 -317  1
3856500 2933500 12  3 24   1.8 1014 230  2.1 5  4.5 100    0    0 268 -317  1
3856500 2933500 12  4  1   2.3 1015 207  2.3 6  4.4 100    0    0 270 -316  1
3856500 2933500 12  4  2   1.4 1015 210  1.9 6  4.3 100    0    0 273 -316  1
3856500 2933500 12  4  3   1.2 1015 196  1.8 3  4.1  99    0    0 250 -313  1
3856500 2933500 12  4  4   1.7 1016 214  1.8 5  4.2  99    0    0 243 -309  1
3856500 2933500 12  4  5   2.6 1016 210  1.9 6  4.4 100    0    0 264 -306  1
3856500 2933500 12  4  6   2.5 1016 207  1.8 6  4.5 100    0    0 273 -305  1
3856500 2933500 12  4  7   2.8 1017 205  2.2 8  4.6 100    0    0 286 -304  1
3856500 2933500 12  4  8   3.0 1017 208  1.9 8  4.7 100    0    0 302 -304  1
3856500 2933500 12  4  9   2.9 1017 248  2.0 6  4.7 100    0    0 290 -303  1
3856500 2933500 12  4 10   3.3 1018 226  2.3 4  4.7 100    2   39 265 -304  1
3856500 2933500 12  4 11   4.8 1019 236  2.6 4  5.0  99   29   75 257 -308  1
3856500 2933500 12  4 12   6.3 1019 264  3.9 1  5.2  94  155   48 244 -312  1
3856500 2933500 12  4 13   7.1 1019 250  4.1 1  5.3  87  167   47 230 -315  1
3856500 2933500 12  4 14   7.7 1020 254  3.4 3  5.3  83   93   68 247 -316  1
3856500 2933500 12  4 15   5.8 1020 277  2.8 4  5.2  85   50   50 267 -317  1
3856500 2933500 12  4 16   4.8 1021 238  3.3 5  4.9  90    5   20 277 -317  1
3856500 2933500 12  4 17   4.4 1021 255  2.7 5  4.8  92    0    0 283 -315  1
3856500 2933500 12  4 18   3.3 1022 233  2.9 7  4.8  96    0    0 296 -311  1
3856500 2933500 12  4 19   2.5 1022 242  2.7 6  4.6 100    0    0 301 -307  1
3856500 2933500 12  4 20   2.6 1023 236  2.9 5  4.5 100    0    0 290 -305  1
3856500 2933500 12  4 21   2.5 1023 236  3.4 6  4.5 100    0    0 291 -305  1
3856500 2933500 12  4 22   2.6 1024 234  4.0 8  4.5 100    0    0 308 -305  1
3856500 2933500 12  4 23   2.6 1024 224  4.1 8  4.5 100    0    0 318 -305  1
3856500 2933500 12  4 24   2.8 1025 229  4.1 8  4.6 100    0    0 317 -305  1
3856500 2933500 12  5  1   2.7 1025 236  4.8 6  4.6 100    0    0 305 -305  1
3856500 2933500 12  5  2   2.8 1026 229  4.6 7  4.6 100    0    0 299 -305  1
3856500 2933500 12  5  3   2.9 1026 229  4.8 6  4.6 100    0    0 299 -305  1
3856500 2933500 12  5  4   3.0 1026 218  5.3 5  4.6  99    0    0 288 -304  1
3856500 2933500 12  5  5   3.4 1026 223  5.0 4  4.7  99    0    0 278 -304  1
3856500 2933500 12  5  6   3.8 1026 218  4.6 8  4.8  99    0    0 294 -304  1
3856500 2933500 12  5  7   3.9 1027 222  4.8 8  4.8  98    0    0 313 -304  1
3856500 2933500 12  5  8   3.9 1027 230  4.6 8  4.8  98    0    0 310 -304  1
3856500 2933500 12  5  9   3.9 1027 226  4.2 8  4.8  97    0    0 307 -303  1
3856500 2933500 12  5 10   4.3 1028 222  4.4 8  4.9  97    0   15 306 -304  1
3856500 2933500 12  5 11   4.7 1028 227  4.3 7  5.0  96    0   51 300 -307  1
3856500 2933500 12  5 12   4.7 1028 230  4.1 7  5.1  97   55   50 294 -311  1
3856500 2933500 12  5 13   4.7 1028 227  4.1 7  5.1  98    5   69 291 -315  1
3856500 2933500 12  5 14   4.9 1028 223  4.2 8  5.1  97    0   33 293 -316  1
3856500 2933500 12  5 15   5.1 1028 225  3.8 8  5.2  98    0   19 297 -317  1
3856500 2933500 12  5 16   5.0 1028 227  3.6 7  5.3  99    0    4 292 -316  1
3856500 2933500 12  5 17   4.8 1029 220  3.8 4  5.3 100    0    0 276 -313  1
3856500 2933500 12  5 18   4.6 1029 230  3.7 7  5.2  99    0    0 276 -309  1
3856500 2933500 12  5 19   4.6 1029 220  3.3 6  5.2  99    0    0 285 -306  1
3856500 2933500 12  5 20   4.4 1029 227  3.4 7  5.1 100    0    0 286 -305  1
3856500 2933500 12  5 21   4.4 1029 208  3.8 8  5.1 100    0    0 295 -304  1
3856500 2933500 12  5 22   4.4 1029 204  3.6 8  5.1 100    0    0 300 -303  1
3856500 2933500 12  5 23   4.6 1029 210  3.6 7  5.2 100    0    0 298 -302  1
3856500 2933500 12  5 24   4.8 1029 202  3.6 4  5.2 100    0    0 281 -301  1
3856500 2933500 12  6  1   4.9 1028 191  3.5 6  5.3  99    0    0 277 -300  1
3856500 2933500 12  6  2   5.0 1028 199  3.5 8  5.3  99    0    0 294 -299  1
3856500 2933500 12  6  3   5.2 1028 198  3.7 8  5.3  98    0    0 302 -298  1
3856500 2933500 12  6  4   5.6 1027 211  3.8 8  5.3  97    0    0 303 -297  1
3856500 2933500 12  6  5   5.5 1027 213  3.8 8  5.4  97    0    0 305 -295  1
3856500 2933500 12  6  6   5.7 1027 226  4.1 8  5.4  97    0    0 306 -294  1
3856500 2933500 12  6  7   5.9 1026 222  4.1 7  5.4  96    0    0 301 -293  1
3856500 2933500 12  6  8   6.2 1026 217  4.5 7  5.5  95    0    0 296 -294  1
3856500 2933500 12  6  9   6.3 1025 237  4.7 7  5.5  94    0    1 296 -294  1
3856500 2933500 12  6 10   6.9 1025 245  5.0 7  5.6  93    2   45 297 -297  1
3856500 2933500 12  6 11   7.2 1025 249  5.6 8  5.7  93    0   33 305 -302  1
3856500 2933500 12  6 12   7.7 1026 250  5.8 8  5.9  93    0   39 314 -309  1
3856500 2933500 12  6 13   8.3 1025 261  5.6 8  6.2  93    0   24 320 -314  1
3856500 2933500 12  6 14   8.4 1025 268  6.0 8  6.3  94    0   34 326 -317  1
3856500 2933500 12  6 15   8.7 1025 269  5.8 5  6.4  93    0   40 312 -317  1
3856500 2933500 12  6 16   8.5 1025 272  5.7 5  6.3  92    3   24 297 -318  1
3856500 2933500 12  6 17   8.1 1025 267  5.3 5  6.1  91    0    0 295 -318  1
3856500 2933500 12  6 18   7.6 1025 264  5.1 6  6.0  92    0    0 298 -318  1
3856500 2933500 12  6 19   7.0 1026 263  5.1 6  5.9  94    0    0 299 -318  1
3856500 2933500 12  6 20   6.5 1026 258  4.5 6  5.7  94    0    0 302 -318  1
3856500 2933500 12  6 21   6.0 1026 254  4.2 6  5.6  95    0    0 301 -319  1
3856500 2933500 12  6 22   5.5 1026 250  4.0 5  5.4  96    0    0 283 -324  1
3856500 2933500 12  6 23   5.0 1026 243  3.4 5  5.3  97    0    0 270 -325  1
3856500 2933500 12  6 24   4.6 1026 237  2.8 6  5.2  98    0    0 276 -323  1
3856500 2933500 12  7  1   4.0  995 218  2.0 6  5.1  99    0    0 320 -317  1
3856500 2933500 12  7  2   3.5  996 206  1.5 7  5.0 100    0    0 320 -317  1
3856500 2933500 12  7  3   3.1  996 210  1.2 8  4.9 100    0    0 305 -317  1
3856500 2933500 12  7  4   2.8  997 233  1.4 7  4.8 100    0    0 305 -318  1
3856500 2933500 12  7  5   2.9  998 250  1.6 7  4.8 100    0    0 316 -319  1
3856500 2933500 12  7  6   2.6  998 309  1.9 7  4.6 100    0    0 308 -322  1
3856500 2933500 12  7  7   3.2  999 268  2.0 6  4.7 100    0    0 291 -323  1
3856500 2933500 12  7  8   3.3 1000 289  1.6 7  4.8  99    0    0 289 -320  1
3856500 2933500 12  7  9   3.2 1001 271  0.7 8  4.8 100    0    3 303 -320  1
3856500 2933500 12  7 10   3.0 1002 257  1.7 8  4.8 100    0   25 312 -320  1
3856500 2933500 12  7 11   3.6 1003 234  1.4 7  4.9 100    0   59 306 -321  1
3856500 2933500 12  7 12   4.5 1004 266  2.1 5  5.1 100   24  106 290 -323  1
3856500 2933500 12  7 13   5.5 1005 292  2.0 4  5.5 100   22  109 273 -328  1
3856500 2933500 12  7 14   6.0 1005 277  2.1 7  5.6  98    0   65 290 -332  1
3856500 2933500 12  7 15   5.7 1006 309  2.6 8  5.6  97    0   33 315 -332  1
3856500 2933500 12  7 16   5.4 1007 305  2.4 6  5.5  97    0   11 308 -330  1
3856500 2933500 12  7 17   4.4 1008 267  2.6 6  5.3  99    0    0 296 -327  1
3856500 2933500 12  7 18   4.0 1009 269  2.8 7  5.2 100    0    0 302 -325  1
3856500 2933500 12  7 19   3.2 1009 282  3.2 6  4.9 100    0    0 302 -327  1
3856500 2933500 12  7 20   3.5 1010 287  3.8 6  4.9 100    0    0 296 -329  1
3856500 2933500 12  7 21   4.2 1011 300  3.1 6  5.0 100    0    0 299 -332  1
3856500 2933500 12  7 22   4.2 1012 331  2.9 6  5.1 100    0    0 301 -334  1
3856500 2933500 12  7 23   3.8 1013 310  2.3 6  5.0 100    0    0 302 -334  1
3856500 2933500 12  7 24   2.5 1014 289  2.8 4  4.8 100    0    0 287 -334  1
3856500 2933500 12  8  1   1.3 1015 300  2.4 3  4.3 100    0    0 265 -333  1
3856500 2933500 12  8  2   1.4 1016 305  3.0 5  4.2 100    0    0 268 -332  1
3856500 2933500 12  8  3   1.1 1017 268  2.6 6  4.1 100    0    0 284 -332  1
3856500 2933500 12  8  4   1.8 1018 270  2.5 6  4.2 100    0    0 289 -332  1
3856500 2933500 12  8  5   1.6 1018 266  2.5 4  4.3 100    0    0 279 -332  1
3856500 2933500 12  8  6   2.0 1019 284  2.9 3  4.3  99    0    0 262 -331  1
3856500 2933500 12  8  7   2.0 1020 280  2.8 3  4.3  99    0    0 257 -326  1
3856500 2933500 12  8  8   1.9 1021 283  3.2 4  4.3 100    0    0 261 -321  1
3856500 2933500 12  8  9   1.7 1021 285  2.7 4  4.3 100    0    7 267 -319  1
3856500 2933500 12  8 10   2.7 1022 263  2.9 3  4.4  99    4   44 265 -318  1
3856500 2933500 12  8 11   4.3 1023 262  2.7 3  4.7  96   60   82 264 -321  1
3856500 2933500 12  8 12   5.6 1023 258  3.2 3  5.1  95  100   98 268 -326  1
3856500 2933500 12  8 13   6.7 1024 261  4.0 1  5.3  91  105  103 261 -332  1
3856500 2933500 12  8 14   7.2 1024 261  4.4 3  5.3  87   45   97 262 -335  1
3856500 2933500 12  8 15   7.1 1024 264  4.9 7  5.4  86    6   56 292 -334  1
3856500 2933500 12  8 16   6.7 1024 270  4.9 6  5.2  85    3   19 304 -331  1
3856500 2933500 12  8 17   5.9 1024 261  4.8 6  5.0  85    0    0 297 -328  1
3856500 2933500 12  8 18   5.3 1025 244  3.5 6  4.9  87    0    0 295 -326  1
3856500 2933500 12  8 19   5.0 1025 243  4.0 6  4.8  89    0    0 293 -324  1
3856500 2933500 12  8 20   4.7 1025 244  4.1 6  4.7  89    0    0 291 -321  1
3856500 2933500 12  8 21   4.1 1025 246  4.2 7  4.7  91    0    0 293 -319  1
3856500 2933500 12  8 22   4.0 1025 247  4.1 7  4.6  92    0    0 295 -318  1
3856500 2933500 12  8 23   4.0 1025 242  4.2 7  4.6  91    0    0 291 -317  1
3856500 2933500 12  8 24   3.7 1025 246  4.0 5  4.5  91    0    0 278 -317  1
3856500 2933500 12  9  1   3.5 1025 246  4.4 6  4.5  92    0    0 271 -317  1
3856500 2933500 12  9  2   3.6 1025 246  4.1 6  4.5  93    0    0 275 -317  1
3856500 2933500 12  9  3   3.7 1024 245  4.6 7  4.5  92    0    0 278 -317  1
3856500 2933500 12  9  4   3.8 1024 247  4.6 6  4.5  92    0    0 277 -317  1
3856500 2933500 12  9  5   3.5 1024 241  4.7 7  4.5  93    0    0 274 -317  1
3856500 2933500 12  9  6   3.6 1024 233  4.5 8  4.5  93    0    0 279 -317  1
3856500 2933500 12  9  7   3.4 1023 226  4.6 7  4.5  94    0    0 276 -317  1
3856500 2933500 12  9  8   3.6 1023 228  4.3 6  4.6  94    0    0 263 -317  1
3856500 2933500 12  9  9   3.8 1023 231  4.9 7  4.6  94    0    2 262 -317  1
3856500 2933500 12  9 10   4.4 1023 243  5.7 7  4.7  92    0   37 265 -317  1
3856500 2933500 12  9 11   4.9 1023 236  6.0 6  4.8  91   15   80 259 -317  1
3856500 2933500 12  9 12   5.3 1023 231  5.9 6  4.9  90   20  103 252 -317  1
3856500 2933500 12  9 13   5.3 1022 235  4.9 5  4.9  89   68  105 245 -317  1
3856500 2933500 12  9 14   5.5 1022 219  5.2 6  4.9  88   43   92 245 -317  1
3856500 2933500 12  9 15   5.5 1021 221  5.4 8  4.8  87    9   59 259 -317  1
3856500 2933500 12  9 16   4.9 1020 220  5.1 7  4.8  88    3   19 263 -317  1
3856500 2933500 12  9 17   4.5 1020 221  6.2 6  4.6  88    0    0 253 -317  1
3856500 2933500 12  9 18   3.8 1020 223  4.6 6  4.5  88    0    0 249 -317  1
3856500 2933500 12  9 19   3.2 1020 232  5.1 6  4.3  89    0    0 248 -317  1
3856500 2933500 12  9 20   3.1 1019 225  5.3 6  4.2  90    0    0 249 -317  1
3856500 2933500 12  9 21   2.9 1019 233  5.1 7  4.2  90    0    0 256 -315  1
3856500 2933500 12  9 22   2.4 1019 226  5.0 7  4.2  92    0    0 261 -311  1
3856500 2933500 12  9 23   2.2 1019 222  4.5 7  4.2  94    0    0 261 -309  1
3856500 2933500 12  9 24   2.0 1018 219  4.7 7  4.1  94    0    0 261 -309  1
3856500 2933500 12 10  1   1.1 1018 207  3.9 8  4.0  95    0    0 265 -311  1
3856500 2933500 12 10  2   0.6 1017 197  3.6 6  3.9  98    0    0 259 -312  1
3856500 2933500 12 10  3   0.3 1016 204  3.1 8  3.8  99    0    0 259 -312  1
3856500 2933500 12 10  4   0.3 1016 205  3.4 7  3.8  98    0    0 264 -313  1
3856500 2933500 12 10  5   0.2 1015 204  3.4 5  3.7  97    0    0 256 -313  1
3856500 2933500 12 10  6  -0.1 1014 218  3.9 6  3.7  98    0    0 255 -313  1
3856500 2933500 12 10  7   0.2 1014 218  3.9 7  3.7  98    0    0 264 -314  1
3856500 2933500 12 10  8   0.0 1013 216  4.1 7  3.8  99    0    0 271 -314  1
3856500 2933500 12 10  9   0.1 1013 200  4.4 8  3.8  99    0    1 279 -315  1
3856500 2933500 12 10 10   0.2 1013 206  3.9 8  3.8 100    0   13 287 -316  1
3856500 2933500 12 10 11   0.3 1012 202  3.9 6  3.8 100    0   29 279 -317  1
3856500 2933500 12 10 12   0.3 1012 216  4.7 7  3.8  99    0   39 275 -317  1
3856500 2933500 12 10 13   0.2 1012 229  4.2 8  3.8  99    0   35 288 -318  1
3856500 2933500 12 10 14   0.2 1011 227  1.9 7  3.9 100    0   46 290 -318  1
3856500 2933500 12 10 15   0.5 1010 222  2.2 7  3.9 100    0   37 286 -318  1
3856500 2933500 12 10 16   0.1 1010 228  3.1 8  3.9 100    0   10 292 -318  1
3856500 2933500 12 10 17   0.7 1010 253  2.3 8  3.9 100    0    0 297 -319  1
3856500 2933500 12 10 18   1.1 1010 226  1.5 8  4.0  99    0    0 299 -321  1
3856500 2933500 12 10 19   1.4 1010 303  1.4 7  4.1  99    0    0 294 -322  1
3856500 2933500 12 10 20   1.6 1010 204  1.0 7  4.2 100    0    0 290 -322  1
3856500 2933500 12 10 21   1.5 1011 316  1.6 6  4.3 100    0    0 283 -321  1
3856500 2933500 12 10 22   1.2 1011 301  2.3 6  4.2 100    0    0 274 -320  1
3856500 2933500 12 10 23   0.7 1012 263  1.7 6  4.1 100    0    0 270 -322  1
3856500 2933500 12 10 24   0.9 1012 280  1.6 7  4.0 100    0    0 275 -322  1
3856500 2933500 12 11  1   1.0 1012 269  2.4 7  4.1 100    0    0 282 -319  1
3856500 2933500 12 11  2   1.5 1012 266  3.0 6  4.2 100    0    0 273 -318  1
3856500 2933500 12 11  3   1.0 1012 270  1.6 7  4.2 100    0    0 273 -319  1
3856500 2933500 12 11  4   1.2 1012 257  0.9 7  4.1 100    0    0 282 -319  1
3856500 2933500 12 11  5   0.8 1012 301  1.3 6  4.1 100    0    0 273 -319  1
3856500 2933500 12 11  6   0.0 1012 258  2.8 3  3.9 100    0    0 235 -319  1
3856500 2933500 12 11  7  -0.2 1012 242  2.3 3  3.8 100    0    0 209 -318  1
3856500 2933500 12 11  8  -0.4 1012 241  2.2 3  3.7 100    0    0 212 -318  1
3856500 2933500 12 11  9  -0.6 1012 224  2.7 3  3.7 100    0    6 214 -319  1
3856500 2933500 12 11 10   0.6 1012 228  3.4 2  3.8 100   16   43 209 -320  1
3856500 2933500 12 11 11   1.6 1012 214  3.0 0  4.1 100   78   68 189 -322  1
3856500 2933500 12 11 12   3.0 1012 222  2.9 1  4.3  96  123   79 187 -325  1
3856500 2933500 12 11 13   3.6 1012 227  2.8 1  4.4  92  138   79 206 -329  1
3856500 2933500 12 11 14   3.9 1011 215  2.9 1  4.5  90  121   69 213 -333  1
3856500 2933500 12 11 15   3.4 1011 199  2.9 1  4.5  91   60   57 213 -333  1
3856500 2933500 12 11 16   2.8 1011 184  3.7 3  4.5  94   11   21 225 -330  1
3856500 2933500 12 11 17   1.6 1011 185  3.4 4  4.3  97    0    0 241 -327  1
3856500 2933500 12 11 18   1.7 1011 172  2.5 6  4.3 100    0    0 258 -323  1
3856500 2933500 12 11 19   1.2 1011 173  2.9 6  4.2 100    0    0 271 -321  1
3856500 2933500 12 11 20   1.1 1011 186  4.4 6  4.1 100    0    0 269 -322  1
3856500 2933500 12 11 21   1.3 1011 179  3.0 7  4.1 100    0    0 274 -321  1
3856500 2933500 12 11 22   1.3 1012 171  4.2 7  4.2 100    0    0 280 -321  1
3856500 2933500 12 11 23   1.0 1012 158  3.6 7  4.1 100    0    0 279 -321  1
3856500 2933500 12 11 24   1.4 1012 150  3.8 7  4.1 100    0    0 279 -321  1
3856500 2933500 12 12  1   1.3 1012 140  3.1 8  4.1  98    0    0 287 -321  1
3856500 2933500 12 12  2   1.2 1012 120  3.2 7  4.1  98    0    0 288 -321  1
3856500 2933500 12 12  3   1.1 1012 113  3.3 7  4.0  98    0    0 280 -321  1
3856500 2933500 12 12  4   0.8 1012 121  3.5 6  3.9  96    0    0 272 -321  1
3856500 2933500 12 12  5   0.3 1012 113  2.6 7  3.9  98    0    0 269 -320  1
3856500 2933500 12 12  6   0.2 1012 117  2.4 5  3.8  99    0    0 258 -320  1
3856500 2933500 12 12  7  -0.5 1012 118  2.3 6  3.7  98    0    0 240 -319  1
3856500 2933500 12 12  8  -0.8 1012 111  2.7 7  3.6  99    0    0 255 -319  1
3856500 2933500 12 12  9   0.2 1012 108  2.6 7  3.7 100    0    7 267 -318  1
3856500 2933500 12 12 10   0.1 1013 115  3.1 4  3.8 100   18   44 227 -317  1
3856500 2933500 12 12 11   0.6 1013 113  1.9 5  3.9 100   24   80 208 -318  1
3856500 2933500 12 12 12   1.1 1013 122  2.2 7  4.0 100    5   90 250 -320  1
3856500 2933500 12 12 13   1.3 1013 131  2.0 6  4.1 100    5   93 264 -325  1
3856500 2933500 12 12 14   1.7 1013 136  2.9 7  4.1  98    1   71 265 -328  1
3856500 2933500 12 12 15   1.9 1013 147  3.1 7  4.1  94    0   31 277 -328  1
3856500 2933500 12 12 16   2.0 1013 155  0.8 8  4.1  93    0    7 288 -327  1
3856500 2933500 12 12 17   1.8 1013 117  0.8 8  4.1  93    0    0 296 -324  1
3856500 2933500 12 12 18   1.4 1013 112  2.0 8  4.0  94    0    0 297 -322  1
3856500 2933500 12 12 19   1.0 1013 113  2.0 7  3.9  95    0    0 289 -320  1
3856500 2933500 12 12 20   0.5 1014 113  2.3 7  3.9  97    0    0 282 -319  1
3856500 2933500 12 12 21   0.1 1014 107  2.7 7  3.8  99    0    0 281 -319  1
3856500 2933500 12 12 22  -0.1 1014 115  1.7 7  3.8 100    0    0 279 -318  1
3856500 2933500 12 12 23  -0.3 1014  79  1.8 7  3.7 100    0    0 278 -317  1
3856500 2933500 12 12 24  -0.9 1014 113  1.7 6  3.6 100    0    0 272 -317  1
3856500 2933500 12 13  1  -1.9 1014  86  1.2 5  3.4 100    0    0 259 -317  1
3856500 2933500 12 13  2  -2.3 1014  89  1.4 4  3.2 100    0    0 247 -317  1
3856500 2933500 12 13  3  -2.3 1014 107  1.7 5  3.2 100    0    0 248 -317  1
3856500 2933500 12 13  4  -2.2 1014 108  2.1 4  3.2 100    0    0 249 -317  1
3856500 2933500 12 13  5  -1.5 1014 124  1.7 5  3.3 100    0    0 251 -317  1
3856500 2933500 12 13  6  -1.4 1014 130  1.5 6  3.4 100    0    0 262 -317  1
3856500 2933500 12 13  7  -1.3 1014 138  1.6 8  3.4 100    0    0 276 -317  1
3856500 2933500 12 13  8  -1.4 1015 152  1.4 8  3.4 100    0    0 285 -317  1
3856500 2933500 12 13  9  -1.0 1015 186  2.3 8  3.5 100    0    1 285 -317  1
3856500 2933500 12 13 10  -0.5 1015 182  2.7 8  3.6 100    0   16 285 -316  1
3856500 2933500 12 13 11  -0.3 1016 201  2.2 7  3.7 100    0   33 280 -315  1
3856500 2933500 12 13 12   0.1 1016 204  2.3 6  3.8 100    0   39 270 -315  1
3856500 2933500 12 13 13   0.5 1017 204  4.2 8  3.9 100    0   39 277 -316  1
3856500 2933500 12 13 14   0.8 1017 210  4.6 8  4.0 100    0   38 286 -317  1
3856500 2933500 12 13 15   1.1 1017 199  4.3 7  4.0 100    0   39 281 -317  1
3856500 2933500 12 13 16   1.0 1017 203  3.9 8  4.1 100    0   10 280 -317  1
3856500 2933500 12 13 17   0.9 1017 200  3.8 8  4.0  99    0    0 283 -315  1
3856500 2933500 12 13 18   0.9 1017 193  4.2 8  3.9  96    0    0 283 -311  1
3856500 2933500 12 13 19   0.6 1018 197  4.0 8  3.8  96    0    0 284 -307  1
3856500 2933500 12 13 20   0.3 1018 182  4.6 8  3.7  96    0    0 286 -305  1
3856500 2933500 12 13 21   0.2 1018 168  5.4 6  3.7  95    0    0 277 -304  1
3856500 2933500 12 13 22   0.0 1018 176  3.5 5  3.6  95    0    0 264 -303  1
3856500 2933500 12 13 23   0.2 1018 163  4.7 5  3.6  94    0    0 260 -302  1
3856500 2933500 12 13 24  -0.4 1017 148  3.8 4  3.5  94    0    0 255 -302  1
3856500 2933500 12 14  1  -0.8 1017 150  3.6 1  3.4  95    0    0 229 -301  1
3856500 2933500 12 14  2  -1.3 1016 148  4.9 0  3.4  96    0    0 204 -300  1
3856500 2933500 12 14  3  -1.5 1016 144  4.8 0  3.3  96    0    0 196 -299  1
3856500 2933500 12 14  4  -1.8 1015 144  5.0 0  3.2  96    0    0 194 -299  1
3856500 2933500 12 14  5  -2.2 1015 135  4.6 1  3.1  96    0    0 199 -299  1
3856500 2933500 12 14  6  -2.3 1014 133  3.4 2  3.1  96    0    0 210 -299  1
3856500 2933500 12 14  7  -2.3 1013 133  5.5 4  3.1  96    0    0 228 -300  1
3856500 2933500 12 14  8  -2.0 1013 123  6.3 5  3.1  95    0    0 246 -301  1
3856500 2933500 12 14  9  -1.6 1012 125  7.7 6  3.1  94    0    2 260 -303  1
3856500 2933500 12 14 10  -1.3 1012 128  4.7 7  3.2  94    5   40 272 -307  1
3856500 2933500 12 14 11  -0.5 1011 118  4.4 3  3.3  93   77   63 257 -311  1
3856500 2933500 12 14 12   0.3 1010 121  4.2 2  3.4  91  135   66 232 -315  1
3856500 2933500 12 14 13   0.7 1009 114  4.5 2  3.5  89   72   95 230 -316  1
3856500 2933500 12 14 14   0.7 1008 116  6.5 3  3.6  89   12   85 237 -317  1
3856500 2933500 12 14 15   0.8 1006 118  5.8 5  3.6  89    5   54 253 -317  1
3856500 2933500 12 14 16   0.7 1006 117  6.3 6  3.6  90    0    7 268 -317  1
3856500 2933500 12 14 17   0.7 1005 113  4.1 7  3.7  92    0    0 278 -317  1
3856500 2933500 12 14 18   0.7 1004 123  3.9 7  3.8  93    0    0 284 -317  1
3856500 2933500 12 14 19   0.5 1004 120  4.0 8  3.9  96    0    0 289 -317  1
3856500 2933500 12 14 20   0.7 1003 116  4.4 8  3.9  98    0    0 297 -317  1
3856500 2933500 12 14 21   0.9 1002 116  4.3 8  3.9  97    0    0 299 -318  1
3856500 2933500 12 14 22   1.1 1002 115  5.3 7  4.0  96    0    0 296 -318  1
3856500 2933500 12 14 23   1.1 1002 113  4.2 7  4.0  96    0    0 291 -318  1
3856500 2933500 12 14 24   1.4 1001 117  4.4 6  4.0  95    0    0 287 -317  1
3856500 2933500 12 15  1   1.4 1001 115  4.4 7  4.0  94    0    0 286 -317  1
3856500 2933500 12 15  2   1.2 1001 117  4.2 6  4.0  94    0    0 287 -317  1
3856500 2933500 12 15  3   0.8 1001 119  5.5 3  3.9  94    0    0 265 -317  1
3856500 2933500 12 15  4   0.4 1002 122  5.8 2  3.8  95    0    0 245 -317  1
3856500 2933500 12 15  5   0.2 1002 121  3.5 1  3.7  95    0    0 233 -317  1
3856500 2933500 12 15  6  -0.1 1002 111  3.1 0  3.7  95    0    0 218 -316  1
3856500 2933500 12 15  7  -0.1 1002 109  4.6 0  3.6  95    0    0 209 -315  1
3856500 2933500 12 15  8  -0.3 1003 113  3.2 0  3.6  96    0    0 207 -313  1
3856500 2933500 12 15  9   0.0 1003 110  4.8 1  3.6  96    0    2 210 -313  1
3856500 2933500 12 15 10   0.4 1004 109  4.9 3  3.7  95    9   39 225 -315  1
3856500 2933500 12 15 11   1.5 1005 105  4.7 2  3.9  94   72   62 230 -316  1
3856500 2933500 12 15 12   3.1 1005 114  3.5 3  4.1  91  103   76 234 -317  1
3856500 2933500 12 15 13   3.7 1006 105  3.0 5  4.3  89   11   95 252 -317  1
3856500 2933500 12 15 14   3.7 1006 103  2.5 6  4.4  89    0   54 267 -317  1
3856500 2933500 12 15 15   3.8 1006  88  3.8 8  4.5  90    0   30 280 -317  1
3856500 2933500 12 15 16   3.7 1007  80  3.8 7  4.5  91    0    8 284 -317  1
3856500 2933500 12 15 17   3.4 1007  89  3.4 6  4.5  92    0    0 269 -317  1
3856500 2933500 12 15 18   3.0 1008  83  6.3 6  4.5  93    0    0 262 -317  1
3856500 2933500 12 15 19   2.3 1008  75  2.9 5  4.3  94    0    0 253 -317  1
3856500 2933500 12 15 20   2.1 1009  81  3.6 4  4.3  96    0    0 238 -317  1
3856500 2933500 12 15 21   1.6 1010  74  3.0 3  4.2  98    0    0 220 -317  1
3856500 2933500 12 15 22   1.4 1010  72  3.4 2  4.2  98    0    0 204 -317  1
3856500 2933500 12 15 23   0.9 1011  68  3.5 2  4.1  99    0    0 196 -317  1
3856500 2933500 12 15 24   1.2 1011  66  3.5 5  4.1 100    0    0 218 -317  1
3856500 2933500 12 16  1   1.3 1012  66  3.3 6  4.2 100    0    0 249 -317  1
3856500 2933500 12 16  2   1.9 1012  60  3.1 8  4.2  99    0    0 274 -317  1
3856500 2933500 12 16  3   2.2 1013  67  3.3 8  4.3  97    0    0 292 -317  1
3856500 2933500 12 16  4   2.3 1013  59  4.8 8  4.2  95    0    0 294 -317  1
3856500 2933500 12 16  5   2.5 1014  62  4.7 8  4.2  94    0    0 295 -317  1
3856500 2933500 12 16  6   2.6 1014  61  2.6 8  4.3  93    0    0 297 -317  1
3856500 2933500 12 16  7   2.6 1015  60  3.9 8  4.3  93    0    0 296 -317  1
3856500 2933500 12 16  8   2.5 1015  56  3.4 7  4.3  94    0    0 290 -317  1
3856500 2933500 12 16  9   2.5 1016  55  3.8 8  4.3  94    0    1 290 -317  1
3856500 2933500 12 16 10   2.6 1016  68  3.1 8  4.2  93    0   24 296 -318  1
3856500 2933500 12 16 11   3.1 1016  72  3.5 7  4.3  92    0   38 289 -318  1
3856500 2933500 12 16 12   3.4 1017  68  1.9 7  4.4  92    0   45 283 -318  1
3856500 2933500 12 16 13   3.6 1017  72  1.7 7  4.4  90    0   47 282 -318  1
3856500 2933500 12 16 14   3.7 1017  58  1.9 7  4.4  89    0   37 281 -318  1
3856500 2933500 12 16 15   3.6 1017  50  1.9 7  4.4  90    0   21 280 -318  1
3856500 2933500 12 16 16   3.4 1018  52  3.1 8  4.4  91    0    5 286 -320  1
3856500 2933500 12 16 17   3.1 1018  39  1.8 8  4.4  92    0    0 291 -322  1
3856500 2933500 12 16 18   2.8 1018  35  1.4 8  4.4  94    0    0 290 -321  1
3856500 2933500 12 16 19   2.3 1018  53  1.5 8  4.4  96    0    0 289 -321  1
3856500 2933500 12 16 20   2.6 1019  49  1.3 8  4.3  96    0    0 290 -321  1
3856500 2933500 12 16 21   2.3 1019  53  1.2 7  4.3  96    0    0 287 -321  1
3856500 2933500 12 16 22   2.1 1019  28  1.4 7  4.3  96    0    0 283 -321  1
3856500 2933500 12 16 23   2.1 1019   8  0.9 7  4.2  96    0    0 284 -321  1
3856500 2933500 12 16 24   1.8 1019  18  1.6 7  4.2  97    0    0 284 -320  1
3856500 2933500 12 17  1   1.7 1019   7  1.1 5  4.2  98    0    0 274 -320  1
3856500 2933500 12 17  2   1.7 1019  23  1.5 6  4.2  99    0    0 270 -320  1
3856500 2933500 12 17  3   1.7 1019  19  1.5 6  4.3 100    0    0 277 -320  1
3856500 2933500 12 17  4   1.7 1019  18  1.3 7  4.3 100    0    0 283 -320  1
3856500 2933500 12 17  5   1.7 1019 359  1.3 6  4.2  99    0    0 283 -320  1
3856500 2933500 12 17  6   1.5 1019  30  0.7 6  4.2  99    0    0 278 -319  1
3856500 2933500 12 17  7   1.5 1019  16  1.1 6  4.2  99    0    0 279 -319  1
3856500 2933500 12 17  8   0.9 1018  65  0.8 8  4.1  99    0    0 287 -318  1
3856500 2933500 12 17  9   0.4 1018  29  0.8 8  4.0 100    0    2 294 -318  1
3856500 2933500 12 17 10   0.6 1018  81  1.5 8  3.9 100    0   25 294 -318  1
3856500 2933500 12 17 11   0.1 1019 114  1.4 7  3.9 100    0   55 289 -320  1
3856500 2933500 12 17 12   0.9 1018 132  1.2 7  3.9 100    1   72 283 -323  1
3856500 2933500 12 17 13   0.8 1017 144  1.3 7  4.0 100    0   68 284 -326  1
3856500 2933500 12 17 14   1.4 1017  43  0.8 6  4.0  99    0   59 279 -327  1
3856500 2933500 12 17 15   1.3 1017 145  1.5 7  4.1  99    0   36 281 -325  1
3856500 2933500 12 17 16   1.4 1016 124  2.0 7  4.2 100    0    7 286 -322  1
3856500 2933500 12 17 17   1.3 1016 127  2.1 8  4.1  99    0    0 292 -319  1
3856500 2933500 12 17 18   1.1 1015 136  1.3 8  4.1  99    0    0 298 -318  1
3856500 2933500 12 17 19   0.8 1015 113  1.5 7  4.1 100    0    0 294 -318  1
3856500 2933500 12 17 20   0.6 1015 106  1.7 8  4.0 100    0    0 295 -318  1
3856500 2933500 12 17 21   0.0 1014 128  1.7 8  3.9 100    0    0 301 -318  1
3856500 2933500 12 17 22   0.6 1013 148  2.1 7  3.9 100    0    0 296 -318  1
3856500 2933500 12 17 23   0.7 1013 192  1.4 8  4.0 100    0    0 296 -317  1
3856500 2933500 12 17 24   0.4 1013 202  1.1 8  3.9 100    0    0 300 -317  1
3856500 2933500 12 18  1   0.6 1012 188  1.5 7  3.9 100    0    0 294 -317  1
3856500 2933500 12 18  2   0.8 1012 185  2.1 5  4.0 100    0    0 279 -317  1
3856500 2933500 12 18  3   1.1 1011 189  2.3 7  4.0  98    0    0 280 -317  1
3856500 2933500 12 18  4   1.2 1011 203  2.1 6  4.0  97    0    0 284 -316  1
3856500 2933500 12 18  5   1.3 1010 210  2.5 7  3.9  95    0    0 283 -313  1
3856500 2933500 12 18  6   1.1 1010 222  3.9 7  3.9  93    0    0 288 -308  1
3856500 2933500 12 18  7   1.0 1010 173  3.4 8  3.9  94    0    0 293 -308  1
3856500 2933500 12 18  8   1.0 1010 236  3.8 8  3.9  95    0    0 300 -312  1
3856500 2933500 12 18  9   0.7 1010 211  3.7 8  4.0  98    0    0 301 -315  1
3856500 2933500 12 18 10   0.8 1010 218  3.7 8  4.0 100    0    5 304 -316  1
3856500 2933500 12 18 11   1.0 1010 222  3.9 8  4.1 100    0   33 308 -316  1
3856500 2933500 12 18 12   1.2 1011 218  3.4 7  4.1 100    0   59 304 -317  1
3856500 2933500 12 18 13   1.4 1010 235  2.5 8  4.2 100    0   25 305 -318  1
3856500 2933500 12 18 14   1.7 1010 237  1.8 8  4.3 100    0   21 314 -318  1
3856500 2933500 12 18 15   2.2 1011 231  1.5 8  4.4 100    0   27 317 -318  1
3856500 2933500 12 18 16   2.3 1011 224  1.5 8  4.5 100    0    9 320 -318  1
3856500 2933500 12 18 17   2.6 1011 234  1.4 5  4.5 100    0    0 303 -318  1
3856500 2933500 12 18 18   2.6 1012 252  1.6 8  4.6 100    0    0 304 -318  1
3856500 2933500 12 18 19   3.1 1013 259  2.2 6  4.7 100    0    0 311 -318  1
3856500 2933500 12 18 20   2.6 1013 248  2.0 7  4.7 100    0    0 305 -318  1
3856500 2933500 12 18 21   2.8 1014 261  2.5 7  4.6 100    0    0 310 -318  1
3856500 2933500 12 18 22   2.8 1014 255  2.9 6  4.6 100    0    0 305 -317  1
3856500 2933500 12 18 23   1.7 1014 293  2.1 5  4.5 100    0    0 292 -317  1
3856500 2933500 12 18 24   2.2 1015 280  1.4 3  4.3 100    0    0 272 -317  1
3856500 2933500 12 19  1   1.1 1015 229  2.2 2  4.3 100    0    0 251 -317  1
3856500 2933500 12 19  2   0.9 1015 235  2.5 3  4.1 100    0    0 247 -317  1
3856500 2933500 12 19  3   0.5 1016 221  2.5 3  4.0 100    0    0 250 -317  1
3856500 2933500 12 19  4   0.1 1016 223  2.4 2  3.9 100    0    0 240 -317  1
3856500 2933500 12 19  5  -0.4 1016 216  2.3 3  3.7 100    0    0 237 -317  1
3856500 2933500 12 19  6  -0.2 1016 209  2.6 4  3.7 100    0    0 249 -317  1
3856500 2933500 12 19  7   0.6 1017 201  3.9 3  3.8 100    0    0 253 -317  1
3856500 2933500 12 19  8   0.8 1017 197  3.5 4  4.0 100    0    0 256 -317  1
3856500 2933500 12 19  9   0.7 1017 200  3.1 6  4.0 100    0    2 275 -318  1
3856500 2933500 12 19 10   1.3 1017 201  3.8 3  4.1 100    7   37 272 -318  1
3856500 2933500 12 19 11   2.2 1017 198  4.3 2  4.3 100   43   77 253 -318  1
3856500 2933500 12 19 12   3.2 1017 213  5.1 4  4.6 100   31   98 264 -318  1
3856500 2933500 12 19 13   3.7 1017 201  5.3 5  4.8  99    7   89 286 -319  1
3856500 2933500 12 19 14   3.6 1017 206  4.9 6  4.8  98    0   48 300 -322  1
3856500 2933500 12 19 15   3.6 1016 203  4.9 8  4.8  99    0   25 320 -325  1
3856500 2933500 12 19 16   3.7 1016 194  4.9 8  4.9  99    0    7 333 -326  1
3856500 2933500 12 19 17   3.8 1016 197  4.9 8  5.0 100    0    0 335 -326  1
3856500 2933500 12 19 18   3.9 1016 198  4.9 8  5.0 100    0    0 335 -327  1
3856500 2933500 12 19 19   4.1 1016 203  5.5 8  5.0 100    0    0 337 -328  1
3856500 2933500 12 19 20   4.3 1016 203  5.2 8  5.1 100    0    0 337 -330  1
3856500 2933500 12 19 21   4.6 1016 209  5.0 8  5.2 100    0    0 339 -331  1
3856500 2933500 12 19 22   4.9 1016 211  5.4 8  5.3 100    0    0 341 -334  1
3856500 2933500 12 19 23   5.2 1015 220  5.4 8  5.4 100    0    0 343 -336  1
3856500 2933500 12 19 24   5.4 1015 214  5.1 7  5.5 100    0    0 336 -339  1
3856500 2933500 12 20  1   5.6 1015 206  4.4 8  5.6 100    0    0 336 -340  1
3856500 2933500 12 20  2   5.8 1014 222  5.0 8  5.7 100    0    0 345 -342  1
3856500 2933500 12 20  3   6.3 1013 225  4.8 6  5.8  99    0    0 329 -344  1
3856500 2933500 12 20  4   6.5 1013 247  4.9 8  5.8  97    0    0 332 -347  1
3856500 2933500 12 20  5   6.4 1013 283  4.8 8  5.7  95    0    0 349 -347  1
3856500 2933500 12 20  6   6.0 1013 271  4.8 8  5.4  92    0    0 346 -346  1
3856500 2933500 12 20  7   5.4 1014 261  5.2 6  5.1  90    0    0 327 -343  1
3856500 2933500 12 20  8   4.4 1015 263  4.9 5  4.9  91    0    0 299 -336  1
3856500 2933500 12 20  9   3.6 1016 260  3.8 3  4.7  94    0    3 271 -328  1
3856500 2933500 12 20 10   4.1 1017 260  4.4 2  4.7  94    0   29 245 -325  1
3856500 2933500 12 20 11   5.0 1018 265  5.1 5  4.9  94   12   69 262 -327  1
3856500 2933500 12 20 12   6.1 1019 270  5.5 2  5.0  90   83   93 267 -331  1
3856500 2933500 12 20 13   6.7 1019 261  5.8 2  5.0  84   92   97 248 -334  1
3856500 2933500 12 20 14   6.6 1019 269  5.7 2  4.9  81   86   88 246 -335  1
3856500 2933500 12 20 15   6.3 1019 264  5.8 1  4.7  79   47   62 231 -333  1
3856500 2933500 12 20 16   5.2 1020 271  5.1 2  4.6  80   11   22 221 -329  1
3856500 2933500 12 20 17   4.1 1020 259  4.4 3  4.4  83    0    0 232 -325  1
3856500 2933500 12 20 18   3.5 1021 250  3.7 3  4.2  86    0    0 236 -322  1
3856500 2933500 12 20 19   3.1 1021 236  3.8 4  4.2  88    0    0 243 -322  1
3856500 2933500 12 20 20   3.0 1021 232  4.3 4  4.2  90    0    0 250 -324  1
3856500 2933500 12 20 21   2.9 1021 223  4.6 5  4.2  91    0    0 258 -326  1
3856500 2933500 12 20 22   3.6 1020 220  6.0 5  4.3  90    0    0 267 -328  1
3856500 2933500 12 20 23   4.0 1020 222  7.1 6  4.4  89    0    0 277 -330  1
3856500 2933500 12 20 24   4.2 1019 221  8.3 7  4.5  90    0    0 294 -331  1
3856500 2933500 12 21  1   4.3 1017 215  9.1 8  4.7  91    0    0 313 -332  1
3856500 2933500 12 21  2   4.5 1016 214  8.7 8  4.8  92    0    0 326 -334  1
3856500 2933500 12 21  3   4.8 1015 220  8.2 8  5.0  95    0    0 331 -336  1
3856500 2933500 12 21  4   5.8 1014 229  7.7 8  5.4  97    0    0 337 -339  1
3856500 2933500 12 21  5   6.6 1013 248  8.3 8  5.7  97    0    0 343 -344  1
3856500 2933500 12 21  6   8.0 1013 250  9.1 7  6.1  95    0    0 341 -349  1
3856500 2933500 12 21  7   8.2 1013 265  8.3 6  6.3  94    0    0 330 -353  1
3856500 2933500 12 21  8   8.6 1013 271  8.7 6  6.3  92    0    0 320 -355  1
3856500 2933500 12 21  9   8.1 1014 274  9.3 5  6.0  88    0    3 308 -355  1
3856500 2933500 12 21 10   7.5 1015 282  8.4 5  5.6  84    6   39 296 -353  1
3856500 2933500 12 21 11   7.9 1015 281  9.2 3  5.4  83   42   83 279 -352  1
3856500 2933500 12 21 12   8.4 1016 281  9.5 4  5.3  79   51  111 275 -351  1
3856500 2933500 12 21 13   8.3 1016 280  9.6 5  5.2  76   36  114 294 -351  1
3856500 2933500 12 21 14   8.0 1016 280  9.3 5  5.2  77    6   81 301 -350  1
3856500 2933500 12 21 15   7.6 1017 287  9.2 3  5.1  78   25   68 286 -347  1
3856500 2933500 12 21 16   7.2 1017 291  8.7 6  5.0  79   10   26 293 -345  1
3856500 2933500 12 21 17   6.7 1018 288  7.6 6  5.0  81    0    0 315 -341  1
3856500 2933500 12 21 18   6.9 1019 287  7.6 7  5.0  81    0    0 321 -337  1
3856500 2933500 12 21 19   6.8 1019 286  7.1 5  4.9  81    0    0 314 -333  1
3856500 2933500 12 21 20   6.1 1020 279  6.7 5  4.9  83    0    0 300 -331  1
3856500 2933500 12 21 21   5.6 1021 276  6.6 4  4.8  84    0    0 293 -329  1
3856500 2933500 12 21 22   5.1 1022 274  6.4 3  4.7  85    0    0 271 -328  1
3856500 2933500 12 21 23   5.1 1023 272  6.2 3  4.8  88    0    0 257 -326  1
3856500 2933500 12 21 24   5.4 1023 269  6.0 3  5.1  91    0    0 244 -325  1
3856500 2933500 12 22  1   5.9 1026 266  5.6 5  5.4  94    0    0 332 -350  1
3856500 2933500 12 22  2   6.3 1025 264  5.1 6  5.7  97    0    0 324 -350  1
3856500 2933500 12 22  3   6.5 1025 263  4.8 6  5.9  98    0    0 317 -350  1
3856500 2933500 12 22  4   6.2 1026 266  4.4 6  5.8  98    0    0 310 -350  1
3856500 2933500 12 22  5   5.9 1025 267  4.3 6  5.6  98    0    0 302 -349  1
3856500 2933500 12 22  6   5.3 1025 277  3.6 5  5.4  97    0    0 294 -345  1
3856500 2933500 12 22  7   4.8 1025 279  3.3 5  5.2  96    0    0 290 -339  1
3856500 2933500 12 22  8   4.4 1025 267  3.2 5  5.1  98    0    0 288 -334  1
3856500 2933500 12 22  9   4.3 1025 266  3.9 4  5.1 100    0    0 280 -331  1
3856500 2933500 12 22 10   4.6 1026 271  3.8 5  5.1 100    0   30 280 -330  1
3856500 2933500 12 22 11   5.5 1026 256  4.2 5  5.3  98    7   70 287 -332  1
3856500 2933500 12 22 12   6.0 1026 260  4.7 6  5.5  97   13   96 294 -337  1
3856500 2933500 12 22 13   6.5 1026 252  5.0 5  5.5  95   48  117 288 -343  1
3856500 2933500 12 22 14   6.8 1026 270  5.5 7  5.6  93   19   92 291 -346  1
3856500 2933500 12 22 15   6.7 1026 263  5.1 8  5.6  92    1   45 312 -346  1
3856500 2933500 12 22 16   6.4 1025 268  5.3 6  5.4  91    0   13 304 -342  1
3856500 2933500 12 22 17   6.0 1025 264  4.9 6  5.3  92    0    0 289 -337  1
3856500 2933500 12 22 18   5.9 1025 261  4.7 6  5.4  94    0    0 288 -334  1
3856500 2933500 12 22 19   6.1 1025 253  4.0 7  5.5  95    0    0 293 -333  1
3856500 2933500 12 22 20   6.2 1025 265  4.3 8  5.5  95    0    0 307 -333  1
3856500 2933500 12 22 21   6.0 1025 264  4.2 8  5.5  95    0    0 312 -335  1
3856500 2933500 12 22 22   6.0 1025 260  3.8 8  5.5  95    0    0 310 -337  1
3856500 2933500 12 22 23   5.8 1025 241  3.1 8  5.4  95    0    0 309 -338  1
3856500 2933500 12 22 24   5.5 1025 232  3.0 8  5.4  96    0    0 308 -339  1
3856500 2933500 12 23  1   5.4 1024 230  3.1 8  5.4  97    0    0 309 -340  1
3856500 2933500 12 23  2   5.7 1024 250  3.9 8  5.5  98    0    0 309 -342  1
3856500 2933500 12 23  3   6.3 1024 257  3.9 8  5.6  98    0    0 311 -343  1
3856500 2933500 12 23  4   6.6 1023 265  4.2 8  5.8  97    0    0 311 -342  1
3856500 2933500 12 23  5   6.7 1023 270  4.9 8  5.9  97    0    0 311 -339  1
3856500 2933500 12 23  6   7.0 1023 267  4.9 8  5.9  96    0    0 311 -337  1
3856500 2933500 12 23  7   7.0 1023 260  5.3 8  5.9  95    0    0 310 -336  1
3856500 2933500 12 23  8   7.1 1023 249  4.5 8  5.9  95    0    0 311 -335  1
3856500 2933500 12 23  9   7.0 1023 247  4.6 8  5.9  95    0    0 313 -335  1
3856500 2933500 12 23 10   7.1 1023 255  5.5 8  5.9  95    0   16 314 -336  1
3856500 2933500 12 23 11   7.4 1023 248  5.8 8  5.9  94    0   31 316 -337  1
3856500 2933500 12 23 12   7.7 1023 249  5.7 8  6.0  93    0   51 317 -340  1
3856500 2933500 12 23 13   7.9 1023 257  5.8 6  6.0  92    6   89 307 -342  1
3856500 2933500 12 23 14   8.1 1022 259  5.2 7  6.1  92    0   53 304 -343  1
3856500 2933500 12 23 15   8.0 1022 253  5.5 7  6.1  92    0   21 313 -343  1
3856500 2933500 12 23 16   8.1 1022 237  5.5 8  6.1  92    0    4 321 -344  1
3856500 2933500 12 23 17   7.9 1022 249  5.7 8  6.1  92    0    0 328 -344  1
3856500 2933500 12 23 18   8.0 1021 246  6.3 8  6.0  90    0    0 330 -343  1
3856500 2933500 12 23 19   8.0 1021 246  6.7 7  6.0  90    0    0 327 -343  1
3856500 2933500 12 23 20   7.9 1021 251  6.7 8  6.0  90    0    0 330 -344  1
3856500 2933500 12 23 21   7.7 1020 257  6.7 7  6.0  92    0    0 332 -344  1
3856500 2933500 12 23 22   7.7 1020 256  6.8 7  6.1  94    0    0 327 -344  1
3856500 2933500 12 23 23   7.8 1020 259  7.1 7  6.2  95    0    0 330 -344  1
3856500 2933500 12 23 24   8.0 1020 260  7.1 8  6.2  94    0    0 337 -345  1
3856500 2933500 12 24  1   8.0 1020 268  7.0 8  6.2  93    0    0 343 -345  1
3856500 2933500 12 24  2   8.0 1020 272  6.9 8  6.1  92    0    0 343 -346  1
3856500 2933500 12 24  3   8.0 1020 269  7.1 8  6.1  92    0    0 343 -347  1
3856500 2933500 12 24  4   7.9 1020 266  7.0 8  6.1  92    0    0 343 -349  1
3856500 2933500 12 24  5   7.9 1019 276  6.0 8  6.1  92    0    0 343 -349  1
3856500 2933500 12 24  6   7.9 1019 272  6.0 8  6.1  92    0    0 343 -350  1
3856500 2933500 12 24  7   7.9 1019 278  6.4 8  6.0  91    0    0 343 -351  1
3856500 2933500 12 24  8   7.8 1019 270  6.6 7  5.9  89    0    0 337 -351  1
3856500 2933500 12 24  9   7.9 1019 272  5.8 7  5.8  88    0    0 330 -349  1
3856500 2933500 12 24 10   7.7 1019 267  6.0 7  5.7  88    0   22 329 -348  1
3856500 2933500 12 24 11   8.1 1019 258  6.5 6  5.7  87    1   48 322 -349  1
3856500 2933500 12 24 12   8.3 1019 271  7.6 7  5.8  86    0   52 323 -351  1
3856500 2933500 12 24 13   8.6 1019 269  9.1 6  5.8  85    6   83 324 -352  1
3856500 2933500 12 24 14   8.5 1019 269  9.2 4  5.6  82   30   85 309 -353  1
3856500 2933500 12 24 15   8.5 1019 276  8.5 5  5.5  79    8   53 305 -353  1
3856500 2933500 12 24 16   8.1 1019 281  7.4 6  5.4  80    0    7 315 -352  1
3856500 2933500 12 24 17   7.8 1019 283  7.1 7  5.4  82    0    0 325 -349  1
3856500 2933500 12 24 18   7.3 1019 275  6.9 8  5.6  86    0    0 334 -347  1
3856500 2933500 12 24 19   7.1 1019 285  6.2 7  5.7  90    0    0 332 -345  1
3856500 2933500 12 24 20   7.0 1019 299  4.8 7  5.7  92    0    0 326 -342  1
3856500 2933500 12 24 21   6.4 1020 287  4.9 8  5.6  91    0    0 328 -341  1
3856500 2933500 12 24 22   6.0 1020 281  4.3 7  5.4  91    0    0 325 -341  1
3856500 2933500 12 24 23   5.7 1020 285  3.6 8  5.2  91    0    0 324 -341  1
3856500 2933500 12 24 24   4.9 1020 294  2.9 7  5.0  90    0    0 321 -342  1
3856500 2933500 12 25  1   3.6 1020 291  3.5 3  4.7  91    0    0 283 -340  1
3856500 2933500 12 25  2   3.1 1020 298  2.9 3  4.4  92    0    0 251 -334  1
3856500 2933500 12 25  3   2.7 1021 281  3.1 3  4.3  92    0    0 251 -328  1
3856500 2933500 12 25  4   3.3 1021 354  2.6 6  4.3  92    0    0 272 -324  1
3856500 2933500 12 25  5   2.5 1021 278  2.8 7  4.3  93    0    0 298 -322  1
3856500 2933500 12 25  6   1.6 1021   2  1.9 2  4.1  93    0    0 268 -319  1
3856500 2933500 12 25  7   0.7 1021 349  2.6 2  3.8  94    0    0 230 -317  1
3856500 2933500 12 25  8   0.1 1021 337  2.5 2  3.7  96    0    0 227 -317  1
3856500 2933500 12 25  9  -0.5 1022 335  2.2 2  3.5  95    0    0 227 -317  1
3856500 2933500 12 25 10   0.0 1022 332  1.5 3  3.5  95    9   34 234 -317  1
3856500 2933500 12 25 11   2.0 1023 292  1.5 1  3.9  96   60   65 234 -317  1
3856500 2933500 12 25 12   3.5 1023 311  2.3 1  4.3  93  102   77 229 -317  1
3856500 2933500 12 25 13   4.9 1022 280  2.9 3  4.5  89   65   96 248 -317  1
3856500 2933500 12 25 14   5.0 1022 271  3.8 3  4.6  85   68   81 263 -317  1
3856500 2933500 12 25 15   4.6 1022 273  4.6 4  4.5  85   39   59 268 -317  1
3856500 2933500 12 25 16   4.3 1021 265  4.8 7  4.5  87    2   20 289 -317  1
3856500 2933500 12 25 17   4.1 1021 297  5.1 7  4.5  89    0    0 301 -317  1
3856500 2933500 12 25 18   3.8 1020 290  3.9 7  4.5  90    0    0 298 -317  1
3856500 2933500 12 25 19   3.9 1020 304  4.2 7  4.5  90    0    0 297 -317  1
3856500 2933500 12 25 20   3.6 1019 298  5.1 7  4.4  89    0    0 297 -317  1
3856500 2933500 12 25 21   3.9 1019 302  3.8 6  4.4  89    0    0 291 -317  1
3856500 2933500 12 25 22   3.6 1018 307  3.8 3  4.3  87    0    0 269 -317  1
3856500 2933500 12 25 23   3.6 1018 333  3.8 3  4.1  84    0    0 251 -317  1
3856500 2933500 12 25 24   2.9 1017 338  3.6 4  4.0  84    0    0 252 -317  1
3856500 2933500 12 26  1   1.8 1017 333  2.9 4  3.9  87    0    0 252 -317  1
3856500 2933500 12 26  2   0.0 1017 316  2.6 2  3.6  89    0    0 237 -316  1
3856500 2933500 12 26  3  -1.2 1016 308  2.3 2  3.4  94    0    0 222 -312  1
3856500 2933500 12 26  4  -1.5 1016 328  1.6 2  3.3  96    0    0 219 -308  1
3856500 2933500 12 26  5  -1.7 1016 294  1.6 3  3.2  95    0    0 222 -305  1
3856500 2933500 12 26  6  -2.1 1015 312  1.8 2  3.2  98    0    0 220 -303  1
3856500 2933500 12 26  7  -2.2 1015 305  1.7 1  3.2  99    0    0 209 -303  1
3856500 2933500 12 26  8  -1.4 1014 317  2.1 3  3.2  96    0    0 213 -303  1
3856500 2933500 12 26  9  -0.8 1014 333  3.8 4  3.2  93    0    0 229 -304  1
3856500 2933500 12 26 10   1.1 1014 339  3.8 7  3.5  91    0   22 251 -306  1
3856500 2933500 12 26 11   1.5 1014 353  4.7 6  3.6  86    0   43 264 -309  1
3856500 2933500 12 26 12   1.0 1014   4  4.7 7  3.4  83    0   56 266 -312  1
3856500 2933500 12 26 13   1.5 1014  26  5.6 3  3.3  79   75   89 252 -315  1
3856500 2933500 12 26 14   1.2 1014  12  6.1 3  3.1  75   59   80 234 -316  1
3856500 2933500 12 26 15   1.0 1014  19  7.1 6  3.1  76    8   53 248 -316  1
3856500 2933500 12 26 16   0.3 1014  16  5.7 5  3.1  78    2   19 257 -316  1
3856500 2933500 12 26 17  -0.2 1014  15  4.4 5  3.0  80    0    0 251 -313  1
3856500 2933500 12 26 18  -0.3 1014  15  4.2 5  3.1  82    0    0 251 -311  1
3856500 2933500 12 26 19  -0.3 1013 354  2.6 5  3.1  85    0    0 251 -310  1
3856500 2933500 12 26 20  -0.7 1013  25  3.1 5  3.2  88    0    0 251 -310  1
3856500 2933500 12 26 21  -0.6 1013  24  3.7 7  3.2  90    0    0 259 -310  1
3856500 2933500 12 26 22  -1.0 1013  42  3.8 7  3.3  92    0    0 269 -310  1
3856500 2933500 12 26 23  -1.4 1013  31  3.8 7  3.3  95    0    0 269 -311  1
3856500 2933500 12 26 24  -1.5 1013  48  2.9 7  3.2  95    0    0 268 -311  1
3856500 2933500 12 27  1  -2.0 1013  55  3.0 4  3.1  94    0    0 253 -311  1
3856500 2933500 12 27  2  -3.2 1013  55  3.9 2  3.0  95    0    0 227 -311  1
3856500 2933500 12 27  3  -4.0 1014  50  3.6 4  2.8  96    0    0 223 -312  1
3856500 2933500 12 27  4  -3.7 1014  45  4.1 5  2.7  96    0    0 236 -313  1
3856500 2933500 12 27  5  -2.8 1014  42  4.6 3  2.7  92    0    0 232 -313  1
3856500 2933500 12 27  6  -2.9 1014  31  5.0 5  2.8  90    0    0 232 -313  1
3856500 2933500 12 27  7  -2.5 1013  25  4.6 7  2.9  94    0    0 250 -312  1
3856500 2933500 12 27  8  -1.7 1013  52  5.7 8  3.1  96    0    0 267 -311  1
3856500 2933500 12 27  9  -1.4 1013  73  5.5 8  3.3  97    0    0 274 -309  1
3856500 2933500 12 27 10  -1.1 1013  90  6.5 8  3.2  94    2   27 274 -307  1
3856500 2933500 12 27 11  -1.6 1014  86  5.9 8  3.1  90    0   35 273 -309  1
3856500 2933500 12 27 12  -1.0 1015  72  6.4 7  3.1  89    9   72 267 -312  1
3856500 2933500 12 27 13  -0.8 1015  75  6.5 6  3.1  88   34   77 257 -314  1
3856500 2933500 12 27 14  -0.5 1015  64  6.8 5  3.1  86    9   67 248 -315  1
3856500 2933500 12 27 15  -0.7 1015  75  9.0 7  3.0  82    0   28 251 -315  1
3856500 2933500 12 27 16  -1.3 1015  66  6.1 6  2.9  81    0   15 253 -314  1
3856500 2933500 12 27 17  -1.8 1016  55  5.6 6  2.9  85    0    0 246 -312  1
3856500 2933500 12 27 18  -1.9 1016  56  6.8 6  2.8  86    0    0 244 -308  1
3856500 2933500 12 27 19  -1.6 1016  56  7.6 6  2.8  84    0    0 244 -308  1
3856500 2933500 12 27 20  -1.5 1016  56  7.8 6  2.7  80    0    0 244 -309  1
3856500 2933500 12 27 21  -1.8 1016  63  6.6 5  2.6  78    0    0 240 -309  1
3856500 2933500 12 27 22  -2.0 1016  61  6.9 4  2.6  79    0    0 231 -309  1
3856500 2933500 12 27 23  -2.5 1016  56  6.0 3  2.6  81    0    0 224 -308  1
3856500 2933500 12 27 24  -3.3 1016  56  5.5 2  2.6  84    0    0 216 -307  1
3856500 2933500 12 28  1  -3.5 1016  52  5.4 3  2.5  84    0    0 218 -307  1
3856500 2933500 12 28  2  -3.6 1016  54  5.5 3  2.4  84    0    0 222 -307  1
3856500 2933500 12 28  3  -3.8 1016  43  5.2 2  2.4  84    0    0 218 -305  1
3856500 2933500 12 28  4  -4.6 1016  36  5.3 2  2.4  86    0    0 208 -305  1
3856500 2933500 12 28  5  -3.9 1015  39  4.5 4  2.3  85    0    0 213 -304  1
3856500 2933500 12 28  6  -3.9 1015  41  5.9 5  2.4  84    0    0 226 -304  1
3856500 2933500 12 28  7  -3.2 1015  36  4.9 6  2.3  81    0    0 235 -304  1
3856500 2933500 12 28  8  -2.7 1015  30  5.0 7  2.4  78    0    0 246 -302  1
3856500 2933500 12 28  9  -3.4 1014  38  4.4 7  2.5  83    0    0 252 -301  1
3856500 2933500 12 28 10  -2.5 1015  36  5.4 5  2.6  87    5   28 242 -300  1
3856500 2933500 12 28 11  -1.3 1015  28  6.5 7  2.8  86   24   57 245 -302  1
3856500 2933500 12 28 12  -0.8 1015  32  6.7 8  3.0  85    1   67 264 -304  1
3856500 2933500 12 28 13  -0.9 1014  57  5.0 8  3.0  85    3   74 273 -307  1
3856500 2933500 12 28 14  -1.0 1014  68  4.3 8  3.0  85    7   67 275 -309  1
3856500 2933500 12 28 15  -0.9 1013  65  4.0 7  3.0  84    9   48 269 -310  1
3856500 2933500 12 28 16  -1.7 1013  69  2.0 7  2.9  85    0   15 261 -310  1
3856500 2933500 12 28 17  -1.1 1013  35  3.1 7  3.0  89    0    0 261 -309  1
3856500 2933500 12 28 18  -1.5 1013  30  3.9 7  3.1  91    0    0 261 -307  1
3856500 2933500 12 28 19  -1.3 1013   9  2.5 8  3.1  91    0    0 267 -306  1
3856500 2933500 12 28 20  -1.8 1013 352  1.8 7  3.1  92    0    0 267 -305  1
3856500 2933500 12 28 21  -1.8 1013  39  4.6 6  3.1  92    0    0 255 -306  1
3856500 2933500 12 28 22  -2.3 1014  16  3.4 7  3.0  92    0    0 255 -305  1
3856500 2933500 12 28 23  -2.0 1014 346  3.3 7  3.0  94    0    0 261 -303  1
3856500 2933500 12 28 24  -1.6 1014   1  3.4 7  3.2  96    0    0 262 -300  1
3856500 2933500 12 29  1  -1.5 1013 346  4.5 7  3.2  96    0    0 264 -298  1
3856500 2933500 12 29  2  -1.2 1013 354  4.7 7  3.2  92    0    0 266 -298  1
3856500 2933500 12 29  3  -1.3 1013 329  4.5 6  3.1  90    0    0 262 -297  1
3856500 2933500 12 29  4  -1.6 1013 353  5.2 7  3.0  88    0    0 262 -299  1
3856500 2933500 12 29  5  -1.9 1013 323  4.5 6  2.9  86    0    0 260 -301  1
3856500 2933500 12 29  6  -2.5 1012 342  4.7 7  2.8  86    0    0 259 -300  1
3856500 2933500 12 29  7  -3.2 1012 301  4.5 7  2.7  87    0    0 263 -298  1
3856500 2933500 12 29  8  -3.9 1012 313  4.1 7  2.6  89    0    0 261 -298  1
3856500 2933500 12 29  9  -3.2 1012 281  4.0 7  2.7  92    0    0 261 -300  1
3856500 2933500 12 29 10  -2.7 1012 288  4.6 7  2.7  90    0    5 262 -302  1
3856500 2933500 12 29 11  -1.5 1012 281  4.5 8  2.9  89    0   33 270 -305  1
3856500 2933500 12 29 12  -0.7 1012 268  4.4 7  3.2  91    3   84 274 -309  1
3856500 2933500 12 29 13  -1.0 1011 263  6.0 7  3.3  92    1   76 271 -312  1
3856500 2933500 12 29 14  -0.9 1011 258  6.2 7  3.3  93    0   36 272 -314  1
3856500 2933500 12 29 15  -1.0 1010 264  7.4 8  3.3  93    0   39 278 -315  1
3856500 2933500 12 29 16  -0.8 1010 260  7.8 6  3.3  93    0    6 273 -314  1
3856500 2933500 12 29 17  -1.2 1010 258  6.8 7  3.3  94    0    0 267 -311  1
3856500 2933500 12 29 18  -1.0 1010 259  6.0 7  3.3  94    0    0 268 -309  1
3856500 2933500 12 29 19  -1.2 1010 256  6.1 8  3.3  93    0    0 269 -309  1
3856500 2933500 12 29 20  -1.4 1010 254  6.5 8  3.3  94    0    0 271 -308  1
3856500 2933500 12 29 21  -1.1 1010 239  5.6 8  3.3  94    0    0 270 -307  1
3856500 2933500 12 29 22  -0.8 1010 242  5.4 8  3.3  93    0    0 271 -307  1
3856500 2933500 12 29 23  -0.7 1010 235  5.5 8  3.3  92    0    0 272 -306  1
3856500 2933500 12 29 24  -0.6 1011 229  5.5 8  3.4  93    0    0 274 -305  1
3856500 2933500 12 30  1  -0.6 1011 233  6.0 6  3.4  94    0    0 266 -304  1
3856500 2933500 12 30  2  -0.4 1011 241  5.9 7  3.5  94    0    0 262 -302  1
3856500 2933500 12 30  3  -0.6 1011 236  5.8 8  3.4  94    0    0 271 -299  1
3856500 2933500 12 30  4  -0.5 1012 238  5.3 8  3.4  93    0    0 277 -296  1
3856500 2933500 12 30  5  -0.5 1012 232  5.7 7  3.4  92    0    0 274 -293  1
3856500 2933500 12 30  6  -0.7 1012 225  5.6 7  3.3  92    0    0 270 -290  1
3856500 2933500 12 30  7  -0.7 1013 221  5.0 8  3.3  91    0    0 274 -288  1
3856500 2933500 12 30  8  -0.7 1013 218  4.8 8  3.2  90    0    0 279 -285  1
3856500 2933500 12 30  9  -0.6 1014 212  4.9 8  3.2  89    0    0 279 -284  1
3856500 2933500 12 30 10  -0.5 1014 202  4.5 8  3.2  88    0   25 278 -283  1
3856500 2933500 12 30 11  -0.9 1014 192  4.7 4  3.1  87   30   62 262 -284  1
3856500 2933500 12 30 12  -0.9 1014 192  5.1 5  3.0  86    4   73 249 -288  1
3856500 2933500 12 30 13  -0.8 1013 190  4.9 4  2.9  83   13   87 250 -293  1
3856500 2933500 12 30 14  -0.9 1013 181  4.8 3  2.9  80   46   75 241 -296  1
3856500 2933500 12 30 15  -1.3 1012 161  4.4 5  2.8  79   76   35 245 -296  1
3856500 2933500 12 30 16  -1.6 1011 153  5.2 5  2.7  79    5   20 254 -295  1
3856500 2933500 12 30 17  -1.8 1011 138  6.4 7  2.7  80    0    0 264 -294  1
3856500 2933500 12 30 18  -2.0 1009 139  7.6 8  2.7  80    0    0 276 -295  1
3856500 2933500 12 30 19  -2.2 1008 143  8.4 8  2.6  79    0    0 281 -296  1
3856500 2933500 12 30 20  -2.5 1007 139  8.4 8  2.5  77    0    0 281 -296  1
3856500 2933500 12 30 21  -2.7 1006 139  8.7 8  2.4  77    0    0 281 -296  1
3856500 2933500 12 30 22  -2.8 1005 135  9.0 8  2.4  77    0    0 282 -297  1
3856500 2933500 12 30 23  -2.5 1003 149  8.9 7  2.4  76    0    0 280 -297  1
3856500 2933500 12 30 24  -2.8 1002 141  8.8 8  2.5  80    0    0 283 -298  1
3856500 2933500 12 31  1  -3.3 1000 136  9.1 5  2.7  87    0    0 277 -298  1
3856500 2933500 12 31  2  -3.4  999 139  8.1 8  2.8  94    0    0 278 -299  1
3856500 2933500 12 31  3  -3.4  998 140  6.6 8  2.9  96    0    0 293 -301  1
3856500 2933500 12 31  4  -3.2  997 140  5.9 7  2.9  97    0    0 289 -304  1
3856500 2933500 12 31  5  -2.8  996 140  5.5 4  3.0  97    0    0 266 -306  1
3856500 2933500 12 31  6  -2.6  996 148  5.3 8  3.1  97    0    0 273 -307  1
3856500 2933500 12 31  7  -1.9  995 162  4.8 8  3.2  98    0    0 301 -310  1
3856500 2933500 12 31  8  -1.3  995 172  5.3 8  3.4  99    0    0 303 -314  1
3856500 2933500 12 31  9  -0.3  994 164  4.7 8  3.6 100    0    0 306 -316  1
3856500 2933500 12 31 10   0.9  994 179  4.7 5  3.9 100    0    8 286 -317  1
3856500 2933500 12 31 11   2.4  994 199  5.3 7  4.3  99    0   43 278 -317  1
3856500 2933500 12 31 12   3.1  995 208  5.4 6  4.6  97    0   28 288 -318  1
3856500 2933500 12 31 13   3.4  994 213  5.3 8  4.7  97    0   40 301 -318  1
3856500 2933500 12 31 14   3.6  994 204  5.4 8  4.7  95    0   38 321 -318  1
3856500 2933500 12 31 15   3.7  994 199  4.8 7  4.7  93    0   35 315 -318  1
3856500 2933500 12 31 16   3.6  994 209  5.0 8  4.7  93    0    9 315 -318  1
3856500 2933500 12 31 17   3.3  994 200  4.3 8  4.7  94    0    0 321 -318  1
3856500 2933500 12 31 18   3.4  994 200  4.3 8  4.7  94    0    0 320 -318  1
3856500 2933500 12 31 19   3.4  994 187  4.2 8  4.7  95    0    0 320 -321  1
3856500 2933500 12 31 20   3.7  994 209  4.6 8  4.8  95    0    0 320 -327  1
3856500 2933500 12 31 21   3.8  994 212  4.7 8  4.8  95    0    0 321 -330  1
3856500 2933500 12 31 22   4.0  995 216  4.7 8  4.8  94    0    0 323 -330  1
3856500 2933500 12 31 23   3.4  995 228  4.6 8  4.7  95    0    0 323 -330  1
3856500 2933500 12 31 24   2.4  995 243  4.6 7  4.4  96    0    0 324 -330  1
