Koordinatensystem : Lambert konform konisch
Rechtswert        : 4013500 Meter
Hochwert          : 2675500 Meter
Hoehenlage        : 299 Meter ueber NN
Erstellung des Datensatzes im Mai 2016

Art des TRY       : extremer Sommer
Bezugszeitraum    : 2031-2060
Datenbasis 1      : Beobachtungsdaten Zeitraum 1995-2012
Datenbasis 2      : Klimasimulationen Zeitraum 1971-2000 (Basis RCP-historical / CORDEX-Europa Laeufe)
Datenbasis 3      : Klimasimulationen Zeitraum 2031-2060 (Basis RCP-4.5 und RCP-8.5 / CORDEX-Europa Laeufe)

Format: (i7,1x,i7,1x,i2,1x,i2,1x,i2,1x,f5.1,1x,i4,1x,3i,1x,f4.1,1x,i1,1x,f4.1,1x,i3,1x,i4,1x,i4,1x,i3,1x,i4,2x,i1)

Reihenfolge der Parameter:
RW Rechtswert                                                    [m]       {3670500;3671500..4389500}
HW Hochwert                                                      [m]       {2242500;2243500..3179500}
MM Monat                                                                   {1..12}
DD Tag                                                                     {1..28,30,31}
HH Stunde (MEZ)                                                            {1..24}
t  Lufttemperatur in 2m Hoehe ueber Grund                        [GradC]
p  Luftdruck in Standorthoehe                                    [hPa]
WR Windrichtung in 10 m Hoehe ueber Grund                        [Grad]    {0..360;999}
WG Windgeschwindigkeit in 10 m Hoehe ueber Grund                 [m/s]
N  Bedeckungsgrad                                                [Achtel]  {0..8;9}
x  Wasserdampfgehalt, Mischungsverhaeltnis                       [g/kg]
RF Relative Feuchte in 2 m Hoehe ueber Grund                     [Prozent] {1..100}
B  Direkte Sonnenbestrahlungsstaerke (horiz. Ebene)              [W/m^2]   abwaerts gerichtet: positiv
D  Diffuse Sonnenbetrahlungsstaerke (horiz. Ebene)               [W/m^2]   abwaerts gerichtet: positiv
A  Bestrahlungsstaerke d. atm. Waermestrahlung (horiz. Ebene)    [W/m^2]   abwaerts gerichtet: positiv
E  Bestrahlungsstaerke d. terr. Waermestrahlung                  [W/m^2]   aufwaerts gerichtet: negativ
IL Qualitaetsbit bezueglich der Auswahlkriterien                           {0;1;2;3;4}


     RW      HW MM DD HH     t    p  WR   WG N    x  RF    B    D   A    E IL
*** 
4013500 2675500  1  1  1   5.2  978 128  3.8 7  4.9  86    0    0 309 -323  2
4013500 2675500  1  1  2   5.7  978 130  3.7 7  4.8  83    0    0 305 -322  2
4013500 2675500  1  1  3   5.9  978 131  3.7 6  4.8  81    0    0 310 -322  2
4013500 2675500  1  1  4   5.7  979 131  3.5 6  4.8  82    0    0 305 -321  2
4013500 2675500  1  1  5   5.4  979 130  3.5 7  4.8  83    0    0 294 -320  2
4013500 2675500  1  1  6   5.0  979 135  3.0 7  4.8  85    0    0 302 -319  2
4013500 2675500  1  1  7   5.2  979 127  3.4 8  4.9  87    0    0 312 -319  2
4013500 2675500  1  1  8   5.3  980 136  3.2 8  5.0  88    0    0 317 -319  2
4013500 2675500  1  1  9   5.5  980 113  3.5 8  5.1  88    0    1 318 -321  2
4013500 2675500  1  1 10   6.0  980 145  4.8 8  5.2  88    0   29 318 -325  2
4013500 2675500  1  1 11   5.6  981 141  3.6 7  5.3  89    8   90 313 -328  2
4013500 2675500  1  1 12   7.2  981 138  3.5 5  5.4  88   42  151 299 -332  2
4013500 2675500  1  1 13   7.2  980 139  4.5 3  5.6  85   45  160 280 -336  2
4013500 2675500  1  1 14   8.0  980 134  4.0 7  5.6  84    4   96 290 -338  2
4013500 2675500  1  1 15   7.0  979 111  3.0 7  5.6  84    2   67 309 -339  2
4013500 2675500  1  1 16   7.6  979 140  3.9 7  5.6  85    4   38 308 -336  2
4013500 2675500  1  1 17   7.8  978 161  3.2 7  5.6  83    0    2 308 -332  2
4013500 2675500  1  1 18   7.1  978 166  2.8 7  5.5  83    0    0 305 -329  2
4013500 2675500  1  1 19   7.2  977 159  3.4 7  5.4  82    0    0 302 -328  2
4013500 2675500  1  1 20   6.5  976 142  4.2 8  5.3  83    0    0 306 -328  2
4013500 2675500  1  1 21   6.1  975 148  4.0 8  5.4  87    0    0 310 -328  2
4013500 2675500  1  1 22   6.6  975 117  4.4 7  5.4  87    0    0 303 -328  2
4013500 2675500  1  1 23   5.6  974 151  4.3 7  5.4  88    0    0 295 -329  2
4013500 2675500  1  1 24   5.6  973 145  4.5 8  5.4  91    0    0 301 -329  2
4013500 2675500  1  2  1   5.7  972 169  5.5 8  5.4  92    0    0 312 -330  2
4013500 2675500  1  2  2   5.5  971 148  4.7 8  5.4  92    0    0 313 -330  2
4013500 2675500  1  2  3   5.4  970 156  5.8 7  5.3  91    0    0 306 -331  2
4013500 2675500  1  2  4   5.3  969 165  6.5 6  5.3  91    0    0 281 -331  2
4013500 2675500  1  2  5   6.0  968 171  6.4 6  5.3  89    0    0 267 -332  2
4013500 2675500  1  2  6   6.2  967 158  5.8 8  5.3  86    0    0 293 -333  2
4013500 2675500  1  2  7   6.0  965 168  6.1 7  5.4  88    0    0 307 -333  2
4013500 2675500  1  2  8   5.9  964 180  6.5 8  5.4  90    0    0 306 -334  2
4013500 2675500  1  2  9   5.7  964 201  8.0 8  5.5  91    0    0 320 -335  2
4013500 2675500  1  2 10   6.3  964 215  5.6 7  5.4  88   15   27 308 -337  2
4013500 2675500  1  2 11   6.9  964 201  4.7 5  5.4  84   10   57 275 -340  2
4013500 2675500  1  2 12   7.0  964 182  5.5 5  5.5  84    5   74 256 -343  2
4013500 2675500  1  2 13   6.9  963 170  5.4 7  5.6  86    0   50 283 -345  2
4013500 2675500  1  2 14   7.2  963 178  5.0 8  5.7  86    0   39 318 -347  2
4013500 2675500  1  2 15   7.5  962 172  4.9 7  5.7  85    0   53 320 -347  2
4013500 2675500  1  2 16   7.6  961 180  4.4 8  5.7  83    0   19 320 -346  2
4013500 2675500  1  2 17   7.6  961 175  4.6 6  5.7  83    0    2 314 -345  2
4013500 2675500  1  2 18   7.7  960 163  6.7 7  5.7  82    0    0 307 -345  2
4013500 2675500  1  2 19   7.8  960 161  6.3 8  5.7  82    0    0 323 -345  2
4013500 2675500  1  2 20   8.3  960 198  5.1 7  5.8  82    0    0 325 -344  2
4013500 2675500  1  2 21   7.6  960 210  5.2 7  5.5  78    0    0 318 -343  2
4013500 2675500  1  2 22   7.0  961 187  6.0 7  5.2  77    0    0 315 -343  2
4013500 2675500  1  2 23   6.7  961 193  8.1 7  5.1  78    0    0 314 -344  2
4013500 2675500  1  2 24   6.6  961 212  8.2 5  5.2  81    0    0 297 -344  2
4013500 2675500  1  3  1   6.4  961 224  8.7 7  5.2  82    0    0 295 -343  2
4013500 2675500  1  3  2   6.6  963 233  9.7 7  5.1  80    0    0 309 -343  2
4013500 2675500  1  3  3   6.7  964 245  9.5 5  4.9  76    0    0 292 -344  2
4013500 2675500  1  3  4   6.5  965 247  8.4 4  4.7  74    0    0 272 -344  2
4013500 2675500  1  3  5   6.5  967 230  7.7 7  4.6  72    0    0 291 -343  2
4013500 2675500  1  3  6   6.0  968 221  6.4 8  4.5  73    0    0 318 -343  2
4013500 2675500  1  3  7   5.8  968 220  4.9 7  4.7  77    0    0 318 -341  2
4013500 2675500  1  3  8   5.5  969 199  5.0 6  4.8  81    0    0 307 -338  2
4013500 2675500  1  3  9   5.5  969 192  3.7 6  4.8  82    0    6 300 -337  2
4013500 2675500  1  3 10   5.9  969 188  4.1 6  4.8  81    0   34 299 -337  2
4013500 2675500  1  3 11   6.5  969 207  5.1 7  4.9  79    0   43 303 -340  2
4013500 2675500  1  3 12   6.5  968 206  5.6 7  4.9  78   15   74 307 -342  2
4013500 2675500  1  3 13   7.0  967 202  6.2 7  4.9  76    0   77 308 -345  2
4013500 2675500  1  3 14   6.5  965 184  6.9 7  4.9  77    0   49 308 -346  2
4013500 2675500  1  3 15   6.1  963 177  6.5 7  5.1  82    0   37 309 -344  2
4013500 2675500  1  3 16   5.9  962 164  7.2 8  5.2  86    0   11 317 -342  2
4013500 2675500  1  3 17   6.3  961 171  5.7 8  5.4  87    0    0 326 -342  2
4013500 2675500  1  3 18   6.5  960 196  5.1 8  5.6  89    0    0 328 -343  2
4013500 2675500  1  3 19   7.7  959 199  7.9 8  5.9  89    0    0 330 -346  2
4013500 2675500  1  3 20   7.8  959 241  9.0 8  6.0  87    0    0 333 -348  2
4013500 2675500  1  3 21   7.1  960 255  8.8 6  5.4  80    0    0 317 -348  2
4013500 2675500  1  3 22   7.0  962 257  8.8 5  4.7  72    0    0 298 -348  2
4013500 2675500  1  3 23   6.5  962 240  9.6 5  4.3  67    0    0 289 -346  2
4013500 2675500  1  3 24   6.1  964 241  9.4 3  4.0  65    0    0 275 -343  2
4013500 2675500  1  4  1   4.8  965 256  8.6 5  3.9  67    0    0 272 -339  2
4013500 2675500  1  4  2   4.8  967 238  8.1 3  3.8  68    0    0 267 -335  2
4013500 2675500  1  4  3   4.9  968 243  8.4 7  3.7  66    0    0 273 -334  2
4013500 2675500  1  4  4   4.6  969 236  9.1 7  3.6  65    0    0 289 -333  2
4013500 2675500  1  4  5   4.4  970 235  6.4 5  3.7  67    0    0 277 -332  2
4013500 2675500  1  4  6   4.5  971 224  6.3 5  3.8  70    0    0 268 -328  2
4013500 2675500  1  4  7   5.0  971 226  6.5 5  4.0  72    0    0 267 -328  2
4013500 2675500  1  4  8   3.9  971 209  4.6 8  4.3  78    0    0 279 -329  2
4013500 2675500  1  4  9   4.0  971 224  7.0 8  4.5  86    0    0 291 -330  2
4013500 2675500  1  4 10   4.4  971 224  7.2 6  4.6  86    4   42 283 -330  2
4013500 2675500  1  4 11   5.1  971 235  7.0 6  4.6  83    2   65 275 -330  2
4013500 2675500  1  4 12   5.6  971 231  7.3 7  4.5  78    2   84 280 -331  2
4013500 2675500  1  4 13   6.1  971 234  7.4 5  4.5  74   25  110 276 -332  2
4013500 2675500  1  4 14   6.5  971 222  6.1 5  4.4  71   31  102 270 -335  2
4013500 2675500  1  4 15   6.7  970 205  5.2 6  4.4  69    8   67 276 -337  2
4013500 2675500  1  4 16   6.3  969 163  4.9 7  4.4  70    4   31 288 -336  2
4013500 2675500  1  4 17   5.8  967 145  5.0 7  4.4  72    0    0 293 -331  2
4013500 2675500  1  4 18   5.7  965 139  5.6 7  4.4  74    0    0 294 -328  2
4013500 2675500  1  4 19   6.0  963 168  6.7 8  4.4  73    0    0 301 -329  2
4013500 2675500  1  4 20   6.0  962 181  6.0 8  4.5  73    0    0 310 -331  2
4013500 2675500  1  4 21   7.2  961 221  9.4 8  4.5  71    0    0 315 -334  2
4013500 2675500  1  4 22   6.6  962 214  8.8 7  4.6  70    0    0 311 -339  2
4013500 2675500  1  4 23   6.7  961 225 10.4 7  4.5  70    0    0 303 -340  2
4013500 2675500  1  4 24   5.8  962 235  8.8 8  4.3  69    0    0 305 -339  2
4013500 2675500  1  5  1   6.0  962 226 10.2 6  4.1  68    0    0 297 -338  2
4013500 2675500  1  5  2   5.8  963 225 11.5 6  3.9  64    0    0 286 -336  2
4013500 2675500  1  5  3   6.1  963 228 10.8 5  3.8  62    0    0 280 -334  2
4013500 2675500  1  5  4   5.8  963 234 10.8 4  3.7  61    0    0 270 -333  2
4013500 2675500  1  5  5   4.5  964 228  9.5 5  3.9  67    0    0 268 -331  2
4013500 2675500  1  5  6   4.8  965 231  9.0 6  4.0  71    0    0 276 -330  2
4013500 2675500  1  5  7   5.1  965 233  9.1 6  3.8  68    0    0 280 -328  2
4013500 2675500  1  5  8   5.1  966 230  8.6 8  3.8  66    0    0 288 -328  2
4013500 2675500  1  5  9   4.3  967 230  7.9 8  4.0  71    0    3 296 -328  2
4013500 2675500  1  5 10   3.7  968 237  7.2 5  4.1  78   12   57 281 -328  2
4013500 2675500  1  5 11   4.7  969 228  8.4 3  4.2  78   24  106 260 -328  2
4013500 2675500  1  5 12   5.6  970 231  7.7 3  4.1  71   35  139 255 -329  2
4013500 2675500  1  5 13   5.6  970 229  8.4 5  3.9  67   13  126 264 -331  2
4013500 2675500  1  5 14   6.2  970 232  8.4 4  3.9  65   41  140 270 -333  2
4013500 2675500  1  5 15   6.5  969 235  8.0 6  4.0  65   19   95 278 -335  2
4013500 2675500  1  5 16   6.5  968 207  7.8 8  4.1  66    0   25 298 -336  2
4013500 2675500  1  5 17   6.6  967 203  7.6 8  4.1  65    0    0 308 -337  2
4013500 2675500  1  5 18   6.6  966 195  9.0 8  4.2  66    0    0 310 -337  2
4013500 2675500  1  5 19   6.8  965 186  8.8 8  4.1  65    0    0 312 -338  2
4013500 2675500  1  5 20   6.6  963 180 10.2 7  4.1  64    0    0 309 -338  2
4013500 2675500  1  5 21   5.4  962 196  8.5 7  4.3  70    0    0 302 -339  2
4013500 2675500  1  5 22   4.9  962 197  6.1 7  4.6  80    0    0 300 -338  2
4013500 2675500  1  5 23   4.7  961 219  6.5 7  4.9  86    0    0 301 -336  2
4013500 2675500  1  5 24   4.7  961 223  6.6 6  4.9  87    0    0 294 -332  2
4013500 2675500  1  6  1   4.4  961 224  5.7 5  4.6  83    0    0 280 -327  2
4013500 2675500  1  6  2   4.1  961 222  5.4 5  4.4  81    0    0 273 -324  2
4013500 2675500  1  6  3   3.5  961 212  5.8 7  4.5  85    0    0 284 -324  2
4013500 2675500  1  6  4   4.0  961 225  6.9 8  4.6  87    0    0 301 -323  2
4013500 2675500  1  6  5   4.2  961 255  8.2 8  4.5  84    0    0 308 -321  2
4013500 2675500  1  6  6   4.0  962 253  8.5 8  4.3  80    0    0 306 -320  2
4013500 2675500  1  6  7   3.7  964 255  8.5 8  4.2  80    0    0 305 -322  2
4013500 2675500  1  6  8   4.0  967 252  8.6 8  4.2  79    0    0 305 -323  2
4013500 2675500  1  6  9   3.5  969 242  7.9 8  4.0  77    0    0 306 -324  2
4013500 2675500  1  6 10   3.8  970 245  8.0 7  4.0  77    0    9 300 -324  2
4013500 2675500  1  6 11   3.5  972 257  6.7 8  4.0  77    0   22 301 -325  2
4013500 2675500  1  6 12   3.6  974 261  7.1 8  4.1  81    0   35 307 -326  2
4013500 2675500  1  6 13   3.8  975 246  7.8 7  4.2  82    0   49 300 -327  2
4013500 2675500  1  6 14   4.1  975 247  6.3 7  4.2  80    0   68 294 -327  2
4013500 2675500  1  6 15   4.4  976 243  5.0 8  4.2  78    0   30 300 -327  2
4013500 2675500  1  6 16   4.8  977 236  3.6 7  4.1  75   21   22 300 -324  2
4013500 2675500  1  6 17   4.9  978 208  3.0 7  4.0  72    0    7 293 -320  2
4013500 2675500  1  6 18   4.3  979 202  2.7 7  3.9  72    0    0 292 -318  2
4013500 2675500  1  6 19   3.7  979 183  2.1 5  3.9  74    0    0 278 -318  2
4013500 2675500  1  6 20   3.2  979 152  2.7 5  3.8  76    0    0 265 -318  2
4013500 2675500  1  6 21   3.5  979 154  3.5 5  3.9  77    0    0 267 -318  2
4013500 2675500  1  6 22   3.5  979 190  3.2 6  3.9  78    0    0 275 -318  2
4013500 2675500  1  6 23   3.6  979 173  3.6 6  4.1  80    0    0 281 -318  2
4013500 2675500  1  6 24   3.3  979 142  3.3 7  4.2  83    0    0 287 -320  2
4013500 2675500  1  7  1   3.2  979 126  3.0 7  4.2  84    0    0 293 -322  2
4013500 2675500  1  7  2   3.5  978 118  4.1 8  4.3  86    0    0 301 -322  2
4013500 2675500  1  7  3   3.7  978 124  4.9 8  4.5  88    0    0 309 -322  2
4013500 2675500  1  7  4   3.7  978 122  4.4 8  4.7  91    0    0 311 -322  2
4013500 2675500  1  7  5   4.1  979 163  1.8 8  4.8  93    0    0 314 -323  2
4013500 2675500  1  7  6   4.6  978 226  2.9 8  5.0  94    0    0 318 -331  2
4013500 2675500  1  7  7   5.9  978 220  4.6 8  5.4  94    0    0 324 -341  2
4013500 2675500  1  7  8   6.4  977 218  4.9 8  5.8  96    0    0 329 -345  2
4013500 2675500  1  7  9   7.3  977 224  5.0 8  6.1  96    0    6 332 -346  2
4013500 2675500  1  7 10   8.7  977 223  5.6 7  6.4  92   38   21 332 -347  2
4013500 2675500  1  7 11   9.4  976 222  6.1 5  6.5  87    0   60 318 -348  2
4013500 2675500  1  7 12  10.0  976 220  6.7 5  6.5  83   25   80 308 -349  2
4013500 2675500  1  7 13  10.3  976 222  7.5 6  6.5  81    0   74 314 -350  2
4013500 2675500  1  7 14  10.7  976 222  7.5 7  6.3  77    0   56 324 -351  2
4013500 2675500  1  7 15  10.0  975 228  6.6 7  6.2  76    0   27 328 -350  2
4013500 2675500  1  7 16   9.7  975 223  7.3 6  6.1  77    3   26 321 -349  2
4013500 2675500  1  7 17   9.4  976 226  6.4 6  5.9  76    0    7 312 -348  2
4013500 2675500  1  7 18   9.3  976 221  7.7 5  5.7  75    0    0 305 -347  2
4013500 2675500  1  7 19   8.6  977 225  8.0 6  5.5  75    0    0 304 -345  2
4013500 2675500  1  7 20   7.2  978 252  6.0 6  5.2  76    0    0 304 -341  2
4013500 2675500  1  7 21   7.0  979 241  4.9 4  5.1  78    0    0 291 -340  2
4013500 2675500  1  7 22   7.1  980 237  4.6 4  5.2  80    0    0 278 -340  2
4013500 2675500  1  7 23   7.3  980 234  5.2 4  5.1  78    0    0 277 -338  2
4013500 2675500  1  7 24   7.1  981 227  4.9 4  5.0  76    0    0 277 -337  2
4013500 2675500  1  8  1   7.0  981 233  6.8 4  5.0  78    0    0 276 -337  2
4013500 2675500  1  8  2   7.7  982 229  6.0 5  5.0  76    0    0 281 -339  2
4013500 2675500  1  8  3   7.3  982 221  6.9 4  4.9  74    0    0 282 -342  2
4013500 2675500  1  8  4   7.7  982 229  6.8 5  4.9  74    0    0 283 -344  2
4013500 2675500  1  8  5   7.5  982 232  7.5 7  5.0  74    0    0 299 -343  2
4013500 2675500  1  8  6   7.8  982 222  7.8 7  5.1  75    0    0 309 -343  2
4013500 2675500  1  8  7   7.9  982 221  8.2 8  5.1  75    0    0 316 -344  2
4013500 2675500  1  8  8   8.4  982 237  8.4 8  5.1  73    0    0 324 -345  2
4013500 2675500  1  8  9   7.4  983 236  7.4 7  5.1  75    0    0 319 -345  2
4013500 2675500  1  8 10   8.3  983 239  7.8 7  5.3  78    0   36 313 -346  2
4013500 2675500  1  8 11   8.7  984 238  7.9 4  5.4  75   22  111 296 -347  2
4013500 2675500  1  8 12   9.3  985 238  7.2 2  5.3  73   63  160 266 -348  2
4013500 2675500  1  8 13   9.2  985 231  7.1 2  5.3  71   56  170 254 -348  2
4013500 2675500  1  8 14   9.7  986 237  6.3 3  5.3  70   13  119 261 -349  2
4013500 2675500  1  8 15   9.5  986 235  6.5 5  5.2  68    5   79 279 -350  2
4013500 2675500  1  8 16   9.5  986 233  6.6 6  5.0  66    0   22 297 -350  2
4013500 2675500  1  8 17   9.1  986 234  5.9 7  4.9  66    0    0 308 -350  2
4013500 2675500  1  8 18   8.8  986 234  7.6 7  4.9  67    0    0 312 -349  2
4013500 2675500  1  8 19   8.7  986 229  6.3 8  4.9  68    0    0 318 -349  2
4013500 2675500  1  8 20   9.1  986 230  6.6 8  5.1  69    0    0 326 -349  2
4013500 2675500  1  8 21   9.3  986 234  6.5 8  5.1  69    0    0 327 -349  2
4013500 2675500  1  8 22   9.6  986 243  7.6 7  5.2  68    0    0 324 -348  2
4013500 2675500  1  8 23   9.4  987 253  7.4 7  5.2  69    0    0 320 -348  2
4013500 2675500  1  8 24   9.3  987 247  7.7 8  5.3  70    0    0 326 -347  2
4013500 2675500  1  9  1   9.2  988 248  6.8 7  5.4  72    0    0 328 -347  2
4013500 2675500  1  9  2   8.9  988 247  6.9 7  5.4  74    0    0 322 -347  2
4013500 2675500  1  9  3   8.9  988 246  6.6 7  5.4  75    0    0 323 -347  2
4013500 2675500  1  9  4   8.9  988 246  6.0 7  5.5  75    0    0 324 -347  2
4013500 2675500  1  9  5   9.1  989 243  4.9 7  5.5  75    0    0 325 -347  2
4013500 2675500  1  9  6   9.1  988 229  4.3 8  5.5  74    0    0 330 -347  2
4013500 2675500  1  9  7   9.2  989 224  3.4 7  5.5  74    0    0 332 -347  2
4013500 2675500  1  9  8   9.3  989 229  3.6 7  5.6  75    0    0 327 -347  2
4013500 2675500  1  9  9   9.3  990 235  5.8 7  5.6  75    0    6 327 -347  2
4013500 2675500  1  9 10   9.4  990 233  5.0 7  5.6  75    3   39 328 -347  2
4013500 2675500  1  9 11   9.8  991 223  5.0 7  5.7  75   10   70 329 -349  2
4013500 2675500  1  9 12  10.0  992 233  4.3 7  5.7  74    5   82 331 -351  2
4013500 2675500  1  9 13  10.4  992 236  3.7 8  5.8  74    1   81 338 -353  2
4013500 2675500  1  9 14  10.9  992 246  4.2 7  5.9  72   26   93 340 -355  2
4013500 2675500  1  9 15  11.0  992 234  4.8 5  5.9  71   30   67 324 -355  2
4013500 2675500  1  9 16  10.4  993 240  3.7 7  5.9  72    0   21 323 -353  2
4013500 2675500  1  9 17  10.1  993 234  3.9 7  5.9  74    0    0 331 -348  2
4013500 2675500  1  9 18  10.2  993 199  1.6 8  5.9  75    0    0 334 -343  2
4013500 2675500  1  9 19   9.7  994 161  1.8 7  6.0  77    0    0 331 -340  2
4013500 2675500  1  9 20   9.6  994 138  2.4 8  6.0  79    0    0 328 -338  2
4013500 2675500  1  9 21   9.2  994 138  2.6 7  6.0  80    0    0 325 -337  2
4013500 2675500  1  9 22   8.9  995 138  3.0 6  6.0  82    0    0 314 -335  2
4013500 2675500  1  9 23   8.4  995 137  2.9 6  6.0  84    0    0 306 -333  2
4013500 2675500  1  9 24   8.1  995 137  3.7 6  5.8  84    0    0 304 -331  2
4013500 2675500  1 10  1   6.7  994 143  2.4 6  5.7  87    0    0 299 -330  2
4013500 2675500  1 10  2   5.8  994 117  2.3 5  5.5  91    0    0 290 -330  2
4013500 2675500  1 10  3   4.7  994 126  2.7 1  5.2  93    0    0 260 -329  2
4013500 2675500  1 10  4   3.7  995  83  2.6 1  5.0  95    0    0 233 -328  2
4013500 2675500  1 10  5   4.0  995 135  2.8 3  4.8  95    0    0 239 -327  2
4013500 2675500  1 10  6   3.3  995 127  2.8 2  4.7  94    0    0 242 -325  2
4013500 2675500  1 10  7   3.1  995 110  2.8 4  4.6  94    0    0 244 -324  2
4013500 2675500  1 10  8   1.7  995 126  2.7 5  4.4  96    0    0 257 -324  2
4013500 2675500  1 10  9   2.6  995  73  2.4 5  4.3  95    1    9 262 -325  2
4013500 2675500  1 10 10   1.4  995  64  2.5 6  4.3  96   32   44 266 -326  2
4013500 2675500  1 10 11   2.9  995 119  3.5 4  4.4  98   39   84 263 -329  2
4013500 2675500  1 10 12   3.8  995 115  2.6 5  4.7  96   32  108 263 -334  2
4013500 2675500  1 10 13   5.2  994 122  2.5 5  5.0  94   65  116 270 -338  2
4013500 2675500  1 10 14   5.9  994 123  2.4 1  5.3  93  166   65 262 -341  2
4013500 2675500  1 10 15   8.4  993 119  2.3 0  5.6  88  144   42 253 -342  2
4013500 2675500  1 10 16   8.3  994 121  1.9 1  5.8  84   61   30 257 -340  2
4013500 2675500  1 10 17   6.9  992 126  2.4 0  5.7  85    1    8 254 -336  2
4013500 2675500  1 10 18   6.7  992 118  2.2 0  5.2  83    0    0 245 -334  2
4013500 2675500  1 10 19   5.2  992 110  2.1 1  5.0  84    0    0 242 -333  2
4013500 2675500  1 10 20   4.6  992 115  1.7 1  4.8  88    0    0 241 -332  2
4013500 2675500  1 10 21   3.5  992 118  1.7 1  4.6  89    0    0 237 -332  2
4013500 2675500  1 10 22   1.9  992  98  2.7 0  4.5  95    0    0 231 -331  2
4013500 2675500  1 10 23   2.0  992 116  2.7 0  4.4  98    0    0 227 -331  2
4013500 2675500  1 10 24   0.6  992 130  2.6 1  4.2  98    0    0 229 -330  2
4013500 2675500  1 11  1   2.1  992  64  2.7 0  4.1  96    0    0 229 -329  2
4013500 2675500  1 11  2   1.0  991 129  3.8 1  4.1  94    0    0 229 -328  2
4013500 2675500  1 11  3   0.1  991 124  4.1 1  3.9  98    0    0 230 -327  2
4013500 2675500  1 11  4   1.3  991 115  4.1 0  3.9  95    0    0 228 -326  2
4013500 2675500  1 11  5   0.1  991 141  3.7 1  3.8  93    0    0 227 -326  2
4013500 2675500  1 11  6   0.2  990 110  3.6 2  3.7  95    0    0 232 -325  2
4013500 2675500  1 11  7  -0.7  989  71  3.6 4  3.7  97    0    0 240 -324  2
4013500 2675500  1 11  8  -0.3  989 129  3.8 2  3.6  96    0    0 239 -323  2
4013500 2675500  1 11  9  -0.9  989 120  4.0 2  3.6  96    3    9 232 -323  2
4013500 2675500  1 11 10  -1.2  989 136  4.3 2  3.5  98   55   44 232 -324  2
4013500 2675500  1 11 11   1.2  989 131  5.0 1  3.7  96  130   66 232 -328  2
4013500 2675500  1 11 12   3.2  989 136  4.6 1  4.2  91  173   82 236 -334  2
4013500 2675500  1 11 13   4.8  988 135  4.2 1  4.4  85  194   84 241 -340  2
4013500 2675500  1 11 14   6.0  988 132  3.6 2  4.5  80  175   79 247 -344  2
4013500 2675500  1 11 15   6.4  987 137  4.2 1  4.6  76  103   74 250 -345  2
4013500 2675500  1 11 16   5.9  986 141  3.5 1  4.6  76   48   42 249 -344  2
4013500 2675500  1 11 17   4.8  986 153  3.4 2  4.4  78    1    9 249 -341  2
4013500 2675500  1 11 18   3.2  986 147  3.7 1  4.3  83    0    0 246 -338  2
4013500 2675500  1 11 19   2.1  986 123  4.0 2  4.3  90    0    0 244 -334  2
4013500 2675500  1 11 20   1.0  986 147  4.4 1  4.0  91    0    0 240 -332  2
4013500 2675500  1 11 21   1.6  986 143  3.8 0  3.8  89    0    0 237 -331  2
4013500 2675500  1 11 22   1.7  986 157  3.8 0  3.9  88    0    0 238 -329  2
4013500 2675500  1 11 23   2.2  986 145  3.4 0  3.7  83    0    0 239 -328  2
4013500 2675500  1 11 24  -0.4  987 166  3.1 0  3.5  83    0    0 235 -327  2
4013500 2675500  1 12  1  -0.5  987 152  3.9 0  3.4  90    0    0 230 -325  2
4013500 2675500  1 12  2  -1.3  987 118  3.9 0  3.4  92    0    0 228 -324  2
4013500 2675500  1 12  3  -1.4  986  89  3.1 0  3.4  96    0    0 226 -323  2
4013500 2675500  1 12  4  -0.4  987 129  2.8 0  3.5  95    0    0 225 -322  2
4013500 2675500  1 12  5  -0.8  987 136  2.8 0  3.5  94    0    0 225 -321  2
4013500 2675500  1 12  6  -0.9  987 160  2.6 0  3.4  93    0    0 223 -321  2
4013500 2675500  1 12  7  -1.8  986 128  3.4 1  3.3  92    0    0 224 -320  2
4013500 2675500  1 12  8  -1.4  986 131  3.8 1  3.2  92    0    0 226 -321  2
4013500 2675500  1 12  9  -1.9  986  94  3.1 1  3.2  92    3   10 225 -321  2
4013500 2675500  1 12 10   0.0  987 111  2.9 2  3.3  91   50   48 230 -322  2
4013500 2675500  1 12 11   2.0  986 142  4.6 1  3.6  87  111   79 235 -326  2
4013500 2675500  1 12 12   2.9  986 138  3.7 1  4.0  85  156   97 237 -333  2
4013500 2675500  1 12 13   4.1  985 146  3.7 1  4.2  83  177  100 241 -338  2
4013500 2675500  1 12 14   7.2  985 143  4.1 2  4.4  76  156   96 249 -343  2
4013500 2675500  1 12 15   7.2  985 146  3.4 2  4.5  70   98   82 256 -345  2
4013500 2675500  1 12 16   6.2  985 132  3.3 2  4.5  71   26   50 255 -344  2
4013500 2675500  1 12 17   5.0  984 154  3.6 4  4.4  75    0   10 256 -340  2
4013500 2675500  1 12 18   4.3  984 125  2.2 4  4.3  79    0    0 257 -336  2
4013500 2675500  1 12 19   2.6  984 137  1.2 5  4.2  84    0    0 256 -333  2
4013500 2675500  1 12 20   1.7  984  56  2.5 5  4.1  90    0    0 255 -332  2
4013500 2675500  1 12 21   1.3  983  81  2.8 5  4.0  92    0    0 254 -334  2
4013500 2675500  1 12 22   0.8  983  56  3.8 1  4.0  94    0    0 246 -335  2
4013500 2675500  1 12 23   1.0  983  55  4.0 1  3.9  93    0    0 237 -334  2
4013500 2675500  1 12 24   0.8  982 129  3.7 4  3.8  91    0    0 241 -333  2
4013500 2675500  1 13  1  -0.3  982 102  3.7 6  3.7  92    0    0 249 -332  2
4013500 2675500  1 13  2   0.1  982 129  2.1 7  3.6  94    0    0 253 -330  2
4013500 2675500  1 13  3   0.5  981 139  1.9 7  3.7  92    0    0 255 -328  2
4013500 2675500  1 13  4   0.7  981  27  2.0 8  3.6  89    0    0 257 -327  2
4013500 2675500  1 13  5   0.6  980 199  0.8 8  3.6  88    0    0 259 -327  2
4013500 2675500  1 13  6   1.1  980 194  1.1 6  3.6  87    0    0 255 -326  2
4013500 2675500  1 13  7   0.1  979 139  1.4 5  3.7  90    0    0 247 -325  2
4013500 2675500  1 13  8  -0.5  979   6  1.4 5  3.6  94    0    0 242 -325  2
4013500 2675500  1 13  9  -1.0  978 103  1.3 6  3.5  95    0    5 245 -325  2
4013500 2675500  1 13 10   0.5  978 156  1.6 5  3.6  93   16   54 247 -325  2
4013500 2675500  1 13 11   2.2  978 143  1.5 3  3.9  89   97   86 241 -328  2
4013500 2675500  1 13 12   4.8  978 125  2.0 3  4.2  82  139  106 239 -333  2
4013500 2675500  1 13 13   4.0  978 130  2.4 3  4.2  78  130  121 242 -339  2
4013500 2675500  1 13 14   5.8  977 143  3.0 5  4.2  76  111  114 251 -342  2
4013500 2675500  1 13 15   4.9  977 128  4.0 6  4.2  74   42   98 268 -343  2
4013500 2675500  1 13 16   5.4  976 125  2.6 6  4.3  76    2   41 273 -342  2
4013500 2675500  1 13 17   4.7  976 141  2.2 7  4.4  77    0    8 280 -339  2
4013500 2675500  1 13 18   4.1  976 122  2.3 6  4.3  79    0    0 280 -335  2
4013500 2675500  1 13 19   3.3  976 124  2.7 7  4.2  82    0    0 278 -332  2
4013500 2675500  1 13 20   3.7  976 117  2.7 8  4.1  82    0    0 287 -332  2
4013500 2675500  1 13 21   4.1  976 114  3.1 8  4.0  77    0    0 293 -334  2
4013500 2675500  1 13 22   3.7  976 118  0.7 6  4.0  76    0    0 286 -335  2
4013500 2675500  1 13 23   3.5  976 107  3.6 6  4.0  79    0    0 278 -334  2
4013500 2675500  1 13 24   3.6  976 119  4.5 8  4.0  79    0    0 288 -334  2
4013500 2675500  1 14  1   4.2  975 144  0.5 7  3.9  75    0    0 295 -334  2
4013500 2675500  1 14  2   4.8  976 171  2.1 7  3.9  72    0    0 293 -339  2
4013500 2675500  1 14  3   4.0  976 150  1.6 8  4.0  75    0    0 299 -343  2
4013500 2675500  1 14  4   1.9  975 167  2.6 8  4.0  83    0    0 301 -339  2
4013500 2675500  1 14  5   2.0  974 160  2.0 8  4.1  90    0    0 298 -336  2
4013500 2675500  1 14  6   3.2  974 145  1.9 6  4.2  89    0    0 289 -335  2
4013500 2675500  1 14  7   2.9  975 160  2.0 5  4.2  86    0    0 274 -334  2
4013500 2675500  1 14  8   2.6  974 145  2.2 3  4.2  87    0    0 259 -336  2
4013500 2675500  1 14  9   1.2  974 167  2.6 3  4.1  90    2   11 248 -335  2
4013500 2675500  1 14 10   3.6  975 169  2.7 5  4.1  87   20   60 259 -334  2
4013500 2675500  1 14 11   5.6  976 177  3.1 5  4.2  77   55  110 276 -338  2
4013500 2675500  1 14 12   6.8  976 183  3.4 5  4.3  71   73  142 279 -342  2
4013500 2675500  1 14 13   5.8  976 164  4.0 5  4.4  72   83  153 281 -344  2
4013500 2675500  1 14 14   6.8  976 168  3.6 6  4.5  73   60  142 286 -345  2
4013500 2675500  1 14 15   6.2  976 206  4.2 4  4.5  73   34  106 280 -344  2
4013500 2675500  1 14 16   6.2  976 214  4.8 5  4.6  75   12   54 273 -342  2
4013500 2675500  1 14 17   5.7  976 229  3.5 6  4.5  76    0    6 284 -339  2
4013500 2675500  1 14 18   6.8  977 200  3.5 7  4.5  74    0    0 296 -337  2
4013500 2675500  1 14 19   6.7  978 224  4.4 7  4.6  73    0    0 303 -334  2
4013500 2675500  1 14 20   7.2  978 214  4.1 7  4.7  73    0    0 303 -332  2
4013500 2675500  1 14 21   7.2  979 194  4.6 7  4.8  74    0    0 304 -332  2
4013500 2675500  1 14 22   7.0  979 210  4.1 7  4.9  76    0    0 305 -333  2
4013500 2675500  1 14 23   7.0  980 202  3.5 7  4.9  76    0    0 306 -331  2
4013500 2675500  1 14 24   6.3  981 205  3.8 5  4.9  78    0    0 295 -330  2
4013500 2675500  1 15  1   5.9  982 210  4.4 5  4.7  78    0    0 283 -328  2
4013500 2675500  1 15  2   5.2  983 218  3.7 5  4.5  77    0    0 281 -325  2
4013500 2675500  1 15  3   4.4  983 220  3.6 5  4.1  75    0    0 278 -325  2
4013500 2675500  1 15  4   4.1  984 220  3.6 3  4.0  75    0    0 266 -327  2
4013500 2675500  1 15  5   3.6  984 200  3.5 2  4.0  78    0    0 249 -328  2
4013500 2675500  1 15  6   3.3  984 197  4.0 5  4.1  82    0    0 257 -328  2
4013500 2675500  1 15  7   3.3  984 204  4.0 7  4.2  84    0    0 281 -326  2
4013500 2675500  1 15  8   3.2  984 204  3.0 7  4.2  85    0    0 290 -323  2
4013500 2675500  1 15  9   3.0  985 184  3.1 7  4.1  85    5    8 289 -320  2
4013500 2675500  1 15 10   3.1  985 149  2.7 7  4.2  86   13   43 290 -321  2
4013500 2675500  1 15 11   3.6  985 199  5.1 7  4.3  86   29   76 292 -325  2
4013500 2675500  1 15 12   4.4  985 188  5.0 8  4.4  84    7   96 298 -331  2
4013500 2675500  1 15 13   5.1  984 193  5.8 7  4.4  80   48  108 302 -334  2
4013500 2675500  1 15 14   6.0  984 194  4.0 8  4.4  76    5   93 304 -335  2
4013500 2675500  1 15 15   6.8  983 182  6.3 6  4.4  71   23   78 303 -336  2
4013500 2675500  1 15 16   6.3  983 163  4.0 5  4.3  68   60   20 289 -335  2
4013500 2675500  1 15 17   5.5  982 164  4.9 7  4.2  71    3    9 294 -330  2
4013500 2675500  1 15 18   5.5  982 158  4.7 7  4.3  74    0    0 304 -324  2
4013500 2675500  1 15 19   5.2  982 160  6.1 8  4.3  76    0    0 309 -321  2
4013500 2675500  1 15 20   5.4  982 167  6.0 8  4.4  78    0    0 315 -319  2
4013500 2675500  1 15 21   5.1  981 162  5.8 8  4.5  79    0    0 317 -319  2
4013500 2675500  1 15 22   4.9  981 158  5.6 7  4.5  81    0    0 312 -321  2
4013500 2675500  1 15 23   5.1  981 164  4.9 7  4.6  82    0    0 308 -322  2
4013500 2675500  1 15 24   4.9  980 147  4.6 8  4.6  82    0    0 314 -323  2
4013500 2675500  1 16  1   4.8  979 143  5.1 7  4.6  83    0    0 312 -324  2
4013500 2675500  1 16  2   4.9  978 138  5.3 8  4.7  85    0    0 313 -324  2
4013500 2675500  1 16  3   4.7  978 143  5.5 8  4.8  88    0    0 319 -325  2
4013500 2675500  1 16  4   4.6  978 148  5.0 8  5.0  91    0    0 319 -325  2
4013500 2675500  1 16  5   4.7  977 155  4.2 8  5.0  92    0    0 319 -326  2
4013500 2675500  1 16  6   4.6  976 152  4.1 8  5.1  94    0    0 318 -326  2
4013500 2675500  1 16  7   4.9  976 160  4.3 8  5.2  94    0    0 319 -326  2
4013500 2675500  1 16  8   5.1  975 164  3.4 8  5.3  94    0    0 321 -326  2
4013500 2675500  1 16  9   5.3  975 154  3.4 8  5.4  94    0   10 322 -327  2
4013500 2675500  1 16 10   5.4  974 139  3.5 8  5.5  95    0   26 323 -328  2
4013500 2675500  1 16 11   5.9  974 141  3.6 7  5.6  94    0   70 317 -328  2
4013500 2675500  1 16 12   6.2  974 123  3.5 6  5.7  93    1  101 304 -329  2
4013500 2675500  1 16 13   6.6  973 202  2.4 7  5.7  92    0   64 303 -332  2
4013500 2675500  1 16 14   7.2  973 210  3.3 6  5.8  90    0   87 303 -338  2
4013500 2675500  1 16 15   7.0  972 210  3.8 6  5.8  89    2   85 296 -344  2
4013500 2675500  1 16 16   7.1  972 207  3.1 8  5.8  89    0   26 311 -345  2
4013500 2675500  1 16 17   6.8  972 202  3.2 7  5.7  88    0    2 317 -343  2
4013500 2675500  1 16 18   6.1  973 210  2.3 8  5.6  89    0    0 315 -341  2
4013500 2675500  1 16 19   6.1  973 203  2.1 7  5.5  90    0    0 313 -340  2
4013500 2675500  1 16 20   6.2  973 167  2.2 7  5.5  90    0    0 303 -337  2
4013500 2675500  1 16 21   5.8  973 182  2.6 7  5.6  92    0    0 304 -335  2
4013500 2675500  1 16 22   5.8  973 190  3.0 8  5.6  94    0    0 314 -334  2
4013500 2675500  1 16 23   5.8  973 251  2.7 8  5.6  93    0    0 322 -331  2
4013500 2675500  1 16 24   5.6  974 297  3.2 8  5.5  93    0    0 322 -328  2
4013500 2675500  1 17  1   5.4  975 278  3.1 7  5.4  92    0    0 314 -327  2
4013500 2675500  1 17  2   5.4  976 280  4.2 8  5.2  90    0    0 314 -328  2
4013500 2675500  1 17  3   5.4  977 291  5.1 8  5.0  87    0    0 319 -328  2
4013500 2675500  1 17  4   5.0  978 289  4.6 8  4.8  85    0    0 318 -328  2
4013500 2675500  1 17  5   4.7  979 288  4.5 7  4.6  83    0    0 310 -328  2
4013500 2675500  1 17  6   4.2  980 297  4.9 7  4.4  82    0    0 303 -329  2
4013500 2675500  1 17  7   3.5  981 290  4.5 6  4.4  85    0    0 295 -328  2
4013500 2675500  1 17  8   3.4  983 290  4.4 6  4.2  84    0    0 289 -328  2
4013500 2675500  1 17  9   2.8  984 284  3.3 6  4.1  84    0    8 288 -329  2
4013500 2675500  1 17 10   3.0  985 261  3.8 5  4.0  83   38   50 280 -330  2
4013500 2675500  1 17 11   4.0  986 264  3.9 5  4.0  80  108   75 276 -332  2
4013500 2675500  1 17 12   4.4  987 261  3.7 3  4.0  76  158   88 266 -334  2
4013500 2675500  1 17 13   4.7  987 247  5.1 4  3.9  72   81  130 260 -336  2
4013500 2675500  1 17 14   5.0  987 237  6.1 3  3.8  69  115  106 260 -337  2
4013500 2675500  1 17 15   4.6  987 229  5.7 2  3.7  68   96   77 249 -337  2
4013500 2675500  1 17 16   4.3  987 221  4.7 4  3.7  69   60   43 252 -334  2
4013500 2675500  1 17 17   3.7  987 221  4.7 5  3.7  71    7   13 263 -328  2
4013500 2675500  1 17 18   3.7  987 219  3.4 7  3.7  73    0    0 276 -323  2
4013500 2675500  1 17 19   3.2  987 215  4.1 6  3.7  75    0    0 278 -323  2
4013500 2675500  1 17 20   3.1  987 220  3.7 5  3.7  76    0    0 266 -322  2
4013500 2675500  1 17 21   2.7  987 224  4.4 4  3.7  77    0    0 256 -321  2
4013500 2675500  1 17 22   2.4  987 222  4.4 3  3.7  78    0    0 246 -319  2
4013500 2675500  1 17 23   2.4  986 217  4.7 3  3.7  79    0    0 241 -317  2
4013500 2675500  1 17 24   2.3  986 216  4.9 7  3.7  79    0    0 258 -315  2
4013500 2675500  1 18  1   2.0  985 208  4.5 5  3.7  80    0    0 266 -313  2
4013500 2675500  1 18  2   1.2  985 182  3.2 4  3.6  82    0    0 251 -311  2
4013500 2675500  1 18  3   1.2  985 172  3.3 4  3.6  84    0    0 246 -311  2
4013500 2675500  1 18  4   0.7  985 166  2.8 6  3.6  85    0    0 254 -311  2
4013500 2675500  1 18  5   1.3  984 207  3.0 7  3.5  84    0    0 266 -311  2
4013500 2675500  1 18  6   0.4  983 165  3.7 6  3.5  85    0    0 263 -310  2
4013500 2675500  1 18  7   0.2  982 138  3.8 7  3.5  88    0    0 259 -309  2
4013500 2675500  1 18  8   0.4  982 137  4.4 7  3.5  88    0    0 263 -308  2
4013500 2675500  1 18  9   0.4  981 149  4.9 7  3.5  88    0    5 265 -308  2
4013500 2675500  1 18 10   0.4  980 166  5.5 8  3.6  89    1   49 269 -310  2
4013500 2675500  1 18 11   0.7  979 155  3.3 5  3.6  89   25  108 263 -313  2
4013500 2675500  1 18 12   1.9  978 157  4.4 7  3.6  84   32  139 262 -316  2
4013500 2675500  1 18 13   1.9  976 145  6.9 7  3.5  79   45  154 269 -318  2
4013500 2675500  1 18 14   4.4  975 148  6.9 6  3.4  69   27  135 271 -321  2
4013500 2675500  1 18 15   3.4  974 155  6.0 7  3.2  62    2   82 274 -322  2
4013500 2675500  1 18 16   4.2  971 169  7.0 8  2.9  57    0   33 278 -321  2
4013500 2675500  1 18 17   4.7  970 157  9.0 7  2.7  50    0    1 280 -319  2
4013500 2675500  1 18 18   3.9  968 167  8.4 8  2.7  51    0    0 282 -318  2
4013500 2675500  1 18 19   3.1  967 170  6.8 8  3.0  59    0    0 288 -318  2
4013500 2675500  1 18 20   2.6  966 171  7.3 7  3.6  74    0    0 290 -318  2
4013500 2675500  1 18 21   2.1  966 172  6.4 8  4.1  86    0    0 292 -318  2
4013500 2675500  1 18 22   2.0  966 182  5.8 8  4.2  90    0    0 298 -319  2
4013500 2675500  1 18 23   3.7  966 183  5.7 8  4.3  88    0    0 302 -319  2
4013500 2675500  1 18 24   3.9  965 176  5.7 7  4.4  85    0    0 301 -319  2
4013500 2675500  1 19  1   3.9  964 191  5.5 6  4.4  84    0    0 291 -319  2
4013500 2675500  1 19  2   4.0  963 180  5.0 6  4.4  83    0    0 282 -319  2
4013500 2675500  1 19  3   3.3  961 177  4.2 7  4.4  85    0    0 286 -321  2
4013500 2675500  1 19  4   3.5  960 167  4.4 6  4.4  86    0    0 283 -324  2
4013500 2675500  1 19  5   3.1  958 160  4.8 6  4.4  87    0    0 269 -324  2
4013500 2675500  1 19  6   3.1  957 152  4.9 6  4.4  87    0    0 260 -325  2
4013500 2675500  1 19  7   2.2  955 139  3.3 8  4.3  88    0    0 286 -325  2
4013500 2675500  1 19  8   1.8  955 122  1.0 8  4.3  92    0    0 307 -323  2
4013500 2675500  1 19  9   1.8  955 146  2.0 8  4.3  94   10    3 306 -321  2
4013500 2675500  1 19 10   1.5  955 168  2.7 8  4.3  94    0   38 306 -320  2
4013500 2675500  1 19 11   2.3  955 181  3.2 8  4.3  94    0   25 308 -324  2
4013500 2675500  1 19 12   2.7  955 193  3.3 6  4.3  90    0   78 296 -329  2
4013500 2675500  1 19 13   2.6  955 200  5.4 6  4.3  89    0   91 284 -333  2
4013500 2675500  1 19 14   2.9  954 231  5.2 7  4.4  90    0   57 291 -335  2
4013500 2675500  1 19 15   3.8  954 237  5.2 8  4.6  90    0   43 306 -334  2
4013500 2675500  1 19 16   4.2  955 245  4.4 8  4.8  89    0   20 313 -333  2
4013500 2675500  1 19 17   4.5  956 260  4.4 8  4.9  88    0    6 313 -331  2
4013500 2675500  1 19 18   4.7  956 251  5.4 8  4.9  87    0    0 314 -330  2
4013500 2675500  1 19 19   4.7  957 265  5.4 8  4.8  86    0    0 313 -330  2
4013500 2675500  1 19 20   4.6  959 266  7.4 8  4.8  85    0    0 313 -329  2
4013500 2675500  1 19 21   3.8  960 285  7.4 7  4.5  84    0    0 304 -328  2
4013500 2675500  1 19 22   3.1  961 282  6.8 7  4.2  82    0    0 295 -326  2
4013500 2675500  1 19 23   2.8  963 262  5.8 7  3.9  80    0    0 294 -324  2
4013500 2675500  1 19 24   2.2  964 272  6.5 5  3.8  80    0    0 280 -322  2
4013500 2675500  1 20  1   1.9  965 238  6.1 6  3.7  79    0    0 272 -320  2
4013500 2675500  1 20  2   1.2  965 236  4.8 5  3.5  78    0    0 270 -319  2
4013500 2675500  1 20  3   1.0  966 218  4.5 6  3.3  77    0    0 267 -320  2
4013500 2675500  1 20  4   0.4  966 236  4.6 6  3.3  79    0    0 273 -320  2
4013500 2675500  1 20  5   0.2  965 282  3.8 4  3.3  82    0    0 262 -320  2
4013500 2675500  1 20  6   0.4  966 240  3.3 6  3.3  82    0    0 259 -320  2
4013500 2675500  1 20  7   0.3  966 270  3.8 8  3.4  84    0    0 285 -321  2
4013500 2675500  1 20  8   0.0  967 275  3.9 8  3.5  88    0    0 299 -320  2
4013500 2675500  1 20  9  -0.2  968 237  3.9 8  3.6  92    0    4 298 -319  2
4013500 2675500  1 20 10   0.0  970 265  2.6 8  3.7  94    0   41 299 -318  2
4013500 2675500  1 20 11   0.3  971 259  2.2 7  3.8  95    2   83 293 -321  2
4013500 2675500  1 20 12   0.7  972 278  1.9 8  3.9  94    0   78 293 -325  2
4013500 2675500  1 20 13   1.0  974 341  3.7 8  3.9  93    0   68 301 -328  2
4013500 2675500  1 20 14   1.2  975  16  4.3 8  4.0  93    0   56 302 -331  2
4013500 2675500  1 20 15   1.2  977 355  4.4 8  4.0  94    0   40 303 -332  2
4013500 2675500  1 20 16   1.3  978 353  3.4 8  4.1  95    0   27 302 -330  2
4013500 2675500  1 20 17   1.7  979 353  3.4 8  4.1  94    0    6 301 -328  2
4013500 2675500  1 20 18   2.0  981 347  4.3 8  4.1  92    0    0 302 -325  2
4013500 2675500  1 20 19   2.0  982 349  4.9 8  4.1  91    0    0 302 -323  2
4013500 2675500  1 20 20   1.7  983 348  4.9 8  4.1  92    0    0 301 -321  2
4013500 2675500  1 20 21   1.8  985 349  4.6 8  4.1  91    0    0 301 -321  2
4013500 2675500  1 20 22   1.5  986 355  4.2 8  4.0  90    0    0 299 -320  2
4013500 2675500  1 20 23   1.2  988 358  4.0 8  3.9  91    0    0 298 -319  2
4013500 2675500  1 20 24   0.9  989 354  4.5 8  3.8  91    0    0 296 -319  2
4013500 2675500  1 21  1   0.7  990 354  3.6 8  3.8  92    0    0 294 -319  2
4013500 2675500  1 21  2   0.5  991   1  4.3 8  3.7  92    0    0 293 -318  2
4013500 2675500  1 21  3   0.5  991 354  3.3 8  3.7  92    0    0 293 -318  2
4013500 2675500  1 21  4   0.3  992 355  3.4 8  3.6  91    0    0 291 -317  2
4013500 2675500  1 21  5   0.1  992   3  3.4 8  3.6  91    0    0 290 -317  2
4013500 2675500  1 21  6  -0.2  992 355  3.2 8  3.5  90    0    0 289 -316  2
4013500 2675500  1 21  7  -0.4  993 359  3.4 8  3.3  88    0    0 289 -316  2
4013500 2675500  1 21  8  -0.6  994  10  3.4 8  3.2  87    0    0 289 -316  2
4013500 2675500  1 21  9  -0.7  995 349  3.0 8  3.2  86    0    7 290 -316  2
4013500 2675500  1 21 10  -0.7  996   2  3.3 8  3.1  85    0   40 290 -316  2
4013500 2675500  1 21 11  -0.9  996 355  2.8 8  3.1  86    0   54 290 -317  2
4013500 2675500  1 21 12  -0.8  997   4  2.7 8  3.1  87    0   53 290 -318  2
4013500 2675500  1 21 13  -0.6  997   9  2.8 8  3.1  85    0   50 291 -318  2
4013500 2675500  1 21 14  -0.4  997   8  3.1 8  3.1  84    0   38 292 -318  2
4013500 2675500  1 21 15  -0.8  997   7  3.6 7  3.1  84    0   31 287 -318  2
4013500 2675500  1 21 16  -1.1  997   7  2.7 7  3.1  85    0   20 280 -318  2
4013500 2675500  1 21 17  -1.1  997  10  2.7 7  3.0  85    0    2 278 -317  2
4013500 2675500  1 21 18  -1.1  998  12  2.2 7  3.0  83    0    0 277 -315  2
4013500 2675500  1 21 19  -1.4  998  13  2.2 8  2.9  83    0    0 279 -314  2
4013500 2675500  1 21 20  -1.6  998  28  2.3 8  2.8  82    0    0 282 -313  2
4013500 2675500  1 21 21  -1.7  998  44  2.4 6  2.8  82    0    0 268 -313  2
4013500 2675500  1 21 22  -1.8  999  17  2.1 8  2.8  82    0    0 267 -312  2
4013500 2675500  1 21 23  -2.1  999  31  2.1 8  2.8  83    0    0 274 -312  2
4013500 2675500  1 21 24  -2.9  999   3  2.4 6  2.7  85    0    0 260 -311  2
4013500 2675500  1 22  1  -2.9  999  34  2.2 7  2.7  86    0    0 252 -309  2
4013500 2675500  1 22  2  -2.8  999 358  1.9 7  2.6  84    0    0 253 -307  2
4013500 2675500  1 22  3  -3.4  998 335  2.5 6  2.6  86    0    0 247 -308  2
4013500 2675500  1 22  4  -3.7  998   6  2.1 7  2.6  88    0    0 245 -309  2
4013500 2675500  1 22  5  -3.2  998  13  2.4 6  2.6  88    0    0 245 -307  2
4013500 2675500  1 22  6  -3.5  998 359  2.3 6  2.7  89    0    0 242 -303  2
4013500 2675500  1 22  7  -3.4  998 355  2.3 6  2.7  90    0    0 241 -300  2
4013500 2675500  1 22  8  -3.0  998   2  3.0 7  2.7  89    0    0 246 -300  2
4013500 2675500  1 22  9  -2.9  997 354  2.8 7  2.7  88    0    9 251 -301  2
4013500 2675500  1 22 10  -2.7  997  10  3.4 8  2.7  88   10   44 256 -302  2
4013500 2675500  1 22 11  -2.5  997  12  5.1 8  2.8  87    5   73 263 -305  2
4013500 2675500  1 22 12  -2.2  997  10  5.5 8  2.8  88    0   88 267 -309  2
4013500 2675500  1 22 13  -1.3  997  13  5.3 8  2.9  86    0   67 270 -311  2
4013500 2675500  1 22 14  -1.2  996  21  4.5 8  3.0  84    0   52 274 -312  2
4013500 2675500  1 22 15  -1.2  996  16  4.5 8  3.0  85    0   30 275 -312  2
4013500 2675500  1 22 16  -1.2  995  20  4.4 8  3.1  87    0   13 275 -310  2
4013500 2675500  1 22 17  -1.1  994   4  5.1 8  3.2  89    0    2 276 -306  2
4013500 2675500  1 22 18  -0.9  994  13  5.8 7  3.2  90    0    0 271 -302  2
4013500 2675500  1 22 19  -0.8  994  24  7.1 8  3.3  90    0    0 273 -299  2
4013500 2675500  1 22 20  -0.5  994  16  6.3 8  3.3  91    0    0 278 -297  2
4013500 2675500  1 22 21  -0.4  993  10  4.7 8  3.4  91    0    0 281 -295  2
4013500 2675500  1 22 22  -0.4  994  21  4.3 8  3.5  94    0    0 282 -294  2
4013500 2675500  1 22 23  -0.3  993  17  3.9 8  3.6  96    0    0 282 -292  2
4013500 2675500  1 22 24   0.2  993  53  3.5 8  3.7  95    0    0 284 -291  2
4013500 2675500  1 23  1   0.6  993  54  3.8 8  3.7  92    0    0 285 -290  2
4013500 2675500  1 23  2   0.4  992  44  3.7 8  3.6  91    0    0 286 -290  2
4013500 2675500  1 23  3   0.3  992  55  5.2 7  3.6  90    0    0 282 -289  2
4013500 2675500  1 23  4   0.1  992  55  5.2 7  3.5  90    0    0 276 -288  2
4013500 2675500  1 23  5  -0.3  992  59  4.6 7  3.5  91    0    0 276 -286  2
4013500 2675500  1 23  6  -0.2  992  53  4.9 8  3.5  91    0    0 281 -285  2
4013500 2675500  1 23  7  -0.5  992  26  4.0 8  3.4  90    0    0 286 -284  2
4013500 2675500  1 23  8  -0.6  992  30  3.8 8  3.4  91    0    0 287 -283  2
4013500 2675500  1 23  9  -0.6  992  60  3.4 8  3.3  89    0    8 287 -282  2
4013500 2675500  1 23 10  -0.9  993  52  3.2 8  3.3  90    0   46 287 -284  2
4013500 2675500  1 23 11  -0.9  993  44  3.4 8  3.3  91    0   53 288 -288  2
4013500 2675500  1 23 12  -0.7  993  49  2.8 8  3.3  89    0   54 289 -295  2
4013500 2675500  1 23 13  -1.0  993  20  2.0 7  3.2  89    0   60 283 -302  2
4013500 2675500  1 23 14  -1.1  992  24  2.5 7  3.2  89    0   55 276 -307  2
4013500 2675500  1 23 15  -1.1  992  36  2.8 7  3.1  88    0   42 276 -309  2
4013500 2675500  1 23 16  -1.2  991  66  2.4 8  3.1  86    0   24 279 -308  2
4013500 2675500  1 23 17  -1.2  991  43  3.2 8  3.0  84    0    5 284 -307  2
4013500 2675500  1 23 18  -1.6  991 346  2.4 8  3.0  85    0    0 283 -304  2
4013500 2675500  1 23 19  -1.6  991  13  2.5 8  3.0  86    0    0 282 -300  2
4013500 2675500  1 23 20  -1.8  991   7  2.0 8  3.0  86    0    0 281 -299  2
4013500 2675500  1 23 21  -2.1  991 327  2.0 8  2.9  87    0    0 279 -300  2
4013500 2675500  1 23 22  -2.3  991 329  2.1 8  2.8  86    0    0 279 -302  2
4013500 2675500  1 23 23  -2.7  991 304  2.0 8  2.8  86    0    0 278 -302  2
4013500 2675500  1 23 24  -2.9  990 327  2.0 7  2.7  87    0    0 273 -302  2
4013500 2675500  1 24  1  -2.9  990 296  2.3 8  2.7  87    0    0 273 -303  2
4013500 2675500  1 24  2  -2.6  989 313  2.2 7  2.7  86    0    0 273 -304  2
4013500 2675500  1 24  3  -2.7  989 320  2.7 8  2.7  86    0    0 273 -305  2
4013500 2675500  1 24  4  -2.9  988 302  2.4 8  2.8  88    0    0 278 -306  2
4013500 2675500  1 24  5  -2.6  988 286  1.7 8  2.8  89    0    0 279 -307  2
4013500 2675500  1 24  6  -2.5  987 290  1.4 8  2.9  89    0    0 280 -307  2
4013500 2675500  1 24  7  -2.7  986 303  1.8 8  2.9  91    0    0 282 -308  2
4013500 2675500  1 24  8  -2.4  986 313  2.1 8  3.0  94    0    0 284 -309  2
4013500 2675500  1 24  9  -2.2  986 332  1.7 8  3.1  94   13    6 285 -309  2
4013500 2675500  1 24 10  -1.5  985 325  1.9 8  3.1  92    6   49 288 -311  2
4013500 2675500  1 24 11  -1.1  985 314  1.5 8  3.2  91    0   42 290 -313  2
4013500 2675500  1 24 12  -0.8  986 317  1.0 8  3.3  91    0   35 293 -313  2
4013500 2675500  1 24 13  -0.7  985 228  1.2 7  3.4  93    0   49 288 -314  2
4013500 2675500  1 24 14  -0.2  985 310  2.6 8  3.5  93    0   32 290 -315  2
4013500 2675500  1 24 15  -0.1  984 327  2.5 7  3.5  92    0   47 290 -316  2
4013500 2675500  1 24 16   0.0  984 333  2.8 6  3.6  91    0   42 278 -317  2
4013500 2675500  1 24 17   0.0  984 340  2.9 8  3.6  91    0    5 284 -317  2
4013500 2675500  1 24 18  -0.1  984   6  2.5 7  3.6  92    0    0 289 -316  2
4013500 2675500  1 24 19  -0.2  985  14  2.6 8  3.6  93    0    0 288 -315  2
4013500 2675500  1 24 20  -0.3  985  36  2.6 8  3.6  94    0    0 292 -315  2
4013500 2675500  1 24 21  -0.2  986  48  3.8 8  3.5  92    0    0 292 -315  2
4013500 2675500  1 24 22  -0.7  987  59  4.1 8  3.4  90    0    0 290 -315  2
4013500 2675500  1 24 23  -0.9  987  55  5.1 8  3.3  90    0    0 288 -315  2
4013500 2675500  1 24 24  -1.8  987  46  5.5 8  3.2  92    0    0 286 -315  2
4013500 2675500  1 25  1  -1.7  988  47  5.8 7  3.1  92    0    0 278 -314  2
4013500 2675500  1 25  2  -2.3  988  42  5.7 7  3.0  89    0    0 271 -314  2
4013500 2675500  1 25  3  -2.6  989  45  4.6 7  2.8  87    0    0 269 -314  2
4013500 2675500  1 25  4  -2.8  989  53  4.2 7  2.7  85    0    0 267 -313  2
4013500 2675500  1 25  5  -2.8  989  59  6.0 7  2.7  85    0    0 266 -313  2
4013500 2675500  1 25  6  -3.0  989  59  4.8 7  2.7  85    0    0 264 -313  2
4013500 2675500  1 25  7  -3.0  990  61  4.2 8  2.6  84    0    0 269 -312  2
4013500 2675500  1 25  8  -3.4  990  76  4.0 8  2.6  84    0    0 273 -310  2
4013500 2675500  1 25  9  -3.2  991  84  4.7 8  2.6  85    0   11 273 -308  2
4013500 2675500  1 25 10  -3.4  992  77  4.1 7  2.6  86   10   48 267 -307  2
4013500 2675500  1 25 11  -3.1  992  70  3.5 8  2.7  87    0   76 268 -308  2
4013500 2675500  1 25 12  -3.0  993  76  3.8 8  2.7  86    0   56 273 -311  2
4013500 2675500  1 25 13  -2.5  993  57  3.8 8  2.7  85    0   49 274 -314  2
4013500 2675500  1 25 14  -2.0  993  58  4.2 7  2.7  82    0   85 269 -316  2
4013500 2675500  1 25 15  -2.0  993  49  4.7 7  2.7  81    0   63 265 -317  2
4013500 2675500  1 25 16  -2.3  993  33  5.0 7  2.7  82    0   48 263 -316  2
4013500 2675500  1 25 17  -2.5  994  29  4.3 7  2.6  81    5   11 258 -314  2
4013500 2675500  1 25 18  -3.0  994  33  4.5 5  2.5  80    0    0 245 -311  2
4013500 2675500  1 25 19  -4.2  994  33  3.5 0  2.4  80    0    0 213 -309  2
4013500 2675500  1 25 20  -5.7  995  40  3.6 0  2.2  84    0    0 190 -307  2
4013500 2675500  1 25 21  -6.0  994  45  2.3 0  2.1  86    0    0 188 -304  2
4013500 2675500  1 25 22  -5.4  995  49  1.9 2  2.1  85    0    0 196 -302  2
4013500 2675500  1 25 23  -6.0  995  12  2.6 2  2.2  86    0    0 203 -304  2
4013500 2675500  1 25 24  -7.0  995  19  2.2 0  2.2  92    0    0 194 -307  2
4013500 2675500  1 26  1  -7.2  996 356  1.9 1  2.1  95    0    0 190 -306  2
4013500 2675500  1 26  2  -8.1  996 353  2.1 2  2.1  97    0    0 194 -305  2
4013500 2675500  1 26  3  -7.8  996  13  1.1 1  2.1  99    0    0 193 -304  2
4013500 2675500  1 26  4  -7.7  996  60  1.6 2  2.1  97    0    0 195 -302  2
4013500 2675500  1 26  5  -9.8  996  16  1.2 3  2.0  98    0    0 198 -302  2
4013500 2675500  1 26  6  -9.3  996  31  1.2 2  1.9 100    0    0 196 -301  2
4013500 2675500  1 26  7  -9.4  996  14  1.6 1  1.9 100    0    0 190 -298  2
4013500 2675500  1 26  8  -9.5  996   7  0.5 5  1.9 100    0    0 197 -293  2
4013500 2675500  1 26  9 -10.2  996 344  0.6 5  1.8 100   11   11 204 -290  2
4013500 2675500  1 26 10  -9.5  997 338  0.9 1  1.8 100   90   20 195 -289  2
4013500 2675500  1 26 11  -7.2  996 334  1.5 2  2.0  98  123   53 192 -292  2
4013500 2675500  1 26 12  -5.8  996 335  1.9 2  2.2  91  116   90 199 -298  2
4013500 2675500  1 26 13  -4.2  997 359  2.4 2  2.2  82  111  105 202 -303  2
4013500 2675500  1 26 14  -3.5  996 308  1.7 1  2.2  77  118   92 203 -306  2
4013500 2675500  1 26 15  -3.3  996   8  2.0 3  2.3  76   86   77 208 -307  2
4013500 2675500  1 26 16  -3.6  995  30  2.1 3  2.3  76   72   37 214 -304  2
4013500 2675500  1 26 17  -3.4  995 342  2.5 1  2.2  76   18   11 209 -299  2
4013500 2675500  1 26 18  -6.1  994 348  2.2 1  2.2  80    0    0 200 -293  2
4013500 2675500  1 26 19  -6.4  994  29  1.8 2  2.1  86    0    0 198 -289  2
4013500 2675500  1 26 20  -7.5  994   2  1.6 3  2.0  88    0    0 201 -287  2
4013500 2675500  1 26 21  -7.6  994   2  1.2 4  2.0  92    0    0 205 -285  2
4013500 2675500  1 26 22  -8.9  994   5  0.6 3  2.0  95    0    0 203 -283  2
4013500 2675500  1 26 23  -9.3  994   1  0.6 3  1.9  99    0    0 199 -281  2
4013500 2675500  1 26 24  -9.7  994   7  0.6 3  1.9  99    0    0 197 -280  2
4013500 2675500  1 27  1 -10.7  994   7  0.6 1  1.7  96    0    0 190 -279  2
4013500 2675500  1 27  2 -10.0  993  17  1.0 3  1.6  94    0    0 189 -273  2
4013500 2675500  1 27  3 -10.0  993  28  0.7 3  1.6  91    0    0 195 -267  2
4013500 2675500  1 27  4 -11.1  992  22  0.5 2  1.6  92    0    0 190 -264  2
4013500 2675500  1 27  5 -12.5  991 338  0.8 1  1.5  97    0    0 182 -263  2
4013500 2675500  1 27  6 -10.9  991  28  0.8 4  1.6 100    0    0 188 -264  2
4013500 2675500  1 27  7 -11.2  990  33  0.7 4  1.7 100    0    0 195 -272  2
4013500 2675500  1 27  8  -8.8  990  35  0.4 6  1.8  97    0    0 202 -279  2
4013500 2675500  1 27  9 -10.1  990  47  0.6 6  1.8  95   10   12 209 -280  2
4013500 2675500  1 27 10 -11.1  990  54  0.6 3  1.6  95   61   41 198 -282  2
4013500 2675500  1 27 11  -8.7  989  64  0.7 3  1.7  93   77   82 191 -287  2
4013500 2675500  1 27 12  -8.1  989 127  0.8 3  1.9  91   94  106 194 -295  2
4013500 2675500  1 27 13  -5.4  989  35  0.7 2  1.9  83   90  120 195 -301  2
4013500 2675500  1 27 14  -4.2  988  63  1.1 1  2.1  76   94  109 195 -305  2
4013500 2675500  1 27 15  -2.6  987  87  0.7 0  2.2  73  132   55 194 -306  2
4013500 2675500  1 27 16  -2.6  986  93  1.2 0  2.2  70  102   25 195 -304  2
4013500 2675500  1 27 17  -3.9  986  50  1.2 1  2.2  71   28    9 197 -299  2
4013500 2675500  1 27 18  -5.1  985  52  0.5 1  2.1  75    0    0 197 -294  2
4013500 2675500  1 27 19  -7.1  985  43  0.7 0  2.0  80    0    0 192 -291  2
4013500 2675500  1 27 20  -7.6  985  44  1.0 0  1.9  83    0    0 187 -289  2
4013500 2675500  1 27 21  -9.4  985  39  0.8 0  1.7  85    0    0 185 -288  2
4013500 2675500  1 27 22 -11.2  985  36  0.9 0  1.6  90    0    0 181 -287  2
4013500 2675500  1 27 23  -9.9  985  41  1.0 0  1.6  89    0    0 179 -286  2
4013500 2675500  1 27 24 -11.6  985  44  1.1 1  1.5  89    0    0 180 -285  2
4013500 2675500  1 28  1 -11.0  985  38  1.0 2  1.5  89    0    0 184 -284  2
4013500 2675500  1 28  2 -11.7  985  64  0.8 2  1.4  88    0    0 186 -283  2
4013500 2675500  1 28  3 -12.4  984  42  0.9 3  1.4  90    0    0 189 -281  2
4013500 2675500  1 28  4 -12.4  984  68  1.0 4  1.4  92    0    0 196 -280  2
4013500 2675500  1 28  5 -11.5  983  49  1.3 5  1.5  94    0    0 205 -279  2
4013500 2675500  1 28  6 -10.5  983  54  1.5 7  1.6  93    0    0 218 -279  2
4013500 2675500  1 28  7  -9.5  983  52  1.9 6  1.6  89    0    0 224 -278  2
4013500 2675500  1 28  8  -7.9  983  53  1.8 8  1.7  84    0    0 232 -277  2
4013500 2675500  1 28  9  -7.8  984  79  2.2 8  1.8  83   10    7 244 -277  2
4013500 2675500  1 28 10  -7.5  984  86  2.8 8  1.9  86    0   40 248 -278  2
4013500 2675500  1 28 11  -6.5  983  89  2.1 8  2.1  89    0   59 253 -283  2
4013500 2675500  1 28 12  -6.1  983  90  2.5 7  2.2  90    0   92 253 -289  2
4013500 2675500  1 28 13  -4.8  983 138  2.7 8  2.3  90    0   72 256 -296  2
4013500 2675500  1 28 14  -3.8  982 137  2.5 8  2.5  89    0   59 265 -300  2
4013500 2675500  1 28 15  -3.5  982 143  2.6 8  2.7  89    0   57 265 -302  2
4013500 2675500  1 28 16  -3.5  982 143  2.1 8  2.7  90    0   26 264 -301  2
4013500 2675500  1 28 17  -3.4  981 143  2.0 8  2.7  91    0    5 265 -298  2
4013500 2675500  1 28 18  -3.2  981 142  2.2 8  2.8  91    0    0 267 -294  2
4013500 2675500  1 28 19  -3.2  982 145  2.0 8  2.8  91    0    0 268 -291  2
4013500 2675500  1 28 20  -3.2  982 132  1.9 7  2.8  91    0    0 270 -289  2
4013500 2675500  1 28 21  -3.3  982 117  1.7 7  2.8  92    0    0 259 -288  2
4013500 2675500  1 28 22  -3.4  982 108  1.4 7  2.9  94    0    0 254 -288  2
4013500 2675500  1 28 23  -3.0  982 122  1.3 7  3.0  95    0    0 258 -290  2
4013500 2675500  1 28 24  -2.2  982 155  1.2 8  3.2  95    0    0 261 -293  2
4013500 2675500  1 29  1  -1.2 1002 197  1.1 8  3.4  96    0    0 302 -320  2
4013500 2675500  1 29  2  -0.3 1002 241  1.1 8  3.6  96    0    0 301 -321  2
4013500 2675500  1 29  3   0.4 1002 274  1.1 8  3.8  96    0    0 300 -321  2
4013500 2675500  1 29  4   0.5 1002 281  1.1 8  3.8  96    0    0 301 -321  2
4013500 2675500  1 29  5   0.4 1002 278  1.1 8  3.8  96    0    0 301 -320  2
4013500 2675500  1 29  6   0.5 1002 288  1.3 8  3.8  96    0    0 301 -320  2
4013500 2675500  1 29  7   0.2 1002 272  1.0 7  3.8  95    0    0 294 -320  2
4013500 2675500  1 29  8   0.3 1002 267  0.7 8  3.7  95    0    0 294 -320  2
4013500 2675500  1 29  9   0.2 1002 280  1.0 8  3.6  93    1   14 298 -320  2
4013500 2675500  1 29 10   0.3 1003 285  1.1 7  3.6  93    8   59 293 -321  2
4013500 2675500  1 29 11   0.8 1003 293  1.5 8  3.6  91    0   65 295 -323  2
4013500 2675500  1 29 12   0.9 1003 277  1.3 7  3.6  87    0   73 296 -325  2
4013500 2675500  1 29 13   1.0 1003 306  1.6 7  3.5  86    0   91 291 -327  2
4013500 2675500  1 29 14   1.2 1003 319  1.3 6  3.6  86    0   88 287 -327  2
4013500 2675500  1 29 15   1.3 1003 327  1.1 7  3.6  86    0   71 287 -328  2
4013500 2675500  1 29 16   1.3 1002 326  0.8 8  3.7  87    0   35 300 -327  2
4013500 2675500  1 29 17   1.1 1002 327  1.2 8  3.7  88    0    6 304 -326  2
4013500 2675500  1 29 18   0.9 1002 308  0.9 7  3.7  90    0    0 299 -324  2
4013500 2675500  1 29 19   0.7 1003 296  1.5 8  3.7  91    0    0 298 -323  2
4013500 2675500  1 29 20   0.7 1002 308  1.0 8  3.7  91    0    0 304 -322  2
4013500 2675500  1 29 21   0.7 1002 303  1.4 8  3.7  91    0    0 304 -322  2
4013500 2675500  1 29 22   0.7 1003 301  1.5 8  3.7  91    0    0 305 -322  2
4013500 2675500  1 29 23   0.5 1003 324  1.6 8  3.7  92    0    0 305 -322  2
4013500 2675500  1 29 24   0.4 1002 336  2.0 8  3.7  93    0    0 304 -322  2
4013500 2675500  1 30  1   0.4 1002 312  1.4 7  3.7  93    0    0 299 -322  2
4013500 2675500  1 30  2   0.3 1002   2  0.9 8  3.6  93    0    0 298 -322  2
4013500 2675500  1 30  3   0.2 1002 344  0.6 8  3.6  93    0    0 303 -322  2
4013500 2675500  1 30  4   0.1 1002 336  0.6 8  3.6  94    0    0 303 -322  2
4013500 2675500  1 30  5   0.2 1001 341  0.7 8  3.6  94    0    0 303 -322  2
4013500 2675500  1 30  6   0.1 1001 296  0.4 8  3.6  93    0    0 302 -322  2
4013500 2675500  1 30  7   0.0 1001 266  0.1 8  3.6  93    0    0 302 -321  2
4013500 2675500  1 30  8   0.3 1001 256  0.2 8  3.5  91    0    0 302 -321  2
4013500 2675500  1 30  9   0.5 1000 294  0.2 8  3.5  89    3   13 303 -321  2
4013500 2675500  1 30 10   0.8 1000 297  0.8 8  3.5  88    6   52 304 -322  2
4013500 2675500  1 30 11   1.0 1001 307  1.1 7  3.6  88    0   64 298 -323  2
4013500 2675500  1 30 12   1.4 1001 314  1.1 5  3.7  88   13  105 281 -326  2
4013500 2675500  1 30 13   1.5 1001 288  1.2 7  3.7  86    0   84 281 -328  2
4013500 2675500  1 30 14   1.7 1000 325  2.1 8  3.6  83    0   38 299 -330  2
4013500 2675500  1 30 15   1.3 1000 309  1.7 7  3.5  81    0   41 298 -331  2
4013500 2675500  1 30 16   1.3  999 322  1.7 7  3.5  82    0   26 291 -330  2
4013500 2675500  1 30 17   1.1  999 326  1.7 7  3.5  83    0    6 291 -328  2
4013500 2675500  1 30 18   0.7  999 328  2.1 7  3.5  85    0    0 290 -326  2
4013500 2675500  1 30 19   0.6  999 305  2.3 8  3.5  87    0    0 294 -324  2
4013500 2675500  1 30 20   0.5  999 290  1.5 8  3.5  88    0    0 300 -324  2
4013500 2675500  1 30 21   0.4  998 304  1.2 8  3.6  90    0    0 301 -323  2
4013500 2675500  1 30 22   0.6  998 315  1.6 8  3.6  90    0    0 302 -323  2
4013500 2675500  1 30 23   0.5  998 301  0.8 8  3.6  90    0    0 302 -323  2
4013500 2675500  1 30 24   0.6  998 305  0.5 8  3.6  89    0    0 304 -322  2
4013500 2675500  1 31  1   0.5  997 316  1.6 7  3.6  90    0    0 299 -322  2
4013500 2675500  1 31  2   0.3  997 319  2.3 8  3.6  91    0    0 299 -321  2
4013500 2675500  1 31  3   0.5  997 292  2.0 8  3.7  93    0    0 305 -321  2
4013500 2675500  1 31  4   0.8  997 305  2.6 8  3.7  92    0    0 306 -320  2
4013500 2675500  1 31  5   1.0  996 301  2.5 8  3.7  91    0    0 307 -320  2
4013500 2675500  1 31  6   0.7  996 289  3.0 8  3.7  91    0    0 308 -320  2
4013500 2675500  1 31  7   0.6  996 266  2.2 7  3.7  92    0    0 302 -320  2
4013500 2675500  1 31  8   0.9  995 280  2.5 8  3.7  91    0    0 302 -319  2
4013500 2675500  1 31  9   0.6  995 277  2.1 8  3.8  92    6   15 308 -320  2
4013500 2675500  1 31 10   1.3  995 297  1.9 8  3.8  91   11   65 309 -320  2
4013500 2675500  1 31 11   1.4  995 263  2.4 8  3.8  88    0   70 310 -322  2
4013500 2675500  1 31 12   2.3  996 285  2.4 7  3.8  86    1  104 304 -325  2
4013500 2675500  1 31 13   2.4  996 266  2.0 7  3.8  84    6  125 300 -327  2
4013500 2675500  1 31 14   2.3  995 272  2.5 7  3.9  85    0   73 300 -327  2
4013500 2675500  1 31 15   2.2  995 263  2.3 8  3.9  87    0   42 305 -326  2
4013500 2675500  1 31 16   2.2  994 293  1.3 7  4.0  88    0   27 304 -325  2
4013500 2675500  1 31 17   1.5  994 303  1.9 8  4.0  90    0    7 302 -325  2
4013500 2675500  1 31 18   1.5  995 338  3.0 8  3.9  91    0    0 306 -325  2
4013500 2675500  1 31 19   1.1  995 342  2.8 8  3.8  89    0    0 304 -324  2
4013500 2675500  1 31 20   1.1  994 329  1.7 7  3.6  86    0    0 297 -322  2
4013500 2675500  1 31 21   0.6  994 344  2.2 7  3.5  84    0    0 290 -320  2
4013500 2675500  1 31 22   0.4  995 323  2.5 8  3.4  85    0    0 293 -319  2
4013500 2675500  1 31 23   0.3  995  12  2.4 8  3.4  85    0    0 295 -318  2
4013500 2675500  1 31 24   0.1  995 359  0.4 6  3.3  84    0    0 281 -318  2
4013500 2675500  2  1  1  -0.5  995 333  0.5 8  3.3  88    0    0 285 -317  2
4013500 2675500  2  1  2  -0.4  995 330  1.1 6  3.3  88    0    0 277 -316  2
4013500 2675500  2  1  3  -0.9  995 332  1.5 7  3.3  90    0    0 270 -316  2
4013500 2675500  2  1  4  -0.9  996 318  1.0 7  3.3  90    0    0 273 -316  2
4013500 2675500  2  1  5  -0.9  996 305  0.9 5  3.2  89    0    0 261 -315  2
4013500 2675500  2  1  6  -0.9  996  20  1.2 8  3.2  88    0    0 264 -315  2
4013500 2675500  2  1  7  -1.3  996  46  1.2 8  3.1  88    0    0 277 -315  2
4013500 2675500  2  1  8  -1.4  996  59  0.9 7  3.1  88    0    0 271 -314  2
4013500 2675500  2  1  9  -0.9  996  75  0.7 7  2.9  83    2   27 266 -311  2
4013500 2675500  2  1 10  -0.6  996  56  0.4 3  2.9  80   59   82 250 -311  2
4013500 2675500  2  1 11   0.9  996  68  0.9 2  2.9  75  130  114 229 -313  2
4013500 2675500  2  1 12   1.7  996  96  1.6 1  2.9  68  167  140 223 -315  2
4013500 2675500  2  1 13   2.1  997 111  1.8 1  2.8  64  197  141 219 -318  2
4013500 2675500  2  1 14   2.1  997 266  1.7 1  2.7  60  183  135 219 -321  2
4013500 2675500  2  1 15   2.9  997 146  1.9 0  2.6  56  145  115 214 -321  2
4013500 2675500  2  1 16   2.6  996 136  1.3 0  2.6  55   72   88 211 -318  2
4013500 2675500  2  1 17   1.7  996 207  1.4 1  2.6  58    9   35 214 -317  2
4013500 2675500  2  1 18  -0.2  995  37  1.4 1  2.6  63    0    0 213 -314  2
4013500 2675500  2  1 19  -1.0  995  22  1.0 0  2.5  69    0    0 206 -309  2
4013500 2675500  2  1 20  -2.3  995  24  0.2 0  2.6  75    0    0 202 -307  2
4013500 2675500  2  1 21  -3.3  996  10  0.1 1  2.6  83    0    0 202 -305  2
4013500 2675500  2  1 22  -4.1  996  34  0.4 1  2.6  89    0    0 204 -302  2
4013500 2675500  2  1 23  -5.3  996  19  0.1 1  2.6  96    0    0 203 -299  2
4013500 2675500  2  1 24  -5.5  996  41  0.2 0  2.6 100    0    0 198 -297  2
4013500 2675500  2  2  1  -5.8  995  39  0.0 0  2.5  98    0    0 193 -295  2
4013500 2675500  2  2  2  -6.3  994 133  0.0 0  2.4  97    0    0 192 -294  2
4013500 2675500  2  2  3  -6.1  994 178  0.4 0  2.3  96    0    0 191 -294  2
4013500 2675500  2  2  4  -5.8  994 178  0.7 0  2.3  92    0    0 192 -293  2
4013500 2675500  2  2  5  -5.1  994 149  0.9 0  2.2  86    0    0 193 -293  2
4013500 2675500  2  2  6  -5.8  994 133  1.6 0  2.2  86    0    0 193 -292  2
4013500 2675500  2  2  7  -6.8  992 136  1.3 0  2.1  89    0    0 190 -292  2
4013500 2675500  2  2  8  -6.7  992 114  1.7 0  2.1  88    0    0 189 -291  2
4013500 2675500  2  2  9  -7.2  992 125  1.9 0  2.0  89    6   30 187 -291  2
4013500 2675500  2  2 10  -5.4  992 142  1.8 2  2.2  90   72   74 196 -293  2
4013500 2675500  2  2 11  -3.3  993 128  2.5 3  2.4  84  127  111 213 -298  2
4013500 2675500  2  2 12  -1.8  992 133  3.1 4  2.5  77  161  136 225 -304  2
4013500 2675500  2  2 13  -0.3  992 152  3.9 4  2.5  69  266   95 231 -310  2
4013500 2675500  2  2 14   0.6  991 151  3.0 3  2.4  62  234  102 228 -313  2
4013500 2675500  2  2 15   2.2  991 164  2.9 1  2.4  55  200   81 218 -314  2
4013500 2675500  2  2 16   1.5  990 153  3.0 1  2.3  53   95   76 212 -313  2
4013500 2675500  2  2 17   1.1  990 183  2.2 4  2.4  56   11   34 221 -310  2
4013500 2675500  2  2 18  -1.6  989 186  2.2 4  2.4  63    0    1 228 -305  2
4013500 2675500  2  2 19  -2.1  989 190  2.3 2  2.4  71    0    0 218 -302  2
4013500 2675500  2  2 20  -2.4  990 125  1.2 2  2.4  73    0    0 211 -299  2
4013500 2675500  2  2 21  -3.4  990 123  1.3 1  2.4  76    0    0 206 -297  2
4013500 2675500  2  2 22  -3.5  990 138  0.8 1  2.4  79    0    0 202 -295  2
4013500 2675500  2  2 23  -4.0  990  15  0.5 1  2.4  81    0    0 202 -294  2
4013500 2675500  2  2 24  -4.8  990 354  0.9 4  2.3  81    0    0 212 -293  2
4013500 2675500  2  3  1  -5.6  990  48  1.2 1  2.2  85    0    0 212 -292  2
4013500 2675500  2  3  2  -5.8  990  35  1.0 2  2.2  89    0    0 206 -291  2
4013500 2675500  2  3  3  -5.9  990  82  1.3 2  2.2  89    0    0 212 -290  2
4013500 2675500  2  3  4  -5.7  990 173  1.2 3  2.2  88    0    0 217 -289  2
4013500 2675500  2  3  5  -6.1  990  63  1.1 5  2.2  90    0    0 228 -288  2
4013500 2675500  2  3  6  -5.7  990 142  1.8 4  2.2  90    0    0 232 -287  2
4013500 2675500  2  3  7  -4.0  990 132  2.2 7  2.3  86    0    0 240 -288  2
4013500 2675500  2  3  8  -4.7  990  85  2.3 7  2.4  86    0    0 249 -289  2
4013500 2675500  2  3  9  -3.6  990 147  2.5 8  2.5  88    0   11 253 -290  2
4013500 2675500  2  3 10  -3.0  991  54  3.2 8  2.6  86    0   47 258 -294  2
4013500 2675500  2  3 11  -2.2  991 129  3.5 7  2.7  84   40   84 258 -300  2
4013500 2675500  2  3 12  -1.7  991 135  2.8 8  2.7  82    0   75 261 -307  2
4013500 2675500  2  3 13  -0.7  991 126  2.6 8  2.9  81    0   56 266 -312  2
4013500 2675500  2  3 14  -0.5  991 130  3.2 7  3.0  81    0   49 266 -316  2
4013500 2675500  2  3 15  -0.5  991 125  2.8 7  3.0  82    0   47 266 -317  2
4013500 2675500  2  3 16  -0.3  991 122  2.4 7  3.1  82    0   37 267 -318  2
4013500 2675500  2  3 17  -0.3  991 129  2.6 8  3.2  84    0   14 273 -318  2
4013500 2675500  2  3 18  -0.7  991 127  2.1 8  3.3  88    0    0 278 -318  2
4013500 2675500  2  3 19  -0.6  991 123  1.8 7  3.3  90    0    0 274 -317  2
4013500 2675500  2  3 20  -0.7  991 118  2.1 7  3.4  91    0    0 271 -317  2
4013500 2675500  2  3 21  -0.7  991 123  2.2 7  3.4  92    0    0 271 -316  2
4013500 2675500  2  3 22  -0.9  991 121  2.2 8  3.4  93    0    0 277 -316  2
4013500 2675500  2  3 23  -0.7  990 124  2.7 8  3.4  94    0    0 283 -316  2
4013500 2675500  2  3 24  -0.9  990 125  2.6 7  3.5  94    0    0 278 -316  2
4013500 2675500  2  4  1  -0.9  990 127  2.6 7  3.4  95    0    0 272 -316  2
4013500 2675500  2  4  2  -0.7  990 125  2.5 7  3.5  94    0    0 273 -316  2
4013500 2675500  2  4  3  -0.8  989 182  3.6 7  3.5  95    0    0 275 -316  2
4013500 2675500  2  4  4  -0.5  989 223  4.1 8  3.5  95    0    0 283 -316  2
4013500 2675500  2  4  5  -0.4  989 213  4.1 8  3.6  95    0    0 293 -317  2
4013500 2675500  2  4  6  -0.2  989 213  4.1 8  3.5  93    0    0 295 -317  2
4013500 2675500  2  4  7  -0.2  988 205  3.5 8  3.5  91    0    0 297 -317  2
4013500 2675500  2  4  8  -0.1  988 202  3.8 8  3.4  90    0    0 298 -317  2
4013500 2675500  2  4  9   0.0  988 205  3.8 8  3.5  90    0   10 298 -318  2
4013500 2675500  2  4 10   0.3  988 184  3.8 8  3.5  90    0   48 300 -318  2
4013500 2675500  2  4 11   0.4  987 186  3.8 6  3.6  90    7  102 289 -318  2
4013500 2675500  2  4 12   0.8  987 210  5.1 6  3.6  88    1  116 278 -321  2
4013500 2675500  2  4 13   1.1  986 203  5.1 8  3.6  86    0   55 288 -324  2
4013500 2675500  2  4 14   1.5  985 206  5.1 8  3.6  84    0   42 298 -326  2
4013500 2675500  2  4 15   1.1  984 194  3.9 8  3.6  84    0   32 297 -327  2
4013500 2675500  2  4 16   1.4  984 197  3.8 8  3.7  86    0   21 296 -325  2
4013500 2675500  2  4 17   1.6  983 192  3.8 8  3.7  86    0   14 297 -324  2
4013500 2675500  2  4 18   1.6  982 187  5.7 8  3.8  86    0    0 298 -322  2
4013500 2675500  2  4 19   1.8  982 204  4.7 8  3.8  86    0    0 299 -320  2
4013500 2675500  2  4 20   1.7  981 202  4.7 8  3.9  87    0    0 300 -320  2
4013500 2675500  2  4 21   2.3  981 206  3.0 8  3.9  86    0    0 303 -320  2
4013500 2675500  2  4 22   1.9  980 212  2.9 8  3.9  86    0    0 304 -320  2
4013500 2675500  2  4 23   2.1  980 215  3.0 8  4.0  88    0    0 304 -321  2
4013500 2675500  2  4 24   2.2  979 222  3.0 8  4.0  88    0    0 306 -322  2
4013500 2675500  2  5  1   1.8  979 221  4.8 8  4.0  89    0    0 306 -322  2
4013500 2675500  2  5  2   2.1  979 206  4.0 8  4.1  90    0    0 307 -323  2
4013500 2675500  2  5  3   2.3  978 211  4.6 8  4.1  90    0    0 308 -323  2
4013500 2675500  2  5  4   2.0  978 206  3.9 8  4.2  91    0    0 309 -324  2
4013500 2675500  2  5  5   2.0  977 210  3.4 8  4.2  93    0    0 309 -324  2
4013500 2675500  2  5  6   1.9  977 213  3.8 8  4.3  94    0    0 309 -324  2
4013500 2675500  2  5  7   1.6  976 217  3.8 7  4.2  95    0    0 298 -323  2
4013500 2675500  2  5  8   1.4  976 212  3.6 8  4.2  95    0    0 298 -323  2
4013500 2675500  2  5  9   1.4  976 214  4.0 8  4.1  95    0   19 308 -322  2
4013500 2675500  2  5 10   1.2  976 217  3.8 8  4.1  95    0   36 307 -322  2
4013500 2675500  2  5 11   1.2  976 216  3.0 8  4.2  97    0   37 306 -324  2
4013500 2675500  2  5 12   1.7  976 209  2.6 8  4.2  96    0   38 305 -325  2
4013500 2675500  2  5 13   1.7  976 217  1.6 7  4.2  95    0   78 297 -327  2
4013500 2675500  2  5 14   1.5  976 233  1.4 7  4.2  95    0   80 289 -328  2
4013500 2675500  2  5 15   1.4  976 280  0.8 8  4.2  96    0   34 292 -328  2
4013500 2675500  2  5 16   1.5  977 346  1.1 8  4.2  95    0   22 297 -327  2
4013500 2675500  2  5 17   0.9  978 330  2.2 8  4.1  95    0   18 297 -324  2
4013500 2675500  2  5 18   0.8  980 330  3.0 8  4.1  97    0    0 295 -321  2
4013500 2675500  2  5 19   0.5  982 328  2.9 8  4.0  98    0    0 293 -318  2
4013500 2675500  2  5 20   0.5  984 331  3.0 8  4.0  98    0    0 291 -316  2
4013500 2675500  2  5 21   0.5  986 330  2.5 7  3.9  96    0    0 285 -313  2
4013500 2675500  2  5 22   0.4  987 301  1.1 7  3.8  95    0    0 277 -311  2
4013500 2675500  2  5 23  -0.1  989 300  1.2 7  3.8  96    0    0 272 -311  2
4013500 2675500  2  5 24   0.3  990 302  1.0 8  3.8  96    0    0 273 -311  2
4013500 2675500  2  6  1  -0.1  991 267  1.1 7  3.8  96    0    0 270 -312  2
4013500 2675500  2  6  2   0.1  992 237  1.3 6  3.7  96    0    0 259 -311  2
4013500 2675500  2  6  3  -0.2  992 210  1.3 4  3.6  94    0    0 246 -309  2
4013500 2675500  2  6  4  -0.5  993 217  1.1 4  3.6  96    0    0 235 -307  2
4013500 2675500  2  6  5  -0.7  993 234  1.3 5  3.6  98    0    0 238 -306  2
4013500 2675500  2  6  6  -0.3  993 219  2.2 6  3.6  97    0    0 245 -306  2
4013500 2675500  2  6  7   0.3  994 201  1.0 8  3.6  94    0    0 255 -306  2
4013500 2675500  2  6  8   0.4  995 127  1.0 6  3.6  92    0    0 256 -306  2
4013500 2675500  2  6  9   0.3  996 145  2.7 6  3.6  92   11   34 251 -306  2
4013500 2675500  2  6 10   0.5  996 150  3.0 4  3.7  92   50   91 247 -308  2
4013500 2675500  2  6 11   1.6  996 150  4.3 3  3.7  89   91  142 238 -312  2
4013500 2675500  2  6 12   2.3  997 139  4.6 3  3.8  85   92  181 236 -315  2
4013500 2675500  2  6 13   2.6  998 140  5.2 3  3.8  83  100  194 239 -317  2
4013500 2675500  2  6 14   3.1  997 144  5.4 3  3.8  81  117  180 242 -320  2
4013500 2675500  2  6 15   3.3  997 151  4.4 3  3.8  78  143  131 245 -324  2
4013500 2675500  2  6 16   3.3  997 155  3.3 4  3.8  78   57  100 250 -324  2
4013500 2675500  2  6 17   3.0  997 140  2.9 7  3.8  79    4   34 267 -322  2
4013500 2675500  2  6 18   2.2  996 153  2.0 6  3.8  81    0    3 274 -319  2
4013500 2675500  2  6 19   1.9  997 141  3.4 4  3.7  83    0    0 260 -318  2
4013500 2675500  2  6 20   1.1  996 140  3.0 3  3.6  84    0    0 248 -318  2
4013500 2675500  2  6 21   1.0  996 140  3.1 5  3.6  86    0    0 252 -318  2
4013500 2675500  2  6 22   0.5  996 114  3.1 7  3.5  87    0    0 267 -318  2
4013500 2675500  2  6 23   0.9  996 137  3.9 7  3.5  87    0    0 272 -317  2
4013500 2675500  2  6 24   1.5  996 128  3.8 6  3.5  83    0    0 269 -315  2
4013500 2675500  2  7  1   1.3  995 133  4.7 5  3.4  81    0    0 260 -314  2
4013500 2675500  2  7  2   1.1  995 142  4.6 5  3.4  81    0    0 254 -313  2
4013500 2675500  2  7  3   0.8  995 140  4.9 4  3.3  81    0    0 249 -312  2
4013500 2675500  2  7  4   0.6  995 143  4.9 2  3.2  80    0    0 240 -311  2
4013500 2675500  2  7  5  -0.4  994 138  4.5 2  3.2  81    0    0 232 -310  2
4013500 2675500  2  7  6  -0.1  994 134  4.0 0  3.1  82    0    0 226 -308  2
4013500 2675500  2  7  7  -1.4  994 139  4.3 4  3.1  83    0    0 231 -307  2
4013500 2675500  2  7  8  -1.5  994 134  3.5 4  3.1  88    0    0 238 -307  2
4013500 2675500  2  7  9  -1.2  994 137  3.3 4  3.1  89   24   36 239 -306  2
4013500 2675500  2  7 10  -0.2  994 135  3.9 3  3.2  88   95   84 240 -308  2
4013500 2675500  2  7 11   1.8  994 140  3.8 4  3.3  81  161  119 245 -312  2
4013500 2675500  2  7 12   2.3  995 136  4.1 4  3.3  74  189  145 249 -316  2
4013500 2675500  2  7 13   3.8  994 134  4.2 3  3.4  71  249  138 251 -320  2
4013500 2675500  2  7 14   5.1  994 129  2.5 2  3.5  66  247  127 253 -325  2
4013500 2675500  2  7 15   6.3  993 150  3.3 1  3.5  60  192  116 254 -328  2
4013500 2675500  2  7 16   6.4  992 145  2.9 1  3.5  57  106   92 256 -328  2
4013500 2675500  2  7 17   4.5  992 155  2.2 4  3.5  61   21   45 261 -325  2
4013500 2675500  2  7 18   3.2  993 141  1.7 5  3.5  68    0    0 263 -321  2
4013500 2675500  2  7 19   2.9  993 152  1.3 5  3.4  71    0    0 265 -318  2
4013500 2675500  2  7 20   2.2  993 157  1.7 3  3.4  74    0    0 262 -318  2
4013500 2675500  2  7 21   2.2  993 171  1.3 4  3.4  75    0    0 257 -318  2
4013500 2675500  2  7 22   2.0  994 193  0.4 5  3.4  75    0    0 261 -318  2
4013500 2675500  2  7 23   2.4  994 174  0.0 5  3.4  75    0    0 265 -318  2
4013500 2675500  2  7 24   2.8  994 184  1.3 6  3.4  74    0    0 270 -318  2
4013500 2675500  2  8  1   2.1  994 154  1.6 5  3.5  77    0    0 271 -318  2
4013500 2675500  2  8  2   2.2  995 215  1.5 7  3.6  81    0    0 275 -319  2
4013500 2675500  2  8  3   2.5  995 133  1.2 7  3.8  82    0    0 285 -320  2
4013500 2675500  2  8  4   2.7  995 127  1.7 8  3.8  82    0    0 292 -320  2
4013500 2675500  2  8  5   2.5  995 130  1.8 7  3.9  83    0    0 292 -319  2
4013500 2675500  2  8  6   2.0  995 134  1.5 7  3.9  87    0    0 287 -319  2
4013500 2675500  2  8  7   2.4  995  86  1.4 8  4.1  90    0    0 292 -319  2
4013500 2675500  2  8  8   2.1  996  97  2.0 7  4.1  91    0    0 292 -320  2
4013500 2675500  2  8  9   2.5  996 137  2.5 7  4.1  91   14   27 287 -320  2
4013500 2675500  2  8 10   2.7  996 131  1.7 8  4.2  90   33   70 293 -321  2
4013500 2675500  2  8 11   3.7  997  81  2.2 8  4.3  90    2   89 299 -323  2
4013500 2675500  2  8 12   3.1  997 103  2.9 8  4.4  90    8  126 297 -325  2
4013500 2675500  2  8 13   3.5  997 145  3.2 8  4.5  92    2  125 294 -326  2
4013500 2675500  2  8 14   5.0  996 140  3.1 8  4.6  87    0   65 294 -328  2
4013500 2675500  2  8 15   4.7  995 130  2.9 8  4.7  85    0   46 295 -328  2
4013500 2675500  2  8 16   4.8  995 143  3.3 8  4.6  86    0   38 294 -328  2
4013500 2675500  2  8 17   3.8  995 122  2.6 7  4.6  87    0   13 288 -327  2
4013500 2675500  2  8 18   3.4  995  61  2.0 7  4.5  90    0    1 282 -325  2
4013500 2675500  2  8 19   3.4  995 101  2.1 7  4.4  90    0    0 282 -323  2
4013500 2675500  2  8 20   3.0  995 121  1.7 7  4.4  90    0    0 284 -322  2
4013500 2675500  2  8 21   3.0  995 148  2.6 7  4.3  90    0    0 282 -322  2
4013500 2675500  2  8 22   3.0  995 159  2.4 8  4.3  90    0    0 285 -322  2
4013500 2675500  2  8 23   2.9  995 161  2.4 8  4.2  89    0    0 289 -322  2
4013500 2675500  2  8 24   3.2  995 140  2.1 8  4.2  88    0    0 290 -322  2
4013500 2675500  2  9  1   2.4  995 129  3.0 8  4.2  90    0    0 291 -323  2
4013500 2675500  2  9  2   2.4  994 135  3.2 7  4.2  92    0    0 286 -323  2
4013500 2675500  2  9  3   2.4  994 124  2.2 8  4.3  93    0    0 286 -323  2
4013500 2675500  2  9  4   3.3  994 127  1.7 8  4.3  92    0    0 293 -323  2
4013500 2675500  2  9  5   3.3  993 122  3.1 8  4.4  90    0    0 294 -323  2
4013500 2675500  2  9  6   3.1  993 133  2.4 8  4.4  91    0    0 296 -324  2
4013500 2675500  2  9  7   2.5  992 139  3.9 8  4.4  92    0    0 295 -323  2
4013500 2675500  2  9  8   2.7  992 135  3.2 8  4.4  94    0    0 296 -323  2
4013500 2675500  2  9  9   2.3  992 137  2.8 8  4.4  95   15   20 297 -323  2
4013500 2675500  2  9 10   3.3  992 157  3.0 6  4.5  95   20   61 289 -325  2
4013500 2675500  2  9 11   4.3  992 160  3.6 7  4.7  93    5   93 287 -329  2
4013500 2675500  2  9 12   4.7  992 136  3.4 7  4.9  92    5  112 294 -334  2
4013500 2675500  2  9 13   7.0  992 166  4.6 8  5.0  85    0   78 301 -339  2
4013500 2675500  2  9 14   7.1  991 144  2.7 7  5.1  80   10  115 302 -343  2
4013500 2675500  2  9 15   6.9  991 173  3.5 7  5.0  79   30   94 297 -347  2
4013500 2675500  2  9 16   7.6  991 159  4.0 8  5.0  78    0   50 300 -346  2
4013500 2675500  2  9 17   6.4  990 172  3.0 7  5.0  79    0   19 300 -341  2
4013500 2675500  2  9 18   6.2  990 147  3.5 8  5.0  82    0    2 299 -333  2
4013500 2675500  2  9 19   5.4  990 151  2.1 8  4.9  84    0    0 302 -326  2
4013500 2675500  2  9 20   5.1  990 146  1.4 8  4.8  85    0    0 301 -321  2
4013500 2675500  2  9 21   5.0  990 140  2.4 6  4.7  84    0    0 296 -319  2
4013500 2675500  2  9 22   4.4  990 136  2.1 5  4.6  85    0    0 286 -318  2
4013500 2675500  2  9 23   3.6  990 184  2.5 4  4.5  87    0    0 279 -318  2
4013500 2675500  2  9 24   3.5  990 192  2.3 2  4.4  89    0    0 269 -320  2
4013500 2675500  2 10  1   3.0  989 198  3.1 3  4.4  90    0    0 266 -324  2
4013500 2675500  2 10  2   3.6  989 210  1.4 4  4.4  89    0    0 273 -327  2
4013500 2675500  2 10  3   4.0  989 204  2.1 5  4.4  86    0    0 281 -327  2
4013500 2675500  2 10  4   3.3  988 186  1.8 6  4.4  87    0    0 288 -326  2
4013500 2675500  2 10  5   3.4  988 159  2.2 6  4.3  87    0    0 290 -325  2
4013500 2675500  2 10  6   3.4  987 136  2.2 4  4.3  86    0    0 283 -323  2
4013500 2675500  2 10  7   4.1  987 131  2.3 5  4.2  83    0    0 280 -321  2
4013500 2675500  2 10  8   3.4  986 130  2.1 5  4.2  82    0    0 281 -320  2
4013500 2675500  2 10  9   2.4  986 137  3.3 5  4.1  86   11   39 277 -319  2
4013500 2675500  2 10 10   3.8  986 144  3.7 6  4.2  85   36  104 279 -321  2
4013500 2675500  2 10 11   5.2  986 143  4.0 4  4.2  78  130  142 276 -325  2
4013500 2675500  2 10 12   6.2  985 160  3.7 2  4.3  73  235  142 266 -330  2
4013500 2675500  2 10 13   7.2  985 183  5.9 2  4.4  70  275  141 261 -339  2
4013500 2675500  2 10 14   8.1  984 153  4.6 2  4.6  68  264  134 264 -347  2
4013500 2675500  2 10 15   8.9  983 174  6.1 3  4.7  67  199  124 270 -349  2
4013500 2675500  2 10 16   8.8  982 143  3.8 4  4.9  67   83  106 277 -346  2
4013500 2675500  2 10 17   8.8  981 135  2.5 7  4.9  68   27   52 288 -339  2
4013500 2675500  2 10 18   9.0  980 181  3.4 7  5.0  68    0    9 297 -332  2
4013500 2675500  2 10 19   8.6  979 206  5.9 7  4.9  68    0    0 300 -332  2
4013500 2675500  2 10 20   9.4  979 202  6.9 6  5.0  67    0    0 302 -335  2
4013500 2675500  2 10 21   8.8  978 212  6.0 6  5.0  67    0    0 302 -336  2
4013500 2675500  2 10 22   9.2  977 218  8.0 8  5.0  68    0    0 311 -337  2
4013500 2675500  2 10 23   9.3  977 227  8.0 8  5.2  69    0    0 322 -338  2
4013500 2675500  2 10 24   9.0  976 227  7.5 6  5.4  72    0    0 314 -338  2
4013500 2675500  2 11  1   8.7  976 236  7.8 7  5.6  76    0    0 311 -337  2
4013500 2675500  2 11  2   7.6  977 251  6.5 7  5.6  79    0    0 316 -336  2
4013500 2675500  2 11  3   5.7  978 261  5.8 5  5.0  80    0    0 300 -334  2
4013500 2675500  2 11  4   5.0  980 260  5.9 5  4.5  78    0    0 283 -330  2
4013500 2675500  2 11  5   3.9  980 261  6.1 1  3.9  72    0    0 255 -326  2
4013500 2675500  2 11  6   3.1  981 261  5.3 1  3.4  68    0    0 226 -321  2
4013500 2675500  2 11  7   2.4  983 252  5.1 2  3.3  68    0    0 228 -318  2
4013500 2675500  2 11  8   1.9  983 252  4.2 1  3.2  70    0    0 223 -316  2
4013500 2675500  2 11  9   2.3  984 235  5.6 1  3.2  70   26   38 217 -315  2
4013500 2675500  2 11 10   3.2  985 242  5.0 0  3.2  66  130   73 211 -315  2
4013500 2675500  2 11 11   4.2  985 231  7.1 0  3.1  62  233   89 206 -318  2
4013500 2675500  2 11 12   5.5  985 228  7.8 1  3.1  57  296   98 212 -324  2
4013500 2675500  2 11 13   6.0  985 229  7.9 1  3.1  54  326  100 220 -331  2
4013500 2675500  2 11 14   6.8  985 234  7.3 2  3.2  53  297  102 225 -336  2
4013500 2675500  2 11 15   6.6  985 232  7.0 2  3.3  53  228   98 231 -337  2
4013500 2675500  2 11 16   6.4  984 236  6.9 2  3.4  55  118   90 232 -336  2
4013500 2675500  2 11 17   5.6  984 230  4.9 5  3.5  58   32   49 248 -331  2
4013500 2675500  2 11 18   4.9  983 213  4.7 7  3.5  61    0    7 277 -326  2
4013500 2675500  2 11 19   3.8  983 213  3.7 6  3.5  66    0    0 281 -322  2
4013500 2675500  2 11 20   3.8  983 210  4.3 6  3.6  69    0    0 272 -319  2
4013500 2675500  2 11 21   3.6  983 208  4.0 6  3.6  72    0    0 265 -318  2
4013500 2675500  2 11 22   3.6  982 205  3.8 6  3.7  73    0    0 255 -318  2
4013500 2675500  2 11 23   3.4  982 180  3.0 5  3.7  76    0    0 260 -318  2
4013500 2675500  2 11 24   2.7  981 150  2.2 4  3.8  80    0    0 270 -320  2
4013500 2675500  2 12  1   1.8  999 107  1.4 4  3.8  86    0    0 226 -317  2
4013500 2675500  2 12  2   0.9  999  79  0.8 4  3.8  91    0    0 235 -316  2
4013500 2675500  2 12  3  -0.1  999  47  0.3 3  3.7  95    0    0 241 -314  2
4013500 2675500  2 12  4  -0.6  999  45  0.3 4  3.6  96    0    0 244 -313  2
4013500 2675500  2 12  5  -0.5  999  27  0.2 4  3.6  97    0    0 236 -312  2
4013500 2675500  2 12  6  -0.6  999  52  0.3 5  3.5 100    0    0 240 -311  2
4013500 2675500  2 12  7  -1.8  999  11  0.0 6  3.5 100    0    0 251 -311  2
4013500 2675500  2 12  8  -1.4  999  73  0.5 5  3.4 100    0    6 251 -310  2
4013500 2675500  2 12  9  -1.0  999 118  0.5 5  3.5 100   32   33 248 -309  2
4013500 2675500  2 12 10   0.2 1000  31  0.0 5  3.7  99   62   92 252 -311  2
4013500 2675500  2 12 11   1.5  999 103  0.1 5  3.9  96   26  146 257 -314  2
4013500 2675500  2 12 12   1.7  999  61  0.5 5  4.2  96   33  179 261 -320  2
4013500 2675500  2 12 13   3.5 1000 188  1.8 4  4.4  94  135  171 259 -326  2
4013500 2675500  2 12 14   3.0 1000 100  2.2 5  4.5  93   83  175 261 -329  2
4013500 2675500  2 12 15   4.6  999  56  3.3 4  4.6  90  119  129 263 -330  2
4013500 2675500  2 12 16   4.5  999  52  3.9 3  4.5  85   85   86 255 -329  2
4013500 2675500  2 12 17   3.6  999  48  4.1 6  4.5  87   44   32 261 -324  2
4013500 2675500  2 12 18   3.2  999  55  4.2 6  4.4  90    0    0 270 -319  2
4013500 2675500  2 12 19   2.9  999  62  4.1 6  4.4  92    0    0 269 -315  2
4013500 2675500  2 12 20   2.8  999  63  2.6 6  4.4  94    0    0 270 -312  2
4013500 2675500  2 12 21   2.5 1000  85  2.1 5  4.4  96    0    0 265 -310  2
4013500 2675500  2 12 22   2.0  999  47  2.1 5  4.4  98    0    0 259 -309  2
4013500 2675500  2 12 23   1.6  999  52  1.5 5  4.3  99    0    0 257 -308  2
4013500 2675500  2 12 24   0.7  999  53  1.7 6  4.1  99    0    0 258 -307  2
4013500 2675500  2 13  1   1.6  999  62  1.3 2  4.0  96    0    0 245 -304  2
4013500 2675500  2 13  2   1.5  999  26  0.6 2  4.0  93    0    0 231 -302  2
4013500 2675500  2 13  3   1.1  999  27  0.4 2  3.9  92    0    0 231 -300  2
4013500 2675500  2 13  4   0.6  999  21  0.8 4  3.8  93    0    0 238 -299  2
4013500 2675500  2 13  5   0.5  999  22  1.3 3  3.8  94    0    0 241 -299  2
4013500 2675500  2 13  6   0.2  999  31  1.3 4  3.6  91    0    0 241 -299  2
4013500 2675500  2 13  7  -0.4  999  32  1.1 4  3.4  90    0    0 244 -299  2
4013500 2675500  2 13  8  -1.2  999  45  1.1 4  3.3  92    0    5 242 -299  2
4013500 2675500  2 13  9  -0.6  999  44  1.3 2  3.3  91   16   40 234 -300  2
4013500 2675500  2 13 10   1.5 1000  40  0.9 5  3.5  89   23  107 243 -304  2
4013500 2675500  2 13 11   1.4 1000  81  1.1 5  3.8  88   34  156 259 -311  2
4013500 2675500  2 13 12   3.1 1000  65  1.2 5  3.9  86   45  188 262 -317  2
4013500 2675500  2 13 13   3.0 1001  31  0.7 6  3.9  82   56  200 267 -324  2
4013500 2675500  2 13 14   3.7 1000  12  0.8 5  3.9  79   94  186 265 -328  2
4013500 2675500  2 13 15   4.7  999  17  1.2 1  3.9  76  175  120 247 -328  2
4013500 2675500  2 13 16   4.8  999 343  1.3 0  4.0  74  154   67 229 -326  2
4013500 2675500  2 13 17   3.0  999  21  1.9 2  4.0  79   49   38 230 -322  2
4013500 2675500  2 13 18   1.5  999 329  1.2 1  3.9  87    0    0 230 -318  2
4013500 2675500  2 13 19   1.2  998   8  0.8 3  3.8  90    0    0 230 -315  2
4013500 2675500  2 13 20  -0.1  999 351  0.2 3  3.7  93    0    0 234 -312  2
4013500 2675500  2 13 21  -0.4  999 346  0.1 2  3.6  96    0    0 229 -310  2
4013500 2675500  2 13 22  -0.8  999 358  0.8 4  3.6  97    0    0 230 -310  2
4013500 2675500  2 13 23  -1.8  999 303  0.6 3  3.4  98    0    0 230 -308  2
4013500 2675500  2 13 24  -2.5 1000 317  0.5 5  3.2  99    0    0 230 -307  2
4013500 2675500  2 14  1  -2.1 1000 330  0.3 6  3.2  99    0    0 236 -306  2
4013500 2675500  2 14  2  -2.7 1000 332  0.2 4  3.2  99    0    0 234 -304  2
4013500 2675500  2 14  3  -2.3 1000 328  0.7 5  3.2  99    0    0 232 -303  2
4013500 2675500  2 14  4  -2.5 1000 331  0.8 5  3.2  99    0    0 237 -303  2
4013500 2675500  2 14  5  -2.6  999 325  1.2 4  3.2 100    0    0 235 -303  2
4013500 2675500  2 14  6  -2.3  999 350  0.7 6  3.2 100    0    0 240 -302  2
4013500 2675500  2 14  7  -2.1  999 348  1.2 7  3.3 100    0    0 252 -302  2
4013500 2675500  2 14  8  -1.8 1000 353  1.2 7  3.3 100    0    3 258 -301  2
4013500 2675500  2 14  9  -1.6 1000  30  1.2 6  3.4 100    0   39 258 -301  2
4013500 2675500  2 14 10  -0.9 1000  22  1.5 6  3.5 100    0   80 259 -305  2
4013500 2675500  2 14 11  -0.5 1000  10  2.2 6  3.7 100    0   88 264 -311  2
4013500 2675500  2 14 12  -0.5 1000  21  2.8 5  3.7 100    0  103 263 -317  2
4013500 2675500  2 14 13  -0.2 1000  19  2.8 6  3.7 100    0   89 265 -323  2
4013500 2675500  2 14 14  -0.2  999  37  2.9 7  3.8 100    0   80 276 -328  2
4013500 2675500  2 14 15  -0.1  999  35  3.1 6  3.8 100    0   72 277 -328  2
4013500 2675500  2 14 16  -0.1  999  11  3.1 7  3.8  99    0   49 278 -326  2
4013500 2675500  2 14 17  -0.1  998   9  2.8 8  3.7  96    0   24 288 -322  2
4013500 2675500  2 14 18  -0.2  998  19  2.6 8  3.6  96    0    0 293 -318  2
4013500 2675500  2 14 19  -0.2  998  14  1.9 7  3.6  96    0    0 286 -315  2
4013500 2675500  2 14 20  -0.2  999   0  2.1 8  3.6  95    0    0 285 -311  2
4013500 2675500  2 14 21  -0.2  999   6  2.2 8  3.6  95    0    0 290 -310  2
4013500 2675500  2 14 22  -0.1  999   1  2.3 7  3.6  95    0    0 285 -308  2
4013500 2675500  2 14 23   0.0  999 360  2.7 7  3.6  95    0    0 280 -306  2
4013500 2675500  2 14 24   0.1  999 356  2.5 8  3.6  94    0    0 284 -303  2
4013500 2675500  2 15  1   0.0  999 356  1.6 8  3.6  93    0    0 287 -301  2
4013500 2675500  2 15  2   0.1  999 359  2.1 7  3.5  92    0    0 281 -299  2
4013500 2675500  2 15  3   0.0  999  19  2.4 8  3.6  92    0    0 280 -299  2
4013500 2675500  2 15  4   0.2  999  11  3.2 8  3.5  91    0    0 283 -298  2
4013500 2675500  2 15  5  -0.2  999  16  2.1 8  3.4  89    0    0 281 -299  2
4013500 2675500  2 15  6  -1.5  999  22  3.7 7  3.3  91    0    0 273 -300  2
4013500 2675500  2 15  7  -1.8  999  43  3.1 4  3.1  91    0    0 250 -303  2
4013500 2675500  2 15  8  -2.5 1000  61  2.1 3  2.9  89    4    7 230 -304  2
4013500 2675500  2 15  9  -2.1 1000  46  2.5 4  2.9  88   93   20 229 -305  2
4013500 2675500  2 15 10  -1.5 1001  64  3.5 2  2.8  82  217   44 225 -305  2
4013500 2675500  2 15 11  -1.0 1002  85  3.5 3  2.7  76  192   77 219 -308  2
4013500 2675500  2 15 12  -0.8 1002  87  4.7 5  2.7  76   37  172 232 -312  2
4013500 2675500  2 15 13  -0.5 1002  77  4.1 4  2.7  74   30  177 236 -314  2
4013500 2675500  2 15 14  -0.2 1002  59  4.9 4  2.5  67   38  167 233 -316  2
4013500 2675500  2 15 15   0.5 1002  58  4.6 7  2.4  62   12  137 245 -316  2
4013500 2675500  2 15 16   0.3 1002  54  4.7 6  2.3  59   14   96 251 -313  2
4013500 2675500  2 15 17   0.0 1002  53  4.0 4  2.2  57   71   17 237 -309  2
4013500 2675500  2 15 18  -1.0 1002  55  2.6 3  2.1  58    0    3 223 -302  2
4013500 2675500  2 15 19  -1.5 1003  52  2.2 1  2.1  60    0    0 210 -296  2
4013500 2675500  2 15 20  -2.4 1003  52  1.1 0  2.1  62    0    0 198 -292  2
4013500 2675500  2 15 21  -3.2 1004  32  0.8 1  2.1  67    0    0 195 -289  2
4013500 2675500  2 15 22  -3.4 1003  49  1.0 1  2.1  70    0    0 197 -287  2
4013500 2675500  2 15 23  -4.0 1004  47  1.5 1  2.0  70    0    0 196 -285  2
4013500 2675500  2 15 24  -4.3 1004  31  1.4 1  2.0  73    0    0 195 -284  2
4013500 2675500  2 16  1  -4.7 1005  18  1.5 0  2.0  73    0    0 190 -282  2
4013500 2675500  2 16  2  -4.7 1005  10  2.1 0  2.0  73    0    0 186 -280  2
4013500 2675500  2 16  3  -5.4 1005   1  2.0 0  2.0  75    0    0 185 -279  2
4013500 2675500  2 16  4  -5.4 1005   9  1.8 1  2.0  77    0    0 188 -277  2
4013500 2675500  2 16  5  -6.2 1005  18  0.5 1  2.0  79    0    0 190 -277  2
4013500 2675500  2 16  6  -6.5 1006  37  0.7 0  1.9  82    0    0 185 -275  2
4013500 2675500  2 16  7  -6.5 1006  14  0.8 1  1.9  81    0    0 185 -275  2
4013500 2675500  2 16  8  -6.7 1006  17  1.2 0  1.9  81    3    9 184 -274  2
4013500 2675500  2 16  9  -5.6 1007   8  0.8 0  1.9  80   65   40 183 -275  2
4013500 2675500  2 16 10  -3.7 1008  29  1.2 0  2.0  74  178   62 185 -281  2
4013500 2675500  2 16 11  -3.0 1008  74  2.4 0  2.0  66  280   74 188 -290  2
4013500 2675500  2 16 12  -1.9 1008  61  3.6 0  2.0  62  347   81 191 -299  2
4013500 2675500  2 16 13  -0.7 1009  72  2.9 0  1.9  56  374   83 195 -306  2
4013500 2675500  2 16 14  -0.6 1009  71  3.9 0  1.8  50  347   83 197 -310  2
4013500 2675500  2 16 15  -0.4 1009  67  3.6 1  1.8  48  283   77 201 -311  2
4013500 2675500  2 16 16  -0.3 1008  86  3.3 0  1.7  47  182   68 202 -309  2
4013500 2675500  2 16 17  -0.3 1008  68  2.6 1  1.7  47   67   45 203 -305  2
4013500 2675500  2 16 18  -1.5 1008  65  2.4 1  1.8  50    0    7 204 -300  2
4013500 2675500  2 16 19  -2.6 1008  90  1.9 1  1.9  57    0    0 202 -294  2
4013500 2675500  2 16 20  -3.1 1008 101  1.8 1  1.9  62    0    0 199 -291  2
4013500 2675500  2 16 21  -3.5 1008 113  1.7 1  1.9  65    0    0 198 -289  2
4013500 2675500  2 16 22  -4.0 1008 119  1.5 0  1.9  67    0    0 195 -287  2
4013500 2675500  2 16 23  -4.8 1008 145  0.8 0  1.9  69    0    0 191 -285  2
4013500 2675500  2 16 24  -5.4 1008 162  0.5 1  1.9  73    0    0 193 -283  2
4013500 2675500  2 17  1  -5.8 1008 166  0.7 0  2.0  78    0    0 192 -282  2
4013500 2675500  2 17  2  -6.2 1008 279  0.9 0  2.0  80    0    0 188 -281  2
4013500 2675500  2 17  3  -6.7 1008 236  2.1 0  1.9  81    0    0 187 -280  2
4013500 2675500  2 17  4  -5.6 1007 168  2.9 0  1.9  78    0    0 188 -280  2
4013500 2675500  2 17  5  -5.9 1006 168  3.0 0  1.8  74    0    0 189 -279  2
4013500 2675500  2 17  6  -6.4 1006 169  3.2 0  1.8  76    0    0 188 -279  2
4013500 2675500  2 17  7  -6.1 1006 171  3.0 1  1.8  76    0    0 190 -278  2
4013500 2675500  2 17  8  -5.9 1006 176  3.2 1  1.8  74    3   10 192 -278  2
4013500 2675500  2 17  9  -4.7 1005 149  3.4 2  1.9  73   47   48 195 -279  2
4013500 2675500  2 17 10  -3.3 1005 129  4.1 5  2.0  70  144   84 206 -284  2
4013500 2675500  2 17 11  -1.5 1006 140  4.9 6  2.1  64  201  124 218 -292  2
4013500 2675500  2 17 12  -0.1 1005 144  4.7 5  2.0  56  272  133 219 -301  2
4013500 2675500  2 17 13   1.0 1004 141  4.7 2  2.0  50  328  122 214 -308  2
4013500 2675500  2 17 14   2.7 1003 149  4.1 2  2.0  46  313  117 211 -313  2
4013500 2675500  2 17 15   3.6 1002 143  4.3 4  2.1  43  249  105 218 -316  2
4013500 2675500  2 17 16   4.1 1003 146  3.6 4  2.0  39  145   89 224 -316  2
4013500 2675500  2 17 17   3.4 1002 144  4.5 6  1.9  38   28   57 227 -315  2
4013500 2675500  2 17 18   2.0 1001 146  3.9 5  1.9  42    0    3 225 -310  2
4013500 2675500  2 17 19   0.9 1001 135  3.5 4  2.0  47    0    0 219 -304  2
4013500 2675500  2 17 20  -0.3 1001 137  3.2 3  2.0  52    0    0 212 -299  2
4013500 2675500  2 17 21  -0.1 1001 135  3.2 1  2.1  55    0    0 207 -297  2
4013500 2675500  2 17 22  -1.1 1001 128  2.8 1  2.1  57    0    0 204 -295  2
4013500 2675500  2 17 23  -0.9 1001 138  3.1 2  2.1  58    0    0 204 -293  2
4013500 2675500  2 17 24  -1.2 1000 146  2.7 2  2.0  56    0    0 206 -292  2
4013500 2675500  2 18  1  -2.4 1000 137  1.4 4  2.0  59    0    0 206 -291  2
4013500 2675500  2 18  2  -3.1 1000 142  1.8 3  2.0  64    0    0 206 -290  2
4013500 2675500  2 18  3  -2.8  999 127  1.9 2  2.0  64    0    0 203 -289  2
4013500 2675500  2 18  4  -2.5  998 143  2.2 2  1.9  61    0    0 202 -289  2
4013500 2675500  2 18  5  -2.6  998 145  2.0 2  1.9  60    0    0 203 -288  2
4013500 2675500  2 18  6  -3.1  998 136  1.6 1  1.9  60    0    0 200 -288  2
4013500 2675500  2 18  7  -3.7  998 124  1.4 2  1.9  63    0    0 199 -288  2
4013500 2675500  2 18  8  -4.8  997 129  1.8 2  1.9  69    5   10 198 -287  2
4013500 2675500  2 18  9  -3.4  997 133  1.6 2  2.0  71   80   35 198 -289  2
4013500 2675500  2 18 10  -0.5  997 148  2.2 2  2.0  61  204   47 202 -294  2
4013500 2675500  2 18 11   0.5  997  68  2.7 1  2.1  55  309   52 204 -303  2
4013500 2675500  2 18 12   3.0  996  83  2.5 1  2.1  48  372   59 205 -312  2
4013500 2675500  2 18 13   3.8  997  90  2.6 3  2.0  40   74  207 211 -321  2
4013500 2675500  2 18 14   3.9  996 127  2.7 5  2.2  44    0  105 221 -328  2
4013500 2675500  2 18 15   4.3  995  90  2.6 7  2.6  50    0  102 230 -330  2
4013500 2675500  2 18 16   4.5  995  73  2.7 7  2.8  54    0   83 236 -330  2
4013500 2675500  2 18 17   4.1  994  69  2.7 7  3.0  58    2   47 238 -326  2
4013500 2675500  2 18 18   3.8  994  77  2.2 7  3.2  63    0    0 238 -319  2
4013500 2675500  2 18 19   3.3  994  71  1.9 8  3.3  67    0    0 238 -315  2
4013500 2675500  2 18 20   3.0  994  75  2.2 8  3.4  71    0    0 237 -312  2
4013500 2675500  2 18 21   2.2  994  54  1.6 6  3.5  76    0    0 232 -310  2
4013500 2675500  2 18 22   2.6  994  56  2.0 7  3.7  80    0    0 231 -309  2
4013500 2675500  2 18 23   2.2  994  59  1.0 8  3.8  83    0    0 234 -307  2
4013500 2675500  2 18 24   2.1  994  68  0.8 8  3.9  86    0    0 234 -305  2
4013500 2675500  2 19  1   2.1  994  76  1.0 5  3.9  86    0    0 232 -303  2
4013500 2675500  2 19  2   1.4  993  82  1.5 4  3.9  88    0    0 227 -301  2
4013500 2675500  2 19  3   0.9  993  86  1.6 4  3.9  93    0    0 227 -299  2
4013500 2675500  2 19  4   0.9  993  84  1.9 4  3.9  94    0    0 227 -298  2
4013500 2675500  2 19  5   0.3  993  74  2.0 5  3.9  95    0    0 229 -297  2
4013500 2675500  2 19  6   0.7  992  68  1.0 6  3.8  96    0    0 234 -297  2
4013500 2675500  2 19  7   0.2  992  67  1.2 6  3.9  96    0    0 237 -296  2
4013500 2675500  2 19  8   0.5  992  74  1.2 6  3.9  97    0    5 239 -295  2
4013500 2675500  2 19  9   0.8  992  84  1.5 8  3.9  96    0   41 247 -295  2
4013500 2675500  2 19 10   1.0  992  93  0.8 8  3.9  95    0   73 253 -299  2
4013500 2675500  2 19 11   1.2  992  60  1.0 8  4.0  96    0   81 254 -307  2
4013500 2675500  2 19 12   1.5  992  66  1.0 8  4.1  96    0  117 256 -315  2
4013500 2675500  2 19 13   2.2  992  73  1.2 7  4.1  93    1  143 255 -323  2
4013500 2675500  2 19 14   2.8  991  64  1.1 7  4.1  88   27  181 256 -329  2
4013500 2675500  2 19 15   3.1  991  64  1.5 4  4.1  85  180  127 248 -331  2
4013500 2675500  2 19 16   3.6  990  48  1.1 1  4.1  83  210   51 231 -331  2
4013500 2675500  2 19 17   3.6  989  50  1.2 1  4.0  80   90   36 225 -326  2
4013500 2675500  2 19 18   1.9  989  59  1.1 0  3.9  83    0   10 220 -319  2
4013500 2675500  2 19 19   0.9  989  73  1.4 1  3.8  89    0    0 216 -315  2
4013500 2675500  2 19 20   0.2  989  92  1.6 1  3.7  92    0    0 218 -312  2
4013500 2675500  2 19 21  -0.9  989  98  1.6 0  3.6  95    0    0 212 -310  2
4013500 2675500  2 19 22  -1.2  988  95  1.8 0  3.5  97    0    0 209 -309  2
4013500 2675500  2 19 23  -1.6  988  95  1.9 3  3.4  98    0    0 215 -307  2
4013500 2675500  2 19 24  -2.8  988  56  1.7 5  3.3 100    0    0 225 -306  2
4013500 2675500  2 20  1  -3.0  988 112  1.9 3  3.1 100    0    0 222 -305  2
4013500 2675500  2 20  2  -3.1  987 122  2.7 0  3.1 100    0    0 209 -305  2
4013500 2675500  2 20  3  -3.0  987  92  2.7 0  3.1 100    0    0 201 -305  2
4013500 2675500  2 20  4  -4.0  987 116  3.6 0  3.0 100    0    0 199 -305  2
4013500 2675500  2 20  5  -4.4  986 120  4.0 0  2.8  99    0    0 196 -305  2
4013500 2675500  2 20  6  -4.5  986 120  3.4 1  2.7  98    0    0 198 -305  2
4013500 2675500  2 20  7  -4.6  986 104  2.0 2  2.7  97    0    0 203 -305  2
4013500 2675500  2 20  8  -4.6  985 109  1.9 2  2.7  97   10    6 206 -304  2
4013500 2675500  2 20  9  -3.7  985  88  1.0 0  2.8  98   96   23 200 -304  2
4013500 2675500  2 20 10  -3.2  985  99  0.7 2  3.0  98  168   42 202 -308  2
4013500 2675500  2 20 11  -1.8  985  85  1.4 6  3.2 100    3  121 226 -313  2
4013500 2675500  2 20 12  -0.4  986 100  1.5 7  3.6 100    3  143 249 -321  2
4013500 2675500  2 20 13   1.5  986 178  1.7 8  4.0  99    0  125 264 -329  2
4013500 2675500  2 20 14   3.8  985 221  2.5 7  4.5  95    0   81 272 -336  2
4013500 2675500  2 20 15   4.1  984 229  3.5 8  4.7  91    0   74 279 -346  2
4013500 2675500  2 20 16   3.9  984 226  2.6 7  4.7  91    0   66 282 -348  2
4013500 2675500  2 20 17   3.5  984 223  3.4 8  4.7  93    0   39 285 -341  2
4013500 2675500  2 20 18   3.4  984 216  3.1 7  4.7  95    0    0 287 -335  2
4013500 2675500  2 20 19   3.2  984 164  1.9 8  4.7  96    0    0 289 -330  2
4013500 2675500  2 20 20   3.4  984 136  2.4 8  4.7  95    0    0 299 -327  2
4013500 2675500  2 20 21   3.8  984 137  2.2 7  4.7  94    0    0 295 -326  2
4013500 2675500  2 20 22   3.8  985 143  1.2 8  4.8  94    0    0 299 -326  2
4013500 2675500  2 20 23   3.8  985 185  1.1 6  4.9  95    0    0 294 -328  2
4013500 2675500  2 20 24   3.7  985 202  2.1 8  4.9  96    0    0 296 -332  2
4013500 2675500  2 21  1   3.8  985 221  2.0 7  5.0  98    0    0 307 -336  2
4013500 2675500  2 21  2   3.7  985 230  2.7 7  5.1 100    0    0 300 -337  2
4013500 2675500  2 21  3   3.7  985 238  2.1 7  5.0  99    0    0 302 -339  2
4013500 2675500  2 21  4   3.4  985 248  1.9 8  5.0  98    0    0 311 -340  2
4013500 2675500  2 21  5   3.7  985 260  2.6 7  4.8  96    0    0 311 -341  2
4013500 2675500  2 21  6   3.4  985 253  3.2 6  4.7  94    0    0 282 -341  2
4013500 2675500  2 21  7   3.2  986 239  3.1 5  4.6  93    0    0 249 -341  2
4013500 2675500  2 21  8   3.2  986 238  3.6 5  4.6  93    0    2 246 -341  2
4013500 2675500  2 21  9   3.5  987 243  3.5 6  4.6  92   11   50 271 -342  2
4013500 2675500  2 21 10   4.0  987 221  4.6 6  4.6  91   52   90 287 -343  2
4013500 2675500  2 21 11   4.8  987 237  5.1 7  4.7  89    2  117 299 -345  2
4013500 2675500  2 21 12   5.4  987 235  5.2 7  4.8  86    0  108 312 -345  2
4013500 2675500  2 21 13   5.7  987 228  4.7 7  4.9  85    0   95 315 -346  2
4013500 2675500  2 21 14   5.9  987 239  4.8 7  5.1  86    0   83 315 -349  2
4013500 2675500  2 21 15   6.2  986 242  4.6 8  5.2  87    8  129 325 -351  2
4013500 2675500  2 21 16   7.1  987 250  4.3 7  5.2  84   35   92 327 -352  2
4013500 2675500  2 21 17   7.1  987 240  4.0 7  5.2  81    5   48 322 -351  2
4013500 2675500  2 21 18   7.0  987 238  4.5 7  5.2  82    0    8 324 -351  2
4013500 2675500  2 21 19   6.9  987 230  4.2 8  5.2  82    0    0 330 -350  2
4013500 2675500  2 21 20   7.1  987 232  4.0 8  5.3  84    0    0 335 -350  2
4013500 2675500  2 21 21   7.5  987 233  4.9 8  5.4  83    0    0 336 -350  2
4013500 2675500  2 21 22   7.2  987 236  4.2 8  5.5  83    0    0 336 -350  2
4013500 2675500  2 21 23   7.1  987 239  5.3 8  5.5  85    0    0 336 -350  2
4013500 2675500  2 21 24   7.0  987 231  6.2 8  5.5  86    0    0 336 -350  2
4013500 2675500  2 22  1   6.9  987 241  6.3 8  5.4  85    0    0 334 -350  2
4013500 2675500  2 22  2   7.0  987 237  4.6 8  5.4  84    0    0 334 -350  2
4013500 2675500  2 22  3   7.1  987 241  4.5 8  5.4  84    0    0 333 -349  2
4013500 2675500  2 22  4   7.2  987 236  5.7 8  5.5  85    0    0 333 -348  2
4013500 2675500  2 22  5   7.3  986 237  6.3 8  5.5  85    0    0 333 -348  2
4013500 2675500  2 22  6   7.3  986 231  6.0 8  5.6  85    0    0 333 -347  2
4013500 2675500  2 22  7   7.6  986 236  5.6 8  5.6  85    0    0 332 -346  2
4013500 2675500  2 22  8   7.7  987 235  6.0 8  5.6  84    0    5 333 -345  2
4013500 2675500  2 22  9   8.1  987 240  6.2 8  5.6  83    0   18 332 -345  2
4013500 2675500  2 22 10   8.3  987 232  5.4 7  5.7  82    0   42 324 -348  2
4013500 2675500  2 22 11   8.7  987 233  6.8 8  5.7  80    0   50 324 -354  2
4013500 2675500  2 22 12   9.0  987 236  7.4 7  5.7  78    0   72 324 -360  2
4013500 2675500  2 22 13   9.3  987 229  7.1 6  5.7  77    0   99 308 -365  2
4013500 2675500  2 22 14   9.6  987 231  6.0 8  5.7  75    0   78 319 -369  2
4013500 2675500  2 22 15   9.7  986 226  6.5 8  5.6  73    0   70 334 -371  2
4013500 2675500  2 22 16   9.6  986 240  6.3 8  5.6  73    0   44 334 -371  2
4013500 2675500  2 22 17   9.3  985 239  6.4 8  5.6  74    0   37 335 -367  2
4013500 2675500  2 22 18   9.0  985 244  6.3 8  5.6  75    0    8 334 -363  2
4013500 2675500  2 22 19   9.0  986 250  6.3 8  5.5  75    0    0 333 -360  2
4013500 2675500  2 22 20   8.7  986 253  6.4 8  5.5  76    0    0 334 -357  2
4013500 2675500  2 22 21   8.7  986 245  7.7 8  5.5  76    0    0 333 -356  2
4013500 2675500  2 22 22   8.7  985 235  9.0 8  5.5  76    0    0 332 -356  2
4013500 2675500  2 22 23   8.8  985 248  7.9 7  5.5  77    0    0 325 -356  2
4013500 2675500  2 22 24   8.6  987 256  7.2 8  5.6  78    0    0 325 -356  2
4013500 2675500  2 23  1   8.4  987 255  8.3 8  5.6  79    0    0 332 -355  2
4013500 2675500  2 23  2   8.6  987 251  7.8 8  5.6  78    0    0 331 -354  2
4013500 2675500  2 23  3   8.7  988 255  7.8 7  5.5  77    0    0 322 -353  2
4013500 2675500  2 23  4   8.6  988 243  6.7 8  5.5  77    0    0 322 -352  2
4013500 2675500  2 23  5   8.6  988 254  6.6 8  5.5  78    0    0 328 -351  2
4013500 2675500  2 23  6   8.6  988 260  6.6 8  5.5  78    0    0 326 -350  2
4013500 2675500  2 23  7   8.2  989 272  5.3 6  5.1  72    0    0 305 -349  2
4013500 2675500  2 23  8   7.0  990 266  4.1 5  4.3  65   10   11 270 -348  2
4013500 2675500  2 23  9   7.6  990 264  4.3 5  3.9  60   74   44 258 -349  2
4013500 2675500  2 23 10   8.0  992 263  4.7 5  3.9  58   86  118 261 -353  2
4013500 2675500  2 23 11   8.4  993 274  3.9 6  4.0  58   93  168 275 -359  2
4013500 2675500  2 23 12   9.2  993 262  3.0 5  4.2  58  134  192 280 -365  2
4013500 2675500  2 23 13   9.9  993 261  4.8 5  4.4  59   65  212 280 -368  2
4013500 2675500  2 23 14  10.6  993 219  4.7 5  4.7  59   32  193 285 -367  2
4013500 2675500  2 23 15  10.5  992 230  5.1 5  4.9  61  108  168 290 -364  2
4013500 2675500  2 23 16  10.7  991 246  4.6 5  5.0  62   62  126 294 -364  2
4013500 2675500  2 23 17  10.7  991 232  3.5 6  5.2  63   62   60 301 -365  2
4013500 2675500  2 23 18   9.6  991 230  2.7 6  5.2  66    6   14 306 -363  2
4013500 2675500  2 23 19   9.4  991 228  2.9 4  5.2  69    0    0 296 -361  2
4013500 2675500  2 23 20   8.8  991 219  2.8 4  5.2  71    0    0 287 -359  2
4013500 2675500  2 23 21   8.4  991 213  2.9 5  5.2  73    0    0 289 -354  2
4013500 2675500  2 23 22   8.8  990 218  2.7 6  5.2  73    0    0 295 -349  2
4013500 2675500  2 23 23   7.9  990 217  1.7 6  5.1  73    0    0 298 -346  2
4013500 2675500  2 23 24   7.3  990 153  0.9 3  5.0  76    0    0 285 -344  2
4013500 2675500  2 24  1   5.1  989 136  1.3 4  4.9  80    0    0 273 -343  2
4013500 2675500  2 24  2   4.6  989 144  1.5 4  4.7  85    0    0 272 -345  2
4013500 2675500  2 24  3   3.9  988 157  1.8 3  4.5  86    0    0 266 -346  2
4013500 2675500  2 24  4   4.3  988 153  2.5 3  4.5  86    0    0 262 -347  2
4013500 2675500  2 24  5   3.4  988 144  3.9 3  4.5  87    0    0 262 -347  2
4013500 2675500  2 24  6   3.2  987 143  4.2 1  4.4  89    0    0 254 -346  2
4013500 2675500  2 24  7   4.0  987 154  5.1 3  4.4  87    0    0 253 -344  2
4013500 2675500  2 24  8   2.9  987 125  4.6 4  4.4  87    8   16 262 -344  2
4013500 2675500  2 24  9   6.5  987 140  5.2 4  4.6  84   92   59 268 -346  2
4013500 2675500  2 24 10   7.6  988 144  6.3 2  5.0  78  204   93 266 -349  2
4013500 2675500  2 24 11  10.7  987 157  6.6 1  5.3  72  293  117 263 -354  2
4013500 2675500  2 24 12  10.8  986 179  6.2 1  5.6  68  355  130 263 -359  2
4013500 2675500  2 24 13  13.7  986 174  6.3 0  6.0  66  370  140 267 -366  2
4013500 2675500  2 24 14  14.8  986 172  5.8 0  6.2  60  343  141 271 -372  2
4013500 2675500  2 24 15  14.5  985 168  5.4 0  6.3  59  285  127 272 -376  2
4013500 2675500  2 24 16  14.5  984 179  4.9 0  6.2  59  197  102 271 -376  2
4013500 2675500  2 24 17  13.6  983 170  3.2 0  6.1  59   90   67 270 -371  2
4013500 2675500  2 24 18  12.3  983 164  2.0 0  6.0  62    6   16 267 -365  2
4013500 2675500  2 24 19  11.2  982 160  1.8 1  5.9  66    0    0 263 -359  2
4013500 2675500  2 24 20   9.7  983 143  1.5 1  5.8  71    0    0 260 -353  2
4013500 2675500  2 24 21   8.8  983 130  1.6 1  5.7  77    0    0 256 -349  2
4013500 2675500  2 24 22   8.7  983 183  2.6 1  5.7  79    0    0 256 -346  2
4013500 2675500  2 24 23   8.9  983 174  2.8 1  5.7  78    0    0 255 -343  2
4013500 2675500  2 24 24   7.6  983 199  1.7 0  5.6  80    0    0 251 -341  2
4013500 2675500  2 25  1   6.6  983 191  1.1 2  5.4  83    0    0 251 -339  2
4013500 2675500  2 25  2   6.2  983 178  0.7 3  5.2  84    0    0 261 -339  2
4013500 2675500  2 25  3   7.4  983 170  2.3 4  5.4  85    0    0 272 -339  2
4013500 2675500  2 25  4   8.0  982 159  2.3 3  5.6  82    0    0 278 -339  2
4013500 2675500  2 25  5   7.9  981 180  2.8 3  5.6  81    0    0 273 -341  2
4013500 2675500  2 25  6   8.3  981 190  2.8 7  5.8  83    0    0 290 -342  2
4013500 2675500  2 25  7   7.9  982 235  3.6 7  6.0  87    0    0 310 -344  2
4013500 2675500  2 25  8   8.2  983 254  5.9 8  6.2  90    0    8 316 -346  2
4013500 2675500  2 25  9   8.0  984 256  4.7 7  6.3  91    5   68 317 -347  2
4013500 2675500  2 25 10   8.8  985 273  4.5 7  6.3  89    6  118 314 -348  2
4013500 2675500  2 25 11   8.9  986 306  5.2 7  5.8  80   12  170 316 -350  2
4013500 2675500  2 25 12   8.9  987 316  4.4 2  5.3  72  222  211 287 -352  2
4013500 2675500  2 25 13   9.3  987 298  2.7 3  4.9  67  176  243 265 -353  2
4013500 2675500  2 25 14   9.9  987 270  3.3 2  4.7  61  276  184 265 -354  2
4013500 2675500  2 25 15  10.6  987 264  3.3 2  4.4  56  261  154 259 -355  2
4013500 2675500  2 25 16  11.0  986 271  3.2 3  4.3  52  176  122 263 -357  2
4013500 2675500  2 25 17  10.7  986 245  2.9 5  4.3  52   80   76 279 -358  2
4013500 2675500  2 25 18   9.2  985 117  2.1 5  4.2  54    4   16 286 -356  2
4013500 2675500  2 25 19   7.9  985 161  1.9 2  4.4  61    0    0 268 -352  2
4013500 2675500  2 25 20   7.4  985 188  2.1 2  4.7  70    0    0 252 -350  2
4013500 2675500  2 25 21   7.1  985 137  2.5 2  5.0  76    0    0 254 -351  2
4013500 2675500  2 25 22   6.1  985 329  2.0 4  5.0  81    0    0 263 -351  2
4013500 2675500  2 25 23   6.8  985 143  2.3 4  5.2  84    0    0 274 -351  2
4013500 2675500  2 25 24   7.0  984 138  3.0 5  5.4  85    0    0 282 -349  2
4013500 2675500  2 26  1   7.4  984 128  4.4 8  5.6  86    0    0 303 -346  2
4013500 2675500  2 26  2   6.8  983 135  4.2 8  5.8  90    0    0 318 -342  2
4013500 2675500  2 26  3   7.2  982 134  3.6 8  5.9  91    0    0 319 -339  2
4013500 2675500  2 26  4   8.0  981 138  3.8 7  6.0  90    0    0 318 -336  2
4013500 2675500  2 26  5   8.1  980 144  5.5 7  6.1  88    0    0 317 -334  2
4013500 2675500  2 26  6   8.4  980 171  4.3 8  6.1  87    0    0 322 -332  2
4013500 2675500  2 26  7   8.7  979 200  4.2 8  6.1  85    0    0 329 -334  2
4013500 2675500  2 26  8   9.1  978 179  5.4 7  6.1  83    0   13 328 -337  2
4013500 2675500  2 26  9  10.0  978 172  5.0 8  6.2  80    0   44 331 -341  2
4013500 2675500  2 26 10  11.2  977 144  4.9 8  6.2  75   18   93 338 -348  2
4013500 2675500  2 26 11  11.7  977 203  7.8 8  6.1  70   45  121 339 -351  2
4013500 2675500  2 26 12  12.4  977 228  8.1 8  6.0  66    0  129 342 -357  2
4013500 2675500  2 26 13  13.0  976 228  9.8 7  5.9  63   32  152 341 -364  2
4013500 2675500  2 26 14  13.4  975 230 10.3 7  6.0  61   41  142 339 -368  2
4013500 2675500  2 26 15  13.1  974 226  9.4 8  6.0  61    0   72 345 -369  2
4013500 2675500  2 26 16  12.4  973 228  8.2 8  6.1  64    0   45 349 -368  2
4013500 2675500  2 26 17  11.8  973 219 10.2 8  6.4  70    0   18 350 -366  2
4013500 2675500  2 26 18  10.6  973 230  8.4 8  6.6  76    0    2 349 -364  2
4013500 2675500  2 26 19  10.4  973 229  7.0 7  6.8  82    0    0 343 -363  2
4013500 2675500  2 26 20   9.9  973 230  6.1 8  6.9  86    0    0 343 -363  2
4013500 2675500  2 26 21   9.9  973 236  6.3 7  6.9  88    0    0 342 -363  2
4013500 2675500  2 26 22   9.7  973 218  4.1 8  6.8  87    0    0 341 -362  2
4013500 2675500  2 26 23   8.9  973 253  4.7 8  6.7  88    0    0 344 -360  2
4013500 2675500  2 26 24   8.7  973 267  4.4 7  6.2  85    0    0 336 -354  2
4013500 2675500  2 27  1   8.0  973 251  4.4 8  5.9  83    0    0 333 -349  2
4013500 2675500  2 27  2   7.6  973 270  3.5 8  5.7  83    0    0 335 -346  2
4013500 2675500  2 27  3   7.2  974 250  4.7 8  5.4  80    0    0 331 -340  2
4013500 2675500  2 27  4   6.6  975 254  4.0 8  5.1  80    0    0 327 -333  2
4013500 2675500  2 27  5   6.6  975 250  4.5 7  5.0  79    0    0 319 -328  2
4013500 2675500  2 27  6   6.2  976 244  4.9 6  4.8  78    0    0 304 -324  2
4013500 2675500  2 27  7   6.2  976 244  4.9 7  4.7  76    0    0 298 -322  2
4013500 2675500  2 27  8   6.1  977 247  4.6 7  4.6  76   18    4 301 -321  2
4013500 2675500  2 27  9   6.2  978 240  5.4 6  4.5  74   59   34 295 -323  2
4013500 2675500  2 27 10   6.4  978 254  6.3 7  4.5  73   25  104 294 -331  2
4013500 2675500  2 27 11   6.7  979 249  6.9 5  4.5  72   14  134 289 -340  2
4013500 2675500  2 27 12   6.9  979 249  5.9 6  4.4  69    5  148 284 -346  2
4013500 2675500  2 27 13   7.1  980 258  6.6 6  4.2  66    0  100 289 -351  2
4013500 2675500  2 27 14   7.8  980 258  7.4 6  4.2  63    0  116 291 -355  2
4013500 2675500  2 27 15   7.7  980 250  6.5 6  4.2  61    2  119 292 -357  2
4013500 2675500  2 27 16   7.8  980 260  6.3 6  4.1  60    0   80 292 -354  2
4013500 2675500  2 27 17   7.6  981 273  5.5 7  3.9  58    8   56 295 -348  2
4013500 2675500  2 27 18   7.2  981 253  3.9 6  3.8  57    5   12 295 -341  2
4013500 2675500  2 27 19   6.6  982 251  3.9 6  3.8  60    0    0 290 -335  2
4013500 2675500  2 27 20   6.1  983 256  4.6 6  3.8  62    0    0 290 -330  2
4013500 2675500  2 27 21   5.3  983 240  3.7 3  3.8  65    0    0 274 -328  2
4013500 2675500  2 27 22   4.9  983 241  3.1 1  3.8  68    0    0 249 -325  2
4013500 2675500  2 27 23   4.4  984 235  3.1 2  3.9  71    0    0 244 -321  2
4013500 2675500  2 27 24   4.0  984 214  1.8 6  3.9  74    0    0 267 -318  2
4013500 2675500  2 28  1   3.2  985 174  2.1 3  3.9  77    0    0 270 -317  2
4013500 2675500  2 28  2   2.2  985 149  1.3 3  3.9  82    0    0 251 -316  2
4013500 2675500  2 28  3   2.0  985 130  0.9 1  3.9  85    0    0 237 -315  2
4013500 2675500  2 28  4   1.2  985 144  1.3 3  3.8  87    0    0 233 -313  2
4013500 2675500  2 28  5   1.4  986 118  1.4 3  3.8  88    0    0 239 -312  2
4013500 2675500  2 28  6   2.0  986 149  1.5 4  3.8  85    0    0 242 -312  2
4013500 2675500  2 28  7   0.4  986 144  1.6 7  3.7  88    0    0 261 -312  2
4013500 2675500  2 28  8   1.0  986 142  1.6 8  3.7  91    0    9 285 -312  2
4013500 2675500  2 28  9   2.0  987 147  2.1 7  3.9  90    6   64 287 -314  2
4013500 2675500  2 28 10   4.0  987 135  2.5 8  4.2  87   38  126 291 -317  2
4013500 2675500  2 28 11   6.1  987 137  2.9 8  4.4  80   61  170 304 -325  2
4013500 2675500  2 28 12   6.7  987 136  3.0 7  4.5  73   65  201 301 -337  2
4013500 2675500  2 28 13   7.6  987 209  3.1 7  4.2  65   19  191 295 -350  2
4013500 2675500  2 28 14   8.1  987 261  3.4 6  3.9  58   21  182 289 -361  2
4013500 2675500  2 28 15   8.3  986 248  3.7 7  3.8  55   25  167 289 -365  2
4013500 2675500  2 28 16   8.3  986 256  4.1 7  3.7  52   34  127 295 -361  2
4013500 2675500  2 28 17   7.9  985 237  3.8 8  3.6  52    7   65 299 -355  2
4013500 2675500  2 28 18   7.3  985 182  2.3 7  3.6  55    0   10 297 -347  2
4013500 2675500  2 28 19   6.7  985 134  2.1 7  3.8  59    0    0 288 -337  2
4013500 2675500  2 28 20   6.1  986 135  2.0 7  3.8  62    0    0 287 -331  2
4013500 2675500  2 28 21   5.8  985 149  1.6 7  3.7  63    0    0 288 -328  2
4013500 2675500  2 28 22   5.1  985 155  3.1 7  3.8  66    0    0 289 -325  2
4013500 2675500  2 28 23   5.0  985 157  2.9 8  3.8  68    0    0 295 -325  2
4013500 2675500  2 28 24   4.7  985 152  2.8 8  3.9  70    0    0 301 -327  2
4013500 2675500  3  1  1   5.1  984 154  3.5 8  3.9  70    0    0 302 -329  2
4013500 2675500  3  1  2   5.1  983 165  2.2 6  3.9  70    0    0 294 -330  2
4013500 2675500  3  1  3   4.8  983 149  1.9 6  4.0  73    0    0 284 -331  2
4013500 2675500  3  1  4   5.1  982 170  2.2 7  4.2  75    0    0 290 -330  2
4013500 2675500  3  1  5   4.6  982 139  1.6 7  4.4  80    0    0 297 -329  2
4013500 2675500  3  1  6   4.2  981 140  1.5 6  4.6  86    0    0 293 -329  2
4013500 2675500  3  1  7   4.3  981 166  1.5 7  4.9  92    0    0 294 -330  2
4013500 2675500  3  1  8   4.1  981  66  1.3 7  5.0  94    0   13 301 -330  2
4013500 2675500  3  1  9   4.5  981 132  1.0 7  5.1  96    0   51 300 -333  2
4013500 2675500  3  1 10   5.5  981 134  2.1 8  5.3  95    0   56 309 -337  2
4013500 2675500  3  1 11   5.9  981 122  2.4 7  5.5  94    0  107 310 -342  2
4013500 2675500  3  1 12   7.3  981 139  3.4 6  5.7  91   13  213 298 -348  2
4013500 2675500  3  1 13   7.2  980 164  1.8 7  5.9  90    0  144 298 -352  2
4013500 2675500  3  1 14   7.7  979 229  2.5 8  6.0  90    0   54 313 -356  2
4013500 2675500  3  1 15   8.0  978 256  4.3 8  6.0  88    0   64 320 -357  2
4013500 2675500  3  1 16   8.7  978 241  3.7 8  6.1  85    0   77 323 -357  2
4013500 2675500  3  1 17   8.3  977 235  2.9 8  5.9  83    1   59 325 -356  2
4013500 2675500  3  1 18   8.1  976 236  3.8 8  5.6  79    0   15 326 -354  2
4013500 2675500  3  1 19   7.8  975 230  3.8 8  5.3  77    0    0 327 -354  2
4013500 2675500  3  1 20   8.1  974 232  5.6 8  5.5  79    0    0 330 -354  2
4013500 2675500  3  1 21   7.8  972 228  5.6 8  5.6  81    0    0 332 -355  2
4013500 2675500  3  1 22   7.0  970 231  5.6 8  5.8  86    0    0 333 -356  2
4013500 2675500  3  1 23   7.7  969 234  7.0 8  6.0  89    0    0 335 -357  2
4013500 2675500  3  1 24   8.1  966 234  7.7 8  6.1  88    0    0 339 -357  2
4013500 2675500  3  2  1   7.8  964 241  8.6 8  6.1  88    0    0 341 -355  2
4013500 2675500  3  2  2   7.9  964 234 10.2 8  6.1  88    0    0 341 -354  2
4013500 2675500  3  2  3   7.8  962 233  8.0 8  6.1  88    0    0 342 -352  2
4013500 2675500  3  2  4   8.2  960 230  7.5 8  6.3  90    0    0 343 -351  2
4013500 2675500  3  2  5   8.7  957 232  8.1 8  6.5  90    0    0 345 -351  2
4013500 2675500  3  2  6   9.2  955 238  9.3 8  6.6  88    0    0 345 -352  2
4013500 2675500  3  2  7   9.0  953 253 11.7 8  6.6  86    0    0 345 -353  2
4013500 2675500  3  2  8   3.7  952 270  9.6 8  5.6  88    0   11 335 -353  2
4013500 2675500  3  2  9   4.9  954 255  6.9 7  4.8  87    8   74 320 -351  2
4013500 2675500  3  2 10   5.6  956 271  8.0 4  4.9  84  179   61 298 -350  2
4013500 2675500  3  2 11   7.3  958 275  8.1 7  4.8  76   10  151 299 -349  2
4013500 2675500  3  2 12   7.4  959 267 11.8 6  4.7  70    8  174 312 -349  2
4013500 2675500  3  2 13   7.0  961 262 12.1 6  4.9  74    8  175 305 -350  2
4013500 2675500  3  2 14   6.5  962 265 11.4 6  5.1  78    0  116 305 -348  2
4013500 2675500  3  2 15   6.1  962 267 10.5 7  5.1  81    0   89 310 -348  2
4013500 2675500  3  2 16   6.9  964 275 10.1 4  5.1  80   42  120 301 -347  2
4013500 2675500  3  2 17   7.2  965 281  8.8 5  4.8  72   34   73 291 -344  2
4013500 2675500  3  2 18   7.3  967 279  8.2 7  4.3  64    0    4 306 -340  2
4013500 2675500  3  2 19   6.7  968 274  6.7 7  4.0  62    0    0 313 -338  2
4013500 2675500  3  2 20   6.4  970 270  7.1 6  4.0  64    0    0 306 -337  2
4013500 2675500  3  2 21   6.2  971 272  5.8 6  3.9  63    0    0 299 -336  2
4013500 2675500  3  2 22   5.5  971 262  6.0 6  4.1  69    0    0 298 -334  2
4013500 2675500  3  2 23   5.6  971 266  6.7 6  4.5  76    0    0 297 -330  2
4013500 2675500  3  2 24   5.5  971 267  6.0 5  4.6  78    0    0 291 -330  2
4013500 2675500  3  3  1   5.9  970 258  6.6 8  4.6  77    0    0 301 -333  2
4013500 2675500  3  3  2   6.3  970 249  7.3 7  4.6  76    0    0 313 -333  2
4013500 2675500  3  3  3   6.4  969 252  7.0 6  4.6  74    0    0 302 -334  2
4013500 2675500  3  3  4   6.0  968 250  7.4 7  4.6  75    0    0 303 -334  2
4013500 2675500  3  3  5   5.7  968 241  8.7 6  4.8  79    0    0 302 -334  2
4013500 2675500  3  3  6   6.0  966 240  8.1 7  5.0  82    0    0 304 -334  2
4013500 2675500  3  3  7   6.6  965 240  8.2 8  5.3  85    0    0 318 -333  2
4013500 2675500  3  3  8   7.0  965 250  7.4 8  5.6  87    0   20 327 -334  2
4013500 2675500  3  3  9   8.1  965 254  7.5 6  6.0  88   28   83 320 -335  2
4013500 2675500  3  3 10   9.6  966 258  9.4 4  6.2  84  229   56 302 -339  2
4013500 2675500  3  3 11  10.1  966 263  9.2 4  6.2  78  255   90 293 -342  2
4013500 2675500  3  3 12   9.2  966 287  6.4 7  6.0  77   11  182 309 -346  2
4013500 2675500  3  3 13   9.1  967 292  7.2 7  5.8  76    0   81 324 -350  2
4013500 2675500  3  3 14   9.6  968 275  6.1 8  5.3  69    0   64 328 -352  2
4013500 2675500  3  3 15   9.8  969 266  9.4 7  5.0  63    0   63 327 -353  2
4013500 2675500  3  3 16   9.8  970 275  6.4 6  4.9  62    0   98 315 -356  2
4013500 2675500  3  3 17   9.3  970 261  6.4 6  4.8  62   36   82 307 -357  2
4013500 2675500  3  3 18   8.8  970 268  4.7 6  4.7  64    1   25 305 -353  2
4013500 2675500  3  3 19   8.5  971 267  5.0 6  4.8  66    0    0 304 -349  2
4013500 2675500  3  3 20   8.4  972 282  4.8 7  4.9  69    0    0 310 -345  2
4013500 2675500  3  3 21   8.3  973 257  5.0 7  4.9  68    0    0 315 -342  2
4013500 2675500  3  3 22   7.8  973 278  3.6 7  4.6  66    0    0 314 -342  2
4013500 2675500  3  3 23   7.4  973 272  3.7 7  4.5  67    0    0 313 -342  2
4013500 2675500  3  3 24   7.4  973 284  3.4 7  4.6  69    0    0 313 -341  2
4013500 2675500  3  4  1   7.4  973 249  4.2 7  4.7  70    0    0 314 -341  2
4013500 2675500  3  4  2   7.0  973 250  4.2 8  4.7  71    0    0 320 -340  2
4013500 2675500  3  4  3   7.0  972 254  3.6 7  4.8  74    0    0 317 -339  2
4013500 2675500  3  4  4   7.0  972 262  3.9 7  4.8  74    0    0 310 -338  2
4013500 2675500  3  4  5   7.0  972 266  5.0 8  4.8  74    0    0 317 -337  2
4013500 2675500  3  4  6   7.0  972 256  4.4 8  4.8  73    0    0 323 -336  2
4013500 2675500  3  4  7   6.7  971 256  4.3 8  4.9  76    0    0 322 -335  2
4013500 2675500  3  4  8   6.6  971 269  4.2 8  5.1  80    0   23 321 -332  2
4013500 2675500  3  4  9   6.6  971 274  3.1 5  5.1  81    0   63 300 -332  2
4013500 2675500  3  4 10   6.4  972 265  5.0 7  5.1  81    0   98 294 -337  2
4013500 2675500  3  4 11   6.5  972 264  4.5 7  5.2  83    0   96 306 -342  2
4013500 2675500  3  4 12   6.3  972 262  4.4 8  5.2  83    0   90 311 -345  2
4013500 2675500  3  4 13   6.3  972 270  4.9 6  5.1  83    1  180 304 -346  2
4013500 2675500  3  4 14   7.1  972 266  4.8 6  4.9  78    3  193 293 -347  2
4013500 2675500  3  4 15   7.1  971 254  5.6 6  4.7  72    5  185 291 -346  2
4013500 2675500  3  4 16   5.0  971 266  6.4 7  4.6  76    0   87 292 -344  2
4013500 2675500  3  4 17   4.4  971 264  4.8 6  4.5  82    0   52 285 -339  2
4013500 2675500  3  4 18   4.5  972 257  5.0 6  4.4  80    0   26 277 -334  2
4013500 2675500  3  4 19   4.3  972 280  3.9 5  3.9  72    0    0 270 -328  2
4013500 2675500  3  4 20   3.7  973 271  5.2 4  3.3  62    0    0 257 -322  2
4013500 2675500  3  4 21   2.9  974 268  5.1 1  3.0  60    0    0 236 -319  2
4013500 2675500  3  4 22   2.5  974 252  4.9 0  2.9  61    0    0 216 -316  2
4013500 2675500  3  4 23   1.8  975 241  3.7 0  2.9  63    0    0 209 -314  2
4013500 2675500  3  4 24   1.3  975 236  3.2 1  2.9  66    0    0 212 -312  2
4013500 2675500  3  5  1   0.7  976 238  2.4 0  2.9  69    0    0 210 -310  2
4013500 2675500  3  5  2   0.2  976 240  2.6 0  2.9  71    0    0 202 -309  2
4013500 2675500  3  5  3   0.2  976 231  2.9 1  2.9  72    0    0 205 -309  2
4013500 2675500  3  5  4   0.2  976 246  2.6 1  2.9  73    0    0 208 -309  2
4013500 2675500  3  5  5   0.3  976 264  2.6 5  3.0  74    0    0 227 -309  2
4013500 2675500  3  5  6  -0.4  976 266  2.0 7  3.0  77    0    0 255 -309  2
4013500 2675500  3  5  7  -0.1  976 278  2.4 6  3.1  79    0    0 259 -308  2
4013500 2675500  3  5  8   0.0  977 269  1.6 6  3.1  80    0   18 254 -307  2
4013500 2675500  3  5  9   1.1  977 271  2.0 5  3.2  79   25  110 251 -309  2
4013500 2675500  3  5 10   2.7  977 250  2.5 5  3.3  74   88  185 250 -313  2
4013500 2675500  3  5 11   3.8  977 302  2.3 4  3.4  69  190  229 248 -317  2
4013500 2675500  3  5 12   4.3  978 320  3.2 6  3.3  64  130  282 254 -322  2
4013500 2675500  3  5 13   5.3  978 315  2.5 5  3.2  58  153  295 260 -328  2
4013500 2675500  3  5 14   5.2  978 306  4.6 5  3.1  54  107  280 258 -333  2
4013500 2675500  3  5 15   5.4  978 292  4.8 5  3.0  52  121  244 261 -333  2
4013500 2675500  3  5 16   5.2  978 300  4.5 5  3.0  53   45  179 261 -330  2
4013500 2675500  3  5 17   3.5  979 347  3.7 6  3.3  62    6   90 260 -326  2
4013500 2675500  3  5 18   3.1  979 281  2.8 5  3.5  70    0   22 255 -320  2
4013500 2675500  3  5 19   3.0  979 316  2.1 5  3.3  67    0    0 247 -317  2
4013500 2675500  3  5 20   2.5  981 343  3.3 5  3.0  63    0    0 243 -314  2
4013500 2675500  3  5 21   1.4  982 338  2.6 4  2.8  62    0    0 236 -312  2
4013500 2675500  3  5 22   1.1  982 323  2.4 3  2.8  66    0    0 229 -311  2
4013500 2675500  3  5 23   1.7  983 343  3.5 4  2.9  67    0    0 228 -310  2
4013500 2675500  3  5 24   0.8  983 335  4.4 8  2.9  69    0    0 247 -309  2
4013500 2675500  3  6  1   0.3  984 345  4.4 6  2.9  70    0    0 253 -309  2
4013500 2675500  3  6  2  -0.5  985 338  4.3 6  2.7  71    0    0 242 -308  2
4013500 2675500  3  6  3  -1.0  985 316  3.7 5  2.7  73    0    0 237 -306  2
4013500 2675500  3  6  4  -1.0  986 311  3.5 4  2.7  75    0    0 229 -303  2
4013500 2675500  3  6  5  -1.4  986 308  3.0 5  2.7  76    0    0 229 -300  2
4013500 2675500  3  6  6  -1.8  987 293  1.9 6  2.7  78    0    0 235 -299  2
4013500 2675500  3  6  7  -2.0  987 302  1.6 5  2.7  79    0    0 235 -300  2
4013500 2675500  3  6  8  -1.7  988 296  2.8 5  2.7  80   26   29 231 -303  2
4013500 2675500  3  6  9  -0.8  989 317  3.1 3  2.7  77  159   49 227 -306  2
4013500 2675500  3  6 10  -0.1  990 320  4.0 5  2.7  72  157  124 229 -310  2
4013500 2675500  3  6 11   0.6  990 322  4.2 6  2.6  65  131  188 243 -314  2
4013500 2675500  3  6 12   1.6  991 344  4.8 5  2.4  56  190  210 244 -318  2
4013500 2675500  3  6 13   2.1  992 311  4.7 4  2.2  51  208  217 236 -323  2
4013500 2675500  3  6 14   2.8  992 326  3.1 4  2.1  46  210  203 234 -326  2
4013500 2675500  3  6 15   2.7  992 327  3.9 3  1.9  41  337   98 230 -327  2
4013500 2675500  3  6 16   2.8  992 318  4.2 2  1.8  37  266   73 222 -326  2
4013500 2675500  3  6 17   2.6  992 324  3.0 2  1.7  36  143   60 218 -322  2
4013500 2675500  3  6 18   1.7  993 304  2.2 2  1.8  40   17   32 217 -318  2
4013500 2675500  3  6 19   0.3  993 276  1.4 0  2.0  48    0    0 208 -313  2
4013500 2675500  3  6 20  -0.5  992 268  1.4 0  2.1  55    0    0 200 -309  2
4013500 2675500  3  6 21  -1.0  993 250  1.3 1  2.1  57    0    0 203 -307  2
4013500 2675500  3  6 22  -1.6  993 257  1.6 2  2.1  60    0    0 212 -306  2
4013500 2675500  3  6 23  -1.8  993 243  1.8 1  2.1  62    0    0 214 -304  2
4013500 2675500  3  6 24  -1.9  993 234  2.2 0  2.1  62    0    0 207 -302  2
4013500 2675500  3  7  1  -1.9  992 203  2.1 0  2.1  62    0    0 204 -301  2
4013500 2675500  3  7  2  -2.8  992 149  1.9 1  2.1  65    0    0 209 -302  2
4013500 2675500  3  7  3  -2.3  991 145  2.0 0  2.1  67    0    0 211 -304  2
4013500 2675500  3  7  4  -1.2  991 189  2.0 0  2.1  63    0    0 211 -305  2
4013500 2675500  3  7  5  -2.2  990 208  2.0 0  2.1  63    0    0 214 -307  2
4013500 2675500  3  7  6  -2.9  989 184  2.2 2  2.2  68    0    0 223 -308  2
4013500 2675500  3  7  7  -2.0  989 173  1.7 6  2.2  69    0    0 250 -309  2
4013500 2675500  3  7  8  -0.7  989 149  2.4 6  2.3  65    5   21 269 -310  2
4013500 2675500  3  7  9  -0.5  989 147  3.1 8  2.3  63    5   62 282 -312  2
4013500 2675500  3  7 10   0.4  989 141  2.8 8  2.4  62    5  108 294 -313  2
4013500 2675500  3  7 11   1.3  989 143  3.9 7  2.5  60   50  134 294 -314  2
4013500 2675500  3  7 12   2.2  988 137  4.0 8  2.6  59   65  153 297 -316  2
4013500 2675500  3  7 13   3.0  988 139  4.4 8  2.7  58   75  158 305 -318  2
4013500 2675500  3  7 14   3.6  987 138  3.8 8  2.8  56   70  151 308 -319  2
4013500 2675500  3  7 15   3.9  986 149  4.0 8  2.8  56   10  143 312 -321  2
4013500 2675500  3  7 16   3.9  986 161  3.0 8  3.0  58   10  107 313 -322  2
4013500 2675500  3  7 17   4.1  985 154  3.8 8  3.1  60   35   57 314 -322  2
4013500 2675500  3  7 18   4.0  985 149  3.7 7  3.2  62    0   23 311 -321  2
4013500 2675500  3  7 19   3.7  985 143  3.2 7  3.3  64    0    0 306 -320  2
4013500 2675500  3  7 20   3.5  985 143  3.2 7  3.3  66    0    0 305 -320  2
4013500 2675500  3  7 21   3.4  985 147  2.6 8  3.4  68    0    0 311 -320  2
4013500 2675500  3  7 22   3.3  985 147  2.8 8  3.4  69    0    0 317 -320  2
4013500 2675500  3  7 23   3.2  985 149  2.9 7  3.5  70    0    0 311 -320  2
4013500 2675500  3  7 24   3.1  984 133  2.5 8  3.5  72    0    0 311 -320  2
4013500 2675500  3  8  1   3.1  984 141  2.8 7  3.6  74    0    0 310 -320  2
4013500 2675500  3  8  2   3.1  984 145  3.8 7  3.7  76    0    0 303 -320  2
4013500 2675500  3  8  3   3.0  984 139  3.7 7  3.8  78    0    0 303 -320  2
4013500 2675500  3  8  4   3.1  983 130  3.9 7  3.8  79    0    0 302 -321  2
4013500 2675500  3  8  5   2.6  983 128  3.5 5  3.9  82    0    0 286 -321  2
4013500 2675500  3  8  6   2.4  983 130  3.9 7  4.0  85    0    0 283 -320  2
4013500 2675500  3  8  7   2.3  982 129  4.0 8  3.9  85    0    0 306 -321  2
4013500 2675500  3  8  8   2.4  982  93  4.4 8  3.9  83    1   27 313 -321  2
4013500 2675500  3  8  9   3.3  982  67  3.8 7  3.9  81   49  102 306 -322  2
4013500 2675500  3  8 10   4.3  981  56  2.8 5  4.0  78  191  129 283 -323  2
4013500 2675500  3  8 11   5.9  982 109  1.7 5  4.2  75  203  187 269 -327  2
4013500 2675500  3  8 12   7.3  981  81  1.8 6  4.4  71  164  238 282 -335  2
4013500 2675500  3  8 13   8.6  980  84  2.9 6  4.6  68  108  253 294 -343  2
4013500 2675500  3  8 14   8.8  979 107  2.2 8  4.8  67    0  140 313 -344  2
4013500 2675500  3  8 15   8.9  978  78  1.5 8  4.9  67    0   95 329 -342  2
4013500 2675500  3  8 16   8.7  978 107  1.8 8  5.0  69    0   64 328 -342  2
4013500 2675500  3  8 17   8.3  977  93  1.9 8  5.2  73    0   63 327 -343  2
4013500 2675500  3  8 18   8.0  977  85  1.2 6  5.3  76    0   20 314 -342  2
4013500 2675500  3  8 19   7.4  977  78  2.3 6  5.2  77    0    0 302 -338  2
4013500 2675500  3  8 20   7.0  977  60  2.0 6  5.2  79    0    0 300 -335  2
4013500 2675500  3  8 21   6.7  977  31  2.6 7  5.2  81    0    0 305 -333  2
4013500 2675500  3  8 22   6.6  977  42  2.6 7  5.1  81    0    0 311 -332  2
4013500 2675500  3  8 23   5.9  977 113  2.0 8  5.1  83    0    0 314 -332  2
4013500 2675500  3  8 24   5.8  977  30  1.6 8  5.1  85    0    0 318 -331  2
4013500 2675500  3  9  1   5.4  977  28  2.2 7  5.2  88    0    0 313 -331  2
4013500 2675500  3  9  2   5.3  977  95  2.1 8  5.3  91    0    0 312 -330  2
4013500 2675500  3  9  3   5.0  977  66  1.3 8  5.3  93    0    0 319 -328  2
4013500 2675500  3  9  4   4.9  976 128  1.3 8  5.3  95    0    0 318 -328  2
4013500 2675500  3  9  5   4.4  976  76  1.3 7  5.2  94    0    0 312 -329  2
4013500 2675500  3  9  6   3.9  976 125  0.5 8  5.1  96    0    0 311 -330  2
4013500 2675500  3  9  7   4.2  976 204  0.1 8  5.1  96    0    0 314 -330  2
4013500 2675500  3  9  8   4.2  976 308  1.0 8  5.1  96    0   20 312 -330  2
4013500 2675500  3  9  9   4.6  977 270  1.3 7  5.2  96    2   71 306 -333  2
4013500 2675500  3  9 10   5.0  977 278  1.5 7  5.3  95   20  127 300 -339  2
4013500 2675500  3  9 11   5.7  977 290  1.7 7  5.4  93    2  140 301 -347  2
4013500 2675500  3  9 12   6.6  977 279  1.5 7  5.4  88   20  182 302 -355  2
4013500 2675500  3  9 13   7.0  977 225  1.6 5  5.3  84   81  181 292 -361  2
4013500 2675500  3  9 14   7.6  976 203  2.6 7  5.2  79    0   89 294 -363  2
4013500 2675500  3  9 15   7.9  975 213  2.8 6  5.1  75    0  124 301 -362  2
4013500 2675500  3  9 16   8.5  975 197  3.2 4  4.9  70  154   65 287 -360  2
4013500 2675500  3  9 17   7.9  974 208  3.3 5  4.8  68  122   37 283 -354  2
4013500 2675500  3  9 18   6.9  974 192  2.3 7  4.8  73   26   19 299 -346  2
4013500 2675500  3  9 19   6.0  974 189  2.7 3  4.7  75    0    0 285 -338  2
4013500 2675500  3  9 20   4.9  974 194  3.2 3  4.5  78    0    0 257 -333  2
4013500 2675500  3  9 21   4.5  975 171  2.9 2  4.5  81    0    0 246 -334  2
4013500 2675500  3  9 22   4.6  975 161  3.2 3  4.4  81    0    0 244 -334  2
4013500 2675500  3  9 23   4.0  975 202  2.8 3  4.4  81    0    0 248 -334  2
4013500 2675500  3  9 24   3.9  974 190  3.2 4  4.4  84    0    0 252 -335  2
4013500 2675500  3 10  1   3.9  974 203  3.3 4  4.4  85    0    0 258 -336  2
4013500 2675500  3 10  2   3.8  974 207  3.4 3  4.4  84    0    0 253 -336  2
4013500 2675500  3 10  3   3.4  974 201  2.8 3  4.4  86    0    0 248 -336  2
4013500 2675500  3 10  4   3.7  973 198  3.1 3  4.3  85    0    0 250 -337  2
4013500 2675500  3 10  5   3.9  973 200  3.4 5  4.3  83    0    0 264 -338  2
4013500 2675500  3 10  6   3.7  972 204  4.2 6  4.3  84    0    0 281 -338  2
4013500 2675500  3 10  7   3.6  971 208  4.2 5  4.4  85    0    3 280 -337  2
4013500 2675500  3 10  8   4.1  971 216  5.3 5  4.4  85   28   44 275 -338  2
4013500 2675500  3 10  9   5.2  971 204  5.3 4  4.5  82   78  109 269 -340  2
4013500 2675500  3 10 10   6.3  972 197  5.1 4  4.6  78  174  158 264 -345  2
4013500 2675500  3 10 11   7.8  971 198  6.1 5  4.7  72  206  211 271 -348  2
4013500 2675500  3 10 12   7.9  970 206  6.2 7  4.7  68   78  264 292 -351  2
4013500 2675500  3 10 13   8.7  970 196  6.1 7  4.7  66    9  213 307 -352  2
4013500 2675500  3 10 14   8.9  969 190  5.3 7  4.6  62    0  161 307 -353  2
4013500 2675500  3 10 15   8.9  969 193  4.6 8  4.4  60    0  122 315 -355  2
4013500 2675500  3 10 16   9.0  969 192  3.9 7  4.4  59    9  146 315 -355  2
4013500 2675500  3 10 17   9.0  969 192  3.8 7  4.2  57   11  102 306 -353  2
4013500 2675500  3 10 18   8.5  968 189  2.7 8  4.1  56   15   40 311 -351  2
4013500 2675500  3 10 19   7.5  967 188  2.5 5  4.1  59    0    0 292 -348  2
4013500 2675500  3 10 20   7.2  967 191  2.5 7  4.1  62    0    0 266 -346  2
4013500 2675500  3 10 21   7.0  967 193  2.6 7  4.2  63    0    0 290 -345  2
4013500 2675500  3 10 22   7.0  968 195  2.6 7  4.2  64    0    0 313 -345  2
4013500 2675500  3 10 23   7.1  968 189  3.3 8  4.2  65    0    0 314 -343  2
4013500 2675500  3 10 24   7.2  967 184  4.1 8  4.3  65    0    0 308 -339  2
4013500 2675500  3 11  1   7.3  977 180  5.1 8  4.4  67    0    0 312 -321  2
4013500 2675500  3 11  2   7.2  977 174  5.8 8  4.5  69    0    0 314 -319  2
4013500 2675500  3 11  3   7.2  977 166  6.2 8  4.6  71    0    0 316 -319  2
4013500 2675500  3 11  4   7.2  977 164  6.0 8  4.7  72    0    0 319 -318  2
4013500 2675500  3 11  5   7.3  977 161  5.6 8  4.7  71    0    0 320 -317  2
4013500 2675500  3 11  6   7.5  978 160  5.5 8  4.7  70    0    0 320 -316  2
4013500 2675500  3 11  7   7.3  978 166  4.4 8  4.7  72    0    1 322 -316  2
4013500 2675500  3 11  8   7.1  979 158  5.0 8  4.9  75    0   29 321 -317  2
4013500 2675500  3 11  9   7.2  979 138  5.1 7  4.9  76    0   63 316 -319  2
4013500 2675500  3 11 10   6.6  980 119  4.5 7  5.1  79    0   80 310 -326  2
4013500 2675500  3 11 11   7.4  980 165  4.1 8  5.1  80    0  110 316 -338  2
4013500 2675500  3 11 12   8.2  981 240  5.1 8  5.0  74    0  114 323 -349  2
4013500 2675500  3 11 13   8.8  981 254  6.1 7  4.9  69    0   92 316 -354  2
4013500 2675500  3 11 14   9.2  981 251  5.8 7  4.4  60    0  113 309 -354  2
4013500 2675500  3 11 15   9.7  981 263  5.7 7  4.0  53    0  120 307 -351  2
4013500 2675500  3 11 16   9.5  981 247  5.5 7  4.0  53    0  100 305 -352  2
4013500 2675500  3 11 17   9.0  981 236  4.0 7  4.2  56    0   73 301 -352  2
4013500 2675500  3 11 18   8.5  981 231  3.4 7  4.2  59    1   29 298 -349  2
4013500 2675500  3 11 19   7.7  981 239  3.0 6  4.3  62    0    0 290 -342  2
4013500 2675500  3 11 20   6.9  981 147  2.1 6  4.2  64    0    0 282 -336  2
4013500 2675500  3 11 21   6.0  982 152  2.0 5  4.2  68    0    0 273 -332  2
4013500 2675500  3 11 22   5.2  982 196  2.4 4  4.2  72    0    0 262 -330  2
4013500 2675500  3 11 23   5.1  982 160  1.8 3  4.2  74    0    0 252 -329  2
4013500 2675500  3 11 24   3.5  981 179  1.8 2  4.1  77    0    0 240 -329  2
4013500 2675500  3 12  1   2.8  981 218  1.9 1  4.0  82    0    0 228 -330  2
4013500 2675500  3 12  2   2.1  981 156  1.8 1  4.0  85    0    0 221 -330  2
4013500 2675500  3 12  3   0.5  981 169  2.1 2  3.8  89    0    0 220 -326  2
4013500 2675500  3 12  4  -0.4  980 165  2.5 3  3.7  94    0    0 223 -321  2
4013500 2675500  3 12  5   0.3  980 187  2.1 2  3.7  95    0    0 222 -318  2
4013500 2675500  3 12  6  -0.5  980 175  2.6 3  3.7  95    0    0 223 -317  2
4013500 2675500  3 12  7  -0.8  979 167  2.8 5  3.6  96    0    3 234 -317  2
4013500 2675500  3 12  8  -0.3  979 159  2.9 4  3.6  96   26   42 239 -317  2
4013500 2675500  3 12  9   1.2  979 178  2.7 3  3.8  93  122   93 232 -318  2
4013500 2675500  3 12 10   4.1  978 179  3.6 3  4.2  88  180  153 231 -327  2
4013500 2675500  3 12 11   7.7  978  90  3.1 3  4.5  76  217  210 240 -340  2
4013500 2675500  3 12 12  10.4  977 175  4.8 3  4.5  60  248  245 248 -353  2
4013500 2675500  3 12 13  11.2  976 167  5.7 4  4.3  52  218  267 258 -364  2
4013500 2675500  3 12 14  12.7  976 168  4.6 3  4.2  47  213  253 261 -373  2
4013500 2675500  3 12 15  13.0  974 183  4.9 4  4.1  43  211  211 265 -377  2
4013500 2675500  3 12 16  13.2  974 147  4.6 3  3.9  40  234  137 265 -376  2
4013500 2675500  3 12 17  13.0  973 148  3.2 2  4.0  41  128   99 255 -371  2
4013500 2675500  3 12 18  11.3  972 139  2.6 2  4.1  45   23   42 246 -363  2
4013500 2675500  3 12 19   9.2  972 143  2.7 2  4.1  51    0    0 240 -355  2
4013500 2675500  3 12 20   8.8  971 154  2.3 3  4.1  55    0    0 246 -349  2
4013500 2675500  3 12 21   7.1  971 130  2.2 5  4.1  59    0    0 263 -345  2
4013500 2675500  3 12 22   7.6  971 111  2.5 6  4.2  63    0    0 279 -342  2
4013500 2675500  3 12 23   6.1  971 182  1.5 4  4.1  64    0    0 273 -339  2
4013500 2675500  3 12 24   5.7  971 168  2.0 6  4.1  68    0    0 271 -338  2
4013500 2675500  3 13  1   5.2  971 143  2.3 7  4.1  70    0    0 286 -337  2
4013500 2675500  3 13  2   5.2  971 160  1.3 7  4.2  72    0    0 293 -336  2
4013500 2675500  3 13  3   4.8  971 122  1.7 7  4.1  73    0    0 294 -335  2
4013500 2675500  3 13  4   5.6  971  62  2.2 7  4.2  73    0    0 296 -335  2
4013500 2675500  3 13  5   7.5  971 146  1.4 7  4.3  68    0    0 302 -335  2
4013500 2675500  3 13  6   7.0  971 130  2.6 8  4.3  65    0    0 310 -335  2
4013500 2675500  3 13  7   6.5  972 230  3.0 7  4.5  70    0    2 310 -334  2
4013500 2675500  3 13  8   6.7  972 161  2.8 7  4.6  73    0   28 306 -334  2
4013500 2675500  3 13  9   6.7  972 160  2.7 8  4.8  75    0   84 312 -338  2
4013500 2675500  3 13 10   9.5  972  88  3.1 8  5.1  72   25  177 321 -345  2
4013500 2675500  3 13 11  11.0  972 119  2.9 8  5.2  64   23  220 328 -355  2
4013500 2675500  3 13 12  12.6  972 105  4.1 7  5.2  58   49  266 326 -368  2
4013500 2675500  3 13 13  12.9  972 152  2.8 6  5.2  55   34  264 319 -380  2
4013500 2675500  3 13 14  13.8  972 155  2.2 5  5.2  53  191  261 310 -388  2
4013500 2675500  3 13 15  14.6  971 206  1.3 6  5.1  48   85  241 311 -393  2
4013500 2675500  3 13 16  14.2  971 166  2.5 6  5.0  46    8  151 314 -394  2
4013500 2675500  3 13 17  13.9  971 208  1.4 7  5.1  49    4   93 318 -388  2
4013500 2675500  3 13 18  12.9  971 273  2.1 7  5.3  54    0   24 321 -377  2
4013500 2675500  3 13 19  11.6  971 227  1.6 8  5.5  60    0    0 321 -367  2
4013500 2675500  3 13 20  11.2  972 289  1.3 8  5.5  63    0    0 322 -359  2
4013500 2675500  3 13 21  10.5  973 284  1.4 7  5.5  66    0    0 315 -353  2
4013500 2675500  3 13 22   9.6  973 236  1.1 7  5.7  71    0    0 307 -349  2
4013500 2675500  3 13 23   9.3  972 219  1.3 8  5.7  75    0    0 309 -345  2
4013500 2675500  3 13 24   8.4  973 339  0.3 7  5.8  79    0    0 306 -341  2
4013500 2675500  3 14  1   7.8  974 205  0.7 7  6.0  86    0    0 302 -336  2
4013500 2675500  3 14  2   7.8  974 255  1.3 7  6.1  90    0    0 301 -335  2
4013500 2675500  3 14  3   7.4  974 322  0.9 8  6.2  92    0    0 307 -335  2
4013500 2675500  3 14  4   7.3  975 300  1.2 8  6.3  95    0    0 312 -335  2
4013500 2675500  3 14  5   7.5  975 311  1.6 8  6.4  96    0    0 315 -335  2
4013500 2675500  3 14  6   7.3  976 295  1.3 8  6.5  98    0    0 315 -338  2
4013500 2675500  3 14  7   7.1  977 297  1.1 8  6.5  99    0    3 314 -342  2
4013500 2675500  3 14  8   7.5  977 258  1.0 8  6.5  98    0   16 315 -345  2
4013500 2675500  3 14  9   8.1  978 290  1.3 7  6.6  96    0   61 311 -349  2
4013500 2675500  3 14 10   9.1  979 274  1.7 6  6.9  95   10  133 302 -357  2
4013500 2675500  3 14 11  10.2  979 253  2.1 7  7.1  92   13  170 306 -366  2
4013500 2675500  3 14 12  10.6  980 232  2.3 7  7.1  87    0  162 315 -377  2
4013500 2675500  3 14 13  11.4  980 205  2.3 7  7.1  84    0  122 317 -384  2
4013500 2675500  3 14 14  11.2  980 199  2.7 7  7.1  82    0  144 320 -389  2
4013500 2675500  3 14 15  11.8  980 227  2.1 8  7.0  80    0   90 328 -388  2
4013500 2675500  3 14 16  11.1  980 217  1.2 8  6.9  80    0   41 333 -385  2
4013500 2675500  3 14 17  11.0  980 169  0.9 8  7.0  83    0   55 333 -381  2
4013500 2675500  3 14 18  10.6  981 172  0.7 8  7.0  84    6   33 334 -374  2
4013500 2675500  3 14 19  10.1  981  79  0.9 7  7.0  86    0    0 328 -368  2
4013500 2675500  3 14 20   9.7  982  53  0.7 7  7.0  89    0    0 323 -363  2
4013500 2675500  3 14 21   9.1  982  40  1.4 8  6.9  90    0    0 326 -361  2
4013500 2675500  3 14 22   8.8  982  63  0.9 8  6.7  92    0    0 329 -359  2
4013500 2675500  3 14 23   8.4  983  51  1.3 8  6.7  93    0    0 328 -357  2
4013500 2675500  3 14 24   8.2  983  45  1.2 8  6.6  93    0    0 328 -356  2
4013500 2675500  3 15  1   7.7  983  71  1.4 6  6.4  94    0    0 318 -356  2
4013500 2675500  3 15  2   7.6  983  57  1.2 7  6.3  94    0    0 314 -356  2
4013500 2675500  3 15  3   7.4  983  65  0.7 7  6.3  95    0    0 320 -356  2
4013500 2675500  3 15  4   7.2  983  32  0.2 8  6.3  95    0    0 324 -355  2
4013500 2675500  3 15  5   7.0  983 122  0.3 8  6.2  96    0    0 329 -355  2
4013500 2675500  3 15  6   6.4  983  78  1.4 8  6.2  98    0    0 329 -354  2
4013500 2675500  3 15  7   7.1  983  88  1.0 8  6.2  98    0    8 330 -354  2
4013500 2675500  3 15  8   7.6  983 126  0.8 8  6.4  97    3   46 334 -354  2
4013500 2675500  3 15  9   8.3  983  79  2.4 7  6.7  97   13  115 331 -355  2
4013500 2675500  3 15 10   9.5  983  83  4.4 5  6.9  94  135  186 317 -359  2
4013500 2675500  3 15 11  11.0  983  92  5.2 3  6.9  86  258  208 298 -367  2
4013500 2675500  3 15 12  11.4  982  84  5.5 3  6.9  80  302  233 291 -378  2
4013500 2675500  3 15 13  12.2  982  71  6.1 4  6.9  78  243  269 297 -386  2
4013500 2675500  3 15 14  13.6  982  69  6.4 3  6.8  71  261  248 300 -391  2
4013500 2675500  3 15 15  13.4  981  57  7.9 1  6.5  66  313  185 284 -391  2
4013500 2675500  3 15 16  12.7  981  48  8.4 2  6.4  66  222  153 275 -387  2
4013500 2675500  3 15 17  12.2  980  54  8.4 1  6.2  67  126  106 272 -380  2
4013500 2675500  3 15 18  10.9  979  47  9.2 3  6.1  69   28   47 275 -371  2
4013500 2675500  3 15 19  10.1  980  47  8.3 4  6.0  73    0    0 289 -362  2
4013500 2675500  3 15 20   9.1  981  50  8.0 4  5.9  76    0    0 291 -356  2
4013500 2675500  3 15 21   8.5  981  62  6.6 6  5.8  80    0    0 298 -353  2
4013500 2675500  3 15 22   7.8  981  64  7.4 7  5.7  82    0    0 314 -353  2
4013500 2675500  3 15 23   7.5  981  50  7.7 7  5.6  83    0    0 319 -353  2
4013500 2675500  3 15 24   7.1  981  51  5.9 7  5.5  84    0    0 316 -352  2
4013500 2675500  3 16  1   6.7  981  64  6.6 8  5.5  85    0    0 322 -352  2
4013500 2675500  3 16  2   6.4  980  65  7.0 8  5.5  87    0    0 330 -352  2
4013500 2675500  3 16  3   6.0  980  60  6.9 8  5.4  89    0    0 331 -352  2
4013500 2675500  3 16  4   5.6  979  38  7.3 8  5.4  91    0    0 331 -351  2
4013500 2675500  3 16  5   5.2  979  43  6.6 8  5.4  93    0    0 330 -350  2
4013500 2675500  3 16  6   4.7  979  44  3.0 8  5.3  96    0    0 330 -348  2
4013500 2675500  3 16  7   4.3  978  35  3.6 8  5.2  96    0    3 329 -348  2
4013500 2675500  3 16  8   4.1  978  54  5.5 7  5.1  96    0   30 314 -348  2
4013500 2675500  3 16  9   3.9  977  71  5.2 8  5.1  97    0   79 313 -351  2
4013500 2675500  3 16 10   4.4  977  60  4.2 7  5.1  96    4  133 315 -354  2
4013500 2675500  3 16 11   3.9  977  76  4.8 7  5.1  96    6  175 312 -358  2
4013500 2675500  3 16 12   4.2  977  72  6.3 7  5.0  96    0  165 316 -364  2
4013500 2675500  3 16 13   4.1  976  59  6.6 8  5.0  94    0  123 323 -366  2
4013500 2675500  3 16 14   3.8  975  48  6.4 7  4.9  94    0  144 324 -365  2
4013500 2675500  3 16 15   3.7  975  52  5.6 6  4.9  94    0  116 315 -364  2
4013500 2675500  3 16 16   3.6  974  56  6.9 7  4.9  95    0   79 315 -362  2
4013500 2675500  3 16 17   3.6  974  44  5.7 7  4.9  96    4   84 320 -360  2
4013500 2675500  3 16 18   3.7  973  50  6.5 8  4.9  96    0   25 325 -358  2
4013500 2675500  3 16 19   3.7  973  50  7.1 8  5.0  96    0    0 330 -356  2
4013500 2675500  3 16 20   3.9  973  56  6.5 8  5.0  97    0    0 331 -354  2
4013500 2675500  3 16 21   4.2  972  53  6.9 8  5.1  97    0    0 330 -351  2
4013500 2675500  3 16 22   4.4  972  53  6.5 8  5.2  97    0    0 331 -349  2
4013500 2675500  3 16 23   4.7  972  53  5.0 8  5.4  98    0    0 332 -347  2
4013500 2675500  3 16 24   4.3  971  68  3.6 7  5.4  99    0    0 326 -346  2
4013500 2675500  3 17  1   4.6  971 324  3.5 7  5.5 100    0    0 319 -344  2
4013500 2675500  3 17  2   5.7  970  40  3.4 6  5.7 100    0    0 315 -343  2
4013500 2675500  3 17  3   5.8  970  37  4.3 6  5.9  99    0    0 307 -342  2
4013500 2675500  3 17  4   5.8  969  46  4.6 6  6.0 100    0    0 303 -341  2
4013500 2675500  3 17  5   5.7  969  40  5.0 7  6.0 100    0    0 312 -341  2
4013500 2675500  3 17  6   5.6  969  38  3.5 8  5.9  99    0    0 328 -341  2
4013500 2675500  3 17  7   5.4  969  28  3.9 8  5.9 100    0    0 333 -341  2
4013500 2675500  3 17  8   5.5  969  18  4.0 6  5.8  99    8   55 323 -341  2
4013500 2675500  3 17  9   5.1  969  17  4.1 8  5.7  99    0   28 321 -340  2
4013500 2675500  3 17 10   5.2  969   6  3.5 8  5.7 100    0   51 331 -340  2
4013500 2675500  3 17 11   5.2  969 352  3.2 8  5.8 100    0   78 331 -339  2
4013500 2675500  3 17 12   5.4  969   9  3.5 7  5.7  99    0   86 324 -338  2
4013500 2675500  3 17 13   5.4  970 352  3.1 7  5.7  98    0   98 317 -338  2
4013500 2675500  3 17 14   5.4  970 347  2.6 8  5.7  97    0  100 324 -337  2
4013500 2675500  3 17 15   5.5  970 314  3.3 7  5.6  95    0   97 325 -336  2
4013500 2675500  3 17 16   5.1  970 317  3.5 7  5.5  96    0   71 320 -336  2
4013500 2675500  3 17 17   4.8  971 326  3.8 7  5.4  96    0   40 320 -336  2
4013500 2675500  3 17 18   4.3  972 318  3.2 8  5.2  94    0   18 324 -336  2
4013500 2675500  3 17 19   4.0  972 325  2.9 8  5.1  96    0    0 328 -335  2
4013500 2675500  3 17 20   3.8  973 310  2.8 8  5.0  96    0    0 327 -335  2
4013500 2675500  3 17 21   3.8  974 300  2.5 8  4.9  95    0    0 326 -335  2
4013500 2675500  3 17 22   3.6  975 301  3.2 8  4.9  95    0    0 325 -336  2
4013500 2675500  3 17 23   3.5  976 296  3.5 7  4.9  96    0    0 317 -336  2
4013500 2675500  3 17 24   3.9  976 297  3.7 7  5.0  97    0    0 310 -337  2
4013500 2675500  3 18  1   4.3  976 300  3.9 8  5.1  97    0    0 319 -337  2
4013500 2675500  3 18  2   4.9  977 304  3.8 7  5.2  96    0    0 320 -338  2
4013500 2675500  3 18  3   5.2  978 297  3.7 8  5.4  95    0    0 322 -338  2
4013500 2675500  3 18  4   5.4  978 298  3.9 8  5.4  95    0    0 330 -337  2
4013500 2675500  3 18  5   5.3  979 303  3.7 8  5.4  95    0    0 329 -336  2
4013500 2675500  3 18  6   5.3  979 291  3.8 8  5.3  93    0    0 327 -335  2
4013500 2675500  3 18  7   5.2  980 295  4.8 8  5.2  91    0    8 326 -335  2
4013500 2675500  3 18  8   4.7  982 287  5.1 7  5.1  91    0   33 317 -335  2
4013500 2675500  3 18  9   4.4  981 285  4.8 8  5.0  93    0   53 314 -337  2
4013500 2675500  3 18 10   4.3  982 276  4.6 7  4.9  92    0   80 311 -341  2
4013500 2675500  3 18 11   4.7  983 282  4.4 7  4.9  91    0   77 304 -347  2
4013500 2675500  3 18 12   4.6  983 345  4.3 8  4.8  88    0   78 310 -352  2
4013500 2675500  3 18 13   4.9  984 296  3.7 8  4.7  86    0   72 315 -359  2
4013500 2675500  3 18 14   4.9  984 279  3.5 8  4.7  84    0   69 313 -360  2
4013500 2675500  3 18 15   4.5  985 296  4.0 7  4.6  84    0   67 305 -358  2
4013500 2675500  3 18 16   4.7  985 323  4.7 6  4.5  83    0   79 292 -357  2
4013500 2675500  3 18 17   5.0  986 283  2.6 7  4.4  80    0   72 293 -352  2
4013500 2675500  3 18 18   4.8  986 237  1.5 8  4.3  78   19   30 304 -347  2
4013500 2675500  3 18 19   4.7  986 253  0.9 8  4.3  78    0    0 310 -342  2
4013500 2675500  3 18 20   4.5  987 237  1.5 8  4.3  80    0    0 312 -337  2
4013500 2675500  3 18 21   4.1  987 245  1.7 8  4.4  83    0    0 312 -335  2
4013500 2675500  3 18 22   3.9  988 259  1.9 8  4.4  84    0    0 311 -331  2
4013500 2675500  3 18 23   3.8  988 272  1.2 7  4.3  85    0    0 305 -326  2
4013500 2675500  3 18 24   3.3  988 341  0.5 7  4.4  87    0    0 297 -320  2
4013500 2675500  3 19  1   3.5  989 312  1.1 7  4.4  88    0    0 293 -318  2
4013500 2675500  3 19  2   3.0  989 342  1.0 8  4.4  90    0    0 294 -318  2
4013500 2675500  3 19  3   2.9  989 297  1.0 7  4.4  92    0    0 292 -316  2
4013500 2675500  3 19  4   2.4  989 327  1.2 6  4.4  93    0    0 281 -313  2
4013500 2675500  3 19  5   2.2  990 336  1.8 6  4.3  93    0    0 274 -311  2
4013500 2675500  3 19  6   1.8  990 349  1.2 7  4.2  94    0    0 276 -310  2
4013500 2675500  3 19  7   1.4  991 347  2.2 8  4.1  95    0    1 283 -310  2
4013500 2675500  3 19  8   1.9  992   1  2.3 8  4.1  94    1   40 289 -311  2
4013500 2675500  3 19  9   2.5  993  22  3.7 6  4.1  90   37  132 282 -314  2
4013500 2675500  3 19 10   2.8  993  18  3.8 6  3.9  84  106  195 274 -319  2
4013500 2675500  3 19 11   4.7  994 356  3.6 5  3.9  77  340  160 272 -328  2
4013500 2675500  3 19 12   6.0  995  18  4.4 2  3.8  67  496  116 253 -338  2
4013500 2675500  3 19 13   6.7  995  24  4.9 3  3.4  57  384  197 246 -346  2
4013500 2675500  3 19 14   7.6  995  30  4.3 3  3.2  50  312  218 254 -347  2
4013500 2675500  3 19 15   7.8  994  34  4.7 1  3.1  46  399  125 249 -346  2
4013500 2675500  3 19 16   7.8  994  34  3.2 0  2.8  42  316  103 237 -346  2
4013500 2675500  3 19 17   7.7  995  19  3.7 0  2.7  40  181   87 233 -343  2
4013500 2675500  3 19 18   6.8  995  17  2.9 0  2.8  44   49   47 233 -337  2
4013500 2675500  3 19 19   5.5  995  15  2.3 0  3.0  50    0    0 229 -331  2
4013500 2675500  3 19 20   4.2  996 355  2.5 0  2.9  52    0    0 223 -326  2
4013500 2675500  3 19 21   2.7  997   2  1.9 0  2.7  55    0    0 218 -322  2
4013500 2675500  3 19 22   2.4  998 352  1.0 1  2.7  57    0    0 219 -319  2
4013500 2675500  3 19 23   1.1  997 353  0.9 1  2.6  60    0    0 219 -317  2
4013500 2675500  3 19 24  -0.9  997 248  1.3 0  2.7  71    0    0 210 -316  2
4013500 2675500  3 20  1  -1.0  997 152  1.0 1  2.8  79    0    0 206 -314  2
4013500 2675500  3 20  2  -1.8  997 359  0.9 0  2.8  82    0    0 203 -312  2
4013500 2675500  3 20  3  -2.3  997 304  1.1 0  2.8  86    0    0 196 -311  2
4013500 2675500  3 20  4  -2.6  998 253  1.5 0  2.8  87    0    0 193 -311  2
4013500 2675500  3 20  5  -3.1  997 339  1.0 0  2.8  88    0    0 192 -311  2
4013500 2675500  3 20  6  -3.2  997 310  1.0 0  2.7  90    0    0 191 -311  2
4013500 2675500  3 20  7  -3.6  998 304  0.8 0  2.7  91    7   12 192 -311  2
4013500 2675500  3 20  8  -1.9  998 281  0.8 0  2.9  91   86   48 195 -312  2
4013500 2675500  3 20  9   0.3  998 267  0.6 0  3.0  84  244   58 203 -315  2
4013500 2675500  3 20 10   2.7  998 265  1.3 0  3.2  75  391   63 211 -321  2
4013500 2675500  3 20 11   5.3  998 255  1.3 1  3.2  63  499   68 222 -331  2
4013500 2675500  3 20 12   6.5  998 281  1.6 1  3.1  53  567   70 230 -344  2
4013500 2675500  3 20 13   7.1  998 353  2.0 1  3.0  48  443  160 232 -357  2
4013500 2675500  3 20 14   8.2  997 135  1.8 1  3.0  45  386  175 236 -364  2
4013500 2675500  3 20 15   8.6  997  28  1.9 2  3.0  44  417  106 245 -367  2
4013500 2675500  3 20 16   8.7  996 119  1.9 3  3.1  44  263  122 256 -360  2
4013500 2675500  3 20 17   8.5  996   3  1.1 3  3.0  42  182   80 260 -350  2
4013500 2675500  3 20 18   7.7  996  37  1.9 4  3.0  44   48   46 263 -345  2
4013500 2675500  3 20 19   5.7  996  45  0.9 1  3.2  51    0    0 252 -340  2
4013500 2675500  3 20 20   4.4  997  96  1.0 1  3.2  58    0    0 233 -334  2
4013500 2675500  3 20 21   3.0  997 117  0.8 0  3.2  65    0    0 227 -330  2
4013500 2675500  3 20 22   1.7  998 133  0.8 0  3.3  72    0    0 223 -327  2
4013500 2675500  3 20 23   1.0  997 128  1.0 2  3.3  76    0    0 225 -324  2
4013500 2675500  3 20 24   0.7  998 119  1.4 3  3.3  79    0    0 226 -321  2
4013500 2675500  3 21  1   0.7  991 106  1.8 5  3.3  79    0    0 287 -337  2
4013500 2675500  3 21  2   0.9  991  95  2.2 7  3.3  79    0    0 287 -339  2
4013500 2675500  3 21  3   1.1  991  80  2.7 8  3.3  78    0    0 287 -337  2
4013500 2675500  3 21  4   1.0  991  76  2.9 8  3.3  79    0    0 288 -332  2
4013500 2675500  3 21  5   0.9  991  73  3.3 8  3.3  80    0    0 284 -327  2
4013500 2675500  3 21  6   0.7  991  69  3.8 8  3.4  82    0    0 283 -323  2
4013500 2675500  3 21  7   0.3  991  88  4.4 8  3.4  84    0    2 288 -322  2
4013500 2675500  3 21  8   1.0  992  98  4.1 8  3.4  83    0   46 289 -324  2
4013500 2675500  3 21  9   1.3  992 111  2.9 7  3.3  79    3  115 285 -332  2
4013500 2675500  3 21 10   2.1  992  92  4.5 7  3.2  73   16  197 281 -343  2
4013500 2675500  3 21 11   3.4  992  96  4.7 5  3.1  66  148  272 273 -353  2
4013500 2675500  3 21 12   5.2  992  73  4.6 3  3.1  59  393  215 255 -358  2
4013500 2675500  3 21 13   6.4  992  76  4.4 1  3.0  52  445  209 238 -362  2
4013500 2675500  3 21 14   7.0  991  75  3.7 1  3.0  48  431  202 231 -366  2
4013500 2675500  3 21 15   6.9  991  71  3.8 1  3.0  48  374  184 234 -366  2
4013500 2675500  3 21 16   7.0  990  85  6.1 1  3.0  48  280  156 235 -364  2
4013500 2675500  3 21 17   5.9  990  65  5.0 0  3.0  49  168  115 229 -359  2
4013500 2675500  3 21 18   4.0  990  69  5.0 0  2.9  53   58   62 221 -351  2
4013500 2675500  3 21 19   2.2  991  54  4.5 0  2.7  56    3   10 216 -343  2
4013500 2675500  3 21 20   1.1  991  87  3.7 0  2.5  57    0    0 211 -334  2
4013500 2675500  3 21 21   0.9  992 102  2.3 0  2.4  59    0    0 208 -327  2
4013500 2675500  3 21 22  -0.5  991  86  1.7 0  2.4  61    0    0 206 -320  2
4013500 2675500  3 21 23  -1.1  992  23  1.0 0  2.3  64    0    0 203 -317  2
4013500 2675500  3 21 24  -1.8  992  72  0.7 0  2.3  66    0    0 200 -316  2
4013500 2675500  3 22  1  -2.4  992  58  0.4 0  2.2  68    0    0 197 -315  2
4013500 2675500  3 22  2  -2.8  992 128  1.1 0  2.2  69    0    0 195 -313  2
4013500 2675500  3 22  3  -3.0  992 155  0.6 0  2.1  68    0    0 193 -310  2
4013500 2675500  3 22  4  -3.6  992 144  1.3 0  2.1  70    0    0 191 -310  2
4013500 2675500  3 22  5  -4.2  992 160  0.8 0  2.1  73    0    0 188 -309  2
4013500 2675500  3 22  6  -4.4  992 141  1.2 0  2.1  73    0    0 185 -309  2
4013500 2675500  3 22  7  -3.5  992 151  0.8 1  2.0  70    3   11 189 -309  2
4013500 2675500  3 22  8  -1.5  993 152  1.2 1  2.1  64   85   52 196 -309  2
4013500 2675500  3 22  9  -0.3  993  91  1.5 0  2.2  60  215   82 196 -313  2
4013500 2675500  3 22 10   2.5  993  52  1.6 0  2.1  51  370   80 196 -321  2
4013500 2675500  3 22 11   4.7  993  76  2.0 0  1.9  39  492   79 202 -333  2
4013500 2675500  3 22 12   6.4  993 103  1.8 0  1.8  32  563   80 208 -350  2
4013500 2675500  3 22 13   8.1  993  24  1.2 0  1.8  28  582   82 215 -366  2
4013500 2675500  3 22 14   8.8  993 247  1.1 1  1.8  26  552   82 223 -375  2
4013500 2675500  3 22 15  10.0  992 162  1.0 2  1.9  26  474   84 232 -378  2
4013500 2675500  3 22 16  10.4  992 101  5.2 2  1.9  24  348   85 237 -375  2
4013500 2675500  3 22 17   9.8  991  98  5.3 2  2.0  25  214   70 236 -366  2
4013500 2675500  3 22 18   8.3  991 120  4.4 1  2.1  28   80   47 232 -352  2
4013500 2675500  3 22 19   5.9  991 143  2.7 1  2.1  32    5   10 225 -339  2
4013500 2675500  3 22 20   5.3  991 130  2.1 1  2.0  35    0    0 221 -329  2
4013500 2675500  3 22 21   3.0  992 152  1.2 0  2.0  39    0    0 214 -322  2
4013500 2675500  3 22 22   1.7  992 130  1.6 0  2.0  45    0    0 207 -318  2
4013500 2675500  3 22 23   0.7  992 152  1.2 0  2.1  49    0    0 204 -316  2
4013500 2675500  3 22 24  -0.2  991 142  0.7 0  2.1  52    0    0 202 -315  2
4013500 2675500  3 23  1  -1.7  991 130  1.0 0  2.1  57    0    0 199 -313  2
4013500 2675500  3 23  2  -2.0  991 139  0.8 0  2.1  62    0    0 197 -311  2
4013500 2675500  3 23  3  -2.8  992 138  0.9 0  2.1  64    0    0 197 -310  2
4013500 2675500  3 23  4  -2.2  992 163  0.5 0  2.1  64    0    0 197 -309  2
4013500 2675500  3 23  5  -3.0  992 154  0.4 0  2.0  64    0    0 197 -309  2
4013500 2675500  3 23  6  -3.5  992 151  0.2 0  2.0  67    0    0 197 -309  2
4013500 2675500  3 23  7  -3.1  992 167  1.2 0  2.0  67    6   13 197 -308  2
4013500 2675500  3 23  8  -0.7  993 163  1.3 0  2.1  62   90   55 201 -308  2
4013500 2675500  3 23  9   1.8  993 168  1.2 0  2.2  54  220   83 207 -312  2
4013500 2675500  3 23 10   4.5  994 122  1.6 0  2.2  46  380   78 214 -320  2
4013500 2675500  3 23 11   7.3  993 104  1.4 0  2.2  37  493   79 220 -333  2
4013500 2675500  3 23 12   9.5  993 131  1.8 0  2.1  30  569   77 227 -350  2
4013500 2675500  3 23 13  10.9  993 124  1.6 0  2.1  27  584   81 233 -367  2
4013500 2675500  3 23 14  13.4  992 154  2.1 0  2.1  24  551   83 239 -376  2
4013500 2675500  3 23 15  13.7  992 180  2.0 0  2.1  21  489   78 243 -381  2
4013500 2675500  3 23 16  14.2  991 191  2.0 0  2.0  20  372   76 244 -381  2
4013500 2675500  3 23 17  14.2  991 172  1.9 0  1.9  19  229   67 245 -374  2
4013500 2675500  3 23 18  12.7  991 168  1.4 0  2.0  21   85   48 244 -362  2
4013500 2675500  3 23 19  10.3  991 176  0.5 0  2.1  24    4   11 240 -349  2
4013500 2675500  3 23 20   8.7  992 359  0.2 0  2.1  28    0    0 234 -338  2
4013500 2675500  3 23 21   6.6  991  82  0.2 0  2.2  33    0    0 230 -331  2
4013500 2675500  3 23 22   4.1  992  48  1.7 0  2.3  40    0    0 225 -327  2
4013500 2675500  3 23 23   3.2  992  52  1.6 0  2.3  46    0    0 221 -323  2
4013500 2675500  3 23 24   1.8  992  30  1.5 0  2.3  50    0    0 218 -321  2
4013500 2675500  3 24  1  -0.2  992  27  1.9 0  2.4  58    0    0 214 -320  2
4013500 2675500  3 24  2  -1.1  992 148  2.3 0  2.4  65    0    0 211 -318  2
4013500 2675500  3 24  3  -0.5  991  68  1.9 0  2.4  66    0    0 210 -317  2
4013500 2675500  3 24  4  -1.6  991  43  2.6 0  2.4  66    0    0 211 -317  2
4013500 2675500  3 24  5  -2.3  991  53  2.2 0  2.4  71    0    0 208 -316  2
4013500 2675500  3 24  6  -2.0  991  50  2.7 0  2.3  71    0    0 208 -316  2
4013500 2675500  3 24  7  -0.1  991  81  2.5 0  2.3  65    4   14 209 -314  2
4013500 2675500  3 24  8  -0.4  992  93  1.6 0  2.5  66   90   59 212 -314  2
4013500 2675500  3 24  9   3.5  992 137  2.2 0  2.7  62  213   93 215 -317  2
4013500 2675500  3 24 10   7.3  992 125  2.2 0  2.8  50  353   99 224 -329  2
4013500 2675500  3 24 11  11.9  992 166  1.9 0  2.9  38  464  105 234 -348  2
4013500 2675500  3 24 12  14.9  991 186  1.8 0  2.9  30  524  113 245 -366  2
4013500 2675500  3 24 13  15.7  990 228  3.1 0  3.0  28  550  112 252 -383  2
4013500 2675500  3 24 14  16.4  990 253  3.3 0  3.0  26  519  113 255 -394  2
4013500 2675500  3 24 15  17.2  990 244  3.5 0  2.9  24  455  106 258 -397  2
4013500 2675500  3 24 16  17.3  989 240  3.1 0  2.9  23  341   99 259 -396  2
4013500 2675500  3 24 17  16.7  989 254  3.5 0  2.9  24  213   81 258 -389  2
4013500 2675500  3 24 18  14.8  989 248  2.7 0  3.0  27   79   54 255 -378  2
4013500 2675500  3 24 19  12.4  988 194  2.0 0  3.1  31    6   11 249 -364  2
4013500 2675500  3 24 20  11.3  989 108  1.5 0  3.1  35    0    0 244 -352  2
4013500 2675500  3 24 21   8.3  989 109  1.6 0  3.2  42    0    0 240 -345  2
4013500 2675500  3 24 22   6.3  990  72  0.9 0  3.3  51    0    0 234 -342  2
4013500 2675500  3 24 23   5.4  989  70  1.9 0  3.4  58    0    0 231 -338  2
4013500 2675500  3 24 24   4.4  989  49  2.0 0  3.5  64    0    0 230 -335  2
4013500 2675500  3 25  1   4.4  989 140  2.2 2  3.5  66    0    0 235 -333  2
4013500 2675500  3 25  2   4.5  988 150  2.9 3  3.5  66    0    0 242 -332  2
4013500 2675500  3 25  3   3.5  988 120  2.1 2  3.5  68    0    0 242 -330  2
4013500 2675500  3 25  4   4.3  988 105  2.2 3  3.7  71    0    0 243 -329  2
4013500 2675500  3 25  5   5.5  988 156  2.0 5  3.8  69    0    0 252 -327  2
4013500 2675500  3 25  6   5.7  987 138  1.8 5  3.8  66    0    0 258 -327  2
4013500 2675500  3 25  7   5.0  987 125  2.2 6  3.9  68    0    6 259 -326  2
4013500 2675500  3 25  8   4.9  988 124  2.3 7  3.9  71    0   51 262 -329  2
4013500 2675500  3 25  9   6.4  988  41  3.0 7  4.0  69    0  110 265 -335  2
4013500 2675500  3 25 10   8.7  988  42  2.0 7  4.2  63    0  144 268 -346  2
4013500 2675500  3 25 11   9.8  988  20  1.8 7  4.4  59    0  169 274 -359  2
4013500 2675500  3 25 12  12.8  988 330  0.3 5  4.8  56  102  309 276 -374  2
4013500 2675500  3 25 13  13.7  987 307  2.0 3  5.0  52  321  275 271 -392  2
4013500 2675500  3 25 14  15.1  987 314  2.6 5  5.0  48  222  295 274 -405  2
4013500 2675500  3 25 15  16.6  987 307  2.9 4  5.1  44  248  244 283 -407  2
4013500 2675500  3 25 16  16.0  986 319  2.9 5  5.2  44  110  220 285 -405  2
4013500 2675500  3 25 17  15.0  986 329  2.6 6  5.2  46   64  120 289 -397  2
4013500 2675500  3 25 18  13.7  986   5  2.9 5  5.1  48   36   72 285 -386  2
4013500 2675500  3 25 19  11.6  985   1  1.5 5  5.0  53    1   13 276 -373  2
4013500 2675500  3 25 20  10.9  985  69  0.9 4  5.0  58    0    0 268 -360  2
4013500 2675500  3 25 21  10.1  986  74  1.2 5  5.0  62    0    0 267 -350  2
4013500 2675500  3 25 22   9.9  986  79  1.1 6  5.1  64    0    0 276 -346  2
4013500 2675500  3 25 23   8.9  986  98  1.0 6  5.1  67    0    0 280 -345  2
4013500 2675500  3 25 24   8.2  986 101  0.9 5  5.0  71    0    0 273 -343  2
4013500 2675500  3 26  1   8.5  986  89  0.7 7  5.1  72    0    0 278 -342  2
4013500 2675500  3 26  2   8.0  986  64  1.0 7  5.3  76    0    0 291 -342  2
4013500 2675500  3 26  3   6.4  986  62  0.7 4  5.5  84    0    0 271 -341  2
4013500 2675500  3 26  4   5.2  986  52  0.6 4  5.3  91    0    0 251 -340  2
4013500 2675500  3 26  5   5.7  985  52  0.2 3  5.3  92    0    0 247 -339  2
4013500 2675500  3 26  6   4.7  985  47  0.2 2  5.1  90    0    0 238 -338  2
4013500 2675500  3 26  7   2.9  985  35  0.7 2  4.8  94    0   11 229 -337  2
4013500 2675500  3 26  8   4.7  986  26  0.4 5  4.8  94   21   81 245 -339  2
4013500 2675500  3 26  9   7.0  986  34  0.6 5  5.3  90   87  159 268 -347  2
4013500 2675500  3 26 10  10.2  986 100  1.6 5  5.8  81  150  227 278 -359  2
4013500 2675500  3 26 11  12.1  986 110  1.6 4  5.9  69  257  252 280 -372  2
4013500 2675500  3 26 12  13.7  985 123  2.3 4  5.6  59  263  288 281 -385  2
4013500 2675500  3 26 13  14.5  986 105  2.5 4  5.5  53  208  320 287 -396  2
4013500 2675500  3 26 14  14.9  985 126  2.1 4  5.4  51  199  305 293 -403  2
4013500 2675500  3 26 15  15.4  985 137  2.4 5  5.4  49  149  276 302 -405  2
4013500 2675500  3 26 16  14.7  984  95  3.1 6  5.3  48   82  219 313 -405  2
4013500 2675500  3 26 17  14.4  984 107  3.0 5  5.4  51   70  149 312 -399  2
4013500 2675500  3 26 18  13.4  984 112  2.5 6  5.3  52   24   71 311 -390  2
4013500 2675500  3 26 19  11.9  983 121  1.3 6  5.3  56    0   10 312 -381  2
4013500 2675500  3 26 20  10.6  983  63  1.8 6  5.3  62    0    0 308 -373  2
4013500 2675500  3 26 21  10.2  984  94  2.2 6  5.3  65    0    0 306 -368  2
4013500 2675500  3 26 22   8.3  984 126  1.9 5  5.3  70    0    0 297 -366  2
4013500 2675500  3 26 23   8.1  984  76  1.4 5  5.4  77    0    0 291 -363  2
4013500 2675500  3 26 24   7.5  984  48  1.1 4  5.4  80    0    0 285 -361  2
4013500 2675500  3 27  1   7.3  984  89  0.7 3  5.4  82    0    0 274 -360  2
4013500 2675500  3 27  2   6.4  984 104  1.0 4  5.5  86    0    0 272 -358  2
4013500 2675500  3 27  3   5.9  984 164  0.6 6  5.5  90    0    0 285 -356  2
4013500 2675500  3 27  4   6.2  983  26  1.3 7  5.4  90    0    0 301 -356  2
4013500 2675500  3 27  5   5.4  983 356  0.7 6  5.3  90    0    0 300 -356  2
4013500 2675500  3 27  6   5.3  983  47  0.9 8  5.4  94    0    0 304 -357  2
4013500 2675500  3 27  7   5.4  983  98  1.2 7  5.6  98    0    3 310 -357  2
4013500 2675500  3 27  8   6.4  984  43  0.9 8  5.9  99    0   53 311 -358  2
4013500 2675500  3 27  9   7.2  983  83  0.7 6  6.2  97    4  131 309 -363  2
4013500 2675500  3 27 10   8.6  983 129  1.2 4  6.4  94  106  257 292 -372  2
4013500 2675500  3 27 11  11.7  983 147  0.6 3  6.8  86  273  275 285 -381  2
4013500 2675500  3 27 12  13.7  984 167  1.6 2  7.0  74  346  286 284 -391  2
4013500 2675500  3 27 13  14.6  983 176  1.5 2  6.9  66  370  290 283 -398  2
4013500 2675500  3 27 14  16.3  982 207  1.4 2  6.6  59  320  297 286 -401  2
4013500 2675500  3 27 15  16.5  982 296  1.3 3  6.3  52  178  300 296 -401  2
4013500 2675500  3 27 16  16.1  981 278  2.1 4  6.0  50  109  244 309 -401  2
4013500 2675500  3 27 17  15.2  981 291  1.9 5  5.8  51    8  127 318 -399  2
4013500 2675500  3 27 18  13.6  981  12  2.5 5  5.5  52    2   56 319 -392  2
4013500 2675500  3 27 19  10.7  981  54  1.5 6  5.6  61    2   14 316 -382  2
4013500 2675500  3 27 20   9.3  981  40  0.9 5  6.0  76    0    0 310 -373  2
4013500 2675500  3 27 21   8.6  981  10  0.8 3  6.0  81    0    0 293 -369  2
4013500 2675500  3 27 22   8.1  982   5  0.7 1  5.8  82    0    0 272 -365  2
4013500 2675500  3 27 23   6.4  982 354  0.6 1  5.6  85    0    0 259 -359  2
4013500 2675500  3 27 24   5.2  982 343  0.5 1  5.4  90    0    0 256 -355  2
4013500 2675500  3 28  1   4.2  982 325  0.4 1  5.2  95    0    0 254 -352  2
4013500 2675500  3 28  2   3.1  981 336  0.0 1  4.9  97    0    0 249 -348  2
4013500 2675500  3 28  3   2.3  981 350  0.6 2  4.7  99    0    0 250 -344  2
4013500 2675500  3 28  4   1.7  981   2  0.2 2  4.5 100    0    0 251 -341  2
4013500 2675500  3 28  5   2.0  981  64  0.3 2  4.4  99    0    0 249 -339  2
4013500 2675500  3 28  6   1.1  981  46  0.1 2  4.3  99    0    0 247 -338  2
4013500 2675500  3 28  7   1.0  981  10  0.2 2  4.2 100    5   16 244 -341  2
4013500 2675500  3 28  8   1.7  981 357  0.2 2  4.3 100   61   76 243 -348  2
4013500 2675500  3 28  9   5.4  981  14  0.4 2  5.0  98  116  151 251 -357  2
4013500 2675500  3 28 10   9.3  982 141  1.1 2  5.9  89  217  205 263 -367  2
4013500 2675500  3 28 11  12.1  981 143  2.0 1  6.2  75  356  203 270 -378  2
4013500 2675500  3 28 12  14.9  982 124  2.0 1  5.8  58  430  211 273 -391  2
4013500 2675500  3 28 13  13.9  981  46  1.9 1  5.5  52  448  215 276 -404  2
4013500 2675500  3 28 14  15.3  980  69  2.0 1  5.4  50  430  206 278 -410  2
4013500 2675500  3 28 15  15.8  980  49  2.2 2  5.2  46  369  190 285 -410  2
4013500 2675500  3 28 16  15.4  979  45  3.0 2  5.2  46  259  172 288 -407  2
4013500 2675500  3 28 17  15.4  979  38  3.2 2  5.4  48  143  134 285 -400  2
4013500 2675500  3 28 18  13.6  979  52  3.8 3  5.7  53   54   71 285 -389  2
4013500 2675500  3 28 19  11.9  979  54  3.9 4  5.7  60    6   13 287 -375  2
4013500 2675500  3 28 20  10.6  979  98  2.4 3  5.6  65    0    0 280 -365  2
4013500 2675500  3 28 21   9.6  979 152  1.5 2  5.5  69    0    0 265 -357  2
4013500 2675500  3 28 22   8.6  979  93  0.7 1  5.4  73    0    0 251 -352  2
4013500 2675500  3 28 23   7.1  980 111  0.9 2  5.4  79    0    0 247 -346  2
4013500 2675500  3 28 24   7.6  980  15  0.4 7  5.5  83    0    0 273 -342  2
4013500 2675500  3 29  1   7.5  980  90  0.8 4  5.5  82    0    0 283 -339  2
4013500 2675500  3 29  2   6.1  979 121  0.6 4  5.5  86    0    0 265 -336  2
4013500 2675500  3 29  3   5.6  979  90  0.6 3  5.4  90    0    0 257 -333  2
4013500 2675500  3 29  4   5.6  979 111  0.7 4  5.4  92    0    0 254 -334  2
4013500 2675500  3 29  5   5.6  979 101  0.6 5  5.3  90    0    0 264 -337  2
4013500 2675500  3 29  6   4.7  978  91  0.4 4  5.2  91    0    0 261 -339  2
4013500 2675500  3 29  7   4.8  978  25  0.1 4  5.3  95    7   13 250 -340  2
4013500 2675500  3 29  8   5.2  979 322  0.2 5  5.4  97   76   49 256 -345  2
4013500 2675500  3 29  9   6.4  979  27  0.0 7  5.6  94   45  143 279 -355  2
4013500 2675500  3 29 10   9.6  979  78  0.6 5  5.5  80   98  201 286 -368  2
4013500 2675500  3 29 11  10.1  979  48  0.8 7  5.5  70   32  242 291 -382  2
4013500 2675500  3 29 12  11.4  979  19  0.9 8  5.6  68   11  232 312 -395  2
4013500 2675500  3 29 13  12.8  979  78  0.8 8  5.8  64    7  217 323 -410  2
4013500 2675500  3 29 14  13.8  979 148  0.6 7  5.8  59   15  216 323 -420  2
4013500 2675500  3 29 15  15.3  978 304  1.8 6  6.1  57  254  183 321 -426  2
4013500 2675500  3 29 16  16.2  978 323  2.0 5  6.2  54  391   51 318 -424  2
4013500 2675500  3 29 17  17.0  977 302  1.8 5  6.2  51  214   58 317 -413  2
4013500 2675500  3 29 18  15.3  977 312  1.2 7  6.5  54   29   58 323 -400  2
4013500 2675500  3 29 19  13.2  978 329  1.0 8  6.7  64    0   10 329 -389  2
4013500 2675500  3 29 20  12.1  978  71  0.9 8  6.9  73    0    0 330 -380  2
4013500 2675500  3 29 21  11.5  979 325  0.4 8  6.8  76    0    0 328 -375  2
4013500 2675500  3 29 22  11.1  979 342  1.0 8  6.8  78    0    0 328 -373  2
4013500 2675500  3 29 23  10.6  978   6  0.8 8  6.8  81    0    0 327 -371  2
4013500 2675500  3 29 24   9.9  979  85  0.6 8  6.8  85    0    0 326 -369  2
4013500 2675500  3 30  1   8.5  979 335  0.0 7  6.7  90    0    0 318 -369  2
4013500 2675500  3 30  2   9.2  979 329  0.2 7  6.8  93    0    0 313 -367  2
4013500 2675500  3 30  3   8.6  979 341  0.1 8  6.9  94    0    0 318 -366  2
4013500 2675500  3 30  4   8.6  979 261  0.3 8  6.9  96    0    0 322 -366  2
4013500 2675500  3 30  5   8.1  979 322  0.4 8  6.9  97    0    0 323 -363  2
4013500 2675500  3 30  6   8.2  979 303  0.0 8  6.9  98    0    0 325 -361  2
4013500 2675500  3 30  7   8.5  979 301  0.0 8  6.9  98    0   11 326 -361  2
4013500 2675500  3 30  8   9.2  979 355  0.7 8  7.1  97    5   72 330 -363  2
4013500 2675500  3 30  9  10.4  979 333  1.0 8  7.5  96   11  142 335 -369  2
4013500 2675500  3 30 10  11.6  979 330  1.3 6  7.8  91   60  234 328 -378  2
4013500 2675500  3 30 11  14.0  980 320  1.3 4  7.2  75  240  255 312 -388  2
4013500 2675500  3 30 12  15.5  980 338  1.7 2  6.5  60  478  174 298 -398  2
4013500 2675500  3 30 13  15.9  979 315  2.8 2  6.0  53  515  169 295 -409  2
4013500 2675500  3 30 14  17.1  979 327  3.2 2  5.8  48  509  158 298 -415  2
4013500 2675500  3 30 15  17.0  978 321  3.5 3  5.6  45  432  150 302 -414  2
4013500 2675500  3 30 16  16.8  978 323  3.9 2  5.3  43  322  133 300 -409  2
4013500 2675500  3 30 17  16.3  977 332  4.5 1  5.2  43  203  105 291 -400  2
4013500 2675500  3 30 18  15.1  977 339  3.3 1  5.2  45   87   65 283 -387  2
4013500 2675500  3 30 19  13.1  978 343  2.2 0  5.2  51    9   13 272 -373  2
4013500 2675500  3 30 20  11.4  979 336  2.9 0  5.3  58    0    0 261 -362  2
4013500 2675500  3 30 21  10.0  979 336  2.8 0  5.2  63    0    0 253 -355  2
4013500 2675500  3 30 22   9.0  980 324  2.6 0  5.2  68    0    0 247 -350  2
4013500 2675500  3 30 23   7.6  980 339  2.6 0  5.1  73    0    0 242 -346  2
4013500 2675500  3 30 24   6.3  981 351  1.7 1  5.0  78    0    0 243 -342  2
4013500 2675500  3 31  1   5.5  981 354  1.9 0  4.9  82    0    0 241 -338  2
4013500 2675500  3 31  2   5.5  982 334  2.6 3  4.9  84    0    0 250 -335  2
4013500 2675500  3 31  3   4.7  982 327  2.3 4  4.8  85    0    0 269 -332  2
4013500 2675500  3 31  4   4.8  982 342  3.1 2  4.6  84    0    0 262 -329  2
4013500 2675500  3 31  5   3.7  982 333  3.0 2  4.4  83    0    0 250 -327  2
4013500 2675500  3 31  6   3.0  983 335  3.5 2  4.2  84    0    0 247 -325  2
4013500 2675500  3 31  7   2.5  984 328  2.5 2  4.1  85   17   19 245 -323  2
4013500 2675500  3 31  8   3.6  984 328  3.3 2  4.0  82  108   69 246 -326  2
4013500 2675500  3 31  9   4.4  985 354  4.2 2  4.0  77  165  123 247 -334  2
4013500 2675500  3 31 10   5.6  986   0  5.5 4  4.0  71  188  207 259 -346  2
4013500 2675500  3 31 11   7.1  987 354  4.8 4  3.9  64  206  260 272 -359  2
4013500 2675500  3 31 12   7.7  988 346  4.6 4  3.9  59  316  256 275 -371  2
4013500 2675500  3 31 13   8.9  988 349  3.4 2  3.9  56  558  142 268 -380  2
4013500 2675500  3 31 14  10.0  988 338  3.3 1  3.9  51  558  127 258 -387  2
4013500 2675500  3 31 15  10.4  988   7  3.1 1  3.7  47  473  127 254 -389  2
4013500 2675500  3 31 16  10.9  988  16  3.0 1  3.6  44  369  114 254 -386  2
4013500 2675500  3 31 17  10.8  988 354  3.0 1  3.5  42  241   92 252 -377  2
4013500 2675500  3 31 18  10.2  988 359  2.1 1  3.5  44  108   61 250 -365  2
4013500 2675500  3 31 19   8.1  988 344  1.3 1  3.7  50   12   13 245 -352  2
4013500 2675500  3 31 20   5.7  988  25  0.7 2  3.6  58    0    0 241 -342  2
4013500 2675500  3 31 21   4.4  989 271  0.3 1  3.6  65    0    0 235 -335  2
4013500 2675500  3 31 22   4.5  989   9  0.1 1  3.6  67    0    0 228 -330  2
4013500 2675500  3 31 23   3.6  990 263  0.4 0  3.5  68    0    0 221 -327  2
4013500 2675500  3 31 24   2.5  990  14  0.7 1  3.5  73    0    0 217 -324  2
4013500 2675500  4  1  1   0.2  990  24  0.7 2  3.5  90    0    0 221 -321  2
4013500 2675500  4  1  2  -0.1  990 147  1.2 2  3.5  90    0    0 221 -320  2
4013500 2675500  4  1  3  -0.2  989 157  1.4 1  3.4  89    0    0 214 -318  2
4013500 2675500  4  1  4   0.5  988  37  1.4 2  3.4  86    0    0 214 -317  2
4013500 2675500  4  1  5   0.3  988 114  1.5 0  3.4  84    0    0 208 -316  2
4013500 2675500  4  1  6  -0.6  987 136  1.6 0  3.3  86    0    0 195 -316  2
4013500 2675500  4  1  7   0.9  987 138  2.8 2  3.3  85   10   35 206 -316  2
4013500 2675500  4  1  8   0.9  986 166  2.7 2  3.5  84   95   97 218 -317  2
4013500 2675500  4  1  9   4.8  985 129  4.8 2  3.6  76  219  137 221 -324  2
4013500 2675500  4  1 10   8.4  985 151  4.2 3  3.7  59  324  174 235 -338  2
4013500 2675500  4  1 11  10.9  984 167  5.6 4  3.6  46  405  200 253 -353  2
4013500 2675500  4  1 12  12.6  983 164  6.7 6  3.4  39  402  246 273 -369  2
4013500 2675500  4  1 13  13.5  982 186  7.8 6  3.2  34  341  288 285 -381  2
4013500 2675500  4  1 14  14.5  980 189  6.5 6  3.1  30  270  298 288 -391  2
4013500 2675500  4  1 15  15.6  978 190  6.8 4  3.1  28  323  230 285 -397  2
4013500 2675500  4  1 16  15.2  976 202  5.8 5  3.1  28  283  177 283 -397  2
4013500 2675500  4  1 17  15.0  975 204  5.4 6  3.0  28  141  150 291 -393  2
4013500 2675500  4  1 18  14.1  973 196  4.7 6  3.2  30   39   90 295 -385  2
4013500 2675500  4  1 19  13.9  972 188  4.0 7  3.4  33    0   19 301 -374  2
4013500 2675500  4  1 20  13.1  971 189  4.1 7  3.5  35    0    0 306 -364  2
4013500 2675500  4  1 21  12.9  970 209  5.9 7  3.5  36    0    0 307 -359  2
4013500 2675500  4  1 22  12.5  969 236  7.9 7  3.8  40    0    0 310 -358  2
4013500 2675500  4  1 23   9.3  968 234  7.1 7  4.8  57    0    0 310 -357  2
4013500 2675500  4  1 24   7.6  968 235  6.0 7  5.9  82    0    0 307 -355  2
4013500 2675500  4  2  1   7.4  965 244  6.1 8  6.3  94    0    0 311 -354  2
4013500 2675500  4  2  2   7.0  964 228  4.7 7  6.2  93    0    0 311 -352  2
4013500 2675500  4  2  3   6.7  964 256  4.9 7  5.8  89    0    0 307 -351  2
4013500 2675500  4  2  4   5.8  963 271  1.7 7  5.5  88    0    0 305 -349  2
4013500 2675500  4  2  5   4.9  964 277  3.8 8  5.2  90    0    0 308 -347  2
4013500 2675500  4  2  6   4.5  964 264  2.7 8  5.1  91    0    0 312 -344  2
4013500 2675500  4  2  7   4.1  964 259  3.0 8  5.0  92    0   18 313 -342  2
4013500 2675500  4  2  8   3.9  965 257  2.4 5  4.9  92   26   92 294 -342  2
4013500 2675500  4  2  9   5.1  966 265  3.5 4  5.0  91  167  105 266 -344  2
4013500 2675500  4  2 10   5.5  966 282  4.4 5  5.0  85   69  203 265 -349  2
4013500 2675500  4  2 11   6.0  966 276  3.6 7  4.8  80    8  202 289 -355  2
4013500 2675500  4  2 12   4.6  967 305  3.4 6  4.8  82   24  244 297 -360  2
4013500 2675500  4  2 13   6.6  967 280  4.9 6  4.9  82   19  242 292 -366  2
4013500 2675500  4  2 14   6.2  967 289  4.9 7  4.9  78    6  219 300 -364  2
4013500 2675500  4  2 15   7.4  967 280  4.9 8  4.7  73    3  185 310 -366  2
4013500 2675500  4  2 16   7.5  967 272  3.2 7  4.6  68   45  184 308 -369  2
4013500 2675500  4  2 17   6.0  967 307  2.5 4  4.4  68  273   55 290 -360  2
4013500 2675500  4  2 18   4.6  968 282  1.8 8  4.4  77   31   75 288 -352  2
4013500 2675500  4  2 19   4.1  969 305  1.8 5  4.5  84    1   20 289 -347  2
4013500 2675500  4  2 20   3.9  970 295  2.8 6  4.4  83    0    0 276 -342  2
4013500 2675500  4  2 21   3.7  970 301  3.3 6  4.5  85    0    0 276 -338  2
4013500 2675500  4  2 22   3.5  971 304  3.4 7  4.4  86    0    0 283 -335  2
4013500 2675500  4  2 23   3.2  972 283  3.0 6  4.5  88    0    0 295 -333  2
4013500 2675500  4  2 24   2.9  973 248  2.2 6  4.5  91    0    0 298 -332  2
4013500 2675500  4  3  1   2.6  972 211  1.7 6  4.5  93    0    0 237 -345  2
4013500 2675500  4  3  2   2.5  972 181  1.1 6  4.5  95    0    0 258 -345  2
4013500 2675500  4  3  3   2.5  972 162  1.0 7  4.5  96    0    0 284 -345  2
4013500 2675500  4  3  4   2.6  971 168  1.2 8  4.6  97    0    0 295 -348  2
4013500 2675500  4  3  5   2.6  971 162  1.3 7  4.6  97    0    0 294 -349  2
4013500 2675500  4  3  6   3.0  971 171  1.7 8  4.7  99    0    0 295 -348  2
4013500 2675500  4  3  7   3.0  971 140  0.4 8  4.8  97    0   21 295 -347  2
4013500 2675500  4  3  8   3.5  972 153  1.3 7  4.8  97    3   79 290 -348  2
4013500 2675500  4  3  9   4.8  972 183  2.5 6  5.0  94   68  154 282 -355  2
4013500 2675500  4  3 10   6.7  971 186  3.2 7  5.2  87   68  208 286 -360  2
4013500 2675500  4  3 11   8.0  971 197  2.8 8  5.4  81   52  245 300 -366  2
4013500 2675500  4  3 12   9.6  971 220  3.0 8  5.4  74    5  219 308 -380  2
4013500 2675500  4  3 13  10.9  971 246  3.4 8  5.2  64  116  266 313 -389  2
4013500 2675500  4  3 14  11.5  971 236  2.1 8  5.1  59   72  253 314 -392  2
4013500 2675500  4  3 15  11.7  970 156  2.2 6  5.0  56  164  214 308 -394  2
4013500 2675500  4  3 16  12.8  970 150  2.6 6  4.8  52  315   84 302 -391  2
4013500 2675500  4  3 17  12.1  969 116  3.2 5  4.7  50  246   51 297 -383  2
4013500 2675500  4  3 18  11.6  968 141  2.6 4  4.7  52  120   54 287 -375  2
4013500 2675500  4  3 19  10.3  968 119  2.4 6  4.7  55   17   20 288 -367  2
4013500 2675500  4  3 20   9.2  968 112  1.7 5  4.6  59    0    0 290 -359  2
4013500 2675500  4  3 21   7.9  968 123  1.6 5  4.7  64    0    0 281 -353  2
4013500 2675500  4  3 22   6.1  967 163  2.7 3  4.7  72    0    0 270 -350  2
4013500 2675500  4  3 23   5.7  967 150  2.3 3  4.6  76    0    0 261 -347  2
4013500 2675500  4  3 24   4.8  967 143  3.9 2  4.5  78    0    0 256 -345  2
4013500 2675500  4  4  1   3.8  966 156  2.8 0  4.4  81    0    0 238 -343  2
4013500 2675500  4  4  2   3.2  966 129  2.5 0  4.3  85    0    0 223 -342  2
4013500 2675500  4  4  3   2.7  965 116  2.8 0  4.3  88    0    0 215 -340  2
4013500 2675500  4  4  4   2.7  965 148  2.4 1  4.2  87    0    0 212 -339  2
4013500 2675500  4  4  5   2.2  964 126  2.5 2  4.1  87    0    0 217 -339  2
4013500 2675500  4  4  6   1.7  964 110  2.1 2  4.0  88    0    0 220 -337  2
4013500 2675500  4  4  7   2.3  963 146  0.4 2  4.0  87   17   40 216 -337  2
4013500 2675500  4  4  8   4.5  963 138  2.0 1  4.2  82  107  100 207 -339  2
4013500 2675500  4  4  9   6.7  962 120  2.7 1  4.5  75  239  134 201 -348  2
4013500 2675500  4  4 10   9.9  962 130  4.5 2  4.7  66  364  157 220 -359  2
4013500 2675500  4  4 11  12.7  961 114  4.8 1  4.9  56  456  176 238 -371  2
4013500 2675500  4  4 12  13.7  960 113  4.9 1  5.0  50  508  189 242 -382  2
4013500 2675500  4  4 13  15.7  961 110  4.9 2  5.0  45  525  191 255 -391  2
4013500 2675500  4  4 14  17.0  960 107  4.7 2  4.9  40  496  188 266 -396  2
4013500 2675500  4  4 15  17.8  959 119  4.7 2  4.8  37  443  168 264 -398  2
4013500 2675500  4  4 16  17.7  958 112  4.8 3  4.6  34  207  211 269 -398  2
4013500 2675500  4  4 17  17.4  957 137  4.4 5  4.5  34  122  160 288 -394  2
4013500 2675500  4  4 18  17.0  957 130  3.5 2  4.5  35   81   88 279 -388  2
4013500 2675500  4  4 19  14.8  957 118  2.6 5  4.7  40    7   25 279 -382  2
4013500 2675500  4  4 20  13.9  957 132  1.6 6  4.8  45    0    0 307 -376  2
4013500 2675500  4  4 21  11.7  956 133  0.1 6  5.1  52    0    0 311 -372  2
4013500 2675500  4  4 22  11.0  956 131  0.5 7  5.3  60    0    0 313 -368  2
4013500 2675500  4  4 23   9.2  956 193  0.3 7  5.3  66    0    0 315 -366  2
4013500 2675500  4  4 24   9.4  956 166  1.6 7  5.4  70    0    0 313 -366  2
4013500 2675500  4  5  1   8.7  956 130  0.6 8  5.5  72    0    0 320 -365  2
4013500 2675500  4  5  2   8.3  956  51  0.0 8  5.5  75    0    0 326 -362  2
4013500 2675500  4  5  3   8.5  956 167  0.7 8  5.6  77    0    0 325 -359  2
4013500 2675500  4  5  4   8.0  957 142  0.2 8  5.9  81    0    0 325 -355  2
4013500 2675500  4  5  5   8.2  957 262  2.5 8  6.2  87    0    0 327 -352  2
4013500 2675500  4  5  6   8.8  957 248  3.0 8  6.4  88    0    0 329 -351  2
4013500 2675500  4  5  7   8.3  958  32  2.9 8  6.4  87    0   13 330 -350  2
4013500 2675500  4  5  8   7.5  958  36  2.0 8  6.2  89    0   61 327 -353  2
4013500 2675500  4  5  9   7.9  958 219  1.6 6  6.4  92   91  190 314 -361  2
4013500 2675500  4  5 10  10.4  959 143  2.0 3  6.5  86  349  175 285 -372  2
4013500 2675500  4  5 11  11.6  959 225  5.2 5  6.7  77  241  283 286 -380  2
4013500 2675500  4  5 12  12.0  959 227  4.8 6  6.6  72  113  330 309 -385  2
4013500 2675500  4  5 13  13.1  959 228  4.6 5  6.0  62  160  339 312 -387  2
4013500 2675500  4  5 14  14.1  959 216  5.9 5  5.6  54  187  327 311 -390  2
4013500 2675500  4  5 15  14.3  960 219  5.2 3  5.5  52  365  219 305 -392  2
4013500 2675500  4  5 16  15.3  959 201  5.0 4  5.4  49  199  221 301 -386  2
4013500 2675500  4  5 17  14.0  959 177  5.9 4  5.3  49  160  152 304 -382  2
4013500 2675500  4  5 18  14.0  959 202  4.6 4  5.3  51   64   95 300 -374  2
4013500 2675500  4  5 19  11.8  958 199  3.3 2  5.4  55   11   28 284 -359  2
4013500 2675500  4  5 20  10.5  959 213  1.9 2  5.4  62    0    0 261 -348  2
4013500 2675500  4  5 21   9.3  960 205  0.9 2  5.4  68    0    0 246 -340  2
4013500 2675500  4  5 22   9.0  961 212  0.6 2  5.4  71    0    0 243 -335  2
4013500 2675500  4  5 23   8.5  961 218  0.8 2  5.5  74    0    0 245 -331  2
4013500 2675500  4  5 24   7.3  961   2  0.4 3  5.5  78    0    0 253 -328  2
4013500 2675500  4  6  1   7.6  962  85  0.6 5  5.5  81    0    0 271 -325  2
4013500 2675500  4  6  2   6.7  962 269  0.2 2  5.4  82    0    0 262 -322  2
4013500 2675500  4  6  3   6.0  961 260  1.3 2  5.4  86    0    0 235 -320  2
4013500 2675500  4  6  4   5.2  962 241  1.5 4  5.5  91    0    0 246 -318  2
4013500 2675500  4  6  5   5.6  962 304  1.0 6  5.5  93    0    0 277 -318  2
4013500 2675500  4  6  6   5.8  963 250  0.8 7  5.6  93    0    0 300 -318  2
4013500 2675500  4  6  7   5.7  964 340  1.2 6  5.7  95    2   27 300 -318  2
4013500 2675500  4  6  8   7.2  964 338  2.5 8  5.9  94    8   84 308 -318  2
4013500 2675500  4  6  9   8.1  966 348  3.5 8  6.2  90    8  133 323 -320  2
4013500 2675500  4  6 10   7.5  966 352  3.8 8  6.1  89    0  108 322 -327  2
4013500 2675500  4  6 11   7.2  967 356  4.5 8  6.0  89    0  124 318 -336  2
4013500 2675500  4  6 12   5.4  968   1  5.3 8  5.7  92    0  110 312 -345  2
4013500 2675500  4  6 13   5.1  970   0  5.7 8  5.4  93    0  106 305 -352  2
4013500 2675500  4  6 14   5.5  970 344  6.6 8  5.1  88    0  128 301 -357  2
4013500 2675500  4  6 15   5.3  971 344  5.4 8  4.8  82    0  131 296 -357  2
4013500 2675500  4  6 16   4.8  972 351  5.9 8  4.5  80    6  159 292 -354  2
4013500 2675500  4  6 17   4.4  973 340  4.3 4  4.2  77   46  131 276 -351  2
4013500 2675500  4  6 18   6.5  974 336  3.3 3  3.9  67  102   48 262 -346  2
4013500 2675500  4  6 19   4.8  975 350  5.1 3  3.6  62   21   19 255 -339  2
4013500 2675500  4  6 20   3.1  976   2  4.4 4  3.5  66    0    0 250 -332  2
4013500 2675500  4  6 21   2.5  977   0  4.9 5  3.2  67    0    0 250 -325  2
4013500 2675500  4  6 22   1.7  978 348  3.7 2  3.1  67    0    0 238 -319  2
4013500 2675500  4  6 23   0.9  979   2  3.5 2  3.1  71    0    0 224 -317  2
4013500 2675500  4  6 24   0.6  980 357  3.3 0  2.9  71    0    0 213 -316  2
4013500 2675500  4  7  1   0.5  981   6  3.6 0  2.8  69    0    0 202 -313  2
4013500 2675500  4  7  2  -0.3  982   9  3.2 0  2.5  64    0    0 198 -310  2
4013500 2675500  4  7  3  -0.7  983 355  2.5 0  2.3  60    0    0 194 -309  2
4013500 2675500  4  7  4  -1.5  984 328  1.8 0  2.2  62    0    0 193 -309  2
4013500 2675500  4  7  5  -2.3  984 340  2.2 0  2.3  67    0    0 192 -309  2
4013500 2675500  4  7  6  -2.2  985 329  2.6 0  2.3  70    0    0 192 -309  2
4013500 2675500  4  7  7  -1.8  985 348  2.5 2  2.4  71   36   38 204 -310  2
4013500 2675500  4  7  8  -0.2  986 357  2.6 1  2.5  68  160   69 212 -313  2
4013500 2675500  4  7  9   1.1  988 358  4.0 1  2.6  65  326   72 211 -318  2
4013500 2675500  4  7 10   2.8  989   4  4.9 1  2.7  60  470   72 215 -325  2
4013500 2675500  4  7 11   4.3  990  15  6.0 1  2.4  48  576   80 219 -335  2
4013500 2675500  4  7 12   5.6  990  31  5.9 0  2.2  40  643   84 217 -350  2
4013500 2675500  4  7 13   6.4  990  25  5.0 0  2.2  36  662   77 215 -362  2
4013500 2675500  4  7 14   7.2  990  16  5.1 0  2.1  33  643   69 218 -366  2
4013500 2675500  4  7 15   8.3  990  16  5.6 0  2.1  31  564   70 220 -366  2
4013500 2675500  4  7 16   8.3  991  12  5.5 0  2.1  30  442   71 222 -365  2
4013500 2675500  4  7 17   8.3  991   2  5.4 0  2.2  31  266   84 223 -361  2
4013500 2675500  4  7 18   7.7  991  21  5.0 0  2.3  33  127   63 226 -356  2
4013500 2675500  4  7 19   6.5  991   5  3.6 0  2.4  37   19   26 226 -350  2
4013500 2675500  4  7 20   4.9  992 339  3.5 1  2.6  44    0    0 229 -344  2
4013500 2675500  4  7 21   3.7  992 351  1.9 1  2.8  53    0    0 233 -341  2
4013500 2675500  4  7 22   3.1  993 316  1.2 2  3.0  62    0    0 237 -340  2
4013500 2675500  4  7 23   1.3  994 340  1.8 1  3.2  70    0    0 234 -336  2
4013500 2675500  4  7 24   1.4  994 337  1.6 1  3.2  75    0    0 228 -330  2
4013500 2675500  4  8  1   0.2  994 326  2.1 0  3.2  79    0    0 222 -325  2
4013500 2675500  4  8  2   0.0  994 331  1.6 1  3.3  84    0    0 219 -321  2
4013500 2675500  4  8  3  -0.3  994 330  1.8 2  3.3  88    0    0 229 -319  2
4013500 2675500  4  8  4  -0.3  995 315  2.0 3  3.5  92    0    0 239 -317  2
4013500 2675500  4  8  5  -0.7  995 334  1.6 3  3.5  94    0    0 244 -317  2
4013500 2675500  4  8  6  -1.9  995 335  1.6 3  3.4  96    0    0 242 -317  2
4013500 2675500  4  8  7  -0.8  995 343  1.1 4  3.4  96   22   43 247 -317  2
4013500 2675500  4  8  8   0.8  995 317  1.2 3  3.6  93  104  104 251 -317  2
4013500 2675500  4  8  9   3.9  996 291  1.9 3  3.7  81  197  160 251 -327  2
4013500 2675500  4  8 10   5.4  995 290  1.6 5  3.7  68  339  177 266 -343  2
4013500 2675500  4  8 11   7.4  995 333  3.6 6  3.7  60  402  214 286 -358  2
4013500 2675500  4  8 12   8.3  994 333  4.5 5  3.6  54  454  228 291 -369  2
4013500 2675500  4  8 13   8.8  994 339  4.4 4  3.5  50  506  210 282 -376  2
4013500 2675500  4  8 14   9.9  994 331  4.5 3  3.5  47  434  230 274 -378  2
4013500 2675500  4  8 15   9.9  993 321  4.5 4  3.4  44  325  236 275 -378  2
4013500 2675500  4  8 16   9.7  993 339  5.9 2  3.5  46  307  173 270 -376  2
4013500 2675500  4  8 17  10.3  993 341  4.7 5  3.6  47   90  169 276 -372  2
4013500 2675500  4  8 18   9.3  992 336  5.3 6  3.7  48   11   87 293 -366  2
4013500 2675500  4  8 19   8.5  992 337  4.1 5  3.8  53    2   24 291 -359  2
4013500 2675500  4  8 20   7.6  992 333  3.0 4  3.8  56    0    0 279 -350  2
4013500 2675500  4  8 21   7.3  992 330  2.7 5  3.9  59    0    0 276 -343  2
4013500 2675500  4  8 22   6.2  992 317  1.3 5  3.9  63    0    0 279 -337  2
4013500 2675500  4  8 23   5.2  992 278  1.3 5  3.9  68    0    0 275 -332  2
4013500 2675500  4  8 24   4.7  992 294  1.6 4  3.9  71    0    0 267 -327  2
4013500 2675500  4  9  1   4.2  992 298  1.2 2  3.8  72    0    0 252 -325  2
4013500 2675500  4  9  2   2.1  992 334  1.4 1  3.7  76    0    0 234 -322  2
4013500 2675500  4  9  3   1.8  992 287  1.0 1  3.6  81    0    0 227 -319  2
4013500 2675500  4  9  4   1.1  992 181  0.9 2  3.7  85    0    0 229 -317  2
4013500 2675500  4  9  5   1.3  992 116  0.4 3  3.6  86    0    0 236 -317  2
4013500 2675500  4  9  6   0.0  992  74  0.4 3  3.5  87    0    0 237 -317  2
4013500 2675500  4  9  7   1.2  992  96  0.5 2  3.6  89   22   45 232 -316  2
4013500 2675500  4  9  8   3.0  991 109  0.6 4  3.9  86   60  120 239 -318  2
4013500 2675500  4  9  9   4.4  991 149  1.1 4  4.3  86  126  190 252 -331  2
4013500 2675500  4  9 10   6.2  990 341  1.6 3  4.6  82  365  169 252 -353  2
4013500 2675500  4  9 11   7.6  990 344  1.4 4  4.5  71  462  187 256 -371  2
4013500 2675500  4  9 12   9.3  990 315  1.7 5  4.4  63  386  274 269 -385  2
4013500 2675500  4  9 13   9.9  989 350  2.3 6  4.3  57  242  334 280 -394  2
4013500 2675500  4  9 14  10.6  988 359  2.3 6  4.2  53  168  330 285 -397  2
4013500 2675500  4  9 15  10.8  987 350  1.9 6  4.2  51   74  283 285 -396  2
4013500 2675500  4  9 16  10.7  987   0  2.3 6  4.2  51   32  219 284 -392  2
4013500 2675500  4  9 17  10.8  986   5  1.8 7  4.2  51   27  162 286 -383  2
4013500 2675500  4  9 18  10.4  985  50  1.9 7  4.2  52    9   86 288 -372  2
4013500 2675500  4  9 19   9.6  984  99  1.1 7  4.4  56    0   14 285 -361  2
4013500 2675500  4  9 20   8.3  984  79  1.1 7  4.4  60    0    0 281 -351  2
4013500 2675500  4  9 21   7.7  984 132  0.9 7  4.4  64    0    0 277 -343  2
4013500 2675500  4  9 22   7.1  984 208  0.3 6  4.3  66    0    0 273 -337  2
4013500 2675500  4  9 23   6.5  984 192  0.7 5  4.4  69    0    0 267 -334  2
4013500 2675500  4  9 24   6.1  984 168  1.1 6  4.4  72    0    0 266 -332  2
4013500 2675500  4 10  1   5.6  984 195  0.3 6  4.4  74    0    0 267 -331  2
4013500 2675500  4 10  2   4.6  983  34  0.8 7  4.3  77    0    0 269 -327  2
4013500 2675500  4 10  3   4.8  982 340  1.1 7  4.3  78    0    0 272 -323  2
4013500 2675500  4 10  4   4.5  981   3  0.9 7  4.2  78    0    0 273 -324  2
4013500 2675500  4 10  5   3.4  981  21  0.7 5  4.2  80    0    0 264 -324  2
4013500 2675500  4 10  6   3.0  980  70  0.8 6  4.1  83    0    1 258 -323  2
4013500 2675500  4 10  7   3.0  980 175  0.5 6  4.1  83    3   39 262 -323  2
4013500 2675500  4 10  8   4.8  980 124  0.8 5  4.2  81   49  116 261 -326  2
4013500 2675500  4 10  9   6.4  981 142  2.2 5  4.2  72   87  186 260 -333  2
4013500 2675500  4 10 10   7.3  980 122  2.5 7  4.1  64  105  249 272 -342  2
4013500 2675500  4 10 11   8.3  980 104  3.0 6  4.1  60  218  278 280 -352  2
4013500 2675500  4 10 12   9.3  980 109  3.6 6  4.1  57  252  301 280 -362  2
4013500 2675500  4 10 13  10.0  980 116  4.6 8  4.0  52   62  311 290 -369  2
4013500 2675500  4 10 14   9.9  979 100  4.5 8  3.9  50   25  273 300 -374  2
4013500 2675500  4 10 15  10.6  978  72  4.0 6  4.1  51  174  275 294 -374  2
4013500 2675500  4 10 16  10.2  978  73  5.8 4  4.3  53  344  144 281 -370  2
4013500 2675500  4 10 17  10.2  977  77  6.4 4  4.4  54  232  114 273 -363  2
4013500 2675500  4 10 18   8.7  977  65  6.6 5  4.4  58   96   84 275 -352  2
4013500 2675500  4 10 19   7.7  977  53  5.8 6  4.5  64    8   28 279 -341  2
4013500 2675500  4 10 20   6.6  978  54  4.1 7  4.5  70    0    0 284 -332  2
4013500 2675500  4 10 21   6.4  978  56  4.2 6  4.5  73    0    0 285 -327  2
4013500 2675500  4 10 22   5.8  978  31  3.9 7  4.5  74    0    0 286 -323  2
4013500 2675500  4 10 23   5.4  978  33  4.0 7  4.4  75    0    0 291 -320  2
4013500 2675500  4 10 24   4.7  978  40  3.0 7  4.3  77    0    0 291 -318  2
4013500 2675500  4 11  1   4.2  978  38  2.7 5  4.2  78    0    0 279 -318  2
4013500 2675500  4 11  2   3.6  978  19  2.8 5  4.1  79    0    0 268 -317  2
4013500 2675500  4 11  3   3.5  977  39  2.7 5  3.9  78    0    0 266 -314  2
4013500 2675500  4 11  4   3.2  977  17  2.1 4  3.8  76    0    0 259 -312  2
4013500 2675500  4 11  5   2.5  976  25  2.8 6  3.7  77    0    0 261 -312  2
4013500 2675500  4 11  6   2.3  976  21  3.0 6  3.7  78    0    0 269 -312  2
4013500 2675500  4 11  7   1.6  976  20  3.3 6  3.6  80    7   45 269 -313  2
4013500 2675500  4 11  8   3.1  976   8  4.6 4  3.7  80   63  123 262 -314  2
4013500 2675500  4 11  9   4.7  977  15  4.3 4  3.9  75  236  148 257 -318  2
4013500 2675500  4 11 10   6.3  977  48  3.9 2  4.0  69  375  163 251 -327  2
4013500 2675500  4 11 11   7.9  976  78  4.0 2  4.0  62  455  190 246 -340  2
4013500 2675500  4 11 12   9.2  976  84  5.3 2  4.0  56  520  196 251 -353  2
4013500 2675500  4 11 13   9.9  975  72  4.0 2  4.1  53  536  199 255 -363  2
4013500 2675500  4 11 14  10.3  974  71  4.8 3  4.0  50  423  244 263 -369  2
4013500 2675500  4 11 15  10.6  974  66  4.7 3  3.8  46  311  254 269 -371  2
4013500 2675500  4 11 16  10.0  973  71  4.1 4  3.6  44   98  239 273 -369  2
4013500 2675500  4 11 17  10.1  973  80  4.2 5  3.6  45   61  173 281 -363  2
4013500 2675500  4 11 18   9.5  972  71  4.2 4  3.6  46   59  100 280 -354  2
4013500 2675500  4 11 19   8.4  972  73  2.8 6  3.8  51   10   32 282 -344  2
4013500 2675500  4 11 20   6.8  972  80  2.6 5  3.9  58    0    0 282 -334  2
4013500 2675500  4 11 21   6.2  972  42  1.7 2  3.9  62    0    0 260 -327  2
4013500 2675500  4 11 22   5.4  972  50  1.8 3  3.9  65    0    0 247 -322  2
4013500 2675500  4 11 23   4.5  972  71  1.0 3  3.8  68    0    0 248 -319  2
4013500 2675500  4 11 24   3.1  971 128  0.4 2  3.8  73    0    0 240 -317  2
4013500 2675500  4 12  1   2.9  971 272  0.7 3  3.8  77    0    0 238 -317  2
4013500 2675500  4 12  2   1.6  970 358  0.6 3  3.8  81    0    0 240 -315  2
4013500 2675500  4 12  3   1.0  969 350  0.9 2  3.8  86    0    0 232 -311  2
4013500 2675500  4 12  4   0.8  968   2  0.4 2  3.7  88    0    0 226 -309  2
4013500 2675500  4 12  5   0.4  967   8  0.1 2  3.6  88    0    0 224 -309  2
4013500 2675500  4 12  6   0.1  967  14  0.5 3  3.6  88    0    0 227 -310  2
4013500 2675500  4 12  7   0.0  966 359  0.1 5  3.6  89   18   49 242 -310  2
4013500 2675500  4 12  8   1.9  967   7  0.0 2  3.8  88   73  126 240 -313  2
4013500 2675500  4 12  9   4.3  966   8  0.4 2  4.1  83  217  170 230 -321  2
4013500 2675500  4 12 10   7.3  965 147  1.0 3  4.4  73  322  210 243 -335  2
4013500 2675500  4 12 11   9.7  965 192  1.1 4  4.2  58  339  273 261 -355  2
4013500 2675500  4 12 12  10.7  964 119  1.6 5  4.0  49  294  332 277 -374  2
4013500 2675500  4 12 13  10.9  963 182  3.0 5  3.7  44  196  364 283 -383  2
4013500 2675500  4 12 14  11.7  963 173  1.4 5  3.5  41   79  335 286 -384  2
4013500 2675500  4 12 15  11.8  962 178  3.2 5  3.5  39   45  283 287 -382  2
4013500 2675500  4 12 16  12.5  961 180  3.0 4  3.6  39  166  249 283 -379  2
4013500 2675500  4 12 17  11.6  960 147  4.5 2  4.0  43  164  167 267 -371  2
4013500 2675500  4 12 18  10.6  960 142  3.1 2  4.3  49   87  102 253 -361  2
4013500 2675500  4 12 19   9.7  960 149  2.7 5  4.4  54   14   34 267 -348  2
4013500 2675500  4 12 20   8.7  960 153  2.6 5  4.7  62    0    0 282 -338  2
4013500 2675500  4 12 21   7.4  960 157  2.5 5  5.0  70    0    0 280 -330  2
4013500 2675500  4 12 22   7.3  960 160  2.0 6  5.2  78    0    0 285 -324  2
4013500 2675500  4 12 23   6.7  960 342  1.5 6  5.4  82    0    0 290 -320  2
4013500 2675500  4 12 24   6.7  959 186  2.2 8  5.4  84    0    0 300 -319  2
4013500 2675500  4 13  1   6.5  959 160  1.8 6  5.4  84    0    0 301 -318  2
4013500 2675500  4 13  2   5.9  958 160  1.6 6  5.4  87    0    0 289 -317  2
4013500 2675500  4 13  3   5.8  957 152  1.3 7  5.5  91    0    0 294 -315  2
4013500 2675500  4 13  4   6.2  956 160  1.8 7  5.6  92    0    0 300 -313  2
4013500 2675500  4 13  5   6.3  956 167  2.4 8  5.8  92    0    0 308 -312  2
4013500 2675500  4 13  6   6.6  955 171  3.1 8  5.9  92    0    0 315 -312  2
4013500 2675500  4 13  7   6.3  955 188  3.2 8  5.8  90    4   43 317 -313  2
4013500 2675500  4 13  8   6.3  955 162  3.3 7  5.6  89    0   69 312 -315  2
4013500 2675500  4 13  9   6.5  955 194  3.6 7  5.6  88    0  107 306 -323  2
4013500 2675500  4 13 10   6.4  956 185  4.4 7  5.6  88    0  152 306 -339  2
4013500 2675500  4 13 11   6.6  956 195  4.5 8  5.6  88    0  119 313 -357  2
4013500 2675500  4 13 12   6.0  957 228  4.8 7  5.4  86    0  166 313 -372  2
4013500 2675500  4 13 13   7.1  958 236  4.4 7  5.0  79   24  281 308 -382  2
4013500 2675500  4 13 14   8.1  958 226  5.6 6  4.7  69  109  290 304 -387  2
4013500 2675500  4 13 15   9.0  959 205  7.1 3  4.2  58  439  126 282 -389  2
4013500 2675500  4 13 16   8.5  959 227  6.1 4  4.0  54  221  171 269 -387  2
4013500 2675500  4 13 17   7.5  960 254  6.0 5  4.0  57   88  150 276 -380  2
4013500 2675500  4 13 18   6.7  960 238  4.0 2  3.8  58  168   38 259 -369  2
4013500 2675500  4 13 19   5.8  960 224  2.3 5  4.1  65   22   27 255 -358  2
4013500 2675500  4 13 20   5.1  961 189  2.9 5  4.2  71    0    0 269 -353  2
4013500 2675500  4 13 21   4.2  962 248  2.6 3  4.0  72    0    0 255 -350  2
4013500 2675500  4 13 22   3.6  962 155  1.7 1  3.9  75    0    0 232 -348  2
4013500 2675500  4 13 23   2.7  962 100  1.2 1  3.9  78    0    0 219 -346  2
4013500 2675500  4 13 24   2.4  962 102  1.5 7  4.0  83    0    0 248 -345  2
4013500 2675500  4 14  1   2.8  962 175  0.9 7  4.1  86    0    0 280 -345  2
4013500 2675500  4 14  2   3.2  962 184  1.9 8  4.3  87    0    0 286 -344  2
4013500 2675500  4 14  3   2.6  961 147  1.0 7  4.4  90    0    0 288 -342  2
4013500 2675500  4 14  4   2.7  961 185  2.2 8  4.5  93    0    0 287 -339  2
4013500 2675500  4 14  5   3.0  961 189  2.8 8  4.6  93    0    0 295 -336  2
4013500 2675500  4 14  6   3.6  961 211  4.2 8  4.6  91    0    2 297 -334  2
4013500 2675500  4 14  7   4.0  961 211  4.8 6  4.6  87   22   45 289 -333  2
4013500 2675500  4 14  8   4.5  961 205  6.3 3  4.6  85   95  103 265 -336  2
4013500 2675500  4 14  9   5.0  962 217  6.7 7  4.6  82    1  132 273 -342  2
4013500 2675500  4 14 10   4.8  962 219  6.8 6  4.6  81   80  244 288 -348  2
4013500 2675500  4 14 11   7.5  963 217  7.5 5  4.6  74  238  257 283 -354  2
4013500 2675500  4 14 12   9.4  964 206  7.9 6  4.3  60   33  302 292 -361  2
4013500 2675500  4 14 13  10.0  964 210  7.8 4  3.9  50  298  273 292 -367  2
4013500 2675500  4 14 14  11.2  963 208  6.8 2  3.7  45  491  158 282 -374  2
4013500 2675500  4 14 15  11.9  963 211  8.3 2  3.7  41  321  203 275 -375  2
4013500 2675500  4 14 16  11.6  962 192  7.5 3  3.5  39  199  190 273 -371  2
4013500 2675500  4 14 17  11.4  962 204  7.6 3  3.5  40  112  150 272 -366  2
4013500 2675500  4 14 18  10.9  962 192  7.8 3  3.6  42   85   82 267 -357  2
4013500 2675500  4 14 19   9.6  962 208  6.3 6  3.9  48   19   30 276 -349  2
4013500 2675500  4 14 20   6.5  962 160  4.2 8  4.7  66    0    0 295 -342  2
4013500 2675500  4 14 21   5.7  963 161  5.5 7  5.1  83    0    0 297 -338  2
4013500 2675500  4 14 22   5.6  964 179  3.2 6  5.2  88    0    0 287 -338  2
4013500 2675500  4 14 23   5.7  963 166  3.4 6  5.2  88    0    0 283 -338  2
4013500 2675500  4 14 24   5.3  964 156  3.0 7  5.2  88    0    0 286 -337  2
4013500 2675500  4 15  1   6.2  964 216  4.7 8  5.2  86    0    0 297 -338  2
4013500 2675500  4 15  2   6.2  964 187  4.7 7  5.1  82    0    0 299 -339  2
4013500 2675500  4 15  3   6.0  964 214  4.2 6  5.1  82    0    0 288 -337  2
4013500 2675500  4 15  4   5.7  964 210  3.6 7  5.1  85    0    0 288 -333  2
4013500 2675500  4 15  5   5.3  965 214  3.4 8  5.2  88    0    0 298 -331  2
4013500 2675500  4 15  6   5.4  965 192  3.2 8  5.1  88    0    3 304 -331  2
4013500 2675500  4 15  7   5.6  966 175  3.5 8  5.1  87    0   23 304 -333  2
4013500 2675500  4 15  8   5.8  966 169  2.9 7  5.2  87    0   59 298 -339  2
4013500 2675500  4 15  9   6.6  966 182  3.8 8  5.3  85    0   63 299 -346  2
4013500 2675500  4 15 10   6.9  966 186  4.1 7  5.3  83    0   95 299 -353  2
4013500 2675500  4 15 11   7.9  966 198  5.5 7  5.3  79    0  125 298 -358  2
4013500 2675500  4 15 12   8.2  966 191  5.2 7  5.3  76    0  156 302 -361  2
4013500 2675500  4 15 13   8.2  967 188  5.8 7  5.4  76    2  252 305 -362  2
4013500 2675500  4 15 14   8.0  967 182  5.4 7  5.4  77    3  252 307 -363  2
4013500 2675500  4 15 15   7.8  966 175  4.8 6  5.3  77    9  262 301 -364  2
4013500 2675500  4 15 16   7.7  966 160  3.8 6  5.3  78   20  249 296 -365  2
4013500 2675500  4 15 17   7.7  966 190  3.4 6  5.4  79    6  162 297 -366  2
4013500 2675500  4 15 18   7.1  966 196  2.1 7  5.4  80    7  104 301 -364  2
4013500 2675500  4 15 19   7.0  966 191  1.4 6  5.3  81    0   30 299 -362  2
4013500 2675500  4 15 20   6.6  966 197  1.6 6  5.3  82    0    0 291 -360  2
4013500 2675500  4 15 21   6.3  966   3  1.4 4  5.3  84    0    0 276 -358  2
4013500 2675500  4 15 22   5.6  967   3  0.9 7  5.3  88    0    0 284 -356  2
4013500 2675500  4 15 23   5.5  966  38  0.0 7  5.4  91    0    0 304 -356  2
4013500 2675500  4 15 24   5.3  966  42  0.3 8  5.5  94    0    0 312 -355  2
4013500 2675500  4 16  1   5.2  966  41  1.2 8  5.5  95    0    0 319 -355  2
4013500 2675500  4 16  2   4.8  966  30  0.1 8  5.5  96    0    0 317 -355  2
4013500 2675500  4 16  3   4.8  965 158  1.2 7  5.5  97    0    0 310 -356  2
4013500 2675500  4 16  4   4.8  965 125  2.5 6  5.5  97    0    0 297 -356  2
4013500 2675500  4 16  5   4.2  964 127  2.1 5  5.4  98    0    0 285 -355  2
4013500 2675500  4 16  6   4.7  963 176  0.7 7  5.3  97    0    0 291 -354  2
4013500 2675500  4 16  7   5.3  963 149  0.5 7  5.4  95    0   37 304 -353  2
4013500 2675500  4 16  8   5.8  963 175  0.6 7  5.7  95  100   86 306 -354  2
4013500 2675500  4 16  9   8.4  964 149  1.8 5  6.1  92  214  106 300 -358  2
4013500 2675500  4 16 10   9.1  963 152  1.9 7  6.4  86   73  224 304 -361  2
4013500 2675500  4 16 11  10.5  963 177  1.9 6  6.6  83  162  241 313 -364  2
4013500 2675500  4 16 12  11.7  963 224  3.6 7  6.9  79    5  247 318 -363  2
4013500 2675500  4 16 13  11.0  964 232  4.9 8  6.9  78    0  142 330 -366  2
4013500 2675500  4 16 14  10.9  964 241  4.0 7  6.6  77    0  159 328 -372  2
4013500 2675500  4 16 15   9.8  965 247  4.5 7  6.3  76    0  113 320 -376  2
4013500 2675500  4 16 16   9.2  965 253  4.5 8  6.0  77    0   83 319 -377  2
4013500 2675500  4 16 17   9.0  966 196  4.6 8  5.7  76    0   54 320 -370  2
4013500 2675500  4 16 18   8.7  966 184  2.8 5  5.5  74    3   78 305 -363  2
4013500 2675500  4 16 19   8.5  966 176  2.9 7  5.4  75    8   29 300 -357  2
4013500 2675500  4 16 20   7.6  966 182  3.3 6  5.4  77    0    1 300 -350  2
4013500 2675500  4 16 21   7.0  965 175  1.6 6  5.3  80    0    0 292 -345  2
4013500 2675500  4 16 22   6.6  966 206  2.4 4  5.3  82    0    0 280 -344  2
4013500 2675500  4 16 23   6.2  966 174  2.8 4  5.3  84    0    0 270 -344  2
4013500 2675500  4 16 24   6.3  966 218  4.5 5  5.2  84    0    0 275 -341  2
4013500 2675500  4 17  1   6.0  967 202  2.3 4  5.1  83    0    0 273 -337  2
4013500 2675500  4 17  2   6.0  967 178  3.2 4  5.0  82    0    0 268 -337  2
4013500 2675500  4 17  3   5.3  967 171  4.1 4  5.0  84    0    0 267 -336  2
4013500 2675500  4 17  4   4.6  967 157  4.7 2  4.9  87    0    0 258 -333  2
4013500 2675500  4 17  5   4.4  967 142  4.7 5  4.9  88    0    0 261 -329  2
4013500 2675500  4 17  6   4.1  967 143  3.5 6  4.8  89    0    6 276 -328  2
4013500 2675500  4 17  7   4.5  968 174  4.1 6  4.8  89   44   62 279 -332  2
4013500 2675500  4 17  8   5.7  968 180  4.7 4  4.8  84  127  118 272 -338  2
4013500 2675500  4 17  9   6.6  968 185  5.1 5  4.7  76  148  192 271 -346  2
4013500 2675500  4 17 10   8.1  968 219  5.3 5  4.5  68  226  242 279 -357  2
4013500 2675500  4 17 11  10.1  969 232  5.6 3  4.5  60  324  262 278 -370  2
4013500 2675500  4 17 12  11.4  968 202  5.4 2  4.3  51  479  227 274 -383  2
4013500 2675500  4 17 13  12.9  968 193  6.3 2  4.1  45  604  172 276 -390  2
4013500 2675500  4 17 14  13.6  967 180  4.7 2  4.1  41  577  166 282 -393  2
4013500 2675500  4 17 15  14.6  967 192  5.0 3  4.0  38  496  161 290 -395  2
4013500 2675500  4 17 16  15.2  967 179  4.4 3  3.9  36  301  188 296 -394  2
4013500 2675500  4 17 17  14.3  966 171  2.9 6  3.9  36   78  176 306 -391  2
4013500 2675500  4 17 18  13.8  966 181  3.0 6  4.1  39   30  106 313 -385  2
4013500 2675500  4 17 19  13.4  966 157  2.1 7  4.3  42   10   36 314 -378  2
4013500 2675500  4 17 20  12.1  966 176  1.2 7  4.5  47    0    1 316 -371  2
4013500 2675500  4 17 21  11.2  966 199  0.4 6  4.6  52    0    0 311 -366  2
4013500 2675500  4 17 22  10.3  966  52  1.1 6  4.8  58    0    0 306 -363  2
4013500 2675500  4 17 23   9.4  966  51  0.9 6  5.0  63    0    0 305 -361  2
4013500 2675500  4 17 24   8.1  965 176  0.3 5  5.0  68    0    0 297 -360  2
4013500 2675500  4 18  1   7.5  965 124  1.6 4  5.0  72    0    0 285 -360  2
4013500 2675500  4 18  2   6.7  963 191  1.6 4  4.9  75    0    0 277 -360  2
4013500 2675500  4 18  3   6.7  963 158  2.0 3  5.0  77    0    0 268 -359  2
4013500 2675500  4 18  4   6.9  963  59  1.2 5  5.0  77    0    0 268 -359  2
4013500 2675500  4 18  5   6.7  963  62  1.3 6  5.0  77    0    0 283 -358  2
4013500 2675500  4 18  6   7.5  963  57  1.3 7  5.0  76    0    3 296 -357  2
4013500 2675500  4 18  7   7.2  964 120  1.1 7  5.1  76   11   52 302 -358  2
4013500 2675500  4 18  8   8.6  964  61  0.5 6  5.3  77   28  114 292 -358  2
4013500 2675500  4 18  9  10.2  965 132  1.2 6  5.6  73  117  167 285 -362  2
4013500 2675500  4 18 10  12.3  965 157  3.8 6  6.0  69  271  172 291 -367  2
4013500 2675500  4 18 11  12.6  966 185  4.3 6  6.3  66   84  276 294 -372  2
4013500 2675500  4 18 12  13.0  967 231  5.2 6  6.3  66   56  303 295 -383  2
4013500 2675500  4 18 13  12.6  968 231  5.1 7  6.2  64    7  260 308 -392  2
4013500 2675500  4 18 14  12.7  968 249  5.5 7  5.8  61    0  213 321 -392  2
4013500 2675500  4 18 15  12.7  969 299  4.9 7  5.5  58    0  120 323 -390  2
4013500 2675500  4 18 16  12.4  970 246  5.6 7  5.5  58    0   99 322 -386  2
4013500 2675500  4 18 17  11.8  970 224  4.9 7  5.5  60    0   94 321 -382  2
4013500 2675500  4 18 18  11.2  971 227  3.8 8  5.4  62    0   55 327 -378  2
4013500 2675500  4 18 19  10.6  972 205  2.4 8  5.4  64    0   13 334 -373  2
4013500 2675500  4 18 20   9.9  972 210  2.6 8  5.3  66    0    0 332 -370  2
4013500 2675500  4 18 21   9.6  972 196  2.4 7  5.3  68    0    0 323 -368  2
4013500 2675500  4 18 22   9.1  973 188  2.8 7  5.4  71    0    0 313 -366  2
4013500 2675500  4 18 23   8.9  973 203  2.0 7  5.4  72    0    0 314 -364  2
4013500 2675500  4 18 24   8.7  974 214  3.5 8  5.4  73    0    0 322 -362  2
4013500 2675500  4 19  1   8.3  974 202  2.0 8  5.4  75    0    0 331 -361  2
4013500 2675500  4 19  2   8.2  974 212  2.1 8  5.4  76    0    0 332 -359  2
4013500 2675500  4 19  3   8.1  974 205  2.1 8  5.4  77    0    0 332 -357  2
4013500 2675500  4 19  4   7.7  974 197  1.8 8  5.4  78    0    0 332 -356  2
4013500 2675500  4 19  5   7.4  975 213  2.0 8  5.4  80    0    0 330 -356  2
4013500 2675500  4 19  6   6.8  975 178  1.8 8  5.4  82    0    1 328 -356  2
4013500 2675500  4 19  7   6.8  975 165  1.5 8  5.4  85    0   19 328 -357  2
4013500 2675500  4 19  8   7.3  976 175  2.4 8  5.5  85    0   43 329 -359  2
4013500 2675500  4 19  9   8.0  976 168  2.4 7  5.7  84    0   82 325 -363  2
4013500 2675500  4 19 10   9.0  976 173  3.1 8  5.8  80    0  105 327 -368  2
4013500 2675500  4 19 11  10.3  976 155  3.2 8  5.8  75    0  167 337 -373  2
4013500 2675500  4 19 12  10.9  976 175  2.8 7  5.9  72    0  227 334 -379  2
4013500 2675500  4 19 13  11.8  977 180  3.1 8  6.0  69    3  251 335 -386  2
4013500 2675500  4 19 14  12.4  977 174  3.2 7  5.9  65    9  258 336 -391  2
4013500 2675500  4 19 15  12.2  976 170  2.5 7  5.8  63    0  179 330 -390  2
4013500 2675500  4 19 16  12.7  976 186  2.2 6  5.7  61    7  197 325 -387  2
4013500 2675500  4 19 17  12.6  975 203  1.3 6  5.6  59    9  150 319 -384  2
4013500 2675500  4 19 18  12.3  975  69  1.2 7  5.8  62    0   61 322 -380  2
4013500 2675500  4 19 19  11.7  975  27  0.9 8  5.9  66    0   16 328 -374  2
4013500 2675500  4 19 20  10.5  975  26  2.5 8  6.0  70    0    0 328 -367  2
4013500 2675500  4 19 21  10.3  975 350  2.2 8  6.1  75    0    0 325 -362  2
4013500 2675500  4 19 22   9.3  974 347  1.6 8  6.4  81    0    0 323 -359  2
4013500 2675500  4 19 23   9.1  974   6  0.3 8  6.6  88    0    0 321 -356  2
4013500 2675500  4 19 24   9.0  974 340  0.9 8  6.7  90    0    0 320 -353  2
4013500 2675500  4 20  1   9.2  974 352  1.0 8  6.7  89    0    0 319 -350  2
4013500 2675500  4 20  2   8.4  973  11  0.6 8  6.6  90    0    0 319 -348  2
4013500 2675500  4 20  3   8.6  973 309  0.9 8  6.8  95    0    0 320 -347  2
4013500 2675500  4 20  4   8.3  973 313  0.7 8  6.9  96    0    0 321 -346  2
4013500 2675500  4 20  5   8.5  972 332  0.8 8  6.9  96    0    0 321 -345  2
4013500 2675500  4 20  6   8.3  972 315  1.0 6  6.9  97    0    6 311 -343  2
4013500 2675500  4 20  7   8.5  972 335  0.4 8  7.0  97    5   55 312 -344  2
4013500 2675500  4 20  8   8.7  972 325  0.4 7  7.1  98    0   66 318 -351  2
4013500 2675500  4 20  9   9.0  973 313  0.8 8  7.2  98    0   72 319 -363  2
4013500 2675500  4 20 10   9.3  973 294  0.8 8  7.3  97    0  106 327 -377  2
4013500 2675500  4 20 11   9.7  973 264  1.7 8  7.3  95    0  140 328 -389  2
4013500 2675500  4 20 12  10.0  974 278  1.6 8  7.3  92    0  180 328 -398  2
4013500 2675500  4 20 13  10.6  975 276  2.3 8  7.3  90    4  260 329 -401  2
4013500 2675500  4 20 14  12.0  976 272  2.2 7  7.3  85   99  352 328 -402  2
4013500 2675500  4 20 15  12.9  976 253  1.8 6  7.3  78  143  314 322 -404  2
4013500 2675500  4 20 16  12.0  977 243  2.2 7  7.3  78  100  259 322 -404  2
4013500 2675500  4 20 17  13.9  977 284  1.7 4  7.1  74  203  159 314 -397  2
4013500 2675500  4 20 18  12.7  977 200  2.0 4  6.9  70  129  102 303 -390  2
4013500 2675500  4 20 19  12.8  978 195  1.2 6  6.7  70   45   46 310 -384  2
4013500 2675500  4 20 20  10.9  978 359  1.1 5  6.6  74    0    2 312 -374  2
4013500 2675500  4 20 21   9.2  978 335  0.9 2  6.6  83    0    0 290 -366  2
4013500 2675500  4 20 22   8.5  979 286  0.6 3  6.5  89    0    0 278 -362  2
4013500 2675500  4 20 23   7.3  980 333  0.3 3  6.3  92    0    0 279 -355  2
4013500 2675500  4 20 24   6.6  980 261  0.3 3  6.1  94    0    0 274 -349  2
4013500 2675500  4 21  1   5.9  981 248  0.8 3  5.9  96    0    0 271 -345  2
4013500 2675500  4 21  2   5.6  981 157  0.9 3  5.8  98    0    0 269 -342  2
4013500 2675500  4 21  3   5.2  981  85  0.2 2  5.7  99    0    0 263 -339  2
4013500 2675500  4 21  4   4.6  981  61  1.4 2  5.5  98    0    0 255 -336  2
4013500 2675500  4 21  5   4.0  980  51  0.5 3  5.2  97    0    0 256 -335  2
4013500 2675500  4 21  6   3.9  980  58  0.9 3  5.1  97    0   10 260 -335  2
4013500 2675500  4 21  7   3.5  981  34  0.9 4  5.1  99   35   69 264 -336  2
4013500 2675500  4 21  8   5.4  981  47  1.3 3  5.4  99  113  139 265 -343  2
4013500 2675500  4 21  9   8.6  982  93  1.8 2  6.3  98  273  167 262 -356  2
4013500 2675500  4 21 10  12.5  981 121  1.2 0  7.2  88  414  183 257 -369  2
4013500 2675500  4 21 11  14.9  982 150  1.4 0  7.3  72  519  194 257 -381  2
4013500 2675500  4 21 12  16.2  981 149  2.5 1  7.0  61  559  212 270 -389  2
4013500 2675500  4 21 13  17.4  981 151  1.7 1  6.5  53  558  223 282 -384  2
4013500 2675500  4 21 14  17.7  981 131  1.7 1  6.2  48  539  211 285 -374  2
4013500 2675500  4 21 15  18.1  980 127  1.1 2  6.0  46  436  216 294 -372  2
4013500 2675500  4 21 16  18.8  980 118  1.2 2  6.1  44  304  210 302 -372  2
4013500 2675500  4 21 17  18.6  979 132  1.9 1  6.0  43  216  162 299 -372  2
4013500 2675500  4 21 18  18.0  979 141  1.9 0  6.2  45  116  111 290 -371  2
4013500 2675500  4 21 19  16.8  979 139  2.0 0  6.4  50   29   49 287 -370  2
4013500 2675500  4 21 20  15.2  979  57  1.6 0  6.6  57    0    5 289 -369  2
4013500 2675500  4 21 21  13.3  979  53  0.7 0  6.8  64    0    0 290 -367  2
4013500 2675500  4 21 22  11.4  980  49  1.2 0  6.8  73    0    0 288 -365  2
4013500 2675500  4 21 23  10.5  979  53  1.8 0  6.8  80    0    0 284 -364  2
4013500 2675500  4 21 24   9.9  979  37  1.2 1  6.7  84    0    0 280 -363  2
4013500 2675500  4 22  1   8.9  979  61  1.1 2  6.7  88    0    0 279 -362  2
4013500 2675500  4 22  2   8.1  979  57  2.0 2  6.5  91    0    0 276 -361  2
4013500 2675500  4 22  3   7.3  979  31  1.9 2  6.3  93    0    0 270 -361  2
4013500 2675500  4 22  4   7.1  979  43  0.6 2  6.1  94    0    0 267 -361  2
4013500 2675500  4 22  5   6.2  979  62  1.4 2  6.0  96    0    0 263 -361  2
4013500 2675500  4 22  6   6.6  979 104  0.5 4  6.1  99    0    8 271 -361  2
4013500 2675500  4 22  7   6.3  979  64  1.0 5  6.2  99   32   75 287 -362  2
4013500 2675500  4 22  8  10.4  979 113  1.0 2  6.8  96  167  140 280 -364  2
4013500 2675500  4 22  9  13.0  980 157  1.9 2  7.7  87  268  189 278 -372  2
4013500 2675500  4 22 10  15.4  980 176  3.1 1  8.0  77  367  230 286 -386  2
4013500 2675500  4 22 11  19.1  980 214  2.0 1  8.0  63  451  256 295 -394  2
4013500 2675500  4 22 12  20.0  980 228  2.8 2  7.7  52  509  267 309 -396  2
4013500 2675500  4 22 13  21.3  980 208  3.9 4  7.3  47  526  268 325 -404  2
4013500 2675500  4 22 14  21.7  980 226  3.9 5  7.1  43  464  278 338 -412  2
4013500 2675500  4 22 15  22.1  980 229  3.2 4  7.0  41  288  306 338 -413  2
4013500 2675500  4 22 16  21.5  980 235  3.5 4  7.0  42  132  281 333 -411  2
4013500 2675500  4 22 17  20.7  981 251  3.2 6  7.0  43   76  210 336 -406  2
4013500 2675500  4 22 18  20.3  981 273  2.9 7  6.9  45   20  119 343 -398  2
4013500 2675500  4 22 19  18.2  980 297  2.7 8  7.1  49    8   45 346 -389  2
4013500 2675500  4 22 20  16.9  981 296  2.1 8  7.1  55    0    7 342 -380  2
4013500 2675500  4 22 21  15.9  982  40  0.3 7  6.9  57    0    0 333 -373  2
4013500 2675500  4 22 22  15.4  982  31  0.7 6  6.7  58    0    0 322 -368  2
4013500 2675500  4 22 23  14.1  983  37  0.3 6  6.8  63    0    0 316 -365  2
4013500 2675500  4 22 24  13.5  983  12  1.1 8  7.0  69    0    0 322 -363  2
4013500 2675500  4 23  1  13.0  983  15  0.9 7  7.2  73    0    0 326 -363  2
4013500 2675500  4 23  2  11.8  983  42  0.5 7  7.3  78    0    0 320 -363  2
4013500 2675500  4 23  3  11.8  982  20  0.8 6  7.2  81    0    0 315 -363  2
4013500 2675500  4 23  4   9.9  981  25  0.7 4  7.0  84    0    0 299 -363  2
4013500 2675500  4 23  5  10.2  981  33  0.9 5  7.0  88    0    0 292 -363  2
4013500 2675500  4 23  6   9.4  981  25  0.1 5  7.0  89    0   14 298 -365  2
4013500 2675500  4 23  7  10.4  980  40  0.4 6  7.0  90    4   61 304 -368  2
4013500 2675500  4 23  8  13.1  981 355  1.0 5  7.6  85   39  151 311 -374  2
4013500 2675500  4 23  9  15.8  981  77  1.8 4  8.1  76  239  196 310 -376  2
4013500 2675500  4 23 10  18.7  980 112  2.8 4  8.2  64  385  214 313 -377  2
4013500 2675500  4 23 11  21.5  980 136  4.8 3  8.0  52  476  233 314 -382  2
4013500 2675500  4 23 12  22.0  979 144  5.3 2  7.9  47  527  246 310 -391  2
4013500 2675500  4 23 13  24.1  978 157  3.7 3  7.7  42  537  250 323 -402  2
4013500 2675500  4 23 14  24.8  978 161  4.7 4  7.3  37  534  229 343 -411  2
4013500 2675500  4 23 15  25.2  977 154  4.2 2  7.2  35  464  215 344 -416  2
4013500 2675500  4 23 16  25.0  976 157  3.2 2  7.0  34  354  197 339 -417  2
4013500 2675500  4 23 17  24.5  976 178  3.7 6  7.0  35  147  197 354 -415  2
4013500 2675500  4 23 18  24.6  975 206  2.6 5  7.1  35  112  118 366 -409  2
4013500 2675500  4 23 19  22.8  975 183  1.1 5  7.0  37   38   53 359 -403  2
4013500 2675500  4 23 20  21.1  975 203  1.3 5  7.0  41    0    7 352 -399  2
4013500 2675500  4 23 21  19.2  975  51  1.0 4  7.3  48    0    0 341 -394  2
4013500 2675500  4 23 22  17.3  975  49  1.3 3  7.6  56    0    0 325 -390  2
4013500 2675500  4 23 23  15.9  975  69  0.8 3  7.7  63    0    0 315 -389  2
4013500 2675500  4 23 24  15.2  975 325  1.5 3  7.6  66    0    0 311 -387  2
4013500 2675500  4 24  1  14.3  975  58  1.5 3  7.4  68    0    0 306 -386  2
4013500 2675500  4 24  2  13.6  974 186  1.4 4  7.4  71    0    0 306 -386  2
4013500 2675500  4 24  3  13.2  974 138  2.4 3  7.2  72    0    0 304 -385  2
4013500 2675500  4 24  4  12.4  974 118  2.9 4  7.1  74    0    0 301 -383  2
4013500 2675500  4 24  5  11.7  974 141  1.5 6  7.1  78    0    0 313 -380  2
4013500 2675500  4 24  6  11.1  974 154  2.1 6  7.1  81    0    9 320 -375  2
4013500 2675500  4 24  7  14.0  974 129  2.3 5  7.2  76   20   78 318 -375  2
4013500 2675500  4 24  8  15.0  975 186  3.3 3  7.5  70  103  156 307 -378  2
4013500 2675500  4 24  9  18.7  975 179  3.8 4  7.7  61  119  238 312 -386  2
4013500 2675500  4 24 10  20.5  975 181  2.8 6  7.6  51  230  286 339 -396  2
4013500 2675500  4 24 11  21.8  975 216  4.1 5  7.2  44  358  300 349 -402  2
4013500 2675500  4 24 12  22.8  975 235  4.3 5  6.6  38  403  319 348 -408  2
4013500 2675500  4 24 13  22.9  974 254  3.4 7  6.5  36  158  406 357 -413  2
4013500 2675500  4 24 14  23.1  974 237  4.0 8  6.8  37   40  352 371 -413  2
4013500 2675500  4 24 15  22.9  974 191  2.8 7  7.3  40   21  291 372 -408  2
4013500 2675500  4 24 16  21.9  974 319  2.7 8  7.7  44    0  165 372 -403  2
4013500 2675500  4 24 17  20.2  973 283  3.3 8  7.8  48    0  115 373 -401  2
4013500 2675500  4 24 18  19.7  973 190  2.5 8  8.0  53    0   67 370 -397  2
4013500 2675500  4 24 19  18.8  973 282  2.7 8  7.9  55    0   34 366 -391  2
4013500 2675500  4 24 20  17.9  973 295  1.7 8  7.9  57    0    6 364 -386  2
4013500 2675500  4 24 21  16.5  972 308  2.7 7  7.9  62    0    0 354 -382  2
4013500 2675500  4 24 22  16.3  972 327  3.4 7  7.9  65    0    0 345 -380  2
4013500 2675500  4 24 23  15.0  972 356  3.3 6  7.9  68    0    0 336 -379  2
4013500 2675500  4 24 24  15.2  972 326  4.0 6  7.9  71    0    0 327 -376  2
4013500 2675500  4 25  1  14.4  972 329  4.3 7  8.0  73    0    0 332 -374  2
4013500 2675500  4 25  2  13.0  972 278  3.7 6  8.4  82    0    0 329 -372  2
4013500 2675500  4 25  3  12.7  973 293  4.4 8  8.8  91    0    0 333 -370  2
4013500 2675500  4 25  4  12.3  973 303  4.2 8  8.9  94    0    0 345 -369  2
4013500 2675500  4 25  5  12.1  973 274  3.8 8  8.8  95    0    0 346 -368  2
4013500 2675500  4 25  6  12.1  972 293  4.0 8  8.7  95    0    3 347 -367  2
4013500 2675500  4 25  7  12.1  973 277  3.5 7  8.7  94    0   22 340 -367  2
4013500 2675500  4 25  8  12.2  974 269  3.4 7  8.8  95    0   78 336 -368  2
4013500 2675500  4 25  9  12.0  974 279  3.6 7  8.6  94    0   87 335 -373  2
4013500 2675500  4 25 10  11.4  975 291  3.9 8  8.3  93    0  113 340 -382  2
4013500 2675500  4 25 11  10.9  976 305  4.1 8  8.0  93    0  141 344 -392  2
4013500 2675500  4 25 12  10.7  976 321  5.5 8  7.7  92    0  154 343 -398  2
4013500 2675500  4 25 13  10.1  976 331  5.4 7  7.3  90    0  168 336 -397  2
4013500 2675500  4 25 14  10.4  976 324  5.9 7  7.1  88    0  188 329 -396  2
4013500 2675500  4 25 15  10.6  976 322  4.7 7  7.1  87    2  210 328 -397  2
4013500 2675500  4 25 16  10.1  977 327  4.3 7  7.2  88    2  171 328 -394  2
4013500 2675500  4 25 17  10.5  977 319  3.9 7  7.1  87    6  143 327 -390  2
4013500 2675500  4 25 18  10.3  977 314  3.3 6  7.0  86   66   91 323 -384  2
4013500 2675500  4 25 19  10.3  977 333  2.2 7  6.9  86   26   35 323 -377  2
4013500 2675500  4 25 20  10.0  978  14  3.1 7  6.8  85    0    3 328 -368  2
4013500 2675500  4 25 21   9.5  979  24  2.8 6  6.7  86    0    0 322 -360  2
4013500 2675500  4 25 22   8.9  979  20  1.9 7  6.7  89    0    0 320 -354  2
4013500 2675500  4 25 23   7.7  979  36  1.3 7  6.6  93    0    0 322 -350  2
4013500 2675500  4 25 24   7.6  980  21  1.9 5  6.4  94    0    0 311 -347  2
4013500 2675500  4 26  1   5.6  980  36  2.4 3  6.0  95    0    0 289 -345  2
4013500 2675500  4 26  2   5.4  980   9  2.1 2  5.7  97    0    0 271 -342  2
4013500 2675500  4 26  3   5.2  980 338  1.8 2  5.6  97    0    0 266 -340  2
4013500 2675500  4 26  4   4.4  980  24  1.9 5  5.4  98    0    0 279 -339  2
4013500 2675500  4 26  5   3.7  979  33  2.7 5  5.2  98    0    0 292 -339  2
4013500 2675500  4 26  6   3.9  979  37  2.7 4  5.1  98    0   15 286 -340  2
4013500 2675500  4 26  7   4.8  980  36  3.4 6  5.3  98   21   78 292 -342  2
4013500 2675500  4 26  8   5.6  981  39  3.3 5  5.6  98   42  157 300 -349  2
4013500 2675500  4 26  9   7.4  981  66  3.1 4  6.0  96   79  236 293 -359  2
4013500 2675500  4 26 10   9.8  980  99  2.3 3  6.2  86  292  250 290 -371  2
4013500 2675500  4 26 11  11.2  980  93  2.4 4  6.3  77  564  169 295 -382  2
4013500 2675500  4 26 12  13.2  981 102  1.5 4  6.3  68  597  192 306 -392  2
4013500 2675500  4 26 13  14.4  980 110  2.3 4  6.2  61  605  197 311 -403  2
4013500 2675500  4 26 14  15.4  980 172  2.0 5  6.1  56  572  193 318 -411  2
4013500 2675500  4 26 15  16.5  979 121  1.4 3  6.0  52  496  185 317 -415  2
4013500 2675500  4 26 16  17.2  979 153  2.2 3  6.1  49  419  153 313 -414  2
4013500 2675500  4 26 17  17.2  978 151  1.9 5  6.1  48  288  133 321 -410  2
4013500 2675500  4 26 18  17.4  978 142  2.5 5  6.2  48  145  103 328 -404  2
4013500 2675500  4 26 19  15.8  978 176  2.9 5  6.3  52   42   53 327 -397  2
4013500 2675500  4 26 20  14.2  978 152  2.3 4  6.4  59    0    8 319 -387  2
4013500 2675500  4 26 21  12.7  978 135  1.9 3  6.5  66    0    0 308 -378  2
4013500 2675500  4 26 22  11.4  979 131  1.5 2  6.6  73    0    0 296 -372  2
4013500 2675500  4 26 23  10.4  978 147  1.5 2  6.6  79    0    0 285 -369  2
4013500 2675500  4 26 24   9.8  979 183  1.7 3  6.7  83    0    0 274 -366  2
4013500 2675500  4 27  1   9.5  966 216  1.8 4  6.8  85    0    0 343 -364  2
4013500 2675500  4 27  2   9.5  966 250  1.9 6  6.8  86    0    0 328 -362  2
4013500 2675500  4 27  3   9.4  966 241  1.7 7  6.8  88    0    0 328 -361  2
4013500 2675500  4 27  4   9.2  966 209  1.4 7  6.9  90    0    0 333 -359  2
4013500 2675500  4 27  5   9.1  966 191  1.6 7  6.9  90    0    0 331 -358  2
4013500 2675500  4 27  6   8.8  966 125  1.1 8  7.0  94    0    3 337 -357  2
4013500 2675500  4 27  7   9.3  966 185  1.6 7  7.0  93    0   26 337 -357  2
4013500 2675500  4 27  8   9.8  966 338  1.8 7  7.1  91    0   76 330 -359  2
4013500 2675500  4 27  9   9.8  967 140  1.7 7  7.2  91    0   76 331 -363  2
4013500 2675500  4 27 10   9.8  967 303  1.2 8  7.4  93    0   99 339 -369  2
4013500 2675500  4 27 11  10.9  967 273  1.3 8  7.5  91    0  120 349 -371  2
4013500 2675500  4 27 12  11.7  968 290  1.7 8  7.5  86    0  182 352 -372  2
4013500 2675500  4 27 13  12.5  968 229  1.5 7  7.6  82    0  225 347 -375  2
4013500 2675500  4 27 14  13.5  968 242  2.0 5  7.7  78   93  378 334 -385  2
4013500 2675500  4 27 15  15.0  968 259  1.9 5  7.8  73  242  340 328 -392  2
4013500 2675500  4 27 16  15.1  968 288  2.9 5  7.8  70  308  240 330 -389  2
4013500 2675500  4 27 17  15.2  968 215  3.6 4  7.8  69  181  199 323 -383  2
4013500 2675500  4 27 18  13.8  968 194  4.0 8  8.0  74   13  120 334 -379  2
4013500 2675500  4 27 19  13.8  968 262  3.1 5  8.0  78    0   18 336 -376  2
4013500 2675500  4 27 20  11.9  969 335  3.3 7  7.8  81    0    1 326 -371  2
4013500 2675500  4 27 21  11.1  970   9  2.9 8  7.5  85    0    0 337 -365  2
4013500 2675500  4 27 22   9.8  971 337  2.6 8  7.2  87    0    0 337 -360  2
4013500 2675500  4 27 23  10.0  972 345  2.4 8  7.1  89    0    0 334 -356  2
4013500 2675500  4 27 24   9.4  972 332  3.2 8  7.0  89    0    0 333 -353  2
4013500 2675500  4 28  1   9.0  972 328  3.7 8  6.6  87    0    0 330 -351  2
4013500 2675500  4 28  2   8.3  973 323  3.4 8  6.3  86    0    0 327 -350  2
4013500 2675500  4 28  3   7.4  973 323  3.0 8  6.0  87    0    0 324 -348  2
4013500 2675500  4 28  4   6.9  974 352  3.5 8  5.7  87    0    0 322 -346  2
4013500 2675500  4 28  5   5.8  974 345  3.5 7  5.4  87    0    0 314 -343  2
4013500 2675500  4 28  6   5.6  974   3  3.0 8  5.0  84    0    6 313 -341  2
4013500 2675500  4 28  7   5.0  975 351  3.1 6  4.7  81    0   51 305 -343  2
4013500 2675500  4 28  8   4.9  976 355  3.3 7  4.5  80    0  106 298 -351  2
4013500 2675500  4 28  9   5.3  977  10  3.5 7  4.4  77    2  172 304 -366  2
4013500 2675500  4 28 10   5.6  977  13  2.9 6  4.3  75   31  293 300 -383  2
4013500 2675500  4 28 11   6.9  978 356  3.1 4  4.3  70  173  391 286 -402  2
4013500 2675500  4 28 12   7.6  978 353  2.7 4  4.2  64  285  409 280 -413  2
4013500 2675500  4 28 13   8.7  978 351  1.8 4  4.2  60  344  402 284 -415  2
4013500 2675500  4 28 14   9.5  979 302  1.4 4  4.3  58  360  374 288 -424  2
4013500 2675500  4 28 15  10.5  979 349  2.0 2  4.4  56  329  332 281 -431  2
4013500 2675500  4 28 16  10.7  979 351  2.6 2  4.5  55  301  264 274 -427  2
4013500 2675500  4 28 17  10.1  979 313  2.3 2  4.5  55  228  202 272 -420  2
4013500 2675500  4 28 18  10.2  979   1  2.5 2  4.3  54  126  141 270 -410  2
4013500 2675500  4 28 19   9.0  980 355  2.9 1  4.3  55   41   68 262 -398  2
4013500 2675500  4 28 20   7.0  981 351  2.5 0  4.3  63    2   11 248 -386  2
4013500 2675500  4 28 21   5.1  981 338  1.9 0  4.4  73    0    0 236 -375  2
4013500 2675500  4 28 22   4.2  981 334  1.9 2  4.3  79    0    0 240 -367  2
4013500 2675500  4 28 23   3.2  982 347  1.1 2  4.2  82    0    0 248 -362  2
4013500 2675500  4 28 24   2.8  982   6  0.7 1  4.1  84    0    0 242 -359  2
4013500 2675500  4 29  1   2.8  982 352  1.2 0  4.0  84    0    0 232 -356  2
4013500 2675500  4 29  2   2.3  982  19  1.4 0  4.0  86    0    0 228 -354  2
4013500 2675500  4 29  3   1.9  982  36  1.2 1  4.0  88    0    0 232 -353  2
4013500 2675500  4 29  4   2.5  982  25  0.9 2  4.1  88    0    0 242 -351  2
4013500 2675500  4 29  5   2.1  982  29  1.1 4  4.1  88    0    0 256 -349  2
4013500 2675500  4 29  6   1.7  982  46  1.0 6  4.1  90    7   18 274 -348  2
4013500 2675500  4 29  7   2.8  982  28  1.0 7  4.2  90   14   74 291 -352  2
4013500 2675500  4 29  8   5.1  982 114  2.3 5  4.4  86  105  157 292 -361  2
4013500 2675500  4 29  9   6.6  983 109  2.7 4  4.8  80  288  184 282 -373  2
4013500 2675500  4 29 10   9.4  982 132  2.3 4  5.1  74  410  210 286 -388  2
4013500 2675500  4 29 11  11.8  982 134  2.2 3  5.5  68  411  276 292 -404  2
4013500 2675500  4 29 12  13.7  982 132  1.6 3  5.8  62  525  259 296 -417  2
4013500 2675500  4 29 13  14.7  982 147  2.4 4  5.9  56  508  277 306 -427  2
4013500 2675500  4 29 14  15.4  981 187  1.5 6  5.9  54  302  352 324 -430  2
4013500 2675500  4 29 15  16.1  981 146  1.5 4  6.1  53  221  330 328 -432  2
4013500 2675500  4 29 16  16.1  980 139  1.5 4  6.3  54  159  280 323 -433  2
4013500 2675500  4 29 17  15.8  980 167  1.7 7  6.4  55  103  210 333 -429  2
4013500 2675500  4 29 18  15.5  980 157  0.9 8  6.3  55   17  121 346 -421  2
4013500 2675500  4 29 19  14.7  980  52  1.0 8  6.4  58    2   43 347 -412  2
4013500 2675500  4 29 20  13.1  980  51  1.5 8  6.4  63    0    6 345 -404  2
4013500 2675500  4 29 21  11.9  980  91  1.8 8  6.4  68    0    0 342 -398  2
4013500 2675500  4 29 22  10.6  980  41  2.2 6  6.4  75    0    0 332 -393  2
4013500 2675500  4 29 23   9.8  980  37  1.9 6  6.5  81    0    0 321 -388  2
4013500 2675500  4 29 24   9.2  980  62  1.1 4  6.4  83    0    0 311 -384  2
4013500 2675500  4 30  1   8.3  981  59  2.1 6  6.3  86    0    0 308 -381  2
4013500 2675500  4 30  2   8.6  980  75  1.7 7  6.4  89    0    0 323 -379  2
4013500 2675500  4 30  3   8.3  981  56  0.8 7  6.4  90    0    0 329 -379  2
4013500 2675500  4 30  4   7.5  981  73  0.7 7  6.3  92    0    0 328 -379  2
4013500 2675500  4 30  5   8.5  981  55  0.2 8  6.4  92    0    0 333 -379  2
4013500 2675500  4 30  6   8.1  981  55  0.6 8  6.5  92   16   10 339 -379  2
4013500 2675500  4 30  7   8.3  982  49  0.3 6  6.5  93    4   50 329 -380  2
4013500 2675500  4 30  8   9.5  982  69  0.0 7  6.7  91    2   99 326 -382  2
4013500 2675500  4 30  9  10.0  983 143  0.2 8  7.0  90    0   72 340 -384  2
4013500 2675500  4 30 10  11.6  983  75  0.0 8  7.2  87    0  146 348 -385  2
4013500 2675500  4 30 11  13.7  984 323  0.8 6  7.5  80   18  256 344 -388  2
4013500 2675500  4 30 12  13.8  984   0  0.3 6  7.6  76   65  291 338 -395  2
4013500 2675500  4 30 13  15.0  984 134  0.9 5  7.7  73  183  272 336 -398  2
4013500 2675500  4 30 14  13.8  984 177  2.1 6  7.8  74   97  281 336 -400  2
4013500 2675500  4 30 15  13.9  985 161  2.1 8  7.9  77    0  145 349 -401  2
4013500 2675500  4 30 16  14.4  985 151  1.6 7  8.0  77    0  106 355 -401  2
4013500 2675500  4 30 17  13.9  985  41  1.2 8  8.0  77    0   74 354 -401  2
4013500 2675500  4 30 18  12.6  985 179  1.4 8  8.1  82    0   29 356 -397  2
4013500 2675500  4 30 19  11.8  985 357  0.9 8  8.1  88    0   19 353 -392  2
4013500 2675500  4 30 20  11.2  985 343  1.3 8  8.0  91    0    2 352 -385  2
4013500 2675500  4 30 21  11.1  986   0  0.4 8  7.9  93    0    0 350 -383  2
4013500 2675500  4 30 22  11.0  987 359  1.2 8  7.8  93    0    0 350 -382  2
4013500 2675500  4 30 23  11.1  987   3  0.6 8  7.8  93    0    0 350 -381  2
4013500 2675500  4 30 24  10.7  987 352  0.8 8  7.8  93    0    0 350 -381  2
4013500 2675500  5  1  1  10.6  988 354  0.9 6  7.8  95    0    0 328 -379  2
4013500 2675500  5  1  2  10.3  988 356  1.1 7  7.8  96    0    0 332 -379  2
4013500 2675500  5  1  3  10.1  987 355  0.7 8  7.7  96    0    0 342 -379  2
4013500 2675500  5  1  4   9.8  987  49  1.6 8  7.6  96    0    0 347 -378  2
4013500 2675500  5  1  5   9.7  987  14  1.3 6  7.4  95    0    0 335 -378  2
4013500 2675500  5  1  6   9.9  988 352  1.6 7  7.2  93    0    6 329 -378  2
4013500 2675500  5  1  7   9.5  988 352  1.7 8  7.2  94    0   25 339 -379  2
4013500 2675500  5  1  8   9.7  988   2  1.8 8  7.2  95    0   75 344 -380  2
4013500 2675500  5  1  9  10.3  989  23  2.5 8  7.3  93   11  207 344 -381  2
4013500 2675500  5  1 10  11.6  989  59  2.6 5  7.2  86  190  304 330 -384  2
4013500 2675500  5  1 11  13.0  989  77  2.5 4  7.1  77  370  292 312 -386  2
4013500 2675500  5  1 12  14.5  989  80  3.3 5  7.1  71  210  377 318 -389  2
4013500 2675500  5  1 13  14.7  990  72  3.8 5  6.9  65  176  382 326 -394  2
4013500 2675500  5  1 14  14.9  990  54  4.2 6  6.7  62   94  351 332 -398  2
4013500 2675500  5  1 15  14.6  990  36  3.1 8  6.6  62   29  276 345 -398  2
4013500 2675500  5  1 16  14.9  990  57  3.2 7  6.6  61  152  273 348 -400  2
4013500 2675500  5  1 17  14.8  990  56  3.3 5  6.4  59  182  195 333 -401  2
4013500 2675500  5  1 18  14.9  990  52  2.9 3  6.2  58  105  134 315 -398  2
4013500 2675500  5  1 19  13.9  989  65  3.0 2  6.2  59   31   68 301 -392  2
4013500 2675500  5  1 20  12.2  989  54  1.6 2  6.1  64    1   11 291 -382  2
4013500 2675500  5  1 21  10.5  990  82  0.8 1  6.0  70    0    0 281 -374  2
4013500 2675500  5  1 22   9.6  991  73  1.2 1  5.9  75    0    0 272 -369  2
4013500 2675500  5  1 23   9.0  992   4  1.0 1  5.7  76    0    0 270 -366  2
4013500 2675500  5  1 24   7.9  992  37  0.0 0  5.5  79    0    0 263 -363  2
4013500 2675500  5  2  1   6.0  991  20  0.0 0  5.4  85    0    0 254 -359  2
4013500 2675500  5  2  2   6.3  992  37  0.0 0  5.3  88    0    0 251 -356  2
4013500 2675500  5  2  3   5.4  992  40  0.1 0  5.2  88    0    0 250 -354  2
4013500 2675500  5  2  4   5.0  992  31  0.0 0  5.0  90    0    0 247 -352  2
4013500 2675500  5  2  5   4.3  992  18  0.1 2  4.9  91    0    0 253 -351  2
4013500 2675500  5  2  6   4.3  993  45  0.1 2  4.8  92    7   30 259 -353  2
4013500 2675500  5  2  7   5.7  993  63  0.0 1  5.0  90   77   96 255 -358  2
4013500 2675500  5  2  8   8.8  993  40  0.0 2  5.5  85  226  133 261 -367  2
4013500 2675500  5  2  9  11.2  994 115  0.9 3  5.9  75  376  154 278 -382  2
4013500 2675500  5  2 10  12.5  994  84  2.3 0  5.8  66  499  173 275 -395  2
4013500 2675500  5  2 11  14.0  994  84  3.3 1  5.6  58  598  184 272 -403  2
4013500 2675500  5  2 12  15.4  994  77  3.9 1  5.6  52  646  197 282 -408  2
4013500 2675500  5  2 13  15.9  993 108  3.9 1  5.2  47  664  196 286 -412  2
4013500 2675500  5  2 14  16.8  994  72  3.4 1  5.0  42  646  183 288 -413  2
4013500 2675500  5  2 15  16.9  994  65  2.9 1  4.9  41  568  177 291 -413  2
4013500 2675500  5  2 16  17.2  993  73  3.8 1  5.2  42  451  166 292 -409  2
4013500 2675500  5  2 17  16.7  993  88  3.3 3  5.2  42  306  151 298 -405  2
4013500 2675500  5  2 18  15.9  993  80  4.3 4  4.8  41  132  133 304 -399  2
4013500 2675500  5  2 19  15.0  992  68  3.6 5  4.6  42   31   72 305 -391  2
4013500 2675500  5  2 20  12.8  992  38  3.7 5  4.6  46    0   12 303 -380  2
4013500 2675500  5  2 21  10.6  993  51  2.8 4  4.7  54    0    0 293 -369  2
4013500 2675500  5  2 22   9.1  994  17  1.7 1  4.6  60    0    0 274 -361  2
4013500 2675500  5  2 23   8.6  994   2  0.6 1  4.5  62    0    0 260 -357  2
4013500 2675500  5  2 24   8.0  994  15  0.0 1  4.4  64    0    0 258 -355  2
4013500 2675500  5  3  1   7.1  994  31  0.0 0  4.3  66    0    0 252 -352  2
4013500 2675500  5  3  2   5.7  994 145  0.0 0  4.3  70    0    0 245 -351  2
4013500 2675500  5  3  3   5.0  994 192  0.2 0  4.3  76    0    0 241 -349  2
4013500 2675500  5  3  4   3.6  994 149  0.5 0  4.2  80    0    0 237 -346  2
4013500 2675500  5  3  5   3.6  994  28  0.6 0  4.2  84    0    0 235 -343  2
4013500 2675500  5  3  6   3.8  994 130  0.7 0  4.2  83   12   31 233 -342  2
4013500 2675500  5  3  7   6.3  994 350  0.0 1  4.4  79  100   85 240 -345  2
4013500 2675500  5  3  8   8.2  994 194  0.5 0  4.6  72  271  100 244 -357  2
4013500 2675500  5  3  9  10.6  995 162  1.4 1  4.8  64  436  105 249 -374  2
4013500 2675500  5  3 10  13.0  995 140  2.1 2  4.8  55  589  101 266 -390  2
4013500 2675500  5  3 11  14.3  995 139  2.6 2  4.8  48  692  103 279 -400  2
4013500 2675500  5  3 12  15.9  995 150  2.6 2  4.7  43  720  127 284 -408  2
4013500 2675500  5  3 13  16.8  995 149  2.4 2  4.6  39  691  155 289 -416  2
4013500 2675500  5  3 14  18.0  994 140  2.6 2  4.6  37  644  161 293 -421  2
4013500 2675500  5  3 15  18.4  993 135  1.9 1  4.7  35  625  120 294 -423  2
4013500 2675500  5  3 16  19.1  993 135  1.1 1  4.7  34  510  113 293 -423  2
4013500 2675500  5  3 17  19.2  992 152  1.2 1  4.8  34  356  110 294 -420  2
4013500 2675500  5  3 18  18.8  992 229  1.6 1  5.0  36  195   98 293 -414  2
4013500 2675500  5  3 19  17.8  992 224  1.8 1  5.1  38   59   65 292 -404  2
4013500 2675500  5  3 20  15.3  992 215  1.8 1  5.2  44    3   15 288 -391  2
4013500 2675500  5  3 21  13.3  991 352  1.1 1  5.4  52    0    0 281 -380  2
4013500 2675500  5  3 22  10.7  992  12  0.5 0  5.5  62    0    0 271 -372  2
4013500 2675500  5  3 23  10.2  992   7  0.2 0  5.5  68    0    0 262 -367  2
4013500 2675500  5  3 24   8.9  992  10  0.0 1  5.5  73    0    0 263 -363  2
4013500 2675500  5  4  1   7.2  992 356  0.0 0  5.4  79    0    0 258 -360  2
4013500 2675500  5  4  2   6.1  991 138  0.0 0  5.3  86    0    0 251 -359  2
4013500 2675500  5  4  3   5.8  991 163  0.1 1  5.2  88    0    0 253 -359  2
4013500 2675500  5  4  4   5.2  991 175  0.1 2  5.2  90    0    0 260 -359  2
4013500 2675500  5  4  5   4.3  991 233  0.5 5  5.1  93    0    0 271 -361  2
4013500 2675500  5  4  6   4.8  991 330  0.0 6  5.0  93   10   31 285 -362  2
4013500 2675500  5  4  7   6.7  991 310  0.0 5  5.2  89   87   90 287 -365  2
4013500 2675500  5  4  8  10.1  992 315  0.1 4  5.6  80  233  123 286 -374  2
4013500 2675500  5  4  9  13.5  991 285  0.5 4  6.2  70  292  193 292 -387  2
4013500 2675500  5  4 10  16.2  991 359  1.2 7  6.4  60  365  240 311 -400  2
4013500 2675500  5  4 11  18.3  991 336  1.2 6  6.5  52  495  233 325 -411  2
4013500 2675500  5  4 12  19.3  991 331  1.7 6  6.4  46  635  190 327 -418  2
4013500 2675500  5  4 13  20.1  991 338  2.4 7  5.9  40  482  288 333 -423  2
4013500 2675500  5  4 14  20.5  990 320  2.1 6  5.7  38  554  225 336 -427  2
4013500 2675500  5  4 15  21.1  990 312  2.5 2  5.6  36  548  175 323 -428  2
4013500 2675500  5  4 16  21.4  989 330  2.1 2  5.5  34  468  145 313 -424  2
4013500 2675500  5  4 17  21.5  989 347  1.8 4  5.5  34  345  122 320 -419  2
4013500 2675500  5  4 18  20.3  989 353  2.9 4  5.8  37  175  111 324 -412  2
4013500 2675500  5  4 19  19.3  988 350  2.4 4  6.1  41   52   68 320 -404  2
4013500 2675500  5  4 20  16.6  989 342  1.5 2  6.0  46    2   15 307 -394  2
4013500 2675500  5  4 21  14.2  989 352  0.6 2  5.8  52    0    0 291 -386  2
4013500 2675500  5  4 22  12.4  989 347  0.7 1  5.8  59    0    0 278 -381  2
4013500 2675500  5  4 23  11.9  989 353  1.2 0  5.9  65    0    0 267 -377  2
4013500 2675500  5  4 24  10.3  990 338  0.5 0  6.0  71    0    0 261 -373  2
4013500 2675500  5  5  1   9.4  990 356  0.5 0  6.0  77    0    0 260 -370  2
4013500 2675500  5  5  2   7.3  990 351  0.0 1  5.9  84    0    0 259 -367  2
4013500 2675500  5  5  3   6.6  990 317  0.1 0  5.7  90    0    0 255 -365  2
4013500 2675500  5  5  4   5.5  989 337  0.0 1  5.6  94    0    0 252 -364  2
4013500 2675500  5  5  5   6.5  989 332  0.0 2  5.6  93    0    0 258 -362  2
4013500 2675500  5  5  6   5.6  989 316  0.0 4  5.5  92    6   32 269 -361  2
4013500 2675500  5  5  7   6.9  989 323  0.0 5  5.7  93   65  103 278 -365  2
4013500 2675500  5  5  8  10.7  990 303  0.0 3  6.3  87  223  144 281 -376  2
4013500 2675500  5  5  9  13.7  990 262  0.0 3  7.0  77  353  178 287 -391  2
4013500 2675500  5  5 10  17.7  990 259  0.3 5  7.2  63  468  205 304 -405  2
4013500 2675500  5  5 11  19.5  989 298  0.2 5  6.9  51  577  213 318 -418  2
4013500 2675500  5  5 12  20.6  989 326  0.8 6  6.7  44  616  232 326 -429  2
4013500 2675500  5  5 13  21.2  988 321  0.6 6  6.5  41  601  251 332 -439  2
4013500 2675500  5  5 14  22.3  988 291  1.3 6  6.4  39  634  210 334 -445  2
4013500 2675500  5  5 15  22.5  988 304  1.0 2  6.4  37  531  214 326 -446  2
4013500 2675500  5  5 16  22.6  987 325  1.4 2  6.5  37  383  215 316 -443  2
4013500 2675500  5  5 17  23.0  987 330  1.4 5  6.6  37  231  196 323 -436  2
4013500 2675500  5  5 18  22.0  986 305  1.4 6  6.4  37   91  151 332 -427  2
4013500 2675500  5  5 19  20.8  985 320  0.8 7  6.5  40   17   72 334 -417  2
4013500 2675500  5  5 20  19.1  985 338  0.2 6  6.8  45    0   12 329 -407  2
4013500 2675500  5  5 21  16.8  985 353  0.0 6  6.9  52    0    0 319 -399  2
4013500 2675500  5  5 22  15.8  986 357  0.3 3  7.0  59    0    0 302 -394  2
4013500 2675500  5  5 23  12.0  986 336  0.2 3  7.0  69    0    0 285 -390  2
4013500 2675500  5  5 24  11.9  985 330  0.4 2  6.9  77    0    0 277 -385  2
4013500 2675500  5  6  1   9.2  984 302  0.0 1  6.7  82    0    0 268 -380  2
4013500 2675500  5  6  2   8.2  984 311  0.2 0  6.6  91    0    0 256 -377  2
4013500 2675500  5  6  3   8.2  984 225  0.4 0  6.5  93    0    0 250 -374  2
4013500 2675500  5  6  4   7.5  984 223  0.8 3  6.4  93    0    0 259 -371  2
4013500 2675500  5  6  5   7.2  983 197  0.4 5  6.2  94    0    0 273 -368  2
4013500 2675500  5  6  6   6.3  983 218  0.8 6  6.1  96   13   36 280 -367  2
4013500 2675500  5  6  7   8.3  983 216  0.4 4  6.3  95   87   99 278 -370  2
4013500 2675500  5  6  8  11.1  983 329  0.0 3  6.9  89  221  145 275 -380  2
4013500 2675500  5  6  9  16.4  983 243  0.2 3  7.6  75  244  234 287 -394  2
4013500 2675500  5  6 10  18.0  983 324  1.2 5  7.9  62  318  285 304 -408  2
4013500 2675500  5  6 11  20.3  982 324  1.6 5  7.7  54  478  270 318 -421  2
4013500 2675500  5  6 12  21.7  983 331  2.6 4  7.3  46  559  266 322 -434  2
4013500 2675500  5  6 13  22.9  982 319  3.4 4  6.7  39  495  310 324 -443  2
4013500 2675500  5  6 14  23.4  982 316  4.2 4  6.8  37  411  330 329 -448  2
4013500 2675500  5  6 15  23.4  982 321  3.3 2  7.2  39  425  272 326 -450  2
4013500 2675500  5  6 16  22.4  981 321  3.6 2  7.4  41  347  235 321 -448  2
4013500 2675500  5  6 17  21.9  981 326  3.9 3  7.5  43  221  201 321 -443  2
4013500 2675500  5  6 18  20.7  981 348  3.7 3  7.3  44  115  144 320 -433  2
4013500 2675500  5  6 19  19.4  981 354  3.6 3  7.3  48   33   75 315 -419  2
4013500 2675500  5  6 20  17.3  980 278  2.6 3  7.3  55    1   14 309 -406  2
4013500 2675500  5  6 21  15.6  981 211  2.0 2  7.2  61    0    0 303 -396  2
4013500 2675500  5  6 22  13.9  981 213  1.6 2  7.2  67    0    0 293 -389  2
4013500 2675500  5  6 23  12.6  982 194  1.8 2  7.0  72    0    0 285 -383  2
4013500 2675500  5  6 24  11.7  981 238  2.2 3  6.8  74    0    0 278 -378  2
4013500 2675500  5  7  1  11.1  977 221  2.7 4  6.6  76    0    0 341 -368  2
4013500 2675500  5  7  2  10.7  978 244  3.2 5  6.4  76    0    0 331 -367  2
4013500 2675500  5  7  3  10.5  978 222  3.7 6  6.4  77    0    0 315 -367  2
4013500 2675500  5  7  4  10.4  979 221  3.7 6  6.4  79    0    0 309 -366  2
4013500 2675500  5  7  5  10.4  979 217  4.0 6  6.5  80    0    0 324 -365  2
4013500 2675500  5  7  6  10.1  979 218  3.8 7  6.6  83    2   23 334 -366  2
4013500 2675500  5  7  7  10.3  980 211  4.5 6  6.8  85    0   59 330 -367  2
4013500 2675500  5  7  8  10.8  981 204  4.7 7  7.0  85    5  121 331 -372  2
4013500 2675500  5  7  9  10.9  982 204  4.6 7  7.2  86   63  185 336 -377  2
4013500 2675500  5  7 10  12.0  982 216  5.8 7  7.2  83  104  221 337 -382  2
4013500 2675500  5  7 11  13.2  983 209  4.8 7  7.4  78   32  257 342 -385  2
4013500 2675500  5  7 12  14.1  984 212  4.8 7  7.6  76   24  267 345 -389  2
4013500 2675500  5  7 13  15.3  984 211  3.9 6  7.7  72   54  288 345 -391  2
4013500 2675500  5  7 14  15.0  984 217  4.2 6  7.6  69   49  264 342 -391  2
4013500 2675500  5  7 15  15.3  984 225  3.8 6  7.6  68    0  151 341 -391  2
4013500 2675500  5  7 16  15.6  984 224  4.0 7  7.6  67    0  120 344 -394  2
4013500 2675500  5  7 17  16.1  984 221  3.2 8  7.6  66    0  119 350 -396  2
4013500 2675500  5  7 18  15.8  984 198  0.8 8  7.7  66   10  104 351 -393  2
4013500 2675500  5  7 19  15.2  984 166  1.0 7  7.7  68   30   47 344 -390  2
4013500 2675500  5  7 20  13.7  985 170  0.9 3  7.6  72    0    0 321 -386  2
4013500 2675500  5  7 21  11.5  984 135  0.7 1  7.3  78    0    0 292 -377  2
4013500 2675500  5  7 22  10.7  985  97  1.5 1  7.1  83    0    0 280 -369  2
4013500 2675500  5  7 23   9.9  986  64  2.0 1  7.0  86    0    0 276 -365  2
4013500 2675500  5  7 24   9.2  987  55  1.7 1  6.8  89    0    0 273 -361  2
4013500 2675500  5  8  1   8.1  987  51  1.4 2  6.7  93    0    0 272 -359  2
4013500 2675500  5  8  2   7.3  987  50  1.3 2  6.4  95    0    0 272 -357  2
4013500 2675500  5  8  3   6.8  988  54  1.2 2  6.2  96    0    0 270 -355  2
4013500 2675500  5  8  4   6.2  988  25  1.4 2  6.0  97    0    0 268 -355  2
4013500 2675500  5  8  5   5.5  987  42  1.8 4  5.9  99    0    0 268 -353  2
4013500 2675500  5  8  6   6.1  988  21  1.5 4  5.9  99    8   33 269 -353  2
4013500 2675500  5  8  7   7.4  989  17  1.2 2  6.2  99  106   92 266 -356  2
4013500 2675500  5  8  8   9.3  990  32  1.8 1  7.0 100  256  120 260 -364  2
4013500 2675500  5  8  9  13.4  990 138  1.7 1  7.5  88  395  140 263 -377  2
4013500 2675500  5  8 10  15.6  990 150  1.6 2  7.6  72  498  167 277 -394  2
4013500 2675500  5  8 11  17.2  990 148  3.0 3  7.5  63  560  196 290 -410  2
4013500 2675500  5  8 12  18.2  990 179  2.0 3  7.5  58  615  203 299 -424  2
4013500 2675500  5  8 13  19.2  990 198  3.3 3  7.7  56  629  203 304 -435  2
4013500 2675500  5  8 14  20.7  989 195  3.1 4  7.7  52  572  215 312 -442  2
4013500 2675500  5  8 15  21.9  989 206  2.3 2  7.6  47  509  200 315 -444  2
4013500 2675500  5  8 16  21.7  989 188  1.9 2  7.6  46  406  183 314 -443  2
4013500 2675500  5  8 17  21.4  988 170  1.9 6  7.4  45  257  168 321 -440  2
4013500 2675500  5  8 18  21.0  988 142  1.6 7  7.2  45   99  138 328 -432  2
4013500 2675500  5  8 19  19.9  988 121  1.1 7  7.3  47   20   69 328 -421  2
4013500 2675500  5  8 20  18.4  988  65  0.8 6  7.2  51    5   17 322 -409  2
4013500 2675500  5  8 21  15.5  989  61  0.9 5  7.2  59    0    0 311 -397  2
4013500 2675500  5  8 22  13.1  990  71  0.9 2  7.3  70    0    0 293 -389  2
4013500 2675500  5  8 23  12.4  989  73  1.3 1  7.4  78    0    0 280 -385  2
4013500 2675500  5  8 24  10.1  990  55  1.6 0  7.2  84    0    0 272 -382  2
4013500 2675500  5  9  1   9.4  990  43  1.2 0  7.0  91    0    0 264 -379  2
4013500 2675500  5  9  2   9.0  990  71  1.1 0  6.8  92    0    0 260 -376  2
4013500 2675500  5  9  3  10.3  990  36  0.9 0  6.7  88    0    0 258 -374  2
4013500 2675500  5  9  4   9.2  990  36  1.3 1  6.7  86    0    0 259 -373  2
4013500 2675500  5  9  5   8.3  989  43  2.3 3  6.5  91    0    0 265 -372  2
4013500 2675500  5  9  6   7.9  989  59  2.6 4  6.5  95    0   17 274 -372  2
4013500 2675500  5  9  7  10.5  989  57  2.6 6  6.9  92   65  102 287 -376  2
4013500 2675500  5  9  8  12.9  989 116  2.5 1  7.4  84  199  146 289 -384  2
4013500 2675500  5  9  9  15.6  990 114  2.1 1  8.0  77  304  189 291 -397  2
4013500 2675500  5  9 10  18.7  989 156  1.5 6  8.5  68  328  257 312 -416  2
4013500 2675500  5  9 11  20.0  989 173  2.6 6  8.7  60  410  280 328 -434  2
4013500 2675500  5  9 12  22.7  989 159  2.0 6  8.6  53  530  256 337 -445  2
4013500 2675500  5  9 13  24.3  989 142  2.2 6  8.2  44  604  222 346 -452  2
4013500 2675500  5  9 14  24.5  989 102  3.5 6  7.7  40  549  232 351 -457  2
4013500 2675500  5  9 15  25.2  988 228  2.7 3  7.6  38  395  265 349 -458  2
4013500 2675500  5  9 16  25.5  988 252  3.1 3  7.7  37  278  247 347 -456  2
4013500 2675500  5  9 17  25.2  987 229  2.7 5  7.7  37  215  189 351 -453  2
4013500 2675500  5  9 18  24.7  987 218  1.7 5  7.7  38  164  120 354 -444  2
4013500 2675500  5  9 19  23.1  987 244  1.2 4  7.8  41   71   71 350 -433  2
4013500 2675500  5  9 20  20.8  988   7  1.0 3  7.9  47    7   20 341 -424  2
4013500 2675500  5  9 21  18.6  987  16  1.1 2  7.9  54    0    0 331 -414  2
4013500 2675500  5  9 22  16.8  988  16  1.3 0  7.8  60    0    0 318 -408  2
4013500 2675500  5  9 23  14.4  988  52  1.4 0  8.0  70    0    0 309 -403  2
4013500 2675500  5  9 24  13.6  989  44  0.9 0  7.9  78    0    0 304 -398  2
4013500 2675500  5 10  1  12.8  988  39  0.9 0  7.7  79    0    0 301 -395  2
4013500 2675500  5 10  2  10.7  988  66  0.7 0  7.5  85    0    0 296 -393  2
4013500 2675500  5 10  3  10.7  988  43  0.6 0  7.3  89    0    0 291 -391  2
4013500 2675500  5 10  4   9.4  988  42  0.8 1  7.1  90    0    0 289 -388  2
4013500 2675500  5 10  5   9.1  988  37  1.1 1  6.9  93    0    0 287 -386  2
4013500 2675500  5 10  6   8.9  988  38  1.2 0  7.0  95   15   38 282 -385  2
4013500 2675500  5 10  7  11.1  988  33  0.9 0  7.4  94  106   96 282 -388  2
4013500 2675500  5 10  8  13.5  988  40  1.2 0  8.1  89  248  128 287 -398  2
4013500 2675500  5 10  9  17.6  988  49  0.8 0  9.1  80  389  149 298 -413  2
4013500 2675500  5 10 10  20.4  988  58  0.4 0  9.5  67  511  167 311 -431  2
4013500 2675500  5 10 11  22.5  987  13  0.1 0  9.4  57  575  197 321 -451  2
4013500 2675500  5 10 12  24.1  988   7  1.0 1  8.8  48  634  201 332 -469  2
4013500 2675500  5 10 13  24.8  987 319  2.5 1  7.9  40  627  213 339 -479  2
4013500 2675500  5 10 14  25.3  986 153  1.3 1  7.8  38  550  235 342 -479  2
4013500 2675500  5 10 15  26.0  986 104  2.2 1  7.9  37  398  266 345 -478  2
4013500 2675500  5 10 16  26.3  985  61  2.3 2  8.0  37  266  255 348 -474  2
4013500 2675500  5 10 17  25.4  984  94  3.5 4  8.4  39  178  205 353 -466  2
4013500 2675500  5 10 18  24.4  984 134  2.7 2  9.0  44  169  120 349 -455  2
4013500 2675500  5 10 19  23.2  984 109  3.1 2  9.3  49   62   73 340 -441  2
4013500 2675500  5 10 20  21.5  984 140  2.8 2  8.6  49    5   19 333 -425  2
4013500 2675500  5 10 21  20.3  984 239  1.9 2  8.0  50    0    0 326 -411  2
4013500 2675500  5 10 22  20.6  984 238  1.2 1  7.8  50    0    0 321 -401  2
4013500 2675500  5 10 23  18.1  984  57  1.2 1  7.7  54    0    0 315 -396  2
4013500 2675500  5 10 24  16.3  984  40  1.5 0  7.8  62    0    0 307 -395  2
4013500 2675500  5 11  1  15.4  984  15  0.4 0  7.9  68    0    0 300 -392  2
4013500 2675500  5 11  2  13.2  984  54  0.2 1  7.9  75    0    0 297 -389  2
4013500 2675500  5 11  3  12.3  984  23  0.4 2  7.7  82    0    0 297 -386  2
4013500 2675500  5 11  4  12.1  983  17  0.8 2  7.6  83    0    0 299 -384  2
4013500 2675500  5 11  5  10.8  983  15  1.2 1  7.5  86    0    0 294 -383  2
4013500 2675500  5 11  6  11.2  983  17  0.8 0  7.4  88   20   39 289 -384  2
4013500 2675500  5 11  7  11.3  983  31  0.4 0  7.7  90  116   91 286 -388  2
4013500 2675500  5 11  8  15.3  984  72  0.5 0  8.4  85  267  114 292 -400  2
4013500 2675500  5 11  9  19.5  983  45  1.1 0  8.9  70  404  134 305 -416  2
4013500 2675500  5 11 10  21.3  983 123  1.9 0  9.6  62  530  148 318 -433  2
4013500 2675500  5 11 11  23.7  983 140  2.1 0  9.6  54  626  157 327 -440  2
4013500 2675500  5 11 12  24.0  983 177  2.2 0  9.1  48  682  162 333 -452  2
4013500 2675500  5 11 13  24.7  982 188  1.9 0  8.4  43  696  162 334 -468  2
4013500 2675500  5 11 14  25.4  982 200  1.7 0  7.9  39  653  165 336 -474  2
4013500 2675500  5 11 15  25.5  982 110  0.6 0  8.1  39  595  149 338 -483  2
4013500 2675500  5 11 16  25.2  982   4  1.6 0  8.7  42  484  139 339 -489  2
4013500 2675500  5 11 17  25.3  981 349  2.7 1  9.1  44  345  126 343 -481  2
4013500 2675500  5 11 18  24.1  981 357  3.7 1  9.0  45  206  103 342 -468  2
4013500 2675500  5 11 19  22.7  981  10  2.9 1  8.7  47   88   67 336 -456  2
4013500 2675500  5 11 20  21.0  982  40  2.2 1  8.5  50    9   20 329 -444  2
4013500 2675500  5 11 21  18.7  981 158  1.6 1  8.4  56    0    0 322 -433  2
4013500 2675500  5 11 22  17.5  982 295  0.7 0  8.3  62    0    0 313 -426  2
4013500 2675500  5 11 23  15.3  982 197  0.8 1  8.3  69    0    0 308 -418  2
4013500 2675500  5 11 24  15.4  983  15  0.3 2  8.3  74    0    0 310 -411  2
4013500 2675500  5 12  1  13.2  983  15  0.5 2  8.2  78    0    0 307 -405  2
4013500 2675500  5 12  2  11.6  983 351  0.2 1  8.0  86    0    0 296 -403  2
4013500 2675500  5 12  3  10.1  982  16  0.4 2  7.8  94    0    0 289 -401  2
4013500 2675500  5 12  4  10.2  982  16  0.0 2  7.7  96    0    0 289 -398  2
4013500 2675500  5 12  5  10.0  982  10  0.0 0  7.5  95    0    0 282 -395  2
4013500 2675500  5 12  6  10.6  983  14  0.1 1  7.6  94   16   37 279 -394  2
4013500 2675500  5 12  7  12.3  983   8  0.3 0  8.0  92  105   94 282 -398  2
4013500 2675500  5 12  8  14.4  984  21  0.4 0  8.7  88  249  124 285 -408  2
4013500 2675500  5 12  9  18.2  983  60  0.5 0  9.4  79  392  144 297 -424  2
4013500 2675500  5 12 10  21.2  983  74  0.8 0  9.6  65  517  160 310 -442  2
4013500 2675500  5 12 11  23.6  984 324  0.1 0  9.6  55  607  173 322 -463  2
4013500 2675500  5 12 12  25.2  984 322  1.0 0  9.6  48  662  179 331 -481  2
4013500 2675500  5 12 13  25.7  983  39  1.8 1  9.3  44  674  180 340 -495  2
4013500 2675500  5 12 14  26.8  983  46  3.5 1  8.9  41  627  185 348 -503  2
4013500 2675500  5 12 15  26.3  983  48  2.0 0  8.8  39  554  177 347 -497  2
4013500 2675500  5 12 16  26.7  983  34  3.1 0  9.1  41  457  158 343 -485  2
4013500 2675500  5 12 17  26.2  983  39  4.3 1  9.3  42  330  137 343 -476  2
4013500 2675500  5 12 18  24.9  983  36  3.8 0  9.1  43  195  110 338 -466  2
4013500 2675500  5 12 19  23.8  983  40  2.7 0  8.9  45   73   71 328 -453  2
4013500 2675500  5 12 20  22.2  984 105  2.2 0  8.8  49    6   19 323 -439  2
4013500 2675500  5 12 21  21.2  985 354  1.2 0  8.7  52    0    0 318 -426  2
4013500 2675500  5 12 22  19.1  985 354  1.4 0  8.7  58    0    0 311 -416  2
4013500 2675500  5 12 23  18.4  986  67  1.1 0  8.9  64    0    0 303 -410  2
4013500 2675500  5 12 24  17.9  986 348  1.6 0  9.2  68    0    0 299 -409  2
4013500 2675500  5 13  1  16.9  986  21  2.3 0  9.4  73    0    0 296 -410  2
4013500 2675500  5 13  2  15.5  987  63  2.3 0  9.4  79    0    0 290 -411  2
4013500 2675500  5 13  3  14.9  987  29  2.4 0  9.3  84    0    0 284 -409  2
4013500 2675500  5 13  4  14.3  987  31  2.8 0  9.2  86    0    0 280 -407  2
4013500 2675500  5 13  5  13.8  987  25  4.2 2  9.0  87    0    0 285 -404  2
4013500 2675500  5 13  6  13.5  988   6  3.4 4  9.0  90   12   40 301 -402  2
4013500 2675500  5 13  7  14.4  988  14  4.3 4  9.1  89   64  111 310 -401  2
4013500 2675500  5 13  8  16.1  988  15  5.7 2  9.4  85  181  168 303 -403  2
4013500 2675500  5 13  9  18.1  988  17  5.5 2 10.0  80  287  219 297 -407  2
4013500 2675500  5 13 10  19.1  988   7  5.7 0 10.5  76  390  256 293 -414  2
4013500 2675500  5 13 11  20.4  988   8  6.9 0 10.9  74  466  283 286 -421  2
4013500 2675500  5 13 12  21.4  988  26  6.5 0 11.2  70  542  279 291 -427  2
4013500 2675500  5 13 13  23.6  989  35  7.4 0 10.8  62  570  272 297 -431  2
4013500 2675500  5 13 14  21.9  989  57  6.2 0 10.5  59  561  254 301 -434  2
4013500 2675500  5 13 15  21.1  988  56  7.9 1 10.3  63  498  237 304 -435  2
4013500 2675500  5 13 16  21.1  987  36  9.4 1 10.2  64  403  212 311 -433  2
4013500 2675500  5 13 17  19.8  987  37  8.6 0 10.0  65  288  178 304 -426  2
4013500 2675500  5 13 18  18.8  987  56  7.9 0  9.8  68  161  137 293 -417  2
4013500 2675500  5 13 19  18.3  987  69  4.0 0  9.4  69   64   80 287 -411  2
4013500 2675500  5 13 20  16.6  988  61  3.4 0  9.1  71    7   21 283 -407  2
4013500 2675500  5 13 21  15.0  988  63  4.2 0  8.7  75    0    0 276 -405  2
4013500 2675500  5 13 22  14.4  989  78  2.7 1  8.2  77    0    0 276 -402  2
4013500 2675500  5 13 23  13.7  989 125  2.7 1  7.7  75    0    0 276 -400  2
4013500 2675500  5 13 24  12.3  989  81  1.4 0  7.2  75    0    0 269 -397  2
4013500 2675500  5 14  1  12.1  989 110  2.7 0  6.4  71    0    0 264 -394  2
4013500 2675500  5 14  2  10.7  989  75  2.3 0  5.8  68    0    0 261 -390  2
4013500 2675500  5 14  3  10.1  989 110  0.5 0  5.8  72    0    0 257 -382  2
4013500 2675500  5 14  4   9.8  989  72  1.2 1  5.7  72    0    0 257 -372  2
4013500 2675500  5 14  5   8.7  989  95  0.7 2  5.5  73    0    1 262 -366  2
4013500 2675500  5 14  6   9.1  989 112  0.5 2  5.4  74   29   41 264 -363  2
4013500 2675500  5 14  7  10.9  990  99  1.8 1  5.6  72  142   85 263 -366  2
4013500 2675500  5 14  8  12.2  989  77  2.4 0  6.0  69  295  105 262 -375  2
4013500 2675500  5 14  9  14.9  989  93  3.0 0  6.3  64  441  117 265 -388  2
4013500 2675500  5 14 10  16.9  990 102  3.8 0  6.4  55  578  121 273 -402  2
4013500 2675500  5 14 11  17.9  990 116  4.3 0  6.4  51  667  130 278 -415  2
4013500 2675500  5 14 12  19.6  989  79  5.4 0  6.1  44  720  136 283 -426  2
4013500 2675500  5 14 13  20.2  989  99  5.1 0  5.7  39  742  131 287 -432  2
4013500 2675500  5 14 14  20.9  989 107  4.6 0  5.9  38  717  123 292 -435  2
4013500 2675500  5 14 15  21.0  988  91  4.9 0  6.1  38  655  112 294 -436  2
4013500 2675500  5 14 16  21.3  987  63  6.0 0  6.0  37  540  108 292 -434  2
4013500 2675500  5 14 17  21.0  987  75  4.9 0  5.9  37  393  104 291 -427  2
4013500 2675500  5 14 18  19.8  987  66  5.8 0  5.8  38  236   93 288 -418  2
4013500 2675500  5 14 19  18.0  987  54  5.4 1  5.6  40   96   67 285 -410  2
4013500 2675500  5 14 20  16.2  987  58  4.0 2  5.3  43   12   22 285 -401  2
4013500 2675500  5 14 21  14.5  987  52  3.1 3  5.2  47    0    0 286 -394  2
4013500 2675500  5 14 22  12.7  987  49  1.9 1  5.2  53    0    0 277 -387  2
4013500 2675500  5 14 23  11.6  987   9  1.6 1  5.2  57    0    0 264 -381  2
4013500 2675500  5 14 24  11.0  988  10  1.1 1  5.1  59    0    0 262 -375  2
4013500 2675500  5 15  1   9.8  988  44  0.8 1  5.0  62    0    0 259 -371  2
4013500 2675500  5 15  2   8.7  988  33  0.3 1  5.0  67    0    0 255 -366  2
4013500 2675500  5 15  3   7.7  988 123  0.7 0  4.9  71    0    0 248 -362  2
4013500 2675500  5 15  4   7.1  988  12  0.6 1  4.9  74    0    0 246 -358  2
4013500 2675500  5 15  5   6.6  988  14  0.9 2  4.8  76    0    1 251 -355  2
4013500 2675500  5 15  6   7.3  988   1  0.8 3  4.8  76   37   42 258 -352  2
4013500 2675500  5 15  7   9.8  988  21  1.5 2  5.3  74  154   79 262 -355  2
4013500 2675500  5 15  8  12.4  988  90  1.6 0  5.7  68  317   91 259 -363  2
4013500 2675500  5 15  9  14.2  988  84  2.5 0  5.8  60  477   94 257 -375  2
4013500 2675500  5 15 10  15.8  988  86  3.7 0  6.0  55  613   94 265 -389  2
4013500 2675500  5 15 11  17.5  988  72  4.3 0  5.9  48  713   95 271 -402  2
4013500 2675500  5 15 12  18.3  987  73  4.7 0  5.6  43  783   89 276 -410  2
4013500 2675500  5 15 13  19.4  987  76  3.4 0  5.7  41  801   86 281 -416  2
4013500 2675500  5 15 14  19.2  986  70  4.9 1  6.1  42  763   87 288 -421  2
4013500 2675500  5 15 15  19.6  986  59  5.7 2  6.1  42  560  164 297 -423  2
4013500 2675500  5 15 16  18.3  986  55  6.5 3  5.8  42  223  256 302 -420  2
4013500 2675500  5 15 17  18.2  986  71  5.0 4  5.6  42  209  188 306 -414  2
4013500 2675500  5 15 18  18.0  985  67  4.0 5  5.8  44   39  142 314 -407  2
4013500 2675500  5 15 19  17.4  985  63  3.9 6  5.9  46   15   73 319 -398  2
4013500 2675500  5 15 20  15.7  986  44  1.4 4  5.9  49    2   19 311 -389  2
4013500 2675500  5 15 21  14.4  986  57  2.7 3  6.0  55    0    0 296 -380  2
4013500 2675500  5 15 22  13.2  987  56  2.3 2  6.0  60    0    0 285 -374  2
4013500 2675500  5 15 23  11.8  986  65  2.0 2  6.0  64    0    0 277 -370  2
4013500 2675500  5 15 24  11.0  986  73  2.8 1  5.8  68    0    0 270 -366  2
4013500 2675500  5 16  1   9.7  986  71  3.0 0  5.7  71    0    0 260 -363  2
4013500 2675500  5 16  2   8.7  986  47  1.9 0  5.6  76    0    0 253 -359  2
4013500 2675500  5 16  3   7.8  986  67  1.9 0  5.6  80    0    0 250 -356  2
4013500 2675500  5 16  4   7.0  987  46  1.0 0  5.5  83    0    0 248 -352  2
4013500 2675500  5 16  5   5.3  987  72  1.0 0  5.2  87    0    1 243 -350  2
4013500 2675500  5 16  6   6.0  986  35  1.1 0  5.1  88   37   36 240 -348  2
4013500 2675500  5 16  7   8.8  987  34  1.0 0  5.5  83  183   49 244 -351  2
4013500 2675500  5 16  8  10.6  987  75  1.6 0  5.9  76  334   68 250 -360  2
4013500 2675500  5 16  9  12.4  987  81  3.4 0  5.8  67  464   95 255 -373  2
4013500 2675500  5 16 10  14.7  986  72  4.2 2  5.4  55  578   77 268 -386  2
4013500 2675500  5 16 11  14.8  987  65  4.5 4  5.3  49  300  284 286 -399  2
4013500 2675500  5 16 12  15.2  987  67  4.2 6  5.5  50  131  344 303 -411  2
4013500 2675500  5 16 13  15.6  987  58  5.0 4  5.7  51  294  322 310 -419  2
4013500 2675500  5 16 14  15.9  987  51  4.8 3  5.8  50  505  208 303 -425  2
4013500 2675500  5 16 15  16.4  986  68  4.7 3  5.7  49  616   91 301 -426  2
4013500 2675500  5 16 16  17.0  986  50  4.0 3  5.7  47  587   52 303 -425  2
4013500 2675500  5 16 17  17.0  986  67  4.3 1  5.5  44  443   52 296 -421  2
4013500 2675500  5 16 18  16.3  986  46  5.1 0  5.4  44  266   65 282 -413  2
4013500 2675500  5 16 19  15.5  986  24  4.0 0  5.4  47  121   45 275 -403  2
4013500 2675500  5 16 20  14.3  986 345  2.4 0  5.3  49   15   20 273 -392  2
4013500 2675500  5 16 21  12.6  986 338  2.5 1  5.1  52    0    0 273 -382  2
4013500 2675500  5 16 22  11.0  986  11  2.5 0  5.2  59    0    0 268 -375  2
4013500 2675500  5 16 23  10.8  987 360  1.5 0  5.3  63    0    0 262 -370  2
4013500 2675500  5 16 24   9.0  987   4  1.4 0  5.3  68    0    0 259 -366  2
4013500 2675500  5 17  1   7.8  987 343  1.0 0  5.3  75    0    0 255 -362  2
4013500 2675500  5 17  2   7.8  987 350  1.9 3  5.4  79    0    0 266 -359  2
4013500 2675500  5 17  3   7.4  987 341  1.3 4  5.4  82    0    0 284 -358  2
4013500 2675500  5 17  4   7.0  987 336  0.9 2  5.4  84    0    0 279 -358  2
4013500 2675500  5 17  5   7.2  987 334  0.8 2  5.4  84    0    2 270 -358  2
4013500 2675500  5 17  6   6.9  988 339  1.0 2  5.5  85   39   41 269 -358  2
4013500 2675500  5 17  7   9.3  988 352  1.2 3  5.8  85  164   73 276 -363  2
4013500 2675500  5 17  8  11.5  988  25  2.7 1  6.3  78  340   73 278 -373  2
4013500 2675500  5 17  9  13.3  988  33  4.4 1  6.6  72  465   90 275 -385  2
4013500 2675500  5 17 10  14.0  987  40  4.3 3  6.9  69  234  288 289 -396  2
4013500 2675500  5 17 11  14.9  988  46  4.0 7  7.1  68    5  267 320 -408  2
4013500 2675500  5 17 12  15.8  988  30  4.8 7  7.3  65   49  338 339 -416  2
4013500 2675500  5 17 13  15.7  988  48  4.8 6  7.3  64   88  357 335 -422  2
4013500 2675500  5 17 14  17.7  988  41  6.8 5  7.3  60  147  349 330 -431  2
4013500 2675500  5 17 15  17.2  988  83  6.4 3  7.0  55  490  201 321 -434  2
4013500 2675500  5 17 16  17.7  988  54  6.6 3  6.7  52  531   98 313 -432  2
4013500 2675500  5 17 17  17.5  988  62  5.0 3  6.4  50  308  140 313 -425  2
4013500 2675500  5 17 18  16.9  988  61  4.1 2  6.1  49  182  110 307 -417  2
4013500 2675500  5 17 19  16.1  988  29  2.8 1  6.0  50  101   63 298 -410  2
4013500 2675500  5 17 20  14.2  988  48  0.8 2  6.0  55   14   22 294 -404  2
4013500 2675500  5 17 21  12.7  988  63  1.3 2  6.0  61    0    0 293 -399  2
4013500 2675500  5 17 22  12.9  989  10  0.3 3  5.9  62    0    0 295 -393  2
4013500 2675500  5 17 23  10.5  989  62  0.8 3  5.8  67    0    0 296 -389  2
4013500 2675500  5 17 24  10.1  990   5  0.5 1  5.8  72    0    0 284 -383  2
4013500 2675500  5 18  1   8.3  990 357  0.5 1  5.7  77    0    0 272 -378  2
4013500 2675500  5 18  2   7.1  990 341  0.5 1  5.7  84    0    0 268 -373  2
4013500 2675500  5 18  3   7.3  990 335  0.3 0  5.6  86    0    0 261 -368  2
4013500 2675500  5 18  4   5.3  989 331  0.4 0  5.4  88    0    0 254 -365  2
4013500 2675500  5 18  5   4.9  989 327  0.2 1  5.2  93    0    1 255 -362  2
4013500 2675500  5 18  6   6.0  990 312  0.2 1  5.2  91   27   46 259 -361  2
4013500 2675500  5 18  7   8.1  990 318  0.5 1  5.7  89  134   93 261 -367  2
4013500 2675500  5 18  8  10.9  991  19  0.5 1  6.5  86  276  122 269 -378  2
4013500 2675500  5 18  9  13.8  991  57  0.9 1  7.0  76  404  149 278 -393  2
4013500 2675500  5 18 10  16.2  991  57  2.4 2  7.0  65  458  203 292 -404  2
4013500 2675500  5 18 11  17.6  991  66  3.4 3  6.7  54  370  311 307 -408  2
4013500 2675500  5 18 12  18.7  991  38  3.7 4  6.3  47  328  363 320 -413  2
4013500 2675500  5 18 13  18.8  991  72  3.0 3  6.2  45  515  286 322 -422  2
4013500 2675500  5 18 14  19.1  990  58  3.1 3  6.2  44  471  288 320 -425  2
4013500 2675500  5 18 15  20.1  990  44  3.1 3  6.2  42  449  251 323 -421  2
4013500 2675500  5 18 16  18.9  990  41  3.4 3  6.0  42  427  186 322 -422  2
4013500 2675500  5 18 17  19.9  989   3  2.0 2  5.8  41  341  142 318 -426  2
4013500 2675500  5 18 18  19.6  989  60  2.4 1  5.6  38  220  110 311 -420  2
4013500 2675500  5 18 19  18.3  989  75  4.8 1  5.5  39   92   75 305 -409  2
4013500 2675500  5 18 20  16.5  990   2  0.7 0  5.7  45    9   25 297 -400  2
4013500 2675500  5 18 21  14.8  990 333  0.4 0  5.8  51    0    0 287 -392  2
4013500 2675500  5 18 22  13.3  990 322  0.0 0  5.9  58    0    0 282 -387  2
4013500 2675500  5 18 23  11.6  990 336  0.0 0  6.0  66    0    0 276 -384  2
4013500 2675500  5 18 24  10.8  991  34  0.6 0  6.0  71    0    0 274 -382  2
4013500 2675500  5 19  1   9.0  991 328  0.0 0  6.0  77    0    0 270 -379  2
4013500 2675500  5 19  2   7.2  991 332  0.0 0  5.9  85    0    0 265 -375  2
4013500 2675500  5 19  3   6.4  990 339  0.0 0  5.8  92    0    0 261 -372  2
4013500 2675500  5 19  4   5.1  990 350  0.0 0  5.7  97    0    0 258 -370  2
4013500 2675500  5 19  5   5.7  990 342  0.0 0  5.6  98    0    2 255 -367  2
4013500 2675500  5 19  6   7.1  990   1  0.2 0  5.7  93   33   43 256 -365  2
4013500 2675500  5 19  7   8.8  991 357  0.4 0  6.2  90  149   80 260 -370  2
4013500 2675500  5 19  8  12.7  991 352  0.7 0  6.8  83  306   94 268 -381  2
4013500 2675500  5 19  9  15.7  990 359  1.5 0  7.5  72  465   97 280 -396  2
4013500 2675500  5 19 10  17.4  991 338  1.7 1  7.6  63  612   93 292 -412  2
4013500 2675500  5 19 11  19.7  990  14  2.2 1  7.2  52  582  179 304 -425  2
4013500 2675500  5 19 12  20.8  990  20  2.6 2  6.5  43  513  258 312 -437  2
4013500 2675500  5 19 13  20.6  989 337  1.6 3  6.1  39  486  281 319 -444  2
4013500 2675500  5 19 14  20.8  989 353  3.5 4  6.3  40  217  359 324 -445  2
4013500 2675500  5 19 15  21.3  988   5  3.3 3  6.4  40  185  322 326 -444  2
4013500 2675500  5 19 16  21.0  987 357  4.3 3  6.2  39  273  245 323 -444  2
4013500 2675500  5 19 17  20.8  987 354  3.0 3  6.0  38  217  188 320 -438  2
4013500 2675500  5 19 18  20.6  987 350  3.2 2  5.9  38  181  117 316 -428  2
4013500 2675500  5 19 19  20.0  986  10  2.8 1  6.3  42  106   64 310 -418  2
4013500 2675500  5 19 20  17.9  986 325  2.0 3  6.7  48   17   24 309 -408  2
4013500 2675500  5 19 21  15.4  987 336  1.2 3  6.9  57    0    0 305 -397  2
4013500 2675500  5 19 22  14.3  987 337  1.0 3  7.1  65    0    0 299 -389  2
4013500 2675500  5 19 23  13.1  987 357  1.0 3  7.1  70    0    0 293 -382  2
4013500 2675500  5 19 24  13.1  987 357  1.0 1  7.1  73    0    0 287 -377  2
4013500 2675500  5 20  1  11.2  987 331  0.5 3  7.0  77    0    0 283 -373  2
4013500 2675500  5 20  2  10.3  987 302  1.0 3  6.9  83    0    0 281 -369  2
4013500 2675500  5 20  3   8.9  987 309  1.0 2  6.7  88    0    0 275 -367  2
4013500 2675500  5 20  4   8.8  987 328  1.0 1  6.6  91    0    0 267 -366  2
4013500 2675500  5 20  5   8.3  987 306  1.2 1  6.5  91    0    4 263 -362  2
4013500 2675500  5 20  6   8.2  987 306  1.1 1  6.5  93   25   48 261 -361  2
4013500 2675500  5 20  7  11.1  987 342  1.6 1  7.0  91  119  103 264 -366  2
4013500 2675500  5 20  8  12.7  986 353  1.3 1  7.5  84  257  142 272 -378  2
4013500 2675500  5 20  9  14.9  987   9  0.9 1  7.9  78  383  174 279 -391  2
4013500 2675500  5 20 10  16.1  987 351  2.0 2  7.8  70  479  208 289 -406  2
4013500 2675500  5 20 11  17.1  986   5  2.6 3  7.7  64  386  320 299 -418  2
4013500 2675500  5 20 12  18.0  986 331  3.3 4  7.8  60  273  395 310 -430  2
4013500 2675500  5 20 13  17.9  985   2  3.4 5  7.6  58  257  405 319 -444  2
4013500 2675500  5 20 14  19.1  985 334  3.5 4  7.3  54  335  364 323 -454  2
4013500 2675500  5 20 15  19.4  985 347  3.9 3  7.2  51  341  317 319 -452  2
4013500 2675500  5 20 16  18.8  984 352  3.6 4  7.3  52  289  269 320 -445  2
4013500 2675500  5 20 17  18.5  984 360  4.2 4  7.4  53  236  207 323 -436  2
4013500 2675500  5 20 18  18.3  984 358  2.9 3  7.2  53  211  125 318 -426  2
4013500 2675500  5 20 19  17.5  983 349  3.3 2  7.2  54   99   80 308 -418  2
4013500 2675500  5 20 20  15.3  983 359  2.5 3  7.2  60   15   27 303 -412  2
4013500 2675500  5 20 21  13.3  984 256  2.3 3  7.2  68    0    0 299 -405  2
4013500 2675500  5 20 22  12.1  984 340  2.6 3  7.2  76    0    0 294 -401  2
4013500 2675500  5 20 23  11.7  983 339  2.7 3  7.3  82    0    0 291 -399  2
4013500 2675500  5 20 24  11.0  983  13  1.9 1  7.4  85    0    0 280 -398  2
4013500 2675500  5 21  1  10.9  983  12  2.3 4  7.2  86    0    0 282 -395  2
4013500 2675500  5 21  2  10.1  983  11  1.3 6  7.2  88    0    0 300 -390  2
4013500 2675500  5 21  3   9.5  983 339  0.7 6  7.0  90    0    0 306 -384  2
4013500 2675500  5 21  4   9.6  982 246  0.4 7  6.9  90    0    0 309 -379  2
4013500 2675500  5 21  5   9.4  982  24  2.3 8  6.9  91    0    0 317 -377  2
4013500 2675500  5 21  6   9.5  982  24  0.3 8  7.0  92    0   10 321 -376  2
4013500 2675500  5 21  7   9.6  982 348  2.1 8  7.2  94   42  110 321 -374  2
4013500 2675500  5 21  8   9.4  982 329  1.8 7  7.2  94    0   72 315 -373  2
4013500 2675500  5 21  9   9.5  982 341  1.7 6  7.1  94    2  190 305 -376  2
4013500 2675500  5 21 10  10.4  981 317  2.4 7  7.1  91    0  212 307 -385  2
4013500 2675500  5 21 11  10.7  981 316  2.4 8  7.2  87    0  143 320 -390  2
4013500 2675500  5 21 12  11.0  981 327  1.8 8  7.2  85    0  142 327 -398  2
4013500 2675500  5 21 13  11.0  981 306  3.4 8  7.2  85    0  126 327 -408  2
4013500 2675500  5 21 14  11.7  981 345  4.5 7  7.0  81    6  268 323 -412  2
4013500 2675500  5 21 15  11.5  981 309  3.3 6  6.8  78   13  264 316 -409  2
4013500 2675500  5 21 16  12.1  980 335  3.2 7  6.8  76    5  212 315 -402  2
4013500 2675500  5 21 17  12.2  981 322  3.2 5  6.7  73  142  217 312 -399  2
4013500 2675500  5 21 18  12.7  981 295  3.4 6  6.4  69   99  152 308 -395  2
4013500 2675500  5 21 19  12.2  980 333  2.2 7  6.4  68    3   73 317 -389  2
4013500 2675500  5 21 20  11.1  980 304  2.8 7  6.3  72    0   15 319 -383  2
4013500 2675500  5 21 21   9.6  980 302  4.8 8  6.2  76    0    0 319 -377  2
4013500 2675500  5 21 22   9.2  980 336  5.7 8  5.8  77    0    0 319 -372  2
4013500 2675500  5 21 23   8.7  981 327  3.1 8  5.7  78    0    0 317 -369  2
4013500 2675500  5 21 24   8.1  982 341  4.9 7  5.7  81    0    0 312 -366  2
4013500 2675500  5 22  1   7.4  982 340  4.7 6  5.5  81    0    0 301 -363  2
4013500 2675500  5 22  2   6.7  982 315  6.1 6  5.1  79    0    0 294 -360  2
4013500 2675500  5 22  3   5.6  983 305  3.7 3  4.7  77    0    0 277 -354  2
4013500 2675500  5 22  4   4.5  982 315  2.4 1  4.4  79    0    0 251 -348  2
4013500 2675500  5 22  5   3.6  983 312  2.9 6  4.3  83    0    5 261 -346  2
4013500 2675500  5 22  6   4.1  983 311  2.5 6  4.4  86    1   36 279 -345  2
4013500 2675500  5 22  7   5.6  983 309  4.4 8  4.6  84   10   99 288 -347  2
4013500 2675500  5 22  8   6.7  985 322  4.1 7  4.8  79   11  164 297 -354  2
4013500 2675500  5 22  9   7.5  985 324  4.0 7  4.8  74   23  235 298 -366  2
4013500 2675500  5 22 10   8.3  985 310  3.2 7  4.7  69   27  286 299 -379  2
4013500 2675500  5 22 11   8.8  985 315  3.1 7  4.4  62    0  218 299 -391  2
4013500 2675500  5 22 12   9.3  985 305  2.9 6  4.4  60    6  267 295 -398  2
4013500 2675500  5 22 13   9.6  985 286  4.5 6  4.5  59   67  342 293 -401  2
4013500 2675500  5 22 14  10.6  985 320  4.9 7  4.4  56    1  232 297 -399  2
4013500 2675500  5 22 15  10.9  985 309  5.1 6  4.4  53    2  221 300 -398  2
4013500 2675500  5 22 16  10.5  985 300  4.5 7  4.4  53    1  180 300 -401  2
4013500 2675500  5 22 17  10.6  985 304  3.5 7  4.4  54    6  175 303 -401  2
4013500 2675500  5 22 18   9.9  985 310  3.4 6  4.4  55   23  144 301 -396  2
4013500 2675500  5 22 19   9.9  985 301  3.0 7  4.5  58    0   62 301 -388  2
4013500 2675500  5 22 20   9.1  985 301  2.6 7  4.6  60    0   15 303 -379  2
4013500 2675500  5 22 21   8.3  985 312  1.2 7  4.6  65    0    0 299 -369  2
4013500 2675500  5 22 22   7.7  985 295  1.8 7  4.7  68    0    0 296 -361  2
4013500 2675500  5 22 23   7.6  985 312  0.9 7  4.7  71    0    0 294 -356  2
4013500 2675500  5 22 24   7.4  985 287  1.0 6  4.8  72    0    0 290 -351  2
4013500 2675500  5 23  1   7.3  986 305  1.4 7  4.8  73    0    0 290 -346  2
4013500 2675500  5 23  2   6.7  986 313  1.8 7  4.8  75    0    0 294 -341  2
4013500 2675500  5 23  3   6.4  985 312  2.1 5  4.7  76    0    0 287 -338  2
4013500 2675500  5 23  4   5.8  985 303  0.7 6  4.6  76    0    0 283 -335  2
4013500 2675500  5 23  5   5.5  985 311  1.8 8  4.5  78    0    0 294 -332  2
4013500 2675500  5 23  6   5.5  984 302  1.3 8  4.6  79    6   48 304 -332  2
4013500 2675500  5 23  7   5.9  985 307  2.9 7  4.6  79    1   87 303 -338  2
4013500 2675500  5 23  8   6.5  985 327  3.2 7  4.6  75    0  121 301 -349  2
4013500 2675500  5 23  9   7.2  985 308  3.6 7  4.5  71    6  218 304 -363  2
4013500 2675500  5 23 10   7.8  985 342  3.5 6  4.5  68   67  350 300 -377  2
4013500 2675500  5 23 11   8.3  985 337  2.6 6  4.4  64   82  395 297 -391  2
4013500 2675500  5 23 12  10.0  985 313  3.6 7  4.5  60   46  376 306 -404  2
4013500 2675500  5 23 13  10.9  984 325  3.1 7  4.6  56   57  388 316 -404  2
4013500 2675500  5 23 14  11.6  984 340  3.3 5  4.5  53  173  429 310 -392  2
4013500 2675500  5 23 15  12.5  983 348  2.4 4  4.3  48  192  391 298 -386  2
4013500 2675500  5 23 16  13.5  983 154  1.6 4  4.3  45  205  328 297 -383  2
4013500 2675500  5 23 17  13.5  983 284  2.8 5  4.3  44  118  259 305 -384  2
4013500 2675500  5 23 18  12.8  982 321  2.3 3  4.4  45  106  181 301 -384  2
4013500 2675500  5 23 19  12.3  982 233  1.7 5  4.5  48   66  103 301 -380  2
4013500 2675500  5 23 20  11.0  981 294  1.8 6  4.7  54    5   29 314 -377  2
4013500 2675500  5 23 21  10.2  981 294  0.8 6  4.9  60    0    0 317 -375  2
4013500 2675500  5 23 22   9.0  981 329  0.7 7  4.9  64    0    0 319 -374  2
4013500 2675500  5 23 23   8.9  981  79  0.5 7  5.1  70    0    0 323 -373  2
4013500 2675500  5 23 24   8.6  981 356  0.6 7  5.4  74    0    0 325 -373  2
4013500 2675500  5 24  1   8.4  981 342  0.5 7  5.5  78    0    0 326 -372  2
4013500 2675500  5 24  2   8.4  980 337  0.1 6  5.6  79    0    0 323 -371  2
4013500 2675500  5 24  3   7.8  980 248  0.6 8  5.7  82    0    0 328 -370  2
4013500 2675500  5 24  4   7.8  979 303  0.6 8  5.9  86    0    0 337 -369  2
4013500 2675500  5 24  5   8.0  979 281  1.4 7  5.9  86    0    0 333 -368  2
4013500 2675500  5 24  6   7.9  979 277  1.1 6  6.0  88    0    8 323 -368  2
4013500 2675500  5 24  7   8.7  978 274  1.7 8  6.2  88    0   27 329 -368  2
4013500 2675500  5 24  8   9.3  978 295  1.3 6  6.3  86    1  145 331 -369  2
4013500 2675500  5 24  9  10.0  978 314  1.7 7  6.4  83    2  197 329 -370  2
4013500 2675500  5 24 10  11.2  978 311  2.2 7  6.4  78    5  254 338 -371  2
4013500 2675500  5 24 11  11.6  979 316  2.3 5  6.3  73   43  352 330 -375  2
4013500 2675500  5 24 12  11.9  978 302  1.9 6  6.4  72   66  381 326 -378  2
4013500 2675500  5 24 13  12.8  978 281  1.7 6  6.5  70   66  383 333 -380  2
4013500 2675500  5 24 14  13.2  978 249  2.1 6  6.5  68   28  331 335 -381  2
4013500 2675500  5 24 15  13.0  978 305  1.5 7  6.6  67   38  315 338 -383  2
4013500 2675500  5 24 16  12.2  977 277  1.7 7  6.8  72   47  282 340 -384  2
4013500 2675500  5 24 17  12.6  977 265  2.2 7  7.2  78    2  169 339 -385  2
4013500 2675500  5 24 18  12.1  977 278  1.9 5  7.3  79   30  163 330 -385  2
4013500 2675500  5 24 19  11.8  977 278  1.2 5  7.3  81   14   90 319 -382  2
4013500 2675500  5 24 20  11.0  977 284  1.0 6  7.4  85    1   24 324 -380  2
4013500 2675500  5 24 21  10.5  976 273  0.7 6  7.4  88    0    0 326 -378  2
4013500 2675500  5 24 22  10.2  976 257  0.7 7  7.4  91    0    0 323 -375  2
4013500 2675500  5 24 23   9.7  976 254  0.9 6  6.9  87    0    0 328 -374  2
4013500 2675500  5 24 24   9.1  976 259  1.1 5  6.1  80    0    0 333 -373  2
4013500 2675500  5 25  1   8.1  992 238  1.3 4  5.3  72    0    0 259 -363  2
4013500 2675500  5 25  2   7.0  992 224  1.3 2  4.5  68    0    0 255 -359  2
4013500 2675500  5 25  3   6.0  992 219  1.2 1  4.0  66    0    0 247 -355  2
4013500 2675500  5 25  4   5.6  993 218  1.0 1  4.1  70    0    0 240 -351  2
4013500 2675500  5 25  5   6.5  993 236  1.0 1  4.2  70    6   11 238 -347  2
4013500 2675500  5 25  6   6.3  993 261  0.8 0  4.3  75   72   48 239 -346  2
4013500 2675500  5 25  7   9.2  994 230  0.8 0  4.8  72  206   72 241 -353  2
4013500 2675500  5 25  8  11.4  994 241  1.4 0  4.8  61  360   84 247 -369  2
4013500 2675500  5 25  9  13.8  994   6  1.3 0  4.3  46  518   86 253 -387  2
4013500 2675500  5 25 10  15.3  994  92  1.3 0  3.8  36  663   82 259 -406  2
4013500 2675500  5 25 11  15.9  993 278  1.6 0  3.5  32  775   76 263 -425  2
4013500 2675500  5 25 12  16.5  994  17  1.6 0  3.4  29  839   74 266 -440  2
4013500 2675500  5 25 13  17.6  993 360  2.7 0  3.4  28  851   75 270 -448  2
4013500 2675500  5 25 14  18.0  992 293  3.3 0  3.3  26  797   87 273 -447  2
4013500 2675500  5 25 15  18.8  991 113  2.8 0  3.3  25  703   95 275 -445  2
4013500 2675500  5 25 16  19.8  990 258  2.4 0  3.5  24  573  101 279 -444  2
4013500 2675500  5 25 17  19.7  989 237  1.9 0  3.5  24  425   99 281 -438  2
4013500 2675500  5 25 18  19.1  988 120  2.3 0  3.9  27  264   93 281 -430  2
4013500 2675500  5 25 19  16.8  988 121  2.0 0  4.4  34  114   74 278 -419  2
4013500 2675500  5 25 20  14.4  987  87  2.3 0  4.6  41   17   30 272 -406  2
4013500 2675500  5 25 21  12.7  986 145  2.6 0  4.8  49    0    0 266 -395  2
4013500 2675500  5 25 22  11.3  986 114  2.2 0  4.9  54    0    0 262 -387  2
4013500 2675500  5 25 23  10.2  986 150  2.0 0  4.8  59    0    0 258 -381  2
4013500 2675500  5 25 24   9.2  985 148  2.1 0  4.9  63    0    0 254 -377  2
4013500 2675500  5 26  1   8.3  985 142  2.3 0  4.9  68    0    0 252 -375  2
4013500 2675500  5 26  2   6.7  984 162  2.9 0  4.8  73    0    0 249 -374  2
4013500 2675500  5 26  3   7.1  983 160  2.6 0  4.8  76    0    0 248 -372  2
4013500 2675500  5 26  4   6.2  982 152  3.5 0  4.8  77    0    0 247 -371  2
4013500 2675500  5 26  5   6.3  982 161  3.8 0  4.8  79    6   12 246 -371  2
4013500 2675500  5 26  6   7.3  981 165  3.7 0  5.0  80   80   46 247 -371  2
4013500 2675500  5 26  7  10.9  980 140  4.3 0  5.4  73  226   65 252 -375  2
4013500 2675500  5 26  8  15.4  980  92  3.6 0  5.8  59  393   70 263 -385  2
4013500 2675500  5 26  9  19.5  979 146  4.8 0  6.2  48  559   67 278 -399  2
4013500 2675500  5 26 10  21.3  978 151  5.2 0  6.7  44  671   75 289 -415  2
4013500 2675500  5 26 11  22.3  977 175  4.8 1  7.1  42  678  133 299 -432  2
4013500 2675500  5 26 12  23.4  976 184  5.7 3  7.2  40  779  109 310 -450  2
4013500 2675500  5 26 13  24.1  976 238  6.6 5  6.5  34  313  356 323 -465  2
4013500 2675500  5 26 14  24.4  975 242  7.2 6  6.3  32   56  311 334 -474  2
4013500 2675500  5 26 15  22.9  975 222  6.8 7  7.2  38    0  107 342 -475  2
4013500 2675500  5 26 16  20.0  975 202  8.4 8  8.1  49    0   71 344 -471  2
4013500 2675500  5 26 17  20.4  975 202  8.5 6  8.6  56   25  191 340 -467  2
4013500 2675500  5 26 18  20.7  975 216  6.3 1  8.3  53  181  128 322 -459  2
4013500 2675500  5 26 19  19.5  974 233  5.5 2  8.0  52  137   70 310 -446  2
4013500 2675500  5 26 20  18.2  975 216  3.8 4  8.1  57   25   30 315 -432  2
4013500 2675500  5 26 21  17.3  974 202  3.4 3  7.6  58    0    0 315 -419  2
4013500 2675500  5 26 22  16.0  975 257  2.7 3  6.7  55    0    0 307 -411  2
4013500 2675500  5 26 23  14.9  976 235  2.8 2  6.1  54    0    0 298 -404  2
4013500 2675500  5 26 24  15.0  977 238  5.3 3  5.6  51    0    0 297 -399  2
4013500 2675500  5 27  1  13.8  977 241  4.5 4  5.2  49    0    0 302 -396  2
4013500 2675500  5 27  2  13.1  977 225  3.5 3  5.1  51    0    0 299 -390  2
4013500 2675500  5 27  3  12.6  978 223  4.3 3  5.1  53    0    0 294 -386  2
4013500 2675500  5 27  4  11.7  978 242  3.6 3  5.2  57    0    0 293 -382  2
4013500 2675500  5 27  5  11.2  978 207  2.7 5  5.3  61    0    2 300 -378  2
4013500 2675500  5 27  6  11.7  978 220  4.2 8  5.4  62   14   49 323 -375  2
4013500 2675500  5 27  7  12.5  978 229  4.7 6  5.5  61  110  102 329 -377  2
4013500 2675500  5 27  8  14.0  978 240  5.6 5  5.7  58  214  145 319 -382  2
4013500 2675500  5 27  9  14.2  978 243  6.3 7  5.7  55  153  244 327 -389  2
4013500 2675500  5 27 10  14.2  978 231  6.6 6  5.6  54   72  298 333 -398  2
4013500 2675500  5 27 11  14.9  978 242  5.9 7  5.7  54   25  291 336 -405  2
4013500 2675500  5 27 12  13.7  978 240  4.9 7  5.9  56    4  249 340 -408  2
4013500 2675500  5 27 13  14.5  978 280  5.6 6  6.2  59   55  317 335 -413  2
4013500 2675500  5 27 14  14.9  978 267  3.6 6  6.4  60  130  326 334 -420  2
4013500 2675500  5 27 15  15.1  978 235  4.4 8  6.2  57    0  167 341 -415  2
4013500 2675500  5 27 16  15.9  979 273  5.0 6  5.9  52   91  249 341 -411  2
4013500 2675500  5 27 17  13.9  979 273  3.5 6  6.1  56   51  199 332 -413  2
4013500 2675500  5 27 18  14.6  979 310  3.4 6  6.4  61   43  140 330 -410  2
4013500 2675500  5 27 19  12.7  980 315  2.6 6  6.6  65   32   82 329 -404  2
4013500 2675500  5 27 20  11.8  981 274  2.2 6  6.9  75   11   25 327 -396  2
4013500 2675500  5 27 21  11.1  981 285  1.7 7  6.9  80    0    0 329 -386  2
4013500 2675500  5 27 22  10.3  981 287  2.6 5  6.9  83    0    0 323 -377  2
4013500 2675500  5 27 23  10.3  982 283  2.6 2  6.7  83    0    0 299 -370  2
4013500 2675500  5 27 24   9.6  982 286  1.8 2  6.5  82    0    0 283 -366  2
4013500 2675500  5 28  1   8.9  982 271  1.7 3  6.4  85    0    0 284 -362  2
4013500 2675500  5 28  2   7.7  982 189  1.7 3  6.3  89    0    0 284 -358  2
4013500 2675500  5 28  3   7.0  983 188  1.7 4  6.0  91    0    0 283 -354  2
4013500 2675500  5 28  4   6.6  983 188  1.8 5  5.9  92    0    0 289 -349  2
4013500 2675500  5 28  5   6.7  983 164  1.6 4  5.9  93    4   10 286 -347  2
4013500 2675500  5 28  6   7.6  984 171  1.3 1  6.0  93   67   52 269 -349  2
4013500 2675500  5 28  7   9.2  984 120  1.1 1  6.4  90  215   77 257 -357  2
4013500 2675500  5 28  8  11.2  984 164  1.8 2  6.3  79  361   94 267 -373  2
4013500 2675500  5 28  9  12.6  983 192  2.1 5  6.1  69  265  230 289 -392  2
4013500 2675500  5 28 10  13.4  984 247  3.0 6  6.1  64  232  310 309 -411  2
4013500 2675500  5 28 11  15.2  983 275  3.2 3  6.0  57  587  203 305 -427  2
4013500 2675500  5 28 12  16.2  983 292  3.4 4  5.6  49  463  304 300 -430  2
4013500 2675500  5 28 13  16.2  982 265  3.5 4  5.3  44  294  373 307 -431  2
4013500 2675500  5 28 14  16.3  981 204  4.0 5  5.2  44   53  314 312 -440  2
4013500 2675500  5 28 15  17.0  981 190  3.1 7  5.2  43    1  196 329 -437  2
4013500 2675500  5 28 16  17.0  980 192  3.8 7  5.2  42   29  235 340 -439  2
4013500 2675500  5 28 17  17.1  980 158  4.3 8  5.2  42   24  192 346 -441  2
4013500 2675500  5 28 18  17.6  980 128  4.0 8  5.3  42   35  146 352 -431  2
4013500 2675500  5 28 19  16.8  979 128  3.7 4  5.4  42   78   86 327 -424  2
4013500 2675500  5 28 20  16.2  979 205  3.4 4  5.4  45    9   25 301 -415  2
4013500 2675500  5 28 21  15.5  979 223  3.2 7  5.5  48    0    0 317 -404  2
4013500 2675500  5 28 22  15.2  979 242  2.6 8  5.6  50    0    0 341 -394  2
4013500 2675500  5 28 23  14.8  979 224  3.6 8  5.6  51    0    0 346 -386  2
4013500 2675500  5 28 24  15.0  979 226  3.1 7  5.6  52    0    0 341 -380  2
4013500 2675500  5 29  1  14.2  979 208  2.8 7  5.7  53    0    0 334 -376  2
4013500 2675500  5 29  2  14.0  979 236  2.7 8  5.7  55    0    0 335 -373  2
4013500 2675500  5 29  3  13.5  979 225  2.3 8  5.8  57    0    0 337 -372  2
4013500 2675500  5 29  4  13.4  979 214  2.3 7  5.8  59    0    0 330 -369  2
4013500 2675500  5 29  5  13.3  979 224  3.0 8  5.8  59    0    2 328 -365  2
4013500 2675500  5 29  6  13.8  980 219  3.5 6  5.9  59    8   51 322 -364  2
4013500 2675500  5 29  7  14.4  980 213  3.2 4  6.1  58   85  124 302 -371  2
4013500 2675500  5 29  8  15.2  980 219  4.5 5  6.2  57  250  154 299 -386  2
4013500 2675500  5 29  9  17.0  980 218  5.7 5  6.3  54  400  173 310 -403  2
4013500 2675500  5 29 10  18.2  980 222  6.3 5  6.3  49  493  207 318 -419  2
4013500 2675500  5 29 11  19.9  980 221  6.4 5  6.4  45  473  282 325 -433  2
4013500 2675500  5 29 12  19.8  980 239  6.3 5  6.3  42  407  345 331 -444  2
4013500 2675500  5 29 13  20.8  981 228  7.0 4  6.3  41  563  278 332 -451  2
4013500 2675500  5 29 14  21.6  981 230  6.4 4  6.3  39  632  218 334 -452  2
4013500 2675500  5 29 15  22.5  981 237  6.1 3  6.2  36  559  209 334 -455  2
4013500 2675500  5 29 16  22.9  980 259  6.1 3  6.4  36  510  163 333 -456  2
4013500 2675500  5 29 17  23.2  980 228  5.6 2  6.5  36  387  142 331 -453  2
4013500 2675500  5 29 18  23.0  980 239  5.0 1  6.5  36  245  118 325 -446  2
4013500 2675500  5 29 19  22.4  980 256  4.3 1  6.5  36  107   86 320 -435  2
4013500 2675500  5 29 20  20.6  980 234  3.0 1  6.6  40   20   32 317 -422  2
4013500 2675500  5 29 21  19.1  980 202  2.6 1  6.7  45    0    0 313 -409  2
4013500 2675500  5 29 22  18.2  981 276  1.6 3  6.7  48    0    0 314 -400  2
4013500 2675500  5 29 23  17.3  981 224  2.3 3  6.7  51    0    0 317 -393  2
4013500 2675500  5 29 24  16.0  982 159  1.5 0  6.8  56    0    0 305 -388  2
4013500 2675500  5 30  1  13.1  982 171  1.3 0  6.8  64    0    0 290 -386  2
4013500 2675500  5 30  2  12.7  982 194  1.2 0  6.8  71    0    0 285 -383  2
4013500 2675500  5 30  3  10.9  981 164  1.1 0  6.8  76    0    0 282 -380  2
4013500 2675500  5 30  4  11.8  981 139  1.4 0  6.7  78    0    0 281 -378  2
4013500 2675500  5 30  5  11.1  981 187  2.0 1  6.8  78    7   12 285 -377  2
4013500 2675500  5 30  6  12.8  981 148  1.6 0  7.0  78   76   51 286 -377  2
4013500 2675500  5 30  7  15.8  982 149  2.3 0  7.3  70  202   81 289 -384  2
4013500 2675500  5 30  8  18.5  982 126  3.0 0  7.4  59  348  100 297 -397  2
4013500 2675500  5 30  9  21.4  981 146  4.1 0  7.5  50  490  113 306 -416  2
4013500 2675500  5 30 10  23.9  982 180  5.5 1  7.6  43  629  115 318 -435  2
4013500 2675500  5 30 11  25.1  981 160  6.0 1  7.5  38  740  112 327 -454  2
4013500 2675500  5 30 12  26.1  980 165  6.2 0  7.0  33  792  118 330 -471  2
4013500 2675500  5 30 13  26.9  980 159  4.3 1  6.3  28  803  119 333 -483  2
4013500 2675500  5 30 14  27.5  979 180  3.6 1  6.2  27  747  133 339 -492  2
4013500 2675500  5 30 15  28.2  978 175  4.2 1  6.2  26  671  128 342 -495  2
4013500 2675500  5 30 16  28.1  978 152  4.5 1  6.1  25  550  126 343 -494  2
4013500 2675500  5 30 17  28.4  977 152  3.3 1  6.0  24  411  117 342 -490  2
4013500 2675500  5 30 18  27.9  977 193  3.6 1  6.0  24  260  103 342 -480  2
4013500 2675500  5 30 19  26.5  975 182  3.3 0  6.1  26  120   78 337 -466  2
4013500 2675500  5 30 20  24.3  975 131  2.5 0  6.3  30   25   31 330 -451  2
4013500 2675500  5 30 21  22.1  975 130  2.1 0  6.4  35    0    0 326 -437  2
4013500 2675500  5 30 22  19.8  975 121  2.2 0  6.9  43    0    0 321 -427  2
4013500 2675500  5 30 23  18.8  976 131  2.9 0  7.0  49    0    0 319 -420  2
4013500 2675500  5 30 24  18.5  976 162  2.4 0  7.0  50    0    0 320 -414  2
4013500 2675500  5 31  1  16.8  975 101  2.8 0  7.2  55    0    0 320 -410  2
4013500 2675500  5 31  2  15.9  975  61  2.6 0  7.2  60    0    0 317 -407  2
4013500 2675500  5 31  3  15.0  974  78  2.4 0  7.3  64    0    0 314 -406  2
4013500 2675500  5 31  4  13.7  975 127  2.4 1  7.4  70    0    0 312 -405  2
4013500 2675500  5 31  5  14.3  975 102  0.5 0  7.4  72    0    2 311 -406  2
4013500 2675500  5 31  6  15.5  975  92  1.4 2  7.8  70   62   49 316 -407  2
4013500 2675500  5 31  7  17.6  975 129  1.6 1  8.1  66  227   65 324 -411  2
4013500 2675500  5 31  8  19.4  976 357  1.1 2  8.2  60  192  165 330 -419  2
4013500 2675500  5 31  9  20.8  976 195  2.3 3  8.2  54  354  179 340 -432  2
4013500 2675500  5 31 10  22.1  976 270  2.6 3  8.2  50  543  151 347 -447  2
4013500 2675500  5 31 11  22.1  976 337  2.2 4  8.6  50  248  341 354 -458  2
4013500 2675500  5 31 12  22.5  976 196  1.7 7  9.0  51   14  282 368 -465  2
4013500 2675500  5 31 13  22.6  976 263  3.4 8  9.2  52    0  159 383 -470  2
4013500 2675500  5 31 14  21.2  976 279  3.3 7  9.6  56   34  294 382 -469  2
4013500 2675500  5 31 15  21.5  976 205  4.1 4 10.2  62  143  309 369 -462  2
4013500 2675500  5 31 16  18.6  976 286  5.8 5 10.5  69    4  190 357 -454  2
4013500 2675500  5 31 17  16.1  977 322  4.3 7  9.8  76    0  109 356 -445  2
4013500 2675500  5 31 18  15.3  978 311  3.8 8  9.2  80    1   98 358 -434  2
4013500 2675500  5 31 19  14.7  978 325  4.2 7  9.0  81   34   85 356 -425  2
4013500 2675500  5 31 20  14.3  979 327  3.8 8  8.9  84    4   22 353 -417  2
4013500 2675500  5 31 21  13.5  980 316  4.2 8  8.8  85    0    0 355 -410  2
4013500 2675500  5 31 22  12.9  982 327  4.5 8  8.5  87    0    0 352 -404  2
4013500 2675500  5 31 23  11.9  982 343  4.6 8  8.4  90    0    0 348 -400  2
4013500 2675500  5 31 24  11.1  982 347  5.3 8  8.1  93    0    0 344 -396  2
4013500 2675500  6  1  1  10.5  984 337  5.2 8  7.7  94    0    0 337 -390  2
4013500 2675500  6  1  2   9.9  984 341  4.5 8  7.6  94    0    0 337 -389  2
4013500 2675500  6  1  3   9.6  985 336  5.4 8  7.3  94    0    0 334 -385  2
4013500 2675500  6  1  4   9.5  985 330  4.5 8  7.0  91    0    0 333 -382  2
4013500 2675500  6  1  5   9.2  986 334  3.8 8  6.7  88    0    2 331 -379  2
4013500 2675500  6  1  6   9.3  986 343  4.0 8  6.5  87    0   12 330 -376  2
4013500 2675500  6  1  7   9.3  987 339  4.3 8  6.4  86    0   33 330 -375  2
4013500 2675500  6  1  8   9.5  988 355  4.3 8  6.3  84    0   59 330 -374  2
4013500 2675500  6  1  9   9.7  989 354  4.8 8  6.2  82    0   97 332 -378  2
4013500 2675500  6  1 10  10.3  989 346  4.5 8  6.2  79    0  116 333 -387  2
4013500 2675500  6  1 11  11.0  990 355  3.6 8  6.2  76    0  152 334 -398  2
4013500 2675500  6  1 12  11.9  990  10  3.9 8  6.1  71    0  112 336 -405  2
4013500 2675500  6  1 13  12.9  990   2  3.9 8  6.3  68    0  118 339 -414  2
4013500 2675500  6  1 14  13.1  990  10  4.0 7  6.5  68    0  159 334 -426  2
4013500 2675500  6  1 15  13.3  990   6  3.4 7  6.5  67    0  149 330 -433  2
4013500 2675500  6  1 16  14.3  990  14  3.4 7  6.5  64    0  159 331 -434  2
4013500 2675500  6  1 17  14.9  990  15  3.0 7  6.4  60    0  138 333 -431  2
4013500 2675500  6  1 18  15.1  991 351  3.0 7  6.5  60    5  102 332 -425  2
4013500 2675500  6  1 19  14.7  991 353  2.4 5  6.7  62   50   49 324 -417  2
4013500 2675500  6  1 20  14.1  990   3  2.0 5  6.8  65   15   19 316 -410  2
4013500 2675500  6  1 21  13.4  991   6  1.8 5  7.0  70    0    0 313 -403  2
4013500 2675500  6  1 22  13.2  992  35  2.2 6  7.0  72    0    0 315 -396  2
4013500 2675500  6  1 23  12.8  993  30  2.3 7  6.7  70    0    0 318 -390  2
4013500 2675500  6  1 24  12.0  993  24  2.5 7  6.4  70    0    0 317 -384  2
4013500 2675500  6  2  1  12.3  993  34  3.3 7  6.2  69    0    0 316 -378  2
4013500 2675500  6  2  2  11.7  993  16  3.4 7  5.6  63    0    0 313 -374  2
4013500 2675500  6  2  3  10.0  993   9  2.7 5  5.1  62    0    0 302 -370  2
4013500 2675500  6  2  4  10.2  994   5  2.7 4  4.8  61    0    0 291 -366  2
4013500 2675500  6  2  5   8.9  994   5  2.7 5  4.7  62    0    6 290 -364  2
4013500 2675500  6  2  6  10.9  995 352  3.0 3  5.0  65   25   59 289 -364  2
4013500 2675500  6  2  7  12.3  995  13  4.1 1  5.5  64  173   97 286 -370  2
4013500 2675500  6  2  8  13.2  995  50  5.1 1  5.7  61  345  102 285 -382  2
4013500 2675500  6  2  9  14.7  995  49  5.7 1  5.8  57  513  101 288 -396  2
4013500 2675500  6  2 10  16.2  995  57  6.3 1  5.6  51  610  120 294 -410  2
4013500 2675500  6  2 11  17.4  996  47  5.2 2  5.3  44  480  258 301 -422  2
4013500 2675500  6  2 12  18.5  996  45  5.6 2  5.0  38  604  225 306 -434  2
4013500 2675500  6  2 13  19.6  995  60  5.2 1  4.9  35  817   99 308 -444  2
4013500 2675500  6  2 14  20.1  995  60  6.7 1  4.7  32  831   73 309 -448  2
4013500 2675500  6  2 15  20.7  995  60  5.2 1  4.5  30  734   86 311 -450  2
4013500 2675500  6  2 16  21.3  994  33  4.6 1  4.5  29  572  115 315 -450  2
4013500 2675500  6  2 17  20.7  994  29  4.9 1  4.4  28  424  113 317 -449  2
4013500 2675500  6  2 18  20.0  994   9  4.8 1  4.5  30  267  106 315 -444  2
4013500 2675500  6  2 19  19.0  994  47  4.2 1  4.9  34  112   88 315 -436  2
4013500 2675500  6  2 20  16.9  994  36  3.0 1  5.2  40   13   37 311 -427  2
4013500 2675500  6  2 21  15.0  994  52  2.9 0  5.5  48    0    0 304 -418  2
4013500 2675500  6  2 22  14.8  994  56  2.5 1  5.5  51    0    0 301 -411  2
4013500 2675500  6  2 23  14.5  995  46  1.2 2  5.4  51    0    0 303 -405  2
4013500 2675500  6  2 24  14.1  995  40  1.4 1  5.5  53    0    0 303 -400  2
4013500 2675500  6  3  1  12.7  995  44  2.8 0  5.6  57    0    0 296 -396  2
4013500 2675500  6  3  2  12.2  995 100  2.0 1  5.6  62    0    0 293 -393  2
4013500 2675500  6  3  3  11.6  995  78  2.5 1  5.7  64    0    0 293 -389  2
4013500 2675500  6  3  4  11.0  995  72  3.8 1  5.7  67    0    0 290 -385  2
4013500 2675500  6  3  5  11.0  995  72  3.6 1  5.8  70    5   15 289 -382  2
4013500 2675500  6  3  6  12.7  995  58  3.6 0  6.1  70   71   59 287 -382  2
4013500 2675500  6  3  7  14.8  994  62  5.4 0  6.4  64  210   81 289 -386  2
4013500 2675500  6  3  8  16.3  994  71  5.3 1  6.6  58  368   87 296 -396  2
4013500 2675500  6  3  9  17.7  995  68  6.2 1  6.9  56  484  110 304 -408  2
4013500 2675500  6  3 10  18.5  995  60  6.5 2  6.9  52  505  179 312 -421  2
4013500 2675500  6  3 11  19.1  994  71  6.9 3  6.3  46  276  344 317 -434  2
4013500 2675500  6  3 12  21.2  994  55  6.4 2  6.1  41  677  176 322 -446  2
4013500 2675500  6  3 13  21.6  993  57  6.4 2  6.5  40  854   75 327 -456  2
4013500 2675500  6  3 14  22.1  993  54  6.2 2  6.8  41  565  231 329 -462  2
4013500 2675500  6  3 15  23.1  992  57  6.2 5  7.0  40  200  336 339 -465  2
4013500 2675500  6  3 16  22.9  991  59  6.3 6  7.3  41  207  282 350 -464  2
4013500 2675500  6  3 17  23.0  991  76  6.4 5  7.7  43  289  179 351 -461  2
4013500 2675500  6  3 18  22.2  990  65  5.3 4  7.9  45  157  150 346 -453  2
4013500 2675500  6  3 19  21.6  989  55  5.0 4  7.9  47   21   97 342 -444  2
4013500 2675500  6  3 20  19.5  989  38  4.1 3  8.0  52   13   37 336 -434  2
4013500 2675500  6  3 21  17.5  989  46  3.7 3  8.2  60    0    0 328 -424  2
4013500 2675500  6  3 22  16.9  989  51  3.1 2  8.0  64    0    0 319 -416  2
4013500 2675500  6  3 23  15.3  989  56  2.8 2  8.1  69    0    0 313 -411  2
4013500 2675500  6  3 24  15.3  989  31  1.9 2  8.3  74    0    0 310 -407  2
4013500 2675500  6  4  1  13.8  989  56  1.1 0  8.3  78    0    0 302 -402  2
4013500 2675500  6  4  2  13.6  988  33  1.5 0  8.3  83    0    0 294 -393  2
4013500 2675500  6  4  3  13.4  987  68  1.9 0  8.3  83    0    0 293 -388  2
4013500 2675500  6  4  4  12.9  987  63  1.8 0  8.2  84    0    0 292 -388  2
4013500 2675500  6  4  5  13.9  987  28  2.2 2  8.4  85    0    9 298 -387  2
4013500 2675500  6  4  6  14.6  987   7  1.4 3  8.7  84   29   58 308 -385  2
4013500 2675500  6  4  7  17.3  987  46  3.8 1  9.0  77  175   94 309 -391  2
4013500 2675500  6  4  8  18.3  986  48  4.4 1  9.3  71  325  109 309 -403  2
4013500 2675500  6  4  9  21.0  986  56  4.5 1  9.4  64  472  117 316 -418  2
4013500 2675500  6  4 10  22.5  986  81  4.6 1  9.4  56  615  113 324 -435  2
4013500 2675500  6  4 11  23.9  985  68  5.0 1  9.4  52  705  120 331 -452  2
4013500 2675500  6  4 12  25.4  984  63  6.5 1  9.3  46  790  104 338 -466  2
4013500 2675500  6  4 13  26.3  983  64  6.7 1  9.1  42  770  126 343 -475  2
4013500 2675500  6  4 14  26.2  983  64  6.5 1  9.1  41  700  148 344 -479  2
4013500 2675500  6  4 15  26.0  982  57  6.7 2  9.2  42  285  319 347 -481  2
4013500 2675500  6  4 16  25.9  981  59  5.8 6  9.4  44   41  265 363 -479  2
4013500 2675500  6  4 17  25.6  980  60  5.3 5  9.4  44   26  206 372 -476  2
4013500 2675500  6  4 18  25.3  980  77  2.8 7  9.4  45    0   62 376 -468  2
4013500 2675500  6  4 19  24.7  979  65  2.9 7  9.5  46    0   53 382 -458  2
4013500 2675500  6  4 20  23.3  978  53  2.9 6  9.5  49    0   26 374 -448  2
4013500 2675500  6  4 21  21.7  979  58  4.8 6  9.4  53    0    0 366 -440  2
4013500 2675500  6  4 22  20.4  979 101  2.3 6  9.5  59    0    0 362 -437  2
4013500 2675500  6  4 23  20.3  979  78  3.2 4  9.6  62    0    0 352 -436  2
4013500 2675500  6  4 24  19.3  978  69  2.4 3  9.6  64    0    0 338 -435  2
4013500 2675500  6  5  1  18.4  978  69  1.7 1  9.6  68    0    0 322 -431  2
4013500 2675500  6  5  2  17.7  976  94  1.8 0  9.5  71    0    0 307 -425  2
4013500 2675500  6  5  3  17.3  976 162  1.8 1  9.5  73    0    0 307 -421  2
4013500 2675500  6  5  4  16.1  976   1  1.8 1  9.5  77    0    0 309 -418  2
4013500 2675500  6  5  5  15.2  976  92  1.7 2  9.4  81    4   17 310 -415  2
4013500 2675500  6  5  6  17.2  976 111  1.5 2  9.7  81   56   64 314 -416  2
4013500 2675500  6  5  7  19.2  976 106  1.9 1 10.3  76  186   97 313 -421  2
4013500 2675500  6  5  8  21.1  976 113  2.6 1 10.8  70  348  107 313 -430  2
4013500 2675500  6  5  9  23.0  975 109  3.7 1 11.0  64  495  119 320 -440  2
4013500 2675500  6  5 10  24.7  975 120  2.6 1 10.9  56  645  109 327 -449  2
4013500 2675500  6  5 11  25.7  974 146  2.8 1 10.8  52  736  116 333 -458  2
4013500 2675500  6  5 12  26.9  975 143  3.4 1 10.5  47  633  217 341 -461  2
4013500 2675500  6  5 13  28.0  974 149  3.3 4  9.9  41  258  394 359 -460  2
4013500 2675500  6  5 14  28.0  973 109  3.5 3  9.3  38  303  365 368 -468  2
4013500 2675500  6  5 15  27.8  972 103  3.5 3  9.3  38  464  252 364 -478  2
4013500 2675500  6  5 16  27.8  971 130  3.9 6  9.7  40   36  265 375 -481  2
4013500 2675500  6  5 17  25.7  971 114  5.4 8 10.1  44    0   67 390 -481  2
4013500 2675500  6  5 18  20.3  971 249  4.7 8 10.8  59    0   34 388 -478  2
4013500 2675500  6  5 19  18.7  972 345  2.4 7 11.7  78    0   40 373 -470  2
4013500 2675500  6  5 20  18.2  972 244  2.0 8 11.6  82    0   19 370 -461  2
4013500 2675500  6  5 21  17.5  972 231  1.4 7 11.7  88    0    0 373 -451  2
4013500 2675500  6  5 22  17.0  972 205  1.4 6 11.6  90    0    0 372 -442  2
4013500 2675500  6  5 23  16.4  972 216  1.4 6 11.3  92    0    0 357 -436  2
4013500 2675500  6  5 24  15.7  971 228  1.3 6 11.0  93    0    0 327 -430  2
4013500 2675500  6  6  1  14.9  968 248  1.2 6 10.6  94    0    0 342 -399  2
4013500 2675500  6  6  2  14.3  968 239  1.1 7 10.2  95    0    0 358 -396  2
4013500 2675500  6  6  3  13.8  968 234  1.1 8 10.0  96    0    0 362 -395  2
4013500 2675500  6  6  4  13.7  968 212  1.0 8 10.0  97    0    0 361 -394  2
4013500 2675500  6  6  5  14.0  968 219  1.1 7 10.1  97    0    1 360 -392  2
4013500 2675500  6  6  6  14.1  968 193  0.6 7 10.1  98   10   55 355 -391  2
4013500 2675500  6  6  7  14.6  969 197  0.7 4 10.2  95   34  126 336 -390  2
4013500 2675500  6  6  8  15.6  969 163  0.3 6 10.2  90   36  199 333 -391  2
4013500 2675500  6  6  9  16.2  969 150  0.7 6 10.0  85   70  279 346 -391  2
4013500 2675500  6  6 10  16.8  970  99  1.0 7  9.9  81   55  326 354 -394  2
4013500 2675500  6  6 11  18.3  969  79  1.2 7  9.8  75   86  375 362 -398  2
4013500 2675500  6  6 12  19.5  969  94  1.4 6  9.7  68  137  407 363 -400  2
4013500 2675500  6  6 13  19.3  969  26  1.8 6 10.0  68   42  363 361 -402  2
4013500 2675500  6  6 14  19.3  968   5  2.2 7 10.4  71   12  300 366 -405  2
4013500 2675500  6  6 15  18.7  968  20  2.7 7 11.0  76    0  197 371 -411  2
4013500 2675500  6  6 16  17.8  968  11  2.4 8 11.3  82    0  110 373 -413  2
4013500 2675500  6  6 17  17.2  967 159  2.0 7 11.3  86    0   52 370 -413  2
4013500 2675500  6  6 18  16.1  968  84  3.9 7 11.1  89    0   34 361 -413  2
4013500 2675500  6  6 19  14.8  967  68  4.2 7 10.6  92    0   46 357 -412  2
4013500 2675500  6  6 20  14.6  966   8  2.6 6 10.4  94    0   15 348 -410  2
4013500 2675500  6  6 21  14.0  966 349  2.4 5 10.3  96    0    0 335 -407  2
4013500 2675500  6  6 22  14.3  966 327  1.9 7 10.2  96    0    0 340 -404  2
4013500 2675500  6  6 23  14.4  966 347  1.9 7 10.3  96    0    0 354 -402  2
4013500 2675500  6  6 24  14.2  966 345  2.0 5 10.4  97    0    0 343 -400  2
4013500 2675500  6  7  1  14.2  965  19  1.6 5 10.5  98    0    0 331 -398  2
4013500 2675500  6  7  2  14.0  965 327  1.2 6 10.6 100    0    0 336 -395  2
4013500 2675500  6  7  3  14.1  965 355  1.4 6 10.6 100    0    0 342 -393  2
4013500 2675500  6  7  4  14.0  965 353  1.3 7 10.6 100    0    0 348 -392  2
4013500 2675500  6  7  5  14.4  964 325  1.1 8 10.6  99    2    9 362 -392  2
4013500 2675500  6  7  6  14.4  965 215  1.0 8 10.7  99    0   31 369 -391  2
4013500 2675500  6  7  7  15.0  965 110  0.9 7 10.8  98    0   40 363 -392  2
4013500 2675500  6  7  8  14.9  966 178  1.2 7 11.0  98    7  141 357 -395  2
4013500 2675500  6  7  9  15.6  966 196  0.6 7 11.1  98   27  211 356 -402  2
4013500 2675500  6  7 10  16.3  967 329  0.6 8 11.1  93    2  222 364 -409  2
4013500 2675500  6  7 11  15.7  967 266  2.0 8 11.0  92    2  242 371 -411  2
4013500 2675500  6  7 12  16.5  967 298  2.8 8 10.8  90    0  175 371 -407  2
4013500 2675500  6  7 13  16.4  968 281  4.0 8 10.7  87    0  156 372 -404  2
4013500 2675500  6  7 14  15.7  968 283  4.9 8 10.4  86    0  123 370 -399  2
4013500 2675500  6  7 15  15.6  968 296  3.3 8 10.2  87    0   83 370 -392  2
4013500 2675500  6  7 16  15.0  968 275  2.0 7 10.1  88    0   78 361 -389  2
4013500 2675500  6  7 17  14.9  969 309  2.1 7  9.7  87    0   86 353 -386  2
4013500 2675500  6  7 18  14.5  969 336  2.2 7  9.3  85    0   72 351 -384  2
4013500 2675500  6  7 19  14.2  970 280  1.9 8  9.5  89    0   27 358 -384  2
4013500 2675500  6  7 20  14.1  970 264  1.5 7  9.6  91    0    6 357 -383  2
4013500 2675500  6  7 21  14.6  971 264  1.8 8  9.6  90    0    0 359 -383  2
4013500 2675500  6  7 22  14.3  971 260  0.9 8  9.7  90    0    0 365 -382  2
4013500 2675500  6  7 23  14.3  972 265  1.3 8  9.7  91    0    0 364 -381  2
4013500 2675500  6  7 24  14.0  972 263  0.9 8  9.6  91    0    0 363 -380  2
4013500 2675500  6  8  1  13.5  972 261  2.7 8  9.5  92    0    0 362 -378  2
4013500 2675500  6  8  2  13.3  972 269  2.9 8  9.3  93    0    0 361 -377  2
4013500 2675500  6  8  3  13.2  972 280  2.8 8  9.2  92    0    0 361 -376  2
4013500 2675500  6  8  4  13.0  972 284  2.4 8  9.0  92    0    0 360 -375  2
4013500 2675500  6  8  5  12.9  972 281  2.4 8  9.0  92    2   14 360 -375  2
4013500 2675500  6  8  6  13.1  972 280  2.2 8  9.0  92    4   54 360 -374  2
4013500 2675500  6  8  7  13.4  972 287  1.9 5  9.0  91   19  131 342 -374  2
4013500 2675500  6  8  8  14.3  973 283  2.4 5  9.0  87   38  220 326 -373  2
4013500 2675500  6  8  9  15.3  973 256  3.0 5  9.0  82   65  308 328 -373  2
4013500 2675500  6  8 10  15.8  973 275  3.2 6  8.9  77   56  361 336 -375  2
4013500 2675500  6  8 11  16.1  973 268  2.2 8  8.9  76    0  249 356 -377  2
4013500 2675500  6  8 12  16.5  973 277  2.4 8  8.9  74    0  188 369 -380  2
4013500 2675500  6  8 13  16.6  973 296  1.6 6  8.9  72   32  383 360 -383  2
4013500 2675500  6  8 14  17.6  973 324  2.1 6  9.0  71   29  362 351 -385  2
4013500 2675500  6  8 15  17.8  974 298  2.2 7  8.9  67    2  241 358 -388  2
4013500 2675500  6  8 16  18.2  974 324  2.2 6  8.8  66   17  272 358 -390  2
4013500 2675500  6  8 17  17.8  974   3  2.3 7  9.0  67   24  242 358 -392  2
4013500 2675500  6  8 18  17.8  974 344  2.2 6  9.0  68   26  184 357 -394  2
4013500 2675500  6  8 19  17.1  973 350  1.5 5  9.0  69   25  117 345 -394  2
4013500 2675500  6  8 20  16.0  974  72  1.4 7  9.0  74    8   45 347 -393  2
4013500 2675500  6  8 21  14.7  974  63  1.7 6  8.9  79    0    4 348 -389  2
4013500 2675500  6  8 22  14.3  975  51  1.0 5  8.9  82    0    0 334 -385  2
4013500 2675500  6  8 23  13.7  975  38  0.7 5  8.9  86    0    0 329 -383  2
4013500 2675500  6  8 24  13.5  975  38  1.0 7  8.9  88    0    0 338 -381  2
4013500 2675500  6  9  1  13.4  975  74  1.0 7  8.9  89    0    0 349 -380  2
4013500 2675500  6  9  2  12.8  975  44  0.8 6  8.9  91    0    0 342 -378  2
4013500 2675500  6  9  3  12.9  975  14  1.0 7  8.9  93    0    0 341 -376  2
4013500 2675500  6  9  4  10.6  975  39  1.4 8  8.6  96    0    0 348 -373  2
4013500 2675500  6  9  5  11.6  975  32  0.8 6  8.6 100    0    0 341 -372  2
4013500 2675500  6  9  6  13.4  975  46  0.8 5  9.1  97    0   34 330 -372  2
4013500 2675500  6  9  7  13.5  975  41  0.7 3  9.4  94   76  140 318 -377  2
4013500 2675500  6  9  8  15.7  975  84  0.9 4  9.4  87  190  203 316 -386  2
4013500 2675500  6  9  9  17.6  975  55  1.1 5  9.1  74  253  271 333 -397  2
4013500 2675500  6  9 10  18.9  975  85  1.4 4  8.6  63  347  314 338 -411  2
4013500 2675500  6  9 11  19.2  975 280  1.3 3  8.4  59  410  348 332 -425  2
4013500 2675500  6  9 12  19.9  975 304  1.5 3  8.3  56  409  384 330 -438  2
4013500 2675500  6  9 13  19.9  975 305  1.9 5  8.2  54  218  445 341 -445  2
4013500 2675500  6  9 14  19.8  974 333  1.5 7  8.3  55   20  330 361 -449  2
4013500 2675500  6  9 15  19.3  974 253  4.1 6  8.3  56   15  292 364 -449  2
4013500 2675500  6  9 16  19.8  974  30  3.2 6  8.5  57   65  313 357 -438  2
4013500 2675500  6  9 17  19.4  974  98  3.0 5  8.6  58  147  268 350 -428  2
4013500 2675500  6  9 18  19.5  973  90  1.8 5  8.4  57   89  193 342 -425  2
4013500 2675500  6  9 19  18.9  973 341  0.8 6  8.6  60   26  112 345 -420  2
4013500 2675500  6  9 20  18.1  973  81  1.0 6  8.9  64    0   33 348 -414  2
4013500 2675500  6  9 21  16.3  972  39  0.8 6  8.9  69    0    0 342 -407  2
4013500 2675500  6  9 22  15.0  973  30  1.7 7  9.1  79    0    0 349 -403  2
4013500 2675500  6  9 23  14.5  973  58  1.0 7  9.3  85    0    0 356 -400  2
4013500 2675500  6  9 24  14.0  973  54  0.6 7  9.2  87    0    0 354 -396  2
4013500 2675500  6 10  1  13.1  973 237  0.0 7  9.1  90    0    0 352 -394  2
4013500 2675500  6 10  2  12.4  973 295  2.9 5  9.0  94    0    0 338 -394  2
4013500 2675500  6 10  3  12.6  973 310  1.1 5  8.9  94    0    0 325 -393  2
4013500 2675500  6 10  4  12.3  973 240  1.5 4  8.9  95    0    0 320 -390  2
4013500 2675500  6 10  5  12.7  973 226  3.0 8  9.0  96    0    0 338 -388  2
4013500 2675500  6 10  6  12.9  973 232  2.5 8  9.2  96    0   12 362 -386  2
4013500 2675500  6 10  7  13.1  974 261  1.8 8  9.5  97    0   26 363 -384  2
4013500 2675500  6 10  8  13.5  974 289  2.2 7  9.6  96    0   91 356 -385  2
4013500 2675500  6 10  9  13.7  975 259  3.0 7  9.6  94    7  183 350 -386  2
4013500 2675500  6 10 10  14.6  975 247  2.6 7  9.6  91   89  227 352 -387  2
4013500 2675500  6 10 11  13.7  975 271  3.6 8  9.4  89    0  232 357 -388  2
4013500 2675500  6 10 12  13.6  976 260  3.3 8  9.1  90   11  259 359 -389  2
4013500 2675500  6 10 13  14.1  976 264  2.8 7  8.9  87    0  212 354 -391  2
4013500 2675500  6 10 14  14.6  976 260  3.1 6  8.9  84  171  224 346 -396  2
4013500 2675500  6 10 15  14.8  977 262  3.7 7  8.7  80   89  234 344 -401  2
4013500 2675500  6 10 16  14.4  977 282  4.3 7  8.5  79   26  210 346 -408  2
4013500 2675500  6 10 17  15.6  977 253  3.7 6  8.3  75   52  168 341 -407  2
4013500 2675500  6 10 18  15.1  977 261  3.8 4  7.9  70  230   47 328 -399  2
4013500 2675500  6 10 19  14.3  978 259  3.1 6  7.6  70   37   69 324 -392  2
4013500 2675500  6 10 20  13.5  979 233  1.9 7  7.4  72   11   30 335 -388  2
4013500 2675500  6 10 21  13.0  979 251  3.2 7  7.2  73    0    6 337 -385  2
4013500 2675500  6 10 22  12.4  980 190  2.4 7  7.1  75    0    0 335 -381  2
4013500 2675500  6 10 23  11.9  980 208  3.4 7  7.0  77    0    0 335 -378  2
4013500 2675500  6 10 24  11.6  980 239  3.5 6  7.0  79    0    0 329 -376  2
4013500 2675500  6 11  1  11.2  979 231  2.2 7  7.0  81    0    0 329 -374  2
4013500 2675500  6 11  2  10.3  980 165  2.3 3  7.1  85    0    0 314 -372  2
4013500 2675500  6 11  3   9.6  980 169  2.5 5  7.1  90    0    0 303 -370  2
4013500 2675500  6 11  4   9.4  980 236  0.7 6  6.9  90    0    0 316 -368  2
4013500 2675500  6 11  5   9.3  980 260  1.6 4  6.8  90    0    4 310 -367  2
4013500 2675500  6 11  6  10.2  980 256  2.2 5  7.1  91    3   44 307 -369  2
4013500 2675500  6 11  7  10.9  980 221  2.4 5  7.4  90   15  107 314 -372  2
4013500 2675500  6 11  8  12.3  981 220  3.3 7  7.7  87    1  132 328 -374  2
4013500 2675500  6 11  9  12.2  982 192  3.3 7  7.9  86    0  165 342 -378  2
4013500 2675500  6 11 10  13.0  982 206  3.6 8  8.1  86    5  241 347 -387  2
4013500 2675500  6 11 11  13.9  982 223  3.9 7  8.2  82   36  322 350 -397  2
4013500 2675500  6 11 12  14.4  982 230  4.2 6  8.2  78   25  318 344 -404  2
4013500 2675500  6 11 13  14.8  982 226  4.5 5  8.0  75  148  371 337 -407  2
4013500 2675500  6 11 14  16.1  982 222  4.8 5  7.9  70  146  356 333 -409  2
4013500 2675500  6 11 15  15.8  981 244  4.4 3  8.2  70  267  299 327 -411  2
4013500 2675500  6 11 16  16.3  981 225  4.2 4  8.3  71  264  244 323 -413  2
4013500 2675500  6 11 17  16.6  981 222  4.9 4  8.1  67  196  200 326 -414  2
4013500 2675500  6 11 18  16.5  981 222  4.0 4  7.9  65  122  152 326 -410  2
4013500 2675500  6 11 19  16.0  981 208  3.6 5  7.9  66   32  101 328 -402  2
4013500 2675500  6 11 20  15.0  982 195  3.0 5  7.8  69    6   39 329 -396  2
4013500 2675500  6 11 21  13.7  982 204  2.4 6  7.8  74    0    5 330 -391  2
4013500 2675500  6 11 22  13.0  983 189  1.1 6  7.8  79    0    0 331 -387  2
4013500 2675500  6 11 23  12.9  983 210  1.4 6  7.8  81    0    0 330 -385  2
4013500 2675500  6 11 24  12.5  984 225  3.8 6  7.8  82    0    0 329 -384  2
4013500 2675500  6 12  1  11.7  983 226  2.0 4  7.8  86    0    0 319 -385  2
4013500 2675500  6 12  2  11.1  983 173  2.0 5  7.7  89    0    0 312 -385  2
4013500 2675500  6 12  3  11.2  983 207  1.4 7  7.7  90    0    0 324 -384  2
4013500 2675500  6 12  4  10.8  983 164  1.3 8  7.7  92    0    0 338 -384  2
4013500 2675500  6 12  5  11.6  983 166  1.6 7  7.9  92    0    0 340 -384  2
4013500 2675500  6 12  6  12.2  982 152  1.5 7  8.0  89    0   14 339 -384  2
4013500 2675500  6 12  7  13.0  983 175  2.9 6  8.1  86    0   71 336 -385  2
4013500 2675500  6 12  8  13.9  983 219  4.5 8  8.2  83    0  105 345 -386  2
4013500 2675500  6 12  9  13.4  983 206  5.2 7  8.5  84    0  153 352 -387  2
4013500 2675500  6 12 10  14.3  983 209  4.9 7  9.0  88    0  165 348 -389  2
4013500 2675500  6 12 11  15.5  983 211  5.7 7  9.2  84   28  279 352 -390  2
4013500 2675500  6 12 12  16.6  983 208  5.9 7  9.3  79   36  287 357 -394  2
4013500 2675500  6 12 13  17.9  982 213  6.2 6  9.6  75   90  295 356 -402  2
4013500 2675500  6 12 14  18.8  982 235  5.7 7  9.6  70   44  284 359 -414  2
4013500 2675500  6 12 15  19.6  981 208  5.6 7  9.6  66   85  258 363 -421  2
4013500 2675500  6 12 16  19.9  981 230  4.9 7  9.5  64   59  227 364 -424  2
4013500 2675500  6 12 17  19.5  981 224  4.2 8  9.3  63    7  173 366 -423  2
4013500 2675500  6 12 18  19.2  981 232  3.3 8  9.4  65    0  105 368 -418  2
4013500 2675500  6 12 19  18.5  981 214  3.2 7  9.5  67    2   77 363 -412  2
4013500 2675500  6 12 20  18.2  981 215  2.0 8  9.4  69    0   25 361 -406  2
4013500 2675500  6 12 21  17.4  981 221  2.1 7  9.3  71    0    3 360 -401  2
4013500 2675500  6 12 22  16.5  981 180  2.3 6  9.2  74    0    0 349 -398  2
4013500 2675500  6 12 23  15.8  981 158  2.0 6  9.1  77    0    0 343 -395  2
4013500 2675500  6 12 24  14.9  981 223  1.6 5  9.1  80    0    0 336 -393  2
4013500 2675500  6 13  1  13.6  981 329  1.4 4  8.9  85    0    0 323 -391  2
4013500 2675500  6 13  2  13.5  981 189  0.3 4  8.8  88    0    0 316 -391  2
4013500 2675500  6 13  3  14.1  981 214  2.0 5  8.9  87    0    0 321 -390  2
4013500 2675500  6 13  4  14.3  981 235  2.6 6  9.1  87    0    0 332 -391  2
4013500 2675500  6 13  5  14.6  981 228  3.6 7  9.2  86    0    2 342 -391  2
4013500 2675500  6 13  6  14.1  981 227  3.3 6  9.4  89    0   14 340 -392  2
4013500 2675500  6 13  7  14.8  981 221  3.4 8  9.5  90    0   29 344 -394  2
4013500 2675500  6 13  8  15.0  981 217  3.7 8  9.6  88    0   50 356 -397  2
4013500 2675500  6 13  9  15.9  981 224  3.8 8  9.7  85    0   93 358 -401  2
4013500 2675500  6 13 10  17.1  980 234  4.2 7  9.6  79    0  169 359 -404  2
4013500 2675500  6 13 11  17.9  980 228  6.1 7  9.5  74    0  193 360 -410  2
4013500 2675500  6 13 12  17.8  980 231  5.9 7  9.4  71    0  171 362 -416  2
4013500 2675500  6 13 13  17.3  980 228  4.7 8  9.3  72    0  133 365 -417  2
4013500 2675500  6 13 14  17.2  980 254  3.7 8  9.6  75    0  111 367 -419  2
4013500 2675500  6 13 15  17.7  981 261  3.3 6  9.7  75    0  167 362 -417  2
4013500 2675500  6 13 16  18.0  981 248  3.4 6  9.8  74   10  196 357 -414  2
4013500 2675500  6 13 17  17.5  981 250  4.2 7  9.8  74    0  129 360 -414  2
4013500 2675500  6 13 18  16.1  981 272  4.5 7  9.9  80    0   84 360 -412  2
4013500 2675500  6 13 19  16.0  981 266  3.5 7 10.0  85    0   50 357 -410  2
4013500 2675500  6 13 20  15.0  981 271  3.2 6 10.2  89    5   28 352 -406  2
4013500 2675500  6 13 21  14.9  982 247  2.8 8 10.2  92    0    0 354 -402  2
4013500 2675500  6 13 22  15.0  982 245  2.8 7 10.1  92    0    0 356 -397  2
4013500 2675500  6 13 23  15.0  982 216  2.5 7 10.0  91    0    0 351 -393  2
4013500 2675500  6 13 24  14.5  982 231  2.1 5 10.0  92    0    0 342 -390  2
4013500 2675500  6 14  1  14.1  983 218  2.7 6  9.8  93    0    0 336 -388  2
4013500 2675500  6 14  2  14.0  983 223  1.7 6  9.6  93    0    0 338 -387  2
4013500 2675500  6 14  3  14.1  983 230  1.8 6  9.4  91    0    0 337 -386  2
4013500 2675500  6 14  4  14.2  983 234  2.3 7  9.4  90    0    0 340 -386  2
4013500 2675500  6 14  5  13.9  983 242  1.6 8  9.4  91    0    1 347 -387  2
4013500 2675500  6 14  6  14.1  983 224  1.6 7  9.6  93    0   26 345 -388  2
4013500 2675500  6 14  7  15.1  983 206  2.1 8  9.8  92    0   64 347 -390  2
4013500 2675500  6 14  8  16.1  983 225  3.0 7 10.0  88    9  168 351 -395  2
4013500 2675500  6 14  9  16.6  983 238  3.4 7 10.2  85    5  210 350 -403  2
4013500 2675500  6 14 10  17.7  983 244  3.4 6 10.4  82   29  303 350 -417  2
4013500 2675500  6 14 11  18.7  983 240  4.2 6 10.5  78   32  337 352 -429  2
4013500 2675500  6 14 12  19.7  983 254  3.7 6 10.6  74   48  365 356 -437  2
4013500 2675500  6 14 13  21.1  984 244  3.8 5 10.6  69  129  406 357 -444  2
4013500 2675500  6 14 14  21.3  984 256  3.3 6 10.6  65  107  384 359 -451  2
4013500 2675500  6 14 15  22.3  984 253  2.3 5 10.5  62  133  356 360 -453  2
4013500 2675500  6 14 16  23.0  984 284  2.5 4 10.5  59  298  276 358 -451  2
4013500 2675500  6 14 17  23.1  983 215  2.5 4 10.5  57  332  181 358 -450  2
4013500 2675500  6 14 18  22.8  983 225  2.4 4 10.4  58  218  142 356 -445  2
4013500 2675500  6 14 19  22.0  983 236  1.7 2 10.6  61  114   98 351 -437  2
4013500 2675500  6 14 20  21.2  983 193  1.4 1 10.9  65   36   47 343 -428  2
4013500 2675500  6 14 21  19.5  983 172  1.5 0 10.9  70    0    6 336 -419  2
4013500 2675500  6 14 22  17.5  982 160  2.0 2 10.7  78    0    0 332 -412  2
4013500 2675500  6 14 23  16.8  982 134  2.9 2 10.8  86    0    0 333 -407  2
4013500 2675500  6 14 24  16.2  982  95  2.8 5 10.9  90    0    0 339 -404  2
4013500 2675500  6 15  1  16.8  981 150  4.3 7 10.8  89    0    0 350 -404  2
4013500 2675500  6 15  2  16.0  981 124  2.2 8 10.6  88    0    0 357 -406  2
4013500 2675500  6 15  3  16.3  981 119  3.7 6 10.7  90    0    0 356 -407  2
4013500 2675500  6 15  4  16.0  981  90  3.8 6 11.0  92    0    0 353 -406  2
4013500 2675500  6 15  5  16.1  980  65  1.5 6 11.1  94    0   12 354 -406  2
4013500 2675500  6 15  6  16.4  980 174  1.3 3 11.3  94   17   75 345 -415  2
4013500 2675500  6 15  7  17.5  980 185  2.5 5 11.7  93   10  125 343 -426  2
4013500 2675500  6 15  8  18.6  979 210  2.8 5 12.0  89   35  233 354 -429  2
4013500 2675500  6 15  9  20.3  981 176  2.8 5 12.6  86   52  317 362 -436  2
4013500 2675500  6 15 10  20.8  980 195  3.3 7 13.2  84   63  380 374 -447  2
4013500 2675500  6 15 11  22.8  980 251  4.4 5 12.9  76   78  440 380 -457  2
4013500 2675500  6 15 12  23.2  981 251  3.6 4 12.7  69   26  386 375 -464  2
4013500 2675500  6 15 13  22.9  981 231  4.1 6 12.9  70    0  175 377 -466  2
4013500 2675500  6 15 14  22.8  981 211  5.0 7 13.2  73    0  221 387 -466  2
4013500 2675500  6 15 15  23.3  981 217  5.8 8 13.3  72   13  301 394 -463  2
4013500 2675500  6 15 16  24.1  981 249  4.6 6 12.8  67   37  314 392 -459  2
4013500 2675500  6 15 17  23.6  981 250  4.3 5 12.8  66   67  293 380 -453  2
4013500 2675500  6 15 18  22.1  981 238  3.3 6 12.8  70   46  215 374 -443  2
4013500 2675500  6 15 19  20.1  981 246  1.8 7 12.6  77    0   42 375 -436  2
4013500 2675500  6 15 20  19.6  981 275  1.9 8 12.6  84    0   26 380 -430  2
4013500 2675500  6 15 21  18.5  981 314  1.5 6 12.0  84    0    0 371 -424  2
4013500 2675500  6 15 22  17.3  982 322  1.4 7 11.2  84    0    0 362 -417  2
4013500 2675500  6 15 23  16.9  983 310  1.4 7 10.6  84    0    0 363 -409  2
4013500 2675500  6 15 24  15.6  983 304  0.9 8 10.1  85    0    0 365 -401  2
4013500 2675500  6 16  1  14.7  983 299  1.0 6  9.9  89    0    0 356 -397  2
4013500 2675500  6 16  2  14.3  983 232  1.0 7  9.8  92    0    0 349 -394  2
4013500 2675500  6 16  3  14.2  983  20  0.8 8  9.9  94    0    0 356 -391  2
4013500 2675500  6 16  4  14.2  984 343  0.2 7 10.0  96    0    0 355 -387  2
4013500 2675500  6 16  5  14.2  984  29  0.5 6 10.0  96    0    9 345 -383  2
4013500 2675500  6 16  6  14.5  984  22  0.3 2 10.1  96   43   56 323 -383  2
4013500 2675500  6 16  7  16.2  984  34  0.9 5 10.3  91   36  116 319 -389  2
4013500 2675500  6 16  8  17.2  984 274  1.3 7 10.1  82   24  179 344 -400  2
4013500 2675500  6 16  9  18.3  984 295  2.1 6  9.6  73  104  259 350 -415  2
4013500 2675500  6 16 10  19.2  984 279  1.5 7  9.5  68  237  292 353 -429  2
4013500 2675500  6 16 11  19.9  984 255  2.6 6  9.3  64  248  335 356 -440  2
4013500 2675500  6 16 12  20.2  984 244  2.7 8  9.0  60   53  356 363 -450  2
4013500 2675500  6 16 13  19.9  985 249  2.4 8  9.0  59   10  298 372 -457  2
4013500 2675500  6 16 14  20.0  985 296  2.3 8  9.1  61    8  279 374 -459  2
4013500 2675500  6 16 15  21.6  985 229  1.9 4  9.3  59  381  264 366 -460  2
4013500 2675500  6 16 16  22.6  986 255  2.2 4  9.4  55  515  134 359 -457  2
4013500 2675500  6 16 17  21.8  985 248  2.2 5  9.7  56  170  219 363 -451  2
4013500 2675500  6 16 18  22.2  985 281  1.8 4 10.0  59   93  166 363 -445  2
4013500 2675500  6 16 19  21.8  985 294  0.8 6 10.1  60   37  104 366 -436  2
4013500 2675500  6 16 20  20.2  985 346  1.2 6 10.3  64   22   43 367 -427  2
4013500 2675500  6 16 21  18.0  985 125  1.3 5 10.3  72    0    7 356 -417  2
4013500 2675500  6 16 22  16.5  985  71  0.8 3 10.2  80    0    0 339 -409  2
4013500 2675500  6 16 23  15.9  985 125  1.1 3 10.0  84    0    0 329 -403  2
4013500 2675500  6 16 24  15.5  986  53  1.2 3 10.0  87    0    0 328 -399  2
4013500 2675500  6 17  1  14.9  986  56  1.3 0  9.7  88    0    0 319 -396  2
4013500 2675500  6 17  2  13.7  986  97  1.4 1  9.5  91    0    0 312 -395  2
4013500 2675500  6 17  3  13.5  986 126  1.7 2  9.4  94    0    0 314 -393  2
4013500 2675500  6 17  4  14.4  986 124  1.2 2  9.2  90    0    0 317 -390  2
4013500 2675500  6 17  5  14.1  986 113  1.1 5  9.3  89    0   13 322 -388  2
4013500 2675500  6 17  6  14.8  986 163  1.5 3  9.5  90   34   64 323 -388  2
4013500 2675500  6 17  7  16.7  986 149  1.9 2 10.0  87  140  115 321 -394  2
4013500 2675500  6 17  8  19.0  986 123  2.0 2 10.6  80  277  146 325 -406  2
4013500 2675500  6 17  9  22.0  985 123  2.1 2 11.2  72  396  173 333 -422  2
4013500 2675500  6 17 10  23.9  986 148  3.1 5 11.6  64  501  200 348 -438  2
4013500 2675500  6 17 11  25.7  986 156  3.1 5 11.7  58  588  215 361 -454  2
4013500 2675500  6 17 12  26.7  986 185  3.4 5 11.9  54  645  221 368 -467  2
4013500 2675500  6 17 13  27.4  985 194  3.2 5 11.9  52  643  233 373 -477  2
4013500 2675500  6 17 14  28.6  985 190  2.5 5 12.0  49  633  219 378 -485  2
4013500 2675500  6 17 15  28.8  984 190  3.0 3 11.9  47  526  233 379 -489  2
4013500 2675500  6 17 16  29.0  984 180  2.3 2 11.7  46  467  196 376 -488  2
4013500 2675500  6 17 17  29.2  985 194  2.4 4 11.8  45  339  178 377 -483  2
4013500 2675500  6 17 18  28.8  985 171  2.0 5 12.3  47  192  156 378 -473  2
4013500 2675500  6 17 19  26.9  984 150  1.5 5 13.0  53   86  107 375 -462  2
4013500 2675500  6 17 20  25.5  984 137  1.4 7 13.2  60    3   41 373 -450  2
4013500 2675500  6 17 21  23.1  984 105  0.9 7 13.3  67    0    1 371 -440  2
4013500 2675500  6 17 22  21.8  985 105  1.2 5 13.4  76    0    0 364 -431  2
4013500 2675500  6 17 23  20.6  985 154  0.8 5 13.3  82    0    0 357 -423  2
4013500 2675500  6 17 24  19.5  985   4  0.6 7 13.0  86    0    0 356 -417  2
4013500 2675500  6 18  1  18.3  985 177  0.9 5 12.7  90    0    0 351 -413  2
4013500 2675500  6 18  2  17.9  985  18  0.6 5 12.3  92    0    0 344 -410  2
4013500 2675500  6 18  3  17.3  985  20  0.6 5 12.0  92    0    0 341 -407  2
4013500 2675500  6 18  4  16.5  985 113  1.8 5 11.7  94    0    0 338 -404  2
4013500 2675500  6 18  5  16.9  985 116  1.9 5 11.5  93    0   10 336 -402  2
4013500 2675500  6 18  6  18.1  985 123  2.3 3 11.7  90   45   64 335 -403  2
4013500 2675500  6 18  7  20.9  984 101  2.9 2 12.2  83  153  109 335 -409  2
4013500 2675500  6 18  8  22.5  985 121  3.4 1 13.0  77  275  142 340 -420  2
4013500 2675500  6 18  9  24.7  985 134  3.8 1 13.8  73  406  163 346 -435  2
4013500 2675500  6 18 10  27.5  984 133  3.9 0 14.5  66  523  182 357 -449  2
4013500 2675500  6 18 11  29.5  985 142  3.9 1 15.2  60  636  180 369 -462  2
4013500 2675500  6 18 12  30.3  984 155  4.4 1 15.3  56  689  188 378 -475  2
4013500 2675500  6 18 13  31.3  983 153  4.9 2 15.0  52  683  203 385 -488  2
4013500 2675500  6 18 14  31.5  983 166  4.3 4 14.9  50  622  220 392 -496  2
4013500 2675500  6 18 15  32.3  982 164  4.2 4 14.9  48  494  245 397 -501  2
4013500 2675500  6 18 16  32.6  982 161  4.3 4 14.8  46  381  235 401 -502  2
4013500 2675500  6 18 17  32.5  981 168  3.9 5 14.9  46  330  179 403 -500  2
4013500 2675500  6 18 18  31.6  981 155  3.1 5 15.1  48  223  139 404 -492  2
4013500 2675500  6 18 19  30.6  981 157  2.4 4 15.4  52   86  106 400 -481  2
4013500 2675500  6 18 20  28.0  981 143  2.3 4 15.7  59   23   47 394 -470  2
4013500 2675500  6 18 21  26.8  981 109  2.4 5 15.8  66    0    3 389 -460  2
4013500 2675500  6 18 22  25.6  981  49  2.2 2 15.7  70    0    0 383 -451  2
4013500 2675500  6 18 23  24.3  982  80  3.8 2 15.4  74    0    0 374 -445  2
4013500 2675500  6 18 24  23.4  982  20  5.0 0 15.2  79    0    0 367 -440  2
4013500 2675500  6 19  1  22.3  983  22  4.3 0 15.1  83    0    0 362 -436  2
4013500 2675500  6 19  2  21.7  984  75  2.6 2 14.9  86    0    0 361 -433  2
4013500 2675500  6 19  3  20.5  984 347  3.1 4 14.4  89    0    0 361 -428  2
4013500 2675500  6 19  4  19.9  985 327  3.0 2 13.6  89    0    0 356 -424  2
4013500 2675500  6 19  5  18.8  985 322  2.9 5 12.9  88    0    3 352 -423  2
4013500 2675500  6 19  6  18.7  985 321  3.3 7 12.5  89    0   34 354 -424  2
4013500 2675500  6 19  7  18.8  986 345  3.6 7 12.3  88    4  110 357 -430  2
4013500 2675500  6 19  8  19.6  986   3  3.1 7 12.3  85   19  210 359 -438  2
4013500 2675500  6 19  9  19.8  987 351  2.9 7 12.5  84   36  304 363 -448  2
4013500 2675500  6 19 10  20.2  987  14  2.6 5 12.6  83   65  388 362 -460  2
4013500 2675500  6 19 11  20.8  986 353  3.2 6 12.8  82   39  395 363 -472  2
4013500 2675500  6 19 12  20.4  987   2  3.1 7 12.9  82   21  377 370 -485  2
4013500 2675500  6 19 13  20.4  987  17  2.9 7 12.9  83   42  428 373 -495  2
4013500 2675500  6 19 14  21.5  988  34  4.2 7 13.1  81   22  365 376 -501  2
4013500 2675500  6 19 15  21.5  988  34  4.0 7 13.0  78   12  302 379 -501  2
4013500 2675500  6 19 16  21.8  988  18  4.0 7 12.9  77   30  306 379 -496  2
4013500 2675500  6 19 17  21.5  987   9  3.9 7 13.1  78   41  274 380 -491  2
4013500 2675500  6 19 18  21.8  987  49  4.6 7 13.2  79   16  180 380 -484  2
4013500 2675500  6 19 19  21.2  987  26  3.2 6 13.2  80    4   97 378 -474  2
4013500 2675500  6 19 20  20.9  987  30  2.6 6 13.3  82    0   26 377 -465  2
4013500 2675500  6 19 21  20.0  986 348  3.3 7 13.3  85    0    0 377 -459  2
4013500 2675500  6 19 22  19.1  986 353  4.3 7 13.2  90    0    0 376 -454  2
4013500 2675500  6 19 23  19.0  986   6  5.8 8 13.1  92    0    0 376 -450  2
4013500 2675500  6 19 24  18.9  986   6  4.9 7 12.9  91    0    0 376 -447  2
4013500 2675500  6 20  1  18.6  986 116  3.9 6 12.8  91    0    0 373 -443  2
4013500 2675500  6 20  2  18.1  986 139  3.8 6 12.9  94    0    0 369 -440  2
4013500 2675500  6 20  3  17.9  985 355  2.9 7 13.0  97    0    0 370 -437  2
4013500 2675500  6 20  4  17.5  985  12  0.6 8 12.9  98    0    0 373 -435  2
4013500 2675500  6 20  5  17.5  984  43  1.0 7 12.8  99    4   13 373 -433  2
4013500 2675500  6 20  6  17.8  984 343  1.0 6 13.1 100    0   35 369 -434  2
4013500 2675500  6 20  7  18.9  983 126  1.2 7 13.3  97    0   67 371 -440  2
4013500 2675500  6 20  8  19.7  983 180  1.4 6 13.5  93    6  155 373 -451  2
4013500 2675500  6 20  9  20.9  984 341  1.5 6 13.8  89    7  207 375 -463  2
4013500 2675500  6 20 10  20.5  984 107  1.7 6 13.9  88   28  287 378 -476  2
4013500 2675500  6 20 11  23.9  983  27  2.7 6 14.2  82  197  357 384 -487  2
4013500 2675500  6 20 12  24.7  982 142  2.1 4 14.5  73  478  288 390 -491  2
4013500 2675500  6 20 13  26.5  982 208  2.8 3 15.1  70  703  170 391 -492  2
4013500 2675500  6 20 14  26.2  982 222  3.8 3 15.2  68  687  161 394 -490  2
4013500 2675500  6 20 15  28.7  981 229  4.5 4 15.0  63  500  226 400 -485  2
4013500 2675500  6 20 16  26.2  981 238  4.4 3 14.5  61  291  239 398 -474  2
4013500 2675500  6 20 17  24.0  981 263  3.9 6 13.9  67    4  168 392 -462  2
4013500 2675500  6 20 18  21.9  982 255  3.1 6 14.1  78    0   57 392 -452  2
4013500 2675500  6 20 19  22.9  982 230  2.8 4 14.4  82   12   96 383 -443  2
4013500 2675500  6 20 20  21.3  982 235  3.2 6 13.7  79   16   45 380 -431  2
4013500 2675500  6 20 21  20.0  983 257  1.6 5 12.9  82    0    0 377 -420  2
4013500 2675500  6 20 22  19.2  984 273  2.9 5 12.2  83    0    0 367 -410  2
4013500 2675500  6 20 23  18.0  985 298  2.9 5 11.5  83    0    0 362 -403  2
4013500 2675500  6 20 24  16.4  986 274  1.2 2 10.9  86    0    0 343 -398  2
4013500 2675500  6 21  1  15.6  987 286  0.9 4 10.4  88    0    0 334 -396  2
4013500 2675500  6 21  2  15.0  987 304  0.7 5 10.0  90    0    0 344 -394  2
4013500 2675500  6 21  3  14.3  988 348  0.3 7  9.8  91    0    0 354 -393  2
4013500 2675500  6 21  4  13.2  988   0  0.6 7  9.4  93    0    0 358 -392  2
4013500 2675500  6 21  5  12.9  987 337  1.7 5  9.2  95    2   14 345 -390  2
4013500 2675500  6 21  6  13.3  987 299  0.5 3  9.5  98   53   70 328 -388  2
4013500 2675500  6 21  7  15.6  988  65  1.1 3 10.0  94   77  133 322 -389  2
4013500 2675500  6 21  8  16.8  987  58  0.8 5 10.1  85  124  204 333 -392  2
4013500 2675500  6 21  9  18.3  987 348  1.0 5 10.1  78  240  255 343 -399  2
4013500 2675500  6 21 10  20.0  987 142  1.3 6 10.2  72  183  341 351 -411  2
4013500 2675500  6 21 11  20.9  987 154  2.1 6 10.4  67  103  382 359 -424  2
4013500 2675500  6 21 12  20.4  986 185  1.8 7 10.7  68    0  184 363 -430  2
4013500 2675500  6 21 13  19.2  986 141  1.2 8 11.4  76    0  120 368 -434  2
4013500 2675500  6 21 14  19.4  986 184  1.7 8 12.0  83    0  142 371 -442  2
4013500 2675500  6 21 15  19.3  986 146  0.0 7 12.2  84    0  161 369 -445  2
4013500 2675500  6 21 16  20.0  985 324  2.1 8 12.3  83    0  156 371 -443  2
4013500 2675500  6 21 17  19.8  985 292  0.6 6 12.6  84   42  224 368 -437  2
4013500 2675500  6 21 18  19.8  985 318  1.5 4 12.5  84  120  185 352 -430  2
4013500 2675500  6 21 19  19.6  984 301  1.8 4 12.4  83  115  106 342 -423  2
4013500 2675500  6 21 20  18.4  985 315  1.4 7 12.3  86   24   51 354 -418  2
4013500 2675500  6 21 21  17.2  986 324  0.9 5 12.0  91    0    2 353 -412  2
4013500 2675500  6 21 22  16.2  986 321  0.2 6 11.5  94    0    0 347 -406  2
4013500 2675500  6 21 23  15.6  986 267  0.6 5 11.3  97    0    0 345 -403  2
4013500 2675500  6 21 24  14.6  987 325  0.4 1 11.0 100    0    0 324 -399  2
4013500 2675500  6 22  1  14.4  987 114  0.0 3 10.5  99    0    0 314 -397  2
4013500 2675500  6 22  2  14.6  987 151  1.0 2 10.3  96    0    0 318 -397  2
4013500 2675500  6 22  3  14.9  987 198  0.5 8 10.4  96    0    0 341 -397  2
4013500 2675500  6 22  4  14.3  987 351  0.8 8 10.6  99    0    0 368 -395  2
4013500 2675500  6 22  5  14.6  987  17  0.5 7 10.6 100    0    0 364 -394  2
4013500 2675500  6 22  6  14.9  987 337  1.3 7 10.8 100    0   16 361 -395  2
4013500 2675500  6 22  7  15.7  987 174  0.6 7 11.1  99    0   50 364 -397  2
4013500 2675500  6 22  8  16.6  987 146  1.0 6 11.5  97   27  189 363 -400  2
4013500 2675500  6 22  9  18.2  987 166  2.0 6 11.9  93  144  273 365 -407  2
4013500 2675500  6 22 10  20.9  987 210  3.4 4 11.9  81  426  243 365 -416  2
4013500 2675500  6 22 11  22.3  987 234  3.0 3 11.5  69  500  267 362 -427  2
4013500 2675500  6 22 12  23.0  987 227  3.1 3 11.0  62  490  310 363 -436  2
4013500 2675500  6 22 13  24.5  987 212  2.7 3 10.7  56  366  376 365 -438  2
4013500 2675500  6 22 14  25.1  986 221  3.2 2 10.5  52  553  271 365 -439  2
4013500 2675500  6 22 15  25.5  986 236  3.3 2 10.3  49  583  205 361 -444  2
4013500 2675500  6 22 16  26.1  985 260  3.8 2 10.0  47  453  206 360 -446  2
4013500 2675500  6 22 17  25.5  985 265  4.1 2 10.0  47  343  180 358 -440  2
4013500 2675500  6 22 18  24.8  985 225  2.8 1 10.2  50  269  127 352 -432  2
4013500 2675500  6 22 19  24.5  985 216  2.0 1 10.6  53  137   97 347 -428  2
4013500 2675500  6 22 20  22.7  984 221  2.2 1 10.9  58   36   51 344 -424  2
4013500 2675500  6 22 21  20.9  984 174  1.0 2 11.1  66    0    8 342 -421  2
4013500 2675500  6 22 22  19.5  984 106  1.6 3 11.1  73    0    0 344 -418  2
4013500 2675500  6 22 23  18.5  983 130  1.1 3 11.2  79    0    0 343 -416  2
4013500 2675500  6 22 24  18.2  983 135  0.5 3 11.1  81    0    0 341 -414  2
4013500 2675500  6 23  1  17.2  983  50  0.9 2 10.8  83    0    0 335 -412  2
4013500 2675500  6 23  2  17.1  982 157  0.8 3 10.7  85    0    0 334 -409  2
4013500 2675500  6 23  3  16.7  982 321  1.4 3 10.9  87    0    0 336 -405  2
4013500 2675500  6 23  4  16.2  982 247  0.6 3 10.9  90    0    0 334 -404  2
4013500 2675500  6 23  5  15.9  982 282  0.0 3 11.0  93    0    3 332 -404  2
4013500 2675500  6 23  6  17.8  983 236  0.8 3 11.3  91   17   60 334 -402  2
4013500 2675500  6 23  7  19.1  983 331  1.2 5 11.7  85   25  121 346 -401  2
4013500 2675500  6 23  8  19.5  983 269  2.1 6 12.0  82   45  197 361 -404  2
4013500 2675500  6 23  9  20.2  984 261  2.6 5 11.9  79  142  270 363 -407  2
4013500 2675500  6 23 10  19.3  984 246  3.6 6 11.2  76   35  301 361 -412  2
4013500 2675500  6 23 11  16.9  984 293  3.5 7 10.7  80    8  288 362 -419  2
4013500 2675500  6 23 12  18.2  985 271  3.3 8 10.5  81    1  258 364 -427  2
4013500 2675500  6 23 13  19.9  985 260  2.2 8 10.4  73   68  363 369 -434  2
4013500 2675500  6 23 14  21.1  985 284  5.0 6 10.4  67  162  378 364 -437  2
4013500 2675500  6 23 15  21.8  986 268  3.8 4 10.1  61  405  294 354 -439  2
4013500 2675500  6 23 16  21.9  986 322  3.8 3  9.6  57  484  183 346 -439  2
4013500 2675500  6 23 17  21.8  985 307  3.0 2  9.3  55  406  144 339 -436  2
4013500 2675500  6 23 18  20.9  985 321  2.8 2  9.0  55  269  124 332 -431  2
4013500 2675500  6 23 19  20.2  984 346  1.0 5  8.8  57   53  111 338 -424  2
4013500 2675500  6 23 20  18.8  984 360  1.8 4  9.1  62    0    8 343 -418  2
4013500 2675500  6 23 21  16.8  984   9  1.5 4  9.4  71    0    0 333 -412  2
4013500 2675500  6 23 22  16.1  984  21  1.3 5  9.2  76    0    0 332 -407  2
4013500 2675500  6 23 23  15.8  985 290  1.3 5  8.9  76    0    0 331 -402  2
4013500 2675500  6 23 24  15.1  985 308  1.0 4  9.0  79    0    0 324 -398  2
4013500 2675500  6 24  1  14.9  985 315  1.4 6  8.9  81    0    0 327 -394  2
4013500 2675500  6 24  2  14.7  985 326  1.6 5  8.7  80    0    0 333 -390  2
4013500 2675500  6 24  3  13.9  985 338  2.2 7  8.4  80    0    0 338 -386  2
4013500 2675500  6 24  4  13.4  984 330  2.1 7  8.2  82    0    0 346 -383  2
4013500 2675500  6 24  5  13.2  985 330  1.3 7  8.2  83    0    5 345 -382  2
4013500 2675500  6 24  6  13.7  985 330  1.4 7  8.4  84    0   23 345 -383  2
4013500 2675500  6 24  7  14.5  986 336  1.4 7  8.5  82    2   88 348 -388  2
4013500 2675500  6 24  8  15.6  986 331  2.0 6  8.5  78   38  188 347 -396  2
4013500 2675500  6 24  9  17.0  987 340  2.6 6  8.7  73   92  259 348 -408  2
4013500 2675500  6 24 10  17.9  987 339  3.3 6  9.0  70  129  309 352 -420  2
4013500 2675500  6 24 11  18.8  987 350  4.0 4  9.0  66  380  292 344 -430  2
4013500 2675500  6 24 12  19.0  987  19  3.4 4  8.5  61  403  318 336 -438  2
4013500 2675500  6 24 13  20.0  987 313  3.5 4  8.0  55  356  345 338 -442  2
4013500 2675500  6 24 14  20.9  987 308  4.5 4  7.8  51  276  346 341 -444  2
4013500 2675500  6 24 15  20.1  987 342  3.9 4  7.5  48  450  245 339 -445  2
4013500 2675500  6 24 16  20.7  988 345  4.6 4  7.1  46  412  191 337 -443  2
4013500 2675500  6 24 17  20.2  988 339  3.7 3  7.1  46  333  163 333 -439  2
4013500 2675500  6 24 18  19.7  988 337  3.2 2  6.9  46  235  124 323 -432  2
4013500 2675500  6 24 19  18.7  989 344  2.7 2  6.8  48  132   86 316 -423  2
4013500 2675500  6 24 20  17.3  989 334  2.2 4  7.1  54   31   47 318 -413  2
4013500 2675500  6 24 21  15.2  990  77  1.3 3  7.5  63    0    6 314 -402  2
4013500 2675500  6 24 22  14.0  991 241  1.9 5  7.5  70    0    0 311 -393  2
4013500 2675500  6 24 23  13.2  991 332  2.0 5  7.4  75    0    0 312 -388  2
4013500 2675500  6 24 24  12.6  991 356  1.2 4  7.4  78    0    0 306 -384  2
4013500 2675500  6 25  1  11.9  991  29  1.4 4  7.4  81    0    0 301 -381  2
4013500 2675500  6 25  2  11.2  992  17  1.7 5  7.4  85    0    0 303 -378  2
4013500 2675500  6 25  3  10.6  992  60  1.5 5  7.3  88    0    0 306 -375  2
4013500 2675500  6 25  4   9.5  991 140  1.1 3  7.1  90    0    0 298 -372  2
4013500 2675500  6 25  5   9.1  991  23  1.0 3  6.9  92    0    6 289 -370  2
4013500 2675500  6 25  6  10.7  992   4  1.0 3  7.2  92   36   59 291 -370  2
4013500 2675500  6 25  7  12.3  991  74  1.4 2  7.7  89  142  115 290 -377  2
4013500 2675500  6 25  8  15.1  991  20  1.9 2  8.1  81  273  155 293 -391  2
4013500 2675500  6 25  9  16.2  992  27  2.1 2  8.1  71  410  183 299 -410  2
4013500 2675500  6 25 10  17.6  992 355  1.8 3  7.3  60  474  227 308 -427  2
4013500 2675500  6 25 11  18.3  992 345  2.0 4  6.8  52  483  284 321 -444  2
4013500 2675500  6 25 12  19.2  992 331  2.3 3  6.8  50  590  272 327 -459  2
4013500 2675500  6 25 13  19.7  992 355  1.0 3  6.8  47  661  247 327 -469  2
4013500 2675500  6 25 14  20.0  991 351  1.8 2  6.7  46  650  235 326 -474  2
4013500 2675500  6 25 15  20.7  991 331  2.1 2  6.7  44  619  207 324 -474  2
4013500 2675500  6 25 16  20.6  990  12  2.5 2  6.8  44  441  222 326 -471  2
4013500 2675500  6 25 17  20.8  990   2  3.4 2  6.9  44  356  185 327 -464  2
4013500 2675500  6 25 18  20.2  990 352  3.3 2  6.8  44  244  148 326 -452  2
4013500 2675500  6 25 19  19.1  990 354  2.7 1  6.9  48  126  105 319 -439  2
4013500 2675500  6 25 20  17.3  990 349  2.1 1  7.1  54   38   49 312 -427  2
4013500 2675500  6 25 21  15.8  990 344  1.4 1  7.2  60    0    7 303 -417  2
4013500 2675500  6 25 22  14.3  991 338  0.8 1  7.2  67    0    0 297 -407  2
4013500 2675500  6 25 23  13.9  990 307  0.8 2  8.0  75    0    0 297 -397  2
4013500 2675500  6 25 24  14.1  991 276  0.9 3  9.0  83    0    0 294 -390  2
4013500 2675500  6 26  1  14.9  979 238  1.4 5 10.2  90    0    0 365 -409  2
4013500 2675500  6 26  2  15.6  978 211  1.8 6 11.1  95    0    0 365 -406  2
4013500 2675500  6 26  3  16.4  977 191  2.1 7 11.8  97    0    0 364 -404  2
4013500 2675500  6 26  4  16.5  976 196  2.2 6 11.8  97    0    0 362 -403  2
4013500 2675500  6 26  5  16.8  977 191  2.3 6 11.9  96    3   16 358 -403  2
4013500 2675500  6 26  6  17.0  977 199  2.5 4 12.0  96   24   63 346 -403  2
4013500 2675500  6 26  7  18.1  978 196  2.6 7 12.2  93    2   93 350 -409  2
4013500 2675500  6 26  8  18.6  978 194  2.4 7 12.5  91   11  170 362 -423  2
4013500 2675500  6 26  9  19.8  980 199  3.9 6 12.5  86   39  258 361 -442  2
4013500 2675500  6 26 10  20.6  980 205  4.1 5 12.2  79  136  335 358 -463  2
4013500 2675500  6 26 11  20.4  980 219  4.6 5 11.7  75  185  380 357 -481  2
4013500 2675500  6 26 12  21.3  980 228  4.9 7 11.2  70   53  364 364 -491  2
4013500 2675500  6 26 13  22.8  981 211  5.0 4 11.0  64   31  349 366 -498  2
4013500 2675500  6 26 14  22.8  980 213  4.7 3 11.2  62  205  401 359 -503  2
4013500 2675500  6 26 15  23.1  980 210  4.9 3 11.4  62  340  330 357 -503  2
4013500 2675500  6 26 16  24.1  980 204  5.4 3 11.3  60  407  236 358 -500  2
4013500 2675500  6 26 17  23.7  980 222  6.2 3 11.1  58  284  211 357 -495  2
4013500 2675500  6 26 18  23.7  980 273  5.1 3 10.9  57  145  178 354 -487  2
4013500 2675500  6 26 19  23.1  980 220  4.3 2 10.6  57  114  105 349 -476  2
4013500 2675500  6 26 20  21.8  981 222  3.0 2 10.5  60   32   48 341 -467  2
4013500 2675500  6 26 21  20.2  981 211  3.1 1 10.6  66    0    3 335 -460  2
4013500 2675500  6 26 22  19.3  982 214  2.8 2 10.6  71    0    0 333 -454  2
4013500 2675500  6 26 23  17.8  982 210  2.0 2 10.6  77    0    0 335 -450  2
4013500 2675500  6 26 24  17.4  983 198  1.3 2 10.5  81    0    0 333 -447  2
4013500 2675500  6 27  1  16.4  983 199  5.8 2 10.4  84    0    0 329 -446  2
4013500 2675500  6 27  2  15.3  983 266  0.0 1 10.3  88    0    0 323 -447  2
4013500 2675500  6 27  3  14.4  983 185  4.3 1 10.1  93    0    0 317 -443  2
4013500 2675500  6 27  4  14.1  983 291  2.7 1 10.0  95    0    0 315 -440  2
4013500 2675500  6 27  5  13.9  984 218  6.3 1  9.9  96    0   10 315 -440  2
4013500 2675500  6 27  6  15.6  984 217  2.9 1 10.2  94   38   61 318 -437  2
4013500 2675500  6 27  7  17.8  984 184  3.5 0 10.7  87  169   99 320 -434  2
4013500 2675500  6 27  8  19.1  984 140  0.7 0 11.1  81  341  104 323 -436  2
4013500 2675500  6 27  9  21.4  984 181  2.5 1 11.3  73  490  110 333 -445  2
4013500 2675500  6 27 10  21.7  984 174  2.8 2 11.2  68  612  116 343 -457  2
4013500 2675500  6 27 11  22.7  984 209  2.8 4 10.9  63  263  349 352 -470  2
4013500 2675500  6 27 12  23.2  984 217  3.7 3 10.6  59  358  350 359 -484  2
4013500 2675500  6 27 13  22.9  984 192  2.9 3 10.8  59  118  393 360 -493  2
4013500 2675500  6 27 14  22.9  984 236  2.5 5 11.3  63   10  287 367 -499  2
4013500 2675500  6 27 15  22.7  983 271  2.6 6 11.5  64   72  336 376 -503  2
4013500 2675500  6 27 16  22.1  982 285  2.7 5 11.6  66  148  302 375 -500  2
4013500 2675500  6 27 17  22.3  982 179  2.0 6 11.5  66   44  227 373 -490  2
4013500 2675500  6 27 18  20.6  983 193  2.3 5 11.4  69  110  176 371 -480  2
4013500 2675500  6 27 19  19.0  983 341  2.1 8 11.6  78    1   73 372 -467  2
4013500 2675500  6 27 20  17.7  983 358  2.0 6 11.6  85    9   42 372 -452  2
4013500 2675500  6 27 21  16.5  984 337  1.1 5 11.2  89    0    1 355 -441  2
4013500 2675500  6 27 22  16.1  984 342  1.8 4 10.8  90    0    0 343 -433  2
4013500 2675500  6 27 23  15.6  984 346  0.6 4 10.7  92    0    0 336 -427  2
4013500 2675500  6 27 24  14.9  985 309  2.0 5 10.6  95    0    0 337 -421  2
4013500 2675500  6 28  1  14.4  985 317  1.3 6 10.4  97    0    0 345 -414  2
4013500 2675500  6 28  2  14.4  985 339  0.8 7 10.3  97    0    0 353 -408  2
4013500 2675500  6 28  3  14.0  985 347  1.2 7 10.1  97    0    0 356 -402  2
4013500 2675500  6 28  4  13.4  985 322  1.2 8 10.0  99    0    0 358 -397  2
4013500 2675500  6 28  5  13.3  985 345  1.7 5  9.8 100    0    2 345 -393  2
4013500 2675500  6 28  6  13.6  985 336  2.3 5  9.8  99    0   25 332 -393  2
4013500 2675500  6 28  7  14.3  985 351  2.9 8  9.9  96    0   52 342 -395  2
4013500 2675500  6 28  8  14.3  985   3  2.6 8 10.0  95    0   78 352 -400  2
4013500 2675500  6 28  9  15.5  985 338  2.4 7 10.2  93    1  187 349 -407  2
4013500 2675500  6 28 10  16.2  986 353  1.8 7 10.3  88    0  190 348 -420  2
4013500 2675500  6 28 11  16.7  985 355  2.0 7 10.3  86    3  266 349 -437  2
4013500 2675500  6 28 12  17.9  985  23  2.0 7 10.6  83   18  340 350 -451  2
4013500 2675500  6 28 13  18.8  985  40  1.8 6 10.9  80   45  393 348 -461  2
4013500 2675500  6 28 14  19.3  985  34  2.4 6 10.8  76   67  406 345 -469  2
4013500 2675500  6 28 15  19.1  985  31  2.4 4 10.6  74  189  416 340 -467  2
4013500 2675500  6 28 16  19.8  985  52  2.6 5 10.8  74   53  317 340 -460  2
4013500 2675500  6 28 17  20.2  984  28  2.7 6 10.8  72   60  266 348 -454  2
4013500 2675500  6 28 18  19.8  984   3  1.7 5 10.6  70  120  210 350 -446  2
4013500 2675500  6 28 19  19.2  984  12  2.1 6 10.7  73   62  130 350 -436  2
4013500 2675500  6 28 20  18.0  985  33  1.8 7 10.7  78   11   50 353 -427  2
4013500 2675500  6 28 21  17.4  985  45  1.6 4 10.6  81    0    2 345 -416  2
4013500 2675500  6 28 22  16.5  985  21  1.9 5 10.4  83    0    0 335 -407  2
4013500 2675500  6 28 23  16.0  986  37  2.0 5 10.2  85    0    0 336 -402  2
4013500 2675500  6 28 24  15.4  986  44  1.7 7  9.9  86    0    0 341 -398  2
4013500 2675500  6 29  1  14.3  986  10  1.1 6  9.7  89    0    0 343 -395  2
4013500 2675500  6 29  2  14.4  986  21  0.6 7  9.6  91    0    0 342 -392  2
4013500 2675500  6 29  3  13.4  986  43  1.2 6  9.5  93    0    0 342 -387  2
4013500 2675500  6 29  4  14.4  986  52  0.7 5  9.5  93    0    0 333 -382  2
4013500 2675500  6 29  5  14.1  986  65  1.2 5  9.5  91    0    4 329 -380  2
4013500 2675500  6 29  6  14.9  986  67  1.2 6  9.7  91    0   14 332 -385  2
4013500 2675500  6 29  7  15.1  986  33  2.3 7  9.8  90    0   40 339 -394  2
4013500 2675500  6 29  8  16.1  986  50  2.1 7 10.0  87    0   81 345 -405  2
4013500 2675500  6 29  9  17.1  986  53  2.8 7 10.1  83    0  110 346 -418  2
4013500 2675500  6 29 10  18.2  986  64  3.6 7 10.2  78    0  139 349 -433  2
4013500 2675500  6 29 11  18.9  986  73  4.9 8 10.3  75    0  150 356 -444  2
4013500 2675500  6 29 12  19.1  987  38  4.9 8 10.5  74    0  168 362 -454  2
4013500 2675500  6 29 13  19.3  987  52  4.3 7 10.5  73    0  221 362 -463  2
4013500 2675500  6 29 14  19.6  986  50  5.4 6 10.5  72   15  328 357 -468  2
4013500 2675500  6 29 15  19.7  986  54  4.1 8 10.5  71   21  317 358 -472  2
4013500 2675500  6 29 16  20.1  986  46  4.3 7 10.4  70   67  339 362 -471  2
4013500 2675500  6 29 17  20.2  986  35  4.3 5 10.6  70  123  302 357 -465  2
4013500 2675500  6 29 18  20.6  986  42  4.0 4 10.5  68   93  221 351 -460  2
4013500 2675500  6 29 19  19.6  986  48  5.9 4 10.3  68   52  135 347 -454  2
4013500 2675500  6 29 20  18.6  986  59  5.3 5 10.1  71    6   47 349 -449  2
4013500 2675500  6 29 21  17.0  987  34  5.9 3  9.9  75    0    1 341 -445  2
4013500 2675500  6 29 22  16.2  987  29  6.8 5  9.6  79    0    0 338 -441  2
4013500 2675500  6 29 23  15.5  988  24  6.3 6  9.3  80    0    0 348 -439  2
4013500 2675500  6 29 24  14.8  988  21  1.9 6  9.2  83    0    0 350 -437  2
4013500 2675500  6 30  1  14.1  989   2  2.4 4  9.0  86    0    0 339 -433  2
4013500 2675500  6 30  2  14.2  989   5  2.9 4  8.8  86    0    0 329 -427  2
4013500 2675500  6 30  3  13.3  988  53  3.2 4  8.7  86    0    0 328 -422  2
4013500 2675500  6 30  4  12.6  988  59  1.4 3  8.5  88    0    0 321 -420  2
4013500 2675500  6 30  5  12.0  988  52  1.7 4  8.3  90    0    4 319 -417  2
4013500 2675500  6 30  6  13.4  989  49  1.0 4  8.5  90    3   47 324 -415  2
4013500 2675500  6 30  7  15.3  990  36  0.9 3  8.9  85   11  109 324 -416  2
4013500 2675500  6 30  8  17.0  990  19  1.7 2  9.1  78  137  204 321 -420  2
4013500 2675500  6 30  9  18.5  990  40  1.1 3  9.3  71  396  184 327 -424  2
4013500 2675500  6 30 10  19.9  990 349  1.6 2  9.3  65  480  223 334 -431  2
4013500 2675500  6 30 11  21.3  990  10  2.9 2  9.2  59  445  305 336 -436  2
4013500 2675500  6 30 12  21.7  989  46  3.3 2  9.4  57  551  289 342 -437  2
4013500 2675500  6 30 13  22.6  989  26  3.1 2  9.4  55  597  274 346 -444  2
4013500 2675500  6 30 14  23.1  990  37  3.1 2  9.1  51  590  259 349 -455  2
4013500 2675500  6 30 15  23.2  990   1  2.8 1  8.8  48  534  244 345 -454  2
4013500 2675500  6 30 16  23.7  990  18  2.2 1  8.5  46  474  208 341 -450  2
4013500 2675500  6 30 17  23.4  990  40  2.3 1  8.3  45  365  180 340 -448  2
4013500 2675500  6 30 18  22.5  990  17  3.0 1  8.5  47  242  146 338 -443  2
4013500 2675500  6 30 19  21.8  989  22  2.6 0  8.6  50  127  104 330 -439  2
4013500 2675500  6 30 20  19.7  989  43  2.3 1  8.6  54   34   51 325 -434  2
4013500 2675500  6 30 21  18.1  990  51  1.8 1  8.5  61    0    4 323 -428  2
4013500 2675500  6 30 22  16.4  990 105  1.3 1  8.6  68    0    0 317 -424  2
4013500 2675500  6 30 23  15.5  991 109  1.1 1  8.8  76    0    0 313 -420  2
4013500 2675500  6 30 24  13.8  991  91  0.7 1  8.8  82    0    0 309 -417  2
4013500 2675500  7  1  1  12.7  991  44  0.4 0  8.7  93    0    0 296 -412  2
4013500 2675500  7  1  2  13.2  991  79  1.0 0  8.7  92    0    0 294 -410  2
4013500 2675500  7  1  3  12.6  991 334  0.2 0  8.6  90    0    0 293 -408  2
4013500 2675500  7  1  4  11.8  991 324  0.1 0  8.4  92    0    0 289 -406  2
4013500 2675500  7  1  5  11.6  991 197  0.3 1  8.3  94    0   11 292 -404  2
4013500 2675500  7  1  6  12.6  991 360  0.3 1  8.5  94   49   58 296 -406  2
4013500 2675500  7  1  7  15.0  991  81  0.5 0  9.1  90  167   96 297 -410  2
4013500 2675500  7  1  8  17.2  992 131  0.7 0  9.6  82  308  116 301 -417  2
4013500 2675500  7  1  9  19.2  992 117  1.4 0  9.8  73  456  126 309 -425  2
4013500 2675500  7  1 10  20.9  991 100  1.5 0  9.8  65  585  133 317 -433  2
4013500 2675500  7  1 11  22.6  991 101  1.9 1  9.5  57  664  149 329 -446  2
4013500 2675500  7  1 12  23.5  992  88  1.6 1  9.5  53  660  194 340 -462  2
4013500 2675500  7  1 13  24.4  992  69  2.2 1  9.9  52  552  270 345 -473  2
4013500 2675500  7  1 14  24.4  991  67  2.5 2  9.9  51  511  275 352 -479  2
4013500 2675500  7  1 15  25.0  991  75  3.1 2  9.4  47  570  195 356 -482  2
4013500 2675500  7  1 16  25.4  990 100  3.1 2  8.9  43  538  146 356 -480  2
4013500 2675500  7  1 17  24.6  990  70  3.3 1  8.7  43  405  137 351 -474  2
4013500 2675500  7  1 18  24.1  990  61  4.2 1  9.0  46  263  120 345 -465  2
4013500 2675500  7  1 19  23.1  989  72  3.2 0  8.9  48  130   93 338 -455  2
4013500 2675500  7  1 20  21.6  990  65  2.7 0  8.8  51   34   45 329 -445  2
4013500 2675500  7  1 21  19.3  989  74  1.8 0  8.8  57    0    2 322 -434  2
4013500 2675500  7  1 22  17.7  989  44  1.8 0  8.8  64    0    0 315 -425  2
4013500 2675500  7  1 23  18.4  990  33  1.0 0  8.7  65    0    0 312 -419  2
4013500 2675500  7  1 24  15.8  990  42  1.5 0  8.6  69    0    0 309 -413  2
4013500 2675500  7  2  1  15.6  990  81  1.3 0  8.8  77    0    0 304 -407  2
4013500 2675500  7  2  2  15.5  990  62  0.9 0  8.7  77    0    0 302 -403  2
4013500 2675500  7  2  3  13.2  990  68  0.3 0  8.7  83    0    0 298 -400  2
4013500 2675500  7  2  4  13.8  989  54  0.4 0  8.6  86    0    0 294 -397  2
4013500 2675500  7  2  5  12.5  989  14  0.3 0  8.5  88    3   11 291 -393  2
4013500 2675500  7  2  6  15.9  990   4  0.3 0  8.8  85   60   53 292 -393  2
4013500 2675500  7  2  7  17.3  990 298  0.2 0  9.5  78  184   81 298 -399  2
4013500 2675500  7  2  8  19.4  990 101  2.6 0  9.8  72  336   91 302 -414  2
4013500 2675500  7  2  9  21.6  989  90  3.8 0  9.5  62  487   93 308 -431  2
4013500 2675500  7  2 10  22.4  989  62  5.8 0  8.1  48  624   91 311 -445  2
4013500 2675500  7  2 11  23.0  990  81  4.9 0  7.1  40  727   91 312 -457  2
4013500 2675500  7  2 12  24.1  989  80  5.1 0  7.1  38  807   82 317 -469  2
4013500 2675500  7  2 13  25.0  989  82  5.2 0  7.0  35  805   95 321 -478  2
4013500 2675500  7  2 14  25.1  989  67  6.3 0  6.9  34  760  106 323 -482  2
4013500 2675500  7  2 15  25.2  988  57  4.8 0  7.0  34  698   99 324 -480  2
4013500 2675500  7  2 16  25.4  988  85  4.8 0  7.1  34  585  101 324 -477  2
4013500 2675500  7  2 17  25.0  987  85  5.2 0  7.2  35  434  107 323 -474  2
4013500 2675500  7  2 18  24.6  987  81  4.6 0  7.5  37  281  101 322 -465  2
4013500 2675500  7  2 19  23.5  987  95  4.3 0  7.7  40  143   81 320 -453  2
4013500 2675500  7  2 20  21.9  987  89  3.5 0  7.7  44   38   42 314 -441  2
4013500 2675500  7  2 21  20.6  986  95  3.3 1  7.7  47    0    3 313 -431  2
4013500 2675500  7  2 22  19.1  986  88  3.9 0  7.6  51    0    0 307 -424  2
4013500 2675500  7  2 23  18.2  987  86  3.1 0  7.6  55    0    0 298 -419  2
4013500 2675500  7  2 24  16.9  987 104  2.5 0  7.6  59    0    0 293 -415  2
4013500 2675500  7  3  1  15.8  987  71  1.8 0  7.6  64    0    0 289 -411  2
4013500 2675500  7  3  2  14.0  987  39  1.2 0  7.6  70    0    0 283 -406  2
4013500 2675500  7  3  3  14.5  987  96  1.4 0  7.5  72    0    0 281 -402  2
4013500 2675500  7  3  4  12.2  986 121  0.9 0  7.4  76    0    0 277 -398  2
4013500 2675500  7  3  5  12.2  986  87  0.3 0  7.5  82    3   12 274 -392  2
4013500 2675500  7  3  6  14.8  987 204  0.1 0  7.9  80   67   52 277 -388  2
4013500 2675500  7  3  7  17.4  986 282  1.2 0  8.5  72  195   76 284 -394  2
4013500 2675500  7  3  8  19.5  986  73  2.4 0  8.8  65  349   83 290 -410  2
4013500 2675500  7  3  9  21.7  985  81  4.1 0  8.9  57  507   80 297 -428  2
4013500 2675500  7  3 10  23.1  986  75  4.1 0  8.4  48  644   77 303 -443  2
4013500 2675500  7  3 11  23.8  985  64  4.9 0  7.8  42  755   71 308 -456  2
4013500 2675500  7  3 12  24.7  985  63  5.7 0  7.7  40  825   72 312 -466  2
4013500 2675500  7  3 13  25.3  984  69  5.6 0  7.4  37  839   73 316 -473  2
4013500 2675500  7  3 14  26.3  984  91  4.7 0  7.0  33  807   71 319 -477  2
4013500 2675500  7  3 15  26.7  983 104  4.8 0  7.2  32  731   75 323 -478  2
4013500 2675500  7  3 16  26.8  983  97  5.2 0  7.4  32  610   84 324 -476  2
4013500 2675500  7  3 17  27.3  982 103  4.8 0  7.5  33  453   94 325 -470  2
4013500 2675500  7  3 18  26.6  982  90  5.2 0  7.8  34  296   92 326 -462  2
4013500 2675500  7  3 19  25.2  982  87  4.0 0  8.0  37  147   79 323 -451  2
4013500 2675500  7  3 20  23.8  982  84  3.6 0  8.0  40   40   41 318 -440  2
4013500 2675500  7  3 21  22.0  983  79  3.1 1  7.9  44    0    2 316 -430  2
4013500 2675500  7  3 22  20.5  983  79  2.5 1  7.8  48    0    0 315 -423  2
4013500 2675500  7  3 23  19.2  982  77  1.7 1  7.9  53    0    0 309 -418  2
4013500 2675500  7  3 24  18.0  983 109  1.4 0  8.1  59    0    0 301 -414  2
4013500 2675500  7  4  1  17.3  983  88  1.8 0  8.3  64    0    0 294 -411  2
4013500 2675500  7  4  2  15.7  983  85  1.4 0  8.3  69    0    0 289 -409  2
4013500 2675500  7  4  3  16.2  983 112  1.0 0  8.4  72    0    0 288 -405  2
4013500 2675500  7  4  4  15.3  983 163  0.7 0  8.5  74    0    0 287 -395  2
4013500 2675500  7  4  5  14.7  983 293  1.0 0  8.7  79    3   11 283 -385  2
4013500 2675500  7  4  6  15.7  984 216  0.9 0  9.0  81   63   54 284 -382  2
4013500 2675500  7  4  7  19.6  983  40  0.7 0  9.7  74  190   80 290 -390  2
4013500 2675500  7  4  8  21.1  984 105  3.3 0 10.1  65  338   91 298 -407  2
4013500 2675500  7  4  9  22.9  984  92  3.5 0 10.4  61  494   91 304 -424  2
4013500 2675500  7  4 10  24.7  984 114  3.1 0 10.9  57  633   88 313 -438  2
4013500 2675500  7  4 11  25.8  984 126  2.5 0 10.9  52  729   91 320 -451  2
4013500 2675500  7  4 12  26.9  983 115  2.5 0 10.6  48  777  101 326 -464  2
4013500 2675500  7  4 13  28.1  983 128  3.1 1 10.0  42  682  175 335 -474  2
4013500 2675500  7  4 14  28.9  983 136  2.8 2  9.6  38  564  229 346 -480  2
4013500 2675500  7  4 15  29.6  983 137  3.1 2  9.4  36  503  220 351 -481  2
4013500 2675500  7  4 16  29.8  983 151  3.0 2  9.4  35  427  195 353 -481  2
4013500 2675500  7  4 17  29.4  983 110  2.7 2  9.5  36  316  171 354 -476  2
4013500 2675500  7  4 18  29.0  982 148  3.0 2 10.0  38  176  148 353 -469  2
4013500 2675500  7  4 19  28.1  982 146  2.6 2 10.5  42  103   93 352 -458  2
4013500 2675500  7  4 20  26.4  981 105  2.7 2 10.4  44   33   41 347 -449  2
4013500 2675500  7  4 21  24.8  981  56  2.5 1 10.2  48    0    0 339 -442  2
4013500 2675500  7  4 22  23.2  982  66  2.0 2 10.2  53    0    0 333 -436  2
4013500 2675500  7  4 23  21.4  982 105  2.3 2 10.4  60    0    0 330 -433  2
4013500 2675500  7  4 24  19.7  982 123  2.0 1 10.4  67    0    0 321 -430  2
4013500 2675500  7  5  1  18.5  982 162  2.0 0 10.4  73    0    0 311 -424  2
4013500 2675500  7  5  2  18.6  982 159  1.4 0 10.3  74    0    0 306 -416  2
4013500 2675500  7  5  3  17.2  982 135  1.7 0 10.1  76    0    0 304 -407  2
4013500 2675500  7  5  4  17.9  982 175  1.0 0  9.9  77    0    0 304 -401  2
4013500 2675500  7  5  5  16.5  982 122  1.2 0  9.9  78    1   11 302 -397  2
4013500 2675500  7  5  6  18.2  982 129  1.3 1 10.2  80   53   56 304 -400  2
4013500 2675500  7  5  7  19.9  982 114  0.9 0 10.7  75  172   88 309 -408  2
4013500 2675500  7  5  8  22.3  983 163  1.3 0 11.1  68  313  105 312 -419  2
4013500 2675500  7  5  9  24.2  983 192  2.0 0 11.4  62  464  109 321 -434  2
4013500 2675500  7  5 10  26.0  983 158  2.0 1 11.7  56  598  111 333 -449  2
4013500 2675500  7  5 11  27.6  982 152  2.5 1 11.6  51  700  113 344 -463  2
4013500 2675500  7  5 12  29.4  983 180  2.4 2 11.3  45  650  187 355 -476  2
4013500 2675500  7  5 13  29.8  983 176  2.3 2 10.8  40  523  273 362 -486  2
4013500 2675500  7  5 14  30.4  982 144  2.8 2 10.5  38  600  212 365 -493  2
4013500 2675500  7  5 15  30.6  982 187  4.1 2 10.2  36  428  264 367 -496  2
4013500 2675500  7  5 16  30.9  981 156  4.1 2 10.0  35  437  193 369 -491  2
4013500 2675500  7  5 17  30.6  981 180  3.3 1 10.1  35  394  132 366 -486  2
4013500 2675500  7  5 18  30.0  981 177  3.6 1 10.1  36  259  114 360 -479  2
4013500 2675500  7  5 19  28.7  981 172  1.5 2 10.3  39  124   89 360 -469  2
4013500 2675500  7  5 20  26.4  980 151  1.5 2 10.8  45   33   43 359 -458  2
4013500 2675500  7  5 21  24.8  980 150  0.6 3 11.3  53    0    0 356 -449  2
4013500 2675500  7  5 22  24.2  981 185  1.8 4 11.4  57    0    0 359 -441  2
4013500 2675500  7  5 23  22.5  981 169  2.3 4 11.5  62    0    0 359 -435  2
4013500 2675500  7  5 24  20.8  982 158  0.9 6 11.9  71    0    0 361 -431  2
4013500 2675500  7  6  1  19.3  982 116  1.1 7 11.9  78    0    0 365 -427  2
4013500 2675500  7  6  2  19.1  981 203  4.7 4 11.8  82    0    0 355 -424  2
4013500 2675500  7  6  3  19.9  982 263  4.4 8 11.7  79    0    0 361 -422  2
4013500 2675500  7  6  4  19.4  982 296  4.2 4 11.8  80    0    0 363 -420  2
4013500 2675500  7  6  5  19.0  981 344  2.3 6 12.2  84    0    2 356 -416  2
4013500 2675500  7  6  6  18.3  981 187  3.3 7 12.4  88    0   16 367 -415  2
4013500 2675500  7  6  7  18.7  982 197  2.7 8 12.4  90    0   34 373 -419  2
4013500 2675500  7  6  8  18.7  982 159  2.1 8 12.5  89    0   79 377 -427  2
4013500 2675500  7  6  9  19.7  983 176  2.4 7 12.6  87    0  142 375 -438  2
4013500 2675500  7  6 10  19.9  983 195  2.2 8 12.7  85    0  118 378 -449  2
4013500 2675500  7  6 11  20.8  984 166  2.0 8 12.8  83    0  142 384 -458  2
4013500 2675500  7  6 12  21.2  984 213  1.5 8 12.8  79    0  222 388 -468  2
4013500 2675500  7  6 13  22.2  984 185  1.5 6 12.7  75   16  319 385 -472  2
4013500 2675500  7  6 14  24.1  983 217  1.2 5 12.4  67  295  422 381 -470  2
4013500 2675500  7  6 15  25.9  982  46  2.0 4 12.0  58  423  332 380 -465  2
4013500 2675500  7  6 16  26.4  982 229  2.5 4 11.8  54  356  292 379 -460  2
4013500 2675500  7  6 17  26.3  981 221  2.2 4 11.6  52  272  242 379 -461  2
4013500 2675500  7  6 18  26.5  981 207  1.7 3 11.7  52  187  183 375 -459  2
4013500 2675500  7  6 19  26.1  981 217  1.2 3 11.8  53   90  122 371 -453  2
4013500 2675500  7  6 20  23.7  981 243  1.0 4 11.7  57   21   50 371 -447  2
4013500 2675500  7  6 21  21.3  981 346  1.4 3 11.8  67    0    0 363 -442  2
4013500 2675500  7  6 22  19.6  982 347  1.4 3 11.8  76    0    0 351 -437  2
4013500 2675500  7  6 23  19.5  982 347  1.1 3 11.7  79    0    0 347 -434  2
4013500 2675500  7  6 24  18.4  981  95  1.4 5 11.5  81    0    0 353 -432  2
4013500 2675500  7  7  1  17.5  981  75  0.9 1 11.6  87    0    0 341 -432  2
4013500 2675500  7  7  2  18.4  981 248  2.0 3 11.4  85    0    0 333 -431  2
4013500 2675500  7  7  3  16.9  981 303  1.6 1 11.2  86    0    0 332 -429  2
4013500 2675500  7  7  4  16.6  981 257  2.0 2 11.3  91    0    0 324 -426  2
4013500 2675500  7  7  5  16.5  981 298  1.8 4 11.3  92    6   12 333 -424  2
4013500 2675500  7  7  6  17.4  981 240  1.2 3 11.4  91   28   47 337 -424  2
4013500 2675500  7  7  7  18.7  981 272  1.8 6 12.0  89   14   99 348 -428  2
4013500 2675500  7  7  8  20.1  982 106  2.2 7 12.6  86    0  115 370 -437  2
4013500 2675500  7  7  9  20.4  982 309  1.7 8 12.9  84    0  131 382 -447  2
4013500 2675500  7  7 10  21.3  982  11  2.0 7 13.0  81    0  206 384 -456  2
4013500 2675500  7  7 11  20.7  982 274  1.8 7 13.3  82   44  320 382 -464  2
4013500 2675500  7  7 12  22.3  982 235  1.4 5 13.3  80  271  330 376 -465  2
4013500 2675500  7  7 13  21.5  982 208  1.5 5 13.6  80   67  340 372 -470  2
4013500 2675500  7  7 14  22.3  981 281  2.1 7 13.9  81    0   99 379 -478  2
4013500 2675500  7  7 15  20.3  981 313  3.4 8 13.4  81    0  112 386 -489  2
4013500 2675500  7  7 16  18.5  982 342  1.4 8 13.0  88    2  181 382 -488  2
4013500 2675500  7  7 17  18.5  981 302  2.0 7 13.0  94    2  149 375 -481  2
4013500 2675500  7  7 18  18.1  981 293  1.6 5 13.0  95   87  151 364 -478  2
4013500 2675500  7  7 19  18.5  981 275  1.9 5 12.8  94  106   78 358 -467  2
4013500 2675500  7  7 20  18.0  981 292  1.3 8 12.8  94   19   37 370 -458  2
4013500 2675500  7  7 21  17.8  981 320  1.2 8 12.8  96    0    0 382 -448  2
4013500 2675500  7  7 22  17.8  981 299  1.0 7 12.8  97    0    0 376 -440  2
4013500 2675500  7  7 23  17.5  982 277  1.2 8 12.7  97    0    0 376 -435  2
4013500 2675500  7  7 24  17.4  982 222  1.7 8 12.6  98    0    0 378 -433  2
4013500 2675500  7  8  1  17.2  982  97  1.1 8 12.5  98    0    0 378 -431  2
4013500 2675500  7  8  2  17.2  982 118  0.8 8 12.5  98    0    0 376 -430  2
4013500 2675500  7  8  3  17.0  982 129  1.4 7 12.5  99    0    0 372 -431  2
4013500 2675500  7  8  4  16.9  982 118  1.1 7 12.5  99    0    0 368 -431  2
4013500 2675500  7  8  5  17.1  982 353  1.9 8 12.5  99    0    1 372 -430  2
4013500 2675500  7  8  6  17.3  982 186  1.8 7 12.6  99    0   14 372 -429  2
4013500 2675500  7  8  7  17.7  982 120  1.7 7 12.7  98    7   94 369 -430  2
4013500 2675500  7  8  8  18.5  983 120  2.0 6 13.0  96   36  185 369 -432  2
4013500 2675500  7  8  9  19.1  983 260  1.6 6 12.9  92   95  265 368 -435  2
4013500 2675500  7  8 10  20.8  984 300  1.7 6 12.8  84  164  321 374 -441  2
4013500 2675500  7  8 11  21.9  984 305  1.8 6 12.7  77  173  366 381 -446  2
4013500 2675500  7  8 12  23.1  984 277  1.3 5 12.5  71   90  378 383 -448  2
4013500 2675500  7  8 13  22.4  984 275  3.0 4 12.0  67   95  381 377 -454  2
4013500 2675500  7  8 14  24.1  984 337  2.4 3 11.7  63  116  371 370 -470  2
4013500 2675500  7  8 15  22.6  984 286  3.9 5 12.0  64  157  348 372 -482  2
4013500 2675500  7  8 16  22.9  984 288  2.0 4 12.4  69  321  258 373 -478  2
4013500 2675500  7  8 17  23.8  984 287  2.2 7 11.9  64   74  231 380 -471  2
4013500 2675500  7  8 18  22.9  984 300  1.9 6 11.6  62   96  173 385 -470  2
4013500 2675500  7  8 19  21.7  984 240  2.1 3 12.3  70   53  106 367 -463  2
4013500 2675500  7  8 20  20.3  984 169  1.6 4 12.2  77   23   43 357 -451  2
4013500 2675500  7  8 21  19.1  983 130  1.4 3 12.2  82    0    0 349 -441  2
4013500 2675500  7  8 22  18.0  984 106  1.1 4 12.0  87    0    0 336 -432  2
4013500 2675500  7  8 23  17.2  985  82  0.9 4 11.4  87    0    0 339 -425  2
4013500 2675500  7  8 24  16.5  985 126  0.8 5 10.7  86    0    0 339 -419  2
4013500 2675500  7  9  1  15.8  984 122  0.8 6  9.9  83    0    0 346 -415  2
4013500 2675500  7  9  2  15.2  984 161  0.7 7  9.3  82    0    0 346 -412  2
4013500 2675500  7  9  3  14.8  984 202  0.6 7  9.0  82    0    0 338 -410  2
4013500 2675500  7  9  4  14.5  984 274  0.8 7  9.1  85    0    0 334 -409  2
4013500 2675500  7  9  5  14.7  984 220  1.1 7  9.3  85    0    1 337 -407  2
4013500 2675500  7  9  6  15.0  984 345  1.8 6  9.5  89    0   16 336 -408  2
4013500 2675500  7  9  7  14.9  984 335  2.2 8 10.0  91    0   58 339 -411  2
4013500 2675500  7  9  8  15.9  984   0  2.3 8 10.2  90    1  135 346 -417  2
4013500 2675500  7  9  9  16.6  984 338  3.1 7 10.3  86    8  213 346 -426  2
4013500 2675500  7  9 10  17.9  984 340  3.4 8 10.4  82    0  195 349 -438  2
4013500 2675500  7  9 11  19.3  984 334  2.4 7 10.2  74   65  336 354 -452  2
4013500 2675500  7  9 12  19.8  984 352  3.4 6  9.9  67  121  364 355 -464  2
4013500 2675500  7  9 13  19.8  984 337  5.1 6  9.8  66  112  364 355 -474  2
4013500 2675500  7  9 14  20.9  983   3  4.3 7  9.5  61   82  342 359 -479  2
4013500 2675500  7  9 15  21.8  984 357  4.3 6  9.0  55   99  319 361 -478  2
4013500 2675500  7  9 16  21.9  984   0  4.5 6  8.8  52  470  148 360 -475  2
4013500 2675500  7  9 17  21.8  984 351  3.4 6  8.7  51  176  216 357 -470  2
4013500 2675500  7  9 18  21.8  984 332  3.9 5  8.5  50  221  117 352 -462  2
4013500 2675500  7  9 19  20.9  983 334  3.1 4  8.4  52  131   75 342 -452  2
4013500 2675500  7  9 20  19.6  983 339  2.5 4  8.4  55   51   37 334 -440  2
4013500 2675500  7  9 21  17.5  983 347  2.2 4  8.4  61    1    7 326 -428  2
4013500 2675500  7  9 22  16.2  984 358  2.3 3  8.5  68    0    0 316 -418  2
4013500 2675500  7  9 23  15.7  984 359  2.5 3  8.4  72    0    0 310 -409  2
4013500 2675500  7  9 24  15.1  985 349  1.6 5  8.3  74    0    0 310 -403  2
4013500 2675500  7 10  1  14.1  985 357  1.5 6  8.4  78    0    0 310 -399  2
4013500 2675500  7 10  2  12.4  985 346  0.9 2  8.2  84    0    0 301 -395  2
4013500 2675500  7 10  3  12.2  984 351  1.6 0  7.9  86    0    0 291 -392  2
4013500 2675500  7 10  4  11.6  984 334  1.3 3  7.9  88    0    0 291 -390  2
4013500 2675500  7 10  5  11.9  984 340  1.8 4  8.1  91    0    2 295 -387  2
4013500 2675500  7 10  6  12.6  984 338  1.5 4  8.4  91   14   48 297 -387  2
4013500 2675500  7 10  7  14.2  985 358  1.8 2  8.5  85  150   85 296 -393  2
4013500 2675500  7 10  8  15.5  985   7  2.5 3  8.2  76  287  107 298 -406  2
4013500 2675500  7 10  9  16.5  985  14  2.7 4  8.1  69  210  236 304 -422  2
4013500 2675500  7 10 10  17.5  985  16  2.6 5  7.9  63  269  287 309 -439  2
4013500 2675500  7 10 11  18.7  985   6  2.7 5  7.6  57  535  211 317 -456  2
4013500 2675500  7 10 12  19.1  984 345  2.7 5  7.6  54  647  185 325 -470  2
4013500 2675500  7 10 13  20.5  984 334  3.3 5  7.5  51  503  270 330 -479  2
4013500 2675500  7 10 14  21.2  984 338  4.0 5  7.3  46  480  268 334 -481  2
4013500 2675500  7 10 15  22.2  984 352  4.1 4  7.3  44  629  145 335 -480  2
4013500 2675500  7 10 16  22.0  984 329  3.0 3  7.2  42  553  122 333 -477  2
4013500 2675500  7 10 17  23.1  984 333  3.1 2  7.1  41  433  107 331 -473  2
4013500 2675500  7 10 18  22.4  984 326  3.4 2  7.3  41  280  102 330 -466  2
4013500 2675500  7 10 19  21.1  984 356  3.3 1  7.3  44  104   95 325 -455  2
4013500 2675500  7 10 20  19.5  983 351  2.6 1  7.3  48   36   45 319 -442  2
4013500 2675500  7 10 21  16.6  983  29  2.3 1  7.5  56    1    7 312 -430  2
4013500 2675500  7 10 22  15.2  984  46  1.6 1  7.6  65    0    0 304 -419  2
4013500 2675500  7 10 23  14.6  985  26  0.5 1  7.4  68    0    0 300 -410  2
4013500 2675500  7 10 24  13.3  985 344  0.6 2  7.4  72    0    0 298 -402  2
4013500 2675500  7 11  1  11.9  984 347  0.6 2  7.4  80    0    0 295 -396  2
4013500 2675500  7 11  2  11.1  984 353  0.3 2  7.4  85    0    0 291 -392  2
4013500 2675500  7 11  3  11.3  984  16  0.5 2  7.3  85    0    0 291 -390  2
4013500 2675500  7 11  4   9.3  984   5  0.6 3  7.1  88    0    0 291 -387  2
4013500 2675500  7 11  5   9.5  984  10  0.5 3  7.0  92    0    9 293 -385  2
4013500 2675500  7 11  6  11.1  985 305  0.8 3  7.4  91   40   56 296 -384  2
4013500 2675500  7 11  7  13.8  984 248  0.8 3  7.9  85  124  104 301 -390  2
4013500 2675500  7 11  8  16.2  985 239  0.9 3  8.2  74  255  138 309 -406  2
4013500 2675500  7 11  9  18.8  985 238  1.7 3  8.2  64  363  177 318 -428  2
4013500 2675500  7 11 10  20.6  984 261  1.9 4  8.3  56  525  173 331 -449  2
4013500 2675500  7 11 11  22.8  985 270  2.3 3  8.2  49  663  162 340 -467  2
4013500 2675500  7 11 12  24.6  984 278  1.8 2  8.3  44  760  147 344 -481  2
4013500 2675500  7 11 13  25.6  984  12  2.2 2  8.4  41  590  252 349 -495  2
4013500 2675500  7 11 14  26.5  983 280  2.9 3  8.3  38  558  253 355 -504  2
4013500 2675500  7 11 15  27.0  982  40  3.0 3  8.4  37  595  193 360 -509  2
4013500 2675500  7 11 16  27.2  982 283  4.1 3  8.8  38  300  282 362 -504  2
4013500 2675500  7 11 17  27.3  982 272  2.8 5  9.0  38  238  229 369 -491  2
4013500 2675500  7 11 18  26.9  981 267  3.6 6  9.3  40  126  181 377 -480  2
4013500 2675500  7 11 19  25.6  981 257  2.3 6  9.9  45   26  106 377 -468  2
4013500 2675500  7 11 20  24.5  981 255  2.5 6 10.1  49    0   31 373 -454  2
4013500 2675500  7 11 21  23.5  981 279  2.0 7 10.3  53    0    1 370 -441  2
4013500 2675500  7 11 22  22.1  982 238  2.3 7 10.5  58    0    0 369 -430  2
4013500 2675500  7 11 23  21.3  982 293  3.5 7 10.7  64    0    0 364 -424  2
4013500 2675500  7 11 24  19.8  982 346  3.6 5 10.9  70    0    0 357 -426  2
4013500 2675500  7 12  1  18.7  982 330  2.0 8 10.8  74    0    0 356 -427  2
4013500 2675500  7 12  2  17.1  983 350  2.2 5 10.3  78    0    0 351 -424  2
4013500 2675500  7 12  3  15.7  983 349  2.8 4  9.6  80    0    0 331 -419  2
4013500 2675500  7 12  4  15.2  983 329  3.2 6  9.0  79    0    0 330 -412  2
4013500 2675500  7 12  5  13.9  984 327  2.8 6  8.6  81    0    2 333 -403  2
4013500 2675500  7 12  6  13.9  985 337  2.3 7  8.5  83    2   38 336 -394  2
4013500 2675500  7 12  7  14.7  985 346  3.9 4  8.2  78   83  108 329 -393  2
4013500 2675500  7 12  8  15.5  985 354  3.7 5  7.9  71   81  187 323 -399  2
4013500 2675500  7 12  9  15.8  986 346  3.3 6  7.6  67  120  256 334 -411  2
4013500 2675500  7 12 10  16.8  986 322  3.0 6  7.5  63  373  231 341 -424  2
4013500 2675500  7 12 11  18.0  986 353  3.3 4  7.4  58  676  114 337 -438  2
4013500 2675500  7 12 12  19.8  986 342  3.3 4  7.3  52  559  228 336 -450  2
4013500 2675500  7 12 13  20.0  985 318  4.0 4  7.2  49  360  335 340 -457  2
4013500 2675500  7 12 14  20.8  985 330  4.1 3  7.2  47  505  246 339 -459  2
4013500 2675500  7 12 15  21.1  985   9  4.1 3  7.1  45  571  176 336 -462  2
4013500 2675500  7 12 16  21.3  985 348  4.2 4  7.0  43  455  178 339 -464  2
4013500 2675500  7 12 17  21.6  986   7  5.1 4  6.9  42  313  172 341 -459  2
4013500 2675500  7 12 18  20.7  985   5  4.0 4  6.9  43  231  123 341 -450  2
4013500 2675500  7 12 19  20.3  985 346  4.2 5  6.8  44   66  101 342 -442  2
4013500 2675500  7 12 20  18.5  985 343  2.6 4  7.0  48   15   42 340 -433  2
4013500 2675500  7 12 21  16.9  985   7  1.9 6  7.1  55    0    4 340 -423  2
4013500 2675500  7 12 22  15.6  985 351  2.6 5  7.2  61    0    0 339 -413  2
4013500 2675500  7 12 23  15.1  986 330  1.8 5  7.3  65    0    0 334 -406  2
4013500 2675500  7 12 24  13.7  986 356  2.0 6  7.4  71    0    0 334 -399  2
4013500 2675500  7 13  1  12.6  986 350  1.6 6  7.4  76    0    0 332 -393  2
4013500 2675500  7 13  2  12.0  986 339  1.1 7  7.4  80    0    0 332 -388  2
4013500 2675500  7 13  3  11.4  985 331  0.9 6  7.3  83    0    0 331 -383  2
4013500 2675500  7 13  4  10.7  985 333  0.8 5  7.3  86    0    0 323 -379  2
4013500 2675500  7 13  5  10.9  985 321  1.0 4  7.3  88    0    5 315 -375  2
4013500 2675500  7 13  6  11.7  986 329  0.5 3  7.6  88    7   44 309 -374  2
4013500 2675500  7 13  7  13.5  986  13  0.2 5  8.0  86   26  111 316 -379  2
4013500 2675500  7 13  8  14.7  987 344  1.8 4  8.2  80  215  144 324 -389  2
4013500 2675500  7 13  9  16.5  987   9  1.9 4  8.0  70  266  210 325 -403  2
4013500 2675500  7 13 10  17.2  986 358  2.5 5  7.6  62  201  306 332 -417  2
4013500 2675500  7 13 11  18.9  986 348  3.2 3  7.5  57  446  259 335 -432  2
4013500 2675500  7 13 12  19.8  986  12  2.9 2  7.5  52  710  145 329 -446  2
4013500 2675500  7 13 13  20.9  986   4  3.1 2  7.3  48  607  209 330 -458  2
4013500 2675500  7 13 14  22.0  986  16  3.7 2  7.2  44  611  193 333 -465  2
4013500 2675500  7 13 15  22.1  986  31  3.6 1  7.2  42  723   90 333 -466  2
4013500 2675500  7 13 16  22.5  985   6  3.5 1  7.0  40  605   94 330 -466  2
4013500 2675500  7 13 17  22.6  985 355  3.7 1  6.7  38  457   97 330 -466  2
4013500 2675500  7 13 18  22.4  985   6  4.0 1  6.8  39  298   93 329 -463  2
4013500 2675500  7 13 19  20.9  985  47  3.4 1  6.9  41  117   90 326 -454  2
4013500 2675500  7 13 20  19.3  984  47  2.9 1  7.1  47   40   42 320 -442  2
4013500 2675500  7 13 21  16.8  984  49  2.1 1  7.2  54    1    7 313 -430  2
4013500 2675500  7 13 22  16.0  985  70  2.0 1  7.3  60    0    0 307 -420  2
4013500 2675500  7 13 23  14.9  985  81  1.6 1  7.2  64    0    0 302 -413  2
4013500 2675500  7 13 24  13.2  986 107  1.5 1  7.0  68    0    0 297 -409  2
4013500 2675500  7 14  1  13.1  985  23  0.7 0  6.8  70    0    0 291 -405  2
4013500 2675500  7 14  2  11.7  985 346  0.8 0  6.7  72    0    0 287 -401  2
4013500 2675500  7 14  3  11.2  985 347  0.6 0  6.6  77    0    0 283 -396  2
4013500 2675500  7 14  4  10.8  985   2  0.5 0  6.6  78    0    0 281 -392  2
4013500 2675500  7 14  5   9.1  985  28  0.5 0  6.4  82    1    8 277 -390  2
4013500 2675500  7 14  6  12.2  985  61  0.7 0  6.8  82   48   51 279 -389  2
4013500 2675500  7 14  7  14.8  985  60  1.1 0  7.4  74  162   84 286 -396  2
4013500 2675500  7 14  8  18.2  985  98  2.6 0  7.5  62  313   97 295 -410  2
4013500 2675500  7 14  9  19.3  985 108  3.4 0  7.3  53  460  106 303 -429  2
4013500 2675500  7 14 10  21.1  984  92  3.9 1  7.2  48  593  109 312 -446  2
4013500 2675500  7 14 11  22.4  985  99  3.9 1  7.3  43  716  101 322 -462  2
4013500 2675500  7 14 12  23.7  984 121  2.2 1  7.2  40  798   92 329 -477  2
4013500 2675500  7 14 13  24.3  983  66  4.9 1  7.3  38  636  196 336 -487  2
4013500 2675500  7 14 14  24.9  983  82  2.5 0  7.2  36  617  192 336 -489  2
4013500 2675500  7 14 15  25.4  982  66  4.5 0  7.2  35  717   95 336 -490  2
4013500 2675500  7 14 16  26.0  982  83  3.8 0  7.2  34  596  100 338 -490  2
4013500 2675500  7 14 17  25.6  981  76  4.4 0  7.2  34  444  103 338 -487  2
4013500 2675500  7 14 18  25.4  981  81  5.0 0  7.3  35  289   97 338 -480  2
4013500 2675500  7 14 19  24.5  980  78  4.3 0  7.3  36  107   93 336 -469  2
4013500 2675500  7 14 20  22.9  981  87  3.5 0  7.3  39   37   43 332 -458  2
4013500 2675500  7 14 21  20.9  981  81  2.7 0  7.4  43    0    7 326 -446  2
4013500 2675500  7 14 22  20.2  981  72  3.0 0  7.4  47    0    0 321 -436  2
4013500 2675500  7 14 23  19.3  981  88  2.3 0  7.3  49    0    0 318 -429  2
4013500 2675500  7 14 24  19.0  981  94  1.6 0  7.3  51    0    0 316 -423  2
4013500 2675500  7 15  1  15.9  981  36  0.6 0  7.3  57    0    0 310 -417  2
4013500 2675500  7 15  2  14.6  981  71  0.7 1  7.2  65    0    0 306 -408  2
4013500 2675500  7 15  3  14.1  981  37  0.7 1  7.2  68    0    0 307 -403  2
4013500 2675500  7 15  4  14.0  981  25  0.5 1  7.2  69    0    0 306 -401  2
4013500 2675500  7 15  5  13.1  981  25  0.5 1  7.1  71    1    7 304 -399  2
4013500 2675500  7 15  6  13.7  981   8  0.4 1  7.4  75   46   49 304 -399  2
4013500 2675500  7 15  7  17.4  981  90  0.9 0  7.9  69  159   79 308 -405  2
4013500 2675500  7 15  8  19.7  981 124  1.9 0  8.1  59  309   92 314 -419  2
4013500 2675500  7 15  9  22.2  982 121  2.8 0  8.3  52  467   94 323 -435  2
4013500 2675500  7 15 10  24.8  981  94  3.5 0  8.1  43  606   92 334 -449  2
4013500 2675500  7 15 11  25.7  980 111  3.3 0  8.0  38  739   77 343 -462  2
4013500 2675500  7 15 12  26.6  980  99  3.6 0  7.9  36  816   71 349 -474  2
4013500 2675500  7 15 13  27.5  979 117  3.3 0  7.7  34  649  178 354 -487  2
4013500 2675500  7 15 14  28.1  979  76  3.9 0  7.8  32  630  174 358 -497  2
4013500 2675500  7 15 15  28.7  979 126  3.4 0  7.8  31  723   80 360 -497  2
4013500 2675500  7 15 16  29.0  979 138  2.3 0  7.8  30  599   88 360 -494  2
4013500 2675500  7 15 17  28.5  978 126  4.4 1  7.7  30  453   90 361 -491  2
4013500 2675500  7 15 18  28.1  978 115  4.2 0  7.8  31  294   89 359 -482  2
4013500 2675500  7 15 19  27.8  978 121  4.1 0  7.8  32  106   89 355 -472  2
4013500 2675500  7 15 20  25.4  977 103  2.8 0  7.8  34   34   41 350 -460  2
4013500 2675500  7 15 21  23.8  977  86  2.1 0  8.0  40    0    6 344 -448  2
4013500 2675500  7 15 22  22.3  977  93  1.9 0  8.1  44    0    0 339 -438  2
4013500 2675500  7 15 23  21.6  978  72  1.3 0  8.1  47    0    0 334 -431  2
4013500 2675500  7 15 24  19.8  978  72  1.2 0  8.1  52    0    0 330 -427  2
4013500 2675500  7 16  1  19.2  978 111  1.4 1  8.2  56    0    0 328 -422  2
4013500 2675500  7 16  2  17.7  977  12  1.0 0  8.3  60    0    0 324 -414  2
4013500 2675500  7 16  3  16.6  977  48  1.1 0  8.3  65    0    0 318 -408  2
4013500 2675500  7 16  4  15.0  977 149  0.8 0  8.2  70    0    0 313 -407  2
4013500 2675500  7 16  5  15.1  977 115  1.1 0  8.1  74    0    5 311 -407  2
4013500 2675500  7 16  6  16.2  976 303  0.9 0  8.4  73   37   52 311 -406  2
4013500 2675500  7 16  7  19.1  977 110  1.3 0  8.9  68  134   98 317 -410  2
4013500 2675500  7 16  8  21.7  977 124  1.9 0  9.3  60  265  128 326 -423  2
4013500 2675500  7 16  9  24.6  977 124  2.4 0  9.4  51  399  151 335 -440  2
4013500 2675500  7 16 10  27.3  977 133  3.3 1  9.0  41  514  171 349 -457  2
4013500 2675500  7 16 11  29.1  977 140  3.8 1  8.5  34  614  180 361 -472  2
4013500 2675500  7 16 12  29.6  977 146  3.1 3  8.2  31  351  354 372 -485  2
4013500 2675500  7 16 13  30.3  976 137  2.9 4  8.2  30  200  397 384 -496  2
4013500 2675500  7 16 14  31.5  976 145  3.1 4  8.2  28  201  385 391 -503  2
4013500 2675500  7 16 15  32.0  975 118  3.5 2  8.3  27  602  181 390 -506  2
4013500 2675500  7 16 16  32.0  974 135  3.4 2  8.5  28  489  177 384 -505  2
4013500 2675500  7 16 17  32.0  974 143  3.9 3  8.6  28  247  215 387 -500  2
4013500 2675500  7 16 18  30.9  974 143  2.6 6  8.7  29   22  153 396 -489  2
4013500 2675500  7 16 19  29.0  974 122  3.0 8  8.7  32    0   29 406 -477  2
4013500 2675500  7 16 20  25.9  975 188  4.7 8  9.3  39    0   11 404 -464  2
4013500 2675500  7 16 21  24.1  974 177  3.8 8 10.3  50    0    1 397 -449  2
4013500 2675500  7 16 22  22.0  976 299  2.3 8 11.1  60    0    0 390 -437  2
4013500 2675500  7 16 23  21.9  977 312  2.1 8 11.6  68    0    0 387 -428  2
4013500 2675500  7 16 24  20.1  978 281  1.5 7 11.9  73    0    0 380 -422  2
4013500 2675500  7 17  1  19.3  978   9  0.8 7 11.9  80    0    0 372 -416  2
4013500 2675500  7 17  2  19.5  979  21  1.1 8 12.0  82    0    0 375 -410  2
4013500 2675500  7 17  3  18.4  979  59  0.9 8 12.1  85    0    0 377 -406  2
4013500 2675500  7 17  4  17.8  979 170  1.0 5 12.0  89    0    0 366 -402  2
4013500 2675500  7 17  5  17.4  979 246  1.4 4 11.8  90    0    5 352 -399  2
4013500 2675500  7 17  6  18.4  980 134  0.3 4 11.8  88   31   53 350 -402  2
4013500 2675500  7 17  7  19.5  980 185  1.3 2 12.1  85  133  109 346 -412  2
4013500 2675500  7 17  8  21.9  981 189  2.1 1 11.9  75  291  138 343 -426  2
4013500 2675500  7 17  9  23.3  982 224  2.2 1 11.4  64  412  172 345 -436  2
4013500 2675500  7 17 10  24.0  982 244  3.0 3 10.8  57  278  300 356 -441  2
4013500 2675500  7 17 11  24.1  981 251  4.2 5 10.3  53  126  378 372 -454  2
4013500 2675500  7 17 12  23.7  982 223  4.2 5 10.0  52   65  367 379 -459  2
4013500 2675500  7 17 13  24.6  982 234  5.2 6  9.8  50   23  319 384 -455  2
4013500 2675500  7 17 14  23.2  983 210  6.1 7  9.6  50    0  137 390 -464  2
4013500 2675500  7 17 15  23.2  983 200  3.5 5  9.5  52    9  242 384 -475  2
4013500 2675500  7 17 16  24.1  983 223  3.7 5  9.4  50   95  295 379 -473  2
4013500 2675500  7 17 17  23.4  983 227  6.2 4  9.2  48  112  248 375 -475  2
4013500 2675500  7 17 18  22.8  983 258  5.0 3  9.0  49   84  180 364 -478  2
4013500 2675500  7 17 19  23.1  983 253  3.7 5  8.9  49   18   98 366 -467  2
4013500 2675500  7 17 20  21.3  984 251  4.3 6  8.7  50   19   44 372 -455  2
4013500 2675500  7 17 21  19.5  984 241  2.9 5  8.5  55    0    6 365 -443  2
4013500 2675500  7 17 22  18.7  985 237  1.8 4  8.5  60    0    0 354 -435  2
4013500 2675500  7 17 23  17.6  985 253  1.9 4  8.4  63    0    0 347 -431  2
4013500 2675500  7 17 24  16.6  986 269  1.7 3  8.5  68    0    0 341 -428  2
4013500 2675500  7 18  1  16.1  986 261  1.2 5  8.5  72    0    0 341 -424  2
4013500 2675500  7 18  2  15.9  987 242  2.1 6  8.6  74    0    0 349 -417  2
4013500 2675500  7 18  3  15.3  987 262  2.1 5  8.7  77    0    0 346 -412  2
4013500 2675500  7 18  4  15.8  987 238  1.8 5  8.7  77    0    0 342 -408  2
4013500 2675500  7 18  5  14.8  987 232  1.4 6  8.6  77    0    0 343 -403  2
4013500 2675500  7 18  6  15.7  988 276  1.1 6  8.7  78    0   12 345 -403  2
4013500 2675500  7 18  7  16.7  988 239  1.2 6  8.9  75   18   96 349 -410  2
4013500 2675500  7 18  8  18.0  988 241  1.8 3  8.8  69  229  136 342 -419  2
4013500 2675500  7 18  9  19.4  988 279  2.8 4  9.0  65  375  157 341 -431  2
4013500 2675500  7 18 10  20.9  988 290  2.5 5  9.2  61  271  279 354 -442  2
4013500 2675500  7 18 11  22.7  988 314  2.7 5  9.1  54  391  293 363 -452  2
4013500 2675500  7 18 12  23.0  989 293  4.2 3  8.9  50  489  285 361 -459  2
4013500 2675500  7 18 13  23.8  989 296  2.4 3  8.7  47  310  362 360 -467  2
4013500 2675500  7 18 14  25.2  988 276  3.0 5  8.5  43  189  371 368 -473  2
4013500 2675500  7 18 15  26.3  988 297  3.3 4  8.4  40  204  334 375 -477  2
4013500 2675500  7 18 16  25.7  988 295  4.3 3  8.4  39  278  268 370 -480  2
4013500 2675500  7 18 17  25.5  988 326  0.1 3  8.4  40  242  210 366 -478  2
4013500 2675500  7 18 18  25.8  988 277  2.1 2  8.4  40  220  133 363 -473  2
4013500 2675500  7 18 19  25.6  987 260  1.1 1  8.1  38   95   98 355 -465  2
4013500 2675500  7 18 20  23.4  987 295  1.0 2  8.1  41   29   42 350 -452  2
4013500 2675500  7 18 21  21.3  988 349  1.1 0  8.3  48    0    6 339 -438  2
4013500 2675500  7 18 22  19.9  987  63  0.6 0  8.4  54    0    0 327 -426  2
4013500 2675500  7 18 23  18.3  988 118  0.2 0  8.5  60    0    0 321 -417  2
4013500 2675500  7 18 24  17.0  988 120  0.1 0  8.5  66    0    0 316 -409  2
4013500 2675500  7 19  1  15.1  988 122  0.6 1  8.4  72    0    0 313 -404  2
4013500 2675500  7 19  2  14.5  988  80  0.5 1  8.3  77    0    0 313 -402  2
4013500 2675500  7 19  3  14.1  989  72  0.7 1  8.2  79    0    0 311 -399  2
4013500 2675500  7 19  4  13.4  988 137  0.6 2  8.1  81    0    0 313 -396  2
4013500 2675500  7 19  5  12.7  988 131  0.6 1  8.1  84    0    4 310 -392  2
4013500 2675500  7 19  6  15.1  989 320  0.4 1  8.5  83   46   44 308 -391  2
4013500 2675500  7 19  7  15.6  989 329  0.1 0  8.9  79  177   62 307 -397  2
4013500 2675500  7 19  8  19.6  988 168  0.5 0  9.1  71  356   54 310 -412  2
4013500 2675500  7 19  9  22.8  988 177  0.7 0  9.4  58  483   98 323 -434  2
4013500 2675500  7 19 10  25.2  989 179  1.6 1  9.2  48  668   59 337 -458  2
4013500 2675500  7 19 11  27.1  988 156  2.2 1  8.5  39  759   66 348 -482  2
4013500 2675500  7 19 12  27.5  987 141  3.0 2  8.0  34  774   68 357 -501  2
4013500 2675500  7 19 13  28.0  987 104  2.2 3  7.8  32  357  281 365 -510  2
4013500 2675500  7 19 14  28.5  986 108  2.1 4  7.5  30  221  291 371 -517  2
4013500 2675500  7 19 15  30.3  986 147  3.1 4  7.5  29  282  280 376 -519  2
4013500 2675500  7 19 16  29.5  985 137  2.5 4  7.6  28  410  174 377 -515  2
4013500 2675500  7 19 17  30.0  985 132  2.8 3  7.5  28  315  147 372 -508  2
4013500 2675500  7 19 18  29.5  985 150  3.0 4  7.5  28  160  134 371 -497  2
4013500 2675500  7 19 19  28.7  984 133  2.6 2  7.5  29  100   81 365 -483  2
4013500 2675500  7 19 20  27.2  984 143  2.2 2  7.6  32   25   36 356 -467  2
4013500 2675500  7 19 21  23.8  984 158  1.5 1  7.8  37    0    3 346 -451  2
4013500 2675500  7 19 22  22.8  985 159  1.4 1  8.0  44    0    0 336 -438  2
4013500 2675500  7 19 23  20.8  985 124  1.4 1  8.2  49    0    0 332 -429  2
4013500 2675500  7 19 24  19.7  984 126  1.2 0  8.4  55    0    0 326 -424  2
4013500 2675500  7 20  1  17.6  984 129  2.6 0  8.5  61    0    0 319 -418  2
4013500 2675500  7 20  2  18.7  984 147  2.2 0  8.5  63    0    0 316 -414  2
4013500 2675500  7 20  3  17.0  984 117  2.2 0  8.5  65    0    0 314 -411  2
4013500 2675500  7 20  4  16.5  984 129  2.0 0  8.5  69    0    0 311 -410  2
4013500 2675500  7 20  5  16.8  983 111  1.7 1  8.4  69    0    3 312 -411  2
4013500 2675500  7 20  6  17.2  984 131  1.9 0  8.6  69   34   44 313 -414  2
4013500 2675500  7 20  7  20.1  984 121  3.9 0  8.9  64  145   78 314 -421  2
4013500 2675500  7 20  8  22.9  984 122  4.0 0  9.2  55  301   88 324 -434  2
4013500 2675500  7 20  9  25.0  983 139  4.7 0  9.4  49  466   85 333 -452  2
4013500 2675500  7 20 10  28.1  983 131  5.1 0  9.4  42  612   79 344 -473  2
4013500 2675500  7 20 11  29.3  982 191  4.9 0  8.9  35  734   69 353 -498  2
4013500 2675500  7 20 12  30.1  982 194  4.4 0  8.3  31  801   70 359 -521  2
4013500 2675500  7 20 13  30.8  982 175  4.0 1  8.0  28  633  176 367 -535  2
4013500 2675500  7 20 14  32.1  981 199  2.9 1  7.8  26  621  169 376 -544  2
4013500 2675500  7 20 15  32.9  980 187  2.7 0  7.6  24  724   70 378 -543  2
4013500 2675500  7 20 16  33.0  980 194  3.1 0  7.5  23  600   78 376 -522  2
4013500 2675500  7 20 17  32.7  979 184  2.5 1  7.5  23  440   89 376 -511  2
4013500 2675500  7 20 18  31.9  978 154  2.4 1  7.6  24  290   84 375 -513  2
4013500 2675500  7 20 19  30.3  978 168  3.4 3  7.7  26  115   83 375 -504  2
4013500 2675500  7 20 20  28.6  979 142  2.7 5  7.8  29   27   38 380 -489  2
4013500 2675500  7 20 21  26.5  978 123  2.6 5  8.0  34    0    4 379 -473  2
4013500 2675500  7 20 22  24.7  978  88  1.2 4  8.3  39    0    0 370 -461  2
4013500 2675500  7 20 23  23.4  979 193  2.5 5  8.8  45    0    0 366 -456  2
4013500 2675500  7 20 24  22.4  979  47  0.7 7  9.3  52    0    0 374 -455  2
4013500 2675500  7 21  1  22.4  980  83  0.6 5  9.8  56    0    0 374 -451  2
4013500 2675500  7 21  2  20.8  979 256  2.7 5 10.4  62    0    0 366 -447  2
4013500 2675500  7 21  3  18.8  981   0  3.3 5 11.4  76    0    0 361 -443  2
4013500 2675500  7 21  4  17.5  981  19  4.3 6 12.2  90    0    0 362 -439  2
4013500 2675500  7 21  5  17.1  981  51  2.1 8 12.4  97    0    1 370 -433  2
4013500 2675500  7 21  6  17.1  980  66  1.1 6 12.2  97   42   32 368 -430  2
4013500 2675500  7 21  7  18.6  980 128  1.2 3 12.5  94  170   73 352 -434  2
4013500 2675500  7 21  8  20.9  981 164  1.2 2 12.9  86  347   51 345 -444  2
4013500 2675500  7 21  9  22.6  981 173  1.3 3 13.0  76  483   98 354 -458  2
4013500 2675500  7 21 10  24.8  981 172  1.8 4 12.8  67  594   52 370 -470  2
4013500 2675500  7 21 11  24.7  981 193  1.7 7 12.6  62  295  244 389 -481  2
4013500 2675500  7 21 12  26.5  980 260  1.9 7 12.3  58   58  299 403 -497  2
4013500 2675500  7 21 13  25.9  981 282  3.5 7 12.0  54    4  239 406 -511  2
4013500 2675500  7 21 14  24.2  981 276  4.8 7 12.6  61    0  147 404 -507  2
4013500 2675500  7 21 15  23.6  982 282  3.9 7 13.1  68    0  115 399 -506  2
4013500 2675500  7 21 16  21.5  982 298  3.5 7 13.3  74    0  127 393 -519  2
4013500 2675500  7 21 17  21.5  982 301  2.0 7 13.5  81    9  165 389 -518  2
4013500 2675500  7 21 18  22.1  982 243  1.7 7 13.8  81   23  131 388 -512  2
4013500 2675500  7 21 19  22.3  982 181  3.1 8 13.7  79    0   39 392 -500  2
4013500 2675500  7 21 20  21.3  982 152  1.3 7 13.3  78    0   26 390 -481  2
4013500 2675500  7 21 21  19.9  983 199  1.1 7 13.1  83    0    2 383 -465  2
4013500 2675500  7 21 22  19.1  983  94  1.3 5 13.0  88    0    0 372 -455  2
4013500 2675500  7 21 23  18.6  982 108  1.1 5 12.9  91    0    0 364 -447  2
4013500 2675500  7 21 24  18.5  982 115  2.1 6 12.8  92    0    0 366 -443  2
4013500 2675500  7 22  1  18.1  982  24  0.6 5 12.7  93    0    0 365 -442  2
4013500 2675500  7 22  2  17.6  982 257  0.4 6 12.4  93    0    0 362 -441  2
4013500 2675500  7 22  3  17.2  982 143  1.2 7 12.4  96    0    0 367 -438  2
4013500 2675500  7 22  4  16.9  982 248  0.3 8 12.1  96    0    0 370 -434  2
4013500 2675500  7 22  5  16.9  982 267  1.5 6 11.9  96    0    2 365 -430  2
4013500 2675500  7 22  6  17.7  982 305  1.5 5 12.2  95   26   47 357 -428  2
4013500 2675500  7 22  7  18.8  982 306  0.6 3 12.5  92   52  104 351 -428  2
4013500 2675500  7 22  8  20.4  983 267  1.4 2 12.6  85  205  151 345 -435  2
4013500 2675500  7 22  9  21.8  984 238  1.1 3 12.5  77  270  213 351 -447  2
4013500 2675500  7 22 10  23.9  984 268  1.7 2 12.3  68  359  254 358 -462  2
4013500 2675500  7 22 11  24.9  984 286  1.9 2 11.8  60  544  224 362 -475  2
4013500 2675500  7 22 12  26.6  984 293  1.7 3 11.4  53  558  259 371 -489  2
4013500 2675500  7 22 13  26.5  983 298  3.9 3 11.1  49  329  358 378 -501  2
4013500 2675500  7 22 14  26.5  983 272  4.4 3 11.1  50  270  366 378 -506  2
4013500 2675500  7 22 15  26.8  983 321  3.5 3 10.6  47  311  326 375 -506  2
4013500 2675500  7 22 16  26.6  983 307  2.4 3 10.0  44  279  278 373 -509  2
4013500 2675500  7 22 17  26.6  983 331  3.9 3 10.3  46  210  227 373 -511  2
4013500 2675500  7 22 18  25.2  984 332  3.1 3 10.3  48  131  167 370 -503  2
4013500 2675500  7 22 19  24.3  984 337  2.6 3 10.3  51   33   99 365 -489  2
4013500 2675500  7 22 20  22.6  984 349  2.1 2 10.7  57   17   40 358 -472  2
4013500 2675500  7 22 21  20.5  984   2  2.1 1 10.7  65    0    3 346 -456  2
4013500 2675500  7 22 22  19.0  984   4  1.4 1 10.6  71    0    0 336 -443  2
4013500 2675500  7 22 23  18.6  984 335  1.5 1 10.5  75    0    0 332 -435  2
4013500 2675500  7 22 24  17.3  984 312  1.2 0 10.4  78    0    0 326 -429  2
4013500 2675500  7 23  1  16.7  984 298  1.5 2 10.3  82    0    0 325 -427  2
4013500 2675500  7 23  2  17.0  985 350  0.9 4 10.4  84    0    0 336 -427  2
4013500 2675500  7 23  3  15.7  985 326  0.7 5 10.2  85    0    0 343 -427  2
4013500 2675500  7 23  4  15.9  984 339  0.8 4 10.2  88    0    0 342 -427  2
4013500 2675500  7 23  5  15.0  984   3  0.6 6 10.3  91    0    0 344 -425  2
4013500 2675500  7 23  6  15.4  984 309  0.5 6 10.4  93    1   28 349 -423  2
4013500 2675500  7 23  7  17.0  984 307  0.5 4 10.7  90   47   71 345 -425  2
4013500 2675500  7 23  8  19.7  984  78  1.3 4 11.1  82  186   77 347 -433  2
4013500 2675500  7 23  9  21.2  985 206  1.3 5 11.1  72  297   82 358 -444  2
4013500 2675500  7 23 10  22.9  985 172  2.5 2 10.9  64  569   50 359 -453  2
4013500 2675500  7 23 11  22.7  984 324  3.0 3 10.8  60  633   56 357 -462  2
4013500 2675500  7 23 12  23.5  984   9  2.8 4 10.7  59  379  188 366 -481  2
4013500 2675500  7 23 13  23.5  983   2  2.2 7 10.7  57   76  279 376 -499  2
4013500 2675500  7 23 14  25.3  983  10  3.1 6 10.3  52   72  270 381 -509  2
4013500 2675500  7 23 15  26.1  982  30  2.1 7 10.1  47   70  249 384 -517  2
4013500 2675500  7 23 16  24.8  982 343  3.3 4 10.4  49  293  144 378 -515  2
4013500 2675500  7 23 17  24.5  982  18  3.4 7 10.4  52   45  172 374 -503  2
4013500 2675500  7 23 18  23.3  982   4  3.6 5 10.4  54  155   86 372 -491  2
4013500 2675500  7 23 19  21.9  982  29  2.2 6 10.4  59   55   66 365 -480  2
4013500 2675500  7 23 20  20.5  982  31  0.8 7 10.6  65    0   23 363 -466  2
4013500 2675500  7 23 21  19.4  983  28  1.7 6 10.7  71    0    0 358 -452  2
4013500 2675500  7 23 22  18.3  982  21  0.9 4 10.7  76    0    0 348 -441  2
4013500 2675500  7 23 23  16.9  982 330  0.3 4 10.7  82    0    0 340 -433  2
4013500 2675500  7 23 24  16.3  982 359  0.5 3 10.5  86    0    0 334 -427  2
4013500 2675500  7 24  1  15.6  981 307  0.8 1 10.7  91    0    0 325 -423  2
4013500 2675500  7 24  2  15.5  981 208  0.7 3 10.8  94    0    0 325 -422  2
4013500 2675500  7 24  3  14.8  981 167  1.5 2 10.6  95    0    0 325 -420  2
4013500 2675500  7 24  4  14.5  981 157  1.3 3 10.3  95    0    0 323 -419  2
4013500 2675500  7 24  5  13.8  981  76  1.5 4 10.0  96    0    1 328 -420  2
4013500 2675500  7 24  6  14.7  981 160  0.8 4 10.2  96   12   32 332 -422  2
4013500 2675500  7 24  7  16.3  980 139  1.1 4 10.7  94   42   85 336 -427  2
4013500 2675500  7 24  8  19.2  979 139  1.8 7 11.1  84   15  132 352 -436  2
4013500 2675500  7 24  9  18.4  979 172  2.2 7 11.3  80    0   99 365 -451  2
4013500 2675500  7 24 10  19.1  979 320  1.4 8 11.3  80    0  103 368 -470  2
4013500 2675500  7 24 11  18.6  979 243  2.9 8 11.1  79    0  118 373 -492  2
4013500 2675500  7 24 12  19.4  980 224  2.4 8 11.2  78    0  138 376 -508  2
4013500 2675500  7 24 13  19.7  981 317  1.5 8 11.6  78   48  298 380 -507  2
4013500 2675500  7 24 14  21.6  980  70  0.7 6 11.6  74  506  179 380 -507  2
4013500 2675500  7 24 15  23.5  979 105  0.6 5 11.0  62  285  253 378 -512  2
4013500 2675500  7 24 16  24.5  978 221  4.5 5 10.6  55  237  220 379 -507  2
4013500 2675500  7 24 17  24.4  978 209  3.0 5 10.7  54   62  194 380 -496  2
4013500 2675500  7 24 18  22.8  978 202  3.6 6 10.2  54    1  106 379 -482  2
4013500 2675500  7 24 19  19.5  978 242  5.0 8 10.1  62    0   36 381 -472  2
4013500 2675500  7 24 20  16.6  979 288  2.0 7 10.7  80    0   13 374 -456  2
4013500 2675500  7 24 21  15.9  980 211  1.8 7 10.9  90    0    2 365 -442  2
4013500 2675500  7 24 22  15.4  981 219  2.4 7 10.9  94    0    0 363 -434  2
4013500 2675500  7 24 23  15.2  981 239  0.8 6 10.7  95    0    0 357 -428  2
4013500 2675500  7 24 24  14.8  981 242  1.1 3 10.5  95    0    0 339 -423  2
4013500 2675500  7 25  1  13.1  981 318  0.7 0 10.2  98    0    0 317 -419  2
4013500 2675500  7 25  2  13.7  981 199  0.9 4  9.9  99    0    0 319 -416  2
4013500 2675500  7 25  3  12.9  981 288  0.6 1  9.8  99    0    0 322 -412  2
4013500 2675500  7 25  4  12.9  981 107  0.9 3  9.6 100    0    0 318 -408  2
4013500 2675500  7 25  5  12.8  981  86  1.0 5  9.6 100    0    0 330 -405  2
4013500 2675500  7 25  6  14.0  981 190  1.3 4  9.9 100    0   13 335 -406  2
4013500 2675500  7 25  7  14.5  981 200  1.7 6 10.5 100   15   84 340 -413  2
4013500 2675500  7 25  8  16.1  981 196  1.7 5 11.0  98  223  109 346 -420  2
4013500 2675500  7 25  9  17.9  981 185  1.5 5 11.5  91  315  150 348 -425  2
4013500 2675500  7 25 10  18.3  981 194  1.6 6 11.5  86  181  261 356 -435  2
4013500 2675500  7 25 11  20.8  982 244  1.9 7 11.4  77  162  281 366 -457  2
4013500 2675500  7 25 12  21.2  981 227  1.2 8 10.7  67   39  305 377 -476  2
4013500 2675500  7 25 13  22.5  981 199  2.2 8 10.3  60   95  328 382 -482  2
4013500 2675500  7 25 14  24.1  980 227  1.5 6 10.0  54  300  301 382 -488  2
4013500 2675500  7 25 15  24.3  979 194  2.6 7  9.6  49  116  302 381 -494  2
4013500 2675500  7 25 16  24.9  979 206  3.0 6  9.4  47  123  253 383 -496  2
4013500 2675500  7 25 17  24.5  978 204  2.9 4  9.2  46  329  134 377 -493  2
4013500 2675500  7 25 18  24.6  978 215  3.0 3  8.7  44  307   84 368 -484  2
4013500 2675500  7 25 19  23.7  977 215  1.8 4  8.7  45  114   73 369 -474  2
4013500 2675500  7 25 20  22.0  977 144  1.2 6  9.1  50   11   30 373 -464  2
4013500 2675500  7 25 21  20.2  977 159  1.8 6  9.2  57    0    3 373 -454  2
4013500 2675500  7 25 22  18.7  978 196  1.2 4  9.3  64    0    0 364 -447  2
4013500 2675500  7 25 23  18.0  977 201  1.8 4  9.6  70    0    0 356 -443  2
4013500 2675500  7 25 24  17.7  977 195  1.2 6  9.6  72    0    0 359 -441  2
4013500 2675500  7 26  1  17.4  977 192  0.1 6  9.9  76    0    0 363 -438  2
4013500 2675500  7 26  2  17.5  977 277  0.7 6 10.1  78    0    0 362 -436  2
4013500 2675500  7 26  3  16.8  977 248  1.8 7 10.4  82    0    0 366 -434  2
4013500 2675500  7 26  4  16.2  977 212  0.9 8 10.7  87    0    0 374 -433  2
4013500 2675500  7 26  5  16.5  976 200  1.0 8 10.6  88    0    0 381 -430  2
4013500 2675500  7 26  6  16.6  976 186  1.0 8 10.8  88    0    7 382 -424  2
4013500 2675500  7 26  7  17.1  977 194  1.2 7 11.2  89    3   59 378 -421  2
4013500 2675500  7 26  8  17.4  977 204  2.2 8 11.7  91    0   78 381 -420  2
4013500 2675500  7 26  9  17.9  977 223  2.8 8 11.9  91    0  127 387 -423  2
4013500 2675500  7 26 10  18.5  978 228  3.5 7 11.9  88    0  162 385 -428  2
4013500 2675500  7 26 11  19.6  979 222  3.5 7 12.0  83   48  227 384 -435  2
4013500 2675500  7 26 12  21.7  979 220  4.0 5 11.8  75  158  219 384 -442  2
4013500 2675500  7 26 13  21.7  978 223  3.5 6 11.8  70  113  236 384 -445  2
4013500 2675500  7 26 14  22.1  978 245  4.2 6 11.5  67   77  239 388 -449  2
4013500 2675500  7 26 15  22.8  979 217  4.1 7 11.4  65    6  201 392 -459  2
4013500 2675500  7 26 16  22.9  978 260  3.3 8 11.6  64    0  144 400 -466  2
4013500 2675500  7 26 17  22.7  978 266  3.9 7 11.7  65    3  143 399 -464  2
4013500 2675500  7 26 18  21.8  978 231  3.1 5 11.8  68   74   96 387 -460  2
4013500 2675500  7 26 19  21.7  978 197  1.6 6 12.0  70   88   37 380 -454  2
4013500 2675500  7 26 20  20.5  978 219  1.6 7 12.1  74   16   18 383 -448  2
4013500 2675500  7 26 21  19.7  978 214  2.5 6 12.2  80    0    2 379 -442  2
4013500 2675500  7 26 22  19.8  978 184  1.6 8 12.1  81    0    0 380 -438  2
4013500 2675500  7 26 23  19.3  978 166  1.4 8 12.0  81    0    0 386 -434  2
4013500 2675500  7 26 24  19.3  978 167  1.9 7 12.0  82    0    0 382 -431  2
4013500 2675500  7 27  1  19.0  977 185  1.5 6 11.9  82    0    0 375 -430  2
4013500 2675500  7 27  2  18.5  977 176  2.2 6 11.8  84    0    0 370 -430  2
4013500 2675500  7 27  3  18.3  977 169  2.1 6 11.6  84    0    0 371 -429  2
4013500 2675500  7 27  4  17.1  976 195  1.8 6 11.4  86    0    0 369 -429  2
4013500 2675500  7 27  5  17.1  975 206  2.4 4 11.3  89    0    0 362 -428  2
4013500 2675500  7 27  6  17.7  975 214  1.9 4 11.5  88   20   46 358 -427  2
4013500 2675500  7 27  7  19.5  976 207  2.5 3 11.9  85  101  111 361 -426  2
4013500 2675500  7 27  8  22.1  976 201  4.0 3 12.4  77  209  162 367 -427  2
4013500 2675500  7 27  9  24.1  976 216  6.0 3 12.5  68  323  202 375 -429  2
4013500 2675500  7 27 10  26.0  975 227  5.7 4 12.8  62  441  228 386 -436  2
4013500 2675500  7 27 11  27.9  976 239  5.8 3 13.0  56  493  268 393 -451  2
4013500 2675500  7 27 12  27.9  976 237  5.5 4 12.5  51  402  347 397 -467  2
4013500 2675500  7 27 13  27.0  976 229  5.3 5 12.4  52   84  366 400 -476  2
4013500 2675500  7 27 14  26.6  977 287  5.4 6 12.2  53   46  330 401 -474  2
4013500 2675500  7 27 15  24.1  977 263  5.8 8 12.0  57    0   80 403 -457  2
4013500 2675500  7 27 16  23.5  977 224  4.2 7 12.3  64   28  237 399 -451  2
4013500 2675500  7 27 17  24.0  977 216  5.1 5 12.4  64  141  247 388 -458  2
4013500 2675500  7 27 18  23.3  977 212  4.2 4 12.1  63   15  145 376 -456  2
4013500 2675500  7 27 19  22.2  978 199  3.2 4 12.0  67   16   91 369 -451  2
4013500 2675500  7 27 20  20.4  978 197  2.0 7 12.2  74    2   28 375 -442  2
4013500 2675500  7 27 21  19.9  979 153  0.2 7 12.4  80    0    0 383 -433  2
4013500 2675500  7 27 22  18.8  979 354  0.9 8 12.4  85    0    0 383 -428  2
4013500 2675500  7 27 23  18.5  979 147  1.7 8 12.3  88    0    0 385 -427  2
4013500 2675500  7 27 24  17.9  979 243  0.0 8 12.4  91    0    0 384 -427  2
4013500 2675500  7 28  1  17.3  980 326  1.5 7 12.3  94    0    0 377 -426  2
4013500 2675500  7 28  2  16.9  981 358  1.4 7 11.9  94    0    0 370 -426  2
4013500 2675500  7 28  3  16.6  981 331  1.6 8 11.6  94    0    0 371 -424  2
4013500 2675500  7 28  4  16.4  982 288  2.3 8 11.4  94    0    0 372 -421  2
4013500 2675500  7 28  5  16.0  982 301  4.1 6 11.4  95    0    0 363 -419  2
4013500 2675500  7 28  6  15.7  983 311  3.0 5 11.2  96   19   37 351 -420  2
4013500 2675500  7 28  7  16.7  983 302  2.9 5 11.4  95   53   93 347 -422  2
4013500 2675500  7 28  8  17.2  984 326  2.2 4 11.6  93  234  108 346 -426  2
4013500 2675500  7 28  9  19.1  984 345  2.4 4 11.7  86  265  179 346 -429  2
4013500 2675500  7 28 10  19.5  985  73  2.1 4 11.2  77  228  257 351 -432  2
4013500 2675500  7 28 11  19.6  985  12  2.2 5 10.7  73  154  290 356 -450  2
4013500 2675500  7 28 12  20.2  985 201  2.2 6 10.5  70   48  316 365 -475  2
4013500 2675500  7 28 13  18.2  985 120  1.4 8 10.7  74    0  120 370 -495  2
4013500 2675500  7 28 14  20.0  986 311  1.7 8 10.9  76    0  121 375 -510  2
4013500 2675500  7 28 15  18.5  986 299  2.5 5 11.0  77   68  292 367 -510  2
4013500 2675500  7 28 16  19.1  986 258  2.0 5 11.3  81  218  238 357 -506  2
4013500 2675500  7 28 17  19.0  986  60  2.5 6 11.2  79  113  213 360 -497  2
4013500 2675500  7 28 18  18.8  986 105  2.1 7 10.9  77   64  151 365 -481  2
4013500 2675500  7 28 19  18.6  986  62  1.4 5 10.8  78   20   85 363 -474  2
4013500 2675500  7 28 20  17.2  987  26  1.5 7 11.0  83    9   29 361 -468  2
4013500 2675500  7 28 21  16.5  987 311  1.7 6 10.8  87    0    0 363 -458  2
4013500 2675500  7 28 22  15.2  988   8  1.3 6 10.5  90    0    0 355 -449  2
4013500 2675500  7 28 23  15.4  989   5  0.4 5 10.3  92    0    0 350 -443  2
4013500 2675500  7 28 24  14.6  989 324  0.9 4 10.1  92    0    0 341 -438  2
4013500 2675500  7 29  1  13.5  989 329  0.9 1  9.9  96    0    0 320 -432  2
4013500 2675500  7 29  2  13.2  988 283  1.0 0  9.6  98    0    0 299 -425  2
4013500 2675500  7 29  3  13.0  988 312  0.7 2  9.4  97    0    0 302 -420  2
4013500 2675500  7 29  4  12.6  988 328  0.3 2  9.3  98    0    0 310 -419  2
4013500 2675500  7 29  5  12.3  988 329  0.4 5  9.2  99    0    0 323 -418  2
4013500 2675500  7 29  6  12.3  989 356  0.8 4  9.1  99    0   21 331 -416  2
4013500 2675500  7 29  7  13.3  989 307  1.2 5  9.5 100   23   96 332 -417  2
4013500 2675500  7 29  8  15.2  990 341  0.8 4 10.1  97   70  175 338 -424  2
4013500 2675500  7 29  9  17.1  990 358  1.2 4 10.2  87  191  236 341 -435  2
4013500 2675500  7 29 10  19.1  990   5  1.8 3 10.0  75  410  225 344 -449  2
4013500 2675500  7 29 11  20.9  989  18  1.9 2  9.6  64  552  217 342 -461  2
4013500 2675500  7 29 12  22.0  989  31  2.3 3  9.0  55  379  329 349 -468  2
4013500 2675500  7 29 13  22.2  989 348  2.0 4  8.6  50  267  367 360 -475  2
4013500 2675500  7 29 14  22.2  989  29  2.1 6  8.5  50  129  355 374 -483  2
4013500 2675500  7 29 15  22.7  989  16  2.1 5  8.6  49  162  346 379 -486  2
4013500 2675500  7 29 16  23.6  989  31  3.2 2  8.2  45  352  248 365 -485  2
4013500 2675500  7 29 17  24.2  988  22  2.2 3  7.8  41  203  225 358 -480  2
4013500 2675500  7 29 18  22.8  988  34  1.5 3  8.0  43  102  168 362 -471  2
4013500 2675500  7 29 19  21.2  988  67  1.5 2  8.6  51   48   98 353 -462  2
4013500 2675500  7 29 20  20.1  987  83  2.1 4  9.0  58   10   33 352 -449  2
4013500 2675500  7 29 21  18.8  987  68  1.0 3  9.4  65    0    0 352 -437  2
4013500 2675500  7 29 22  17.4  988  17  0.9 2  9.6  72    0    0 340 -429  2
4013500 2675500  7 29 23  16.1  988  49  0.9 2  9.6  78    0    0 331 -423  2
4013500 2675500  7 29 24  15.5  988 165  1.3 1  9.7  84    0    0 324 -417  2
4013500 2675500  7 30  1  13.7  988 168  0.9 0  9.5  89    0    0 313 -411  2
4013500 2675500  7 30  2  12.7  987 197  1.1 0  9.2  95    0    0 304 -407  2
4013500 2675500  7 30  3  12.3  986 175  1.0 0  9.1  97    0    0 302 -403  2
4013500 2675500  7 30  4  12.5  986 217  0.6 0  9.0  98    0    0 300 -399  2
4013500 2675500  7 30  5  11.7  986 202  0.8 0  8.9  98    0    0 298 -396  2
4013500 2675500  7 30  6  12.4  985 213  1.0 1  8.8  97   18   33 301 -394  2
4013500 2675500  7 30  7  14.2  986 134  0.9 3  9.2  94   96   73 316 -400  2
4013500 2675500  7 30  8  16.6  986 161  1.1 4  9.6  86  200  108 334 -415  2
4013500 2675500  7 30  9  18.4  986 200  1.5 5  9.8  76  265  155 350 -436  2
4013500 2675500  7 30 10  22.0  985 200  1.5 6  9.8  64  451  128 369 -459  2
4013500 2675500  7 30 11  24.2  985 206  2.3 7  9.3  51   18  256 387 -479  2
4013500 2675500  7 30 12  25.1  985 199  2.7 7  8.3  42  142  322 394 -489  2
4013500 2675500  7 30 13  24.5  984 207  2.9 7  7.8  39  301  271 393 -487  2
4013500 2675500  7 30 14  26.0  983 211  1.9 5  7.6  37  426  227 390 -484  2
4013500 2675500  7 30 15  25.2  983 203  2.8 5  7.4  35  323  245 383 -481  2
4013500 2675500  7 30 16  24.6  982 218  2.8 6  7.6  37   30  217 383 -478  2
4013500 2675500  7 30 17  24.3  982 232  1.5 7  7.8  39   26  186 387 -469  2
4013500 2675500  7 30 18  22.9  982 288  2.5 6  8.2  44   35  139 383 -459  2
4013500 2675500  7 30 19  22.3  982 283  1.7 7  9.0  51    6   75 381 -451  2
4013500 2675500  7 30 20  20.8  982 289  1.4 6  9.1  56    0   17 377 -443  2
4013500 2675500  7 30 21  19.7  982 296  1.2 6  9.4  61    0    0 369 -437  2
4013500 2675500  7 30 22  18.7  981 299  1.0 7  9.5  66    0    0 368 -432  2
4013500 2675500  7 30 23  17.9  982 303  0.9 6  9.9  73    0    0 370 -429  2
4013500 2675500  7 30 24  17.3  981 310  0.7 6 10.5  81    0    0 368 -425  2
4013500 2675500  7 31  1  16.8  984 320  0.6 6 11.1  89    0    0 343 -412  2
4013500 2675500  7 31  2  16.4  984 324  0.6 5 11.6  95    0    0 336 -408  2
4013500 2675500  7 31  3  16.1  984 331  0.6 4 11.8  99    0    0 338 -405  2
4013500 2675500  7 31  4  16.0  985 331  0.6 4 11.8 100    0    0 341 -401  2
4013500 2675500  7 31  5  16.2  985 320  0.6 5 11.8  99    0    0 333 -399  2
4013500 2675500  7 31  6  16.0  985 318  0.6 5 11.7 100    0    6 336 -396  2
4013500 2675500  7 31  7  16.5  985 302  0.4 7 11.9  99   12   93 346 -397  2
4013500 2675500  7 31  8  17.1  985 308  0.5 7 12.3  99   36  173 355 -409  2
4013500 2675500  7 31  9  19.2  985 347  0.1 7 13.0  97   71  250 360 -426  2
4013500 2675500  7 31 10  21.2  986 333  0.9 5 14.2  92  276  291 362 -444  2
4013500 2675500  7 31 11  23.4  986 347  1.8 2 13.5  77  555  216 355 -455  2
4013500 2675500  7 31 12  25.4  985 360  2.3 1 12.1  61  626  219 352 -462  2
4013500 2675500  7 31 13  27.1  985 347  2.0 1 11.2  51  649  221 358 -467  2
4013500 2675500  7 31 14  27.8  984 326  2.1 0  9.9  42  607  227 359 -471  2
4013500 2675500  7 31 15  29.0  984   6  2.3 1  9.2  37  518  230 361 -472  2
4013500 2675500  7 31 16  27.9  984   4  2.2 2  9.1  36  336  256 365 -470  2
4013500 2675500  7 31 17  28.4  983 359  2.1 3  8.8  36  217  223 366 -464  2
4013500 2675500  7 31 18  27.9  983   3  2.2 3  8.7  35  116  167 367 -456  2
4013500 2675500  7 31 19  26.3  983  24  1.9 3  9.4  40   39   96 365 -446  2
4013500 2675500  7 31 20  24.4  983  20  2.0 4 10.3  49    4   28 362 -436  2
4013500 2675500  7 31 21  22.8  983  30  1.3 4 10.6  56    0    0 360 -428  2
4013500 2675500  7 31 22  22.1  984 115  1.1 5 10.6  60    0    0 358 -423  2
4013500 2675500  7 31 23  21.0  984 120  1.0 5 10.5  63    0    0 358 -421  2
4013500 2675500  7 31 24  20.1  985 152  1.1 5 10.6  68    0    0 355 -418  2
4013500 2675500  8  1  1  19.1  984 188  0.9 6 10.7  72    0    0 356 -416  2
4013500 2675500  8  1  2  18.9  984 166  0.8 6 10.6  75    0    0 358 -412  2
4013500 2675500  8  1  3  17.5  983 286  0.6 6 10.5  78    0    0 356 -407  2
4013500 2675500  8  1  4  17.4  983   2  0.1 5 10.4  81    0    0 350 -401  2
4013500 2675500  8  1  5  16.6  983  43  0.8 4 10.3  82    0    0 340 -397  2
4013500 2675500  8  1  6  17.4  983  71  0.7 5 10.4  83    0   25 341 -396  2
4013500 2675500  8  1  7  18.8  983 160  0.3 4 10.7  80   45   85 343 -401  2
4013500 2675500  8  1  8  21.5  983  40  1.4 4 10.7  70  145  127 345 -413  2
4013500 2675500  8  1  9  23.9  984  95  1.3 6 10.8  61  237  164 363 -430  2
4013500 2675500  8  1 10  25.9  984 132  2.4 7 11.0  54  151  260 383 -449  2
4013500 2675500  8  1 11  27.6  983 170  3.4 7 10.8  47  184  294 394 -464  2
4013500 2675500  8  1 12  28.4  983 132  3.9 6 10.4  43  514  180 395 -474  2
4013500 2675500  8  1 13  29.6  983 139  4.0 7  9.8  38  127  330 399 -485  2
4013500 2675500  8  1 14  28.2  982 146  4.2 8  9.2  36    0  178 406 -494  2
4013500 2675500  8  1 15  24.8  981 135  3.0 5  9.7  43   85  267 392 -496  2
4013500 2675500  8  1 16  27.4  981 138  3.9 3 10.6  48  180  228 375 -495  2
4013500 2675500  8  1 17  27.8  981 183  2.2 4 11.1  46  252  144 376 -491  2
4013500 2675500  8  1 18  25.2  981 290  2.7 5 11.7  52   54  137 380 -479  2
4013500 2675500  8  1 19  23.6  981  84  2.5 8 12.3  62    2   63 388 -468  2
4013500 2675500  8  1 20  20.7  981 144  3.8 6 12.2  71    0    4 384 -459  2
4013500 2675500  8  1 21  20.3  981 159  1.8 3 11.8  75    0    0 360 -452  2
4013500 2675500  8  1 22  19.4  981 132  1.6 2 11.6  77    0    0 344 -445  2
4013500 2675500  8  1 23  18.5  981 121  1.8 2 11.4  80    0    0 337 -438  2
4013500 2675500  8  1 24  17.8  981 130  3.0 1 11.0  82    0    0 332 -433  2
4013500 2675500  8  2  1  16.9  980 130  2.9 0 10.9  87    0    0 321 -429  2
4013500 2675500  8  2  2  16.3  980 158  2.6 0 10.9  89    0    0 319 -428  2
4013500 2675500  8  2  3  16.1  980  64  2.9 0 10.7  89    0    0 316 -426  2
4013500 2675500  8  2  4  15.8  980 201  2.2 2 10.4  89    0    0 321 -426  2
4013500 2675500  8  2  5  15.7  980 204  2.1 4 10.4  90    0    0 332 -425  2
4013500 2675500  8  2  6  16.7  980 192  1.2 5 10.6  89    0   18 343 -425  2
4013500 2675500  8  2  7  17.9  980 130  0.8 5 10.9  85   14   78 349 -426  2
4013500 2675500  8  2  8  19.7  979 152  1.5 5 11.6  82    5  123 354 -430  2
4013500 2675500  8  2  9  21.2  980 193  1.7 7 11.9  76   28  209 367 -439  2
4013500 2675500  8  2 10  24.2  981 200  2.5 6 11.6  65  200  286 378 -445  2
4013500 2675500  8  2 11  25.5  980 197  3.0 7 11.9  58  225  335 388 -443  2
4013500 2675500  8  2 12  27.2  980 186  3.8 6 12.3  55  297  349 396 -444  2
4013500 2675500  8  2 13  28.0  980 193  2.8 5 12.3  51  304  357 394 -449  2
4013500 2675500  8  2 14  29.0  981 189  4.7 5 11.9  47  223  351 395 -456  2
4013500 2675500  8  2 15  28.1  981 214  3.2 5 11.3  44  309  289 394 -460  2
4013500 2675500  8  2 16  28.5  981 225  5.3 5 10.1  41  202  274 391 -450  2
4013500 2675500  8  2 17  27.9  981 222  6.5 4  9.4  38  206  202 383 -448  2
4013500 2675500  8  2 18  26.6  980 253  6.8 5  9.4  40   99  148 379 -450  2
4013500 2675500  8  2 19  25.2  980 229  4.5 6  9.2  42   10   71 383 -444  2
4013500 2675500  8  2 20  23.6  981 177  3.7 6  9.1  46    0   13 383 -437  2
4013500 2675500  8  2 21  22.6  982 273  3.3 7  9.5  52    0    0 384 -432  2
4013500 2675500  8  2 22  21.9  983 351  3.2 7  9.9  57    0    0 389 -428  2
4013500 2675500  8  2 23  20.1  983 218  3.0 7 10.5  66    0    0 386 -423  2
4013500 2675500  8  2 24  19.5  982 215  2.6 8 11.0  74    0    0 390 -420  2
4013500 2675500  8  3  1  19.0  983 183  2.7 7 10.8  75    0    0 387 -416  2
4013500 2675500  8  3  2  18.3  983 203  0.9 6 10.4  75    0    0 374 -411  2
4013500 2675500  8  3  3  17.4  983 303  2.1 4 10.1  76    0    0 356 -410  2
4013500 2675500  8  3  4  17.8  983 238  1.0 4 10.1  77    0    0 345 -411  2
4013500 2675500  8  3  5  17.9  983 306  1.0 8 10.1  76    0    0 366 -411  2
4013500 2675500  8  3  6  17.7  983 277  1.2 8 10.2  77    0    6 383 -409  2
4013500 2675500  8  3  7  18.6  983 240  0.7 7  9.9  74    0   33 379 -408  2
4013500 2675500  8  3  8  19.1  983 194  1.0 8  9.8  70   23  141 379 -413  2
4013500 2675500  8  3  9  20.5  983 198  1.9 7  9.7  65  188  196 381 -424  2
4013500 2675500  8  3 10  21.4  984 197  2.1 6  9.0  57   74  271 376 -436  2
4013500 2675500  8  3 11  21.8  984 243  2.8 5  8.9  54  249  298 370 -446  2
4013500 2675500  8  3 12  24.3  984 203  2.6 6  8.8  48  177  338 376 -454  2
4013500 2675500  8  3 13  23.3  983 216  3.4 7  8.2  43   70  325 387 -461  2
4013500 2675500  8  3 14  23.6  983 232  3.6 7  7.7  42    0  198 389 -462  2
4013500 2675500  8  3 15  24.4  983 248  3.0 8  7.6  40    8  228 393 -460  2
4013500 2675500  8  3 16  23.8  982 251  3.3 8  7.6  39    2  170 397 -453  2
4013500 2675500  8  3 17  23.8  982 218  2.4 6  7.7  41  165  190 388 -446  2
4013500 2675500  8  3 18  23.6  981 250  3.5 6  7.9  42  130  125 380 -442  2
4013500 2675500  8  3 19  23.0  981 194  2.5 7  8.2  44   12   68 382 -438  2
4013500 2675500  8  3 20  22.1  981 210  3.6 7  8.5  48    0    3 384 -430  2
4013500 2675500  8  3 21  21.5  981 210  3.4 8  8.7  52    0    0 386 -421  2
4013500 2675500  8  3 22  21.0  981 200  3.0 8  8.9  54    0    0 388 -415  2
4013500 2675500  8  3 23  20.6  981 230  3.1 8  9.1  57    0    0 387 -412  2
4013500 2675500  8  3 24  20.3  981 252  3.5 7  9.3  60    0    0 381 -412  2
4013500 2675500  8  4  1  20.1  981 227  3.7 7  9.4  62    0    0 376 -414  2
4013500 2675500  8  4  2  19.4  981 236  3.6 5  9.7  65    0    0 367 -413  2
4013500 2675500  8  4  3  18.8  980 211  4.3 5 10.0  70    0    0 359 -410  2
4013500 2675500  8  4  4  18.6  980 217  4.5 6 10.3  74    0    0 362 -409  2
4013500 2675500  8  4  5  17.7  980 217  4.3 6 10.6  79    0    0 365 -409  2
4013500 2675500  8  4  6  16.8  980 235  3.2 8 11.1  87    0   14 371 -410  2
4013500 2675500  8  4  7  17.1  980 239  3.8 5 11.5  92   10   77 366 -411  2
4013500 2675500  8  4  8  19.0  981 240  4.1 3 11.6  86  110  158 348 -415  2
4013500 2675500  8  4  9  20.0  981 250  4.9 2 11.0  75  219  213 342 -421  2
4013500 2675500  8  4 10  22.1  982 245  4.8 4 10.3  63  117  300 353 -424  2
4013500 2675500  8  4 11  22.2  982 242  6.2 5  9.7  56  116  344 370 -430  2
4013500 2675500  8  4 12  22.7  981 242  6.7 6  9.2  52   99  359 378 -440  2
4013500 2675500  8  4 13  22.6  981 232  5.9 4  8.9  50  323  360 375 -448  2
4013500 2675500  8  4 14  24.4  981 248  9.0 4  8.5  46  484  276 371 -453  2
4013500 2675500  8  4 15  24.5  980 274  6.6 4  8.2  42  313  300 372 -455  2
4013500 2675500  8  4 16  24.1  980 237  5.4 3  8.3  42  304  251 368 -457  2
4013500 2675500  8  4 17  24.2  980 246  6.5 3  8.5  43  215  205 364 -455  2
4013500 2675500  8  4 18  24.3  979 256  4.6 4  8.6  44  143  141 366 -449  2
4013500 2675500  8  4 19  23.1  978 215  3.6 6  9.2  49    9   72 375 -443  2
4013500 2675500  8  4 20  21.7  978 209  2.6 5  9.9  56    0    7 374 -437  2
4013500 2675500  8  4 21  21.1  978 192  3.0 7 10.1  61    0    0 375 -433  2
4013500 2675500  8  4 22  21.0  978 198  3.8 8 10.4  64    0    0 386 -430  2
4013500 2675500  8  4 23  20.6  977 201  4.1 6 10.6  66    0    0 381 -429  2
4013500 2675500  8  4 24  20.7  976 194  4.4 2 10.7  68    0    0 356 -426  2
4013500 2675500  8  5  1  19.8  975 176  4.1 4 10.7  69    0    0 345 -423  2
4013500 2675500  8  5  2  19.7  974 205  4.1 6 10.7  71    0    0 361 -420  2
4013500 2675500  8  5  3  20.2  973 190  5.7 8 10.8  71    0    0 380 -417  2
4013500 2675500  8  5  4  20.8  972 203  6.5 6 11.0  70    0    0 382 -415  2
4013500 2675500  8  5  5  20.1  971 201  6.9 7 11.1  71    0    0 377 -414  2
4013500 2675500  8  5  6  17.4  971 221  5.9 7 11.2  79    0    5 376 -413  2
4013500 2675500  8  5  7  16.9  972 239  5.8 8 11.0  86    0   31 375 -412  2
4013500 2675500  8  5  8  17.2  972 247  5.2 7 10.6  84    0   74 374 -413  2
4013500 2675500  8  5  9  17.5  973 242  5.5 5 10.7  82   41  195 363 -415  2
4013500 2675500  8  5 10  19.5  973 260  5.2 5 10.5  76  102  249 359 -414  2
4013500 2675500  8  5 11  19.6  974 262  5.2 5  9.9  67  170  278 364 -413  2
4013500 2675500  8  5 12  19.9  974 261  5.7 3  9.3  62  370  235 358 -413  2
4013500 2675500  8  5 13  20.1  974 265  6.5 4  8.8  58  124  306 357 -410  2
4013500 2675500  8  5 14  20.7  975 250  6.7 4  8.5  54  193  283 362 -412  2
4013500 2675500  8  5 15  22.0  975 262  6.2 4  8.4  51  308  197 365 -424  2
4013500 2675500  8  5 16  21.9  975 288  6.4 3  8.1  47  470   79 362 -434  2
4013500 2675500  8  5 17  21.6  975 269  5.2 3  7.6  45  366   75 356 -434  2
4013500 2675500  8  5 18  21.7  975 267  5.2 2  7.2  43  257   52 348 -428  2
4013500 2675500  8  5 19  20.7  976 282  4.7 3  6.9  42  125   52 343 -420  2
4013500 2675500  8  5 20  18.7  976 293  3.2 3  7.0  47   15   13 342 -414  2
4013500 2675500  8  5 21  17.6  976 277  2.6 1  7.2  53    0    0 328 -409  2
4013500 2675500  8  5 22  16.6  976 270  2.1 0  7.3  58    0    0 313 -405  2
4013500 2675500  8  5 23  15.9  977 269  2.2 0  7.4  62    0    0 306 -401  2
4013500 2675500  8  5 24  15.2  978 294  1.8 2  7.4  65    0    0 311 -397  2
4013500 2675500  8  6  1  14.3  978 256  2.0 1  7.6  70    0    0 311 -392  2
4013500 2675500  8  6  2  14.0  978 248  2.8 0  7.7  73    0    0 301 -386  2
4013500 2675500  8  6  3  13.0  978 260  2.2 1  7.7  76    0    0 298 -382  2
4013500 2675500  8  6  4  13.4  979 251  2.3 0  7.7  78    0    0 297 -379  2
4013500 2675500  8  6  5  12.5  979 257  1.4 1  7.6  79    0    0 296 -376  2
4013500 2675500  8  6  6  13.4  979 244  2.0 1  7.8  81    3   24 301 -375  2
4013500 2675500  8  6  7  14.9  979 241  3.2 2  8.2  78    5   69 308 -378  2
4013500 2675500  8  6  8  16.5  980 244  4.2 3  8.4  72  111  152 322 -388  2
4013500 2675500  8  6  9  16.9  980 243  3.6 3  8.5  69  365  133 329 -403  2
4013500 2675500  8  6 10  17.7  981 263  4.4 3  8.5  67  417  192 332 -416  2
4013500 2675500  8  6 11  20.1  981 265  5.0 3  8.5  60  469  230 337 -428  2
4013500 2675500  8  6 12  20.5  982 250  4.8 2  8.3  54  588  205 339 -441  2
4013500 2675500  8  6 13  20.7  982 255  4.5 5  8.1  52  111  358 348 -451  2
4013500 2675500  8  6 14  21.4  982 264  4.0 4  8.1  50   76  330 356 -453  2
4013500 2675500  8  6 15  22.6  982 285  4.4 2  8.0  47  205  299 350 -457  2
4013500 2675500  8  6 16  22.7  982 277  4.8 4  7.6  43  168  273 351 -457  2
4013500 2675500  8  6 17  21.9  982 290  3.8 2  7.3  42  335  140 349 -449  2
4013500 2675500  8  6 18  21.4  982 315  2.7 3  7.3  44  178  122 343 -442  2
4013500 2675500  8  6 19  20.5  982  30  2.7 4  7.5  47   82   74 345 -434  2
4013500 2675500  8  6 20  19.0  981 288  1.4 4  7.7  52    8   18 343 -424  2
4013500 2675500  8  6 21  17.7  982 297  1.4 4  7.8  57    0    0 337 -413  2
4013500 2675500  8  6 22  16.1  982   3  0.6 4  7.8  63    0    0 332 -406  2
4013500 2675500  8  6 23  14.5  983 160  0.8 4  7.9  71    0    0 326 -400  2
4013500 2675500  8  6 24  13.6  983 154  0.9 2  7.8  76    0    0 315 -395  2
4013500 2675500  8  7  1  12.6  983  98  1.1 0  7.7  80    0    0 300 -391  2
4013500 2675500  8  7  2  12.8  983 161  1.0 1  7.8  83    0    0 296 -388  2
4013500 2675500  8  7  3  11.8  983 207  0.9 2  7.8  85    0    0 300 -386  2
4013500 2675500  8  7  4  11.5  983 255  1.6 5  7.8  88    0    0 307 -385  2
4013500 2675500  8  7  5  11.3  983 195  1.4 6  7.8  90    0    0 316 -383  2
4013500 2675500  8  7  6  12.9  982 144  1.8 6  8.1  89   14   27 322 -383  2
4013500 2675500  8  7  7  13.1  983 118  1.6 5  8.5  88   49   85 321 -387  2
4013500 2675500  8  7  8  15.9  983 157  1.9 4  8.6  81  236  110 319 -396  2
4013500 2675500  8  7  9  20.1  983 150  2.9 3  8.6  65  388  126 325 -411  2
4013500 2675500  8  7 10  22.9  983 176  3.6 2  8.1  49  518  138 332 -429  2
4013500 2675500  8  7 11  23.8  982 162  3.7 2  7.7  42  599  158 337 -446  2
4013500 2675500  8  7 12  24.6  982 136  3.1 2  7.9  40  680  154 344 -461  2
4013500 2675500  8  7 13  26.8  981 140  3.0 1  8.1  38  698  156 350 -471  2
4013500 2675500  8  7 14  27.1  981 155  2.4 1  8.4  37  650  169 354 -478  2
4013500 2675500  8  7 15  28.1  980 167  1.8 1  8.6  36  582  162 358 -482  2
4013500 2675500  8  7 16  28.0  980 145  1.8 1  8.5  35  459  163 359 -480  2
4013500 2675500  8  7 17  28.2  980 193  2.3 1  8.4  34  337  143 359 -474  2
4013500 2675500  8  7 18  28.1  979 166  1.8 1  8.4  34  201  116 358 -465  2
4013500 2675500  8  7 19  27.0  978 175  2.0 1  8.6  36   80   76 355 -453  2
4013500 2675500  8  7 20  24.7  978 169  1.5 1  8.8  41    6   17 350 -441  2
4013500 2675500  8  7 21  21.4  978 181  1.1 1  9.1  50    0    0 340 -430  2
4013500 2675500  8  7 22  21.0  979 177  0.8 0  9.3  57    0    0 331 -421  2
4013500 2675500  8  7 23  20.0  979 159  0.4 0  9.3  59    0    0 327 -414  2
4013500 2675500  8  7 24  18.6  979 138  0.5 0  9.3  64    0    0 323 -407  2
4013500 2675500  8  8  1  17.7  978 137  1.0 1  9.3  69    0    0 321 -402  2
4013500 2675500  8  8  2  16.7  978 148  1.1 1  9.3  73    0    0 320 -400  2
4013500 2675500  8  8  3  15.5  978 143  1.9 1  9.2  77    0    0 316 -398  2
4013500 2675500  8  8  4  15.0  978 154  2.1 1  9.0  80    0    0 312 -398  2
4013500 2675500  8  8  5  14.5  977 151  2.5 1  8.9  82    0    0 309 -397  2
4013500 2675500  8  8  6  15.5  976 150  1.8 1  9.1  82   20   28 308 -396  2
4013500 2675500  8  8  7  18.4  976 189  1.8 1  9.5  76  118   70 313 -398  2
4013500 2675500  8  8  8  21.3  977 137  3.2 0  9.9  66  269   90 318 -406  2
4013500 2675500  8  8  9  25.1  976 171  6.2 1  9.9  53  441   93 329 -420  2
4013500 2675500  8  8 10  26.7  975 187  6.6 1  9.5  44  590   89 342 -438  2
4013500 2675500  8  8 11  28.3  976 144  7.5 2  9.2  39  683   98 352 -456  2
4013500 2675500  8  8 12  29.3  974 170  6.8 2  8.9  34  757   94 360 -472  2
4013500 2675500  8  8 13  30.3  973 170  6.8 2  8.6  32  741  116 366 -486  2
4013500 2675500  8  8 14  31.7  972 171  5.8 2  8.5  29  346  274 374 -496  2
4013500 2675500  8  8 15  31.2  972 162  6.1 5  8.6  29  110  303 383 -501  2
4013500 2675500  8  8 16  30.4  970 177  6.4 8  8.4  29    0  163 395 -500  2
4013500 2675500  8  8 17  29.2  970 242  5.9 8  9.0  33    0   88 399 -495  2
4013500 2675500  8  8 18  26.2  971 251  5.2 6 10.5  43   21  129 392 -484  2
4013500 2675500  8  8 19  25.2  971 247  5.9 7 11.6  54   48   76 385 -470  2
4013500 2675500  8  8 20  24.3  971 237  4.7 7 11.7  57    6   17 386 -459  2
4013500 2675500  8  8 21  23.5  971 246  3.8 7 11.3  58    0    0 383 -451  2
4013500 2675500  8  8 22  22.5  972 241  2.4 6 11.0  60    0    0 376 -444  2
4013500 2675500  8  8 23  21.6  971 250  2.0 5 10.8  62    0    0 368 -443  2
4013500 2675500  8  8 24  20.8  972 228  3.8 5 10.7  65    0    0 363 -443  2
4013500 2675500  8  9  1  17.7  972 249  4.3 4 10.5  72    0    0 354 -439  2
4013500 2675500  8  9  2  15.7  972 225  3.5 6 10.4  84    0    0 348 -433  2
4013500 2675500  8  9  3  15.5  972 237  3.3 6 10.5  90    0    0 352 -428  2
4013500 2675500  8  9  4  15.0  972 227  5.0 3 10.3  91    0    0 343 -424  2
4013500 2675500  8  9  5  15.3  971 217  3.9 3 10.0  89    0    0 332 -419  2
4013500 2675500  8  9  6  15.2  971 212  4.4 6  9.9  88   13   24 341 -416  2
4013500 2675500  8  9  7  16.1  971 195  4.3 7 10.2  88   28   80 357 -416  2
4013500 2675500  8  9  8  17.2  971 211  3.2 4 10.6  85  105  144 352 -416  2
4013500 2675500  8  9  9  18.3  972 244  5.9 4 10.6  80  188  201 345 -418  2
4013500 2675500  8  9 10  19.0  972 232  5.8 5 10.3  74  191  268 354 -423  2
4013500 2675500  8  9 11  19.2  972 230  5.8 4 10.0  70  144  319 357 -435  2
4013500 2675500  8  9 12  18.1  972 222  7.1 5  9.8  70   47  305 358 -442  2
4013500 2675500  8  9 13  19.1  972 229  6.0 5 10.2  73   59  319 363 -440  2
4013500 2675500  8  9 14  18.7  972 239  6.6 4 10.2  72  367  253 362 -444  2
4013500 2675500  8  9 15  17.0  972 254  3.9 7 10.1  76    7  225 365 -449  2
4013500 2675500  8  9 16  16.8  972 239  4.3 8 10.5  83    0  142 373 -448  2
4013500 2675500  8  9 17  17.5  973 247  5.0 6 10.7  83  111  199 370 -441  2
4013500 2675500  8  9 18  18.1  973 222  4.6 4 10.8  81  193  104 358 -435  2
4013500 2675500  8  9 19  17.1  973 244  5.1 7 10.2  78   73   69 360 -430  2
4013500 2675500  8  9 20  16.3  973 237  4.6 6  9.9  81    0    9 367 -424  2
4013500 2675500  8  9 21  15.8  974 243  4.4 6  9.7  82    0    0 351 -420  2
4013500 2675500  8  9 22  15.4  974 251  4.2 6  9.7  84    0    0 341 -418  2
4013500 2675500  8  9 23  15.4  975 221  3.4 5  9.7  84    0    0 351 -414  2
4013500 2675500  8  9 24  15.5  976 182  2.7 4  9.7  84    0    0 360 -409  2
4013500 2675500  8 10  1  15.5  987 123  1.5 2  9.7  84    0    0 314 -413  2
4013500 2675500  8 10  2  15.1  987  78  0.8 1  9.7  85    0    0 311 -409  2
4013500 2675500  8 10  3  14.7  987  35  0.3 0  9.6  87    0    0 308 -405  2
4013500 2675500  8 10  4  14.1  987  34  0.3 0  9.6  91    0    0 305 -403  2
4013500 2675500  8 10  5  14.0  987  24  0.2 0  9.6  92    0    0 301 -400  2
4013500 2675500  8 10  6  13.1  987  29  0.0 1  9.4  97    5   22 302 -398  2
4013500 2675500  8 10  7  13.8  987  29  0.3 0  9.8  99   70   82 302 -399  2
4013500 2675500  8 10  8  17.4  987  23  0.4 0 10.5  92  197  122 304 -409  2
4013500 2675500  8 10  9  20.7  987  41  0.8 0 10.8  76  332  149 316 -425  2
4013500 2675500  8 10 10  23.5  988  99  1.9 0 10.8  63  451  172 327 -443  2
4013500 2675500  8 10 11  25.3  987 109  2.1 0 10.6  54  542  189 337 -461  2
4013500 2675500  8 10 12  25.1  987  78  1.4 1  9.8  48  568  218 343 -477  2
4013500 2675500  8 10 13  26.4  987  83  2.2 1  9.4  44  597  214 349 -488  2
4013500 2675500  8 10 14  27.4  986  86  1.0 1  9.4  41  583  205 355 -496  2
4013500 2675500  8 10 15  28.0  986 151  0.5 1  9.2  38  485  216 357 -502  2
4013500 2675500  8 10 16  27.6  986  75  3.3 1  9.1  38  371  208 358 -500  2
4013500 2675500  8 10 17  27.7  985  73  3.9 2  9.0  38  250  181 358 -487  2
4013500 2675500  8 10 18  26.4  985  82  3.0 1  8.6  37  165  124 354 -475  2
4013500 2675500  8 10 19  25.1  985  78  3.7 1  8.6  40   56   72 347 -463  2
4013500 2675500  8 10 20  23.0  985  71  2.6 1  8.8  46    0    9 342 -452  2
4013500 2675500  8 10 21  20.7  986 117  1.4 1  8.6  51    0    0 333 -443  2
4013500 2675500  8 10 22  20.5  985 118  0.7 1  8.5  54    0    0 329 -434  2
4013500 2675500  8 10 23  19.6  986 116  0.0 1  8.3  55    0    0 326 -427  2
4013500 2675500  8 10 24  19.2  986 113  0.0 0  8.2  56    0    0 319 -422  2
4013500 2675500  8 11  1  18.8  986 107  1.2 0  8.1  57    0    0 314 -417  2
4013500 2675500  8 11  2  18.0  986 125  0.8 0  8.1  59    0    0 312 -413  2
4013500 2675500  8 11  3  17.7  986 161  0.5 0  8.0  61    0    0 309 -409  2
4013500 2675500  8 11  4  16.8  986 167  0.0 0  8.0  63    0    0 306 -406  2
4013500 2675500  8 11  5  16.9  986 117  0.0 0  8.0  65    0    0 305 -401  2
4013500 2675500  8 11  6  15.2  987  53  0.0 0  8.0  68    6   21 301 -396  2
4013500 2675500  8 11  7  16.5  987 185  0.0 0  8.3  72   83   74 298 -396  2
4013500 2675500  8 11  8  20.2  987  89  0.6 0  8.9  66  230   97 305 -406  2
4013500 2675500  8 11  9  21.7  986  68  1.9 0  9.3  58  381  108 313 -424  2
4013500 2675500  8 11 10  23.6  987  93  2.5 0  9.3  52  521  113 319 -445  2
4013500 2675500  8 11 11  26.1  987 123  4.1 0  9.0  45  642  109 328 -464  2
4013500 2675500  8 11 12  26.8  987 113  5.8 0  8.5  38  717  105 336 -478  2
4013500 2675500  8 11 13  27.5  986 145  7.0 1  8.4  36  717  116 344 -486  2
4013500 2675500  8 11 14  28.1  986 148  6.1 1  8.4  35  654  137 351 -492  2
4013500 2675500  8 11 15  28.2  985  84  6.4 1  8.1  33  594  127 353 -496  2
4013500 2675500  8 11 16  28.4  985 110  5.8 1  7.9  32  513  106 353 -492  2
4013500 2675500  8 11 17  28.1  985  92  4.9 0  8.0  32  377  101 349 -483  2
4013500 2675500  8 11 18  27.7  985  79  4.5 0  8.1  34  221   92 343 -473  2
4013500 2675500  8 11 19  26.6  985  99  3.3 0  8.4  36   79   64 340 -461  2
4013500 2675500  8 11 20  23.5  986  88  2.0 1  8.8  43    6   17 336 -447  2
4013500 2675500  8 11 21  21.7  987  87  2.2 1  8.8  50    0    0 331 -434  2
4013500 2675500  8 11 22  20.9  986 123  1.5 1  8.5  52    0    0 325 -423  2
4013500 2675500  8 11 23  20.4  987 127  1.0 1  8.3  53    0    0 322 -416  2
4013500 2675500  8 11 24  19.1  987 186  0.0 1  8.3  56    0    0 319 -411  2
4013500 2675500  8 12  1  18.1  987 157  0.2 0  8.3  60    0    0 311 -406  2
4013500 2675500  8 12  2  17.7  988 146  0.6 0  8.4  64    0    0 306 -402  2
4013500 2675500  8 12  3  16.4  988 127  0.2 0  8.4  67    0    0 302 -399  2
4013500 2675500  8 12  4  15.4  988  18  0.4 0  8.4  72    0    0 299 -396  2
4013500 2675500  8 12  5  13.1  989  24  0.6 0  8.4  80    0    0 293 -393  2
4013500 2675500  8 12  6  12.1  988  24  0.0 0  8.3  88    8   21 286 -391  2
4013500 2675500  8 12  7  15.4  989  24  0.6 0  8.6  85   84   72 291 -394  2
4013500 2675500  8 12  8  17.7  989  36  0.8 0  9.3  77  231   92 300 -404  2
4013500 2675500  8 12  9  20.6  989 110  1.0 0  9.6  67  392   97 312 -421  2
4013500 2675500  8 12 10  23.8  990 108  2.8 0  9.5  55  516  108 326 -439  2
4013500 2675500  8 12 11  25.0  990 135  3.8 0  9.2  47  627  108 338 -458  2
4013500 2675500  8 12 12  26.7  989 337  3.4 0  8.7  41  720   94 345 -478  2
4013500 2675500  8 12 13  27.4  989 346  4.7 0  8.4  37  752   87 351 -493  2
4013500 2675500  8 12 14  28.0  988 121  5.1 1  8.0  34  734   80 354 -497  2
4013500 2675500  8 12 15  28.6  988 120  4.6 0  7.6  31  645   89 354 -495  2
4013500 2675500  8 12 16  29.0  988 114  4.2 0  7.4  29  503  105 354 -492  2
4013500 2675500  8 12 17  28.6  987 119  3.1 1  7.4  29  347  109 354 -485  2
4013500 2675500  8 12 18  27.8  987 148  3.2 0  7.6  31  197   95 353 -475  2
4013500 2675500  8 12 19  27.2  987 145  2.4 1  7.9  34   73   61 350 -461  2
4013500 2675500  8 12 20  23.9  987  82  1.7 2  8.3  40    6   16 345 -447  2
4013500 2675500  8 12 21  22.1  988  95  1.3 2  8.8  49    0    0 337 -435  2
4013500 2675500  8 12 22  20.8  988  67  1.1 1  9.0  55    0    0 331 -426  2
4013500 2675500  8 12 23  18.9  988 183  0.8 1  9.1  61    0    0 324 -419  2
4013500 2675500  8 12 24  17.6  988  87  1.0 0  9.3  69    0    0 317 -412  2
4013500 2675500  8 13  1  17.7  988 127  0.7 0  9.3  72    0    0 314 -407  2
4013500 2675500  8 13  2  15.0  988 109  0.7 0  9.2  77    0    0 309 -404  2
4013500 2675500  8 13  3  15.1  988  39  0.4 0  9.1  83    0    0 303 -401  2
4013500 2675500  8 13  4  16.1  989 124  0.8 0  8.7  77    0    0 304 -399  2
4013500 2675500  8 13  5  15.9  988  44  0.4 2  8.5  73    0    0 307 -397  2
4013500 2675500  8 13  6  14.0  989  51  0.9 2  8.6  79    4   17 305 -396  2
4013500 2675500  8 13  7  16.5  989  50  0.7 2  8.8  80   66   75 306 -398  2
4013500 2675500  8 13  8  18.4  989  92  1.1 0  9.3  73  198  109 309 -406  2
4013500 2675500  8 13  9  21.6  989 114  1.8 0  9.7  65  339  128 317 -423  2
4013500 2675500  8 13 10  23.2  989 116  1.4 1  9.8  56  482  135 328 -443  2
4013500 2675500  8 13 11  25.6  989 172  1.6 1  9.7  49  585  142 338 -466  2
4013500 2675500  8 13 12  26.5  988 221  2.1 1  9.0  42  643  149 344 -483  2
4013500 2675500  8 13 13  28.0  988 213  2.2 1  8.5  37  660  151 349 -497  2
4013500 2675500  8 13 14  28.2  987 149  1.7 2  8.4  34  643  145 354 -508  2
4013500 2675500  8 13 15  28.8  987 234  1.8 1  8.0  32  576  139 355 -509  2
4013500 2675500  8 13 16  29.2  986 235  1.1 1  7.9  31  469  131 354 -506  2
4013500 2675500  8 13 17  28.8  986 242  1.3 1  8.2  32  331  122 355 -499  2
4013500 2675500  8 13 18  28.3  986 254  1.8 2  8.1  32  187  102 355 -486  2
4013500 2675500  8 13 19  27.2  986 266  1.4 2  8.4  35   71   64 355 -469  2
4013500 2675500  8 13 20  24.7  986 214  1.7 3  8.8  41    7   16 352 -453  2
4013500 2675500  8 13 21  21.2  987 257  1.1 5  9.0  50    0    0 345 -441  2
4013500 2675500  8 13 22  20.2  986 102  1.0 2  9.3  59    0    0 337 -432  2
4013500 2675500  8 13 23  19.3  987 100  0.8 2  9.6  65    0    0 330 -426  2
4013500 2675500  8 13 24  17.6  987  70  1.3 4  9.8  72    0    0 328 -420  2
4013500 2675500  8 14  1  17.6  987 108  0.8 5  9.8  75    0    0 330 -416  2
4013500 2675500  8 14  2  16.4  987  87  0.9 2  9.6  77    0    0 323 -413  2
4013500 2675500  8 14  3  16.9  987  88  0.3 1  9.5  78    0    0 317 -410  2
4013500 2675500  8 14  4  14.6  987  69  0.6 3  9.4  82    0    0 315 -404  2
4013500 2675500  8 14  5  15.7  987  54  0.8 6  9.3  84    0    0 319 -398  2
4013500 2675500  8 14  6  14.1  987  59  0.9 5  9.2  85    5   19 321 -398  2
4013500 2675500  8 14  7  14.9  987  59  0.6 3  9.3  88   48   79 314 -404  2
4013500 2675500  8 14  8  16.5  987  53  0.8 5 10.0  87   60  155 318 -415  2
4013500 2675500  8 14  9  20.4  986  92  1.1 5 10.5  76  191  205 329 -431  2
4013500 2675500  8 14 10  22.9  987  55  1.4 2 10.5  63  347  215 337 -452  2
4013500 2675500  8 14 11  24.4  987  15  1.4 3 10.6  56  377  267 344 -474  2
4013500 2675500  8 14 12  26.1  986 308  2.0 3 10.9  53  288  343 355 -493  2
4013500 2675500  8 14 13  27.2  986 285  3.2 2 11.3  50  502  257 361 -509  2
4013500 2675500  8 14 14  27.6  985 283  3.9 1 11.3  48  501  241 364 -517  2
4013500 2675500  8 14 15  27.9  985 300  3.9 3 10.9  45  284  298 368 -517  2
4013500 2675500  8 14 16  27.3  984 302  5.2 5 10.4  44  130  269 372 -512  2
4013500 2675500  8 14 17  27.8  984 336  4.5 3 10.0  42  184  193 371 -504  2
4013500 2675500  8 14 18  26.6  984 330  3.5 1  9.6  41  153  119 365 -491  2
4013500 2675500  8 14 19  25.3  984 333  3.0 2  9.3  43   59   66 359 -476  2
4013500 2675500  8 14 20  23.7  984 244  1.8 3  9.1  46    3   15 355 -461  2
4013500 2675500  8 14 21  20.3  984  70  2.5 3  9.3  55    0    0 348 -448  2
4013500 2675500  8 14 22  19.3  984  38  2.6 0  9.8  66    0    0 336 -442  2
4013500 2675500  8 14 23  18.3  985  43  1.2 0 10.1  72    0    0 327 -439  2
4013500 2675500  8 14 24  17.4  985  48  1.9 1 10.1  77    0    0 325 -433  2
4013500 2675500  8 15  1  16.4  985  38  1.9 4 10.3  83    0    0 329 -431  2
4013500 2675500  8 15  2  16.1  985  24  1.9 2 10.5  88    0    0 329 -428  2
4013500 2675500  8 15  3  16.1  985   1  1.6 0 10.6  89    0    0 318 -427  2
4013500 2675500  8 15  4  15.7  985  31  1.2 1 10.5  90    0    0 312 -425  2
4013500 2675500  8 15  5  15.0  985  26  1.1 5 10.3  92    0    0 323 -424  2
4013500 2675500  8 15  6  14.5  985  35  0.7 6 10.2  94    2   15 335 -423  2
4013500 2675500  8 15  7  14.7  986  22  0.3 4 10.3  96   35   75 330 -423  2
4013500 2675500  8 15  8  16.4  986  18  2.1 2 10.8  95  139  133 318 -428  2
4013500 2675500  8 15  9  19.0  986  21  1.8 3 11.2  86  175  210 321 -439  2
4013500 2675500  8 15 10  20.5  985  33  2.7 5 11.0  74  139  290 340 -454  2
4013500 2675500  8 15 11  21.3  986 292  2.3 5 10.8  67  140  340 355 -465  2
4013500 2675500  8 15 12  22.2  986 333  2.2 4 10.5  62  217  362 356 -480  2
4013500 2675500  8 15 13  22.5  986 319  2.9 5 10.1  58  155  375 360 -497  2
4013500 2675500  8 15 14  22.8  986 312  3.4 5 10.2  58  125  349 367 -501  2
4013500 2675500  8 15 15  22.8  986 322  3.2 6 10.4  58  112  313 372 -500  2
4013500 2675500  8 15 16  22.8  986 316  3.4 5 10.3  58  193  261 371 -496  2
4013500 2675500  8 15 17  22.5  985 329  3.2 5 10.3  58   86  203 365 -489  2
4013500 2675500  8 15 18  21.8  986 341  2.8 4 10.6  62  104  130 360 -481  2
4013500 2675500  8 15 19  20.9  986 333  2.8 4 10.9  66   46   65 354 -471  2
4013500 2675500  8 15 20  18.9  985 330  2.7 4 10.9  73    1   13 350 -459  2
4013500 2675500  8 15 21  17.6  985 338  1.9 4 11.2  83    0    0 344 -449  2
4013500 2675500  8 15 22  16.3  986 334  1.9 3 11.4  91    0    0 336 -442  2
4013500 2675500  8 15 23  16.2  986 315  1.1 3 11.1  94    0    0 330 -436  2
4013500 2675500  8 15 24  15.7  986 336  0.9 4 11.0  94    0    0 334 -430  2
4013500 2675500  8 16  1  14.8  986 337  1.0 8 10.8  96    0    0 355 -425  2
4013500 2675500  8 16  2  14.2  986 311  0.4 8 10.5  99    0    0 371 -422  2
4013500 2675500  8 16  3  14.7  986 245  1.0 8 10.5  99    0    0 372 -418  2
4013500 2675500  8 16  4  14.1  986 307  1.4 8 10.4  99    0    0 371 -417  2
4013500 2675500  8 16  5  13.9  986 321  0.9 5 10.3 100    0    0 356 -418  2
4013500 2675500  8 16  6  14.2  987   8  0.5 8 10.2  98    0   13 356 -417  2
4013500 2675500  8 16  7  14.5  987 284  0.6 4 10.2  97   29   73 352 -416  2
4013500 2675500  8 16  8  16.1  987   3  0.6 3 10.7  96  100  144 333 -420  2
4013500 2675500  8 16  9  18.3  987  66  1.2 3 11.4  90  239  179 337 -432  2
4013500 2675500  8 16 10  20.1  986  44  1.5 3 12.2  85  366  200 347 -448  2
4013500 2675500  8 16 11  21.3  987  40  1.4 3 12.6  80  361  270 356 -465  2
4013500 2675500  8 16 12  22.5  987  88  1.3 4 12.0  71  234  355 365 -481  2
4013500 2675500  8 16 13  23.3  987  65  1.9 4 11.3  63   98  364 372 -493  2
4013500 2675500  8 16 14  23.7  987  71  2.2 5 11.1  59   24  294 378 -500  2
4013500 2675500  8 16 15  24.2  986  88  1.4 5 11.0  58   66  297 382 -503  2
4013500 2675500  8 16 16  24.1  986  90  0.8 5 10.9  56  157  265 380 -504  2
4013500 2675500  8 16 17  23.7  985  59  3.2 3 10.8  56  225  171 371 -493  2
4013500 2675500  8 16 18  23.4  985  23  2.5 2 10.9  58  148  115 360 -477  2
4013500 2675500  8 16 19  22.7  985  57  2.1 3 11.2  62   43   64 358 -465  2
4013500 2675500  8 16 20  20.9  985  47  2.0 4 11.2  66    0   12 358 -454  2
4013500 2675500  8 16 21  19.4  984  15  1.1 4 11.2  73    0    0 356 -445  2
4013500 2675500  8 16 22  19.1  985  13  1.1 3 11.3  78    0    0 350 -438  2
4013500 2675500  8 16 23  18.5  985  26  1.0 3 11.2  80    0    0 345 -431  2
4013500 2675500  8 16 24  18.0  985  10  0.3 4 11.2  83    0    0 347 -425  2
4013500 2675500  8 17  1  17.0  986  88  1.1 6 11.3  88    0    0 354 -420  2
4013500 2675500  8 17  2  16.5  986 154  0.8 5 11.4  93    0    0 355 -416  2
4013500 2675500  8 17  3  16.1  986  89  0.6 6 11.3  94    0    0 353 -414  2
4013500 2675500  8 17  4  15.8  986 105  0.9 6 11.2  96    0    0 354 -413  2
4013500 2675500  8 17  5  16.0  985 346  1.4 6 11.1  95    0    0 354 -415  2
4013500 2675500  8 17  6  15.5  985  22  0.0 6 11.0  95    0    7 353 -417  2
4013500 2675500  8 17  7  16.4  985 334  0.7 8 11.0  94    0   29 359 -418  2
4013500 2675500  8 17  8  17.6  985  29  0.4 8 11.4  91    0   61 369 -421  2
4013500 2675500  8 17  9  18.7  985  54  0.6 8 11.9  88    2  145 373 -431  2
4013500 2675500  8 17 10  20.5  985 323  1.9 6 12.1  82  137  260 372 -450  2
4013500 2675500  8 17 11  22.9  986  12  2.5 4 11.6  69  371  219 364 -468  2
4013500 2675500  8 17 12  22.9  985  28  2.1 4 10.8  60  536  163 362 -481  2
4013500 2675500  8 17 13  23.3  985  56  1.6 5 10.7  58  343  279 366 -492  2
4013500 2675500  8 17 14  24.9  985  57  2.3 5 10.6  54  344  262 371 -502  2
4013500 2675500  8 17 15  25.0  985  77  4.1 5 10.1  50  271  254 373 -506  2
4013500 2675500  8 17 16  25.2  984 118  3.1 5 10.1  49   79  235 371 -496  2
4013500 2675500  8 17 17  24.7  984 136  2.4 8 10.2  50    0  118 377 -484  2
4013500 2675500  8 17 18  24.5  984 158  2.1 8  9.7  49    3   90 383 -474  2
4013500 2675500  8 17 19  23.2  984 146  1.2 5  9.4  49   26   56 370 -464  2
4013500 2675500  8 17 20  20.8  984  19  1.7 5  9.0  53    2   11 356 -453  2
4013500 2675500  8 17 21  19.2  984  58  2.1 5  8.6  57    0    0 347 -445  2
4013500 2675500  8 17 22  18.5  984 167  0.9 4  8.3  59    0    0 340 -438  2
4013500 2675500  8 17 23  17.3  985  29  0.2 4  8.2  62    0    0 333 -428  2
4013500 2675500  8 17 24  15.9  985 347  0.0 2  8.2  67    0    0 321 -416  2
4013500 2675500  8 18  1  14.7  985 351  0.9 3  8.1  72    0    0 311 -406  2
4013500 2675500  8 18  2  13.6  985 360  1.0 4  8.2  79    0    0 313 -399  2
4013500 2675500  8 18  3  12.3  985 359  0.8 4  8.1  85    0    0 312 -398  2
4013500 2675500  8 18  4  11.6  984 335  0.5 5  7.9  88    0    0 313 -398  2
4013500 2675500  8 18  5  11.9  984 307  0.5 5  7.8  88    0    0 315 -395  2
4013500 2675500  8 18  6  11.0  984 324  0.7 4  7.8  90    4   16 308 -389  2
4013500 2675500  8 18  7  11.2  984  12  0.6 2  7.9  93   63   79 293 -389  2
4013500 2675500  8 18  8  12.4  984  23  0.5 2  8.5  96  173  130 285 -398  2
4013500 2675500  8 18  9  16.4  985 355  1.4 3  9.1  86  284  169 298 -417  2
4013500 2675500  8 18 10  19.3  984   1  2.1 3  8.7  66  382  202 313 -440  2
4013500 2675500  8 18 11  21.1  984  39  2.5 3  8.1  53  401  262 321 -457  2
4013500 2675500  8 18 12  22.7  985 228  1.9 5  7.9  47  159  376 336 -467  2
4013500 2675500  8 18 13  24.3  985  19  3.3 4  8.0  43  275  364 346 -476  2
4013500 2675500  8 18 14  25.7  984  34  2.3 4  8.2  40  294  342 350 -481  2
4013500 2675500  8 18 15  25.5  984  56  4.1 3  8.5  40  262  312 350 -483  2
4013500 2675500  8 18 16  25.0  984  83  3.0 3  8.5  41  208  265 345 -480  2
4013500 2675500  8 18 17  25.0  984  74  3.6 4  8.8  43  175  197 347 -472  2
4013500 2675500  8 18 18  24.6  984  69  3.8 4  9.0  45  104  132 349 -463  2
4013500 2675500  8 18 19  23.1  984  83  3.2 3  8.8  46   31   64 342 -451  2
4013500 2675500  8 18 20  20.4  985 106  2.0 4  8.5  51    0    6 335 -439  2
4013500 2675500  8 18 21  19.2  984 143  1.8 4  8.6  58    0    0 330 -428  2
4013500 2675500  8 18 22  17.7  985 127  1.8 5  8.9  65    0    0 328 -419  2
4013500 2675500  8 18 23  16.4  985  89  1.4 4  9.0  72    0    0 323 -410  2
4013500 2675500  8 18 24  16.5  985   7  1.1 6  9.3  77    0    0 321 -401  2
4013500 2675500  8 19  1  15.9  985 357  1.2 7  9.5  80    0    0 325 -395  2
4013500 2675500  8 19  2  14.9  985   8  1.2 8  9.7  86    0    0 323 -391  2
4013500 2675500  8 19  3  15.9  984  16  0.9 8  9.8  87    0    0 324 -387  2
4013500 2675500  8 19  4  15.0  984  14  1.0 8  9.9  87    0    0 322 -383  2
4013500 2675500  8 19  5  14.6  984  20  0.9 8 10.1  92    0    0 319 -378  2
4013500 2675500  8 19  6  14.7  984 274  0.7 8 10.2  94    0    6 318 -375  2
4013500 2675500  8 19  7  14.9  984 320  0.8 8 10.3  94    0   30 316 -376  2
4013500 2675500  8 19  8  15.1  984 309  1.2 8 10.5  95    0   78 314 -389  2
4013500 2675500  8 19  9  15.3  984 304  1.5 7 10.7  96    0  105 311 -412  2
4013500 2675500  8 19 10  16.1  984  97  2.0 8 10.9  94    0  129 313 -436  2
4013500 2675500  8 19 11  17.8  984 308  2.0 7 11.1  89   15  207 319 -458  2
4013500 2675500  8 19 12  18.2  984  72  2.2 6 11.3  84  120  209 324 -477  2
4013500 2675500  8 19 13  18.9  984  73  2.3 6 11.5  84   25  230 328 -487  2
4013500 2675500  8 19 14  20.0  984 105  2.7 8 11.6  79    0  117 337 -488  2
4013500 2675500  8 19 15  20.7  984 151  1.7 8 11.6  75    0  125 345 -487  2
4013500 2675500  8 19 16  20.1  984 134  1.4 8 11.8  76    5  152 347 -484  2
4013500 2675500  8 19 17  20.2  984  28  0.8 6 11.8  77  100   88 343 -478  2
4013500 2675500  8 19 18  19.9  984  17  1.3 6 11.7  77  110   38 339 -468  2
4013500 2675500  8 19 19  19.6  983  10  1.3 5 12.0  80   45   23 338 -455  2
4013500 2675500  8 19 20  19.4  983  54  1.5 5 11.8  80    4    7 335 -440  2
4013500 2675500  8 19 21  17.4  983 163  0.7 6 11.5  84    0    0 332 -429  2
4013500 2675500  8 19 22  16.9  984 175  0.6 6 11.4  90    0    0 330 -421  2
4013500 2675500  8 19 23  16.4  984 197  0.4 6 11.3  92    0    0 327 -414  2
4013500 2675500  8 19 24  16.7  984 159  0.8 6 11.2  92    0    0 326 -408  2
4013500 2675500  8 20  1  16.2  984 169  0.7 7 11.1  91    0    0 327 -403  2
4013500 2675500  8 20  2  15.5  984 139  0.5 7 10.8  93    0    0 326 -397  2
4013500 2675500  8 20  3  15.3  983 135  0.6 8 10.8  95    0    0 327 -391  2
4013500 2675500  8 20  4  15.3  983 145  1.2 6 10.8  96    0    0 326 -388  2
4013500 2675500  8 20  5  15.1  983 185  1.0 6 10.7  96    0    0 322 -386  2
4013500 2675500  8 20  6  14.8  984 150  0.8 7 10.7  97    7   14 323 -385  2
4013500 2675500  8 20  7  15.7  984 155  0.8 6 10.8  97    3   55 324 -387  2
4013500 2675500  8 20  8  16.2  984 116  1.5 7 11.2  95    1   91 324 -397  2
4013500 2675500  8 20  9  17.6  984 121  1.8 5 11.4  92   20  186 325 -414  2
4013500 2675500  8 20 10  19.1  985 121  1.4 7 11.6  85   10  219 330 -435  2
4013500 2675500  8 20 11  20.2  984  63  0.7 8 11.9  80   55  302 343 -457  2
4013500 2675500  8 20 12  23.4  985  15  2.4 5 12.0  71  684   67 350 -478  2
4013500 2675500  8 20 13  24.2  984  54  2.9 4 11.9  63  370  271 351 -488  2
4013500 2675500  8 20 14  25.0  984  69  3.0 5 11.0  55  115  322 355 -488  2
4013500 2675500  8 20 15  25.0  984  11  3.1 6  9.9  48   16  240 360 -489  2
4013500 2675500  8 20 16  25.6  983  26  3.8 6  9.8  47   84  238 364 -485  2
4013500 2675500  8 20 17  24.0  983   3  4.0 8 10.7  53    7  144 370 -477  2
4013500 2675500  8 20 18  23.1  984 353  2.5 8 11.4  61    3   88 372 -466  2
4013500 2675500  8 20 19  21.9  984   6  2.3 5 11.2  64   20   49 361 -453  2
4013500 2675500  8 20 20  20.1  984 348  1.1 3 11.2  70    0    8 342 -440  2
4013500 2675500  8 20 21  18.9  984  63  1.3 1 11.1  76    0    0 326 -428  2
4013500 2675500  8 20 22  17.3  984  59  0.6 3 11.0  82    0    0 320 -420  2
4013500 2675500  8 20 23  15.6  984  63  0.2 3 10.8  89    0    0 319 -415  2
4013500 2675500  8 20 24  15.2  984 120  0.0 0 10.6  94    0    0 308 -410  2
4013500 2675500  8 21  1  15.0  984 320  0.2 1 10.6  96    0    0 302 -406  2
4013500 2675500  8 21  2  14.5  985 346  0.7 1 10.5  96    0    0 303 -399  2
4013500 2675500  8 21  3  14.5  985 344  0.9 0 10.3  97    0    0 299 -392  2
4013500 2675500  8 21  4  14.2  985 304  0.2 0 10.1  96    0    0 296 -386  2
4013500 2675500  8 21  5  13.6  985 149  0.1 1  9.7  95    0    0 296 -383  2
4013500 2675500  8 21  6  12.5  985  55  0.6 2  9.5  98    0   10 296 -382  2
4013500 2675500  8 21  7  14.0  985  43  0.3 0  9.6  98   39   66 293 -383  2
4013500 2675500  8 21  8  15.7  985  54  0.2 3 10.3  95  148  114 300 -393  2
4013500 2675500  8 21  9  16.8  985 116  0.9 3 11.0  93  319  121 310 -411  2
4013500 2675500  8 21 10  21.5  985 126  0.9 0 11.3  79  473  122 314 -433  2
4013500 2675500  8 21 11  23.9  986  91  0.0 1 11.2  63  585  123 325 -454  2
4013500 2675500  8 21 12  25.7  985 354  1.0 2 10.5  52  613  145 337 -475  2
4013500 2675500  8 21 13  27.1  985 133  1.3 2  9.7  44  497  228 345 -487  2
4013500 2675500  8 21 14  28.3  984 175  0.9 3  9.0  38  293  312 352 -492  2
4013500 2675500  8 21 15  28.8  984 209  2.0 7  8.9  35   94  302 367 -491  2
4013500 2675500  8 21 16  28.5  983 211  1.9 8  8.8  35   18  211 380 -486  2
4013500 2675500  8 21 17  27.7  983  41  1.6 8  9.0  37    0  101 382 -479  2
4013500 2675500  8 21 18  27.3  983 355  1.8 2  9.4  40   46  120 367 -469  2
4013500 2675500  8 21 19  26.1  983 347  1.2 0  9.6  42   40   53 344 -456  2
4013500 2675500  8 21 20  23.1  984  54  0.4 0  9.9  50    0    8 331 -442  2
4013500 2675500  8 21 21  20.3  985 353  0.2 1 10.1  60    0    0 323 -430  2
4013500 2675500  8 21 22  19.0  984 106  0.4 0 10.2  69    0    0 317 -420  2
4013500 2675500  8 21 23  17.7  985  35  0.2 0 10.2  75    0    0 309 -413  2
4013500 2675500  8 21 24  15.7  985  20  0.4 1 10.0  81    0    0 305 -408  2
4013500 2675500  8 22  1  14.2  985 170  0.8 1  9.7  89    0    0 301 -404  2
4013500 2675500  8 22  2  14.7  985  34  1.1 1  9.7  91    0    0 298 -400  2
4013500 2675500  8 22  3  13.8  985  27  0.9 1  9.5  91    0    0 297 -397  2
4013500 2675500  8 22  4  13.8  986  34  1.6 1  9.3  92    0    0 294 -396  2
4013500 2675500  8 22  5  12.1  986  23  0.9 3  9.2  96    0    0 294 -394  2
4013500 2675500  8 22  6  13.4  985  15  1.0 5  9.2  97    2   11 298 -391  2
4013500 2675500  8 22  7  13.9  986  19  0.6 6  9.5  94   32   63 304 -390  2
4013500 2675500  8 22  8  16.8  986 186  0.8 4 10.1  90  104  127 306 -397  2
4013500 2675500  8 22  9  18.6  986 145  1.4 4 11.0  84  111  203 312 -413  2
4013500 2675500  8 22 10  20.2  986 157  1.7 6 11.5  79  187  252 321 -434  2
4013500 2675500  8 22 11  23.3  986 169  2.0 6 11.7  69  252  285 334 -454  2
4013500 2675500  8 22 12  24.9  986 206  1.8 6 11.7  60  254  318 346 -472  2
4013500 2675500  8 22 13  26.2  986 221  2.4 8 10.8  51   66  338 357 -485  2
4013500 2675500  8 22 14  25.9  986 204  2.1 7 10.3  47   73  323 364 -494  2
4013500 2675500  8 22 15  26.6  985 245  2.2 7 10.3  47   43  276 365 -499  2
4013500 2675500  8 22 16  26.4  985 205  2.0 7 10.1  45    6  180 367 -498  2
4013500 2675500  8 22 17  25.4  985 172  0.8 7 10.6  49    4  137 366 -491  2
4013500 2675500  8 22 18  24.4  985 162  1.2 8 11.4  56   10  102 365 -478  2
4013500 2675500  8 22 19  23.6  985 259  0.9 8 11.6  60    0   26 365 -463  2
4013500 2675500  8 22 20  22.6  985 327  0.7 8 11.6  64    0    2 363 -447  2
4013500 2675500  8 22 21  21.4  985 125  0.2 8 11.8  69    0    0 359 -433  2
4013500 2675500  8 22 22  20.0  986 205  0.4 6 11.9  75    0    0 351 -422  2
4013500 2675500  8 22 23  20.2  985 234  0.9 6 11.9  78    0    0 345 -416  2
4013500 2675500  8 22 24  19.5  985  53  0.5 8 11.9  79    0    0 350 -415  2
4013500 2675500  8 23  1  18.8  985  46  0.9 6 12.0  84    0    0 348 -412  2
4013500 2675500  8 23  2  18.9  985  89  0.9 7 12.1  86    0    0 345 -408  2
4013500 2675500  8 23  3  18.5  984  45  1.1 7 12.2  87    0    0 349 -405  2
4013500 2675500  8 23  4  18.0  984  67  0.9 8 12.2  90    0    0 350 -402  2
4013500 2675500  8 23  5  17.8  984  88  0.8 7 12.2  92    0    0 349 -399  2
4013500 2675500  8 23  6  17.5  984  99  0.6 7 12.2  93    0    2 346 -398  2
4013500 2675500  8 23  7  18.0  984  42  0.4 8 12.3  94    0   42 346 -400  2
4013500 2675500  8 23  8  19.1  984  53  1.1 7 12.6  91    0   72 347 -407  2
4013500 2675500  8 23  9  19.4  984  67  1.2 7 12.8  88    0   98 348 -422  2
4013500 2675500  8 23 10  19.7  984 134  0.9 6 12.9  88   41  274 350 -441  2
4013500 2675500  8 23 11  21.1  985 179  0.3 7 13.1  84   32  305 358 -464  2
4013500 2675500  8 23 12  21.9  985 191  0.5 8 13.3  80    7  267 368 -486  2
4013500 2675500  8 23 13  23.6  984 254  1.6 7 13.3  74   35  333 376 -501  2
4013500 2675500  8 23 14  24.3  984 263  1.2 5 13.1  68  175  371 377 -507  2
4013500 2675500  8 23 15  25.2  983 243  1.9 3 13.1  65  280  308 371 -505  2
4013500 2675500  8 23 16  25.6  983 237  1.7 4 13.0  62  153  275 372 -499  2
4013500 2675500  8 23 17  25.3  983 213  1.9 5 12.8  60   52  200 375 -490  2
4013500 2675500  8 23 18  25.5  982 168  1.0 4 13.0  62   77  127 376 -480  2
4013500 2675500  8 23 19  25.3  982 355  0.6 6 13.1  62   23   56 378 -467  2
4013500 2675500  8 23 20  23.0  982 325  0.6 7 13.2  67    0    6 380 -455  2
4013500 2675500  8 23 21  21.9  982  12  1.5 6 13.4  76    0    0 374 -447  2
4013500 2675500  8 23 22  20.4  983 359  1.4 3 13.2  81    0    0 359 -442  2
4013500 2675500  8 23 23  19.5  983  58  0.5 3 13.1  86    0    0 348 -438  2
4013500 2675500  8 23 24  19.7  983  84  0.8 5 13.1  88    0    0 352 -435  2
4013500 2675500  8 24  1  19.3  983 105  0.1 4 13.0  88    0    0 354 -432  2
4013500 2675500  8 24  2  18.1  982 318  0.2 5 12.7  91    0    0 352 -430  2
4013500 2675500  8 24  3  17.2  982 112  0.5 6 12.4  94    0    0 353 -428  2
4013500 2675500  8 24  4  17.6  982  74  0.5 4 12.3  95    0    0 351 -427  2
4013500 2675500  8 24  5  17.4  981  44  0.7 4 12.3  95    0    0 345 -427  2
4013500 2675500  8 24  6  16.7  982  22  0.6 4 12.0  95    0    6 343 -426  2
4013500 2675500  8 24  7  17.3  982  24  1.1 5 11.9  95   24   57 346 -427  2
4013500 2675500  8 24  8  17.5  982  41  1.0 3 12.3  95  147   98 343 -431  2
4013500 2675500  8 24  9  20.7  982 115  1.8 2 12.7  89  374   65 341 -440  2
4013500 2675500  8 24 10  23.2  983 114  1.6 2 13.3  77  534   50 350 -452  2
4013500 2675500  8 24 11  26.2  982 102  1.5 1 12.9  64  641   56 359 -469  2
4013500 2675500  8 24 12  27.2  982  84  2.0 2 12.1  53  695   61 368 -489  2
4013500 2675500  8 24 13  28.5  981 326  0.5 4 11.9  49  378  253 384 -505  2
4013500 2675500  8 24 14  29.0  982 286  1.6 5 12.4  48   69  299 399 -517  2
4013500 2675500  8 24 15  29.6  981 263  2.1 3 11.9  45  226  260 398 -521  2
4013500 2675500  8 24 16  29.4  981 238  1.7 3 11.3  42  332  151 392 -517  2
4013500 2675500  8 24 17  29.6  980 249  1.8 4 11.5  43  165  150 395 -509  2
4013500 2675500  8 24 18  27.2  980 228  2.3 7 11.9  47    1   70 402 -498  2
4013500 2675500  8 24 19  25.3  979 112  0.7 7 12.2  55    6   40 403 -480  2
4013500 2675500  8 24 20  23.0  980  75  2.2 6 12.6  64    0    4 394 -461  2
4013500 2675500  8 24 21  21.1  980 197  1.7 4 12.7  74    0    0 377 -451  2
4013500 2675500  8 24 22  21.1  980  28  0.9 1 12.7  78    0    0 357 -444  2
4013500 2675500  8 24 23  19.6  980 177  1.2 1 12.7  81    0    0 345 -437  2
4013500 2675500  8 24 24  18.4  980  58  0.8 1 12.5  88    0    0 339 -431  2
4013500 2675500  8 25  1  18.3  979 135  1.3 2 12.5  91    0    0 339 -428  2
4013500 2675500  8 25  2  17.2  979 111  1.5 3 12.4  94    0    0 342 -425  2
4013500 2675500  8 25  3  17.6  979 125  1.2 2 12.2  94    0    0 338 -422  2
4013500 2675500  8 25  4  16.9  979 102  0.3 1 12.1  95    0    0 330 -419  2
4013500 2675500  8 25  5  16.0  979 132  1.0 0 11.8  97    0    0 318 -416  2
4013500 2675500  8 25  6  15.7  979 130  0.8 1 11.6  99    0    9 316 -416  2
4013500 2675500  8 25  7  16.2  979  73  1.0 1 11.8 100   42   63 317 -419  2
4013500 2675500  8 25  8  18.3  978 107  1.5 0 12.3  96  144  115 316 -426  2
4013500 2675500  8 25  9  21.0  979 109  1.6 0 12.8  86  265  152 320 -439  2
4013500 2675500  8 25 10  23.7  979 102  1.8 0 13.2  75  371  181 332 -455  2
4013500 2675500  8 25 11  26.5  978 126  1.1 0 13.2  64  453  204 345 -475  2
4013500 2675500  8 25 12  28.0  978 147  2.3 1 12.8  54  500  220 359 -499  2
4013500 2675500  8 25 13  28.9  977 190  2.7 1 12.0  47  479  243 369 -510  2
4013500 2675500  8 25 14  29.3  977 174  2.2 1 11.6  44  473  228 373 -509  2
4013500 2675500  8 25 15  30.0  976 164  3.2 2 11.4  42  365  237 378 -503  2
4013500 2675500  8 25 16  29.9  976 186  3.7 2 11.3  41  212  233 379 -501  2
4013500 2675500  8 25 17  29.8  975 180  2.6 2 11.2  41  173  166 374 -500  2
4013500 2675500  8 25 18  29.1  975 172  2.3 1 11.0  41  114  104 366 -492  2
4013500 2675500  8 25 19  27.9  974 218  2.1 1 11.0  43   28   50 354 -482  2
4013500 2675500  8 25 20  25.4  975 144  0.2 1 11.2  49    0    5 344 -472  2
4013500 2675500  8 25 21  23.0  974  29  0.7 1 11.6  59    0    0 335 -465  2
4013500 2675500  8 25 22  21.6  975  18  0.4 0 12.0  68    0    0 323 -457  2
4013500 2675500  8 25 23  20.6  975 222  0.0 0 12.0  74    0    0 314 -448  2
4013500 2675500  8 25 24  19.7  975  33  0.1 0 12.0  78    0    0 310 -440  2
4013500 2675500  8 26  1  19.3  975   7  0.3 0 12.0  81    0    0 305 -436  2
4013500 2675500  8 26  2  19.6  975 171  0.4 0 12.0  81    0    0 303 -434  2
4013500 2675500  8 26  3  18.2  975 147  0.4 1 11.9  83    0    0 305 -431  2
4013500 2675500  8 26  4  18.4  975 186  0.9 2 11.8  86    0    0 312 -431  2
4013500 2675500  8 26  5  19.0  975  90  1.0 3 11.8  84    0    0 323 -431  2
4013500 2675500  8 26  6  17.8  975 355  0.9 4 11.7  84    0    1 332 -429  2
4013500 2675500  8 26  7  18.5  975 100  0.8 4 11.8  87    1   46 335 -428  2
4013500 2675500  8 26  8  20.1  976  57  0.8 5 12.2  83   43  141 342 -435  2
4013500 2675500  8 26  9  22.8  975 224  1.8 5 12.4  74  134  219 354 -447  2
4013500 2675500  8 26 10  24.2  975  58  0.8 3 12.4  65  174  287 349 -463  2
4013500 2675500  8 26 11  25.0  975  69  0.1 3 12.4  61  234  331 343 -479  2
4013500 2675500  8 26 12  26.7  975 359  0.8 3 12.4  57  294  351 351 -494  2
4013500 2675500  8 26 13  26.6  976 105  2.5 3 12.5  55  242  378 361 -481  2
4013500 2675500  8 26 14  26.4  975 191  3.7 5 12.6  56   39  310 373 -465  2
4013500 2675500  8 26 15  20.7  975 303  2.9 8 13.2  69    0   68 385 -469  2
4013500 2675500  8 26 16  20.3  976 327  3.8 8 14.0  89    0   65 387 -473  2
4013500 2675500  8 26 17  22.0  976 348  1.8 6 14.4  88    6  144 381 -471  2
4013500 2675500  8 26 18  21.7  975 326  1.9 6 14.6  85    2   83 376 -464  2
4013500 2675500  8 26 19  20.4  975 348  1.5 6 14.3  88    0   26 374 -459  2
4013500 2675500  8 26 20  19.9  975 344  1.3 7 14.0  90    0    2 375 -452  2
4013500 2675500  8 26 21  19.1  975 331  1.3 6 13.7  92    0    0 371 -445  2
4013500 2675500  8 26 22  18.7  976 347  2.4 7 13.4  94    0    0 368 -440  2
4013500 2675500  8 26 23  18.4  976 333  1.4 7 13.3  95    0    0 369 -435  2
4013500 2675500  8 26 24  18.1  976 317  0.0 4 13.2  97    0    0 357 -430  2
4013500 2675500  8 27  1  18.0  976 319  0.2 4 13.2  98    0    0 347 -424  2
4013500 2675500  8 27  2  17.3  975 360  0.0 5 13.0  98    0    0 349 -421  2
4013500 2675500  8 27  3  17.1  975  45  0.9 6 12.6  98    0    0 355 -421  2
4013500 2675500  8 27  4  16.7  974  17  0.5 6 12.5  99    0    0 357 -422  2
4013500 2675500  8 27  5  17.1  974  12  1.0 7 12.3  98    0    0 360 -422  2
4013500 2675500  8 27  6  17.2  974 167  1.1 8 12.3  96    0    5 366 -422  2
4013500 2675500  8 27  7  16.9  974 179  1.5 8 12.4  98   11   59 364 -423  2
4013500 2675500  8 27  8  17.4  974 158  2.3 6 12.7  99   26  129 358 -428  2
4013500 2675500  8 27  9  17.6  975 148  2.3 7 12.9  99   19  186 357 -437  2
4013500 2675500  8 27 10  19.6  975 138  2.8 5 13.3  95   47  266 360 -448  2
4013500 2675500  8 27 11  21.8  975 142  2.2 5 13.3  83  239  307 365 -463  2
4013500 2675500  8 27 12  22.8  975 159  2.6 4 12.9  73  320  315 369 -474  2
4013500 2675500  8 27 13  24.7  974 145  2.4 4 12.6  66  329  324 374 -481  2
4013500 2675500  8 27 14  25.7  973 148  1.8 5 12.2  58  253  333 382 -488  2
4013500 2675500  8 27 15  26.7  974 185  2.8 5 11.5  52  228  297 388 -488  2
4013500 2675500  8 27 16  26.7  973 175  3.1 3 11.0  48  268  216 384 -485  2
4013500 2675500  8 27 17  25.9  973 171  2.5 3 10.9  49  149  176 376 -482  2
4013500 2675500  8 27 18  25.5  973 156  2.9 5 11.0  51   30  115 379 -477  2
4013500 2675500  8 27 19  24.1  971 128  2.5 6 11.3  55   12   44 386 -470  2
4013500 2675500  8 27 20  22.1  972 233  2.1 7 11.7  63    0    1 388 -462  2
4013500 2675500  8 27 21  21.3  972 172  1.1 6 11.8  70    0    0 385 -455  2
4013500 2675500  8 27 22  19.9  972 261  0.0 2 12.1  76    0    0 365 -451  2
4013500 2675500  8 27 23  18.4  972 243  2.0 2 12.2  84    0    0 348 -447  2
4013500 2675500  8 27 24  18.5  971 179  1.9 3 12.1  87    0    0 349 -441  2
4013500 2675500  8 28  1  17.8  971 182  0.8 1 12.1  88    0    0 343 -433  2
4013500 2675500  8 28  2  17.8  971 215  0.4 1 12.0  90    0    0 335 -428  2
4013500 2675500  8 28  3  17.3  970 141  0.5 4 11.9  91    0    0 342 -426  2
4013500 2675500  8 28  4  17.1  970  48  0.7 6 11.7  91    0    0 359 -424  2
4013500 2675500  8 28  5  16.7  969 168  0.6 6 11.6  92    0    0 364 -423  2
4013500 2675500  8 28  6  16.7  969 201  0.6 7 11.5  92    0    6 366 -422  2
4013500 2675500  8 28  7  16.9  969 210  0.0 7 11.5  92    5   34 368 -423  2
4013500 2675500  8 28  8  18.4  969 144  1.0 7 11.8  89   25   80 370 -424  2
4013500 2675500  8 28  9  20.1  968 168  1.4 7 12.1  82    0  109 376 -425  2
4013500 2675500  8 28 10  21.4  967 122  1.7 8 12.2  76    0  130 385 -435  2
4013500 2675500  8 28 11  22.7  967 137  2.5 7 12.0  69    0  163 389 -442  2
4013500 2675500  8 28 12  22.6  966 241  3.5 8 11.9  66    0   91 392 -446  2
4013500 2675500  8 28 13  23.0  966 204  4.8 7 12.1  66    5  208 394 -449  2
4013500 2675500  8 28 14  21.1  967 251  5.0 8 11.9  68    0  156 392 -442  2
4013500 2675500  8 28 15  19.2  967 233  6.3 7 11.4  74    0  117 386 -433  2
4013500 2675500  8 28 16  17.1  968 265  4.5 7 10.8  78    0   54 374 -429  2
4013500 2675500  8 28 17  15.9  969 256  3.0 8 10.4  84    0   38 372 -426  2
4013500 2675500  8 28 18  15.6  969 253  2.6 8 10.6  90    0   21 372 -424  2
4013500 2675500  8 28 19  14.6  970 235  4.6 8 10.4  92    0   10 368 -422  2
4013500 2675500  8 28 20  13.7  970 237  3.3 8  9.8  93    0    2 362 -416  2
4013500 2675500  8 28 21  13.5  971 224  2.3 7  9.5  93    0    0 354 -409  2
4013500 2675500  8 28 22  13.7  972 210  2.5 8  9.5  93    0    0 353 -405  2
4013500 2675500  8 28 23  13.8  972 181  2.1 8  9.5  92    0    0 356 -403  2
4013500 2675500  8 28 24  13.5  973 180  2.3 8  9.5  93    0    0 355 -403  2
4013500 2675500  8 29  1  13.7  973 202  2.4 7  9.4  92    0    0 351 -403  2
4013500 2675500  8 29  2  13.4  973 212  3.2 6  9.3  92    0    0 344 -401  2
4013500 2675500  8 29  3  13.4  973 227  4.3 7  9.3  92    0    0 344 -397  2
4013500 2675500  8 29  4  12.9  974 229  3.4 7  9.2  93    0    0 349 -394  2
4013500 2675500  8 29  5  13.0  973 241  2.9 7  9.1  94    0    0 347 -392  2
4013500 2675500  8 29  6  12.9  974 234  2.0 7  9.0  93    0    1 346 -388  2
4013500 2675500  8 29  7  13.1  974 234  2.4 7  9.0  92    0   11 346 -387  2
4013500 2675500  8 29  8  13.7  974 220  2.7 8  9.0  90    0   34 352 -391  2
4013500 2675500  8 29  9  14.3  975 238  2.3 7  9.2  88   28  175 355 -400  2
4013500 2675500  8 29 10  14.7  975 246  2.7 7  9.1  84    0  148 351 -409  2
4013500 2675500  8 29 11  14.8  976 243  2.4 8  9.0  82    0  100 357 -420  2
4013500 2675500  8 29 12  15.9  976 260  2.8 8  9.1  80    5  227 364 -430  2
4013500 2675500  8 29 13  16.3  976 255  2.6 6  9.1  76   99  303 357 -438  2
4013500 2675500  8 29 14  15.6  976 254  3.4 8  9.2  78    0  164 357 -442  2
4013500 2675500  8 29 15  16.3  976 245  3.2 6  9.1  77   13  216 357 -439  2
4013500 2675500  8 29 16  15.2  977 251  5.1 7  8.8  75    0  131 351 -431  2
4013500 2675500  8 29 17  16.2  977 252  3.5 7  8.5  73   12  143 354 -418  2
4013500 2675500  8 29 18  16.7  978 246  2.5 5  8.1  67   35  101 347 -411  2
4013500 2675500  8 29 19  15.9  978 251  2.6 4  8.1  67   23   37 333 -409  2
4013500 2675500  8 29 20  15.0  979 268  2.8 3  8.0  70    0    0 321 -406  2
4013500 2675500  8 29 21  13.9  980 278  3.1 3  7.7  72    0    0 314 -404  2
4013500 2675500  8 29 22  13.4  980 235  1.4 5  7.6  76    0    0 319 -400  2
4013500 2675500  8 29 23  12.6  981 252  2.3 5  7.6  79    0    0 325 -398  2
4013500 2675500  8 29 24  12.1  981 257  3.1 1  7.5  81    0    0 306 -398  2
4013500 2675500  8 30  1  11.7  981 256  4.5 1  7.3  81    0    0 286 -400  2
4013500 2675500  8 30  2  11.0  981 251  3.8 1  7.2  83    0    0 283 -399  2
4013500 2675500  8 30  3  11.6  981 245  1.5 1  7.2  83    0    0 281 -396  2
4013500 2675500  8 30  4   9.5  981 239  1.6 0  7.2  87    0    0 276 -395  2
4013500 2675500  8 30  5   8.9  982 240  0.7 1  7.0  94    0    0 273 -394  2
4013500 2675500  8 30  6   8.7  982 233  1.3 2  7.0  95    0    5 281 -392  2
4013500 2675500  8 30  7   9.0  982 228  2.5 1  6.9  94   47   54 280 -391  2
4013500 2675500  8 30  8  10.9  982 212  2.1 0  7.2  91  182   80 272 -392  2
4013500 2675500  8 30  9  13.9  982 207  3.0 0  7.9  85  302  106 275 -398  2
4013500 2675500  8 30 10  16.6  982 213  3.1 1  8.3  74  451  100 290 -409  2
4013500 2675500  8 30 11  18.4  982 221  3.2 2  8.4  65  545  109 309 -422  2
4013500 2675500  8 30 12  19.3  981 218  3.7 3  8.4  60  397  233 325 -433  2
4013500 2675500  8 30 13  19.1  981 238  3.6 4  8.4  59  300  289 337 -442  2
4013500 2675500  8 30 14  20.6  981 220  3.6 4  8.5  57  263  287 346 -448  2
4013500 2675500  8 30 15  20.9  981 213  3.4 3  8.4  53  237  256 345 -451  2
4013500 2675500  8 30 16  20.4  981 241  3.0 3  8.3  53  159  221 342 -450  2
4013500 2675500  8 30 17  19.9  981 268  1.4 4  8.4  55  133  159 344 -445  2
4013500 2675500  8 30 18  19.4  981 231  4.6 6  8.7  59   26  106 357 -438  2
4013500 2675500  8 30 19  17.9  980 237  4.0 7  9.0  65    1   30 368 -428  2
4013500 2675500  8 30 20  16.6  981 214  3.0 7  9.2  72    0    1 367 -418  2
4013500 2675500  8 30 21  16.4  981 213  2.6 5  9.4  77    0    0 356 -413  2
4013500 2675500  8 30 22  15.9  982 211  2.8 7  9.7  81    0    0 357 -411  2
4013500 2675500  8 30 23  15.8  982 213  2.8 7  9.9  85    0    0 366 -411  2
4013500 2675500  8 30 24  15.9  982 205  2.2 8 10.2  88    0    0 371 -409  2
4013500 2675500  8 31  1  15.9  982 213  2.0 7 10.4  89    0    0 371 -408  2
4013500 2675500  8 31  2  15.8  982 220  1.7 8 10.4  90    0    0 371 -407  2
4013500 2675500  8 31  3  15.8  982 212  1.4 7 10.5  90    0    0 371 -406  2
4013500 2675500  8 31  4  15.7  982 172  1.1 5 10.6  91    0    0 357 -407  2
4013500 2675500  8 31  5  15.5  983 222  1.6 5 10.7  93    0    0 347 -407  2
4013500 2675500  8 31  6  15.8  983 233  1.2 7 10.8  94    0    3 356 -407  2
4013500 2675500  8 31  7  15.8  983 236  1.3 6 10.9  94    2   45 359 -408  2
4013500 2675500  8 31  8  16.7  984 236  1.6 7 11.0  92   33  127 360 -411  2
4013500 2675500  8 31  9  18.1  984 225  1.5 6 11.0  85  154  188 363 -420  2
4013500 2675500  8 31 10  19.3  984 199  1.9 5 10.7  77  173  255 357 -436  2
4013500 2675500  8 31 11  20.3  984 272  1.8 5 10.4  70  232  293 357 -456  2
4013500 2675500  8 31 12  21.6  985 252  1.5 4 10.1  63  353  281 357 -472  2
4013500 2675500  8 31 13  22.8  984 257  1.2 3  9.6  55  437  252 352 -482  2
4013500 2675500  8 31 14  23.7  984 119  2.7 3  9.3  50  447  228 352 -490  2
4013500 2675500  8 31 15  24.6  984 184  2.2 2  8.8  45  330  242 351 -487  2
4013500 2675500  8 31 16  25.2  983 148  2.3 2  8.3  41  257  206 350 -479  2
4013500 2675500  8 31 17  25.3  983 204  1.9 2  8.2  39  216  140 351 -474  2
4013500 2675500  8 31 18  24.6  983 158  1.4 1  8.1  40  104   98 348 -467  2
4013500 2675500  8 31 19  22.7  983 175  0.9 1  8.4  45   14   42 342 -457  2
4013500 2675500  8 31 20  20.5  983 114  0.8 1  8.4  51    0    1 336 -448  2
4013500 2675500  8 31 21  17.9  983 179  1.1 0  8.5  59    0    0 325 -444  2
4013500 2675500  8 31 22  16.0  983 131  0.8 1  8.8  71    0    0 319 -441  2
4013500 2675500  8 31 23  15.5  983  60  1.5 0  9.0  78    0    0 314 -437  2
4013500 2675500  8 31 24  15.2  984  46  1.0 0  9.2  82    0    0 309 -434  2
4013500 2675500  9  1  1  14.1  984 118  0.6 2  8.9  86    0    0 319 -431  2
4013500 2675500  9  1  2  14.0  984 113  0.8 2  8.9  86    0    0 318 -430  2
4013500 2675500  9  1  3  13.7  984 138  0.0 2  8.9  87    0    0 316 -428  2
4013500 2675500  9  1  4  12.1  984 136  2.5 2  8.9  93    0    0 313 -428  2
4013500 2675500  9  1  5  11.6  983 164  2.1 4  8.7  97    0    0 317 -427  2
4013500 2675500  9  1  6  11.8  983 164  2.3 5  8.6  97    0    0 328 -425  2
4013500 2675500  9  1  7  11.9  983 171  3.0 6  8.7  97   38   43 336 -422  2
4013500 2675500  9  1  8  15.5  984 149  2.4 2  9.1  90  150   89 327 -424  2
4013500 2675500  9  1  9  17.4  984 140  2.1 2  9.9  82  281  115 319 -431  2
4013500 2675500  9  1 10  20.5  984 157  2.0 4 10.5  74  430  125 339 -444  2
4013500 2675500  9  1 11  23.4  985 176  2.8 4 11.0  65  528  133 360 -458  2
4013500 2675500  9  1 12  25.4  984 176  2.6 4 11.2  57  608  126 370 -469  2
4013500 2675500  9  1 13  26.5  983 159  2.6 3 10.9  50  638  115 373 -470  2
4013500 2675500  9  1 14  27.7  983 180  2.5 3 10.5  45  604  115 376 -462  2
4013500 2675500  9  1 15  28.5  983 184  1.9 1 10.4  42  525  113 373 -456  2
4013500 2675500  9  1 16  29.1  983 141  2.3 1 10.2  40  410  106 369 -454  2
4013500 2675500  9  1 17  28.3  983 131  2.7 2 10.2  40  269   94 371 -455  2
4013500 2675500  9  1 18  27.3  982 130  3.3 2  9.9  41  129   72 368 -453  2
4013500 2675500  9  1 19  25.0  981 177  2.4 3  9.9  45   25   28 364 -447  2
4013500 2675500  9  1 20  23.0  982 139  0.8 4 10.2  53    0    0 363 -441  2
4013500 2675500  9  1 21  20.4  982  98  0.4 4 10.5  63    0    0 360 -437  2
4013500 2675500  9  1 22  19.4  982 285  0.0 1 10.5  70    0    0 342 -432  2
4013500 2675500  9  1 23  18.0  981 256  1.7 1 10.5  75    0    0 326 -426  2
4013500 2675500  9  1 24  16.9  982  58  2.0 1 10.7  82    0    0 318 -424  2
4013500 2675500  9  2  1  16.8  982 171  0.4 3 10.7  86    0    0 323 -424  2
4013500 2675500  9  2  2  16.9  982 200  0.5 6 10.6  85    0    0 344 -424  2
4013500 2675500  9  2  3  16.4  982 125  0.1 6 10.6  86    0    0 358 -424  2
4013500 2675500  9  2  4  15.6  981 151  0.4 6 10.6  90    0    0 356 -424  2
4013500 2675500  9  2  5  15.7  981 147  1.2 6 10.5  91    0    0 354 -422  2
4013500 2675500  9  2  6  15.7  981 153  0.9 7 10.4  90    0    0 359 -419  2
4013500 2675500  9  2  7  15.9  981 136  0.9 7 10.4  89    0   21 365 -416  2
4013500 2675500  9  2  8  16.6  982 155  0.5 7 10.6  88    1   82 365 -410  2
4013500 2675500  9  2  9  19.2  982 170  1.0 6 10.9  82   33  216 366 -405  2
4013500 2675500  9  2 10  20.9  983 248  2.6 5 11.1  73   69  307 365 -403  2
4013500 2675500  9  2 11  22.2  983 268  2.5 7 11.2  67   18  285 377 -403  2
4013500 2675500  9  2 12  22.4  983 314  2.5 8 11.5  66    7  265 397 -404  2
4013500 2675500  9  2 13  22.0  984 319  2.4 7 11.6  67   14  294 397 -407  2
4013500 2675500  9  2 14  22.4  984 341  2.8 6 11.6  67   40  340 387 -413  2
4013500 2675500  9  2 15  22.0  984 343  2.7 7 11.5  67   12  250 387 -418  2
4013500 2675500  9  2 16  20.8  984 328  3.7 7 11.5  70    1  148 389 -427  2
4013500 2675500  9  2 17  18.5  983 332  3.7 7 11.5  77    3  132 383 -432  2
4013500 2675500  9  2 18  17.7  984 344  4.2 8 11.2  83    0   53 381 -428  2
4013500 2675500  9  2 19  17.0  985 328  3.6 8 11.0  86    0   18 383 -422  2
4013500 2675500  9  2 20  16.6  985 349  3.3 8 10.9  88    0    0 380 -416  2
4013500 2675500  9  2 21  16.3  985 346  2.8 8 10.8  90    0    0 378 -411  2
4013500 2675500  9  2 22  16.2  986 356  2.6 8 10.7  90    0    0 378 -405  2
4013500 2675500  9  2 23  15.6  986 356  3.3 8 10.7  92    0    0 376 -399  2
4013500 2675500  9  2 24  15.3  986  53  2.9 8 10.7  95    0    0 372 -393  2
4013500 2675500  9  3  1  15.7  986  75  2.9 8 10.7  94    0    0 369 -388  2
4013500 2675500  9  3  2  15.8  986 354  2.7 8 10.7  93    0    0 367 -382  2
4013500 2675500  9  3  3  15.6  986 350  2.3 7 10.7  93    0    0 361 -378  2
4013500 2675500  9  3  4  15.6  986  30  1.9 8 10.7  94    0    0 360 -376  2
4013500 2675500  9  3  5  15.5  986 303  1.8 8 10.6  93    0    0 362 -373  2
4013500 2675500  9  3  6  15.6  986 322  1.7 8 10.5  93    0    0 361 -370  2
4013500 2675500  9  3  7  15.4  986 290  2.1 8 10.6  93    0    7 359 -370  2
4013500 2675500  9  3  8  15.7  986 254  1.6 8 10.7  94    0   27 356 -378  2
4013500 2675500  9  3  9  15.5  987 329  2.1 7 10.8  95    0   56 351 -394  2
4013500 2675500  9  3 10  16.0  987  13  2.4 8 10.8  94    0   91 349 -415  2
4013500 2675500  9  3 11  16.5  987  20  1.9 7 11.0  93    1  200 350 -434  2
4013500 2675500  9  3 12  17.1  986 349  2.1 7 11.2  91    5  255 348 -449  2
4013500 2675500  9  3 13  17.8  986 358  1.8 6 11.1  86   32  340 346 -463  2
4013500 2675500  9  3 14  19.3  986  10  2.2 6 11.1  81   33  331 347 -470  2
4013500 2675500  9  3 15  20.1  985  13  2.6 7 11.3  76   34  304 354 -469  2
4013500 2675500  9  3 16  19.9  985  11  2.1 7 11.5  76   59  280 358 -465  2
4013500 2675500  9  3 17  19.8  984  13  2.8 6 11.6  77   50  201 354 -456  2
4013500 2675500  9  3 18  19.9  985 344  2.5 6 11.5  77   27  110 348 -444  2
4013500 2675500  9  3 19  18.9  985 358  2.2 7 11.4  78    3   25 349 -430  2
4013500 2675500  9  3 20  18.0  985 266  1.5 7 11.3  82    0    0 349 -416  2
4013500 2675500  9  3 21  17.9  985 288  1.7 7 11.3  85    0    0 347 -406  2
4013500 2675500  9  3 22  17.2  986 281  1.1 7 11.3  87    0    0 346 -400  2
4013500 2675500  9  3 23  17.0  986 340  0.4 8 11.3  89    0    0 348 -395  2
4013500 2675500  9  3 24  17.0  986 335  0.8 7 11.2  90    0    0 348 -392  2
4013500 2675500  9  4  1  16.5  985  18  0.2 5 11.2  91    0    0 337 -389  2
4013500 2675500  9  4  2  16.1  985   5  0.5 4 11.1  93    0    0 323 -386  2
4013500 2675500  9  4  3  15.7  985   5  0.2 3 11.0  95    0    0 315 -384  2
4013500 2675500  9  4  4  15.6  985   6  0.6 2 10.9  95    0    0 310 -383  2
4013500 2675500  9  4  5  15.5  985 341  1.0 7 10.9  95    0    0 323 -382  2
4013500 2675500  9  4  6  15.6  985 332  1.4 7 10.8  95    0    0 339 -382  2
4013500 2675500  9  4  7  15.0  985 328  0.9 7 10.8  96    0   26 338 -384  2
4013500 2675500  9  4  8  15.9  985  37  1.1 7 11.0  97   17  119 337 -390  2
4013500 2675500  9  4  9  17.4  985 185  1.1 5 11.2  92  136  210 336 -402  2
4013500 2675500  9  4 10  19.0  985   4  1.3 5 11.3  84  206  274 336 -417  2
4013500 2675500  9  4 11  20.5  985   5  1.8 6 11.3  76  208  336 345 -434  2
4013500 2675500  9  4 12  21.4  986 220  1.7 6 10.8  67   73  354 352 -449  2
4013500 2675500  9  4 13  22.0  985 240  1.8 6 10.4  62   37  319 356 -461  2
4013500 2675500  9  4 14  22.6  985 256  1.6 4 10.3  59  171  368 355 -468  2
4013500 2675500  9  4 15  23.2  985 238  2.4 7 10.3  57   44  290 361 -470  2
4013500 2675500  9  4 16  22.9  985 247  2.2 7 10.4  57   28  227 368 -467  2
4013500 2675500  9  4 17  22.8  984 225  0.9 8 10.5  58    7  146 371 -462  2
4013500 2675500  9  4 18  22.6  984 281  1.2 8 10.5  59    2   72 373 -454  2
4013500 2675500  9  4 19  21.5  984 281  0.7 7 10.5  61    0    7 369 -442  2
4013500 2675500  9  4 20  20.0  985 348  0.4 6 10.7  68    0    0 359 -430  2
4013500 2675500  9  4 21  18.2  984  30  0.3 5 10.8  76    0    0 348 -421  2
4013500 2675500  9  4 22  17.6  985 280  0.3 5 10.8  82    0    0 341 -416  2
4013500 2675500  9  4 23  17.1  985  46  0.3 5 10.7  84    0    0 340 -414  2
4013500 2675500  9  4 24  15.1  985 278  0.5 4 10.7  91    0    0 333 -411  2
4013500 2675500  9  5  1  15.1  985 360  0.7 5 10.6  96    0    0 330 -407  2
4013500 2675500  9  5  2  15.1  985 309  0.5 7 10.5  95    0    0 335 -405  2
4013500 2675500  9  5  3  14.7  985 353  0.6 7 10.5  96    0    0 338 -402  2
4013500 2675500  9  5  4  14.4  985 268  0.9 6 10.5  98    0    0 334 -397  2
4013500 2675500  9  5  5  14.2  985 281  0.6 6 10.4  99    0    0 330 -393  2
4013500 2675500  9  5  6  14.0  985 227  0.7 5 10.3 100    0    0 325 -390  2
4013500 2675500  9  5  7  13.9  985 320  0.6 6 10.3 100    6   39 324 -389  2
4013500 2675500  9  5  8  15.2  985 184  0.6 5 10.5  98   82  110 324 -394  2
4013500 2675500  9  5  9  16.9  985 193  0.9 5 11.1  94  128  185 326 -408  2
4013500 2675500  9  5 10  19.8  984 174  1.4 5 11.7  86  212  234 335 -426  2
4013500 2675500  9  5 11  21.6  985 236  1.0 6 11.8  74  220  291 346 -444  2
4013500 2675500  9  5 12  22.9  985 243  1.3 6 11.3  65  185  336 355 -459  2
4013500 2675500  9  5 13  23.4  985 234  2.0 6 10.9  60  146  344 359 -471  2
4013500 2675500  9  5 14  23.8  984 249  1.9 6 10.7  57  116  325 361 -477  2
4013500 2675500  9  5 15  24.2  984 133  1.6 6 10.5  54  100  291 363 -477  2
4013500 2675500  9  5 16  23.7  984 207  2.0 6 10.3  54   38  220 362 -473  2
4013500 2675500  9  5 17  23.0  984 214  2.1 8 10.4  56    9  140 367 -464  2
4013500 2675500  9  5 18  22.7  983 210  2.1 7 10.6  59    2   73 369 -453  2
4013500 2675500  9  5 19  21.9  983 231  1.4 7 10.9  62    4   22 366 -442  2
4013500 2675500  9  5 20  20.6  983 129  0.8 7 10.9  67    0    0 364 -433  2
4013500 2675500  9  5 21  19.7  984  30  1.3 7 10.9  71    0    0 363 -426  2
4013500 2675500  9  5 22  18.7  983   2  0.8 6 11.0  77    0    0 358 -421  2
4013500 2675500  9  5 23  17.8  983 137  0.8 5 11.1  82    0    0 349 -418  2
4013500 2675500  9  5 24  17.3  983 236  0.8 5 11.1  86    0    0 344 -415  2
4013500 2675500  9  6  1  17.3  983 210  0.7 7 11.2  88    0    0 351 -414  2
4013500 2675500  9  6  2  16.6  983 260  0.8 7 11.2  89    0    0 358 -412  2
4013500 2675500  9  6  3  16.3  983 300  1.1 8 11.2  92    0    0 359 -412  2
4013500 2675500  9  6  4  15.9  983 316  1.0 7 11.4  96    0    0 358 -411  2
4013500 2675500  9  6  5  15.9  983 350  0.7 8 11.3  96    0    0 358 -408  2
4013500 2675500  9  6  6  15.3  983 288  0.7 7 10.9  95    0    0 357 -406  2
4013500 2675500  9  6  7  15.8  984 314  1.0 8 10.9  95    0    6 356 -405  2
4013500 2675500  9  6  8  15.6  984 336  1.7 8 10.8  94    0   33 360 -405  2
4013500 2675500  9  6  9  15.5  985 299  1.9 8 10.4  91    0  104 359 -407  2
4013500 2675500  9  6 10  16.4  986 304  2.7 8 10.0  85    0  129 361 -414  2
4013500 2675500  9  6 11  16.7  986 297  2.6 8  9.8  81    0  167 364 -426  2
4013500 2675500  9  6 12  17.0  986 303  3.0 7  9.4  76   40  260 362 -438  2
4013500 2675500  9  6 13  18.4  986 249  2.5 5  8.8  68  272  220 353 -449  2
4013500 2675500  9  6 14  19.1  986 256  2.9 5  8.4  60  232  221 348 -456  2
4013500 2675500  9  6 15  19.6  986 285  2.9 4  7.9  55  264  170 344 -454  2
4013500 2675500  9  6 16  19.7  986 268  2.8 5  7.5  51  167  159 344 -447  2
4013500 2675500  9  6 17  18.9  986 266  3.5 8  7.2  50   25  136 355 -440  2
4013500 2675500  9  6 18  18.6  986 278  2.6 7  7.0  50    3   69 360 -431  2
4013500 2675500  9  6 19  17.4  986 261  1.8 5  7.0  53    0   15 347 -419  2
4013500 2675500  9  6 20  15.2  986 262  1.4 4  7.1  62    0    0 329 -408  2
4013500 2675500  9  6 21  13.5  987 222  1.1 3  7.1  68    0    0 314 -399  2
4013500 2675500  9  6 22  12.2  986 218  0.9 2  7.1  75    0    0 301 -392  2
4013500 2675500  9  6 23  11.8  987 172  1.0 2  7.1  78    0    0 294 -389  2
4013500 2675500  9  6 24  12.0  987 140  0.9 1  7.3  79    0    0 288 -387  2
4013500 2675500  9  7  1  12.2  992  88  0.8 0  7.5  80    0    0 297 -399  2
4013500 2675500  9  7  2  12.6  992  74  0.7 0  7.7  81    0    0 289 -395  2
4013500 2675500  9  7  3  12.5  992  46  0.5 0  7.8  82    0    0 284 -391  2
4013500 2675500  9  7  4  12.0  992  97  0.4 0  7.7  85    0    0 284 -388  2
4013500 2675500  9  7  5  11.7  992 168  0.4 0  7.7  85    0    0 284 -385  2
4013500 2675500  9  7  6  11.3  992 322  0.2 1  7.6  89    0    0 285 -380  2
4013500 2675500  9  7  7  11.1  992 346  0.0 1  7.8  92   40   38 290 -376  2
4013500 2675500  9  7  8  14.5  991 321  0.0 0  8.4  88  158   76 289 -381  2
4013500 2675500  9  7  9  17.3  992  35  0.2 0  9.0  78  306   91 294 -394  2
4013500 2675500  9  7 10  20.1  992 107  1.9 0  9.5  69  434  102 305 -411  2
4013500 2675500  9  7 11  21.9  991  78  3.5 0  9.5  60  525  113 313 -426  2
4013500 2675500  9  7 12  23.5  991  84  5.1 0  8.7  49  599  111 319 -436  2
4013500 2675500  9  7 13  24.5  992  94  4.5 0  8.2  43  625  106 325 -442  2
4013500 2675500  9  7 14  24.7  991  54  3.5 0  8.6  44  571  114 330 -448  2
4013500 2675500  9  7 15  25.0  991  57  4.4 0  8.7  44  505  105 333 -452  2
4013500 2675500  9  7 16  25.1  990  59  5.3 0  8.6  42  390   99 334 -451  2
4013500 2675500  9  7 17  24.7  990  50  5.8 0  8.7  43  242   90 335 -447  2
4013500 2675500  9  7 18  23.7  990  44  4.7 0  8.6  44  102   64 332 -440  2
4013500 2675500  9  7 19  21.0  990  48  3.9 0  8.7  50   10   16 327 -432  2
4013500 2675500  9  7 20  19.0  990  53  4.3 0  8.8  59    0    0 319 -425  2
4013500 2675500  9  7 21  17.6  991  42  3.7 0  8.8  65    0    0 313 -419  2
4013500 2675500  9  7 22  16.9  991  38  3.2 0  8.7  69    0    0 309 -415  2
4013500 2675500  9  7 23  16.5  992  37  4.1 0  8.6  71    0    0 307 -410  2
4013500 2675500  9  7 24  15.8  992  33  4.2 0  8.6  73    0    0 305 -407  2
4013500 2675500  9  8  1  15.8  992  37  4.9 0  8.6  75    0    0 303 -404  2
4013500 2675500  9  8  2  15.7  992  40  5.6 0  8.8  77    0    0 302 -401  2
4013500 2675500  9  8  3  14.5  993  58  5.7 0  8.8  80    0    0 300 -399  2
4013500 2675500  9  8  4  13.4  992  50  3.5 0  8.5  84    0    0 295 -396  2
4013500 2675500  9  8  5  12.5  992  35  2.5 1  8.2  86    0    0 295 -392  2
4013500 2675500  9  8  6  12.6  992  29  1.9 2  8.2  88    0    0 301 -389  2
4013500 2675500  9  8  7  14.0  993  55  2.4 3  8.6  88   31   39 311 -388  2
4013500 2675500  9  8  8  16.4  994  50  3.2 2  9.2  83  137   85 317 -391  2
4013500 2675500  9  8  9  18.1  994  41  3.7 3  9.5  76  235  127 324 -399  2
4013500 2675500  9  8 10  20.1  994  44  3.4 4 10.0  71  318  168 344 -410  2
4013500 2675500  9  8 11  21.9  994  63  6.1 3 10.0  63  411  184 352 -423  2
4013500 2675500  9  8 12  23.2  994  62  6.1 3  9.6  55  512  167 354 -434  2
4013500 2675500  9  8 13  23.9  994  63  4.7 2  9.3  50  541  160 349 -442  2
4013500 2675500  9  8 14  24.7  995  53  4.9 2  9.0  46  512  154 343 -448  2
4013500 2675500  9  8 15  24.5  994  55  4.8 2  8.7  44  431  150 342 -450  2
4013500 2675500  9  8 16  24.5  994  56  3.7 2  8.8  45  326  133 342 -447  2
4013500 2675500  9  8 17  24.0  994  41  4.4 1  8.9  46  212  103 337 -442  2
4013500 2675500  9  8 18  22.8  993  44  3.6 2  9.0  49   86   68 334 -433  2
4013500 2675500  9  8 19  20.6  993  45  3.2 3  9.2  55    8   15 336 -423  2
4013500 2675500  9  8 20  18.6  993  28  2.4 2  9.2  63    0    0 328 -414  2
4013500 2675500  9  8 21  17.2  994  12  2.0 3  9.3  71    0    0 321 -405  2
4013500 2675500  9  8 22  16.4  995  36  2.2 1  9.3  76    0    0 312 -399  2
4013500 2675500  9  8 23  16.1  995  32  1.8 1  9.3  79    0    0 303 -393  2
4013500 2675500  9  8 24  14.8  995  12  1.3 1  9.3  83    0    0 300 -388  2
4013500 2675500  9  9  1  13.1  995  31  1.7 0  9.0  88    0    0 291 -383  2
4013500 2675500  9  9  2  13.4  995  25  1.5 1  8.7  89    0    0 287 -378  2
4013500 2675500  9  9  3  12.5  995  10  1.8 2  8.6  90    0    0 292 -373  2
4013500 2675500  9  9  4  12.6  995 355  1.6 4  8.4  91    0    0 299 -370  2
4013500 2675500  9  9  5  11.5  995   8  1.7 4  8.3  93    0    0 305 -367  2
4013500 2675500  9  9  6  10.5  995 358  1.4 4  8.1  96    0    0 303 -365  2
4013500 2675500  9  9  7  11.8  996 360  1.1 5  8.1  96   15   36 309 -364  2
4013500 2675500  9  9  8  13.9  996 349  1.0 5  8.7  92   86   97 317 -369  2
4013500 2675500  9  9  9  15.7  996 350  2.1 6  8.8  82  227  124 325 -380  2
4013500 2675500  9  9 10  17.0  996   3  2.6 6  8.2  70  374  129 333 -395  2
4013500 2675500  9  9 11  18.7  996   2  2.6 5  7.8  60  473  138 334 -409  2
4013500 2675500  9  9 12  19.9  996  29  3.4 4  7.4  52  557  129 331 -420  2
4013500 2675500  9  9 13  20.6  996  27  4.0 2  6.9  46  581  124 321 -428  2
4013500 2675500  9  9 14  21.0  996  39  3.8 1  6.6  42  552  120 312 -432  2
4013500 2675500  9  9 15  21.2  995  24  5.0 1  6.1  39  476  113 310 -433  2
4013500 2675500  9  9 16  21.1  995  22  5.0 1  5.9  37  365  103 310 -430  2
4013500 2675500  9  9 17  20.7  995  40  5.0 1  6.2  39  213   96 310 -422  2
4013500 2675500  9  9 18  19.5  995   7  3.2 1  6.3  42   76   65 307 -414  2
4013500 2675500  9  9 19  17.0  995  38  3.2 1  6.3  47    8   15 300 -404  2
4013500 2675500  9  9 20  15.3  995  38  2.1 1  6.3  54    0    0 292 -396  2
4013500 2675500  9  9 21  14.0  995  34  1.2 0  6.2  59    0    0 286 -389  2
4013500 2675500  9  9 22  12.8  996  32  1.9 0  6.2  64    0    0 280 -384  2
4013500 2675500  9  9 23  12.1  997  52  1.4 0  6.2  68    0    0 276 -380  2
4013500 2675500  9  9 24  11.1  997  59  0.9 0  6.1  71    0    0 273 -376  2
4013500 2675500  9 10  1  10.0  997  59  0.9 0  6.1  76    0    0 270 -371  2
4013500 2675500  9 10  2  10.5  997  51  1.3 0  6.2  78    0    0 269 -367  2
4013500 2675500  9 10  3   8.7  997  50  1.1 0  6.1  81    0    0 267 -364  2
4013500 2675500  9 10  4   9.3  997 341  1.7 1  6.0  83    0    0 268 -360  2
4013500 2675500  9 10  5   7.3  996 200  1.2 1  6.0  87    0    0 269 -355  2
4013500 2675500  9 10  6   8.3  996 284  0.7 1  5.9  88    0    0 267 -353  2
4013500 2675500  9 10  7   8.3  996 232  0.7 1  6.1  88   39   33 269 -353  2
4013500 2675500  9 10  8  10.9  997 217  0.9 0  6.5  85  161   63 268 -359  2
4013500 2675500  9 10  9  13.7  997 162  1.9 0  6.7  74  319   66 273 -373  2
4013500 2675500  9 10 10  15.7  997 157  2.3 1  6.8  64  445   74 283 -392  2
4013500 2675500  9 10 11  17.5  997 101  3.0 1  6.5  55  543   79 293 -411  2
4013500 2675500  9 10 12  18.6  997  69  3.6 1  6.1  46  613   76 299 -427  2
4013500 2675500  9 10 13  19.3  996  77  3.3 1  5.6  40  605   88 301 -438  2
4013500 2675500  9 10 14  20.2  996 119  3.4 1  5.0  34  590   75 303 -444  2
4013500 2675500  9 10 15  20.6  995 103  4.4 1  4.6  31  513   75 304 -445  2
4013500 2675500  9 10 16  20.9  994 123  3.8 1  4.5  29  389   76 304 -440  2
4013500 2675500  9 10 17  19.8  994  82  4.2 2  4.5  29  240   70 306 -432  2
4013500 2675500  9 10 18  18.4  993  78  4.2 4  4.6  33  100   53 312 -421  2
4013500 2675500  9 10 19  16.6  993  95  2.2 3  4.6  36   10   13 310 -409  2
4013500 2675500  9 10 20  14.9  993 128  3.3 3  4.5  40    0    0 299 -397  2
4013500 2675500  9 10 21  13.5  993 130  1.5 2  4.5  44    0    0 289 -386  2
4013500 2675500  9 10 22  12.6  993 154  1.4 1  4.6  48    0    0 279 -380  2
4013500 2675500  9 10 23   9.8  993 126  1.6 1  4.8  56    0    0 270 -378  2
4013500 2675500  9 10 24  10.1  992 126  2.2 0  4.8  62    0    0 263 -377  2
4013500 2675500  9 11  1   9.2  992 133  1.7 0  4.9  64    0    0 259 -375  2
4013500 2675500  9 11  2   8.3  992 133  1.4 0  4.8  68    0    0 256 -373  2
4013500 2675500  9 11  3   7.4  992 131  1.5 1  4.8  72    0    0 255 -372  2
4013500 2675500  9 11  4   7.0  991 125  1.8 0  4.8  75    0    0 254 -370  2
4013500 2675500  9 11  5   6.8  990 113  2.2 0  4.8  76    0    0 250 -368  2
4013500 2675500  9 11  6   6.8  990 113  2.8 1  4.8  76    0    0 252 -366  2
4013500 2675500  9 11  7   8.0  991 116  2.9 3  5.0  76   33   34 260 -365  2
4013500 2675500  9 11  8  10.8  991 127  3.6 3  5.3  71  150   67 269 -369  2
4013500 2675500  9 11  9  13.0  990 132  4.6 3  5.6  63  299   78 276 -381  2
4013500 2675500  9 11 10  16.3  990 138  4.7 3  5.7  54  412   94 283 -396  2
4013500 2675500  9 11 11  18.4  989 125  4.3 3  5.5  43  523   93 292 -413  2
4013500 2675500  9 11 12  21.3  989 121  5.0 3  5.3  36  578  100 300 -430  2
4013500 2675500  9 11 13  22.6  987 150  4.8 2  5.2  31  571  115 306 -444  2
4013500 2675500  9 11 14  24.4  987 153  6.2 1  5.2  28  521  125 309 -451  2
4013500 2675500  9 11 15  24.8  986 163  6.5 1  5.1  26  462  109 312 -452  2
4013500 2675500  9 11 16  24.5  985 169  5.1 1  5.4  27  367   90 314 -449  2
4013500 2675500  9 11 17  24.3  984 169  4.5 1  5.8  30  231   77 314 -443  2
4013500 2675500  9 11 18  22.5  984 160  3.9 2  6.0  32   96   54 312 -433  2
4013500 2675500  9 11 19  20.1  984 166  2.7 4  6.0  37    7   14 310 -422  2
4013500 2675500  9 11 20  19.2  983 156  2.6 5  6.1  42    0    0 310 -411  2
4013500 2675500  9 11 21  16.7  984  47  2.8 5  6.4  48    0    0 308 -403  2
4013500 2675500  9 11 22  17.0  984 120  4.1 3  6.5  53    0    0 302 -398  2
4013500 2675500  9 11 23  15.7  984 149  3.1 3  6.6  55    0    0 298 -395  2
4013500 2675500  9 11 24  18.1  984 129  4.5 4  6.5  53    0    0 302 -392  2
4013500 2675500  9 12  1  16.1  983 111  4.2 6  6.5  52    0    0 309 -390  2
4013500 2675500  9 12  2  16.7  983 149  3.8 8  6.7  56    0    0 316 -389  2
4013500 2675500  9 12  3  15.1  983 115  4.1 7  6.7  58    0    0 319 -387  2
4013500 2675500  9 12  4  15.8  982 126  4.4 7  7.0  62    0    0 317 -386  2
4013500 2675500  9 12  5  16.5  982 142  4.6 7  7.5  63    0    0 323 -383  2
4013500 2675500  9 12  6  15.0  982 162  4.4 7  8.3  72    0    0 324 -381  2
4013500 2675500  9 12  7  14.7  983 140  5.2 7  9.2  84    0    8 325 -381  2
4013500 2675500  9 12  8  14.7  983 124  4.9 7  9.8  91    2   71 326 -385  2
4013500 2675500  9 12  9  15.8  983 139  4.1 7 10.2  91   23  157 330 -393  2
4013500 2675500  9 12 10  18.8  983 157  2.2 4 10.8  85  358  126 337 -404  2
4013500 2675500  9 12 11  21.3  984 213  4.1 5 11.4  75  160  264 351 -423  2
4013500 2675500  9 12 12  21.1  983 206  5.0 6 11.8  72    3  202 361 -444  2
4013500 2675500  9 12 13  21.7  983 212  7.2 5 12.0  72    6  222 366 -452  2
4013500 2675500  9 12 14  22.9  983 222  4.2 6 11.5  66   35  246 371 -447  2
4013500 2675500  9 12 15  23.7  982 242  5.6 4 10.9  59  160  241 372 -436  2
4013500 2675500  9 12 16  22.8  982 236  5.9 4 10.5  57  223  164 361 -424  2
4013500 2675500  9 12 17  22.6  982 238  5.1 5 10.3  58  156  111 356 -417  2
4013500 2675500  9 12 18  21.8  982 229  3.9 6 10.1  58   52   63 360 -413  2
4013500 2675500  9 12 19  19.9  982 228  2.7 5  9.9  62    5   12 352 -409  2
4013500 2675500  9 12 20  18.9  981 222  2.4 4  9.8  67    0    0 328 -408  2
4013500 2675500  9 12 21  17.0  981 206  2.0 2  9.6  72    0    0 288 -406  2
4013500 2675500  9 12 22  16.3  981 211  1.9 3  9.5  78    0    0 281 -405  2
4013500 2675500  9 12 23  16.8  981 214  2.5 3  9.6  78    0    0 301 -405  2
4013500 2675500  9 12 24  16.4  981 215  2.5 6  9.7  80    0    0 329 -404  2
4013500 2675500  9 13  1  16.5  980 222  2.8 4  9.9  81    0    0 338 -404  2
4013500 2675500  9 13  2  16.9  979 223  3.7 6 10.2  82    0    0 340 -402  2
4013500 2675500  9 13  3  16.9  979 228  3.3 7 10.6  85    0    0 362 -402  2
4013500 2675500  9 13  4  15.9  978 210  3.3 7 11.0  91    0    0 369 -401  2
4013500 2675500  9 13  5  15.8  978 234  3.7 5 11.3  96    0    0 356 -401  2
4013500 2675500  9 13  6  15.8  978 218  3.2 7 11.0  94    0    0 356 -399  2
4013500 2675500  9 13  7  15.5  978 232  1.9 7 10.6  92    0    5 363 -395  2
4013500 2675500  9 13  8  15.2  979 258  2.7 8 10.4  92    0   39 363 -393  2
4013500 2675500  9 13  9  15.5  979 255  4.9 8  9.7  86    0  116 364 -398  2
4013500 2675500  9 13 10  16.2  980 237  5.2 4  8.7  75  122  238 344 -403  2
4013500 2675500  9 13 11  16.5  980 245  5.2 4  8.2  68  285  247 326 -411  2
4013500 2675500  9 13 12  17.9  980 251  8.8 6  7.6  60  127  293 334 -420  2
4013500 2675500  9 13 13  17.6  980 284  7.3 4  7.0  53  228  311 333 -427  2
4013500 2675500  9 13 14  18.6  980 284  8.7 5  6.5  49  200  298 327 -431  2
4013500 2675500  9 13 15  18.7  980 281  7.2 2  6.0  43  345  197 318 -432  2
4013500 2675500  9 13 16  18.1  980 284  6.2 3  5.8  42  126  208 307 -430  2
4013500 2675500  9 13 17  17.7  981 272  6.2 4  5.8  44   84  140 309 -425  2
4013500 2675500  9 13 18  15.7  981 257  4.4 4  5.9  48   25   67 308 -417  2
4013500 2675500  9 13 19  14.6  981 244  3.9 5  6.2  56    0    8 307 -408  2
4013500 2675500  9 13 20  13.8  982 258  3.1 5  6.4  61    0    0 309 -400  2
4013500 2675500  9 13 21  13.0  983 261  2.7 3  6.7  67    0    0 303 -394  2
4013500 2675500  9 13 22  12.2  983 135  2.3 2  6.8  73    0    0 293 -389  2
4013500 2675500  9 13 23  11.9  982 127  3.1 2  6.8  76    0    0 288 -384  2
4013500 2675500  9 13 24  11.6  982 158  3.1 4  6.7  76    0    0 293 -382  2
4013500 2675500  9 14  1  10.7  982 141  2.9 7  6.8  80    0    0 307 -383  2
4013500 2675500  9 14  2  10.9  981 126  2.4 4  6.8  82    0    0 305 -383  2
4013500 2675500  9 14  3   9.7  981 114  2.9 3  6.8  84    0    0 285 -383  2
4013500 2675500  9 14  4  10.0  981 129  2.2 4  6.9  88    0    0 282 -382  2
4013500 2675500  9 14  5  10.4  980 168  1.6 6  7.0  87    0    0 295 -382  2
4013500 2675500  9 14  6  10.1  980 209  2.4 7  6.9  86    0    0 311 -383  2
4013500 2675500  9 14  7  10.5  980 212  2.5 7  6.9  86    0   17 317 -386  2
4013500 2675500  9 14  8  11.5  980 207  2.8 7  7.0  83    2   73 319 -391  2
4013500 2675500  9 14  9  12.8  981 215  3.4 7  7.1  78   22  152 325 -398  2
4013500 2675500  9 14 10  13.7  980 201  3.8 7  7.3  74   89  219 329 -408  2
4013500 2675500  9 14 11  15.4  980 212  5.2 6  7.5  70  196  241 329 -419  2
4013500 2675500  9 14 12  16.5  979 209  5.2 8  7.6  65  126  266 340 -429  2
4013500 2675500  9 14 13  17.3  978 210  5.6 7  7.8  62   72  279 351 -436  2
4013500 2675500  9 14 14  18.3  978 212  5.3 6  8.0  61  134  266 346 -440  2
4013500 2675500  9 14 15  18.2  977 208  5.1 7  8.1  60   15  193 349 -441  2
4013500 2675500  9 14 16  18.0  976 183  5.9 8  8.3  62   16  156 362 -439  2
4013500 2675500  9 14 17  18.7  976 209  6.0 7  8.4  62   68  125 364 -434  2
4013500 2675500  9 14 18  17.9  976 189  4.3 4  8.4  62   81   49 343 -426  2
4013500 2675500  9 14 19  16.8  975 156  4.1 4  8.4  65    2   10 328 -417  2
4013500 2675500  9 14 20  16.3  975 187  4.7 4  8.4  68    0    0 328 -411  2
4013500 2675500  9 14 21  16.1  975 192  5.0 4  8.4  70    0    0 328 -408  2
4013500 2675500  9 14 22  15.8  976 187  3.9 3  8.5  72    0    0 323 -405  2
4013500 2675500  9 14 23  15.4  975 197  3.6 2  8.5  74    0    0 313 -402  2
4013500 2675500  9 14 24  14.9  975 203  3.3 2  8.6  77    0    0 307 -400  2
4013500 2675500  9 15  1  15.4  975 207  3.2 4  8.8  79    0    0 315 -399  2
4013500 2675500  9 15  2  15.3  975 222  3.9 5  8.9  79    0    0 328 -399  2
4013500 2675500  9 15  3  15.2  975 214  4.3 5  8.8  78    0    0 331 -401  2
4013500 2675500  9 15  4  15.5  975 219  3.9 6  8.7  77    0    0 336 -402  2
4013500 2675500  9 15  5  15.5  975 211  3.8 6  8.8  77    0    0 340 -403  2
4013500 2675500  9 15  6  14.9  975 208  3.1 6  8.9  79    0    0 339 -402  2
4013500 2675500  9 15  7  15.4  975 213  3.6 4  9.1  81   10   22 330 -402  2
4013500 2675500  9 15  8  15.1  976 226  3.1 6  9.3  82   44   75 329 -402  2
4013500 2675500  9 15  9  16.8  976 219  4.5 5  9.3  79   96  128 335 -404  2
4013500 2675500  9 15 10  17.2  976 215  5.8 5  9.3  74  213  139 335 -410  2
4013500 2675500  9 15 11  19.2  976 228  6.5 4  9.3  68  262  165 334 -417  2
4013500 2675500  9 15 12  19.6  977 227  6.0 5  9.1  62   67  238 338 -421  2
4013500 2675500  9 15 13  19.0  976 232  5.4 6  9.1  63   38  243 349 -421  2
4013500 2675500  9 15 14  18.5  976 219  7.4 7  9.5  67    0  153 357 -419  2
4013500 2675500  9 15 15  18.8  976 216  7.1 7  9.5  68    0  142 360 -413  2
4013500 2675500  9 15 16  18.7  976 235  6.2 6  9.2  66  127  143 356 -408  2
4013500 2675500  9 15 17  18.0  976 224  5.0 6  8.8  64  154   66 350 -406  2
4013500 2675500  9 15 18  17.6  975 232  4.6 6  8.7  66   38   46 348 -403  2
4013500 2675500  9 15 19  16.8  975 189  3.1 7  8.6  68    3    9 349 -400  2
4013500 2675500  9 15 20  15.9  975 196  3.7 6  8.4  69    0    0 346 -397  2
4013500 2675500  9 15 21  16.3  976 207  4.1 6  8.2  69    0    0 341 -395  2
4013500 2675500  9 15 22  15.3  976 210  2.5 4  8.1  69    0    0 331 -393  2
4013500 2675500  9 15 23  14.6  977 210  4.2 4  8.0  73    0    0 317 -391  2
4013500 2675500  9 15 24  14.3  977 217  4.0 3  8.0  75    0    0 309 -389  2
4013500 2675500  9 16  1  13.3  977 217  3.5 3  8.1  79    0    0 302 -387  2
4013500 2675500  9 16  2  12.8  978 224  3.3 2  8.1  84    0    0 294 -383  2
4013500 2675500  9 16  3  12.3  978 220  2.3 1  8.0  85    0    0 283 -381  2
4013500 2675500  9 16  4  12.1  978 210  2.3 2  7.8  85    0    0 281 -378  2
4013500 2675500  9 16  5  11.5  979 207  3.1 5  7.7  86    0    0 299 -376  2
4013500 2675500  9 16  6  11.6  979 205  3.4 5  7.6  87    0    0 313 -375  2
4013500 2675500  9 16  7  11.8  979 196  3.1 3  7.6  86    1   20 303 -375  2
4013500 2675500  9 16  8  12.7  979 198  4.5 5  7.8  84   81   86 303 -376  2
4013500 2675500  9 16  9  14.0  980 216  5.4 4  7.9  80  235  112 313 -382  2
4013500 2675500  9 16 10  15.8  980 212  5.7 4  7.9  72  277  170 314 -390  2
4013500 2675500  9 16 11  16.4  980 248  6.4 3  7.7  65  257  242 313 -400  2
4013500 2675500  9 16 12  16.7  981 257  6.6 5  7.7  64  169  277 321 -409  2
4013500 2675500  9 16 13  17.9  981 251  6.3 6  7.8  61   45  287 339 -416  2
4013500 2675500  9 16 14  15.3  980 265  6.6 6  7.8  64   31  256 341 -420  2
4013500 2675500  9 16 15  16.0  981 269  5.2 5  7.6  67   73  243 332 -420  2
4013500 2675500  9 16 16  16.7  981 268  4.6 4  7.1  59  185  179 324 -417  2
4013500 2675500  9 16 17  17.1  981 287  5.4 2  6.4  51  165  107 311 -411  2
4013500 2675500  9 16 18  15.6  982 304  4.3 3  6.1  51   49   62 304 -405  2
4013500 2675500  9 16 19  14.4  982 275  3.4 3  6.4  58    3   11 305 -398  2
4013500 2675500  9 16 20  13.2  984 286  2.9 4  6.5  64    0    0 304 -388  2
4013500 2675500  9 16 21  12.2  984 265  2.6 4  6.6  70    0    0 309 -378  2
4013500 2675500  9 16 22  11.2  985 244  2.2 4  6.7  76    0    0 302 -372  2
4013500 2675500  9 16 23  10.1  986 189  2.0 3  6.6  81    0    0 290 -368  2
4013500 2675500  9 16 24   9.1  986 138  1.6 3  6.6  86    0    0 291 -363  2
4013500 2675500  9 17  1   8.2  977  78  1.4 2  6.5  90    0    0 268 -385  2
4013500 2675500  9 17  2   7.5  977  49  1.4 1  6.3  93    0    0 266 -389  2
4013500 2675500  9 17  3   7.0  977  31  1.5 0  6.2  94    0    0 257 -393  2
4013500 2675500  9 17  4   6.6  977  35  1.6 0  6.1  95    0    0 250 -393  2
4013500 2675500  9 17  5   6.6  977  46  1.5 1  6.0  95    0    0 248 -387  2
4013500 2675500  9 17  6   5.7  977  54  1.8 2  5.9  96    0    0 257 -382  2
4013500 2675500  9 17  7   5.7  977  66  1.3 3  5.8  98    6   26 270 -381  2
4013500 2675500  9 17  8   9.8  977 131  1.8 3  6.2  92   38   93 279 -383  2
4013500 2675500  9 17  9  11.8  977 124  1.7 3  7.0  84  175  138 289 -394  2
4013500 2675500  9 17 10  15.3  977 141  1.7 6  7.6  76  167  216 315 -413  2
4013500 2675500  9 17 11  17.2  976 181  2.3 7  7.9  66  138  277 347 -435  2
4013500 2675500  9 17 12  19.1  975 199  2.5 6  8.0  59  256  275 354 -454  2
4013500 2675500  9 17 13  20.5  976 191  3.8 7  7.7  51  264  280 360 -464  2
4013500 2675500  9 17 14  21.0  975 199  3.5 7  7.5  47  227  276 368 -467  2
4013500 2675500  9 17 15  21.6  974 176  3.3 4  7.5  46  211  235 355 -464  2
4013500 2675500  9 17 16  21.3  974 196  3.1 4  7.5  45  136  192 340 -457  2
4013500 2675500  9 17 17  20.4  974 200  1.6 6  7.7  48   48  129 348 -449  2
4013500 2675500  9 17 18  18.9  974 221  0.0 8  8.0  54   18   59 364 -439  2
4013500 2675500  9 17 19  17.5  975 246  0.0 8  8.2  60    0    8 369 -430  2
4013500 2675500  9 17 20  16.7  974 356  1.0 8  8.2  65    0    0 365 -422  2
4013500 2675500  9 17 21  14.5  974  24  1.4 8  8.3  72    0    0 359 -418  2
4013500 2675500  9 17 22  14.3  975 340  0.7 5  8.3  78    0    0 339 -414  2
4013500 2675500  9 17 23  13.7  975  61  1.1 5  8.3  80    0    0 318 -409  2
4013500 2675500  9 17 24  13.1  975 246  1.2 6  8.4  84    0    0 319 -406  2
4013500 2675500  9 18  1  13.2  975 323  0.9 6  8.5  87    0    0 325 -402  2
4013500 2675500  9 18  2  13.0  975 334  1.0 8  8.6  88    0    0 338 -399  2
4013500 2675500  9 18  3  13.1  975 284  1.2 7  8.7  89    0    0 345 -397  2
4013500 2675500  9 18  4  12.2  976 311  1.1 8  8.7  92    0    0 344 -396  2
4013500 2675500  9 18  5  12.3  976  11  1.1 6  8.7  94    0    0 339 -396  2
4013500 2675500  9 18  6  11.9  976 347  0.6 6  8.6  94    0    0 329 -395  2
4013500 2675500  9 18  7  11.8  976 360  0.6 8  8.6  95    0   21 338 -393  2
4013500 2675500  9 18  8  12.4  976 290  0.5 7  8.8  96    1   71 344 -395  2
4013500 2675500  9 18  9  13.7  977 286  0.9 7  9.1  93    1  118 343 -403  2
4013500 2675500  9 18 10  15.0  977 269  1.3 8  9.2  86    4  174 354 -414  2
4013500 2675500  9 18 11  15.9  976 138  1.1 8  9.2  81   16  244 364 -426  2
4013500 2675500  9 18 12  17.0  976 309  1.1 7  9.0  74   45  311 362 -438  2
4013500 2675500  9 18 13  18.3  976 149  1.7 6  8.6  66  127  364 357 -450  2
4013500 2675500  9 18 14  19.2  976 127  2.1 6  8.3  59  132  347 353 -455  2
4013500 2675500  9 18 15  19.5  976  94  1.8 5  8.1  56   69  285 350 -455  2
4013500 2675500  9 18 16  19.1  975  92  1.7 6  8.0  55   33  208 349 -448  2
4013500 2675500  9 18 17  19.4  975 143  2.4 7  8.0  55    8  116 354 -438  2
4013500 2675500  9 18 18  19.1  975 157  0.8 6  8.1  56    0   38 354 -427  2
4013500 2675500  9 18 19  17.5  975 311  1.5 5  8.4  61    0    0 342 -417  2
4013500 2675500  9 18 20  15.7  974 309  0.7 4  8.5  69    0    0 330 -411  2
4013500 2675500  9 18 21  14.3  974  27  0.4 4  8.5  77    0    0 322 -406  2
4013500 2675500  9 18 22  12.5  975  27  0.2 2  8.7  87    0    0 310 -403  2
4013500 2675500  9 18 23  11.7  974   7  0.3 2  8.6  94    0    0 299 -400  2
4013500 2675500  9 18 24  12.1  974  22  0.2 3  8.4  93    0    0 301 -398  2
4013500 2675500  9 19  1  11.5  973  50  0.5 3  8.3  92    0    0 304 -397  2
4013500 2675500  9 19  2  11.5  973 261  0.9 2  8.2  93    0    0 298 -397  2
4013500 2675500  9 19  3  11.7  973  26  0.9 1  8.2  92    0    0 290 -397  2
4013500 2675500  9 19  4  11.3  972  35  2.3 2  8.1  92    0    0 288 -397  2
4013500 2675500  9 19  5  10.5  972  38  3.4 3  8.0  94    0    0 294 -398  2
4013500 2675500  9 19  6  10.2  972   9  2.6 5  8.0  97    0    0 304 -398  2
4013500 2675500  9 19  7  10.3  972 165  0.7 6  8.1  99    5   22 317 -398  2
4013500 2675500  9 19  8  11.4  972  27  0.4 5  8.4 100   18   84 319 -398  2
4013500 2675500  9 19  9  14.6  971 149  1.9 5  9.2  94   84  157 324 -400  2
4013500 2675500  9 19 10  17.1  970 140  1.9 5  9.9  84  255  171 334 -405  2
4013500 2675500  9 19 11  19.9  971 100  3.8 5 10.5  75  363  179 343 -411  2
4013500 2675500  9 19 12  22.2  970  86  2.5 4 10.8  66  427  184 348 -423  2
4013500 2675500  9 19 13  22.9  969  76  2.8 5 10.9  61  403  203 353 -438  2
4013500 2675500  9 19 14  24.4  968  96  2.5 5 10.9  57  321  221 361 -444  2
4013500 2675500  9 19 15  24.9  969  73  3.9 5 10.4  51   18  201 365 -448  2
4013500 2675500  9 19 16  24.6  968  73  3.9 4 10.1  50   60  186 362 -449  2
4013500 2675500  9 19 17  23.0  967  76  3.5 6 10.2  52   24  117 364 -446  2
4013500 2675500  9 19 18  22.6  967  87  2.1 7 10.2  56    0   35 375 -439  2
4013500 2675500  9 19 19  20.9  967  97  2.1 7 10.3  60    0    4 376 -428  2
4013500 2675500  9 19 20  19.7  967 131  0.5 5 10.3  66    0    0 363 -417  2
4013500 2675500  9 19 21  19.2  967 125  1.2 4 10.2  69    0    0 349 -410  2
4013500 2675500  9 19 22  18.5  967 129  1.6 2 10.0  70    0    0 337 -405  2
4013500 2675500  9 19 23  17.2  967 146  1.3 2 10.1  75    0    0 327 -400  2
4013500 2675500  9 19 24  16.1  966 140  0.5 2 10.1  81    0    0 324 -396  2
4013500 2675500  9 20  1  15.4  966 146  0.5 3 10.1  86    0    0 325 -391  2
4013500 2675500  9 20  2  15.0  965 123  1.5 4 10.2  90    0    0 330 -385  2
4013500 2675500  9 20  3  14.8  965 126  1.4 4 10.1  90    0    0 333 -387  2
4013500 2675500  9 20  4  14.0  963 163  1.3 1  9.8  90    0    0 323 -389  2
4013500 2675500  9 20  5  14.3  963 148  2.0 2  9.7  91    0    0 318 -391  2
4013500 2675500  9 20  6  14.1  963 150  2.7 4  9.6  90    0    0 326 -393  2
4013500 2675500  9 20  7  13.9  962 129  0.0 7  9.4  89    5   23 338 -395  2
4013500 2675500  9 20  8  15.5  963 161  0.5 3  9.5  86   85   84 338 -399  2
4013500 2675500  9 20  9  18.1  963 351  0.2 3  9.9  79  171  135 335 -407  2
4013500 2675500  9 20 10  20.5  962 160  3.3 6  9.9  67  184  204 350 -422  2
4013500 2675500  9 20 11  21.7  962 154  3.2 6  9.4  57  156  268 361 -436  2
4013500 2675500  9 20 12  22.9  962 168  4.2 8  9.1  51    9  224 370 -447  2
4013500 2675500  9 20 13  22.0  962 176  4.4 7  9.2  52   27  252 375 -459  2
4013500 2675500  9 20 14  23.9  963 202  4.1 6  9.1  49   68  268 372 -467  2
4013500 2675500  9 20 15  22.5  964 228  4.6 6  9.0  48   14  197 368 -466  2
4013500 2675500  9 20 16  22.0  964 258  4.2 6  8.9  50   24  169 365 -462  2
4013500 2675500  9 20 17  21.3  964 268  3.0 7  8.7  51    2   90 367 -458  2
4013500 2675500  9 20 18  20.1  965 282  1.9 7  8.4  52    0   26 370 -453  2
4013500 2675500  9 20 19  19.3  965 242  2.6 8  8.1  54    0    1 371 -446  2
4013500 2675500  9 20 20  18.4  966 259  2.3 8  8.0  56    0    0 374 -433  2
4013500 2675500  9 20 21  17.0  967 265  2.9 8  8.2  62    0    0 371 -420  2
4013500 2675500  9 20 22  15.7  967 279  1.6 8  8.7  72    0    0 369 -414  2
4013500 2675500  9 20 23  14.6  967 171  1.8 8  9.3  82    0    0 366 -411  2
4013500 2675500  9 20 24  14.2  967 288  2.6 6  9.6  90    0    0 354 -410  2
4013500 2675500  9 21  1  13.9  968  74  0.5 7  9.8  93    0    0 348 -407  2
4013500 2675500  9 21  2  13.6  968 189  1.2 6  9.8  95    0    0 348 -402  2
4013500 2675500  9 21  3  13.5  968 222  1.2 6  9.8  96    0    0 343 -401  2
4013500 2675500  9 21  4  13.5  969 205  2.5 6  9.7  95    0    0 342 -399  2
4013500 2675500  9 21  5  13.0  969 196  2.1 5  9.4  95    0    0 337 -397  2
4013500 2675500  9 21  6  12.5  969 202  1.9 5  9.2  96    0    0 330 -395  2
4013500 2675500  9 21  7  12.2  969 173  2.1 4  9.0  96   16   25 324 -394  2
4013500 2675500  9 21  8  13.0  970 169  1.5 3  9.1  95  100   64 315 -395  2
4013500 2675500  9 21  9  14.1  970 182  2.5 3  9.6  94  243   77 313 -399  2
4013500 2675500  9 21 10  15.9  970 185  3.4 3  9.7  87  353   94 320 -406  2
4013500 2675500  9 21 11  17.4  971 167  3.9 3  9.4  76  385  135 327 -412  2
4013500 2675500  9 21 12  18.5  971 209  4.0 3  8.9  66  314  209 331 -420  2
4013500 2675500  9 21 13  19.8  971 225  4.5 5  8.3  58   84  267 342 -427  2
4013500 2675500  9 21 14  20.3  971 210  4.0 4  7.8  51  189  245 347 -431  2
4013500 2675500  9 21 15  20.8  971 195  4.6 4  7.4  47   74  217 343 -432  2
4013500 2675500  9 21 16  20.5  971 198  4.3 4  7.2  45   80  171 342 -430  2
4013500 2675500  9 21 17  20.2  970 201  4.2 6  7.0  45   39  110 349 -424  2
4013500 2675500  9 21 18  19.0  971 197  2.6 5  7.0  47   22   45 350 -417  2
4013500 2675500  9 21 19  14.6  970 237  1.3 5  7.6  61    0    3 339 -409  2
4013500 2675500  9 21 20  15.1  971 219  2.1 4  8.1  74    0    0 329 -402  2
4013500 2675500  9 21 21  14.9  972 138  1.0 3  7.9  71    0    0 320 -396  2
4013500 2675500  9 21 22  12.9  972 133  2.6 2  7.9  76    0    0 306 -391  2
4013500 2675500  9 21 23  12.3  972  98  2.0 2  7.9  83    0    0 299 -388  2
4013500 2675500  9 21 24  12.2  973 137  1.4 3  7.9  85    0    0 304 -388  2
4013500 2675500  9 22  1  12.0  973 123  0.8 5  7.9  86    0    0 317 -391  2
4013500 2675500  9 22  2  12.0  973 101  0.9 6  8.1  88    0    0 331 -394  2
4013500 2675500  9 22  3  12.6  973 146  1.3 7  8.1  87    0    0 342 -394  2
4013500 2675500  9 22  4  11.8  973 124  1.6 7  8.2  88    0    0 347 -393  2
4013500 2675500  9 22  5  13.4  973 144  2.2 7  8.3  87    0    0 348 -392  2
4013500 2675500  9 22  6  13.1  973 132  3.0 7  8.5  86    0    0 352 -392  2
4013500 2675500  9 22  7  12.9  973 162  2.9 7  8.9  92    0    7 351 -391  2
4013500 2675500  9 22  8  13.0  973 154  2.5 8  9.3  96    2   61 355 -392  2
4013500 2675500  9 22  9  14.3  973 134  4.0 7  9.8  96   33  140 357 -393  2
4013500 2675500  9 22 10  14.8  974 142  3.6 6 10.1  94   28  188 351 -396  2
4013500 2675500  9 22 11  16.7  974 202  2.9 6 10.3  88   15  207 351 -401  2
4013500 2675500  9 22 12  17.6  974 216  5.1 6 10.3  81   11  218 357 -409  2
4013500 2675500  9 22 13  18.7  975 219  5.2 6 10.2  75   56  248 361 -426  2
4013500 2675500  9 22 14  18.4  975 218  4.8 6 10.2  73   42  230 362 -440  2
4013500 2675500  9 22 15  19.0  975 199  3.9 8 10.2  73    0   84 370 -443  2
4013500 2675500  9 22 16  18.7  975 202  3.1 8 10.5  74    0   63 378 -438  2
4013500 2675500  9 22 17  17.9  976 190  2.9 7 10.9  80    5   85 372 -431  2
4013500 2675500  9 22 18  16.9  975 205  2.8 7 11.0  85    2   37 367 -425  2
4013500 2675500  9 22 19  16.6  975 184  2.4 8 10.9  87    0    5 368 -422  2
4013500 2675500  9 22 20  16.2  976 165  2.8 7 10.9  89    0    0 367 -419  2
4013500 2675500  9 22 21  16.0  976 171  2.5 8 11.0  92    0    0 366 -417  2
4013500 2675500  9 22 22  16.4  976 127  2.7 7 11.2  93    0    0 367 -414  2
4013500 2675500  9 22 23  15.8  976 146  2.7 7 11.1  93    0    0 363 -412  2
4013500 2675500  9 22 24  15.7  976 156  2.6 6 11.1  95    0    0 356 -411  2
4013500 2675500  9 23  1  15.5  977 168  2.2 8 11.1  96    0    0 360 -411  2
4013500 2675500  9 23  2  15.5  977 161  2.8 8 11.0  96    0    0 369 -411  2
4013500 2675500  9 23  3  15.9  977 161  2.9 8 11.1  95    0    0 368 -410  2
4013500 2675500  9 23  4  15.5  977 141  2.4 7 11.1  95    0    0 363 -409  2
4013500 2675500  9 23  5  15.3  977 134  3.1 7 10.9  96    0    0 357 -407  2
4013500 2675500  9 23  6  15.6  976 124  2.9 7 10.9  96    0    0 356 -405  2
4013500 2675500  9 23  7  15.7  976 129  3.8 7 11.0  95    0    9 357 -405  2
4013500 2675500  9 23  8  16.3  976 134  3.5 7 11.2  94    0   45 357 -406  2
4013500 2675500  9 23  9  16.8  976 138  4.0 7 11.4  93    1   97 358 -410  2
4013500 2675500  9 23 10  17.5  977 136  2.8 8 11.7  92    0   98 364 -418  2
4013500 2675500  9 23 11  17.8  977 159  2.8 6 11.9  90   83  207 363 -430  2
4013500 2675500  9 23 12  19.3  978 190  4.2 7 12.2  88   48  227 364 -445  2
4013500 2675500  9 23 13  19.2  978 220  4.3 7 12.2  84    0  166 369 -454  2
4013500 2675500  9 23 14  20.0  978 248  4.0 5 12.1  81  128  202 366 -458  2
4013500 2675500  9 23 15  20.6  978 222  4.4 6 11.9  77  137  165 366 -459  2
4013500 2675500  9 23 16  21.6  978 243  4.9 7 11.5  71   67  136 376 -454  2
4013500 2675500  9 23 17  21.4  978 251  3.0 3 11.0  66  176   51 367 -448  2
4013500 2675500  9 23 18  20.2  979 215  2.7 3 10.9  68   46   34 352 -441  2
4013500 2675500  9 23 19  18.6  979 199  1.8 3 11.1  76    0    4 346 -435  2
4013500 2675500  9 23 20  17.4  978 205  2.3 2 11.1  83    0    0 338 -430  2
4013500 2675500  9 23 21  16.2  979 319  0.9 2 11.1  89    0    0 331 -424  2
4013500 2675500  9 23 22  15.8  980 174  0.7 3 11.1  94    0    0 331 -418  2
4013500 2675500  9 23 23  15.5  980 235  1.0 3 11.0  96    0    0 333 -412  2
4013500 2675500  9 23 24  15.5  981 166  0.5 3 10.8  94    0    0 331 -408  2
4013500 2675500  9 24  1  14.6  981 310  0.6 4 10.4  94    0    0 332 -406  2
4013500 2675500  9 24  2  14.2  981 142  0.9 4 10.3  97    0    0 332 -401  2
4013500 2675500  9 24  3  14.4  981 155  0.0 5 10.4  99    0    0 334 -397  2
4013500 2675500  9 24  4  14.6  981 139  0.0 2 10.2  96    0    0 325 -397  2
4013500 2675500  9 24  5  14.1  982 232  0.6 5 10.2  96    0    0 324 -396  2
4013500 2675500  9 24  6  14.1  982 127  1.9 6 10.2  98    0    0 336 -395  2
4013500 2675500  9 24  7  13.6  982 154  1.7 7 10.1  98    2   17 341 -396  2
4013500 2675500  9 24  8  13.9  982 164  2.0 4 10.1  99   52   77 333 -399  2
4013500 2675500  9 24  9  16.5  983 211  2.5 4 10.6  94  142  126 327 -406  2
4013500 2675500  9 24 10  17.9  983 220  3.9 4 10.9  86  149  192 334 -419  2
4013500 2675500  9 24 11  19.2  983 215  4.4 5 10.7  78  183  230 341 -431  2
4013500 2675500  9 24 12  20.2  983 214  4.8 4 10.2  68  306  216 345 -442  2
4013500 2675500  9 24 13  21.6  984 224  5.8 5  9.4  59  259  241 348 -448  2
4013500 2675500  9 24 14  22.1  983 246  4.1 5  8.8  52  279  213 353 -452  2
4013500 2675500  9 24 15  22.4  983 278  4.9 4  8.3  48  289  162 352 -453  2
4013500 2675500  9 24 16  22.5  983 263  4.9 3  8.0  46  211  130 346 -448  2
4013500 2675500  9 24 17  22.4  983 247  3.5 4  7.8  45  124   88 345 -439  2
4013500 2675500  9 24 18  21.2  982 223  2.4 3  7.9  47   27   42 342 -428  2
4013500 2675500  9 24 19  18.6  981 195  2.0 2  8.2  55    0    3 330 -417  2
4013500 2675500  9 24 20  17.3  982  71  1.1 2  8.3  62    0    0 320 -406  2
4013500 2675500  9 24 21  14.9  982  74  1.6 3  8.4  71    0    0 316 -399  2
4013500 2675500  9 24 22  14.9  982  87  1.3 4  8.5  78    0    0 318 -395  2
4013500 2675500  9 24 23  14.2  982 111  1.5 4  8.5  80    0    0 320 -392  2
4013500 2675500  9 24 24  14.3  982 111  1.4 7  8.4  80    0    0 328 -390  2
4013500 2675500  9 25  1  13.0  982  52  1.3 5  8.4  83    0    0 328 -388  2
4013500 2675500  9 25  2  13.1  981  92  1.5 6  8.4  87    0    0 322 -387  2
4013500 2675500  9 25  3  14.4  980 117  2.7 6  8.4  83    0    0 327 -389  2
4013500 2675500  9 25  4  13.1  980  45  2.6 6  8.4  83    0    0 327 -390  2
4013500 2675500  9 25  5  12.4  979 105  3.0 7  8.5  89    0    0 327 -390  2
4013500 2675500  9 25  6  12.5  979  51  3.1 8  8.8  94    0    0 336 -392  2
4013500 2675500  9 25  7  12.5  979  45  2.4 7  8.7  93    0    4 336 -394  2
4013500 2675500  9 25  8  12.7  979 134  2.5 8  8.7  92    0   23 336 -395  2
4013500 2675500  9 25  9  13.0  979  32  1.9 8  9.0  93    0   49 343 -402  2
4013500 2675500  9 25 10  13.7  979 126  1.3 8  9.3  94    0   72 345 -410  2
4013500 2675500  9 25 11  14.4  979 200  1.6 7  9.7  94    0  106 344 -422  2
4013500 2675500  9 25 12  16.0  978 191  2.6 8 10.3  92    0  119 350 -435  2
4013500 2675500  9 25 13  16.6  978 224  2.7 8 10.7  88    0  146 360 -445  2
4013500 2675500  9 25 14  18.3  978 219  3.5 5 10.7  82  131  228 349 -449  2
4013500 2675500  9 25 15  19.3  978 219  3.0 4 10.5  75  180  179 331 -450  2
4013500 2675500  9 25 16  19.6  977 171  2.0 6 10.4  71   74  146 340 -445  2
4013500 2675500  9 25 17  18.9  977 179  2.8 8 10.5  72    6   84 365 -438  2
4013500 2675500  9 25 18  17.5  977 181  1.7 7 10.7  79    2   32 368 -431  2
4013500 2675500  9 25 19  15.9  976 218  2.2 6 10.7  87    0    1 353 -424  2
4013500 2675500  9 25 20  15.4  976  97  0.8 6 10.4  90    0    0 343 -415  2
4013500 2675500  9 25 21  14.6  976  78  1.2 8 10.1  91    0    0 352 -408  2
4013500 2675500  9 25 22  14.7  976 134  0.8 7 10.0  92    0    0 357 -406  2
4013500 2675500  9 25 23  14.3  976 136  0.0 7  9.9  92    0    0 350 -406  2
4013500 2675500  9 25 24  14.1  975 150  0.0 8  9.8  93    0    0 357 -405  2
4013500 2675500  9 26  1  13.8  975 141  0.0 8  9.7  94    0    0 363 -404  2
4013500 2675500  9 26  2  13.5  974  41  0.0 8  9.7  95    0    0 363 -403  2
4013500 2675500  9 26  3  13.8  974  69  0.5 8  9.8  96    0    0 363 -402  2
4013500 2675500  9 26  4  13.7  974  56  0.2 8  9.8  96    0    0 363 -401  2
4013500 2675500  9 26  5  13.2  973 128  0.0 7  9.8  98    0    0 356 -401  2
4013500 2675500  9 26  6  13.8  972  53  0.0 5  9.9  98    0    0 338 -400  2
4013500 2675500  9 26  7  13.8  972 154  0.0 7 10.1  98    0   12 340 -399  2
4013500 2675500  9 26  8  14.1  972 135  0.3 7 10.3  99    0   29 353 -400  2
4013500 2675500  9 26  9  14.3  971 186  0.3 6 10.5  99    0   65 349 -401  2
4013500 2675500  9 26 10  15.0  971 174  1.3 8 10.7  98    0   61 355 -403  2
4013500 2675500  9 26 11  15.6  971 216  1.9 8 11.0  97    0   78 371 -407  2
4013500 2675500  9 26 12  15.8  971 242  3.9 8 11.1  95    0  129 372 -413  2
4013500 2675500  9 26 13  16.0  972 265  3.4 7 11.0  93   33  208 366 -418  2
4013500 2675500  9 26 14  16.8  972 257  3.7 7 10.8  88   21  192 360 -421  2
4013500 2675500  9 26 15  17.0  972 248  4.5 7 10.3  82   62  170 362 -424  2
4013500 2675500  9 26 16  17.2  973 220  4.6 7  9.8  77    7  117 363 -425  2
4013500 2675500  9 26 17  17.1  972 305  3.7 5  9.6  75   54   76 355 -422  2
4013500 2675500  9 26 18  16.1  971 213  2.8 5  9.4  76   35   23 345 -414  2
4013500 2675500  9 26 19  14.3  972 195  1.5 5  9.2  82    0    1 339 -405  2
4013500 2675500  9 26 20  13.4  972 207  1.8 4  8.9  86    0    0 333 -400  2
4013500 2675500  9 26 21  12.6  973 210  1.8 4  8.7  89    0    0 324 -400  2
4013500 2675500  9 26 22  12.4  974 217  2.1 4  8.6  91    0    0 314 -401  2
4013500 2675500  9 26 23  11.8  974 229  2.4 4  8.2  91    0    0 310 -400  2
4013500 2675500  9 26 24  11.1  975 242  2.6 5  7.7  90    0    0 312 -396  2
4013500 2675500  9 27  1  10.1  984 249  2.4 6  7.1  89    0    0 336 -357  2
4013500 2675500  9 27  2   9.3  984 245  2.3 7  6.7  89    0    0 333 -358  2
4013500 2675500  9 27  3   8.5  984 231  2.1 8  6.4  90    0    0 330 -358  2
4013500 2675500  9 27  4   8.3  983 208  1.9 8  6.5  91    0    0 335 -358  2
4013500 2675500  9 27  5   8.2  983 197  1.9 8  6.5  93    0    0 339 -358  2
4013500 2675500  9 27  6   7.8  983 165  1.7 8  6.6  96    0    0 340 -359  2
4013500 2675500  9 27  7   7.9  983 151  2.3 8  6.7  98    0   11 340 -359  2
4013500 2675500  9 27  8   8.1  983 161  2.3 8  6.7  98   12   61 340 -360  2
4013500 2675500  9 27  9   8.7  983 204  2.0 8  6.9  97    0   85 341 -360  2
4013500 2675500  9 27 10   9.0  983 203  1.9 8  7.1  98    0  106 343 -361  2
4013500 2675500  9 27 11  10.0  984 262  2.1 8  7.5  98    0  108 346 -363  2
4013500 2675500  9 27 12  10.7  984 249  1.8 8  7.8  97    0  117 349 -366  2
4013500 2675500  9 27 13  11.4  984 254  2.3 7  8.0  95    0  159 346 -374  2
4013500 2675500  9 27 14  11.9  984 273  2.0 6  7.9  90   65  199 338 -379  2
4013500 2675500  9 27 15  12.5  984 253  1.5 7  7.8  86    8  157 339 -379  2
4013500 2675500  9 27 16  12.2  984 276  2.6 7  7.9  85    4  116 346 -380  2
4013500 2675500  9 27 17  12.3  984 262  1.9 6  7.7  84   27   80 340 -379  2
4013500 2675500  9 27 18  11.4  985 253  1.5 7  7.5  84    0   17 339 -375  2
4013500 2675500  9 27 19  10.8  985 258  1.5 7  7.5  88    0    0 341 -371  2
4013500 2675500  9 27 20  10.6  986 253  1.7 7  7.4  90    0    0 338 -369  2
4013500 2675500  9 27 21  10.1  986 248  2.0 7  7.3  90    0    0 337 -367  2
4013500 2675500  9 27 22   9.5  986 244  1.6 6  7.0  91    0    0 331 -365  2
4013500 2675500  9 27 23   7.5  986 229  1.3 5  6.7  95    0    0 316 -361  2
4013500 2675500  9 27 24   8.3  986 188  1.1 2  6.6  96    0    0 293 -357  2
4013500 2675500  9 28  1   7.9  986 150  1.4 4  6.6  95    0    0 287 -355  2
4013500 2675500  9 28  2   8.4  986 126  2.3 7  6.7  96    0    0 312 -354  2
4013500 2675500  9 28  3   9.4  986 126  3.4 5  7.0  96    0    0 321 -354  2
4013500 2675500  9 28  4   8.7  985 144  2.6 6  7.1  97    0    0 316 -352  2
4013500 2675500  9 28  5   9.8  985 136  3.2 5  7.1  95    0    0 316 -350  2
4013500 2675500  9 28  6   9.9  984 149  3.0 7  7.3  94    0    0 324 -352  2
4013500 2675500  9 28  7  10.3  984 148  3.7 7  7.5  94    0    9 337 -354  2
4013500 2675500  9 28  8  10.8  984 148  3.4 5  7.7  94   17   86 326 -356  2
4013500 2675500  9 28  9  11.2  984 155  3.1 6  8.0  94   13  145 324 -360  2
4013500 2675500  9 28 10  12.1  984 162  3.1 8  8.3  94    0  104 344 -365  2
4013500 2675500  9 28 11  12.5  984 135  3.0 8  8.5  92    0   89 357 -370  2
4013500 2675500  9 28 12  12.9  984 142  3.4 7  8.6  91    0   99 353 -371  2
4013500 2675500  9 28 13  13.6  984 143  3.0 8  8.8  89    0   78 355 -372  2
4013500 2675500  9 28 14  13.4  984 148  2.6 8  8.8  88    0   79 362 -372  2
4013500 2675500  9 28 15  13.7  984 120  2.1 8  8.9  89    0   59 362 -372  2
4013500 2675500  9 28 16  14.0  984 124  2.5 8  9.1  89    0   48 364 -371  2
4013500 2675500  9 28 17  14.0  984 116  2.7 8  9.2  89    0   45 363 -371  2
4013500 2675500  9 28 18  13.8  984 126  2.5 7  9.2  90    0   21 358 -371  2
4013500 2675500  9 28 19  13.5  984 172  1.7 8  9.2  91    0    0 355 -371  2
4013500 2675500  9 28 20  13.4  984 191  1.2 8  9.1  92    0    0 358 -372  2
4013500 2675500  9 28 21  13.0  984 234  1.2 8  8.9  92    0    0 356 -373  2
4013500 2675500  9 28 22  12.9  985 240  0.8 7  8.8  92    0    0 349 -373  2
4013500 2675500  9 28 23  12.0  984 263  1.4 7  8.6  93    0    0 342 -372  2
4013500 2675500  9 28 24  12.1  984 246  2.2 7  8.5  93    0    0 340 -372  2
4013500 2675500  9 29  1  11.4  984 264  1.4 6  8.5  95    0    0 334 -371  2
4013500 2675500  9 29  2  11.8  984 251  2.1 7  8.5  97    0    0 334 -370  2
4013500 2675500  9 29  3  12.2  984 218  1.8 8  8.5  94    0    0 346 -371  2
4013500 2675500  9 29  4  11.9  984 204  1.4 8  8.5  94    0    0 352 -370  2
4013500 2675500  9 29  5  11.8  983 198  1.6 8  8.4  94    0    0 351 -368  2
4013500 2675500  9 29  6  12.0  983 254  2.0 8  8.3  93    0    0 351 -368  2
4013500 2675500  9 29  7  11.7  983 194  1.6 7  8.2  92    0    6 346 -370  2
4013500 2675500  9 29  8  12.1  983 202  1.4 8  8.2  91    0   55 346 -371  2
4013500 2675500  9 29  9  12.5  983 240  3.2 8  8.3  90    0  106 354 -374  2
4013500 2675500  9 29 10  12.7  984 231  3.6 8  8.5  91    0  137 354 -378  2
4013500 2675500  9 29 11  13.4  985 230  2.7 8  8.8  91    0   98 356 -380  2
4013500 2675500  9 29 12  14.3  984 228  4.1 8  9.0  89    0  105 359 -384  2
4013500 2675500  9 29 13  15.3  984 217  3.7 8  9.2  85    0  119 362 -391  2
4013500 2675500  9 29 14  15.7  983 230  3.5 7  9.3  82    0  108 360 -394  2
4013500 2675500  9 29 15  15.7  983 227  3.7 7  9.2  80    0  103 356 -395  2
4013500 2675500  9 29 16  15.6  983 228  3.5 7  9.3  81    0   63 356 -395  2
4013500 2675500  9 29 17  15.3  982 207  2.6 7  9.4  83    0   39 355 -393  2
4013500 2675500  9 29 18  15.0  982 209  3.3 8  9.5  85    0   19 359 -391  2
4013500 2675500  9 29 19  14.7  982 210  4.0 7  9.5  87    0    0 358 -389  2
4013500 2675500  9 29 20  14.3  982 222  3.1 8  9.5  89    0    0 357 -388  2
4013500 2675500  9 29 21  14.1  982 224  3.5 8  9.5  90    0    0 362 -388  2
4013500 2675500  9 29 22  13.6  981 222  3.7 7  9.3  91    0    0 356 -388  2
4013500 2675500  9 29 23  13.1  981 207  3.4 7  9.2  93    0    0 348 -388  2
4013500 2675500  9 29 24  13.0  981 212  3.5 8  9.2  94    0    0 353 -388  2
4013500 2675500  9 30  1  13.3  980 215  4.3 8  9.2  95    0    0 360 -388  2
4013500 2675500  9 30  2  13.4  980 205  3.9 8  9.3  94    0    0 360 -387  2
4013500 2675500  9 30  3  13.7  979 222  3.5 8  9.2  92    0    0 362 -385  2
4013500 2675500  9 30  4  12.8  979 225  3.4 8  9.2  93    0    0 361 -384  2
4013500 2675500  9 30  5  12.7  979 219  3.6 7  9.1  96    0    0 354 -383  2
4013500 2675500  9 30  6  12.2  978 211  3.7 7  8.9  95    0    0 347 -382  2
4013500 2675500  9 30  7  12.2  978 238  3.7 6  8.6  94    0   10 340 -382  2
4013500 2675500  9 30  8  12.4  978 309  3.5 7  8.4  91    4   55 340 -381  2
4013500 2675500  9 30  9  12.9  978 244  4.2 7  8.3  88   34  117 346 -382  2
4013500 2675500  9 30 10  13.7  978 241  4.4 8  8.4  85    0  116 354 -382  2
4013500 2675500  9 30 11  13.7  978 236  4.7 7  8.6  84    0   83 355 -383  2
4013500 2675500  9 30 12  14.0  978 256  4.0 6  8.5  83    0  129 344 -389  2
4013500 2675500  9 30 13  15.1  979 273  4.7 6  8.2  77    2  170 340 -394  2
4013500 2675500  9 30 14  14.7  978 287  5.5 8  8.1  74    0  128 351 -390  2
4013500 2675500  9 30 15  14.9  978 268  6.2 6  8.2  76   20  165 351 -390  2
4013500 2675500  9 30 16  14.3  978 286  5.1 6  8.3  77   30  132 341 -392  2
4013500 2675500  9 30 17  13.4  979 293  4.0 5  8.1  79   63   70 334 -388  2
4013500 2675500  9 30 18  12.4  979 311  3.4 6  7.8  81    0   16 330 -383  2
4013500 2675500  9 30 19  11.5  980 304  3.6 6  7.6  84    0    0 331 -379  2
4013500 2675500  9 30 20  10.2  980 294  1.7 6  7.4  88    0    0 326 -376  2
4013500 2675500  9 30 21   9.6  981 298  2.5 6  7.1  91    0    0 322 -373  2
4013500 2675500  9 30 22   8.6  982 295  1.5 4  6.9  92    0    0 309 -368  2
4013500 2675500  9 30 23   8.4  982 245  1.1 3  6.7  94    0    0 293 -362  2
4013500 2675500  9 30 24   7.8  983 247  1.9 3  6.6  94    0    0 287 -358  2
4013500 2675500 10  1  1   7.6  983 241  1.2 3  6.4  94    0    0 285 -355  2
4013500 2675500 10  1  2   7.6  983 247  0.9 4  6.3  94    0    0 289 -353  2
4013500 2675500 10  1  3   8.7  984 252  1.6 6  6.3  91    0    0 302 -350  2
4013500 2675500 10  1  4   7.9  983 256  0.9 6  6.4  91    0    0 309 -348  2
4013500 2675500 10  1  5   7.9  984 253  1.2 6  6.5  95    0    0 307 -346  2
4013500 2675500 10  1  6   7.6  984 261  0.4 7  6.5  96    0    0 311 -344  2
4013500 2675500 10  1  7   7.6  984 272  0.7 7  6.5  97    0    9 313 -342  2
4013500 2675500 10  1  8   8.8  985 230  1.6 7  6.7  96   10   68 316 -343  2
4013500 2675500 10  1  9   9.6  985 174  2.3 8  7.0  94   26  136 322 -352  2
4013500 2675500 10  1 10  11.0  985 142  2.6 7  7.2  89    4  156 325 -366  2
4013500 2675500 10  1 11  11.9  986  90  2.1 7  7.0  81   23  214 323 -380  2
4013500 2675500 10  1 12  12.7  986 182  1.9 5  6.8  74  141  257 316 -395  2
4013500 2675500 10  1 13  12.7  986 278  1.1 4  6.7  71  121  267 308 -406  2
4013500 2675500 10  1 14  13.6  986 326  1.1 5  6.5  67    1  164 310 -411  2
4013500 2675500 10  1 15  14.3  987 314  1.4 6  6.3  62    8  170 319 -411  2
4013500 2675500 10  1 16  13.3  987  52  0.3 7  6.3  62    2  115 327 -408  2
4013500 2675500 10  1 17  12.9  985  36  0.6 6  6.5  67   50   95 326 -400  2
4013500 2675500 10  1 18  11.6  985  26  0.7 4  6.6  72    0   22 315 -389  2
4013500 2675500 10  1 19  10.3  986 205  0.7 5  6.5  78    0    0 307 -381  2
4013500 2675500 10  1 20   9.4  986 119  0.8 6  6.6  85    0    0 311 -377  2
4013500 2675500 10  1 21   8.9  987 355  0.6 7  6.7  91    0    0 317 -375  2
4013500 2675500 10  1 22   8.8  987  25  0.6 7  6.8  93    0    0 321 -374  2
4013500 2675500 10  1 23   8.8  987  65  0.8 7  6.8  94    0    0 322 -373  2
4013500 2675500 10  1 24   8.4  987 133  1.3 7  6.8  95    0    0 321 -372  2
4013500 2675500 10  2  1   8.1  987  53  1.1 5  6.7  97    0    0 304 -370  2
4013500 2675500 10  2  2   7.9  987 149  1.7 5  6.7  98    0    0 303 -369  2
4013500 2675500 10  2  3   7.7  987 168  1.4 6  6.7  99    0    0 308 -369  2
4013500 2675500 10  2  4   7.7  986 144  1.1 7  6.7  99    0    0 316 -368  2
4013500 2675500 10  2  5   7.9  986  32  1.0 8  6.7  99    0    0 325 -368  2
4013500 2675500 10  2  6   7.7  986 140  0.8 8  6.7  99    0    0 331 -368  2
4013500 2675500 10  2  7   8.1  986 173  1.2 7  6.8  99    0    0 327 -368  2
4013500 2675500 10  2  8   8.5  986 166  0.9 7  6.9  98   12   56 323 -369  2
4013500 2675500 10  2  9   9.6  986 124  1.7 4  7.1  97   93  123 310 -370  2
4013500 2675500 10  2 10  11.3  986 122  1.6 4  7.3  90  160  174 299 -373  2
4013500 2675500 10  2 11  13.2  986 131  1.8 4  7.6  83  219  209 306 -375  2
4013500 2675500 10  2 12  13.7  987 114  1.8 4  7.8  78  178  254 312 -376  2
4013500 2675500 10  2 13  16.0  986 122  2.3 5  8.0  73  122  264 323 -378  2
4013500 2675500 10  2 14  15.4  986 137  2.1 5  8.0  70   68  240 332 -381  2
4013500 2675500 10  2 15  15.6  986 130  2.3 3  7.9  70  149  197 323 -385  2
4013500 2675500 10  2 16  14.8  985 134  1.9 2  7.9  72  144  127 309 -388  2
4013500 2675500 10  2 17  14.0  985 148  1.9 7  8.2  77   18   77 326 -388  2
4013500 2675500 10  2 18  13.7  985 148  2.0 8  8.2  81    0   13 352 -385  2
4013500 2675500 10  2 19  12.5  986 180  1.8 7  8.1  84    0    0 349 -380  2
4013500 2675500 10  2 20  12.2  985 344  1.8 7  8.0  87    0    0 341 -374  2
4013500 2675500 10  2 21  11.6  985 174  2.1 8  8.0  89    0    0 343 -368  2
4013500 2675500 10  2 22  11.0  985 135  2.1 6  7.9  92    0    0 335 -363  2
4013500 2675500 10  2 23  10.3  985 145  2.4 5  7.8  95    0    0 319 -363  2
4013500 2675500 10  2 24   9.8  985 123  2.0 7  7.8  98    0    0 321 -364  2
4013500 2675500 10  3  1  10.6  985 115  2.4 6  7.9  98    0    0 327 -366  2
4013500 2675500 10  3  2  10.2  985 139  2.6 5  7.9  97    0    0 318 -368  2
4013500 2675500 10  3  3  10.1  984 159  2.3 7  7.7  97    0    0 323 -369  2
4013500 2675500 10  3  4  10.0  984 155  2.5 8  7.7  97    0    0 337 -368  2
4013500 2675500 10  3  5  10.4  984 134  2.3 6  7.8  98    0    0 333 -368  2
4013500 2675500 10  3  6  10.8  983 152  2.3 7  7.9  96    0    0 329 -369  2
4013500 2675500 10  3  7  11.2  983 144  2.2 8  8.1  95    0    1 341 -370  2
4013500 2675500 10  3  8  11.5  983 152  2.3 8  8.3  96    5   39 349 -371  2
4013500 2675500 10  3  9  12.9  983 158  2.4 7  8.7  96   55   83 347 -374  2
4013500 2675500 10  3 10  13.4  984 160  2.5 7  9.0  93    0   79 344 -378  2
4013500 2675500 10  3 11  13.9  985 267  2.6 7  9.0  90   61  162 345 -387  2
4013500 2675500 10  3 12  15.0  985 274  3.5 8  8.8  83   10  168 351 -398  2
4013500 2675500 10  3 13  15.5  985 237  3.4 7  8.5  76    0  110 351 -405  2
4013500 2675500 10  3 14  15.7  985 264  4.2 8  8.1  71    0   98 350 -410  2
4013500 2675500 10  3 15  15.8  985 248  3.3 8  7.8  68    7  136 353 -410  2
4013500 2675500 10  3 16  15.4  985 249  3.4 8  7.7  67   31  102 350 -407  2
4013500 2675500 10  3 17  14.7  985 268  2.0 7  7.7  70   85   30 344 -403  2
4013500 2675500 10  3 18  13.7  985 242  2.3 7  7.6  73    2   12 336 -395  2
4013500 2675500 10  3 19  12.8  986 259  1.8 7  7.4  76    0    0 332 -387  2
4013500 2675500 10  3 20  11.5  985 273  0.5 7  7.4  81    0    0 327 -379  2
4013500 2675500 10  3 21  11.0  985 260  0.6 8  7.3  85    0    0 330 -375  2
4013500 2675500 10  3 22  10.3  986 220  0.7 7  7.2  87    0    0 328 -375  2
4013500 2675500 10  3 23   9.6  986 224  0.8 7  7.0  90    0    0 321 -374  2
4013500 2675500 10  3 24   9.2  986 247  0.9 6  6.9  92    0    0 315 -369  2
4013500 2675500 10  4  1   8.6  986 195  0.7 7  6.9  94    0    0 313 -361  2
4013500 2675500 10  4  2   8.6  986 177  1.0 7  6.9  96    0    0 318 -355  2
4013500 2675500 10  4  3   7.7  987 105  1.0 5  6.7  97    0    0 310 -351  2
4013500 2675500 10  4  4   7.8  987 122  1.3 5  6.6  97    0    0 300 -347  2
4013500 2675500 10  4  5   7.4  987 109  0.9 6  6.5  97    0    0 304 -344  2
4013500 2675500 10  4  6   7.0  987 118  1.0 7  6.4  98    0    0 312 -344  2
4013500 2675500 10  4  7   7.1  987 106  1.3 5  6.3  99    0    0 308 -345  2
4013500 2675500 10  4  8   8.0  988 152  1.2 6  6.5  98   60   51 304 -347  2
4013500 2675500 10  4  9   9.5  988 151  1.6 3  7.0  96  181   86 300 -354  2
4013500 2675500 10  4 10  12.5  988 158  2.0 4  7.6  91  251  120 301 -367  2
4013500 2675500 10  4 11  13.6  988 166  2.8 4  8.0  83  292  157 310 -383  2
4013500 2675500 10  4 12  15.6  989 189  2.6 5  7.6  72  291  193 316 -397  2
4013500 2675500 10  4 13  15.9  989 227  3.9 3  7.3  64  265  208 314 -408  2
4013500 2675500 10  4 14  16.6  989 238  3.9 3  7.2  61  271  182 307 -412  2
4013500 2675500 10  4 15  16.4  988 242  3.0 4  7.0  58  266  130 311 -410  2
4013500 2675500 10  4 16  17.4  988 226  1.9 4  6.7  54  189  100 314 -405  2
4013500 2675500 10  4 17  15.4  988 178  1.7 5  6.8  57   80   67 315 -396  2
4013500 2675500 10  4 18  14.1  988 211  1.4 3  7.1  66    0    9 308 -384  2
4013500 2675500 10  4 19  12.3  987 194  1.7 4  7.0  72    0    0 299 -372  2
4013500 2675500 10  4 20  11.2  987 138  1.6 4  7.0  80    0    0 299 -366  2
4013500 2675500 10  4 21   9.9  987 173  1.7 4  6.9  85    0    0 296 -361  2
4013500 2675500 10  4 22   9.3  988 119  1.7 3  6.8  88    0    0 290 -358  2
4013500 2675500 10  4 23   8.5  987 133  1.5 3  6.7  91    0    0 285 -356  2
4013500 2675500 10  4 24   7.8  987 117  2.2 4  6.5  93    0    0 287 -354  2
4013500 2675500 10  5  1   7.5  987 151  2.9 5  6.3  94    0    0 292 -352  2
4013500 2675500 10  5  2   7.9  986 128  2.4 6  6.4  95    0    0 299 -351  2
4013500 2675500 10  5  3   7.5  986 133  2.7 8  6.4  95    0    0 308 -350  2
4013500 2675500 10  5  4   7.7  985 116  3.0 7  6.3  95    0    0 310 -350  2
4013500 2675500 10  5  5   7.2  985 136  3.2 4  6.3  95    0    0 297 -350  2
4013500 2675500 10  5  6   7.3  984  98  3.4 3  6.2  94    0    0 282 -351  2
4013500 2675500 10  5  7   7.3  984 139  3.5 3  6.1  94    0    0 277 -352  2
4013500 2675500 10  5  8   8.5  984 131  4.3 4  6.5  95   13   70 279 -354  2
4013500 2675500 10  5  9   9.8  983 147  4.3 4  7.0  94   79  182 285 -360  2
4013500 2675500 10  5 10  13.6  983 156  4.1 6  7.6  86   93  254 302 -370  2
4013500 2675500 10  5 11  16.4  983 161  4.5 6  8.1  74   83  307 321 -383  2
4013500 2675500 10  5 12  18.1  982 164  5.1 7  8.4  66   74  330 334 -395  2
4013500 2675500 10  5 13  18.5  981 180  5.3 6  8.6  63  134  353 338 -406  2
4013500 2675500 10  5 14  19.9  980 176  5.3 6  8.6  60  154  330 337 -415  2
4013500 2675500 10  5 15  20.3  981 166  5.1 6  8.7  58  121  273 342 -418  2
4013500 2675500 10  5 16  19.1  980 163  4.3 7  8.9  60   39  183 348 -417  2
4013500 2675500 10  5 17  18.4  979 167  3.9 7  9.1  65    3   70 351 -412  2
4013500 2675500 10  5 18  17.7  979 163  3.0 7  9.2  69    0   14 351 -403  2
4013500 2675500 10  5 19  17.0  980 144  2.4 7  9.2  72    0    0 349 -395  2
4013500 2675500 10  5 20  15.6  980 132  1.9 7  9.2  77    0    0 345 -390  2
4013500 2675500 10  5 21  14.9  980 125  2.0 4  9.2  82    0    0 330 -385  2
4013500 2675500 10  5 22  15.1  980 103  1.9 4  9.1  82    0    0 318 -380  2
4013500 2675500 10  5 23  15.1  980 122  2.3 3  9.0  81    0    0 315 -377  2
4013500 2675500 10  5 24  14.1  980  89  2.8 3  8.9  83    0    0 311 -374  2
4013500 2675500 10  6  1  12.1  980  89  3.2 3  8.7  90    0    0 307 -371  2
4013500 2675500 10  6  2  12.2  980  92  2.8 2  8.6  94    0    0 302 -368  2
4013500 2675500 10  6  3  12.8  980 115  3.3 1  8.5  91    0    0 295 -365  2
4013500 2675500 10  6  4  12.6  980 125  4.3 1  8.5  90    0    0 293 -364  2
4013500 2675500 10  6  5  12.4  980 139  4.5 2  8.7  93    0    0 297 -362  2
4013500 2675500 10  6  6  12.6  980 134  4.2 2  8.8  94    0    0 300 -361  2
4013500 2675500 10  6  7  12.6  980 151  4.1 3  8.7  93    0    0 302 -360  2
4013500 2675500 10  6  8  14.7  980 145  5.4 4  9.1  90   38   57 312 -360  2
4013500 2675500 10  6  9  17.5  980 154  5.6 4  9.6  81   76  127 322 -365  2
4013500 2675500 10  6 10  20.6  980 155  7.3 4  9.9  69  177  167 330 -376  2
4013500 2675500 10  6 11  21.6  981 157  6.6 3 10.0  61  227  204 333 -390  2
4013500 2675500 10  6 12  22.4  980 169  6.7 2  9.8  57  289  209 329 -405  2
4013500 2675500 10  6 13  22.8  980 192  6.4 1  9.7  55  345  189 326 -418  2
4013500 2675500 10  6 14  23.8  980 189  5.4 1  9.6  52  328  172 326 -425  2
4013500 2675500 10  6 15  23.5  979 190  5.4 1  9.7  51  262  147 328 -427  2
4013500 2675500 10  6 16  23.4  979 182  5.7 1 10.0  53  168  120 330 -425  2
4013500 2675500 10  6 17  22.8  978 165  4.4 1  9.7  53   71   75 329 -420  2
4013500 2675500 10  6 18  20.5  978 146  3.0 1  9.3  56    5   17 324 -414  2
4013500 2675500 10  6 19  18.6  978 138  3.2 1  9.1  62    0    0 317 -409  2
4013500 2675500 10  6 20  17.4  977 116  3.2 1  9.4  70    0    0 312 -406  2
4013500 2675500 10  6 21  16.9  977 135  3.6 1  9.7  76    0    0 311 -403  2
4013500 2675500 10  6 22  16.9  977  91  3.2 2  9.9  79    0    0 313 -401  2
4013500 2675500 10  6 23  15.6  978 106  2.6 2  9.8  82    0    0 313 -397  2
4013500 2675500 10  6 24  14.9  978  90  2.8 3  9.6  85    0    0 312 -393  2
4013500 2675500 10  7  1  15.2  978 142  2.5 6  9.5  85    0    0 324 -390  2
4013500 2675500 10  7  2  15.2  978 108  2.8 6  9.4  84    0    0 334 -389  2
4013500 2675500 10  7  3  13.6  978 124  2.6 5  9.2  87    0    0 327 -387  2
4013500 2675500 10  7  4  14.3  978 128  2.2 3  9.0  87    0    0 314 -385  2
4013500 2675500 10  7  5  14.4  978 153  3.0 4  9.1  86    0    0 311 -384  2
4013500 2675500 10  7  6  14.1  979 147  3.0 5  9.1  86    0    0 319 -384  2
4013500 2675500 10  7  7  13.5  979 163  2.3 7  9.1  89    0    0 328 -383  2
4013500 2675500 10  7  8  14.5  979 175  2.6 7  9.2  89   10   65 337 -384  2
4013500 2675500 10  7  9  14.7  980 181  2.7 5  9.2  86    4  112 329 -387  2
4013500 2675500 10  7 10  14.8  980 141  1.6 8  9.0  83    0   80 332 -395  2
4013500 2675500 10  7 11  14.2  981 325  2.0 8  9.0  84    0   59 344 -405  2
4013500 2675500 10  7 12  14.0  982 350  2.4 8  9.1  87    0   63 344 -410  2
4013500 2675500 10  7 13  13.7  981 309  2.9 8  9.2  90    0   62 346 -406  2
4013500 2675500 10  7 14  13.6  982 229  2.6 8  9.1  90    0   53 346 -401  2
4013500 2675500 10  7 15  12.9  982 260  2.7 8  8.8  90    0   46 344 -396  2
4013500 2675500 10  7 16  12.7  982 301  1.9 8  8.6  91    0   67 343 -391  2
4013500 2675500 10  7 17  12.1  982 243  2.3 8  8.6  93    0   34 341 -387  2
4013500 2675500 10  7 18  11.5  982 271  1.8 8  8.5  95    0   13 339 -385  2
4013500 2675500 10  7 19  11.3  981  63  1.5 7  8.3  95    0    0 333 -382  2
4013500 2675500 10  7 20  10.9  982 218  1.4 7  8.1  95    0    0 327 -380  2
4013500 2675500 10  7 21  10.6  982 221  1.4 6  7.9  95    0    0 325 -378  2
4013500 2675500 10  7 22  10.3  982 260  1.3 6  7.8  95    0    0 319 -377  2
4013500 2675500 10  7 23  10.3  983 248  1.2 6  7.7  95    0    0 307 -375  2
4013500 2675500 10  7 24  10.4  983 230  1.1 6  7.8  95    0    0 313 -373  2
4013500 2675500 10  8  1  10.6  982 194  0.9 7  7.9  96    0    0 352 -374  2
4013500 2675500 10  8  2  10.8  982 162  0.7 7  8.0  96    0    0 347 -372  2
4013500 2675500 10  8  3  10.9  982 136  0.6 7  8.2  97    0    0 341 -370  2
4013500 2675500 10  8  4  10.7  982 127  0.8 7  8.2  98    0    0 346 -370  2
4013500 2675500 10  8  5  10.8  982 140  1.1 7  8.2  98    0    0 345 -370  2
4013500 2675500 10  8  6  10.5  982 121  1.5 7  8.2 100    0    0 344 -371  2
4013500 2675500 10  8  7  11.0  982 122  1.7 7  8.3  99    0    5 344 -371  2
4013500 2675500 10  8  8  10.9  982 110  1.6 7  8.4  99   12   54 345 -371  2
4013500 2675500 10  8  9  11.7  982 114  1.2 6  8.5  99   29  122 341 -373  2
4013500 2675500 10  8 10  12.6  983 124  1.3 5  8.8  96   40  178 334 -377  2
4013500 2675500 10  8 11  13.8  983 117  1.5 7  8.9  91    4  166 342 -382  2
4013500 2675500 10  8 12  14.3  983 127  2.7 7  8.8  86    0  129 354 -392  2
4013500 2675500 10  8 13  14.6  983 144  2.8 6  8.7  82   12  198 349 -402  2
4013500 2675500 10  8 14  15.4  982 132  2.7 6  8.5  78   38  208 344 -408  2
4013500 2675500 10  8 15  15.3  982 170  2.8 8  8.5  76    0  116 351 -411  2
4013500 2675500 10  8 16  15.2  981 152  3.7 8  8.5  76    2   95 357 -410  2
4013500 2675500 10  8 17  14.7  981 138  2.4 6  8.5  77   37   65 345 -404  2
4013500 2675500 10  8 18  13.4  981 146  2.0 7  8.4  81    1   11 336 -394  2
4013500 2675500 10  8 19  12.9  981 136  3.1 6  8.2  84    0    0 331 -384  2
4013500 2675500 10  8 20  12.5  981 159  2.6 6  8.1  85    0    0 325 -376  2
4013500 2675500 10  8 21  12.2  981 133  2.6 5  8.0  86    0    0 320 -370  2
4013500 2675500 10  8 22  11.4  981 157  2.6 4  7.9  89    0    0 311 -366  2
4013500 2675500 10  8 23  11.7  980  77  2.4 7  8.0  91    0    0 318 -363  2
4013500 2675500 10  8 24  11.4  980 132  3.0 7  8.1  92    0    0 329 -362  2
4013500 2675500 10  9  1  11.4  980 135  2.8 8  8.2  94    0    0 333 -360  2
4013500 2675500 10  9  2  10.8  979 120  2.6 8  8.2  96    0    0 335 -359  2
4013500 2675500 10  9  3  10.6  979 143  2.6 7  8.0  96    0    0 330 -358  2
4013500 2675500 10  9  4  10.3  979 145  2.2 6  7.9  96    0    0 323 -358  2
4013500 2675500 10  9  5  10.1  979 165  2.0 7  7.8  97    0    0 323 -357  2
4013500 2675500 10  9  6   9.5  979 150  2.6 7  7.6  98    0    0 327 -356  2
4013500 2675500 10  9  7   9.6  979 143  3.0 5  7.6  99    0   11 319 -356  2
4013500 2675500 10  9  8  10.2  980 172  2.9 7  7.8  99   16   57 320 -357  2
4013500 2675500 10  9  9  12.0  980 148  3.3 8  8.0  94    8  112 338 -361  2
4013500 2675500 10  9 10  14.4  981 168  3.8 7  8.3  84   20  174 345 -371  2
4013500 2675500 10  9 11  14.6  981 159  3.7 8  8.6  80    0  158 351 -384  2
4013500 2675500 10  9 12  15.7  981 228  3.2 7  8.9  80   43  247 354 -396  2
4013500 2675500 10  9 13  16.7  981 188  3.1 4  9.2  78  172  252 341 -406  2
4013500 2675500 10  9 14  17.1  981 205  3.2 4  9.4  75  287  174 333 -413  2
4013500 2675500 10  9 15  18.0  981 208  2.5 5  9.4  72  158  180 340 -415  2
4013500 2675500 10  9 16  17.2  981 170  2.4 5  9.7  74   58  137 344 -412  2
4013500 2675500 10  9 17  16.7  982 164  1.9 8  9.8  79   47   69 356 -405  2
4013500 2675500 10  9 18  15.7  982 290  1.0 7  9.8  82    0   11 363 -395  2
4013500 2675500 10  9 19  15.0  983 262  1.5 6  9.7  86    0    0 352 -384  2
4013500 2675500 10  9 20  14.2  984 310  1.1 6  9.6  89    0    0 346 -377  2
4013500 2675500 10  9 21  13.4  985 146  0.9 8  9.4  92    0    0 352 -372  2
4013500 2675500 10  9 22  13.3  985  65  1.0 8  9.3  94    0    0 359 -368  2
4013500 2675500 10  9 23  12.9  986 151  1.8 8  9.4  96    0    0 359 -365  2
4013500 2675500 10  9 24  12.8  986 199  2.2 7  9.2  96    0    0 354 -363  2
4013500 2675500 10 10  1  12.4  986 168  2.5 7  9.0  96    0    0 348 -361  2
4013500 2675500 10 10  2  12.2  987 149  2.6 6  8.8  95    0    0 341 -359  2
4013500 2675500 10 10  3  12.0  988 133  2.3 7  8.5  94    0    0 341 -358  2
4013500 2675500 10 10  4  11.8  988 119  1.9 7  8.4  94    0    0 345 -356  2
4013500 2675500 10 10  5  11.7  989 141  1.8 7  8.2  93    0    0 344 -355  2
4013500 2675500 10 10  6  11.6  989 116  1.9 7  8.1  93    0    0 344 -354  2
4013500 2675500 10 10  7  11.5  990 123  2.1 8  8.0  92    0    7 349 -353  2
4013500 2675500 10 10  8  11.3  991  91  1.9 8  8.0  92    1   43 353 -352  2
4013500 2675500 10 10  9  11.9  991 314  1.5 7  7.9  90    3  107 350 -358  2
4013500 2675500 10 10 10  12.0  992 325  2.0 7  7.8  88    2  141 347 -373  2
4013500 2675500 10 10 11  11.9  993 326  2.5 7  7.8  87    0  116 348 -391  2
4013500 2675500 10 10 12  12.4  994 352  2.4 6  7.8  86    0  106 344 -406  2
4013500 2675500 10 10 13  12.7  994 328  1.9 7  7.8  84    0   67 345 -415  2
4013500 2675500 10 10 14  13.2  995 334  2.8 6  7.7  81    0   90 346 -416  2
4013500 2675500 10 10 15  13.0  995 347  2.2 8  7.7  80    0   81 351 -414  2
4013500 2675500 10 10 16  12.9  995 357  2.1 8  7.7  81    0   63 360 -412  2
4013500 2675500 10 10 17  12.7  996 339  1.3 8  7.7  81    0   48 358 -406  2
4013500 2675500 10 10 18  11.6  996 331  1.1 7  7.5  84    0    2 350 -399  2
4013500 2675500 10 10 19  10.9  996 359  1.2 4  7.4  88    0    0 327 -393  2
4013500 2675500 10 10 20  10.0  997 318  1.1 4  7.2  90    0    0 308 -390  2
4013500 2675500 10 10 21   9.3  998 320  0.8 3  7.2  94    0    0 300 -386  2
4013500 2675500 10 10 22   9.6  998 348  0.7 2  7.2  95    0    0 290 -383  2
4013500 2675500 10 10 23   9.0  999 340  0.9 2  7.1  95    0    0 285 -381  2
4013500 2675500 10 10 24   9.3  999 335  0.5 6  7.1  96    0    0 299 -381  2
4013500 2675500 10 11  1   9.5  999 278  0.6 7  7.1  95    0    0 319 -379  2
4013500 2675500 10 11  2   9.4  999 211  1.0 8  7.1  94    0    0 325 -378  2
4013500 2675500 10 11  3   9.1  999  98  0.4 8  7.0  95    0    0 326 -377  2
4013500 2675500 10 11  4   9.1  999 194  1.1 8  7.0  96    0    0 325 -375  2
4013500 2675500 10 11  5   8.5  998  45  0.8 8  6.9  97    0    0 324 -370  2
4013500 2675500 10 11  6   8.5  998 267  0.8 8  6.8  96    0    0 323 -363  2
4013500 2675500 10 11  7   8.9  998 235  0.8 8  6.9  96    0    0 325 -361  2
4013500 2675500 10 11  8   8.7  998 329  0.7 8  6.9  96    1   39 327 -363  2
4013500 2675500 10 11  9   9.9  999 153  0.6 8  7.1  95    3   94 332 -370  2
4013500 2675500 10 11 10  10.8 1000 142  1.0 7  7.5  95   20  166 333 -384  2
4013500 2675500 10 11 11  11.8 1000 135  1.2 8  7.8  92   37  212 335 -398  2
4013500 2675500 10 11 12  13.3  999 164  1.4 6  7.8  85   61  247 332 -412  2
4013500 2675500 10 11 13  14.3  999 175  1.8 4  7.6  76  203  229 319 -422  2
4013500 2675500 10 11 14  15.4  998 170  2.0 4  7.2  68  323  145 313 -427  2
4013500 2675500 10 11 15  16.1  997 169  3.0 4  7.2  63  273  120 316 -427  2
4013500 2675500 10 11 16  16.0  997 177  2.9 4  7.2  62  168  100 316 -421  2
4013500 2675500 10 11 17  15.0  996 189  2.1 4  7.2  64   51   63 314 -411  2
4013500 2675500 10 11 18  12.8  996 189  1.4 3  7.1  70    0    7 304 -398  2
4013500 2675500 10 11 19  12.2  997 191  1.8 3  7.1  77    0    0 295 -387  2
4013500 2675500 10 11 20  11.2  997 241  1.7 3  7.1  82    0    0 292 -380  2
4013500 2675500 10 11 21  10.4  997 296  1.8 4  7.2  87    0    0 293 -375  2
4013500 2675500 10 11 22   9.8  997 150  2.6 5  7.2  92    0    0 300 -370  2
4013500 2675500 10 11 23   9.3  997 190  2.3 5  7.1  94    0    0 302 -367  2
4013500 2675500 10 11 24   8.9  997 145  2.2 5  7.0  95    0    0 302 -364  2
4013500 2675500 10 12  1   8.2  997 172  1.8 3  6.8  96    0    0 292 -361  2
4013500 2675500 10 12  2   8.8  996 145  2.5 3  6.8  97    0    0 285 -358  2
4013500 2675500 10 12  3   8.5  997 159  2.4 5  6.8  96    0    0 292 -356  2
4013500 2675500 10 12  4   7.9  995 163  2.2 4  6.7  97    0    0 294 -355  2
4013500 2675500 10 12  5   7.8  995 157  3.0 4  6.6  99    0    0 289 -354  2
4013500 2675500 10 12  6   8.2  995 148  3.4 5  6.8 100    0    0 293 -353  2
4013500 2675500 10 12  7   8.5  996 158  3.1 6  7.0 100    0    3 303 -352  2
4013500 2675500 10 12  8   9.1  996 169  3.1 6  7.2 100   16   45 308 -352  2
4013500 2675500 10 12  9  11.2  996 175  3.2 3  7.7  98   63  102 299 -357  2
4013500 2675500 10 12 10  12.8  996 160  4.3 3  8.2  92   87  155 292 -367  2
4013500 2675500 10 12 11  14.3  996 154  3.7 1  8.4  85  152  175 288 -381  2
4013500 2675500 10 12 12  15.8  996 151  3.8 2  8.5  78  255  158 289 -394  2
4013500 2675500 10 12 13  16.9  997 166  3.8 2  8.5  72  188  189 296 -405  2
4013500 2675500 10 12 14  17.3  996 157  4.5 3  8.5  69   82  194 301 -411  2
4013500 2675500 10 12 15  17.4  996 160  4.7 3  8.4  66   17  150 304 -412  2
4013500 2675500 10 12 16  15.9  995 152  4.5 5  8.2  68    5   88 309 -409  2
4013500 2675500 10 12 17  14.0  994 152  3.6 4  8.0  74    5   48 306 -402  2
4013500 2675500 10 12 18  10.8  994 156  2.7 3  7.6  83    0    4 291 -391  2
4013500 2675500 10 12 19  10.1  995 160  3.2 5  7.3  90    0    0 287 -380  2
4013500 2675500 10 12 20   9.9  995 158  3.8 5  7.2  92    0    0 291 -373  2
4013500 2675500 10 12 21   9.6  995 146  3.6 6  7.2  94    0    0 293 -368  2
4013500 2675500 10 12 22   9.7  995 139  3.5 7  7.1  93    0    0 301 -364  2
4013500 2675500 10 12 23   9.3  995 144  3.4 6  6.9  92    0    0 305 -361  2
4013500 2675500 10 12 24   9.3  995 119  4.3 7  6.9  92    0    0 309 -358  2
4013500 2675500 10 13  1   9.3  994 129  4.2 6  6.9  93    0    0 311 -357  2
4013500 2675500 10 13  2   9.0  994 150  3.3 7  7.0  94    0    0 308 -355  2
4013500 2675500 10 13  3   9.4  994 127  3.9 4  6.9  94    0    0 300 -354  2
4013500 2675500 10 13  4   9.1  994 122  4.0 4  6.9  92    0    0 291 -352  2
4013500 2675500 10 13  5   9.3  993 127  4.0 5  6.9  94    0    0 294 -351  2
4013500 2675500 10 13  6   8.9  993 125  3.7 5  7.0  95    0    0 297 -350  2
4013500 2675500 10 13  7   9.7  993 117  3.7 7  7.1  95    0    5 303 -349  2
4013500 2675500 10 13  8  10.1  993 123  3.9 7  7.2  93   13   38 310 -349  2
4013500 2675500 10 13  9  11.1  993 131  5.4 5  7.4  91    5   85 307 -354  2
4013500 2675500 10 13 10  12.0  993 139  5.3 6  7.6  88    9  132 308 -365  2
4013500 2675500 10 13 11  12.2  993 138  4.8 6  7.9  87   55  175 314 -380  2
4013500 2675500 10 13 12  13.4  993 142  5.1 5  8.0  85   99  186 317 -394  2
4013500 2675500 10 13 13  13.9  993 162  2.4 5  8.1  81   26  179 318 -407  2
4013500 2675500 10 13 14  14.9  992 233  3.3 4  8.3  79   76  162 320 -420  2
4013500 2675500 10 13 15  15.2  993 242  4.2 3  8.3  76  106  123 317 -424  2
4013500 2675500 10 13 16  14.7  992 243  2.8 3  8.4  77   68   87 315 -418  2
4013500 2675500 10 13 17  13.7  991 233  1.4 4  8.4  81   43   37 317 -410  2
4013500 2675500 10 13 18  12.2  991 213  1.8 4  8.1  85    0    4 316 -399  2
4013500 2675500 10 13 19  11.4  991 127  1.5 5  8.0  90    0    0 317 -388  2
4013500 2675500 10 13 20  11.1  991 102  1.6 5  7.9  93    0    0 319 -381  2
4013500 2675500 10 13 21  10.7  991 124  2.4 6  7.9  95    0    0 322 -376  2
4013500 2675500 10 13 22  10.4  991 150  2.2 5  7.9  98    0    0 321 -373  2
4013500 2675500 10 13 23  10.0  991 110  2.2 6  7.9  99    0    0 319 -371  2
4013500 2675500 10 13 24   9.6  991  97  2.5 6  7.7 100    0    0 318 -369  2
4013500 2675500 10 14  1   9.4  990 135  2.4 3  7.4  97    0    0 307 -367  2
4013500 2675500 10 14  2   7.0  990 143  2.2 2  6.7  97    0    0 290 -365  2
4013500 2675500 10 14  3   9.7  990 132  2.7 3  6.9  98    0    0 291 -364  2
4013500 2675500 10 14  4   9.3  989 127  3.2 4  7.4  98    0    0 302 -363  2
4013500 2675500 10 14  5   8.8  989 135  2.9 7  7.3  99    0    0 311 -363  2
4013500 2675500 10 14  6   8.1  989  94  2.6 7  7.0  99    0    0 316 -363  2
4013500 2675500 10 14  7   8.4  988 139  2.9 6  6.9  99    0    5 311 -362  2
4013500 2675500 10 14  8   9.5  988 144  3.8 5  7.2  98   17   49 308 -362  2
4013500 2675500 10 14  9   9.8  988 126  3.8 3  7.5  98   79  116 303 -366  2
4013500 2675500 10 14 10  11.5  988 107  3.9 2  8.0  98  175  159 300 -377  2
4013500 2675500 10 14 11  13.9  987 119  3.6 1  8.4  90  240  190 303 -391  2
4013500 2675500 10 14 12  16.8  988 143  3.6 1  8.7  77  285  203 311 -403  2
4013500 2675500 10 14 13  18.6  987 169  2.7 1  8.8  68  283  206 319 -415  2
4013500 2675500 10 14 14  19.7  986 193  2.3 1  8.8  62  171  223 326 -426  2
4013500 2675500 10 14 15  18.9  985 206  3.1 3  8.8  61  110  188 332 -433  2
4013500 2675500 10 14 16  17.5  985 184  2.5 3  8.8  65   68  130 335 -431  2
4013500 2675500 10 14 17  16.2  984 155  3.7 6  8.7  70    9   53 340 -423  2
4013500 2675500 10 14 18  14.8  984 160  4.4 7  8.7  76    0    1 349 -411  2
4013500 2675500 10 14 19  15.7  984 148  3.5 7  8.6  77    0    0 353 -401  2
4013500 2675500 10 14 20  15.1  984 137  3.1 7  8.7  77    0    0 356 -396  2
4013500 2675500 10 14 21  15.1  985 136  4.0 7  8.8  80    0    0 355 -392  2
4013500 2675500 10 14 22  14.4  985 129  3.6 7  8.8  82    0    0 355 -388  2
4013500 2675500 10 14 23  14.2  985 130  3.0 6  8.8  84    0    0 351 -386  2
4013500 2675500 10 14 24  13.6  985 134  1.8 4  8.8  86    0    0 340 -384  2
4013500 2675500 10 15  1  14.2  984 140  2.2 6  8.8  86    0    0 340 -384  2
4013500 2675500 10 15  2  14.5  984 162  2.3 6  8.9  85    0    0 349 -384  2
4013500 2675500 10 15  3  13.9  984 149  2.1 7  8.9  86    0    0 352 -384  2
4013500 2675500 10 15  4  14.4  984 135  2.3 7  9.2  88    0    0 357 -384  2
4013500 2675500 10 15  5  14.2  984 144  3.3 8  9.4  90    0    0 362 -383  2
4013500 2675500 10 15  6  13.9  984 124  3.2 6  9.5  92    0    0 356 -384  2
4013500 2675500 10 15  7  14.1  984 145  3.4 8  9.7  94    0    5 354 -385  2
4013500 2675500 10 15  8  14.5  984 115  2.2 8  9.9  94    0   19 369 -386  2
4013500 2675500 10 15  9  15.2  985 118  3.5 8 10.0  91    0   34 371 -389  2
4013500 2675500 10 15 10  14.8  985 131  3.2 8  9.9  90    0   96 372 -394  2
4013500 2675500 10 15 11  14.8  985  93  2.9 8  9.6  88    3  139 371 -398  2
4013500 2675500 10 15 12  15.4  985 128  3.0 7  9.2  83   11  157 364 -403  2
4013500 2675500 10 15 13  15.6  985 117  3.1 8  8.9  79    0  127 365 -406  2
4013500 2675500 10 15 14  15.8  985  52  3.5 7  8.7  76   43  133 367 -406  2
4013500 2675500 10 15 15  15.0  985  58  2.8 8  8.2  73   15  113 365 -409  2
4013500 2675500 10 15 16  14.8  985  46  2.6 8  7.7  71    7   69 368 -413  2
4013500 2675500 10 15 17  14.2  985  85  1.8 5  7.6  72   19   30 349 -410  2
4013500 2675500 10 15 18  13.0  985 138  1.0 5  7.5  76    0    0 327 -406  2
4013500 2675500 10 15 19  12.3  985 236  0.7 6  7.5  80    0    0 330 -402  2
4013500 2675500 10 15 20  11.7  985 135  0.7 6  7.4  82    0    0 333 -401  2
4013500 2675500 10 15 21  10.8  985 350  1.0 4  7.3  85    0    0 318 -400  2
4013500 2675500 10 15 22  10.3  986   2  0.7 4  7.3  89    0    0 302 -399  2
4013500 2675500 10 15 23  10.0  986 271  0.9 7  7.3  91    0    0 320 -398  2
4013500 2675500 10 15 24   9.1  986 141  0.9 8  7.1  93    0    0 343 -399  2
4013500 2675500 10 16  1   9.3  985 170  0.7 7  7.0  94    0    0 342 -400  2
4013500 2675500 10 16  2   8.9  985 252  1.0 8  7.0  95    0    0 343 -400  2
4013500 2675500 10 16  3   8.7  985  98  1.2 7  6.9  95    0    0 343 -400  2
4013500 2675500 10 16  4   8.5  985 255  0.8 8  6.9  96    0    0 343 -401  2
4013500 2675500 10 16  5   8.5  984 332  0.7 6  6.9  96    0    0 337 -400  2
4013500 2675500 10 16  6   7.8  984 179  1.1 7  6.7  97    0    0 330 -399  2
4013500 2675500 10 16  7   7.9  984 212  1.0 8  6.6  97    0    0 342 -399  2
4013500 2675500 10 16  8   8.9  983 246  1.9 8  7.0  98   11   38 351 -400  2
4013500 2675500 10 16  9  10.1  983 251  2.4 6  7.5  98   42  104 344 -400  2
4013500 2675500 10 16 10  12.1  983 216  2.7 7  7.8  91    5  133 344 -401  2
4013500 2675500 10 16 11  13.2  984 228  3.5 8  7.9  83    0  136 359 -404  2
4013500 2675500 10 16 12  13.7  983 227  3.1 7  7.8  79    0   94 362 -405  2
4013500 2675500 10 16 13  13.9  983 234  3.4 8  7.8  76    0   63 363 -403  2
4013500 2675500 10 16 14  13.8  982 222  3.8 8  7.8  76    0   47 367 -405  2
4013500 2675500 10 16 15  13.6  982 218  3.3 8  7.9  78    0   59 366 -407  2
4013500 2675500 10 16 16  13.6  981 219  4.1 8  8.0  80    0   47 366 -406  2
4013500 2675500 10 16 17  13.3  981 223  4.7 7  8.1  82    0   22 362 -405  2
4013500 2675500 10 16 18  12.6  980 225  3.1 8  8.3  86    0    0 358 -401  2
4013500 2675500 10 16 19  13.0  980 214  2.3 8  8.4  88    0    0 362 -399  2
4013500 2675500 10 16 20  13.4  980 207  5.0 8  8.4  85    0    0 361 -398  2
4013500 2675500 10 16 21  13.4  979 206  5.2 8  8.3  84    0    0 361 -397  2
4013500 2675500 10 16 22  13.2  978 206  5.1 8  8.5  86    0    0 361 -395  2
4013500 2675500 10 16 23  13.0  978 218  4.4 8  8.8  90    0    0 360 -394  2
4013500 2675500 10 16 24  13.1  977 220  4.9 7  8.9  92    0    0 355 -394  2
4013500 2675500 10 17  1  13.0  977 221  3.9 8  8.9  92    0    0 354 -394  2
4013500 2675500 10 17  2  13.1  976 223  6.0 8  8.8  90    0    0 358 -393  2
4013500 2675500 10 17  3  13.5  976 269  5.1 8  8.7  87    0    0 357 -391  2
4013500 2675500 10 17  4  12.5  976 262  3.3 8  8.6  88    0    0 354 -388  2
4013500 2675500 10 17  5  11.7  976 308  2.4 8  8.4  92    0    0 350 -386  2
4013500 2675500 10 17  6  11.7  976 287  2.5 8  8.1  90    0    0 347 -384  2
4013500 2675500 10 17  7  10.8  976 281  2.6 8  7.8  90    0    0 344 -382  2
4013500 2675500 10 17  8  10.9  976 263  1.6 8  7.7  92    0   32 343 -380  2
4013500 2675500 10 17  9  11.0  976 234  2.9 7  7.7  91    0   64 337 -379  2
4013500 2675500 10 17 10  11.1  976 224  2.9 7  7.7  90    0   77 332 -379  2
4013500 2675500 10 17 11  11.3  976 230  2.6 8  7.7  90    0   83 338 -380  2
4013500 2675500 10 17 12  11.7  975 230  3.6 7  7.7  87    0  127 340 -381  2
4013500 2675500 10 17 13  11.9  975 240  3.6 8  7.5  84    0   89 342 -380  2
4013500 2675500 10 17 14  11.8  974 239  3.8 8  7.3  81    0   67 348 -382  2
4013500 2675500 10 17 15   9.0  973 258  4.6 8  6.8  84    0   42 343 -383  2
4013500 2675500 10 17 16   8.2  973 273  5.2 8  6.3  87    0   27 337 -381  2
4013500 2675500 10 17 17   7.7  973 247  3.9 7  6.1  88    0   15 329 -380  2
4013500 2675500 10 17 18   7.3  974 247  3.7 7  6.0  89    0    0 323 -379  2
4013500 2675500 10 17 19   7.3  975 277  4.0 8  5.8  88    0    0 325 -374  2
4013500 2675500 10 17 20   6.4  976 265  2.7 8  5.6  87    0    0 327 -369  2
4013500 2675500 10 17 21   6.1  977 278  3.5 6  5.4  88    0    0 315 -364  2
4013500 2675500 10 17 22   6.1  977 274  3.7 5  5.3  88    0    0 301 -361  2
4013500 2675500 10 17 23   5.8  978 259  3.6 3  5.3  88    0    0 286 -355  2
4013500 2675500 10 17 24   5.7  979 256  3.5 2  5.3  89    0    0 271 -350  2
4013500 2675500 10 18  1   5.4  979 251  3.9 3  5.3  90    0    0 269 -347  2
4013500 2675500 10 18  2   5.2  980 242  3.4 1  5.2  90    0    0 262 -344  2
4013500 2675500 10 18  3   5.3  980 244  3.6 2  5.1  90    0    0 256 -340  2
4013500 2675500 10 18  4   5.2  980 254  4.3 4  5.1  90    0    0 270 -339  2
4013500 2675500 10 18  5   5.2  980 255  3.8 5  5.2  91    0    0 285 -340  2
4013500 2675500 10 18  6   5.2  980 231  4.1 6  5.2  91    0    0 295 -343  2
4013500 2675500 10 18  7   5.4  981 241  4.0 7  5.2  91    0    2 306 -345  2
4013500 2675500 10 18  8   5.8  981 222  4.2 7  5.3  90    2   31 312 -347  2
4013500 2675500 10 18  9   6.8  982 229  4.2 8  5.3  87   16   95 319 -350  2
4013500 2675500 10 18 10   7.3  982 250  5.7 8  5.4  83   30  148 325 -354  2
4013500 2675500 10 18 11   8.2  982 240  5.1 8  5.4  80   39  184 326 -360  2
4013500 2675500 10 18 12   9.2  982 251  4.7 7  5.5  76   53  206 323 -367  2
4013500 2675500 10 18 13   8.5  983 250  5.4 8  5.5  75    8  164 322 -371  2
4013500 2675500 10 18 14   8.3  983 251  5.1 6  5.5  78   34  173 310 -376  2
4013500 2675500 10 18 15   9.4  983 258  4.8 5  5.5  75   69  150 298 -378  2
4013500 2675500 10 18 16   9.6  983 258  3.7 4  5.3  70   64   97 290 -376  2
4013500 2675500 10 18 17   8.7  983 265  3.0 3  5.3  71   24   43 282 -370  2
4013500 2675500 10 18 18   8.2  984 250  3.0 3  5.1  72    0    0 276 -362  2
4013500 2675500 10 18 19   7.2  984 234  2.0 4  5.0  75    0    0 277 -355  2
4013500 2675500 10 18 20   5.7  985 246  2.0 3  5.0  81    0    0 275 -349  2
4013500 2675500 10 18 21   5.9  985 247  1.6 0  4.9  84    0    0 255 -345  2
4013500 2675500 10 18 22   4.9  985 239  1.7 0  4.9  86    0    0 241 -341  2
4013500 2675500 10 18 23   4.7  985 227  1.4 0  4.8  88    0    0 238 -337  2
4013500 2675500 10 18 24   4.2  986 222  1.3 0  4.7  88    0    0 237 -333  2
4013500 2675500 10 19  1   3.6  986 247  1.4 3  4.6  90    0    0 245 -330  2
4013500 2675500 10 19  2   2.3  986 146  0.8 4  4.4  92    0    0 254 -329  2
4013500 2675500 10 19  3   1.1  986 149  1.2 6  4.2  95    0    0 257 -329  2
4013500 2675500 10 19  4   1.2  986 138  0.6 6  4.1  96    0    0 258 -328  2
4013500 2675500 10 19  5   1.7  986 114  0.8 3  4.1  95    0    0 250 -327  2
4013500 2675500 10 19  6   1.2  986 139  1.1 5  4.1  95    0    0 248 -327  2
4013500 2675500 10 19  7   1.1  986 117  2.1 6  4.0  95    0    1 259 -326  2
4013500 2675500 10 19  8   1.4  986 124  1.9 6  4.1  96    7   35 265 -327  2
4013500 2675500 10 19  9   2.8  986 147  1.9 5  4.4  96   49  101 264 -330  2
4013500 2675500 10 19 10   4.9  986 139  1.8 5  4.8  94  117  149 263 -340  2
4013500 2675500 10 19 11   7.4  986 139  1.9 4  5.3  87  224  156 266 -352  2
4013500 2675500 10 19 12   9.5  986 145  2.3 4  5.6  79  303  149 268 -365  2
4013500 2675500 10 19 13  10.5  986 167  3.2 2  5.6  71  319  144 267 -376  2
4013500 2675500 10 19 14  10.5  985 178  3.3 3  5.3  65  260  147 266 -383  2
4013500 2675500 10 19 15  11.3  984 187  3.4 6  5.2  62   81  160 280 -385  2
4013500 2675500 10 19 16  10.7  984 172  2.9 5  5.1  61   65  103 286 -381  2
4013500 2675500 10 19 17   9.5  984 193  2.3 7  5.1  64    9   41 286 -373  2
4013500 2675500 10 19 18   8.0  984 198  2.1 7  5.0  70    0    0 287 -362  2
4013500 2675500 10 19 19   7.3  984 168  2.0 4  5.0  75    0    0 277 -352  2
4013500 2675500 10 19 20   6.1  985 156  2.2 4  5.1  81    0    0 266 -345  2
4013500 2675500 10 19 21   6.1  985 156  2.3 1  5.0  83    0    0 255 -340  2
4013500 2675500 10 19 22   5.3  985 158  2.5 1  4.9  84    0    0 245 -337  2
4013500 2675500 10 19 23   5.3  985 139  2.6 0  4.8  84    0    0 241 -334  2
4013500 2675500 10 19 24   5.3  985 142  2.1 0  4.7  82    0    0 239 -331  2
4013500 2675500 10 20  1   4.0  985 137  1.3 1  4.6  84    0    0 240 -329  2
4013500 2675500 10 20  2   4.3  986 122  1.5 3  4.5  86    0    0 246 -327  2
4013500 2675500 10 20  3   2.5  986 154  1.9 4  4.4  88    0    0 253 -326  2
4013500 2675500 10 20  4   2.0  986 150  1.4 4  4.3  94    0    0 253 -324  2
4013500 2675500 10 20  5   2.2  986 132  1.8 3  4.3  95    0    0 249 -323  2
4013500 2675500 10 20  6   3.7  986 126  1.8 4  4.4  92    0    0 252 -322  2
4013500 2675500 10 20  7   3.6  986 135  2.6 7  4.6  90    0    1 266 -322  2
4013500 2675500 10 20  8   4.2  987 136  2.5 6  4.7  91    1   26 273 -322  2
4013500 2675500 10 20  9   5.5  987 138  2.8 6  4.9  89    6   83 272 -327  2
4013500 2675500 10 20 10   6.7  988 141  3.6 6  5.2  86   45  152 276 -337  2
4013500 2675500 10 20 11   9.2  989 137  2.8 3  5.5  80  138  181 274 -352  2
4013500 2675500 10 20 12  10.3  989 153  2.9 4  5.9  77  130  209 275 -367  2
4013500 2675500 10 20 13  11.4  989 166  3.8 4  6.2  74  166  199 283 -379  2
4013500 2675500 10 20 14  11.1  988 179  3.6 4  6.0  71  170  174 286 -387  2
4013500 2675500 10 20 15  11.2  988 175  3.2 6  5.8  69   59  153 290 -390  2
4013500 2675500 10 20 16  11.6  987 172  2.9 7  5.7  67   23   98 297 -386  2
4013500 2675500 10 20 17  10.3  987 204  2.8 5  5.8  69    4   33 293 -378  2
4013500 2675500 10 20 18   8.8  987 173  2.4 5  5.8  76    0    0 288 -369  2
4013500 2675500 10 20 19   8.2  987 146  2.8 4  5.7  81    0    0 284 -361  2
4013500 2675500 10 20 20   7.6  988 150  2.6 4  5.7  83    0    0 281 -356  2
4013500 2675500 10 20 21   7.1  988 137  2.5 3  5.6  86    0    0 277 -352  2
4013500 2675500 10 20 22   6.5  988 131  2.4 3  5.5  88    0    0 274 -349  2
4013500 2675500 10 20 23   5.9  987 124  2.5 4  5.3  88    0    0 273 -347  2
4013500 2675500 10 20 24   5.4  986 124  2.9 4  5.1  88    0    0 268 -344  2
4013500 2675500 10 21  1   4.9  980 126  3.7 6  4.9  88    0    0 294 -338  2
4013500 2675500 10 21  2   4.6  978 134  4.6 6  4.8  87    0    0 296 -338  2
4013500 2675500 10 21  3   4.3  978 132  5.4 7  4.7  87    0    0 297 -337  2
4013500 2675500 10 21  4   4.3  976 134  5.9 7  4.7  88    0    0 299 -337  2
4013500 2675500 10 21  5   4.3  975 134  5.4 7  4.7  88    0    0 301 -337  2
4013500 2675500 10 21  6   4.2  974 143  5.9 7  4.8  90    0    0 302 -338  2
4013500 2675500 10 21  7   4.6  973 150  4.3 8  4.8  89    0    0 311 -337  2
4013500 2675500 10 21  8   5.4  972 145  4.2 8  4.9  86    0   18 320 -338  2
4013500 2675500 10 21  9   6.6  971 141  4.8 7  4.9  81    1   72 319 -340  2
4013500 2675500 10 21 10   7.1  970 130  4.4 6  5.2  80    0  103 314 -345  2
4013500 2675500 10 21 11   7.7  970 127  4.2 7  5.5  82    0   82 317 -351  2
4013500 2675500 10 21 12   6.3  969 187  3.1 7  5.7  88    0   76 324 -356  2
4013500 2675500 10 21 13   7.2  969 170  2.6 6  6.0  93    0   92 319 -365  2
4013500 2675500 10 21 14   7.7  968 178  2.4 7  6.3  94    0   71 321 -371  2
4013500 2675500 10 21 15   7.4  967 186  3.0 8  6.5  96    0   65 337 -374  2
4013500 2675500 10 21 16   8.8  967 213  4.2 7  6.7  95    0   46 340 -376  2
4013500 2675500 10 21 17   8.4  968 211  3.9 8  6.9  95    0   11 343 -377  2
4013500 2675500 10 21 18   9.1  967 212  3.8 7  7.1  96    0    0 345 -378  2
4013500 2675500 10 21 19   9.6  967 208  3.7 8  7.4  96    0    0 347 -379  2
4013500 2675500 10 21 20  10.1  967 159  3.2 8  7.5  95    0    0 355 -379  2
4013500 2675500 10 21 21  11.1  966 196  2.7 8  7.8  93    0    0 357 -379  2
4013500 2675500 10 21 22  11.0  966 160  2.7 8  8.0  93    0    0 358 -379  2
4013500 2675500 10 21 23  11.2  966 145  3.0 8  8.2  94    0    0 359 -379  2
4013500 2675500 10 21 24  10.8  965 134  3.4 5  8.2  96    0    0 341 -378  2
4013500 2675500 10 22  1  10.6  965 180  2.4 7  8.1  96    0    0 333 -378  2
4013500 2675500 10 22  2  10.6  964 146  2.8 5  8.1  97    0    0 330 -378  2
4013500 2675500 10 22  3  11.1  964 139  1.9 8  8.3  97    0    0 338 -377  2
4013500 2675500 10 22  4  11.3  963 171  1.9 8  8.5  97    0    0 356 -376  2
4013500 2675500 10 22  5  11.2  963 205  1.7 8  8.6  97    0    0 356 -375  2
4013500 2675500 10 22  6  11.3  962 206  2.0 8  8.6  97    0    0 355 -374  2
4013500 2675500 10 22  7  11.2  962 186  2.0 7  8.5  97    0    0 349 -372  2
4013500 2675500 10 22  8  11.2  962 101  2.2 8  8.5  97    2   27 348 -371  2
4013500 2675500 10 22  9  11.7  962 177  3.0 7  8.6  97    0   60 349 -372  2
4013500 2675500 10 22 10  11.9  962 206  2.8 8  8.9  98    0   51 351 -375  2
4013500 2675500 10 22 11  12.4  962 204  3.1 8  9.1  98    0   50 357 -380  2
4013500 2675500 10 22 12  12.9  963 247  3.2 8  9.3  96    0   56 359 -384  2
4013500 2675500 10 22 13  13.4  963 246  2.9 7  9.4  94    0  116 355 -386  2
4013500 2675500 10 22 14  13.8  962 209  3.7 7  9.3  90   33  167 351 -385  2
4013500 2675500 10 22 15  14.3  962 174  2.9 7  9.2  87   42  144 353 -383  2
4013500 2675500 10 22 16  14.3  962 168  3.7 8  9.3  87    5   74 359 -381  2
4013500 2675500 10 22 17  13.6  962 166  3.0 7  9.3  89    4   35 359 -381  2
4013500 2675500 10 22 18  13.2  961 182  3.2 7  9.2  91    0    2 353 -380  2
4013500 2675500 10 22 19  13.3  960 173  3.4 7  9.1  91    0    0 353 -379  2
4013500 2675500 10 22 20  13.1  960 181  3.5 7  9.0  90    0    0 352 -378  2
4013500 2675500 10 22 21  12.9  960 185  3.7 6  8.8  89    0    0 348 -378  2
4013500 2675500 10 22 22  13.0  960 184  4.4 7  8.5  86    0    0 348 -377  2
4013500 2675500 10 22 23  13.2  959 189  4.5 7  8.3  84    0    0 352 -376  2
4013500 2675500 10 22 24  12.8  958 177  5.2 7  8.4  84    0    0 351 -375  2
4013500 2675500 10 23  1  12.7  958 181  5.9 6  8.4  86    0    0 347 -374  2
4013500 2675500 10 23  2  12.6  957 171  6.5 7  8.3  86    0    0 345 -374  2
4013500 2675500 10 23  3  12.2  956 179  8.0 6  8.5  89    0    0 345 -372  2
4013500 2675500 10 23  4  12.5  956 209  6.6 7  8.8  92    0    0 343 -370  2
4013500 2675500 10 23  5  12.5  956 214  7.7 7  8.8  92    0    0 347 -369  2
4013500 2675500 10 23  6  12.8  957 208  6.2 8  8.8  91    0    0 350 -365  2
4013500 2675500 10 23  7  12.4  957 221  5.4 7  8.7  90    0    0 348 -361  2
4013500 2675500 10 23  8  12.9  957 216  5.6 7  8.6  89    5   34 341 -358  2
4013500 2675500 10 23  9  12.9  958 213  5.7 5  8.6  87   13  101 332 -357  2
4013500 2675500 10 23 10  13.0  959 207  6.5 7  8.7  88    0   96 330 -356  2
4013500 2675500 10 23 11  13.0  959 221  6.7 8  8.6  87    0   42 339 -356  2
4013500 2675500 10 23 12  11.9  960 240  6.5 8  8.2  86    0   56 337 -356  2
4013500 2675500 10 23 13  11.2  961 241  5.3 8  7.7  86    0   96 330 -357  2
4013500 2675500 10 23 14  11.3  962 236  5.1 8  7.3  83    0   65 326 -358  2
4013500 2675500 10 23 15   9.9  963 268  6.3 8  6.8  81    0   44 319 -358  2
4013500 2675500 10 23 16   9.4  965 261  5.3 6  6.4  82    6   85 306 -355  2
4013500 2675500 10 23 17   8.6  966 263  4.5 7  6.0  80    7   45 297 -349  2
4013500 2675500 10 23 18   7.4  967 254  3.7 6  5.7  82    0    2 293 -344  2
4013500 2675500 10 23 19   7.4  968 253  3.7 8  5.7  84    0    0 294 -339  2
4013500 2675500 10 23 20   6.9  969 285  2.9 7  5.6  85    0    0 297 -336  2
4013500 2675500 10 23 21   6.9  970 247  3.3 6  5.5  84    0    0 287 -334  2
4013500 2675500 10 23 22   6.7  971 253  4.1 5  5.3  83    0    0 278 -331  2
4013500 2675500 10 23 23   6.1  972 253  3.0 5  5.2  84    0    0 273 -329  2
4013500 2675500 10 23 24   5.7  972 242  3.6 4  5.1  85    0    0 268 -328  2
4013500 2675500 10 24  1   5.5  973 247  3.1 5  5.0  85    0    0 267 -328  2
4013500 2675500 10 24  2   5.3  974 235  3.2 4  5.0  86    0    0 266 -329  2
4013500 2675500 10 24  3   4.7  974 225  2.9 3  4.9  88    0    0 256 -332  2
4013500 2675500 10 24  4   5.1  974 219  3.5 5  5.0  88    0    0 259 -334  2
4013500 2675500 10 24  5   5.5  974 222  4.2 8  5.1  88    0    0 282 -335  2
4013500 2675500 10 24  6   5.3  974 242  3.9 8  5.2  89    0    0 295 -335  2
4013500 2675500 10 24  7   5.0  974 243  4.0 6  5.0  88    0    0 286 -333  2
4013500 2675500 10 24  8   5.4  975 247  3.5 7  4.9  86   13   35 282 -332  2
4013500 2675500 10 24  9   6.1  975 256  4.2 4  4.9  82   22   94 274 -334  2
4013500 2675500 10 24 10   7.1  976 248  5.0 5  4.9  78   18  140 268 -339  2
4013500 2675500 10 24 11   8.3  976 244  5.3 4  4.9  72   96  198 273 -347  2
4013500 2675500 10 24 12   9.1  977 245  5.2 3  4.7  65  123  227 270 -353  2
4013500 2675500 10 24 13   9.1  977 250  5.1 4  4.4  59  113  228 274 -357  2
4013500 2675500 10 24 14  10.0  977 243  4.4 4  4.2  55  114  207 281 -356  2
4013500 2675500 10 24 15  10.1  977 245  4.7 4  4.2  53  108  165 285 -357  2
4013500 2675500 10 24 16   9.5  977 227  3.6 3  4.2  53   71  109 285 -357  2
4013500 2675500 10 24 17   8.0  977 203  2.5 4  4.2  58   15   42 284 -355  2
4013500 2675500 10 24 18   6.1  977 192  2.0 3  4.4  68    0    2 278 -353  2
4013500 2675500 10 24 19   5.3  978 170  1.6 4  4.5  77    0    0 270 -352  2
4013500 2675500 10 24 20   5.3  978 188  1.6 5  4.6  81    0    0 276 -352  2
4013500 2675500 10 24 21   5.0  978 195  2.4 6  4.7  84    0    0 285 -353  2
4013500 2675500 10 24 22   4.4  978 164  1.8 5  4.8  88    0    0 285 -354  2
4013500 2675500 10 24 23   4.7  978 167  1.7 5  5.0  92    0    0 280 -355  2
4013500 2675500 10 24 24   4.6  977 178  1.4 7  5.0  92    0    0 295 -355  2
4013500 2675500 10 25  1   4.7  977 192  3.2 6  5.1  93    0    0 302 -356  2
4013500 2675500 10 25  2   4.8  976 164  2.9 5  5.1  92    0    0 288 -356  2
4013500 2675500 10 25  3   5.1  976 165  3.5 6  5.1  91    0    0 288 -356  2
4013500 2675500 10 25  4   5.5  975 166  3.6 6  5.3  92    0    0 296 -356  2
4013500 2675500 10 25  5   6.2  974 159  4.2 7  5.4  90    0    0 306 -357  2
4013500 2675500 10 25  6   6.5  974 189  4.8 7  5.5  88    0    0 315 -358  2
4013500 2675500 10 25  7   6.3  973 164  3.4 8  5.6  91    0    0 322 -359  2
4013500 2675500 10 25  8   6.9  972 185  3.6 8  5.9  93   10   12 329 -359  2
4013500 2675500 10 25  9   7.5  972 186  3.9 6  6.2  93   40   43 317 -361  2
4013500 2675500 10 25 10   8.1  972 192  4.4 6  6.4  94    5   87 307 -363  2
4013500 2675500 10 25 11   8.6  971 191  4.9 6  6.7  94    0   77 311 -365  2
4013500 2675500 10 25 12   8.8  971 177  4.6 7  7.0  95   10  124 320 -368  2
4013500 2675500 10 25 13   9.5  971 190  5.2 8  7.2  96    0   84 334 -368  2
4013500 2675500 10 25 14  10.6  969 199  5.2 7  7.5  93    0   70 338 -369  2
4013500 2675500 10 25 15  10.9  969 168  4.6 7  7.7  92    0   65 339 -369  2
4013500 2675500 10 25 16  10.9  967 167  4.6 7  8.0  94    0   53 342 -369  2
4013500 2675500 10 25 17  10.8  966 172  4.5 8  8.1  96    0   18 349 -371  2
4013500 2675500 10 25 18  11.1  964 170  5.9 8  8.2  96    0    0 357 -373  2
4013500 2675500 10 25 19  11.1  962 193  7.0 8  8.3  96    0    0 360 -375  2
4013500 2675500 10 25 20  12.5  961 224  5.9 7  8.6  94    0    0 356 -377  2
4013500 2675500 10 25 21  12.9  961 241  6.4 7  8.9  92    0    0 352 -377  2
4013500 2675500 10 25 22  12.8  962 252  6.7 7  8.4  86    0    0 352 -377  2
4013500 2675500 10 25 23  11.9  963 246  6.1 7  7.6  80    0    0 349 -375  2
4013500 2675500 10 25 24  11.4  964 238  5.7 7  7.1  78    0    0 345 -373  2
4013500 2675500 10 26  1  11.5  964 239  6.7 5  6.7  76    0    0 334 -369  2
4013500 2675500 10 26  2  11.4  965 228  6.3 6  6.6  75    0    0 326 -367  2
4013500 2675500 10 26  3   9.2  965 260  6.9 6  6.5  80    0    0 326 -365  2
4013500 2675500 10 26  4   9.4  966 247  5.9 7  6.2  81    0    0 324 -363  2
4013500 2675500 10 26  5   9.9  966 244  8.5 6  6.0  76    0    0 323 -361  2
4013500 2675500 10 26  6   9.9  966 238  7.6 7  5.9  74    0    0 322 -358  2
4013500 2675500 10 26  7   9.6  967 244  8.5 7  5.8  74    0    0 326 -357  2
4013500 2675500 10 26  8   9.9  968 249  7.8 6  5.7  72   20   12 321 -357  2
4013500 2675500 10 26  9  10.2  970 251  7.9 8  5.7  71   11   59 326 -358  2
4013500 2675500 10 26 10  10.7  971 242  8.3 8  5.7  69    8   95 338 -359  2
4013500 2675500 10 26 11  11.1  972 252  9.3 5  5.6  66  116   87 325 -362  2
4013500 2675500 10 26 12  11.7  974 246  9.0 7  5.6  64   96  116 321 -366  2
4013500 2675500 10 26 13  12.5  974 256  8.9 7  5.4  59   52  130 331 -366  2
4013500 2675500 10 26 14  12.6  975 251  8.1 5  4.9  52  131   76 322 -364  2
4013500 2675500 10 26 15  12.5  976 257  7.2 6  4.7  50   14   95 315 -365  2
4013500 2675500 10 26 16  11.8  977 267  6.6 7  4.7  51    0   54 319 -365  2
4013500 2675500 10 26 17  10.3  977 253  5.4 7  4.9  58    0   18 315 -362  2
4013500 2675500 10 26 18   9.7  979 257  3.6 6  5.4  68    0    0 306 -358  2
4013500 2675500 10 26 19   9.8  980 263  3.6 6  5.6  72    0    0 299 -353  2
4013500 2675500 10 26 20   9.4  981 263  3.7 6  5.6  72    0    0 298 -348  2
4013500 2675500 10 26 21   9.4  982 250  3.9 6  5.6  74    0    0 297 -346  2
4013500 2675500 10 26 22   9.4  983 251  4.5 5  5.5  73    0    0 293 -345  2
4013500 2675500 10 26 23   9.1  983 251  4.1 5  5.4  73    0    0 290 -342  2
4013500 2675500 10 26 24   8.7  983 237  3.7 3  5.4  74    0    0 281 -339  2
4013500 2675500 10 27  1   8.5  983 231  3.1 6  5.4  76    0    0 284 -337  2
4013500 2675500 10 27  2   8.5  983 211  3.8 8  5.5  78    0    0 305 -335  2
4013500 2675500 10 27  3   8.6  983 189  3.5 8  5.9  82    0    0 316 -333  2
4013500 2675500 10 27  4   8.5  982 163  3.3 8  6.2  87    0    0 316 -333  2
4013500 2675500 10 27  5   8.8  980 181  4.6 7  6.4  88    0    0 315 -335  2
4013500 2675500 10 27  6   8.9  979 135  3.2 8  6.4  88    0    0 319 -339  2
4013500 2675500 10 27  7   8.6  977 145  2.8 8  6.5  89    0    0 327 -341  2
4013500 2675500 10 27  8   8.9  975 169  5.4 8  6.6  90    0    7 331 -344  2
4013500 2675500 10 27  9   8.9  974 174  7.4 7  6.7  91    0   27 329 -352  2
4013500 2675500 10 27 10   9.8  972 223  6.3 7  6.9  91    0   44 328 -360  2
4013500 2675500 10 27 11   9.6  972 216  7.3 7  7.3  93    0   61 332 -362  2
4013500 2675500 10 27 12  11.0  970 224  9.3 7  7.8  95    0   95 336 -365  2
4013500 2675500 10 27 13  12.4  968 214  7.6 7  8.3  92    0   69 344 -367  2
4013500 2675500 10 27 14  13.3  966 223  8.1 5  8.6  88    0   78 337 -368  2
4013500 2675500 10 27 15  13.5  964 239  9.7 4  8.1  80   10  116 324 -369  2
4013500 2675500 10 27 16  13.0  964 254  7.6 5  6.8  68   56   92 326 -370  2
4013500 2675500 10 27 17  12.9  965 240 12.3 4  5.5  56    4   29 323 -366  2
4013500 2675500 10 27 18  12.5  966 250 11.1 5  4.8  50    0    0 319 -358  2
4013500 2675500 10 27 19  11.2  966 250 11.1 6  4.9  54    0    0 324 -354  2
4013500 2675500 10 27 20  10.0  968 248 11.3 7  5.3  64    0    0 329 -351  2
4013500 2675500 10 27 21   9.7  969 249 10.5 7  5.6  70    0    0 331 -349  2
4013500 2675500 10 27 22   8.6  971 267 10.4 7  5.8  77    0    0 327 -348  2
4013500 2675500 10 27 23   8.5  972 267  9.0 8  5.9  82    0    0 330 -346  2
4013500 2675500 10 27 24   8.4  975 263  8.7 4  5.8  80    0    0 313 -344  2
4013500 2675500 10 28  1   8.0  976 270  8.4 8  5.5  79    0    0 310 -343  2
4013500 2675500 10 28  2   7.6  979 264  7.0 8  5.3  77    0    0 328 -341  2
4013500 2675500 10 28  3   7.4  980 262  7.5 7  4.9  74    0    0 320 -341  2
4013500 2675500 10 28  4   7.5  982 264  7.0 8  4.8  72    0    0 320 -340  2
4013500 2675500 10 28  5   7.3  984 257  5.6 8  4.7  72    0    0 325 -340  2
4013500 2675500 10 28  6   6.9  985 264  5.7 7  4.9  75    0    0 318 -340  2
4013500 2675500 10 28  7   6.5  986 262  5.9 6  4.9  79    0    0 305 -341  2
4013500 2675500 10 28  8   6.5  986 259  6.4 7  4.9  79    2   19 304 -341  2
4013500 2675500 10 28  9   7.2  987 267  7.0 4  4.9  77   45   73 293 -342  2
4013500 2675500 10 28 10   7.5  988 259  5.7 6  4.9  75    3  102 288 -343  2
4013500 2675500 10 28 11   8.1  989 261  6.7 8  5.0  74    0   89 312 -345  2
4013500 2675500 10 28 12   8.7  990 278  6.9 6  4.9  70   59  174 310 -347  2
4013500 2675500 10 28 13   8.6  990 271  6.2 6  4.8  67   60  171 297 -350  2
4013500 2675500 10 28 14   9.9  990 263  5.9 5  4.7  63   64  151 290 -351  2
4013500 2675500 10 28 15   9.8  990 265  6.6 3  4.6  59   84  116 276 -351  2
4013500 2675500 10 28 16   9.2  990 264  5.8 3  4.5  60   60   75 266 -349  2
4013500 2675500 10 28 17   8.4  990 257  4.9 4  4.4  62   13   29 265 -343  2
4013500 2675500 10 28 18   7.7  991 258  4.3 3  4.4  64    0    0 261 -337  2
4013500 2675500 10 28 19   7.3  991 267  3.6 2  4.4  66    0    0 253 -333  2
4013500 2675500 10 28 20   6.6  991 257  3.2 2  4.4  70    0    0 248 -330  2
4013500 2675500 10 28 21   6.1  991 264  2.4 3  4.5  74    0    0 248 -328  2
4013500 2675500 10 28 22   5.9  991 263  2.0 4  4.5  77    0    0 255 -327  2
4013500 2675500 10 28 23   5.4  992 244  1.2 4  4.5  78    0    0 257 -326  2
4013500 2675500 10 28 24   5.3  992 228  0.7 4  4.5  80    0    0 256 -325  2
4013500 2675500 10 29  1   4.8  992 192  0.9 4  4.5  81    0    0 255 -324  2
4013500 2675500 10 29  2   4.4  992 168  1.2 5  4.5  83    0    0 258 -323  2
4013500 2675500 10 29  3   4.1  992 139  1.6 5  4.4  85    0    0 261 -323  2
4013500 2675500 10 29  4   3.9  992  65  0.4 6  4.4  86    0    0 267 -323  2
4013500 2675500 10 29  5   3.7  991 141  2.3 6  4.4  87    0    0 271 -323  2
4013500 2675500 10 29  6   3.3  991 159  2.5 5  4.4  89    0    0 265 -324  2
4013500 2675500 10 29  7   2.9  991 150  2.5 4  4.4  90    0    0 255 -323  2
4013500 2675500 10 29  8   3.3  991 138  2.8 5  4.3  90    0   17 256 -323  2
4013500 2675500 10 29  9   4.1  991 146  3.0 5  4.5  89   42   78 263 -325  2
4013500 2675500 10 29 10   6.4  990 134  3.4 4  4.8  85  147  106 262 -330  2
4013500 2675500 10 29 11   7.1  990 135  3.5 4  5.0  80  148  151 262 -337  2
4013500 2675500 10 29 12   7.6  990 146  3.6 6  5.1  77   55  183 274 -344  2
4013500 2675500 10 29 13   8.5  989 148  3.8 8  5.1  75    5  141 298 -349  2
4013500 2675500 10 29 14   8.4  988 141  3.4 8  5.1  73   11  141 311 -350  2
4013500 2675500 10 29 15   8.4  986 164  3.3 8  5.1  72   12  114 312 -347  2
4013500 2675500 10 29 16   8.4  986 145  3.5 7  5.1  73   10   74 310 -347  2
4013500 2675500 10 29 17   7.6  985 121  3.3 8  5.2  76    0   14 311 -347  2
4013500 2675500 10 29 18   7.2  983 128  3.2 8  5.3  80    0    0 317 -343  2
4013500 2675500 10 29 19   7.1  983 156  2.3 7  5.3  81    0    0 312 -340  2
4013500 2675500 10 29 20   6.9  982 141  3.7 8  5.3  82    0    0 313 -340  2
4013500 2675500 10 29 21   6.7  981 137  4.3 8  5.3  84    0    0 320 -341  2
4013500 2675500 10 29 22   6.7  980 141  4.6 7  5.3  85    0    0 314 -341  2
4013500 2675500 10 29 23   6.4  979 147  3.9 7  5.4  86    0    0 309 -341  2
4013500 2675500 10 29 24   6.8  978 131  4.2 8  5.4  86    0    0 315 -342  2
4013500 2675500 10 30  1   7.4  977 141  3.2 8  5.4  83    0    0 322 -342  2
4013500 2675500 10 30  2   7.2  977 152  3.6 8  5.4  82    0    0 324 -342  2
4013500 2675500 10 30  3   7.6  976 154  2.9 8  5.6  84    0    0 326 -342  2
4013500 2675500 10 30  4   7.1  976 158  2.3 6  5.7  86    0    0 313 -343  2
4013500 2675500 10 30  5   7.0  976 145  1.1 7  5.9  91    0    0 308 -344  2
4013500 2675500 10 30  6   7.1  976 134  1.4 7  6.2  95    0    0 315 -346  2
4013500 2675500 10 30  7   8.1  976 205  1.1 8  6.4  94    0    0 325 -347  2
4013500 2675500 10 30  8   8.2  977 277  0.4 8  6.5  93    0    8 335 -347  2
4013500 2675500 10 30  9   7.9  978 320  0.4 8  6.5  94    0   25 336 -349  2
4013500 2675500 10 30 10   7.9  979 340  1.3 8  6.4  93    0   38 336 -351  2
4013500 2675500 10 30 11   8.2  979  21  1.8 8  6.3  91    0   50 337 -352  2
4013500 2675500 10 30 12   7.7  980  40  2.5 8  6.2  90    0  110 338 -353  2
4013500 2675500 10 30 13   8.7  980  27  1.9 5  6.0  86   55  179 317 -353  2
4013500 2675500 10 30 14   9.4  980  88  1.4 5  5.8  78   56  159 297 -353  2
4013500 2675500 10 30 15  10.2  980 209  1.0 4  5.6  72   51  127 289 -352  2
4013500 2675500 10 30 16   9.7  980 355  0.9 5  5.5  70   28   80 287 -352  2
4013500 2675500 10 30 17   8.3  981  27  1.9 7  5.5  74    2   24 304 -352  2
4013500 2675500 10 30 18   6.6  981   5  2.8 6  5.4  82    0    0 306 -350  2
4013500 2675500 10 30 19   5.9  982  69  2.3 5  5.3  87    0    0 287 -347  2
4013500 2675500 10 30 20   5.6  983  86  1.8 5  5.3  90    0    0 279 -346  2
4013500 2675500 10 30 21   5.5  983 184  1.0 5  5.3  92    0    0 279 -345  2
4013500 2675500 10 30 22   5.7  983 175  1.3 6  5.4  92    0    0 287 -345  2
4013500 2675500 10 30 23   6.1  983 156  1.7 6  5.4  91    0    0 296 -345  2
4013500 2675500 10 30 24   6.0  983 169  0.8 8  5.4  90    0    0 312 -345  2
4013500 2675500 10 31  1   5.8  983 131  1.2 4  5.4  91    0    0 299 -345  2
4013500 2675500 10 31  2   5.8  983 142  1.5 6  5.3  90    0    0 288 -345  2
4013500 2675500 10 31  3   5.2  983  35  0.1 4  5.3  91    0    0 287 -345  2
4013500 2675500 10 31  4   5.4  983  67  1.3 5  5.3  93    0    0 281 -345  2
4013500 2675500 10 31  5   4.9  983  77  1.2 4  5.4  95    0    0 281 -345  2
4013500 2675500 10 31  6   5.5  983  44  1.2 4  5.3  94    0    0 276 -346  2
4013500 2675500 10 31  7   5.4  983 134  0.7 7  5.5  95    0    0 293 -346  2
4013500 2675500 10 31  8   5.2  983 100  0.8 7  5.6  98    0   10 307 -347  2
4013500 2675500 10 31  9   5.5  983 112  1.2 7  5.7  99    0   53 307 -348  2
4013500 2675500 10 31 10   5.8  983 135  2.0 8  5.7  98    0   69 313 -349  2
4013500 2675500 10 31 11   6.1  983 136  1.2 8  5.8  97    0   53 319 -352  2
4013500 2675500 10 31 12   6.8  983 160  1.0 8  5.9  96    0   66 320 -356  2
4013500 2675500 10 31 13   7.1  983 138  1.7 6  6.1  95    0   92 311 -357  2
4013500 2675500 10 31 14   7.4  983 161  2.2 7  6.2  95    0   56 306 -358  2
4013500 2675500 10 31 15   7.4  983 148  1.3 7  6.3  95    0   53 312 -358  2
4013500 2675500 10 31 16   7.4  983  73  0.9 8  6.3  96    0   24 320 -358  2
4013500 2675500 10 31 17   7.5  983 300  0.9 8  6.4  97    0    9 327 -357  2
4013500 2675500 10 31 18   7.5  984  30  1.2 8  6.4  96    0    0 328 -356  2
4013500 2675500 10 31 19   7.0  984  36  1.2 6  6.3  96    0    0 314 -355  2
4013500 2675500 10 31 20   6.4  985  53  0.7 7  6.1  97    0    0 307 -354  2
4013500 2675500 10 31 21   6.2  985  69  0.6 4  6.0  98    0    0 294 -354  2
4013500 2675500 10 31 22   4.9  985  93  0.7 4  5.7  99    0    0 274 -354  2
4013500 2675500 10 31 23   4.4  985   1  1.1 5  5.4  99    0    0 278 -353  2
4013500 2675500 10 31 24   4.9  985 314  1.0 2  5.3  98    0    0 267 -353  2
4013500 2675500 11  1  1   4.9  986  81  0.9 8  5.4  98    0    0 319 -353  2
4013500 2675500 11  1  2   4.9  986  58  0.5 8  5.4  97    0    0 321 -353  2
4013500 2675500 11  1  3   4.9  986 337  0.4 5  5.4  97    0    0 304 -352  2
4013500 2675500 11  1  4   4.2  986 113  1.2 4  5.3  98    0    0 279 -351  2
4013500 2675500 11  1  5   3.8  986 283  1.6 4  5.1  99    0    0 272 -347  2
4013500 2675500 11  1  6   3.1  986 251  1.3 6  4.9  99    0    0 281 -343  2
4013500 2675500 11  1  7   2.2  986 266  1.5 7  4.7  99    0    0 294 -343  2
4013500 2675500 11  1  8   3.2  986 255  2.2 7  4.7  99    0    9 298 -340  2
4013500 2675500 11  1  9   3.6  986 312  2.1 6  4.9  98   30   25 293 -338  2
4013500 2675500 11  1 10   4.9  986 195  2.0 6  5.2  99    5   70 289 -343  2
4013500 2675500 11  1 11   6.4  986 145  1.8 7  5.6  96    0   84 299 -354  2
4013500 2675500 11  1 12   7.7  986 107  2.5 7  5.9  91    0   73 308 -365  2
4013500 2675500 11  1 13   8.0  985 244  3.0 8  6.0  89    0   49 315 -372  2
4013500 2675500 11  1 14   8.3  985  11  2.2 8  6.4  92    0   49 322 -374  2
4013500 2675500 11  1 15   8.6  984  45  2.1 8  6.7  94    0   29 323 -374  2
4013500 2675500 11  1 16   8.6  983 319  1.6 8  6.8  94    0   25 324 -373  2
4013500 2675500 11  1 17   8.3  982  77  1.3 8  6.7  95    0    5 323 -369  2
4013500 2675500 11  1 18   8.1  982 153  2.7 8  6.7  95    0    0 322 -365  2
4013500 2675500 11  1 19   8.6  981 158  2.1 8  6.7  95    0    0 323 -362  2
4013500 2675500 11  1 20   8.8  981 156  2.9 8  7.0  97    0    0 324 -362  2
4013500 2675500 11  1 21   9.2  981 160  3.4 8  7.2  97    0    0 327 -362  2
4013500 2675500 11  1 22   9.6  980 162  4.0 8  7.4  97    0    0 333 -361  2
4013500 2675500 11  1 23   9.5  980 172  4.3 8  7.3  96    0    0 335 -358  2
4013500 2675500 11  1 24   8.9  979 182  4.3 7  7.1  94    0    0 337 -357  2
4013500 2675500 11  2  1   8.1  966 198  4.3 7  6.6  93    0    0 305 -353  2
4013500 2675500 11  2  2   7.3  967 211  4.3 6  6.3  93    0    0 302 -351  2
4013500 2675500 11  2  3   6.9  967 221  4.2 6  6.0  92    0    0 303 -348  2
4013500 2675500 11  2  4   6.9  967 220  4.1 6  6.0  92    0    0 303 -346  2
4013500 2675500 11  2  5   7.1  968 213  3.8 6  6.0  92    0    0 309 -347  2
4013500 2675500 11  2  6   6.7  969 196  3.3 7  6.0  91    0    0 315 -347  2
4013500 2675500 11  2  7   6.9  970 212  3.4 6  6.0  93    0    0 310 -345  2
4013500 2675500 11  2  8   6.8  970 213  3.2 6  5.9  92    1   11 306 -343  2
4013500 2675500 11  2  9   7.3  971 212  3.3 6  6.0  92   44   54 308 -345  2
4013500 2675500 11  2 10   8.2  971 203  3.1 7  6.1  89   24  112 316 -349  2
4013500 2675500 11  2 11   8.8  971 216  3.7 8  6.0  82    2  113 329 -353  2
4013500 2675500 11  2 12   9.4  972 209  3.7 6  5.8  77    1  119 325 -357  2
4013500 2675500 11  2 13   9.8  972 203  4.7 7  5.5  71    5  133 321 -360  2
4013500 2675500 11  2 14  10.1  972 206  5.3 7  5.3  67   44  151 327 -362  2
4013500 2675500 11  2 15   9.8  972 209  5.2 4  5.3  66  156   93 313 -362  2
4013500 2675500 11  2 16   9.2  971 193  4.1 5  5.2  67   47   64 302 -361  2
4013500 2675500 11  2 17   8.5  971 189  3.4 7  5.2  71    6   15 315 -359  2
4013500 2675500 11  2 18   8.3  971 195  3.3 6  5.3  74    0    0 319 -358  2
4013500 2675500 11  2 19   7.9  971 191  3.9 5  5.2  75    0    0 309 -358  2
4013500 2675500 11  2 20   8.3  971 201  5.6 5  5.2  74    0    0 305 -358  2
4013500 2675500 11  2 21   8.7  971 201  5.6 5  5.1  71    0    0 308 -359  2
4013500 2675500 11  2 22   8.5  971 201  5.8 7  5.2  71    0    0 317 -360  2
4013500 2675500 11  2 23   8.7  971 210  5.7 7  5.2  72    0    0 327 -360  2
4013500 2675500 11  2 24   8.5  971 213  5.3 7  5.4  75    0    0 328 -361  2
4013500 2675500 11  3  1   7.9  971 209  5.4 8  5.6  80    0    0 332 -361  2
4013500 2675500 11  3  2   8.2  971 212  5.0 8  5.7  82    0    0 337 -361  2
4013500 2675500 11  3  3   8.1  971 204  5.7 5  5.9  83    0    0 322 -361  2
4013500 2675500 11  3  4   8.9  971 201  5.6 7  6.0  84    0    0 319 -361  2
4013500 2675500 11  3  5   9.2  971 205  5.9 6  6.1  82    0    0 326 -361  2
4013500 2675500 11  3  6   9.5  971 205  5.6 7  6.1  80    0    0 325 -361  2
4013500 2675500 11  3  7   9.5  972 208  5.6 7  6.1  79    0    0 332 -361  2
4013500 2675500 11  3  8   9.7  972 213  6.3 7  6.2  80    4    9 332 -361  2
4013500 2675500 11  3  9   9.7  973 209  7.5 8  6.5  83   58   32 338 -362  2
4013500 2675500 11  3 10   9.8  973 216  6.9 5  6.8  86   19   95 328 -365  2
4013500 2675500 11  3 11  10.2  974 217  7.2 5  7.0  87    1  104 312 -369  2
4013500 2675500 11  3 12  10.9  974 218  7.4 4  7.0  85    3  121 309 -374  2
4013500 2675500 11  3 13  12.0  974 224  7.9 2  7.0  79   33  140 294 -378  2
4013500 2675500 11  3 14  11.0  975 224  6.6 1  7.0  79  175   88 280 -379  2
4013500 2675500 11  3 15  11.5  975 235  7.8 4  6.8  78   38   95 292 -379  2
4013500 2675500 11  3 16  11.2  975 222  6.8 5  6.5  75   10   54 313 -376  2
4013500 2675500 11  3 17  11.2  976 236  9.0 8  6.4  74   10   11 330 -372  2
4013500 2675500 11  3 18  10.5  977 236  8.6 7  6.1  73    0    0 337 -368  2
4013500 2675500 11  3 19   9.9  978 232  7.9 6  5.9  73    0    0 323 -364  2
4013500 2675500 11  3 20  10.2  979 230  8.5 4  5.8  73    0    0 309 -361  2
4013500 2675500 11  3 21  10.1  980 234  7.9 8  5.9  74    0    0 318 -359  2
4013500 2675500 11  3 22   9.6  981 236  7.1 8  6.0  77    0    0 337 -358  2
4013500 2675500 11  3 23   9.3  982 235  7.4 8  6.2  81    0    0 335 -359  2
4013500 2675500 11  3 24   9.4  983 229  6.0 7  6.2  83    0    0 330 -360  2
4013500 2675500 11  4  1   9.7  984 254  7.0 6  6.2  81    0    0 321 -357  2
4013500 2675500 11  4  2   8.6  985 251  6.6 8  6.1  82    0    0 325 -354  2
4013500 2675500 11  4  3   8.7  986 258  5.5 7  6.0  84    0    0 328 -351  2
4013500 2675500 11  4  4   8.2  986 249  4.2 6  6.0  84    0    0 318 -349  2
4013500 2675500 11  4  5   8.0  987 242  3.6 7  5.9  85    0    0 315 -346  2
4013500 2675500 11  4  6   8.1  988 245  3.9 5  5.8  84    0    0 310 -343  2
4013500 2675500 11  4  7   7.7  989 251  3.3 2  5.7  84    0    0 286 -342  2
4013500 2675500 11  4  8   7.3  990 216  3.5 3  5.6  85    1   11 274 -344  2
4013500 2675500 11  4  9   8.2  991 243  3.4 3  5.8  86   43   53 279 -347  2
4013500 2675500 11  4 10   9.8  992 251  3.6 3  5.9  80  117   94 282 -352  2
4013500 2675500 11  4 11  10.5  993 272  5.0 4  5.8  74  136  140 290 -359  2
4013500 2675500 11  4 12  11.0  993 265  5.0 3  5.7  69  164  158 292 -366  2
4013500 2675500 11  4 13  11.5  994 253  4.9 3  5.5  65  187  150 287 -373  2
4013500 2675500 11  4 14  11.9  994 259  4.4 2  5.3  61  186  124 282 -376  2
4013500 2675500 11  4 15  12.2  994 254  3.7 2  5.2  58  144   93 278 -375  2
4013500 2675500 11  4 16  11.3  994 281  2.4 2  5.2  60   70   61 276 -371  2
4013500 2675500 11  4 17   9.5  995 282  1.3 3  5.2  66    5   15 275 -364  2
4013500 2675500 11  4 18   7.3  995 246  0.6 3  5.1  73    0    0 270 -355  2
4013500 2675500 11  4 19   7.0  996 252  0.9 2  5.1  79    0    0 262 -349  2
4013500 2675500 11  4 20   5.4  996 171  1.1 3  5.0  83    0    0 258 -346  2
4013500 2675500 11  4 21   4.4  996 132  0.6 4  4.8  88    0    0 260 -343  2
4013500 2675500 11  4 22   3.8  997 169  0.9 2  4.7  91    0    0 256 -339  2
4013500 2675500 11  4 23   3.8  998  74  0.8 2  4.6  92    0    0 249 -335  2
4013500 2675500 11  4 24   2.5  998 117  1.4 1  4.5  93    0    0 244 -332  2
4013500 2675500 11  5  1   2.5  999  98  1.5 1  4.4  96    0    0 238 -330  2
4013500 2675500 11  5  2   2.4  999  96  1.2 1  4.4  97    0    0 238 -329  2
4013500 2675500 11  5  3   2.1  999 106  0.9 1  4.4  98    0    0 237 -327  2
4013500 2675500 11  5  4   1.8  998  35  0.8 1  4.4 100    0    0 236 -326  2
4013500 2675500 11  5  5   2.1  998 136  1.3 0  4.4  99    0    0 232 -325  2
4013500 2675500 11  5  6   1.4  998 127  0.9 2  4.3  99    0    0 236 -324  2
4013500 2675500 11  5  7   1.1  998 147  1.1 3  4.2 100    0    0 246 -323  2
4013500 2675500 11  5  8   1.5  998 155  1.7 3  4.2 100    5   11 250 -322  2
4013500 2675500 11  5  9   2.6  998 154  1.0 4  4.4  99   62   49 257 -323  2
4013500 2675500 11  5 10   2.6 1000 129  1.1 3  4.6  99  155   74 258 -329  2
4013500 2675500 11  5 11   5.9 1000 133  1.2 3  5.1  97  223   92 255 -340  2
4013500 2675500 11  5 12   6.9  999 152  1.7 1  5.5  90  271   96 253 -352  2
4013500 2675500 11  5 13   9.3  999 142  1.5 1  5.6  83  274   97 252 -362  2
4013500 2675500 11  5 14   8.8  998 126  1.0 1  5.8  80  229   96 255 -368  2
4013500 2675500 11  5 15  10.0  998 171  1.5 1  5.7  76  161   82 257 -369  2
4013500 2675500 11  5 16   9.3  998 129  1.6 1  5.5  72   75   56 259 -365  2
4013500 2675500 11  5 17   8.3  996  98  2.0 3  5.3  74    5   14 265 -355  2
4013500 2675500 11  5 18   7.4  997 132  1.4 4  5.1  77    0    0 273 -346  2
4013500 2675500 11  5 19   5.3  997 141  1.3 2  5.1  83    0    0 266 -340  2
4013500 2675500 11  5 20   4.5  997 134  1.4 0  4.9  89    0    0 246 -336  2
4013500 2675500 11  5 21   4.3  997 135  2.0 1  4.8  90    0    0 241 -331  2
4013500 2675500 11  5 22   4.7  997 145  2.1 0  4.8  90    0    0 241 -328  2
4013500 2675500 11  5 23   3.5  997 143  1.7 0  4.6  89    0    0 236 -325  2
4013500 2675500 11  5 24   2.8  997 165  1.6 0  4.3  89    0    0 233 -323  2
4013500 2675500 11  6  1   1.9  997 166  1.2 0  4.2  92    0    0 231 -322  2
4013500 2675500 11  6  2   1.9  997 184  1.3 0  4.2  95    0    0 230 -321  2
4013500 2675500 11  6  3   0.5  996 136  0.8 0  4.1  98    0    0 228 -319  2
4013500 2675500 11  6  4   0.4  996 132  0.8 0  4.0 100    0    0 225 -318  2
4013500 2675500 11  6  5   1.0  996 146  1.2 0  4.0  99    0    0 226 -316  2
4013500 2675500 11  6  6  -0.7  996 174  0.8 0  3.9  99    0    0 224 -315  2
4013500 2675500 11  6  7  -0.5  996  37  0.6 1  3.7 100    0    0 227 -315  2
4013500 2675500 11  6  8   0.5  996  39  0.5 2  3.9 100    3   10 239 -314  2
4013500 2675500 11  6  9   1.7  997  60  0.3 2  4.2 100   70   43 247 -313  2
4013500 2675500 11  6 10   2.9  998 105  0.5 0  4.5 100  174   58 241 -318  2
4013500 2675500 11  6 11   6.2  997  23  0.6 0  4.7  89  257   65 236 -330  2
4013500 2675500 11  6 12   7.6  997 329  1.0 1  4.9  78  298   70 248 -346  2
4013500 2675500 11  6 13  10.0  996 336  1.0 1  5.0  69  300   71 258 -359  2
4013500 2675500 11  6 14  10.4  997  81  3.0 1  5.0  63  253   73 262 -366  2
4013500 2675500 11  6 15  10.8  996 337  3.1 1  5.1  62  171   69 264 -367  2
4013500 2675500 11  6 16  11.2  996  40  2.6 1  4.9  60   77   50 265 -361  2
4013500 2675500 11  6 17   8.1  996  50  3.2 2  4.8  64    5   14 266 -350  2
4013500 2675500 11  6 18   6.3  996  45  3.1 2  4.9  76    0    0 263 -340  2
4013500 2675500 11  6 19   5.3  997  76  3.3 2  4.9  84    0    0 257 -333  2
4013500 2675500 11  6 20   5.0  997  58  3.9 1  4.8  85    0    0 251 -329  2
4013500 2675500 11  6 21   4.1  997  47  3.7 2  4.5  84    0    0 248 -325  2
4013500 2675500 11  6 22   3.3  998  69  3.6 4  4.4  87    0    0 259 -321  2
4013500 2675500 11  6 23   2.9  999 118  2.6 4  4.3  90    0    0 266 -318  2
4013500 2675500 11  6 24   2.0  999 103  2.7 1  4.2  91    0    0 251 -316  2
4013500 2675500 11  7  1   1.5  999  65  1.4 2  4.0  91    0    0 239 -314  2
4013500 2675500 11  7  2   1.0  999  86  1.2 4  3.7  89    0    0 250 -313  2
4013500 2675500 11  7  3   1.0  999  37  1.3 3  3.7  89    0    0 253 -312  2
4013500 2675500 11  7  4   1.5  999  41  2.4 3  3.8  91    0    0 249 -312  2
4013500 2675500 11  7  5   1.8  999  41  2.6 2  3.9  90    0    0 245 -311  2
4013500 2675500 11  7  6   0.7  999  50  2.1 3  3.9  92    0    0 244 -311  2
4013500 2675500 11  7  7   1.7  999  69  2.5 6  3.9  93    0    0 263 -311  2
4013500 2675500 11  7  8   1.7  999  55  2.8 5  4.0  93    2    9 275 -311  2
4013500 2675500 11  7  9   2.2  999  40  4.2 6  4.1  92   75   32 277 -313  2
4013500 2675500 11  7 10   3.0  999  48  4.4 4  4.2  91  152   53 275 -317  2
4013500 2675500 11  7 11   4.2  999  66  4.8 4  4.4  88  113  123 269 -323  2
4013500 2675500 11  7 12   3.6  999  50  4.6 7  4.5  89    3  121 287 -328  2
4013500 2675500 11  7 13   4.1  998  55  3.7 8  4.7  92    0   56 307 -332  2
4013500 2675500 11  7 14   4.5  998  54  4.9 8  4.8  92    0   55 313 -335  2
4013500 2675500 11  7 15   5.0  997  51  5.4 8  4.9  90    0   42 311 -336  2
4013500 2675500 11  7 16   4.3  996  50  5.6 8  4.8  89    0   24 307 -335  2
4013500 2675500 11  7 17   4.3  996  57  5.1 8  4.7  90    0    5 304 -331  2
4013500 2675500 11  7 18   3.8  996  68  4.9 8  4.7  91    0    0 303 -328  2
4013500 2675500 11  7 19   3.7  996  55  4.9 7  4.6  91    0    0 298 -327  2
4013500 2675500 11  7 20   3.7  995  83  4.3 7  4.6  91    0    0 294 -327  2
4013500 2675500 11  7 21   3.9  995  88  4.9 7  4.6  90    0    0 297 -326  2
4013500 2675500 11  7 22   3.6  995  77  3.9 8  4.6  92    0    0 302 -325  2
4013500 2675500 11  7 23   4.3  994  75  4.0 8  4.7  91    0    0 307 -324  2
4013500 2675500 11  7 24   4.5  994  77  3.2 8  4.7  89    0    0 309 -323  2
4013500 2675500 11  8  1   4.1  993  72  2.8 8  4.7  90    0    0 308 -322  2
4013500 2675500 11  8  2   4.1  993  63  2.9 8  4.8  92    0    0 308 -320  2
4013500 2675500 11  8  3   4.1  993  83  2.9 3  4.7  90    0    0 281 -318  2
4013500 2675500 11  8  4   4.3  992  71  3.6 5  4.6  87    0    0 264 -316  2
4013500 2675500 11  8  5   4.1  992  60  2.7 4  4.6  87    0    0 269 -315  2
4013500 2675500 11  8  6   3.6  992  71  3.8 4  4.5  88    0    0 262 -314  2
4013500 2675500 11  8  7   3.2  991  82  4.2 5  4.5  90    0    0 266 -313  2
4013500 2675500 11  8  8   3.8  991  73  3.5 4  4.5  89    0   10 266 -312  2
4013500 2675500 11  8  9   4.4  991  63  4.4 4  4.4  84   51   50 263 -312  2
4013500 2675500 11  8 10   6.4  991  70  5.0 3  4.4  78   88  100 261 -315  2
4013500 2675500 11  8 11   6.4  990  58  4.8 4  4.5  74   86  149 265 -324  2
4013500 2675500 11  8 12   7.2  990  66  6.4 5  4.7  75   90  170 277 -336  2
4013500 2675500 11  8 13   7.6  990  72  6.6 4  4.8  73  106  169 275 -346  2
4013500 2675500 11  8 14   7.9  989  70  5.9 4  4.8  71   65  147 269 -350  2
4013500 2675500 11  8 15   7.5  988  63  5.2 4  4.7  71   79  106 269 -350  2
4013500 2675500 11  8 16   7.1  988  54  3.9 4  4.7  72   48   58 268 -344  2
4013500 2675500 11  8 17   6.1  987  22  4.0 6  4.7  75    4   14 274 -335  2
4013500 2675500 11  8 18   5.9  986  24  3.9 5  4.7  78    0    0 277 -325  2
4013500 2675500 11  8 19   5.0  986  36  3.2 4  4.6  80    0    0 268 -319  2
4013500 2675500 11  8 20   5.0  986  19  3.6 3  4.6  83    0    0 259 -316  2
4013500 2675500 11  8 21   4.3  987 340  3.2 3  4.6  85    0    0 254 -314  2
4013500 2675500 11  8 22   3.8  987 289  1.7 4  4.6  87    0    0 256 -311  2
4013500 2675500 11  8 23   3.6  987 262  2.2 4  4.5  89    0    0 257 -308  2
4013500 2675500 11  8 24   2.9  987 206  2.3 7  4.5  92    0    0 266 -307  2
4013500 2675500 11  9  1   3.0  988 206  1.9 7  4.6  94    0    0 275 -307  2
4013500 2675500 11  9  2   3.3  987 197  1.1 8  4.6  94    0    0 281 -306  2
4013500 2675500 11  9  3   3.0  988 205  1.3 8  4.6  94    0    0 287 -305  2
4013500 2675500 11  9  4   2.7  988 174  1.2 7  4.5  94    0    0 283 -304  2
4013500 2675500 11  9  5   1.7  988 184  1.1 4  4.3  94    0    0 265 -302  2
4013500 2675500 11  9  6   1.4  988 217  1.4 3  4.2  96    0    0 246 -299  2
4013500 2675500 11  9  7   0.8  989 235  1.5 1  4.1  97    0    0 232 -296  2
4013500 2675500 11  9  8   0.9  990 255  1.1 3  4.0  97    1    7 231 -295  2
4013500 2675500 11  9  9   0.6  990 275  0.8 4  4.0  99   55   46 243 -297  2
4013500 2675500 11  9 10   3.1  990 297  1.0 1  4.3  97  137   77 237 -302  2
4013500 2675500 11  9 11   5.4  990 326  1.0 2  4.8  91  204   96 235 -311  2
4013500 2675500 11  9 12   6.2  990 308  0.3 1  5.2  88  244  104 240 -321  2
4013500 2675500 11  9 13   9.3  991  21  0.4 3  5.5  82  216  122 250 -333  2
4013500 2675500 11  9 14  11.1  991 352  0.9 5  5.6  71  180  114 275 -341  2
4013500 2675500 11  9 15  11.3  990  41  1.5 4  5.8  68  112   95 282 -343  2
4013500 2675500 11  9 16  10.1  990 101  1.1 4  5.8  71   53   54 278 -338  2
4013500 2675500 11  9 17   8.6  990 118  1.6 5  5.6  75    2   11 278 -330  2
4013500 2675500 11  9 18   7.4  991  60  1.5 4  5.4  79    0    0 274 -323  2
4013500 2675500 11  9 19   6.0  990  64  1.1 3  5.3  85    0    0 261 -320  2
4013500 2675500 11  9 20   5.5  990  61  1.4 3  5.2  89    0    0 256 -319  2
4013500 2675500 11  9 21   5.0  991  72  1.1 5  5.1  91    0    0 263 -316  2
4013500 2675500 11  9 22   3.8  991  96  1.2 2  4.9  92    0    0 258 -313  2
4013500 2675500 11  9 23   3.1  991 145  1.3 2  4.8  96    0    0 245 -309  2
4013500 2675500 11  9 24   3.0  991 227  1.0 6  4.6  96    0    0 262 -307  2
4013500 2675500 11 10  1   2.0  991 278  1.1 2  4.5  97    0    0 261 -306  2
4013500 2675500 11 10  2   2.3  991 307  1.1 1  4.5  99    0    0 240 -306  2
4013500 2675500 11 10  3   2.1  991 314  1.4 1  4.5  98    0    0 236 -305  2
4013500 2675500 11 10  4   2.2  991 312  1.2 0  4.5  99    0    0 232 -305  2
4013500 2675500 11 10  5   1.8  991 270  1.2 0  4.4  99    0    0 227 -305  2
4013500 2675500 11 10  6   0.6  991 283  1.3 3  4.2  99    0    0 237 -304  2
4013500 2675500 11 10  7  -0.4  991 284  1.2 7  3.9 100    0    0 263 -304  2
4013500 2675500 11 10  8   0.4  990 280  1.0 6  3.9 100    0    4 276 -303  2
4013500 2675500 11 10  9   0.7  992 276  1.2 6  4.0 100    3   40 274 -304  2
4013500 2675500 11 10 10   1.0  992 290  1.4 5  4.1 100   27   96 271 -308  2
4013500 2675500 11 10 11   2.7  992  26  0.7 5  4.3  98   23  130 271 -315  2
4013500 2675500 11 10 12   3.2  991  52  1.9 5  4.5  94   27  148 274 -324  2
4013500 2675500 11 10 13   4.4  991  38  2.3 5  4.5  89   91  145 276 -334  2
4013500 2675500 11 10 14   4.8  990 358  2.4 4  4.6  85  154  101 271 -341  2
4013500 2675500 11 10 15   3.8  990   8  3.0 3  4.6  87  117   75 258 -342  2
4013500 2675500 11 10 16   2.7  990  39  3.0 4  4.5  92   47   48 252 -337  2
4013500 2675500 11 10 17   1.7  990  23  2.2 4  4.3  96    1   11 250 -327  2
4013500 2675500 11 10 18   1.8  990  88  2.6 4  4.3  96    0    0 247 -318  2
4013500 2675500 11 10 19   1.2  990  77  2.0 5  4.2  97    0    0 248 -314  2
4013500 2675500 11 10 20   0.8  991 118  1.4 6  4.1  98    0    0 252 -312  2
4013500 2675500 11 10 21   1.2  991 136  1.5 8  4.1  98    0    0 260 -310  2
4013500 2675500 11 10 22   0.9  991 137  2.2 7  4.1  98    0    0 262 -308  2
4013500 2675500 11 10 23   1.3  991 123  1.7 7  4.1  96    0    0 258 -307  2
4013500 2675500 11 10 24   1.3  991 115  1.2 7  4.0  95    0    0 259 -306  2
4013500 2675500 11 11  1   1.2  991 112  1.7 8  4.1  95    0    0 262 -305  2
4013500 2675500 11 11  2   1.6  990 107  1.5 8  4.0  94    0    0 266 -305  2
4013500 2675500 11 11  3   1.6  990 120  1.6 7  4.0  92    0    0 265 -305  2
4013500 2675500 11 11  4   1.1  990  78  1.5 8  4.0  94    0    0 265 -305  2
4013500 2675500 11 11  5   0.7  990 130  1.2 6  4.0  98    0    0 262 -305  2
4013500 2675500 11 11  6   0.0  990  96  1.4 4  3.9  99    0    0 249 -304  2
4013500 2675500 11 11  7  -0.6  989 131  1.0 4  3.8  99    0    0 242 -303  2
4013500 2675500 11 11  8  -1.1  989 124  0.9 3  3.6  98    0    3 237 -302  2
4013500 2675500 11 11  9  -0.9  989 128  0.7 1  3.5  98   35   43 228 -303  2
4013500 2675500 11 11 10   0.7  990 135  1.1 0  3.7  97  106   81 223 -306  2
4013500 2675500 11 11 11   2.4  991 104  2.0 0  4.0  92  167  102 225 -313  2
4013500 2675500 11 11 12   3.6  990  76  3.0 1  4.0  84  220  103 231 -321  2
4013500 2675500 11 11 13   4.8  990  57  3.4 1  4.0  77  240   98 237 -332  2
4013500 2675500 11 11 14   4.4  989  32  3.0 1  4.1  76  202   93 238 -339  2
4013500 2675500 11 11 15   5.4  988   9  2.3 2  4.2  77  132   80 243 -339  2
4013500 2675500 11 11 16   5.2  988 296  1.7 2  4.3  75   56   50 249 -334  2
4013500 2675500 11 11 17   3.6  988 246  1.9 0  4.2  79    2   12 240 -323  2
4013500 2675500 11 11 18   2.5  989 139  1.6 0  4.1  84    0    0 230 -315  2
4013500 2675500 11 11 19   2.5  989 140  1.8 2  3.9  84    0    0 234 -313  2
4013500 2675500 11 11 20   1.0  989 131  1.5 2  3.8  87    0    0 237 -312  2
4013500 2675500 11 11 21   0.9  989 144  1.3 1  3.7  90    0    0 232 -310  2
4013500 2675500 11 11 22   0.2  989 151  1.4 0  3.7  90    0    0 225 -309  2
4013500 2675500 11 11 23  -0.1  989 130  2.2 0  3.6  92    0    0 221 -308  2
4013500 2675500 11 11 24  -0.6  989 134  2.1 1  3.5  93    0    0 223 -306  2
4013500 2675500 11 12  1  -0.8  988 126  2.3 0  3.4  93    0    0 221 -305  2
4013500 2675500 11 12  2  -1.6  987 127  2.0 1  3.3  94    0    0 219 -304  2
4013500 2675500 11 12  3  -1.1  987 143  1.8 0  3.2  91    0    0 217 -304  2
4013500 2675500 11 12  4  -1.5  987 142  1.8 0  3.1  88    0    0 214 -304  2
4013500 2675500 11 12  5  -1.6  987 139  2.1 0  3.1  88    0    0 213 -304  2
4013500 2675500 11 12  6  -2.7  987 128  2.4 0  3.0  90    0    0 211 -304  2
4013500 2675500 11 12  7  -2.7  987 128  2.6 0  2.9  91    0    0 210 -303  2
4013500 2675500 11 12  8  -1.9  987 150  2.0 0  2.9  89    0    4 211 -302  2
4013500 2675500 11 12  9  -1.3  987 172  1.7 0  3.0  87   50   38 212 -302  2
4013500 2675500 11 12 10  -0.2  987 149  1.8 0  3.2  87  145   60 214 -305  2
4013500 2675500 11 12 11   1.2  987 136  2.5 0  3.4  86  222   70 216 -311  2
4013500 2675500 11 12 12   3.3  987 122  2.8 0  3.6  78  265   75 219 -319  2
4013500 2675500 11 12 13   4.7  986 142  3.6 0  3.5  67  265   78 224 -327  2
4013500 2675500 11 12 14   5.1  986 131  3.4 0  3.5  62  217   79 226 -333  2
4013500 2675500 11 12 15   4.7  985 147  3.2 0  3.5  62  140   71 226 -333  2
4013500 2675500 11 12 16   4.4  985 143  2.9 0  3.4  63   55   48 226 -328  2
4013500 2675500 11 12 17   2.3  985 164  2.8 0  3.3  67    1   11 223 -321  2
4013500 2675500 11 12 18   1.1  986 136  2.7 0  3.3  75    0    0 219 -315  2
4013500 2675500 11 12 19   0.2  986 130  2.5 1  3.3  80    0    0 218 -312  2
4013500 2675500 11 12 20  -1.6  986 153  2.6 0  3.2  87    0    0 215 -310  2
4013500 2675500 11 12 21  -1.7  986 128  1.9 0  3.1  90    0    0 211 -309  2
4013500 2675500 11 12 22  -2.6  986 126  3.3 0  3.1  93    0    0 210 -307  2
4013500 2675500 11 12 23  -2.2  986 126  3.2 0  3.1  95    0    0 208 -307  2
4013500 2675500 11 12 24  -2.2  986 119  3.9 2  3.1  94    0    0 213 -306  2
4013500 2675500 11 13  1  -3.0  986 132  3.9 2  3.1  97    0    0 217 -305  2
4013500 2675500 11 13  2  -2.3  986 149  3.6 2  3.2  99    0    0 217 -304  2
4013500 2675500 11 13  3  -2.5  986 145  3.1 2  3.2  97    0    0 218 -303  2
4013500 2675500 11 13  4  -2.4  987 139  4.3 1  3.1  96    0    0 213 -302  2
4013500 2675500 11 13  5  -2.4  987  76  3.1 6  3.2  97    0    0 231 -302  2
4013500 2675500 11 13  6  -2.0  987 105  3.4 7  3.2  97    0    0 260 -302  2
4013500 2675500 11 13  7  -1.7  987 102  2.9 7  3.3  97    0    0 268 -301  2
4013500 2675500 11 13  8  -1.5  988 110  2.5 8  3.4  98    0    2 275 -301  2
4013500 2675500 11 13  9  -0.3  988 109  2.5 8  3.5  96    0   30 283 -302  2
4013500 2675500 11 13 10   0.0  989 135  2.5 6  3.6  95    0   44 277 -305  2
4013500 2675500 11 13 11   0.7  990 133  3.0 6  3.8  96    0   47 269 -311  2
4013500 2675500 11 13 12   1.0  990 107  2.8 7  4.0  97    0   42 276 -318  2
4013500 2675500 11 13 13   1.5  990 121  2.8 7  4.1  98    0   45 283 -327  2
4013500 2675500 11 13 14   1.5  990 114  2.2 7  4.3  99    0   47 285 -331  2
4013500 2675500 11 13 15   1.8  990 109  1.6 8  4.4 100    0   38 291 -331  2
4013500 2675500 11 13 16   1.8  991  91  1.6 8  4.4 100    0   23 298 -329  2
4013500 2675500 11 13 17   2.3  991 117  1.3 8  4.5 100    0    5 299 -328  2
4013500 2675500 11 13 18   2.6  991 116  1.0 8  4.6  99    0    0 300 -327  2
4013500 2675500 11 13 19   2.4  992  96  0.9 7  4.6  98    0    0 295 -327  2
4013500 2675500 11 13 20   1.9  992  99  1.0 7  4.5 100    0    0 290 -328  2
4013500 2675500 11 13 21   2.1  992  97  1.0 5  4.5 100    0    0 280 -328  2
4013500 2675500 11 13 22   2.8  992  89  1.1 7  4.6  99    0    0 281 -328  2
4013500 2675500 11 13 23   2.2  992  34  1.0 7  4.6  99    0    0 293 -329  2
4013500 2675500 11 13 24   2.6  992  39  0.8 4  4.5  98    0    0 278 -329  2
4013500 2675500 11 14  1   2.0  992  46  1.6 8  4.4  97    0    0 281 -330  2
4013500 2675500 11 14  2   2.0  991  46  1.2 8  4.4  99    0    0 300 -331  2
4013500 2675500 11 14  3   1.4  991  89  2.3 7  4.4 100    0    0 291 -331  2
4013500 2675500 11 14  4   1.6  990  87  2.4 8  4.3 100    0    0 290 -331  2
4013500 2675500 11 14  5   1.6  990  61  2.7 8  4.4 100    0    0 297 -332  2
4013500 2675500 11 14  6   1.9  990 123  2.9 8  4.4 100    0    0 298 -332  2
4013500 2675500 11 14  7   2.3  989 136  2.5 8  4.5  99    0    0 299 -332  2
4013500 2675500 11 14  8   2.5  989 171  2.3 8  4.5  97    0    0 299 -332  2
4013500 2675500 11 14  9   2.1  989 142  3.3 7  4.5  98    0   29 293 -332  2
4013500 2675500 11 14 10   2.7  988 165  4.1 5  4.6  99    6   96 279 -334  2
4013500 2675500 11 14 11   2.7  988 153  4.2 6  4.7 100    5  123 275 -337  2
4013500 2675500 11 14 12   3.9  987 160  4.5 7  4.9  99    0  107 283 -342  2
4013500 2675500 11 14 13   4.8  986 158  4.0 8  5.2  98    0   76 294 -347  2
4013500 2675500 11 14 14   4.6  985 164  4.1 7  5.4  98    0   86 294 -350  2
4013500 2675500 11 14 15   5.0  985 161  4.1 8  5.4  99    0   51 294 -349  2
4013500 2675500 11 14 16   4.9  984 173  3.8 8  5.4  97    0   18 300 -347  2
4013500 2675500 11 14 17   4.3  984 174  5.0 8  5.3  97    0    0 300 -342  2
4013500 2675500 11 14 18   4.7  984 159  5.1 8  5.1  95    0    0 302 -337  2
4013500 2675500 11 14 19   4.7  983 150  4.8 7  5.1  93    0    0 300 -334  2
4013500 2675500 11 14 20   4.6  983 149  4.7 8  5.2  94    0    0 301 -332  2
4013500 2675500 11 14 21   4.9  983 140  5.6 8  5.3  96    0    0 307 -331  2
4013500 2675500 11 14 22   5.2  983 149  5.2 8  5.3  95    0    0 310 -331  2
4013500 2675500 11 14 23   5.1  983 155  4.2 8  5.4  95    0    0 311 -332  2
4013500 2675500 11 14 24   5.3  983 169  5.0 8  5.4  96    0    0 313 -333  2
4013500 2675500 11 15  1   5.2  983 136  3.7 6  5.6  98    0    0 304 -332  2
4013500 2675500 11 15  2   5.2  983 125  2.6 8  5.6  98    0    0 304 -332  2
4013500 2675500 11 15  3   5.2  983 125  2.5 8  5.5  97    0    0 314 -332  2
4013500 2675500 11 15  4   4.9  983 150  2.5 8  5.4  96    0    0 312 -332  2
4013500 2675500 11 15  5   5.3  983 228  2.7 7  5.3  95    0    0 307 -333  2
4013500 2675500 11 15  6   5.6  983 231  2.8 7  5.4  94    0    0 302 -335  2
4013500 2675500 11 15  7   5.5  983 216  2.8 5  5.4  93    0    0 289 -335  2
4013500 2675500 11 15  8   5.7  982 176  2.6 6  5.4  93    0    0 283 -334  2
4013500 2675500 11 15  9   6.0  982 141  3.2 7  5.5  93    0    9 295 -333  2
4013500 2675500 11 15 10   6.8  982 159  3.7 7  5.7  92    0   65 303 -336  2
4013500 2675500 11 15 11   7.9  982 178  4.1 5  5.8  88   14  118 290 -342  2
4013500 2675500 11 15 12   8.0  982 205  3.7 5  5.9  87   46  148 275 -349  2
4013500 2675500 11 15 13   8.4  981 223  4.0 6  6.0  86   20  139 282 -356  2
4013500 2675500 11 15 14   8.5  981 235  4.6 4  5.9  83   32  128 273 -359  2
4013500 2675500 11 15 15   8.5  980 231  3.3 3  5.8  81   95   80 248 -357  2
4013500 2675500 11 15 16   7.9  980 220  2.3 6  5.6  80   18   46 263 -352  2
4013500 2675500 11 15 17   6.5  980 201  2.3 5  5.6  86    0    2 274 -344  2
4013500 2675500 11 15 18   5.0  980 186  2.5 4  5.5  93    0    0 253 -336  2
4013500 2675500 11 15 19   4.4  981 185  2.2 3  5.2  94    0    0 233 -331  2
4013500 2675500 11 15 20   3.4  980 162  2.2 3  4.9  95    0    0 222 -328  2
4013500 2675500 11 15 21   2.8  980 189  1.6 7  4.7  96    0    0 252 -325  2
4013500 2675500 11 15 22   2.2  980 201  2.0 2  4.5  96    0    0 243 -323  2
4013500 2675500 11 15 23   2.0  980 181  1.7 2  4.4  96    0    0 197 -321  2
4013500 2675500 11 15 24   2.0  980 326  1.3 5  4.3  95    0    0 219 -319  2
4013500 2675500 11 16  1   1.5  980 165  1.0 7  4.4  98    0    0 263 -318  2
4013500 2675500 11 16  2   1.7  980 163  1.0 7  4.4 100    0    0 281 -317  2
4013500 2675500 11 16  3   2.0  980 153  1.4 7  4.5 100    0    0 282 -317  2
4013500 2675500 11 16  4   2.0  980 176  1.2 7  4.5 100    0    0 282 -316  2
4013500 2675500 11 16  5   1.8  980 143  1.1 6  4.5  99    0    0 268 -315  2
4013500 2675500 11 16  6   2.0  980 163  1.0 7  4.4  98    0    0 268 -314  2
4013500 2675500 11 16  7   1.5  980 162  1.2 6  4.4  99    0    0 269 -315  2
4013500 2675500 11 16  8   1.4  980 148  1.2 7  4.4 100    0    0 268 -315  2
4013500 2675500 11 16  9   2.7  980 146  1.7 7  4.6 100    0   15 281 -317  2
4013500 2675500 11 16 10   3.1  980 173  1.5 7  4.8 100    0   44 284 -323  2
4013500 2675500 11 16 11   4.1  980 331  2.1 7  5.1 100    0   59 288 -330  2
4013500 2675500 11 16 12   4.3  980 333  1.9 7  5.2  99    0   82 292 -336  2
4013500 2675500 11 16 13   4.7  979 357  1.3 7  5.3  99    0   96 295 -340  2
4013500 2675500 11 16 14   5.2  978 356  1.2 7  5.5  99    0   86 300 -343  2
4013500 2675500 11 16 15   5.1  977  39  2.7 7  5.6  99    0   53 303 -343  2
4013500 2675500 11 16 16   5.4  977 175  2.2 8  5.7  99    0   24 311 -340  2
4013500 2675500 11 16 17   5.4  977 165  3.1 8  5.7  99    0    0 319 -337  2
4013500 2675500 11 16 18   5.2  977 141  3.0 8  5.7  99    0    0 319 -334  2
4013500 2675500 11 16 19   5.2  976 154  2.4 8  5.6  99    0    0 320 -332  2
4013500 2675500 11 16 20   5.0  976 167  2.4 8  5.6  99    0    0 322 -330  2
4013500 2675500 11 16 21   5.3  975 202  1.8 8  5.7  99    0    0 323 -328  2
4013500 2675500 11 16 22   5.7  975 222  2.1 8  5.7  98    0    0 326 -327  2
4013500 2675500 11 16 23   5.1  975 251  1.2 8  5.7  99    0    0 326 -327  2
4013500 2675500 11 16 24   5.0  975 275  1.0 7  5.7 100    0    0 319 -327  2
4013500 2675500 11 17  1   4.7  976 286  3.6 8  5.5  99    0    0 319 -327  2
4013500 2675500 11 17  2   4.0  977 278  4.1 8  5.2  97    0    0 322 -327  2
4013500 2675500 11 17  3   3.8  978 261  3.5 8  5.1  97    0    0 319 -324  2
4013500 2675500 11 17  4   3.8  978 259  3.1 8  5.0  98    0    0 319 -324  2
4013500 2675500 11 17  5   4.1  979 261  2.7 7  5.0  96    0    0 313 -325  2
4013500 2675500 11 17  6   4.1  980 253  3.6 8  5.1  96    0    0 313 -326  2
4013500 2675500 11 17  7   4.5  981 229  3.7 7  5.2  97    0    0 312 -326  2
4013500 2675500 11 17  8   5.2  982 195  2.7 8  5.3  96    0    0 313 -325  2
4013500 2675500 11 17  9   5.9  984 163  3.5 8  5.4  93    0   22 319 -323  2
4013500 2675500 11 17 10   6.3  985 261  3.8 7  5.5  91    0   32 313 -326  2
4013500 2675500 11 17 11   6.3  985 271  4.6 7  5.5  90    0   51 307 -331  2
4013500 2675500 11 17 12   6.8  986 271  4.8 7  5.5  88    0   53 305 -336  2
4013500 2675500 11 17 13   6.4  986 276  5.8 8  5.4  87    0   34 308 -340  2
4013500 2675500 11 17 14   6.2  986 276  5.1 8  5.4  88    0   24 311 -343  2
4013500 2675500 11 17 15   6.0  987 269  4.1 8  5.2  87    0   17 310 -344  2
4013500 2675500 11 17 16   6.1  986 259  4.2 8  5.1  85    0    9 310 -340  2
4013500 2675500 11 17 17   5.5  986 237  3.1 7  4.9  82    0    2 303 -333  2
4013500 2675500 11 17 18   5.3  986 237  2.9 7  4.6  81    0    0 296 -327  2
4013500 2675500 11 17 19   5.1  987 199  2.0 8  4.5  80    0    0 301 -326  2
4013500 2675500 11 17 20   4.8  987 178  2.7 8  4.6  83    0    0 308 -327  2
4013500 2675500 11 17 21   5.0  987 150  3.3 8  4.7  84    0    0 310 -327  2
4013500 2675500 11 17 22   5.1  987 157  3.6 8  4.7  84    0    0 311 -327  2
4013500 2675500 11 17 23   5.1  987 165  4.0 8  4.8  85    0    0 314 -328  2
4013500 2675500 11 17 24   5.0  986 159  3.4 8  4.8  87    0    0 316 -328  2
4013500 2675500 11 18  1   4.9  986 177  2.8 8  4.9  88    0    0 317 -327  2
4013500 2675500 11 18  2   4.8  986 191  3.0 8  5.0  90    0    0 319 -327  2
4013500 2675500 11 18  3   4.8  985 210  3.3 8  5.1  92    0    0 320 -329  2
4013500 2675500 11 18  4   4.7  985 210  3.3 8  5.2  94    0    0 323 -331  2
4013500 2675500 11 18  5   4.9  985 186  2.7 7  5.2  95    0    0 317 -332  2
4013500 2675500 11 18  6   5.2  985 183  3.0 8  5.3  94    0    0 320 -333  2
4013500 2675500 11 18  7   5.0  985 157  2.6 8  5.3  94    0    0 328 -333  2
4013500 2675500 11 18  8   5.1  986 174  2.8 8  5.3  95    0    0 329 -334  2
4013500 2675500 11 18  9   5.1  986 161  2.4 8  5.3  95    0   29 330 -335  2
4013500 2675500 11 18 10   5.6  986 148  2.8 7  5.4  95    0   46 326 -337  2
4013500 2675500 11 18 11   5.8  986 166  3.2 7  5.5  95    0   39 321 -337  2
4013500 2675500 11 18 12   6.2  987 160  4.0 7  5.7  95    0   58 323 -337  2
4013500 2675500 11 18 13   6.6  987 135  3.7 7  5.8  94    0   47 326 -336  2
4013500 2675500 11 18 14   6.9  987 137  4.4 8  5.9  94    0   57 334 -337  2
4013500 2675500 11 18 15   7.3  987 157  4.1 8  6.0  94    0   36 342 -337  2
4013500 2675500 11 18 16   7.4  987 136  4.0 8  6.1  93    0   11 344 -337  2
4013500 2675500 11 18 17   7.8  987 130  3.5 8  6.3  94    0    2 345 -338  2
4013500 2675500 11 18 18   7.7  987 130  3.5 8  6.3  94    0    0 346 -339  2
4013500 2675500 11 18 19   7.7  987 150  3.2 8  6.4  95    0    0 346 -340  2
4013500 2675500 11 18 20   8.1  987 125  3.1 8  6.5  95    0    0 347 -341  2
4013500 2675500 11 18 21   8.1  987 145  2.2 8  6.5  95    0    0 348 -342  2
4013500 2675500 11 18 22   7.9  987 197  3.9 8  6.6  97    0    0 348 -344  2
4013500 2675500 11 18 23   8.1  987 221  4.5 8  6.7  98    0    0 348 -347  2
4013500 2675500 11 18 24   9.2  987 241  4.6 7  6.8  95    0    0 344 -349  2
4013500 2675500 11 19  1   8.8  987 224  3.9 8  7.0  95    0    0 346 -350  2
4013500 2675500 11 19  2   9.5  987 221  4.5 6  7.1  95    0    0 340 -350  2
4013500 2675500 11 19  3   9.9  987 236  4.3 6  7.0  91    0    0 329 -351  2
4013500 2675500 11 19  4   9.7  987 227  4.4 6  7.0  90    0    0 329 -351  2
4013500 2675500 11 19  5   9.7  987 217  4.8 8  6.9  90    0    0 341 -352  2
4013500 2675500 11 19  6   9.4  986 225  5.2 7  6.9  90    0    0 347 -354  2
4013500 2675500 11 19  7   9.2  986 225  3.8 8  6.9  92    0    0 346 -355  2
4013500 2675500 11 19  8   9.6  986 231  3.8 8  6.9  91    0    0 352 -355  2
4013500 2675500 11 19  9   9.7  986 240  3.8 7  6.8  89    0    9 347 -356  2
4013500 2675500 11 19 10   9.7  986 223  4.6 7  6.9  89    0   47 341 -357  2
4013500 2675500 11 19 11  10.3  986 236  4.3 8  6.9  88    0   42 347 -359  2
4013500 2675500 11 19 12  10.4  986 229  4.6 8  7.0  86    0   50 354 -362  2
4013500 2675500 11 19 13  10.8  986 237  4.6 8  7.0  86    0   52 354 -364  2
4013500 2675500 11 19 14  11.2  985 244  4.2 7  7.1  84    0   51 350 -365  2
4013500 2675500 11 19 15  11.5  985 252  4.3 6  7.2  83    0   43 340 -365  2
4013500 2675500 11 19 16  10.9  985 232  4.4 8  7.1  84    0   19 344 -364  2
4013500 2675500 11 19 17  10.5  985 240  3.4 7  7.0  85    0    0 346 -363  2
4013500 2675500 11 19 18  10.2  985 229  3.4 7  7.0  87    0    0 339 -361  2
4013500 2675500 11 19 19  10.4  985 224  4.1 8  7.1  89    0    0 344 -361  2
4013500 2675500 11 19 20  10.6  985 249  4.6 8  7.2  89    0    0 349 -361  2
4013500 2675500 11 19 21  10.5  985 252  4.6 8  7.3  90    0    0 350 -361  2
4013500 2675500 11 19 22  10.3  985 264  4.6 8  7.4  91    0    0 348 -361  2
4013500 2675500 11 19 23  10.5  985 230  3.2 8  7.4  92    0    0 348 -361  2
4013500 2675500 11 19 24  10.2  986 233  3.2 7  7.4  92    0    0 342 -360  2
4013500 2675500 11 20  1  10.1  986 238  2.5 8  7.4  94    0    0 341 -360  2
4013500 2675500 11 20  2  10.0  986 241  2.0 8  7.5  94    0    0 344 -359  2
4013500 2675500 11 20  3   9.9  986 246  1.8 6  7.4  95    0    0 332 -359  2
4013500 2675500 11 20  4   9.7  986 194  1.3 7  7.4  95    0    0 326 -358  2
4013500 2675500 11 20  5   9.7  985 163  1.5 8  7.3  95    0    0 335 -357  2
4013500 2675500 11 20  6   9.4  985 183  1.5 7  7.3  95    0    0 334 -356  2
4013500 2675500 11 20  7   9.3  985 186  1.6 8  7.2  95    0    0 333 -355  2
4013500 2675500 11 20  8   9.3  984 178  1.9 7  7.1  94    0    0 332 -355  2
4013500 2675500 11 20  9   9.3  984 163  2.4 8  7.1  94    0   27 330 -356  2
4013500 2675500 11 20 10   9.6  984 168  3.3 7  7.1  94    0   51 329 -358  2
4013500 2675500 11 20 11   9.7  984 171  4.0 7  7.1  92    0   38 322 -362  2
4013500 2675500 11 20 12  10.1  984 168  3.9 8  7.0  89    0   43 327 -367  2
4013500 2675500 11 20 13  10.2  983 173  4.7 7  6.8  86    0   45 324 -370  2
4013500 2675500 11 20 14   9.5  982 166  4.7 6  6.7  85    0   38 311 -371  2
4013500 2675500 11 20 15   8.4  981 166  5.0 7  6.4  88    0   30 306 -368  2
4013500 2675500 11 20 16   8.5  981 168  5.0 8  6.3  88    0   19 309 -363  2
4013500 2675500 11 20 17   7.7  981 170  5.1 8  6.2  90    0    2 309 -356  2
4013500 2675500 11 20 18   7.5  981 171  5.2 8  6.2  92    0    0 307 -352  2
4013500 2675500 11 20 19   6.7  980 166  4.1 6  6.1  94    0    0 297 -350  2
4013500 2675500 11 20 20   6.8  981 174  4.0 6  6.0  95    0    0 288 -350  2
4013500 2675500 11 20 21   6.9  980 177  4.6 7  6.1  95    0    0 291 -350  2
4013500 2675500 11 20 22   6.8  980 168  5.0 8  6.1  96    0    0 299 -350  2
4013500 2675500 11 20 23   7.0  980 170  4.3 8  6.1  95    0    0 306 -349  2
4013500 2675500 11 20 24   6.5  980 168  4.1 7  6.0  95    0    0 303 -347  2
4013500 2675500 11 21  1   6.0  980 172  3.4 2  5.9  96    0    0 269 -345  2
4013500 2675500 11 21  2   5.4  980 165  3.8 4  5.7  97    0    0 245 -343  2
4013500 2675500 11 21  3   5.9  980 165  3.2 5  5.6  96    0    0 263 -341  2
4013500 2675500 11 21  4   6.0  980 165  2.9 6  5.6  94    0    0 279 -339  2
4013500 2675500 11 21  5   6.0  979 166  3.1 7  5.6  93    0    0 295 -339  2
4013500 2675500 11 21  6   6.0  979 180  2.6 7  5.6  92    0    0 304 -341  2
4013500 2675500 11 21  7   5.2  979 193  3.3 6  5.5  94    0    0 296 -345  2
4013500 2675500 11 21  8   5.1  980 209  3.1 6  5.5  97    0    0 287 -348  2
4013500 2675500 11 21  9   5.5  980 197  2.2 7  5.6  98    1   27 296 -349  2
4013500 2675500 11 21 10   5.5  980 182  2.4 4  5.7  97   34   78 282 -353  2
4013500 2675500 11 21 11   7.3  980 192  2.4 4  5.8  93   69  111 263 -359  2
4013500 2675500 11 21 12   7.8  980 194  2.5 4  5.9  89   69  133 270 -365  2
4013500 2675500 11 21 13  10.5  979 191  1.7 4  6.1  82   81  132 278 -369  2
4013500 2675500 11 21 14   9.4  979 161  1.5 5  6.2  79   34  120 288 -371  2
4013500 2675500 11 21 15   9.4  978 160  1.2 7  6.3  82   20   85 307 -369  2
4013500 2675500 11 21 16   8.2  978 133  1.7 7  6.2  86    7   37 319 -365  2
4013500 2675500 11 21 17   7.3  977 170  1.6 6  6.1  90    0    0 310 -362  2
4013500 2675500 11 21 18   6.9  977 172  2.7 6  5.9  91    0    0 302 -359  2
4013500 2675500 11 21 19   6.3  978 162  1.9 5  5.9  93    0    0 293 -358  2
4013500 2675500 11 21 20   5.9  978 180  1.5 5  5.7  94    0    0 286 -356  2
4013500 2675500 11 21 21   5.6  977 166  1.8 5  5.5  94    0    0 285 -356  2
4013500 2675500 11 21 22   4.9  978 165  2.0 5  5.4  94    0    0 286 -354  2
4013500 2675500 11 21 23   4.6  977 177  2.6 5  5.3  96    0    0 285 -351  2
4013500 2675500 11 21 24   4.4  978 134  2.9 5  5.3  98    0    0 284 -346  2
4013500 2675500 11 22  1   4.6  978  90  2.7 4  5.2  96    0    0 277 -342  2
4013500 2675500 11 22  2   5.2  978 146  2.4 4  5.1  92    0    0 270 -339  2
4013500 2675500 11 22  3   3.7  977 131  2.5 5  5.1  94    0    0 276 -337  2
4013500 2675500 11 22  4   3.6  977 126  3.0 5  5.0  98    0    0 280 -337  2
4013500 2675500 11 22  5   3.4  977 155  3.6 7  4.9  97    0    0 294 -339  2
4013500 2675500 11 22  6   4.2  977 149  2.7 7  4.9  94    0    0 307 -342  2
4013500 2675500 11 22  7   4.1  977 138  4.1 6  5.0  94    0    0 301 -344  2
4013500 2675500 11 22  8   4.1  977 100  4.7 6  5.1  97    0    0 295 -344  2
4013500 2675500 11 22  9   5.2  977 101  3.6 7  5.3  96    0   26 304 -345  2
4013500 2675500 11 22 10   5.8  977 145  3.7 6  5.5  95    6   77 305 -349  2
4013500 2675500 11 22 11   7.5  977 112  3.8 6  5.9  93    2   90 303 -354  2
4013500 2675500 11 22 12   9.9  976 162  4.4 7  6.3  87    0   91 314 -360  2
4013500 2675500 11 22 13  11.0  976 161  5.1 7  6.6  80    0   83 324 -366  2
4013500 2675500 11 22 14  11.3  976 177  4.2 7  6.6  77    0   52 324 -370  2
4013500 2675500 11 22 15  10.6  976 160  5.5 6  6.7  79    0   58 317 -370  2
4013500 2675500 11 22 16  10.6  976 171  5.2 7  6.6  80    5   40 315 -368  2
4013500 2675500 11 22 17   9.7  974 160  4.5 8  6.4  80    0    3 323 -363  2
4013500 2675500 11 22 18   9.4  974 160  3.6 7  6.3  82    0    0 321 -358  2
4013500 2675500 11 22 19   9.1  974 143  3.7 8  6.2  82    0    0 320 -354  2
4013500 2675500 11 22 20   9.4  974 149  3.3 8  6.1  80    0    0 325 -351  2
4013500 2675500 11 22 21   8.2  974 157  4.2 6  5.9  81    0    0 311 -350  2
4013500 2675500 11 22 22   7.7  974 119  3.3 4  5.9  85    0    0 283 -350  2
4013500 2675500 11 22 23   8.2  974 157  3.9 4  5.7  83    0    0 270 -349  2
4013500 2675500 11 22 24   7.3  974 153  3.4 4  5.6  82    0    0 268 -349  2
4013500 2675500 11 23  1   6.3  974 154  2.9 4  5.6  87    0    0 262 -350  2
4013500 2675500 11 23  2   6.8  974 129  3.5 4  5.4  86    0    0 257 -350  2
4013500 2675500 11 23  3   6.3  974 156  3.5 4  5.2  83    0    0 251 -348  2
4013500 2675500 11 23  4   5.4  974 136  2.5 4  5.3  88    0    0 241 -347  2
4013500 2675500 11 23  5   5.4  974 137  2.3 4  5.3  91    0    0 232 -347  2
4013500 2675500 11 23  6   5.4  974 154  2.4 6  5.2  89    0    0 255 -349  2
4013500 2675500 11 23  7   6.4  974 121  2.4 4  5.3  88    0    0 260 -347  2
4013500 2675500 11 23  8   5.8  974 173  2.4 6  5.3  87    0    0 261 -345  2
4013500 2675500 11 23  9   6.4  974 106  3.6 7  5.4  88    5   23 293 -344  2
4013500 2675500 11 23 10   6.1  975 128  4.4 7  5.6  91   11   58 304 -346  2
4013500 2675500 11 23 11   7.2  975 141  4.3 8  5.7  91   39   81 314 -351  2
4013500 2675500 11 23 12   8.1  974 157  4.4 8  5.8  86   45   98 326 -359  2
4013500 2675500 11 23 13   9.4  974 161  4.1 8  6.1  83   50   96 330 -366  2
4013500 2675500 11 23 14   9.5  973 169  3.1 8  6.1  80    0   72 332 -370  2
4013500 2675500 11 23 15   9.9  973 167  2.2 8  6.1  78    0   25 333 -370  2
4013500 2675500 11 23 16   8.6  973 155  2.5 7  6.1  81    0   16 323 -367  2
4013500 2675500 11 23 17   8.6  973 110  3.3 7  6.1  84    0    2 312 -361  2
4013500 2675500 11 23 18   7.9  972 133  3.4 7  6.0  84    0    0 311 -358  2
4013500 2675500 11 23 19   7.3  972 158  3.4 6  5.8  86    0    0 301 -356  2
4013500 2675500 11 23 20   6.5  973 129  3.0 5  5.7  88    0    0 282 -354  2
4013500 2675500 11 23 21   5.6  973 137  3.8 3  5.5  91    0    0 254 -352  2
4013500 2675500 11 23 22   6.1  973 156  2.6 2  5.4  89    0    0 232 -350  2
4013500 2675500 11 23 23   6.1  973 157  3.0 2  5.3  87    0    0 228 -350  2
4013500 2675500 11 23 24   5.9  973 148  2.9 3  5.3  88    0    0 234 -350  2
4013500 2675500 11 24  1   6.2  973 153  1.9 8  5.3  88    0    0 276 -350  2
4013500 2675500 11 24  2   5.7  973 134  3.0 8  5.4  89    0    0 323 -352  2
4013500 2675500 11 24  3   7.7  973 153  3.6 8  5.5  87    0    0 327 -353  2
4013500 2675500 11 24  4   7.1  973 158  3.5 8  5.6  84    0    0 329 -352  2
4013500 2675500 11 24  5   7.1  973 184  3.4 7  5.6  86    0    0 317 -351  2
4013500 2675500 11 24  6   5.9  973 139  2.9 7  5.7  90    0    0 306 -350  2
4013500 2675500 11 24  7   6.5  972 183  3.3 7  5.7  93    0    0 307 -350  2
4013500 2675500 11 24  8   5.5  973 150  3.6 8  5.8  96    0    0 316 -351  2
4013500 2675500 11 24  9   7.7  973 116  3.0 7  5.9  93    0    8 318 -352  2
4013500 2675500 11 24 10   7.5  973 183  4.1 8  6.0  89    8   64 321 -354  2
4013500 2675500 11 24 11   9.5  973 194  4.3 6  6.4  89   43  102 317 -359  2
4013500 2675500 11 24 12  11.1  973 157  4.2 6  6.7  82   52  120 307 -365  2
4013500 2675500 11 24 13  11.1  973 197  4.3 6  6.7  78   94  111 311 -370  2
4013500 2675500 11 24 14  12.5  973 204  4.2 8  6.6  74    7   94 327 -375  2
4013500 2675500 11 24 15  11.7  972 188  3.0 6  6.6  72   31   76 328 -376  2
4013500 2675500 11 24 16  10.1  972 184  2.2 5  6.6  78   14   34 305 -374  2
4013500 2675500 11 24 17  11.1  973 214  1.6 7  6.6  79    0    1 311 -370  2
4013500 2675500 11 24 18   9.4  973 195  2.5 7  6.5  80    0    0 324 -366  2
4013500 2675500 11 24 19   9.4  972 160  2.1 7  6.5  85    0    0 322 -363  2
4013500 2675500 11 24 20   8.7  972 178  3.3 8  6.4  86    0    0 328 -362  2
4013500 2675500 11 24 21   8.9  972 157  2.7 8  6.4  87    0    0 334 -361  2
4013500 2675500 11 24 22   8.5  972 164  3.5 8  6.3  86    0    0 334 -361  2
4013500 2675500 11 24 23   8.2  973 161  2.4 7  6.1  86    0    0 326 -361  2
4013500 2675500 11 24 24   8.2  973 134  2.7 5  6.1  87    0    0 304 -360  2
4013500 2675500 11 25  1   7.6  973 119  1.8 7  6.2  89    0    0 302 -358  2
4013500 2675500 11 25  2   7.2  973 111  0.8 6  6.1  91    0    0 309 -356  2
4013500 2675500 11 25  3   7.4  974 206  0.4 7  6.1  91    0    0 310 -357  2
4013500 2675500 11 25  4   8.2  974 188  0.3 6  6.1  89    0    0 312 -361  2
4013500 2675500 11 25  5   7.1  974 107  0.4 6  6.0  89    0    0 306 -363  2
4013500 2675500 11 25  6   8.1  974 134  1.1 5  6.0  88    0    0 301 -361  2
4013500 2675500 11 25  7   7.4  974 107  1.2 6  6.0  88    0    0 302 -356  2
4013500 2675500 11 25  8   7.6  974 126  1.5 7  6.0  90    0    0 313 -352  2
4013500 2675500 11 25  9   7.4  975 123  1.5 7  6.1  90    0   24 318 -348  2
4013500 2675500 11 25 10   6.8  975 170  1.1 7  6.0  92   13   74 316 -348  2
4013500 2675500 11 25 11   8.6  975 155  0.9 4  6.3  93   89  111 299 -353  2
4013500 2675500 11 25 12   9.4  975 170  0.7 5  6.7  90   73  138 291 -361  2
4013500 2675500 11 25 13  10.2  975 172  1.3 5  6.8  86   89  138 298 -369  2
4013500 2675500 11 25 14  10.8  975 176  1.6 5  6.8  83   44  122 299 -374  2
4013500 2675500 11 25 15  10.4  975 184  1.5 6  6.8  82    2   66 304 -373  2
4013500 2675500 11 25 16  10.0  975 170  1.6 7  6.7  83    4   34 315 -368  2
4013500 2675500 11 25 17   9.2  975 160  2.1 7  6.6  86    0    5 319 -362  2
4013500 2675500 11 25 18   8.6  975 145  1.4 7  6.6  89    0    0 317 -359  2
4013500 2675500 11 25 19   9.2  975 148  1.7 6  6.6  89    0    0 311 -358  2
4013500 2675500 11 25 20   8.8  975 126  1.6 8  6.5  87    0    0 317 -358  2
4013500 2675500 11 25 21   8.1  975 141  1.4 7  6.4  89    0    0 322 -359  2
4013500 2675500 11 25 22   7.7  975 144  1.8 8  6.4  92    0    0 321 -358  2
4013500 2675500 11 25 23   7.5  975 142  1.8 8  6.3  93    0    0 325 -357  2
4013500 2675500 11 25 24   7.0  975 149  1.5 6  6.3  95    0    0 314 -356  2
4013500 2675500 11 26  1   7.1  975 143  2.2 5  6.3  97    0    0 297 -356  2
4013500 2675500 11 26  2   7.3  975 134  1.9 8  6.4  97    0    0 308 -355  2
4013500 2675500 11 26  3   7.1  974 143  2.3 6  6.3  96    0    0 312 -354  2
4013500 2675500 11 26  4   6.9  974 161  3.7 8  6.3  97    0    0 310 -354  2
4013500 2675500 11 26  5   6.8  974 145  3.6 6  6.3  98    0    0 309 -352  2
4013500 2675500 11 26  6   6.6  973 143  3.3 8  6.3  99    0    0 306 -347  2
4013500 2675500 11 26  7   6.6  973 155  4.2 7  6.3 100    0    0 311 -341  2
4013500 2675500 11 26  8   6.7  973 148  3.6 7  6.3 100    0    0 307 -336  2
4013500 2675500 11 26  9   6.6  972 156  3.9 6  6.3 100   12   18 303 -334  2
4013500 2675500 11 26 10   6.8  972 175  4.4 6  6.4 100   62   34 299 -334  2
4013500 2675500 11 26 11   8.0  972 161  3.9 5  6.4  96   65   66 295 -339  2
4013500 2675500 11 26 12   8.7  972 162  4.0 6  6.4  90   28   97 297 -347  2
4013500 2675500 11 26 13   8.9  971 154  4.3 5  6.4  87   18   99 298 -356  2
4013500 2675500 11 26 14   9.4  971 154  3.4 5  6.3  83   15   82 295 -361  2
4013500 2675500 11 26 15   9.9  970 155  2.9 6  6.2  79    3   57 301 -363  2
4013500 2675500 11 26 16   9.0  969 159  3.0 4  6.1  80    6   26 298 -362  2
4013500 2675500 11 26 17   7.4  967 145  2.2 4  6.0  84    0    1 284 -359  2
4013500 2675500 11 26 18   6.4  967 142  2.1 3  5.7  87    0    0 272 -356  2
4013500 2675500 11 26 19   6.0  967 147  2.5 4  5.6  90    0    0 267 -355  2
4013500 2675500 11 26 20   5.0  966 151  1.8 4  5.6  95    0    0 267 -355  2
4013500 2675500 11 26 21   4.1  966 140  2.3 5  5.4  98    0    0 267 -354  2
4013500 2675500 11 26 22   4.0  965 130  1.6 6  5.3  99    0    0 278 -354  2
4013500 2675500 11 26 23   4.0  965 182  1.6 6  5.3  99    0    0 286 -354  2
4013500 2675500 11 26 24   4.0  965 157  1.8 4  5.2  99    0    0 267 -353  2
4013500 2675500 11 27  1   4.0  965 191  2.4 7  5.3  99    0    0 277 -351  2
4013500 2675500 11 27  2   5.0  964 152  2.4 6  5.4  98    0    0 297 -346  2
4013500 2675500 11 27  3   4.6  964 130  2.8 6  5.4  96    0    0 293 -341  2
4013500 2675500 11 27  4   4.2  964 142  2.2 5  5.2  96    0    0 287 -341  2
4013500 2675500 11 27  5   4.5  964 155  1.8 7  5.3  97    0    0 294 -343  2
4013500 2675500 11 27  6   4.8  964 154  0.3 7  5.5  99    0    0 307 -344  2
4013500 2675500 11 27  7   5.6  964 161  1.8 7  5.6  96    0    0 309 -345  2
4013500 2675500 11 27  8   4.3  964 170  1.1 7  5.5  97    0    0 308 -346  2
4013500 2675500 11 27  9   4.2  964 174  1.3 7  5.4 100    0   20 305 -346  2
4013500 2675500 11 27 10   4.5  964 197  1.5 5  5.5 100   35   39 293 -347  2
4013500 2675500 11 27 11   6.0  964 231  1.4 5  5.7  98   35   66 282 -350  2
4013500 2675500 11 27 12   6.2  964 348  0.7 8  5.8  95    0   83 302 -354  2
4013500 2675500 11 27 13   5.9  964   2  0.8 6  5.8  95    0   86 307 -356  2
4013500 2675500 11 27 14   6.1  964  17  1.9 6  5.9  97    5   76 293 -356  2
4013500 2675500 11 27 15   6.6  963  32  2.2 8  6.1  97   15   55 308 -354  2
4013500 2675500 11 27 16   5.8  963  31  3.1 8  6.1  98    0   14 319 -350  2
4013500 2675500 11 27 17   6.0  963  20  2.5 8  6.0  98    0    0 317 -346  2
4013500 2675500 11 27 18   5.6  963  11  2.2 7  5.9  98    0    0 308 -342  2
4013500 2675500 11 27 19   5.6  963  13  2.4 8  5.9 100    0    0 305 -340  2
4013500 2675500 11 27 20   5.7  963  22  2.8 8  6.0 100    0    0 314 -338  2
4013500 2675500 11 27 21   5.6  964  18  3.1 8  6.0 100    0    0 314 -338  2
4013500 2675500 11 27 22   6.0  965  21  2.7 8  5.9  98    0    0 313 -337  2
4013500 2675500 11 27 23   5.6  965 358  2.9 8  5.9  99    0    0 313 -336  2
4013500 2675500 11 27 24   5.8  965 357  3.7 8  6.0 100    0    0 314 -337  2
4013500 2675500 11 28  1   5.7  965 352  3.4 8  6.0 100    0    0 315 -337  2
4013500 2675500 11 28  2   6.1  965 354  3.3 8  6.0  99    0    0 316 -336  2
4013500 2675500 11 28  3   5.6  966   1  3.7 8  6.0  99    0    0 317 -335  2
4013500 2675500 11 28  4   5.7  966   1  3.8 8  6.0 100    0    0 318 -333  2
4013500 2675500 11 28  5   5.9  967 352  3.9 8  6.0 100    0    0 318 -331  2
4013500 2675500 11 28  6   5.9  967 353  3.6 8  6.1 100    0    0 319 -330  2
4013500 2675500 11 28  7   6.0  967 347  3.7 8  6.0  99    0    0 319 -329  2
4013500 2675500 11 28  8   5.7  968 342  3.9 8  5.9  98    0    0 317 -329  2
4013500 2675500 11 28  9   5.8  969 341  3.4 8  5.8  98    0   13 317 -328  2
4013500 2675500 11 28 10   5.6  970 340  4.1 8  5.8  98    0   23 316 -329  2
4013500 2675500 11 28 11   6.0  971 347  4.0 8  5.8  97    0   35 315 -332  2
4013500 2675500 11 28 12   5.7  971 332  4.2 8  5.8  97    0   48 315 -335  2
4013500 2675500 11 28 13   6.0  972 350  4.2 8  5.8  96    0   61 314 -337  2
4013500 2675500 11 28 14   5.3  972 350  4.7 8  5.7  97    0   40 311 -338  2
4013500 2675500 11 28 15   5.2  973 354  4.5 7  5.6  98    0   26 304 -338  2
4013500 2675500 11 28 16   4.8  974 349  3.7 8  5.5  98    0   27 302 -337  2
4013500 2675500 11 28 17   4.2  974 348  4.2 8  5.4  99    0    2 304 -334  2
4013500 2675500 11 28 18   4.7  975 356  3.9 8  5.4  99    0    0 304 -331  2
4013500 2675500 11 28 19   4.7  976 338  3.2 8  5.4  98    0    0 306 -329  2
4013500 2675500 11 28 20   4.9  976 344  3.5 8  5.4  97    0    0 306 -328  2
4013500 2675500 11 28 21   5.0  977 344  3.5 8  5.4  96    0    0 307 -326  2
4013500 2675500 11 28 22   5.1  977 347  3.5 8  5.4  96    0    0 308 -324  2
4013500 2675500 11 28 23   4.8  978 322  3.2 7  5.3  96    0    0 309 -323  2
4013500 2675500 11 28 24   4.4  978 283  2.6 7  5.1  95    0    0 311 -322  2
4013500 2675500 11 29  1   4.0  984 237  2.0 6  4.9  95    0    0 274 -319  2
4013500 2675500 11 29  2   3.6  984 200  1.7 6  4.7  94    0    0 277 -319  2
4013500 2675500 11 29  3   3.4  985 173  1.4 6  4.6  93    0    0 289 -320  2
4013500 2675500 11 29  4   3.3  985 171  1.6 7  4.6  93    0    0 295 -321  2
4013500 2675500 11 29  5   3.3  985 168  1.6 6  4.6  93    0    0 301 -322  2
4013500 2675500 11 29  6   3.3  985 161  2.2 7  4.6  93    0    0 302 -323  2
4013500 2675500 11 29  7   3.0  985 141  1.9 8  4.6  94    0    0 307 -324  2
4013500 2675500 11 29  8   2.8  985 155  1.8 8  4.6  96    0    0 313 -325  2
4013500 2675500 11 29  9   2.8  985 152  2.6 8  4.6  96    0   10 314 -325  2
4013500 2675500 11 29 10   3.2  985 169  2.4 7  4.6  95    0   30 310 -327  2
4013500 2675500 11 29 11   3.6  985 184  2.3 7  4.7  94    0   39 307 -331  2
4013500 2675500 11 29 12   3.8  985 197  2.8 8  4.8  94    0   44 313 -334  2
4013500 2675500 11 29 13   4.2  984 201  2.9 7  4.9  94    0   66 314 -337  2
4013500 2675500 11 29 14   4.1  983 199  2.6 7  5.0  95    0   62 309 -338  2
4013500 2675500 11 29 15   4.2  982 198  3.1 8  5.1  96    0   31 314 -338  2
4013500 2675500 11 29 16   4.8  982 211  2.9 8  5.1  95    0   14 320 -338  2
4013500 2675500 11 29 17   4.5  981 214  2.7 8  5.2  96    0    0 321 -338  2
4013500 2675500 11 29 18   4.6  981 213  2.9 8  5.3  97    0    0 322 -338  2
4013500 2675500 11 29 19   4.8  981 213  3.0 8  5.3  97    0    0 324 -338  2
4013500 2675500 11 29 20   4.6  980 220  2.8 8  5.3  97    0    0 325 -338  2
4013500 2675500 11 29 21   4.7  980 219  2.1 8  5.3  97    0    0 326 -338  2
4013500 2675500 11 29 22   4.7  979 173  2.0 8  5.4  98    0    0 327 -339  2
4013500 2675500 11 29 23   4.8  979 179  1.5 8  5.4  98    0    0 328 -340  2
4013500 2675500 11 29 24   4.8  978 169  0.7 8  5.4  98    0    0 329 -340  2
4013500 2675500 11 30  1   4.8  978 165  0.6 8  5.4  98    0    0 330 -341  2
4013500 2675500 11 30  2   4.8  978 146  0.0 6  5.4  98    0    0 317 -341  2
4013500 2675500 11 30  3   4.9  977 138  0.0 8  5.4  98    0    0 317 -341  2
4013500 2675500 11 30  4   4.9  977 144  0.0 8  5.4  97    0    0 334 -342  2
4013500 2675500 11 30  5   4.9  977 145  0.1 8  5.5  98    0    0 335 -342  2
4013500 2675500 11 30  6   5.0  977 130  0.5 8  5.5  98    0    0 335 -343  2
4013500 2675500 11 30  7   5.0  977 125  0.8 8  5.5  97    0    0 335 -343  2
4013500 2675500 11 30  8   4.9  978 125  0.7 8  5.4  97    0    0 336 -343  2
4013500 2675500 11 30  9   5.1  979 127  0.8 8  5.4  97    0   10 336 -343  2
4013500 2675500 11 30 10   5.2  979 124  1.7 7  5.5  97    1   53 328 -343  2
4013500 2675500 11 30 11   5.6  979 119  1.8 6  5.5  96    0   76 313 -343  2
4013500 2675500 11 30 12   5.9  980 121  2.1 6  5.6  95    1   90 304 -343  2
4013500 2675500 11 30 13   6.1  980 119  2.2 7  5.7  95    0   88 311 -344  2
4013500 2675500 11 30 14   6.2  980 122  2.8 7  5.7  94    5   88 321 -344  2
4013500 2675500 11 30 15   6.4  980 123  2.6 7  5.8  94   13   69 322 -345  2
4013500 2675500 11 30 16   6.3  980 124  2.8 8  5.8  94    0   25 332 -346  2
4013500 2675500 11 30 17   5.8  981 123  3.2 8  5.7  94    0    0 340 -347  2
4013500 2675500 11 30 18   5.5  981 126  3.0 8  5.6  96    0    0 339 -348  2
4013500 2675500 11 30 19   5.7  982 132  2.6 8  5.6  95    0    0 339 -349  2
4013500 2675500 11 30 20   5.8  982 137  2.4 8  5.5  93    0    0 339 -350  2
4013500 2675500 11 30 21   5.5  982 142  2.7 8  5.5  94    0    0 339 -350  2
4013500 2675500 11 30 22   5.9  982 141  3.1 8  5.5  93    0    0 339 -351  2
4013500 2675500 11 30 23   5.9  983 131  3.2 8  5.5  92    0    0 339 -351  2
4013500 2675500 11 30 24   5.7  983 129  2.9 8  5.5  93    0    0 339 -352  2
4013500 2675500 12  1  1   6.2  983 126  2.9 7  5.6  91    0    0 325 -352  2
4013500 2675500 12  1  2   5.9  983 127  2.8 7  5.6  93    0    0 324 -351  2
4013500 2675500 12  1  3   5.7  983 124  2.9 8  5.7  96    0    0 331 -351  2
4013500 2675500 12  1  4   5.7  983 126  2.9 8  5.7  96    0    0 338 -351  2
4013500 2675500 12  1  5   5.9  983 125  3.1 8  5.7  96    0    0 338 -351  2
4013500 2675500 12  1  6   5.8  983 125  2.9 8  5.7  96    0    0 338 -351  2
4013500 2675500 12  1  7   5.6  983 129  2.9 8  5.7  97    0    0 337 -352  2
4013500 2675500 12  1  8   5.8  983 139  2.9 8  5.7  97    0    0 337 -352  2
4013500 2675500 12  1  9   5.8  983 145  2.8 8  5.7  96   16    5 338 -354  2
4013500 2675500 12  1 10   6.3  984 165  2.9 7  5.8  96   14   37 332 -355  2
4013500 2675500 12  1 11   6.1  984 168  3.0 8  5.9  97    0   46 332 -355  2
4013500 2675500 12  1 12   6.8  984 168  3.2 7  6.0  96    0   48 333 -356  2
4013500 2675500 12  1 13   7.3  984 144  3.1 8  6.1  94    0   41 334 -357  2
4013500 2675500 12  1 14   6.9  984 140  2.9 8  6.1  94    0   45 341 -358  2
4013500 2675500 12  1 15   6.5  984 144  2.4 5  6.0  96   56   24 320 -357  2
4013500 2675500 12  1 16   6.2  984 159  3.0 8  6.0  98   14   13 319 -357  2
4013500 2675500 12  1 17   6.5  984 147  2.8 8  6.0  97    0    4 338 -356  2
4013500 2675500 12  1 18   5.5  985 155  2.8 8  5.9  98    0    0 336 -356  2
4013500 2675500 12  1 19   6.1  985 174  2.6 8  5.8  99    0    0 335 -356  2
4013500 2675500 12  1 20   6.2  985 173  2.5 8  5.9  98    0    0 335 -356  2
4013500 2675500 12  1 21   5.8  986 176  2.6 8  5.9  98    0    0 335 -356  2
4013500 2675500 12  1 22   5.8  986 174  2.0 8  5.8  99    0    0 334 -356  2
4013500 2675500 12  1 23   5.9  986 175  2.3 8  5.9  99    0    0 333 -355  2
4013500 2675500 12  1 24   6.2  987 181  1.7 8  5.9  98    0    0 334 -354  2
4013500 2675500 12  2  1   6.3  987 189  1.5 7  5.9  97    0    0 327 -353  2
4013500 2675500 12  2  2   6.0  987 187  1.1 5  5.8  96    0    0 308 -352  2
4013500 2675500 12  2  3   6.2  987 187  1.2 5  5.8  97    0    0 294 -352  2
4013500 2675500 12  2  4   6.1  987 174  0.8 5  5.9  97    0    0 294 -352  2
4013500 2675500 12  2  5   5.9  987 176  0.8 7  5.9  98    0    0 306 -353  2
4013500 2675500 12  2  6   6.1  988 170  1.6 7  5.9  99    0    0 317 -353  2
4013500 2675500 12  2  7   6.0  988 170  0.6 7  5.9  98    0    0 315 -353  2
4013500 2675500 12  2  8   6.2  988 180  1.2 8  5.8  97    0    0 319 -352  2
4013500 2675500 12  2  9   6.0  989 166  0.6 8  5.8  97    0    7 323 -349  2
4013500 2675500 12  2 10   6.7  989 148  0.7 7  5.9  97    0   41 317 -346  2
4013500 2675500 12  2 11   6.2  989 171  1.6 8  6.0  98    0   60 316 -343  2
4013500 2675500 12  2 12   7.4  990 142  1.6 8  6.1  96    0   53 321 -342  2
4013500 2675500 12  2 13   6.0  989 156  1.7 7  6.0  96    0   54 313 -341  2
4013500 2675500 12  2 14   6.1  989 173  1.7 7  5.9  99   15   73 304 -341  2
4013500 2675500 12  2 15   6.6  989 161  1.1 6  6.0  98    5   47 297 -340  2
4013500 2675500 12  2 16   5.7  989  17  1.5 8  5.9  98   15   12 300 -340  2
4013500 2675500 12  2 17   6.0  989  65  1.6 6  5.8  99    0    0 298 -339  2
4013500 2675500 12  2 18   6.3  989 151  1.9 8  5.8  96    0    0 299 -339  2
4013500 2675500 12  2 19   5.4  989 139  2.3 8  5.6  96    0    0 310 -339  2
4013500 2675500 12  2 20   5.4  989 139  2.3 8  5.6  99    0    0 310 -339  2
4013500 2675500 12  2 21   5.5  989 148  2.0 8  5.6  98    0    0 310 -339  2
4013500 2675500 12  2 22   5.8  989 131  1.8 7  5.6  96    0    0 305 -339  2
4013500 2675500 12  2 23   5.5  989 161  2.0 7  5.6  96    0    0 301 -338  2
4013500 2675500 12  2 24   5.0  990 146  1.9 8  5.5  98    0    0 305 -336  2
4013500 2675500 12  3  1   4.8  990 153  2.0 6  5.5 100    0    0 298 -333  2
4013500 2675500 12  3  2   5.0  990 150  1.6 8  5.5 100    0    0 298 -329  2
4013500 2675500 12  3  3   4.8  990 137  1.5 8  5.5 100    0    0 308 -324  2
4013500 2675500 12  3  4   4.9  989 146  1.7 8  5.5 100    0    0 308 -321  2
4013500 2675500 12  3  5   4.7  989 153  2.0 7  5.5 100    0    0 302 -319  2
4013500 2675500 12  3  6   5.0  989 157  2.0 7  5.4  98    0    0 296 -319  2
4013500 2675500 12  3  7   4.2  989 148  2.2 6  5.3  98    0    0 291 -318  2
4013500 2675500 12  3  8   4.4  989 158  2.4 8  5.2  98    0    0 294 -318  2
4013500 2675500 12  3  9   3.5  990 154  2.4 8  5.1  99    1   14 300 -318  2
4013500 2675500 12  3 10   3.6  990 135  2.3 8  5.0  99    2   52 299 -319  2
4013500 2675500 12  3 11   3.7  990 142  2.3 7  5.0  98    0   40 295 -323  2
4013500 2675500 12  3 12   3.9  990 139  2.7 7  4.9  96    0   50 292 -331  2
4013500 2675500 12  3 13   4.8  989 147  3.2 6  4.9  92    0   82 288 -336  2
4013500 2675500 12  3 14   3.6  989 151  2.8 7  4.8  92    0   73 287 -338  2
4013500 2675500 12  3 15   3.0  989 150  3.6 8  4.7  94    0   30 293 -338  2
4013500 2675500 12  3 16   1.8  989 141  3.7 8  4.5  97    0   22 294 -336  2
4013500 2675500 12  3 17   2.1  989 138  3.6 8  4.4  98    0    0 292 -333  2
4013500 2675500 12  3 18   1.2  989 151  3.7 8  4.3  97    0    0 291 -329  2
4013500 2675500 12  3 19   1.4  988 166  3.7 7  4.1  97    0    0 287 -328  2
4013500 2675500 12  3 20   0.8  988 165  3.7 7  4.1  98    0    0 282 -327  2
4013500 2675500 12  3 21   0.8  988 145  4.7 7  4.1  99    0    0 281 -325  2
4013500 2675500 12  3 22   0.4  988 148  4.7 7  4.0  99    0    0 281 -324  2
4013500 2675500 12  3 23   0.4  988 144  4.4 7  4.0  99    0    0 280 -323  2
4013500 2675500 12  3 24   0.6  987 147  4.7 6  4.0  98    0    0 277 -322  2
4013500 2675500 12  4  1   0.5  987 146  4.1 6  3.9  97    0    0 273 -322  2
4013500 2675500 12  4  2   0.6  986 147  3.7 8  3.9  97    0    0 283 -322  2
4013500 2675500 12  4  3   0.8  985 145  3.7 7  3.9  96    0    0 290 -322  2
4013500 2675500 12  4  4   0.9  985 144  4.4 7  4.0  96    0    0 286 -322  2
4013500 2675500 12  4  5   1.5  984 138  4.3 6  4.0  95    0    0 284 -323  2
4013500 2675500 12  4  6   1.6  984 133  4.3 8  4.1  94    0    0 290 -324  2
4013500 2675500 12  4  7   2.1  983 125  4.5 8  4.2  95    0    0 301 -325  2
4013500 2675500 12  4  8   2.4  983 134  4.4 8  4.4  95    0    0 304 -326  2
4013500 2675500 12  4  9   2.3  982 145  3.6 8  4.5  97    0    2 306 -326  2
4013500 2675500 12  4 10   2.7  982 134  3.9 8  4.6  99    0   24 308 -327  2
4013500 2675500 12  4 11   3.5  981 131  4.8 8  4.7  97    0   28 311 -330  2
4013500 2675500 12  4 12   3.6  981 148  4.9 7  4.8  96    0   51 309 -334  2
4013500 2675500 12  4 13   4.6  980 155  3.6 6  5.0  96    0   60 299 -338  2
4013500 2675500 12  4 14   4.4  980 147  2.7 7  5.2  95    0   43 302 -340  2
4013500 2675500 12  4 15   4.9  979 134  2.7 8  5.2  94    0   18 314 -340  2
4013500 2675500 12  4 16   4.2  979 130  2.1 8  5.2  96    0   17 321 -341  2
4013500 2675500 12  4 17   4.9  978 131  3.3 8  5.4  99    0    0 324 -341  2
4013500 2675500 12  4 18   5.9  978 215  5.0 8  5.7  98    0    0 328 -342  2
4013500 2675500 12  4 19   6.5  978 225  4.3 8  5.9  97    0    0 330 -345  2
4013500 2675500 12  4 20   6.7  978 232  3.4 8  6.0  96    0    0 332 -347  2
4013500 2675500 12  4 21   6.7  978 240  4.2 8  6.1  96    0    0 331 -348  2
4013500 2675500 12  4 22   6.2  979 249  2.7 7  5.9  95    0    0 323 -348  2
4013500 2675500 12  4 23   6.0  980 263  2.7 7  5.8  95    0    0 314 -347  2
4013500 2675500 12  4 24   5.5  981 252  3.4 6  5.7  96    0    0 306 -346  2
4013500 2675500 12  5  1   5.0  982 255  3.1 6  5.5  97    0    0 297 -346  2
4013500 2675500 12  5  2   5.1  982 254  2.9 4  5.3  95    0    0 280 -344  2
4013500 2675500 12  5  3   5.5  983 249  3.5 6  5.3  92    0    0 278 -341  2
4013500 2675500 12  5  4   5.4  984 240  3.5 8  5.2  91    0    0 309 -339  2
4013500 2675500 12  5  5   5.3  984 242  3.2 6  5.2  90    0    0 308 -338  2
4013500 2675500 12  5  6   5.0  984 243  2.6 5  5.1  90    0    0 286 -337  2
4013500 2675500 12  5  7   4.5  984 231  3.5 4  5.0  92    0    0 272 -336  2
4013500 2675500 12  5  8   4.0  985 216  1.3 7  5.1  96    0    0 285 -335  2
4013500 2675500 12  5  9   4.5  986 220  2.1 7  5.1  96    2   15 305 -335  2
4013500 2675500 12  5 10   5.6  986 228  2.4 7  5.3  95   36   70 309 -336  2
4013500 2675500 12  5 11   5.6  986 234  2.8 5  5.5  95   19  106 298 -338  2
4013500 2675500 12  5 12   6.7  987 228  3.3 6  5.6  93   17  129 293 -341  2
4013500 2675500 12  5 13   6.9  987 204  4.1 7  5.6  88    7  115 307 -343  2
4013500 2675500 12  5 14   6.5  986 211  3.6 6  5.3  85    6   99 306 -345  2
4013500 2675500 12  5 15   6.3  986 220  2.8 8  5.2  84    0   51 310 -344  2
4013500 2675500 12  5 16   6.2  985 184  3.2 7  5.2  85    0   10 315 -341  2
4013500 2675500 12  5 17   5.8  985 161  3.3 7  5.1  86    0    0 308 -336  2
4013500 2675500 12  5 18   6.1  984 161  4.5 7  5.2  87    0    0 309 -333  2
4013500 2675500 12  5 19   6.2  982 158  5.3 8  5.3  88    0    0 316 -333  2
4013500 2675500 12  5 20   6.1  981 152  5.4 8  5.5  91    0    0 323 -333  2
4013500 2675500 12  5 21   6.2  980 163  6.9 8  5.7  95    0    0 325 -334  2
4013500 2675500 12  5 22   6.6  978 168  6.4 8  5.8  94    0    0 327 -336  2
4013500 2675500 12  5 23   6.6  978 186  5.7 8  6.0  95    0    0 328 -337  2
4013500 2675500 12  5 24   7.4  977 190  4.3 8  6.2  96    0    0 331 -338  2
4013500 2675500 12  6  1   7.6  976 223  5.3 8  6.3  95    0    0 334 -341  2
4013500 2675500 12  6  2   8.2  975 229  5.8 8  6.4  93    0    0 335 -345  2
4013500 2675500 12  6  3   8.3  975 278  6.2 8  6.5  92    0    0 336 -348  2
4013500 2675500 12  6  4   7.6  975 281  6.3 8  6.2  90    0    0 336 -347  2
4013500 2675500 12  6  5   7.1  976 263  5.7 8  5.9  89    0    0 333 -346  2
4013500 2675500 12  6  6   7.1  976 268  5.8 8  5.8  89    0    0 331 -344  2
4013500 2675500 12  6  7   7.1  977 252  6.6 8  5.8  89    0    0 331 -343  2
4013500 2675500 12  6  8   7.0  978 252  4.8 8  5.9  91    0    0 331 -341  2
4013500 2675500 12  6  9   7.1  979 268  4.0 8  6.1  95    0    9 330 -340  2
4013500 2675500 12  6 10   7.0  980 306  5.7 7  6.2  95    0   33 324 -340  2
4013500 2675500 12  6 11   5.8  982 325  7.3 8  5.7  93    0   23 321 -340  2
4013500 2675500 12  6 12   5.4  984 320  7.4 8  5.3  91    0   24 324 -340  2
4013500 2675500 12  6 13   5.2  985 327  7.2 7  5.2  91    0   24 318 -341  2
4013500 2675500 12  6 14   5.1  987 324  7.3 7  5.0  88    0   21 312 -342  2
4013500 2675500 12  6 15   5.1  988 339  6.4 7  4.9  87    0   14 313 -342  2
4013500 2675500 12  6 16   5.0  989   3  4.5 7  4.8  85    0    8 312 -343  2
4013500 2675500 12  6 17   4.8  991 344  5.0 8  4.7  86    0    0 318 -343  2
4013500 2675500 12  6 18   4.6  992 336  6.0 8  4.8  88    0    0 324 -341  2
4013500 2675500 12  6 19   4.3  993 333  4.5 8  4.8  90    0    0 322 -336  2
4013500 2675500 12  6 20   4.1  994 337  3.8 8  4.7  91    0    0 320 -330  2
4013500 2675500 12  6 21   3.8  995 345  4.3 7  4.7  91    0    0 312 -327  2
4013500 2675500 12  6 22   3.0  996 329  2.5 6  4.5  92    0    0 298 -324  2
4013500 2675500 12  6 23   2.2  996 340  2.3 6  4.3  93    0    0 289 -320  2
4013500 2675500 12  6 24   1.9  997 338  2.9 7  4.1  92    0    0 292 -318  2
4013500 2675500 12  7  1   1.0  997 351  2.3 5  3.9  91    0    0 283 -312  2
4013500 2675500 12  7  2   1.0  997 341  2.0 5  3.8  91    0    0 270 -307  2
4013500 2675500 12  7  3   0.5  998 352  3.0 3  3.7  91    0    0 257 -306  2
4013500 2675500 12  7  4  -0.1  998 360  3.1 3  3.7  94    0    0 245 -305  2
4013500 2675500 12  7  5   0.2  998   8  2.8 4  3.6  93    0    0 248 -304  2
4013500 2675500 12  7  6  -0.9  999   3  2.0 5  3.6  95    0    0 256 -302  2
4013500 2675500 12  7  7  -0.5  999  28  1.5 4  3.5  96    0    0 253 -299  2
4013500 2675500 12  7  8  -1.3 1000   7  1.6 3  3.5  96    0    0 241 -296  2
4013500 2675500 12  7  9  -1.1 1000 343  2.1 3  3.5  99    7   11 235 -294  2
4013500 2675500 12  7 10   0.4 1001 341  2.1 6  3.6  97   14   51 249 -294  2
4013500 2675500 12  7 11   0.9 1001 343  1.6 8  3.7  93    4   71 275 -299  2
4013500 2675500 12  7 12   1.4 1001 355  2.3 8  3.9  92    0   72 286 -304  2
4013500 2675500 12  7 13   2.0 1001  12  2.2 8  4.0  92    0   57 288 -309  2
4013500 2675500 12  7 14   2.0 1001   7  2.0 7  4.0  90    0   56 283 -310  2
4013500 2675500 12  7 15   2.1 1001  54  1.5 7  4.0  90    0   32 280 -309  2
4013500 2675500 12  7 16   1.9 1001  64  1.3 7  4.0  90    0    7 279 -307  2
4013500 2675500 12  7 17   2.0 1002  78  1.1 6  4.0  91    0    0 273 -303  2
4013500 2675500 12  7 18   1.9 1002  64  1.1 7  4.1  92    0    0 271 -300  2
4013500 2675500 12  7 19   1.9 1002  61  1.2 5  4.1  93    0    0 265 -298  2
4013500 2675500 12  7 20   1.7 1003  56  0.9 5  4.0  92    0    0 255 -297  2
4013500 2675500 12  7 21   1.8 1003  73  1.1 6  4.0  92    0    0 258 -296  2
4013500 2675500 12  7 22   1.5 1003  67  1.0 8  4.0  93    0    0 270 -296  2
4013500 2675500 12  7 23   1.6 1003  63  1.0 8  4.0  94    0    0 277 -296  2
4013500 2675500 12  7 24   1.0 1003  82  0.4 7  4.0  96    0    0 275 -296  2
4013500 2675500 12  8  1   0.5 1004 242  0.9 5  3.9  97    0    0 261 -296  2
4013500 2675500 12  8  2   0.0 1004  14  1.1 5  3.8  98    0    0 251 -296  2
4013500 2675500 12  8  3  -0.6 1004 351  0.4 5  3.7  99    0    0 250 -296  2
4013500 2675500 12  8  4  -1.1 1004 290  0.0 3  3.5  98    0    0 240 -296  2
4013500 2675500 12  8  5  -1.3 1004 238  0.1 4  3.5  98    0    0 235 -296  2
4013500 2675500 12  8  6  -0.8 1004 352  0.0 4  3.5  98    0    0 238 -295  2
4013500 2675500 12  8  7  -0.8 1004   9  1.1 3  3.4  95    0    0 235 -295  2
4013500 2675500 12  8  8  -0.7 1005 348  1.0 5  3.5  96    0    0 238 -294  2
4013500 2675500 12  8  9  -0.2 1005 316  0.9 5  3.6  97    0    2 246 -296  2
4013500 2675500 12  8 10   0.8 1005 335  1.2 5  3.7  95    5   56 248 -299  2
4013500 2675500 12  8 11   1.6 1005  23  1.1 4  4.0  95   43  114 247 -303  2
4013500 2675500 12  8 12   2.8 1005 176  1.3 7  4.2  93    3   99 259 -309  2
4013500 2675500 12  8 13   2.7 1005  54  2.0 8  4.2  90    0   31 277 -313  2
4013500 2675500 12  8 14   2.6 1004  62  2.4 7  4.1  88    0   33 277 -315  2
4013500 2675500 12  8 15   1.8 1004  64  2.9 7  4.0  88    0   22 273 -315  2
4013500 2675500 12  8 16   1.9 1004  70  2.3 7  3.8  88    0    9 271 -313  2
4013500 2675500 12  8 17   1.3 1004  66  2.7 8  3.7  87    0    0 273 -310  2
4013500 2675500 12  8 18   1.1 1005  61  2.9 8  3.6  87    0    0 274 -307  2
4013500 2675500 12  8 19   0.4 1005  88  2.9 8  3.4  85    0    0 272 -305  2
4013500 2675500 12  8 20  -0.1 1005  87  1.9 8  3.3  84    0    0 271 -304  2
4013500 2675500 12  8 21  -0.3 1005 114  2.1 8  3.2  84    0    0 271 -304  2
4013500 2675500 12  8 22  -0.4 1005 118  2.4 8  3.0  82    0    0 271 -304  2
4013500 2675500 12  8 23  -0.6 1005 108  2.3 8  3.0  80    0    0 271 -304  2
4013500 2675500 12  8 24  -1.1 1005  91  2.7 8  2.9  81    0    0 270 -303  2
4013500 2675500 12  9  1  -1.2 1005 122  3.2 8  2.9  84    0    0 270 -302  2
4013500 2675500 12  9  2  -1.3 1005  74  2.5 8  2.9  84    0    0 270 -301  2
4013500 2675500 12  9  3  -1.7 1005 104  2.7 8  2.9  84    0    0 270 -301  2
4013500 2675500 12  9  4  -2.0 1005  59  1.9 6  2.9  86    0    0 262 -298  2
4013500 2675500 12  9  5  -2.5 1005  62  0.9 3  2.9  88    0    0 242 -293  2
4013500 2675500 12  9  6  -2.8 1005 308  0.9 5  2.9  91    0    0 237 -289  2
4013500 2675500 12  9  7  -2.6 1005  15  2.0 5  2.8  90    0    0 245 -287  2
4013500 2675500 12  9  8  -2.6 1005  37  2.2 7  2.8  89    0    0 255 -285  2
4013500 2675500 12  9  9  -2.3 1005  16  2.2 7  2.8  87    2   13 265 -284  2
4013500 2675500 12  9 10  -2.1 1005 290  1.7 4  2.8  86   48   51 253 -284  2
4013500 2675500 12  9 11  -1.5 1005  50  1.8 2  2.9  88  101   79 231 -288  2
4013500 2675500 12  9 12  -0.7 1006 142  2.0 2  3.0  86  137   94 223 -292  2
4013500 2675500 12  9 13  -0.1 1005 103  1.8 2  3.0  82  136  100 225 -297  2
4013500 2675500 12  9 14   0.2 1005 133  1.9 2  3.1  80  110   92 226 -299  2
4013500 2675500 12  9 15   0.5 1005 115  1.6 2  3.0  77   66   69 227 -298  2
4013500 2675500 12  9 16   0.0 1005 102  1.8 3  3.0  78   18   30 233 -296  2
4013500 2675500 12  9 17  -1.2 1005  38  1.2 2  3.0  82    0    1 231 -291  2
4013500 2675500 12  9 18  -2.7 1005  53  1.0 2  2.9  89    0    0 222 -287  2
4013500 2675500 12  9 19  -2.7 1006   9  0.7 0  2.9  93    0    0 211 -285  2
4013500 2675500 12  9 20  -3.1 1006  52  0.6 0  2.9  94    0    0 203 -284  2
4013500 2675500 12  9 21  -3.3 1005  64  0.6 0  2.9  96    0    0 203 -282  2
4013500 2675500 12  9 22  -3.7 1005  98  0.8 0  2.8  97    0    0 205 -281  2
4013500 2675500 12  9 23  -3.9 1005 107  0.9 0  2.8  96    0    0 208 -281  2
4013500 2675500 12  9 24  -4.0 1005  89  0.9 0  2.8  95    0    0 204 -280  2
4013500 2675500 12 10  1  -3.8  982 120  0.9 0  2.7  92    0    0 195 -278  2
4013500 2675500 12 10  2  -3.8  981 155  0.9 0  2.7  91    0    0 195 -277  2
4013500 2675500 12 10  3  -3.7  981 186  0.8 0  2.7  90    0    0 197 -277  2
4013500 2675500 12 10  4  -3.7  981 238  0.9 0  2.7  91    0    0 198 -276  2
4013500 2675500 12 10  5  -3.4  980 225  0.8 0  2.7  90    0    0 198 -274  2
4013500 2675500 12 10  6  -3.6  980 265  0.5 0  2.7  91    0    0 200 -272  2
4013500 2675500 12 10  7  -3.4  980 202  0.9 1  2.7  90    0    0 204 -271  2
4013500 2675500 12 10  8  -2.2  979 184  1.5 2  2.7  84    0    0 213 -271  2
4013500 2675500 12 10  9  -2.2  980 110  1.3 3  2.7  80    4   12 221 -270  2
4013500 2675500 12 10 10  -1.8  980 143  1.3 2  2.7  80   53   45 222 -274  2
4013500 2675500 12 10 11   1.3  980 136  1.8 1  2.8  73  123   63 219 -283  2
4013500 2675500 12 10 12   0.5  979 164  1.6 1  3.0  71  177   67 219 -293  2
4013500 2675500 12 10 13   2.3  979 176  1.4 0  3.2  74  184   70 216 -301  2
4013500 2675500 12 10 14   3.9  978 193  2.1 0  3.2  65  151   66 217 -306  2
4013500 2675500 12 10 15   3.5  978 174  2.3 0  3.0  60   90   54 219 -307  2
4013500 2675500 12 10 16   1.9  977 183  3.2 0  3.0  64   22   28 218 -306  2
4013500 2675500 12 10 17   0.4  978 169  3.8 0  3.0  70    0    2 214 -302  2
4013500 2675500 12 10 18   0.1  978 166  5.0 0  2.9  73    0    0 213 -298  2
4013500 2675500 12 10 19  -0.5  979 166  4.9 1  2.9  76    0    0 216 -296  2
4013500 2675500 12 10 20  -0.9  980 164  4.2 2  3.0  79    0    0 222 -294  2
4013500 2675500 12 10 21  -0.7  980 161  3.0 2  3.0  81    0    0 225 -292  2
4013500 2675500 12 10 22  -0.6  980 156  3.0 5  3.0  80    0    0 234 -290  2
4013500 2675500 12 10 23  -0.5  980 169  3.4 5  3.0  80    0    0 243 -290  2
4013500 2675500 12 10 24  -1.0  981 169  3.2 2  3.0  81    0    0 233 -291  2
4013500 2675500 12 11  1  -1.3  981 196  3.9 4  3.0  82    0    0 229 -294  2
4013500 2675500 12 11  2  -1.7  981 196  3.0 2  3.0  84    0    0 228 -297  2
4013500 2675500 12 11  3  -1.4  981 206  3.4 3  3.0  87    0    0 225 -300  2
4013500 2675500 12 11  4  -1.0  981 215  3.4 3  3.2  88    0    0 230 -304  2
4013500 2675500 12 11  5  -1.1  981 219  3.8 1  3.3  90    0    0 224 -306  2
4013500 2675500 12 11  6  -1.4  981 209  2.5 4  3.3  93    0    0 228 -307  2
4013500 2675500 12 11  7  -1.1  982 213  2.7 8  3.3  93    0    0 258 -308  2
4013500 2675500 12 11  8  -1.0  982 214  3.0 8  3.3  90    0    0 277 -308  2
4013500 2675500 12 11  9  -0.9  982 199  2.4 8  3.2  89    0   12 278 -308  2
4013500 2675500 12 11 10  -0.9  982 184  1.8 6  3.2  88    8   50 269 -308  2
4013500 2675500 12 11 11  -0.4  982 198  2.2 5  3.2  86   27   86 257 -309  2
4013500 2675500 12 11 12   0.6  982 190  2.6 3  3.3  84   98  109 247 -312  2
4013500 2675500 12 11 13   0.9  982 191  2.7 5  3.4  82   78  120 249 -314  2
4013500 2675500 12 11 14   1.3  981 185  3.9 6  3.4  80   68  104 266 -315  2
4013500 2675500 12 11 15   1.0  980 183  4.2 4  3.4  80   65   70 262 -315  2
4013500 2675500 12 11 16   0.7  980 177  3.9 5  3.4  82   10   30 256 -316  2
4013500 2675500 12 11 17   0.2  980 167  4.3 6  3.4  84    0    1 268 -315  2
4013500 2675500 12 11 18   0.6  979 160  4.5 7  3.4  83    0    0 279 -314  2
4013500 2675500 12 11 19   0.5  979 160  4.2 8  3.3  82    0    0 290 -314  2
4013500 2675500 12 11 20   0.9  979 164  4.6 8  3.3  81    0    0 297 -314  2
4013500 2675500 12 11 21   0.7  979 151  5.0 7  3.4  82    0    0 293 -315  2
4013500 2675500 12 11 22   0.7  978 151  5.1 8  3.6  87    0    0 294 -315  2
4013500 2675500 12 11 23   1.0  978 165  6.0 7  3.8  92    0    0 298 -315  2
4013500 2675500 12 11 24   1.2  977 154  6.8 8  4.0  95    0    0 300 -315  2
4013500 2675500 12 12  1   1.9  976 150  6.0 7  4.2  96    0    0 304 -316  2
4013500 2675500 12 12  2   1.9  976 134  4.3 7  4.4  96    0    0 301 -316  2
4013500 2675500 12 12  3   2.6  976 243  2.8 7  4.5  97    0    0 303 -316  2
4013500 2675500 12 12  4   3.0  977 235  3.0 8  4.6  96    0    0 313 -316  2
4013500 2675500 12 12  5   3.2  978 258  4.2 8  4.7  96    0    0 321 -317  2
4013500 2675500 12 12  6   3.6  979 278  3.2 8  4.9  98    0    0 322 -317  2
4013500 2675500 12 12  7   4.0  980 280  2.5 8  5.0  96    0    0 322 -317  2
4013500 2675500 12 12  8   4.2  981 291  3.1 8  4.8  92    0    0 322 -317  2
4013500 2675500 12 12  9   3.8  983 285  3.4 8  4.6  89    0    6 320 -317  2
4013500 2675500 12 12 10   3.7  985 285  2.5 8  4.6  89    0   29 316 -317  2
4013500 2675500 12 12 11   3.9  987 288  3.1 5  4.4  86   19  105 296 -318  2
4013500 2675500 12 12 12   4.1  988 307  2.6 3  4.1  80   61  157 264 -318  2
4013500 2675500 12 12 13   4.5  988 300  2.0 5  4.0  75   50  159 262 -318  2
4013500 2675500 12 12 14   4.6  988 351  1.5 6  4.0  74   32  135 278 -319  2
4013500 2675500 12 12 15   4.0  988 213  0.8 6  4.0  76   21   91 282 -321  2
4013500 2675500 12 12 16   2.5  989 182  1.4 6  3.9  80    3   31 278 -321  2
4013500 2675500 12 12 17   1.7  989 127  1.4 7  3.8  85    0    1 279 -319  2
4013500 2675500 12 12 18   0.7  990 119  2.1 7  3.7  88    0    0 280 -319  2
4013500 2675500 12 12 19   0.2  990 146  1.5 8  3.7  93    0    0 284 -319  2
4013500 2675500 12 12 20  -0.3  990 163  2.4 8  3.7  97    0    0 290 -319  2
4013500 2675500 12 12 21  -1.1  988 172  2.2 6  3.6  99    0    0 278 -319  2
4013500 2675500 12 12 22  -0.3  988 157  2.2 6  3.6  98    0    0 267 -318  2
4013500 2675500 12 12 23  -0.2  988 190  1.8 6  3.7  98    0    0 269 -318  2
4013500 2675500 12 12 24   0.7  988 170  2.8 8  3.8  97    0    0 283 -319  2
4013500 2675500 12 13  1   1.6  987 166  3.1 6  4.0  95    0    0 288 -320  2
4013500 2675500 12 13  2   1.1  986 161  3.7 8  4.1  95    0    0 292 -320  2
4013500 2675500 12 13  3   4.4  985 170  4.8 7  4.4  93    0    0 303 -320  2
4013500 2675500 12 13  4   4.8  984 170  4.6 8  4.9  91    0    0 312 -320  2
4013500 2675500 12 13  5   5.2  983 165  4.1 6  5.1  92    0    0 310 -321  2
4013500 2675500 12 13  6   4.7  983 164  3.9 8  5.3  94    0    0 311 -321  2
4013500 2675500 12 13  7   4.5  981 165  5.0 8  5.3  98    0    0 321 -322  2
4013500 2675500 12 13  8   5.1  981 163  6.2 8  5.5 100    0    0 323 -322  2
4013500 2675500 12 13  9   6.0  980 163  6.3 8  5.8  99    0    4 325 -322  2
4013500 2675500 12 13 10   6.6  979 165  6.3 6  6.0  98    0   23 319 -322  2
4013500 2675500 12 13 11   8.1  978 170  6.5 6  6.3  96    0   53 313 -322  2
4013500 2675500 12 13 12   8.8  977 161  5.6 6  6.7  94    0   60 318 -321  2
4013500 2675500 12 13 13   9.5  976 143  5.2 7  7.1  94    0   46 326 -323  2
4013500 2675500 12 13 14   9.9  975 139  3.5 7  7.3  94    0   27 333 -326  2
4013500 2675500 12 13 15  10.4  975 175  5.2 7  7.5  93    0   24 336 -331  2
4013500 2675500 12 13 16  10.1  975 206  4.6 8  7.5  93    0   14 342 -336  2
4013500 2675500 12 13 17  10.3  974 230  6.3 8  7.4  92    0    0 348 -340  2
4013500 2675500 12 13 18  10.3  974 234  8.0 7  7.5  92    0    0 343 -341  2
4013500 2675500 12 13 19  10.5  974 240  8.0 8  7.5  91    0    0 344 -343  2
4013500 2675500 12 13 20  10.3  974 239  9.8 8  7.5  91    0    0 351 -345  2
4013500 2675500 12 13 21  10.2  973 241  9.3 8  7.4  91    0    0 352 -347  2
4013500 2675500 12 13 22  10.2  972 238  8.1 8  7.3  90    0    0 352 -349  2
4013500 2675500 12 13 23   9.9  971 238  8.1 8  7.2  90    0    0 352 -350  2
4013500 2675500 12 13 24   9.5  970 232  6.6 7  7.2  92    0    0 344 -350  2
4013500 2675500 12 14  1   9.4  969 234  7.0 8  7.3  94    0    0 342 -351  2
4013500 2675500 12 14  2   9.4  968 235  6.2 8  7.2  94    0    0 348 -351  2
4013500 2675500 12 14  3   9.4  967 228  6.8 8  7.1  92    0    0 347 -351  2
4013500 2675500 12 14  4   9.3  966 273  5.0 8  6.9  89    0    0 345 -351  2
4013500 2675500 12 14  5   9.4  965 254  5.8 8  6.5  85    0    0 343 -349  2
4013500 2675500 12 14  6   8.4  965 235  6.8 7  6.1  82    0    0 335 -344  2
4013500 2675500 12 14  7   7.6  964 246  6.5 7  5.8  82    0    0 326 -340  2
4013500 2675500 12 14  8   6.5  963 267  6.9 7  5.6  86    0    0 322 -338  2
4013500 2675500 12 14  9   5.6  964 293  8.0 7  5.4  87    0    9 316 -336  2
4013500 2675500 12 14 10   5.2  965 279  6.6 7  5.1  86    0   26 313 -334  2
4013500 2675500 12 14 11   5.3  967 259  8.0 8  5.0  86    0   21 316 -333  2
4013500 2675500 12 14 12   5.0  968 274  6.3 8  5.0  86    0   79 319 -335  2
4013500 2675500 12 14 13   5.1  968 267  7.7 7  4.9  86    0   50 313 -337  2
4013500 2675500 12 14 14   5.7  969 267  7.4 5  4.8  82    2   84 297 -337  2
4013500 2675500 12 14 15   5.4  969 264  8.5 6  4.7  80    1   54 293 -336  2
4013500 2675500 12 14 16   4.7  970 262  7.6 8  4.8  84    0   10 306 -334  2
4013500 2675500 12 14 17   4.3  972 257  4.7 7  4.8  88    0    1 308 -331  2
4013500 2675500 12 14 18   4.2  973 265  4.3 6  4.8  90    0    0 296 -328  2
4013500 2675500 12 14 19   4.4  973 261  6.4 6  4.7  88    0    0 290 -328  2
4013500 2675500 12 14 20   4.6  972 262  7.3 6  4.7  86    0    0 289 -328  2
4013500 2675500 12 14 21   4.8  972 259  6.6 7  4.6  84    0    0 293 -327  2
4013500 2675500 12 14 22   4.1  972 266  8.3 6  4.6  85    0    0 291 -327  2
4013500 2675500 12 14 23   3.7  972 283  7.7 7  4.6  88    0    0 288 -326  2
4013500 2675500 12 14 24   3.3  972 259  7.2 7  4.5  89    0    0 291 -322  2
4013500 2675500 12 15  1   2.8  972 288  7.8 8  4.3  87    0    0 295 -319  2
4013500 2675500 12 15  2   2.4  972 296  5.4 8  4.0  83    0    0 297 -319  2
4013500 2675500 12 15  3   1.5  972 295  6.2 5  3.7  82    0    0 278 -318  2
4013500 2675500 12 15  4   1.0  973 294  6.4 6  3.5  82    0    0 263 -318  2
4013500 2675500 12 15  5   0.8  973 302  6.2 7  3.4  80    0    0 270 -317  2
4013500 2675500 12 15  6   0.7  974 281  5.3 6  3.2  77    0    0 268 -314  2
4013500 2675500 12 15  7   0.6  974 293  6.2 7  3.1  76    0    0 265 -312  2
4013500 2675500 12 15  8   0.3  975 288  6.0 7  3.1  77    0    0 267 -312  2
4013500 2675500 12 15  9   0.4  975 291  6.5 7  3.1  77    0    3 265 -312  2
4013500 2675500 12 15 10   0.8  976 283  6.1 7  3.1  75    1   46 264 -312  2
4013500 2675500 12 15 11   1.2  976 279  6.4 7  3.1  74    0   42 265 -313  2
4013500 2675500 12 15 12   1.4  976 285  6.4 8  3.2  74    0   30 270 -315  2
4013500 2675500 12 15 13   1.9  977 283  6.1 8  3.3  74    0   30 276 -316  2
4013500 2675500 12 15 14   0.8  976 272  5.6 8  3.5  80    0   26 276 -317  2
4013500 2675500 12 15 15   0.8  976 284  5.6 8  3.7  88    0   34 276 -316  2
4013500 2675500 12 15 16   0.5  976 290  4.2 8  3.7  90    0   10 277 -315  2
4013500 2675500 12 15 17   0.3  977 296  4.8 8  3.8  93    0    0 277 -314  2
4013500 2675500 12 15 18   0.3  977 300  5.6 8  3.7  92    0    0 278 -313  2
4013500 2675500 12 15 19   0.3  978 307  6.3 8  3.5  88    0    0 277 -311  2
4013500 2675500 12 15 20   0.3  978 308  5.2 8  3.4  86    0    0 278 -311  2
4013500 2675500 12 15 21   0.2  979 286  5.2 8  3.4  84    0    0 278 -311  2
4013500 2675500 12 15 22   0.3  980 292  4.1 7  3.3  84    0    0 274 -311  2
4013500 2675500 12 15 23   0.4  981 287  5.0 7  3.4  84    0    0 270 -311  2
4013500 2675500 12 15 24   0.6  981 287  5.3 8  3.5  85    0    0 275 -310  2
4013500 2675500 12 16  1   0.5  982 289  6.5 8  3.5  85    0    0 280 -311  2
4013500 2675500 12 16  2   0.7  982 295  5.8 8  3.5  85    0    0 280 -311  2
4013500 2675500 12 16  3   0.8  982 287  5.4 8  3.5  85    0    0 281 -311  2
4013500 2675500 12 16  4   0.8  982 297  5.7 8  3.5  85    0    0 282 -310  2
4013500 2675500 12 16  5   1.0  983 301  4.8 8  3.5  85    0    0 282 -309  2
4013500 2675500 12 16  6   1.2  984 304  3.9 7  3.5  83    0    0 277 -309  2
4013500 2675500 12 16  7   1.1  984 302  3.9 7  3.5  83    0    0 272 -308  2
4013500 2675500 12 16  8   1.3  985 311  4.4 7  3.5  83    0    0 273 -308  2
4013500 2675500 12 16  9   1.3  986 301  3.8 7  3.5  83    0    8 272 -309  2
4013500 2675500 12 16 10   1.8  987 291  3.4 7  3.6  82    2   43 272 -311  2
4013500 2675500 12 16 11   2.0  988 288  4.5 5  3.6  82    0   57 264 -313  2
4013500 2675500 12 16 12   2.4  988 310  4.2 4  3.7  82   18  106 252 -316  2
4013500 2675500 12 16 13   2.3  989 298  4.4 5  3.7  81   25  117 252 -317  2
4013500 2675500 12 16 14   2.7  989 304  4.4 7  3.8  81    1   75 268 -317  2
4013500 2675500 12 16 15   2.7  989 298  3.5 7  3.9  83    0   33 279 -318  2
4013500 2675500 12 16 16   2.1  990 294  3.2 8  4.0  87    0   10 283 -318  2
4013500 2675500 12 16 17   2.1  990 281  3.3 8  4.1  91    0    0 288 -317  2
4013500 2675500 12 16 18   2.3  991 287  3.2 7  4.2  91    0    0 283 -316  2
4013500 2675500 12 16 19   2.1  991 283  2.9 7  4.2  92    0    0 279 -316  2
4013500 2675500 12 16 20   1.7  991 264  2.6 8  4.2  94    0    0 284 -316  2
4013500 2675500 12 16 21   2.0  991 258  2.0 7  4.2  94    0    0 284 -315  2
4013500 2675500 12 16 22   2.4  992 256  2.6 7  4.2  93    0    0 282 -316  2
4013500 2675500 12 16 23   2.3  992 255  3.1 7  4.3  93    0    0 283 -316  2
4013500 2675500 12 16 24   2.4  992 271  2.2 8  4.3  93    0    0 289 -317  2
4013500 2675500 12 17  1   2.5  992 285  2.9 8  4.3  92    0    0 294 -317  2
4013500 2675500 12 17  2   3.0  992 296  3.1 8  4.3  90    0    0 296 -317  2
4013500 2675500 12 17  3   2.9  992 296  2.1 8  4.3  90    0    0 298 -318  2
4013500 2675500 12 17  4   2.7  992 281  1.9 8  4.3  90    0    0 297 -317  2
4013500 2675500 12 17  5   2.9  992 274  1.8 8  4.2  90    0    0 297 -317  2
4013500 2675500 12 17  6   2.6  992 253  1.6 8  4.3  90    0    0 298 -315  2
4013500 2675500 12 17  7   2.5  992 227  1.4 7  4.3  92    0    0 294 -313  2
4013500 2675500 12 17  8   2.8  992 210  1.0 7  4.3  91    0    0 291 -312  2
4013500 2675500 12 17  9   2.5  992 160  1.1 7  4.2  90    0    7 293 -312  2
4013500 2675500 12 17 10   2.9  992 173  1.5 7  4.3  90    0   43 295 -314  2
4013500 2675500 12 17 11   2.9  992 186  2.3 7  4.4  91    1   71 297 -317  2
4013500 2675500 12 17 12   3.4  992 190  1.8 8  4.4  92    2   93 302 -318  2
4013500 2675500 12 17 13   4.0  991 143  1.5 7  4.5  89    8  120 303 -318  2
4013500 2675500 12 17 14   4.2  990 132  2.3 6  4.5  86   17  124 297 -319  2
4013500 2675500 12 17 15   3.6  990 140  2.3 5  4.4  86   19   94 289 -319  2
4013500 2675500 12 17 16   3.5  990 132  1.9 7  4.3  86    6   39 292 -319  2
4013500 2675500 12 17 17   3.0  990 147  1.8 7  4.3  88    0    1 300 -319  2
4013500 2675500 12 17 18   2.5  990 139  1.9 7  4.3  90    0    0 299 -319  2
4013500 2675500 12 17 19   1.8  990 141  2.0 5  4.1  91    0    0 288 -319  2
4013500 2675500 12 17 20   1.3  991 110  2.6 4  4.0  93    0    0 273 -318  2
4013500 2675500 12 17 21   0.5  991 105  2.0 3  3.9  95    0    0 263 -317  2
4013500 2675500 12 17 22   0.4  991 145  2.4 5  3.9  96    0    0 267 -316  2
4013500 2675500 12 17 23  -0.3  991 137  2.6 5  3.8  98    0    0 275 -315  2
4013500 2675500 12 17 24  -0.5  990 153  2.6 4  3.6  96    0    0 268 -313  2
4013500 2675500 12 18  1  -0.7  990 141  2.6 6  3.6  96    0    0 272 -311  2
4013500 2675500 12 18  2  -1.5  990 151  2.3 3  3.5  98    0    0 267 -310  2
4013500 2675500 12 18  3  -1.7  990 120  3.0 4  3.4  98    0    0 255 -308  2
4013500 2675500 12 18  4  -1.6  990 130  3.1 3  3.4  98    0    0 255 -307  2
4013500 2675500 12 18  5  -1.9  990 130  3.4 3  3.4  99    0    0 250 -306  2
4013500 2675500 12 18  6  -1.7  990  94  3.3 4  3.3  96    0    0 254 -305  2
4013500 2675500 12 18  7  -1.9  990 102  3.3 2  3.2  95    0    0 249 -304  2
4013500 2675500 12 18  8  -3.1  990 165  3.4 2  3.1  97    0    0 238 -303  2
4013500 2675500 12 18  9  -2.7  990 144  3.5 2  3.1  97    2    8 237 -303  2
4013500 2675500 12 18 10  -1.2  990 113  3.1 2  3.2  96   57   17 239 -303  2
4013500 2675500 12 18 11  -1.1  990 132  3.1 3  3.4  96   98   29 246 -306  2
4013500 2675500 12 18 12  -0.8  990 125  3.4 1  3.5  95  140   33 241 -309  2
4013500 2675500 12 18 13   0.2  989 116  3.9 0  3.5  92  157   32 229 -313  2
4013500 2675500 12 18 14   1.7  989 134  3.8 0  3.7  89  118   37 228 -314  2
4013500 2675500 12 18 15   2.2  988 129  3.4 2  3.9  87   44   46 239 -315  2
4013500 2675500 12 18 16   1.4  988 119  3.8 2  3.9  88    8   21 245 -313  2
4013500 2675500 12 18 17  -0.3  988 121  3.4 1  3.7  92    0    0 238 -310  2
4013500 2675500 12 18 18  -1.0  988 122  3.3 1  3.6  98    0    0 230 -308  2
4013500 2675500 12 18 19  -1.3  987 116  3.0 2  3.6 100    0    0 232 -307  2
4013500 2675500 12 18 20  -2.0  987 116  3.1 3  3.4 100    0    0 236 -306  2
4013500 2675500 12 18 21  -1.7  987 136  3.9 2  3.4  99    0    0 237 -305  2
4013500 2675500 12 18 22  -2.1  987 137  3.6 1  3.3  98    0    0 230 -304  2
4013500 2675500 12 18 23  -2.6  987 143  2.9 2  3.2  99    0    0 230 -304  2
4013500 2675500 12 18 24  -3.8  986 153  3.1 4  3.1 100    0    0 239 -303  2
4013500 2675500 12 19  1  -4.2  986  98  2.8 3  2.9 100    0    0 242 -302  2
4013500 2675500 12 19  2  -4.7  986 101  3.5 2  2.8 100    0    0 232 -302  2
4013500 2675500 12 19  3  -4.5  985  96  4.1 3  2.8 100    0    0 233 -302  2
4013500 2675500 12 19  4  -4.5  985 121  3.5 3  2.8 100    0    0 237 -302  2
4013500 2675500 12 19  5  -3.5  985 135  3.4 3  2.9  99    0    0 240 -302  2
4013500 2675500 12 19  6  -3.2  984 130  3.1 0  3.0  97    0    0 231 -302  2
4013500 2675500 12 19  7  -3.3  984 128  3.1 5  3.0  97    0    0 239 -301  2
4013500 2675500 12 19  8  -2.1  984 133  2.7 6  3.0  95    0    0 265 -301  2
4013500 2675500 12 19  9  -3.5  984 134  3.3 6  3.1  96    1    9 270 -302  2
4013500 2675500 12 19 10  -1.9  984 127  2.6 6  3.2  99   43   30 273 -305  2
4013500 2675500 12 19 11  -0.4  985 131  2.3 3  3.4  95   64   58 266 -309  2
4013500 2675500 12 19 12   0.6  985 132  3.0 4  3.6  92   52   85 261 -313  2
4013500 2675500 12 19 13   1.7  985 133  3.0 6  3.8  90   15   93 278 -315  2
4013500 2675500 12 19 14   1.2  984 140  2.9 6  3.9  89    0   70 289 -316  2
4013500 2675500 12 19 15   1.0  984 133  2.3 7  3.9  91    5   53 293 -317  2
4013500 2675500 12 19 16   1.3  984 125  1.7 7  3.9  91    0   18 299 -318  2
4013500 2675500 12 19 17   1.4  984 132  3.0 7  3.8  89    0    0 299 -318  2
4013500 2675500 12 19 18   0.9  984 142  3.0 7  3.9  91    0    0 299 -318  2
4013500 2675500 12 19 19   1.6  984 151  3.2 7  3.9  91    0    0 300 -319  2
4013500 2675500 12 19 20   1.6  985 140  3.3 7  3.9  90    0    0 301 -319  2
4013500 2675500 12 19 21   1.4  985 131  3.0 7  3.9  91    0    0 300 -319  2
4013500 2675500 12 19 22   1.9  985 137  2.7 8  4.0  91    0    0 306 -319  2
4013500 2675500 12 19 23   2.2  985 142  2.5 8  4.1  90    0    0 316 -319  2
4013500 2675500 12 19 24   2.3  985 137  2.4 8  4.2  90    0    0 317 -319  2
4013500 2675500 12 20  1   2.9  985 133  2.4 8  4.2  90    0    0 318 -319  2
4013500 2675500 12 20  2   2.7  985 141  2.8 8  4.4  91    0    0 319 -319  2
4013500 2675500 12 20  3   3.2  985 147  2.3 7  4.5  92    0    0 312 -319  2
4013500 2675500 12 20  4   2.9  985 113  1.9 8  4.6  94    0    0 312 -319  2
4013500 2675500 12 20  5   2.8  985 111  2.6 8  4.6  95    0    0 320 -319  2
4013500 2675500 12 20  6   3.6  985 140  2.7 8  4.6  94    0    0 320 -321  2
4013500 2675500 12 20  7   3.6  985 131  2.5 8  4.7  94    0    0 321 -322  2
4013500 2675500 12 20  8   3.7  984 134  2.2 8  4.8  95    0    0 321 -322  2
4013500 2675500 12 20  9   4.2  984 146  2.3 8  4.9  95    0    7 321 -322  2
4013500 2675500 12 20 10   4.5  984 150  2.2 8  5.0  94    4   50 322 -323  2
4013500 2675500 12 20 11   4.8  984 153  2.5 5  5.2  96    2   70 306 -325  2
4013500 2675500 12 20 12   5.0  984 171  3.0 7  5.4  97    0   54 303 -329  2
4013500 2675500 12 20 13   5.7  983 139  3.5 8  5.4  95    0   47 321 -334  2
4013500 2675500 12 20 14   6.1  982 134  3.7 8  5.5  92    0   31 327 -335  2
4013500 2675500 12 20 15   5.3  981 125  3.7 8  5.6  95    0   22 327 -331  2
4013500 2675500 12 20 16   6.3  980 151  4.8 8  5.6  95    0   16 327 -328  2
4013500 2675500 12 20 17   6.3  979 157  5.9 7  5.6  91    0    0 324 -326  2
4013500 2675500 12 20 18   6.6  978 162  4.9 8  5.5  89    0    0 324 -325  2
4013500 2675500 12 20 19   6.9  977 151  6.4 7  5.5  86    0    0 325 -326  2
4013500 2675500 12 20 20   7.1  975 129  4.2 7  5.5  85    0    0 319 -327  2
4013500 2675500 12 20 21   6.7  974 144  5.6 7  5.6  87    0    0 320 -327  2
4013500 2675500 12 20 22   7.1  972 145  7.0 7  5.7  89    0    0 322 -327  2
4013500 2675500 12 20 23   7.0  971 151  7.8 8  5.8  89    0    0 327 -328  2
4013500 2675500 12 20 24   7.4  970 185  7.2 8  6.0  90    0    0 334 -329  2
4013500 2675500 12 21  1   7.7  968 189  6.6 8  6.1  91    0    0 336 -331  2
4013500 2675500 12 21  2   8.1  967 181  6.0 8  6.3  91    0    0 338 -333  2
4013500 2675500 12 21  3   8.1  966 174  4.5 6  6.5  92    0    0 325 -334  2
4013500 2675500 12 21  4   8.0  965 220  6.1 7  6.6  94    0    0 318 -336  2
4013500 2675500 12 21  5   8.0  964 220  7.1 8  6.6  94    0    0 333 -341  2
4013500 2675500 12 21  6   7.8  962 227  7.4 8  6.5  93    0    0 340 -344  2
4013500 2675500 12 21  7   7.4  961 237  7.6 5  6.2  90    0    0 318 -344  2
4013500 2675500 12 21  8   6.1  961 239 10.1 6  5.5  85    0    0 299 -343  2
4013500 2675500 12 21  9   4.1  960 234  8.0 7  4.7  82    0    5 305 -340  2
4013500 2675500 12 21 10   4.4  961 234  8.9 6  4.2  78   13   46 299 -336  2
4013500 2675500 12 21 11   4.6  961 240  9.2 4  3.8  70   39   83 280 -334  2
4013500 2675500 12 21 12   4.3  961 222 10.3 4  3.6  66   67  105 269 -333  2
4013500 2675500 12 21 13   4.4  960 232 10.3 5  3.7  67   21  112 275 -331  2
4013500 2675500 12 21 14   4.5  960 229 11.9 4  3.9  71   18   98 273 -330  2
4013500 2675500 12 21 15   4.4  960 235 11.1 5  4.1  75   19   71 271 -328  2
4013500 2675500 12 21 16   4.0  961 233  9.3 8  4.3  79    0   21 292 -326  2
4013500 2675500 12 21 17   4.1  962 240  9.4 8  4.4  82    0    0 306 -324  2
4013500 2675500 12 21 18   4.1  963 242  7.3 8  4.4  82    0    0 305 -323  2
4013500 2675500 12 21 19   3.7  964 265  7.2 8  4.5  85    0    0 302 -322  2
4013500 2675500 12 21 20   3.3  966 267  6.7 8  4.4  86    0    0 299 -322  2
4013500 2675500 12 21 21   2.9  967 275  6.0 7  4.4  88    0    0 292 -320  2
4013500 2675500 12 21 22   2.6  968 278  5.4 7  4.3  89    0    0 284 -318  2
4013500 2675500 12 21 23   2.3  970 273  4.5 7  4.3  90    0    0 282 -317  2
4013500 2675500 12 21 24   2.3  970 267  3.8 7  4.3  92    0    0 277 -313  2
4013500 2675500 12 22  1   2.3  984 260  3.2 7  4.3  93    0    0 302 -320  2
4013500 2675500 12 22  2   2.4  984 251  2.8 8  4.3  93    0    0 309 -320  2
4013500 2675500 12 22  3   2.4  984 246  2.3 8  4.4  94    0    0 309 -321  2
4013500 2675500 12 22  4   2.5  985 243  2.4 8  4.4  94    0    0 311 -321  2
4013500 2675500 12 22  5   2.5  985 238  2.2 8  4.4  94    0    0 312 -321  2
4013500 2675500 12 22  6   2.6  985 230  2.4 8  4.4  94    0    0 313 -321  2
4013500 2675500 12 22  7   2.6  985 226  2.4 8  4.4  94    0    0 314 -321  2
4013500 2675500 12 22  8   2.5  985 204  2.3 8  4.4  95    0    0 315 -321  2
4013500 2675500 12 22  9   2.5  985 180  2.7 7  4.4  95    0    5 310 -321  2
4013500 2675500 12 22 10   2.2  985 142  2.9 7  4.4  95    1   36 304 -322  2
4013500 2675500 12 22 11   2.6  985 137  3.7 8  4.4  94    0   31 310 -323  2
4013500 2675500 12 22 12   3.1  985 137  3.2 8  4.4  92    0   46 318 -323  2
4013500 2675500 12 22 13   3.0  984 169  2.9 7  4.5  93    0   62 313 -323  2
4013500 2675500 12 22 14   3.2  984 215  3.0 7  4.6  95    1   72 309 -323  2
4013500 2675500 12 22 15   3.4  984 212  2.7 5  4.7  95    0   32 300 -325  2
4013500 2675500 12 22 16   3.4  983 224  2.8 8  4.7  94    0   10 306 -327  2
4013500 2675500 12 22 17   3.5  984 219  1.9 8  4.8  95    0    0 323 -327  2
4013500 2675500 12 22 18   3.5  984 182  1.9 8  4.9  96    0    0 323 -327  2
4013500 2675500 12 22 19   3.6  985 139  2.0 8  4.9  98    0    0 325 -327  2
4013500 2675500 12 22 20   4.0  985 135  2.5 8  5.0  98    0    0 326 -328  2
4013500 2675500 12 22 21   4.6  986 158  2.6 7  5.1  96    0    0 322 -329  2
4013500 2675500 12 22 22   4.5  986 248  2.3 8  5.2  96    0    0 324 -330  2
4013500 2675500 12 22 23   4.9  986 226  2.0 8  5.3  97    0    0 331 -331  2
4013500 2675500 12 22 24   5.2  986 260  2.4 8  5.4  97    0    0 332 -332  2
4013500 2675500 12 23  1   4.9  987 251  1.6 7  5.5  98    0    0 327 -333  2
4013500 2675500 12 23  2   5.1  987 222  2.0 8  5.5  99    0    0 327 -334  2
4013500 2675500 12 23  3   5.9  987 227  2.7 8  5.7  99    0    0 335 -336  2
4013500 2675500 12 23  4   5.7  987 227  2.7 8  5.8  99    0    0 336 -338  2
4013500 2675500 12 23  5   6.1  987 226  2.6 8  5.8  98    0    0 336 -339  2
4013500 2675500 12 23  6   6.5  988 227  3.0 8  5.9  97    0    0 339 -339  2
4013500 2675500 12 23  7   6.4  988 237  2.3 8  6.0  97    0    0 339 -340  2
4013500 2675500 12 23  8   6.8  987 232  3.2 8  6.1  98    0    0 340 -340  2
4013500 2675500 12 23  9   6.0  987 242  3.7 8  6.1  99    0    1 340 -340  2
4013500 2675500 12 23 10   6.4  987 249  3.8 8  6.1 100    0   16 340 -341  2
4013500 2675500 12 23 11   7.1  987 235  2.8 8  6.2  98    0   23 341 -342  2
4013500 2675500 12 23 12   7.5  987 246  3.5 7  6.2  95    0   31 337 -342  2
4013500 2675500 12 23 13   7.5  986 240  3.8 8  6.2  94    0   40 338 -343  2
4013500 2675500 12 23 14   7.8  985 242  3.3 8  6.3  93    0   45 343 -345  2
4013500 2675500 12 23 15   7.7  985 229  2.8 7  6.2  92    0   35 338 -345  2
4013500 2675500 12 23 16   7.4  984 226  3.6 8  6.1  92    0    6 338 -345  2
4013500 2675500 12 23 17   7.3  984 228  3.6 8  6.1  92    0    0 342 -346  2
4013500 2675500 12 23 18   7.0  983 222  3.4 8  6.0  92    0    0 341 -346  2
4013500 2675500 12 23 19   6.8  982 212  3.1 8  5.9  93    0    0 340 -346  2
4013500 2675500 12 23 20   7.0  982 202  3.2 8  5.9  92    0    0 340 -347  2
4013500 2675500 12 23 21   6.7  981 200  4.5 8  5.8  92    0    0 340 -347  2
4013500 2675500 12 23 22   6.4  980 207  3.8 8  5.7  92    0    0 338 -347  2
4013500 2675500 12 23 23   6.3  980 212  4.8 8  5.6  91    0    0 335 -346  2
4013500 2675500 12 23 24   6.1  979 213  4.8 7  5.5  90    0    0 326 -346  2
4013500 2675500 12 24  1   5.9  978 207  5.6 8  5.4  90    0    0 323 -346  2
4013500 2675500 12 24  2   5.8  977 216  4.6 7  5.3  88    0    0 321 -345  2
4013500 2675500 12 24  3   5.6  976 215  4.3 7  5.2  89    0    0 313 -345  2
4013500 2675500 12 24  4   5.7  975 221  5.1 8  5.3  90    0    0 317 -342  2
4013500 2675500 12 24  5   5.7  975 214  4.3 8  5.3  90    0    0 322 -338  2
4013500 2675500 12 24  6   6.0  974 221  5.8 8  5.4  90    0    0 320 -335  2
4013500 2675500 12 24  7   5.8  974 239  7.1 8  5.3  89    0    0 317 -331  2
4013500 2675500 12 24  8   4.8  974 254  6.7 8  4.9  85    0    0 311 -326  2
4013500 2675500 12 24  9   3.3  976 274  6.7 8  4.5  85    0    0 305 -322  2
4013500 2675500 12 24 10   2.6  977 285  7.1 8  4.3  88    0   24 299 -323  2
4013500 2675500 12 24 11   2.9  979 292  7.5 8  4.2  88    0   39 299 -326  2
4013500 2675500 12 24 12   3.5  982 282  7.5 8  4.3  88    0   54 300 -329  2
4013500 2675500 12 24 13   3.8  983 293  7.0 8  4.4  87    0   48 303 -332  2
4013500 2675500 12 24 14   4.1  984 295  6.5 8  4.4  86    0   44 301 -333  2
4013500 2675500 12 24 15   4.2  985 296  5.6 6  4.5  85    0   39 289 -333  2
4013500 2675500 12 24 16   4.1  987 291  4.6 7  4.4  83    0    7 282 -329  2
4013500 2675500 12 24 17   2.0  988 270  3.9 7  4.2  87    0    0 282 -325  2
4013500 2675500 12 24 18   2.5  990 277  3.1 5  4.2  91    0    0 270 -323  2
4013500 2675500 12 24 19   2.6  991 263  3.7 6  4.2  90    0    0 266 -323  2
4013500 2675500 12 24 20   2.6  992 264  2.6 6  4.2  89    0    0 271 -323  2
4013500 2675500 12 24 21   2.1  992 267  3.4 4  4.1  88    0    0 263 -322  2
4013500 2675500 12 24 22   2.0  993 256  3.9 6  4.0  88    0    0 264 -319  2
4013500 2675500 12 24 23   1.8  994 243  4.0 8  4.0  89    0    0 283 -318  2
4013500 2675500 12 24 24   1.8  994 252  5.1 8  3.9  89    0    0 293 -318  2
4013500 2675500 12 25  1   2.3  994 225  3.6 8  3.9  88    0    0 295 -318  2
4013500 2675500 12 25  2   2.5  994 214  3.2 8  4.0  87    0    0 298 -318  2
4013500 2675500 12 25  3   2.5  994 207  2.7 8  4.0  87    0    0 300 -318  2
4013500 2675500 12 25  4   2.3  994 216  3.5 8  4.0  88    0    0 300 -318  2
4013500 2675500 12 25  5   2.1  994 224  4.2 8  4.0  88    0    0 302 -318  2
4013500 2675500 12 25  6   2.2  993 223  5.2 8  4.0  88    0    0 303 -319  2
4013500 2675500 12 25  7   2.5  993 234  4.0 7  4.0  88    0    0 301 -319  2
4013500 2675500 12 25  8   2.6  994 218  4.4 7  4.1  88    0    0 300 -320  2
4013500 2675500 12 25  9   2.7  993 222  4.4 8  4.2  89    0    7 305 -321  2
4013500 2675500 12 25 10   3.0  994 218  4.0 8  4.3  90    0   29 310 -322  2
4013500 2675500 12 25 11   3.3  995 227  3.9 8  4.3  90    0   36 311 -323  2
4013500 2675500 12 25 12   3.5  995 224  4.7 7  4.5  90    0   39 309 -325  2
4013500 2675500 12 25 13   3.9  995 228  3.8 7  4.5  90    0   75 306 -326  2
4013500 2675500 12 25 14   4.0  994 230  2.7 8  4.6  89    0   44 311 -327  2
4013500 2675500 12 25 15   4.1  994 225  3.4 7  4.7  90    0   28 313 -329  2
4013500 2675500 12 25 16   4.0  994 224  4.2 8  4.7  91    0    7 313 -329  2
4013500 2675500 12 25 17   4.2  995 228  3.4 8  4.7  91    0    0 318 -329  2
4013500 2675500 12 25 18   4.4  996 233  3.7 8  4.7  89    0    0 317 -329  2
4013500 2675500 12 25 19   4.6  996 221  2.7 8  4.7  89    0    0 319 -329  2
4013500 2675500 12 25 20   4.8  996 215  2.8 8  4.8  89    0    0 320 -328  2
4013500 2675500 12 25 21   5.0  996 231  3.1 8  4.9  89    0    0 322 -327  2
4013500 2675500 12 25 22   4.9  997 227  4.3 8  4.9  90    0    0 324 -326  2
4013500 2675500 12 25 23   4.9  997 232  3.8 8  5.0  92    0    0 325 -326  2
4013500 2675500 12 25 24   5.1  997 238  2.9 8  5.1  92    0    0 325 -327  2
4013500 2675500 12 26  1   5.2  997 236  3.9 8  5.1  92    0    0 326 -328  2
4013500 2675500 12 26  2   5.4  997 254  4.6 8  5.2  92    0    0 326 -330  2
4013500 2675500 12 26  3   5.6  997 240  5.6 8  5.2  91    0    0 328 -331  2
4013500 2675500 12 26  4   5.6  997 240  5.1 8  5.2  91    0    0 329 -332  2
4013500 2675500 12 26  5   5.8  997 244  5.1 8  5.3  91    0    0 330 -333  2
4013500 2675500 12 26  6   6.0  997 244  4.8 8  5.3  90    0    0 331 -334  2
4013500 2675500 12 26  7   6.0  997 242  4.8 8  5.3  90    0    0 332 -335  2
4013500 2675500 12 26  8   5.8  997 236  4.7 8  5.3  91    0    0 331 -335  2
4013500 2675500 12 26  9   5.9  998 233  5.4 8  5.4  92    0    2 332 -336  2
4013500 2675500 12 26 10   6.0  998 238  5.1 8  5.4  92    0   28 333 -337  2
4013500 2675500 12 26 11   6.4  999 225  4.5 7  5.5  91    0   36 327 -338  2
4013500 2675500 12 26 12   6.7  999 197  4.5 7  5.5  90    0   66 324 -339  2
4013500 2675500 12 26 13   7.0  999 150  4.2 6  5.6  90    1   89 320 -341  2
4013500 2675500 12 26 14   7.4  999 138  4.1 7  5.7  89    0   65 321 -341  2
4013500 2675500 12 26 15   7.2  999 148  3.7 7  5.7  89    0   28 326 -341  2
4013500 2675500 12 26 16   7.3  999 152  4.3 7  5.7  89    0    7 326 -340  2
4013500 2675500 12 26 17   7.1  999 146  3.5 7  5.7  89    0    0 327 -339  2
4013500 2675500 12 26 18   7.2  999 137  3.2 7  5.7  90    0    0 327 -337  2
4013500 2675500 12 26 19   7.2 1000 146  4.0 8  5.8  90    0    0 332 -337  2
4013500 2675500 12 26 20   7.1 1000 147  3.8 8  5.8  91    0    0 336 -337  2
4013500 2675500 12 26 21   6.9 1000 144  3.9 8  5.8  91    0    0 334 -336  2
4013500 2675500 12 26 22   6.8 1000 150  3.5 8  5.8  92    0    0 333 -335  2
4013500 2675500 12 26 23   7.1 1000 152  3.8 8  5.8  93    0    0 331 -330  2
4013500 2675500 12 26 24   6.9 1000 157  3.6 7  5.8  92    0    0 326 -326  2
4013500 2675500 12 27  1   6.7 1000 155  3.4 8  5.8  94    0    0 324 -323  2
4013500 2675500 12 27  2   6.8 1000 154  3.3 8  5.9  94    0    0 327 -321  2
4013500 2675500 12 27  3   6.9  999 153  3.1 8  5.9  94    0    0 327 -319  2
4013500 2675500 12 27  4   6.8  999 149  2.8 8  5.9  94    0    0 326 -319  2
4013500 2675500 12 27  5   6.7  999 150  2.1 8  5.9  95    0    0 326 -318  2
4013500 2675500 12 27  6   6.7  999 139  3.1 8  5.9  95    0    0 325 -318  2
4013500 2675500 12 27  7   6.7  999 131  3.0 8  5.8  94    0    0 325 -317  2
4013500 2675500 12 27  8   6.6  999 145  2.8 8  5.8  94    0    0 323 -315  2
4013500 2675500 12 27  9   6.6  999 157  3.3 8  5.8  94    0    4 323 -315  2
4013500 2675500 12 27 10   6.6  999 155  3.2 8  5.8  94    0   32 324 -315  2
4013500 2675500 12 27 11   6.8  999 136  3.1 8  5.8  94    0   32 324 -317  2
4013500 2675500 12 27 12   6.9 1000 136  3.4 8  5.8  93    0   33 324 -318  2
4013500 2675500 12 27 13   7.0  999 131  3.9 8  5.9  93    0   36 324 -321  2
4013500 2675500 12 27 14   7.1  999 137  3.0 8  5.9  94    0   29 325 -324  2
4013500 2675500 12 27 15   7.3  999 124  2.6 8  5.9  93    0   17 326 -325  2
4013500 2675500 12 27 16   7.1  999 135  2.8 8  5.9  91    0    3 328 -323  2
4013500 2675500 12 27 17   7.1  999 126  2.5 8  5.8  91    0    0 329 -320  2
4013500 2675500 12 27 18   6.8  999 137  2.7 8  5.7  90    0    0 329 -318  2
4013500 2675500 12 27 19   6.6  999 125  3.2 8  5.5  90    0    0 327 -317  2
4013500 2675500 12 27 20   6.4  999 125  3.0 8  5.4  88    0    0 325 -315  2
4013500 2675500 12 27 21   6.3  999 146  2.8 6  5.2  87    0    0 312 -314  2
4013500 2675500 12 27 22   6.0  999 146  2.4 7  5.2  88    0    0 304 -313  2
4013500 2675500 12 27 23   5.9  998 131  2.5 8  5.1  87    0    0 310 -313  2
4013500 2675500 12 27 24   5.6  998 145  2.9 8  5.0  85    0    0 310 -312  2
4013500 2675500 12 28  1   5.5  997 134  2.8 8  4.9  86    0    0 305 -312  2
4013500 2675500 12 28  2   5.3  997 139  3.4 8  5.0  88    0    0 301 -311  2
4013500 2675500 12 28  3   5.7  996 140  4.3 8  4.9  87    0    0 298 -310  2
4013500 2675500 12 28  4   5.6  996 134  4.7 8  4.9  84    0    0 295 -309  2
4013500 2675500 12 28  5   5.6  995 139  4.5 8  4.8  84    0    0 294 -309  2
4013500 2675500 12 28  6   5.4  994 140  4.8 8  4.8  84    0    0 292 -310  2
4013500 2675500 12 28  7   5.1  993 139  5.6 8  4.8  86    0    0 289 -310  2
4013500 2675500 12 28  8   4.6  993 143  6.8 8  4.9  89    0    0 286 -311  2
4013500 2675500 12 28  9   4.1  992 139  6.7 8  4.8  91    0    4 285 -312  2
4013500 2675500 12 28 10   4.0  991 139  6.5 7  4.7  92    0   33 279 -313  2
4013500 2675500 12 28 11   4.3  991 139  6.5 8  4.8  91    0   26 280 -314  2
4013500 2675500 12 28 12   4.4  991 143  6.1 7  4.8  91    0   62 281 -316  2
4013500 2675500 12 28 13   4.6  989 142  5.7 7  4.9  91    0   74 276 -317  2
4013500 2675500 12 28 14   4.9  988 146  4.9 8  4.9  90    0   52 284 -318  2
4013500 2675500 12 28 15   4.6  987 156  5.3 7  4.9  89    0   38 290 -318  2
4013500 2675500 12 28 16   4.5  986 158  4.7 8  4.8  89    0   11 293 -318  2
4013500 2675500 12 28 17   4.1  986 148  3.6 8  4.7  89    0    0 300 -318  2
4013500 2675500 12 28 18   4.3  985 158  3.9 8  4.7  88    0    0 302 -316  2
4013500 2675500 12 28 19   4.2  985 157  2.9 8  4.6  87    0    0 304 -314  2
4013500 2675500 12 28 20   3.6  985 156  3.9 8  4.5  88    0    0 306 -314  2
4013500 2675500 12 28 21   3.5  985 182  4.2 7  4.5  89    0    0 302 -316  2
4013500 2675500 12 28 22   3.3  984 219  4.2 8  4.5  90    0    0 302 -317  2
4013500 2675500 12 28 23   3.3  984 230  4.6 8  4.5  90    0    0 308 -318  2
4013500 2675500 12 28 24   3.2  984 221  5.3 8  4.5  90    0    0 308 -319  2
4013500 2675500 12 29  1   3.4  984 244  4.6 8  4.5  91    0    0 309 -319  2
4013500 2675500 12 29  2   3.7  984 241  4.5 8  4.6  90    0    0 310 -320  2
4013500 2675500 12 29  3   4.3  983 242  5.7 8  4.6  88    0    0 312 -320  2
4013500 2675500 12 29  4   4.4  984 254  4.8 8  4.6  86    0    0 314 -320  2
4013500 2675500 12 29  5   4.2  984 248  3.7 7  4.4  83    0    0 305 -319  2
4013500 2675500 12 29  6   4.1  984 252  5.0 8  4.2  80    0    0 304 -319  2
4013500 2675500 12 29  7   4.0  984 253  6.4 7  4.1  79    0    0 303 -318  2
4013500 2675500 12 29  8   3.8  984 241  6.2 7  4.1  78    0    0 294 -318  2
4013500 2675500 12 29  9   3.6  984 240  5.7 7  4.0  79    1   10 293 -318  2
4013500 2675500 12 29 10   3.8  984 237  6.2 8  4.0  79   12   43 300 -318  2
4013500 2675500 12 29 11   4.5  984 239  6.5 5  4.0  76    4   68 288 -319  2
4013500 2675500 12 29 12   4.6  984 241  6.7 7  4.0  74    2   82 283 -320  2
4013500 2675500 12 29 13   4.6  983 242  6.1 5  3.9  72   33  103 282 -320  2
4013500 2675500 12 29 14   4.6  983 234  6.3 5  3.8  70   11   86 271 -320  2
4013500 2675500 12 29 15   4.5  982 232  5.8 8  3.7  69    0   35 289 -320  2
4013500 2675500 12 29 16   4.4  981 224  6.6 7  3.6  68    3   23 299 -321  2
4013500 2675500 12 29 17   4.1  981 215  6.4 7  3.5  66    0    0 292 -320  2
4013500 2675500 12 29 18   3.7  980 228  6.1 8  3.5  68    0    0 298 -319  2
4013500 2675500 12 29 19   2.8  979 224  6.7 8  3.8  76    0    0 303 -319  2
4013500 2675500 12 29 20   3.0  978 233  7.8 8  4.1  84    0    0 305 -319  2
4013500 2675500 12 29 21   3.2  977 234  7.8 8  4.2  84    0    0 305 -319  2
4013500 2675500 12 29 22   3.4  976 235  8.2 8  4.2  85    0    0 306 -320  2
4013500 2675500 12 29 23   3.7  975 226  8.8 8  4.4  86    0    0 307 -321  2
4013500 2675500 12 29 24   3.6  973 224  9.8 7  4.4  86    0    0 302 -321  2
4013500 2675500 12 30  1   3.3  971 223  9.3 7  4.5  88    0    0 295 -321  2
4013500 2675500 12 30  2   1.6  970 242  7.6 8  4.3  92    0    0 297 -320  2
4013500 2675500 12 30  3   1.8  970 253  6.8 8  4.2  93    0    0 301 -319  2
4013500 2675500 12 30  4   1.6  969 249  5.9 8  4.1  92    0    0 300 -320  2
4013500 2675500 12 30  5   1.2  969 258  6.4 7  4.1  92    0    0 291 -320  2
4013500 2675500 12 30  6   0.9  968 283  4.3 8  4.0  94    0    0 290 -320  2
4013500 2675500 12 30  7   1.3  968 267  4.9 8  3.9  92    0    0 300 -319  2
4013500 2675500 12 30  8   1.2  968 272  5.7 8  3.9  90    0    0 300 -319  2
4013500 2675500 12 30  9   1.1  969 256  5.9 8  3.9  91    0    2 300 -319  2
4013500 2675500 12 30 10   1.3  970 257  5.4 8  4.0  92    0   13 299 -319  2
4013500 2675500 12 30 11   1.4  971 264  4.6 8  4.1  93    0   41 300 -319  2
4013500 2675500 12 30 12   1.4  972 281  4.6 7  4.1  93    0   49 293 -319  2
4013500 2675500 12 30 13   2.2  973 284  3.9 8  4.2  93    0   49 292 -323  2
4013500 2675500 12 30 14   3.0  974 277  3.9 8  4.3  90    0   46 297 -326  2
4013500 2675500 12 30 15   3.1  975 258  3.5 6  4.3  87    0   48 284 -326  2
4013500 2675500 12 30 16   3.0  975 253  3.3 7  4.3  87    0   15 276 -324  2
4013500 2675500 12 30 17   2.5  976 280  4.0 6  4.2  88    0    0 274 -322  2
4013500 2675500 12 30 18   2.6  977 258  3.4 5  4.1  87    0    0 264 -319  2
4013500 2675500 12 30 19   2.3  977 234  4.0 7  4.1  87    0    0 268 -318  2
4013500 2675500 12 30 20   2.3  978 249  4.1 8  4.0  87    0    0 283 -318  2
4013500 2675500 12 30 21   2.4  978 266  4.0 8  4.0  86    0    0 289 -318  2
4013500 2675500 12 30 22   1.9  979 254  3.1 8  4.0  87    0    0 288 -316  2
4013500 2675500 12 30 23   1.9  979 238  2.9 7  4.0  89    0    0 284 -314  2
4013500 2675500 12 30 24   1.9  979 250  4.2 7  4.0  89    0    0 282 -314  2
4013500 2675500 12 31  1   2.0  979 237  2.6 8  4.0  89    0    0 289 -314  2
4013500 2675500 12 31  2   1.7  979 246  2.2 7  4.0  90    0    0 290 -315  2
4013500 2675500 12 31  3   1.8  979 232  3.1 8  4.1  91    0    0 290 -315  2
4013500 2675500 12 31  4   1.8  979 228  2.3 7  4.0  90    0    0 289 -315  2
4013500 2675500 12 31  5   1.4  978 223  2.5 7  4.0  90    0    0 284 -314  2
4013500 2675500 12 31  6   1.4  978 136  3.5 8  3.9  90    0    0 289 -313  2
4013500 2675500 12 31  7   1.3  978 141  4.0 8  3.8  88    0    0 295 -313  2
4013500 2675500 12 31  8   1.2  977 139  3.7 8  3.8  88    0    0 296 -313  2
4013500 2675500 12 31  9   1.1  977 141  4.1 8  3.8  89    0    5 297 -313  2
4013500 2675500 12 31 10   1.5  977 140  5.1 8  3.9  90   15   36 298 -314  2
4013500 2675500 12 31 11   2.1  977 136  4.2 7  4.0  88   23   64 295 -315  2
4013500 2675500 12 31 12   2.1  977 140  4.1 7  4.0  88    0   72 292 -317  2
4013500 2675500 12 31 13   2.4  976 156  4.5 7  4.1  88    0   64 294 -318  2
4013500 2675500 12 31 14   2.3  976 162  4.7 7  4.1  88    0   57 295 -320  2
4013500 2675500 12 31 15   2.3  975 173  5.1 7  4.1  89    0   37 297 -320  2
4013500 2675500 12 31 16   2.1  975 159  4.9 8  4.2  90    0    9 302 -320  2
4013500 2675500 12 31 17   2.0  976 162  4.9 8  4.2  93    0    0 307 -319  2
4013500 2675500 12 31 18   2.2  976 145  4.9 7  4.3  95    0    0 304 -319  2
4013500 2675500 12 31 19   2.6  976 139  4.8 8  4.4  95    0    0 306 -319  2
4013500 2675500 12 31 20   2.8  976 133  4.8 8  4.5  95    0    0 313 -320  2
4013500 2675500 12 31 21   3.1  976 129  4.6 8  4.6  96    0    0 316 -320  2
4013500 2675500 12 31 22   3.4  976 126  4.3 8  4.8  96    0    0 318 -320  2
4013500 2675500 12 31 23   3.9  977 126  4.1 8  4.8  94    0    0 321 -320  2
4013500 2675500 12 31 24   4.6  977 126  3.8 8  4.9  91    0    0 322 -320  2
