Koordinatensystem : Lambert konform konisch
Rechtswert        : 3912500 Meter
Hochwert          : 2352500 Meter
Hoehenlage        : 468 Meter ueber NN
Erstellung des Datensatzes im Mai 2016

Art des TRY       : extremer Winter
Bezugszeitraum    : 2031-2060
Datenbasis 1      : Beobachtungsdaten Zeitraum 1995-2012
Datenbasis 2      : Klimasimulationen Zeitraum 1971-2000 (Basis RCP-historical / CORDEX-Europa Laeufe)
Datenbasis 3      : Klimasimulationen Zeitraum 2031-2060 (Basis RCP-4.5 und RCP-8.5 / CORDEX-Europa Laeufe)

Format: (i7,1x,i7,1x,i2,1x,i2,1x,i2,1x,f5.1,1x,i4,1x,3i,1x,f4.1,1x,i1,1x,f4.1,1x,i3,1x,i4,1x,i4,1x,i3,1x,i4,2x,i1)

Reihenfolge der Parameter:
RW Rechtswert                                                    [m]       {3670500;3671500..4389500}
HW Hochwert                                                      [m]       {2242500;2243500..3179500}
MM Monat                                                                   {1..12}
DD Tag                                                                     {1..28,30,31}
HH Stunde (MEZ)                                                            {1..24}
t  Lufttemperatur in 2m Hoehe ueber Grund                        [GradC]
p  Luftdruck in Standorthoehe                                    [hPa]
WR Windrichtung in 10 m Hoehe ueber Grund                        [Grad]    {0..360;999}
WG Windgeschwindigkeit in 10 m Hoehe ueber Grund                 [m/s]
N  Bedeckungsgrad                                                [Achtel]  {0..8;9}
x  Wasserdampfgehalt, Mischungsverhaeltnis                       [g/kg]
RF Relative Feuchte in 2 m Hoehe ueber Grund                     [Prozent] {1..100}
B  Direkte Sonnenbestrahlungsstaerke (horiz. Ebene)              [W/m^2]   abwaerts gerichtet: positiv
D  Diffuse Sonnenbetrahlungsstaerke (horiz. Ebene)               [W/m^2]   abwaerts gerichtet: positiv
A  Bestrahlungsstaerke d. atm. Waermestrahlung (horiz. Ebene)    [W/m^2]   abwaerts gerichtet: positiv
E  Bestrahlungsstaerke d. terr. Waermestrahlung                  [W/m^2]   aufwaerts gerichtet: negativ
IL Qualitaetsbit bezueglich der Auswahlkriterien                           {0;1;2;3;4}


     RW      HW MM DD HH     t    p  WR   WG N    x  RF    B    D   A    E IL
*** 
3912500 2352500  1  1  1  -4.7  979 191  1.3 3  2.5  87    0    0 186 -292  1
3912500 2352500  1  1  2  -6.3  979 179  1.5 2  2.1  85    0    0 182 -290  1
3912500 2352500  1  1  3  -7.6  979 176  1.7 0  1.9  84    0    0 177 -285  1
3912500 2352500  1  1  4  -7.9  980 182  1.8 0  1.8  84    0    0 176 -279  1
3912500 2352500  1  1  5  -8.0  980 206  1.8 0  1.8  84    0    0 175 -277  1
3912500 2352500  1  1  6  -8.3  980 216  1.8 0  1.8  82    0    0 174 -276  1
3912500 2352500  1  1  7  -8.2  980 269  1.4 1  1.7  82    0    0 176 -273  1
3912500 2352500  1  1  8  -8.0  980 297  1.3 2  1.7  81    0    0 180 -269  1
3912500 2352500  1  1  9  -9.3  981 334  0.7 2  1.7  85    1   13 181 -266  1
3912500 2352500  1  1 10  -7.0  981 341  0.7 4  1.8  87   47   66 188 -266  1
3912500 2352500  1  1 11  -6.0  982 346  0.5 1  2.0  85   91  115 189 -270  1
3912500 2352500  1  1 12  -4.4  982 359  0.4 1  2.2  82  111  150 184 -276  1
3912500 2352500  1  1 13  -3.2  982  20  0.9 1  2.3  77  124  161 187 -281  1
3912500 2352500  1  1 14  -2.4  983  61  2.2 0  2.3  73  135  143 186 -283  1
3912500 2352500  1  1 15  -2.5  982   9  2.3 0  2.3  72   88  116 184 -283  1
3912500 2352500  1  1 16  -2.3  982  43  1.9 0  2.3  71   49   67 185 -280  1
3912500 2352500  1  1 17  -4.1  982  28  0.7 2  2.3  74    3   16 190 -275  1
3912500 2352500  1  1 18  -4.4  981  20  1.5 1  2.3  80    0    0 191 -271  1
3912500 2352500  1  1 19  -4.3  981   1  0.9 0  2.3  82    0    0 185 -269  1
3912500 2352500  1  1 20  -4.6  981 336  1.5 1  2.3  83    0    0 184 -267  1
3912500 2352500  1  1 21  -6.4  981 302  1.5 1  2.2  86    0    0 184 -266  1
3912500 2352500  1  1 22  -6.6  981 302  0.8 0  2.2  90    0    0 180 -266  1
3912500 2352500  1  1 23  -6.6  981 287  1.5 0  2.1  88    0    0 176 -266  1
3912500 2352500  1  1 24  -8.3  981 285  0.7 1  1.9  87    0    0 177 -265  1
3912500 2352500  1  2  1  -8.1  980 218  1.8 1  1.9  89    0    0 177 -265  1
3912500 2352500  1  2  2  -7.7  981 209  1.4 1  1.9  87    0    0 177 -265  1
3912500 2352500  1  2  3  -8.7  980 218  1.5 1  1.8  84    0    0 177 -261  1
3912500 2352500  1  2  4  -8.7  980 221  0.9 0  1.7  83    0    0 174 -258  1
3912500 2352500  1  2  5  -9.5  980 206  1.4 0  1.6  83    0    0 171 -256  1
3912500 2352500  1  2  6  -8.6  979 244  1.0 0  1.6  81    0    0 171 -253  1
3912500 2352500  1  2  7  -9.0  979 301  0.7 0  1.6  80    0    0 171 -251  1
3912500 2352500  1  2  8  -8.8  979 236  0.9 0  1.6  78    0    0 169 -254  1
3912500 2352500  1  2  9  -9.6  979 254  0.9 0  1.6  84    1   13 169 -257  1
3912500 2352500  1  2 10  -7.2  979 216  1.3 0  1.8  88   68   56 172 -257  1
3912500 2352500  1  2 11  -5.2  980  40  1.0 1  2.0  83  136   90 182 -262  1
3912500 2352500  1  2 12  -3.2  979  43  1.0 0  2.3  80  172  116 187 -273  1
3912500 2352500  1  2 13  -1.8  979  46  1.3 0  2.5  76  193  121 186 -284  1
3912500 2352500  1  2 14  -2.6  978  93  0.7 0  2.5  75  199  104 187 -291  1
3912500 2352500  1  2 15  -1.7  977 126  1.0 0  2.4  72  138   89 188 -293  1
3912500 2352500  1  2 16  -1.5  977 131  0.8 0  2.5  70   74   56 192 -289  1
3912500 2352500  1  2 17  -3.2  977  55  0.7 1  2.5  75    7   15 197 -282  1
3912500 2352500  1  2 18  -5.1  977  42  1.1 1  2.4  84    0    0 198 -277  1
3912500 2352500  1  2 19  -5.7  976  13  1.2 0  2.3  89    0    0 191 -274  1
3912500 2352500  1  2 20  -5.7  976  36  2.0 0  2.3  88    0    0 186 -273  1
3912500 2352500  1  2 21  -7.3  976  40  2.3 0  2.2  91    0    0 185 -273  1
3912500 2352500  1  2 22  -5.8  976  13  1.5 0  2.1  89    0    0 185 -273  1
3912500 2352500  1  2 23  -7.9  975  15  1.6 0  2.1  89    0    0 184 -272  1
3912500 2352500  1  2 24  -7.7  975  23  1.4 1  2.0  94    0    0 185 -272  1
3912500 2352500  1  3  1  -7.4  975  27  2.8 0  2.0  89    0    0 187 -273  1
3912500 2352500  1  3  2  -6.2  974  36  3.4 1  2.0  83    0    0 188 -273  1
3912500 2352500  1  3  3  -4.5  974  38  3.1 2  2.1  79    0    0 197 -274  1
3912500 2352500  1  3  4  -6.0  975  36  2.9 3  2.2  82    0    0 201 -275  1
3912500 2352500  1  3  5  -4.0  975  32  3.4 3  2.3  86    0    0 201 -276  1
3912500 2352500  1  3  6  -4.6  974  36  4.2 2  2.5  87    0    0 200 -276  1
3912500 2352500  1  3  7  -4.6  974  41  4.1 0  2.5  88    0    0 195 -277  1
3912500 2352500  1  3  8  -3.7  974  39  4.3 5  2.5  86    0    0 200 -278  1
3912500 2352500  1  3  9  -3.6  974  35  4.5 6  2.5  84    0   10 206 -278  1
3912500 2352500  1  3 10  -3.3  975  35  4.5 5  2.5  83   61   44 205 -278  1
3912500 2352500  1  3 11  -2.6  975  35  4.1 1  2.5  78  170   45 200 -282  1
3912500 2352500  1  3 12  -1.8  974  20  4.2 0  2.4  71  212   63 196 -288  1
3912500 2352500  1  3 13  -0.7  974  27  4.5 0  2.3  64  243   59 196 -294  1
3912500 2352500  1  3 14   0.0  974  32  4.9 0  2.2  58  243   49 197 -297  1
3912500 2352500  1  3 15  -0.4  973  30  4.1 0  2.1  55  180   41 197 -298  1
3912500 2352500  1  3 16  -1.0  973  28  3.9 0  2.1  55   98   28 197 -296  1
3912500 2352500  1  3 17  -2.2  973  29  4.5 0  2.0  57   10   12 195 -292  1
3912500 2352500  1  3 18  -3.1  973  26  4.4 0  1.9  60    0    0 193 -289  1
3912500 2352500  1  3 19  -3.9  973  24  4.1 1  1.9  63    0    0 193 -286  1
3912500 2352500  1  3 20  -4.7  973  29  3.8 1  1.9  66    0    0 194 -285  1
3912500 2352500  1  3 21  -5.3  974  36  3.5 0  1.9  70    0    0 192 -282  1
3912500 2352500  1  3 22  -5.0  974  47  3.5 0  1.8  68    0    0 190 -280  1
3912500 2352500  1  3 23  -6.3  973  44  3.0 0  1.8  69    0    0 189 -278  1
3912500 2352500  1  3 24  -6.6  973  60  3.3 0  1.7  72    0    0 188 -275  1
3912500 2352500  1  4  1  -7.5  974  57  3.8 2  1.7  72    0    0 190 -274  1
3912500 2352500  1  4  2  -8.2  974  65  2.3 3  1.6  75    0    0 195 -275  1
3912500 2352500  1  4  3  -8.2  974  67  2.5 5  1.6  77    0    0 201 -273  1
3912500 2352500  1  4  4  -8.4  975  70  2.3 5  1.7  79    0    0 206 -271  1
3912500 2352500  1  4  5  -8.3  975  58  2.2 5  1.6  78    0    0 206 -270  1
3912500 2352500  1  4  6  -8.1  975  48  1.5 4  1.6  77    0    0 205 -268  1
3912500 2352500  1  4  7  -8.3  976  66  1.2 5  1.7  78    0    0 207 -265  1
3912500 2352500  1  4  8  -8.4  976  57  1.4 4  1.6  77    0    0 208 -262  1
3912500 2352500  1  4  9  -8.1  976  53  1.2 4  1.6  77    5    7 207 -260  1
3912500 2352500  1  4 10  -7.4  977  52  0.9 6  1.7  77   68   13 216 -261  1
3912500 2352500  1  4 11  -7.5  978  83  1.0 5  1.8  78   45   65 221 -268  1
3912500 2352500  1  4 12  -6.9  978  93  1.2 5  1.8  80    5   98 219 -279  1
3912500 2352500  1  4 13  -6.5  977  95  0.8 4  1.9  81    5  101 217 -290  1
3912500 2352500  1  4 14  -6.7  977  82  1.3 5  2.0  82   10   94 218 -298  1
3912500 2352500  1  4 15  -5.9  977 352  1.2 5  2.0  82   40   59 225 -300  1
3912500 2352500  1  4 16  -5.6  977 354  0.4 5  2.1  83   73   15 227 -296  1
3912500 2352500  1  4 17  -5.8  977  24  0.0 6  2.2  84   13    7 232 -288  1
3912500 2352500  1  4 18  -6.3  978 195  0.3 4  2.1  85    0    0 227 -279  1
3912500 2352500  1  4 19  -7.0  978 209  0.7 5  2.1  88    0    0 221 -273  1
3912500 2352500  1  4 20  -6.4  978 216  0.8 6  2.1  89    0    0 227 -269  1
3912500 2352500  1  4 21  -6.5  978 228  0.7 6  2.2  89    0    0 231 -267  1
3912500 2352500  1  4 22  -7.1  979 239  0.5 3  2.2  92    0    0 220 -265  1
3912500 2352500  1  4 23  -7.0  979 250  0.4 3  2.1  90    0    0 210 -263  1
3912500 2352500  1  4 24  -6.4  979 218  1.1 6  2.0  86    0    0 221 -262  1
3912500 2352500  1  5  1  -7.3  979 198  1.4 5  2.1  89    0    0 228 -261  1
3912500 2352500  1  5  2  -7.5  980 170  1.4 5  2.1  94    0    0 223 -261  1
3912500 2352500  1  5  3  -8.5  979 182  1.3 5  2.1  96    0    0 220 -261  1
3912500 2352500  1  5  4  -7.7  980 152  1.4 5  2.0  96    0    0 217 -260  1
3912500 2352500  1  5  5  -7.4  980 172  1.4 5  2.1  96    0    0 217 -259  1
3912500 2352500  1  5  6  -7.5  980 165  1.3 5  2.1  96    0    0 218 -258  1
3912500 2352500  1  5  7  -7.9  980 158  1.5 6  2.0  92    0    0 217 -256  1
3912500 2352500  1  5  8  -8.5  980 125  1.4 4  1.9  91    0    0 212 -255  1
3912500 2352500  1  5  9  -8.0  980 132  0.9 4  1.9  92    1   13 206 -255  1
3912500 2352500  1  5 10  -8.0  981 150  1.7 5  2.0  91   56   56 206 -257  1
3912500 2352500  1  5 11  -7.0  981 149  2.0 1  2.0  91  100   99 201 -264  1
3912500 2352500  1  5 12  -6.4  981 128  2.0 1  2.1  88  118  132 195 -276  1
3912500 2352500  1  5 13  -5.6  981 139  2.0 1  2.2  86  140  137 197 -289  1
3912500 2352500  1  5 14  -4.7  980 144  1.7 1  2.2  84  155  117 198 -297  1
3912500 2352500  1  5 15  -4.5  980 146  1.8 0  2.3  84  114   94 197 -299  1
3912500 2352500  1  5 16  -4.2  980 153  1.7 2  2.4  84   66   54 201 -295  1
3912500 2352500  1  5 17  -5.0  980 140  1.1 4  2.4  85    8   15 212 -286  1
3912500 2352500  1  5 18  -5.4  980 114  1.6 4  2.4  89    0    0 218 -277  1
3912500 2352500  1  5 19  -6.0  981  85  1.7 3  2.3  90    0    0 214 -270  1
3912500 2352500  1  5 20  -7.6  981  97  1.3 1  2.2  95    0    0 201 -267  1
3912500 2352500  1  5 21  -6.5  981  69  2.1 5  2.2  97    0    0 211 -264  1
3912500 2352500  1  5 22  -8.0  981  74  2.8 4  2.2  98    0    0 226 -263  1
3912500 2352500  1  5 23  -6.7  981 106  2.8 4  2.2  97    0    0 224 -261  1
3912500 2352500  1  5 24  -6.4  981 113  2.4 6  2.2  93    0    0 242 -260  1
3912500 2352500  1  6  1  -6.8  981 108  3.5 6  2.2  92    0    0 255 -259  1
3912500 2352500  1  6  2  -5.1  980 121  4.2 7  2.2  89    0    0 261 -257  1
3912500 2352500  1  6  3  -6.0  980 121  2.7 7  2.3  89    0    0 267 -256  1
3912500 2352500  1  6  4  -7.3  981 112  2.6 6  2.2  92    0    0 257 -255  1
3912500 2352500  1  6  5  -6.7  980 112  2.1 3  2.2  93    0    0 230 -254  1
3912500 2352500  1  6  6  -6.7  980 104  1.2 5  2.2  91    0    0 223 -253  1
3912500 2352500  1  6  7  -6.1  980 108  1.7 6  2.2  89    0    0 239 -252  1
3912500 2352500  1  6  8  -6.2  979 115  1.5 5  2.3  91    0    0 237 -251  1
3912500 2352500  1  6  9  -7.4  980  99  1.8 5  2.3  97   12    6 228 -251  1
3912500 2352500  1  6 10  -7.1  979 100  2.3 6  2.2  98   78   16 229 -256  1
3912500 2352500  1  6 11  -6.4  979 132  2.5 5  2.3  98   34   85 229 -265  1
3912500 2352500  1  6 12  -5.1  980 142  2.1 5  2.5  96    7  109 227 -274  1
3912500 2352500  1  6 13  -5.1  979 179  1.2 6  2.4  91    9  119 232 -285  1
3912500 2352500  1  6 14  -5.5  978  12  1.4 6  2.4  90   14  108 236 -293  1
3912500 2352500  1  6 15  -5.0  977 352  0.8 5  2.4  89    9   79 233 -296  1
3912500 2352500  1  6 16  -5.4  977 356  0.7 6  2.3  88    7   42 233 -295  1
3912500 2352500  1  6 17  -5.5  977  12  0.3 7  2.3  90    0    5 242 -291  1
3912500 2352500  1  6 18  -5.2  977 351  1.1 8  2.4  90    0    0 252 -286  1
3912500 2352500  1  6 19  -5.8  977 333  0.9 8  2.4  92    0    0 261 -283  1
3912500 2352500  1  6 20  -6.1  977  18  1.2 8  2.4  94    0    0 264 -283  1
3912500 2352500  1  6 21  -5.9  977   1  0.5 8  2.4  96    0    0 268 -285  1
3912500 2352500  1  6 22  -6.3  977 172  0.6 4  2.4  96    0    0 245 -287  1
3912500 2352500  1  6 23  -6.3  976 117  1.2 4  2.3  95    0    0 216 -285  1
3912500 2352500  1  6 24  -6.0  976  30  0.8 7  2.4  95    0    0 234 -285  1
3912500 2352500  1  7  1  -5.8  976 124  1.3 8  2.4  94    0    0 264 -288  1
3912500 2352500  1  7  2  -5.8  975 148  1.0 8  2.4  93    0    0 274 -290  1
3912500 2352500  1  7  3  -5.9  975 109  0.5 8  2.4  94    0    0 275 -293  1
3912500 2352500  1  7  4  -5.7  975 105  0.8 8  2.4  93    0    0 276 -294  1
3912500 2352500  1  7  5  -5.4  975  80  1.1 8  2.4  90    0    0 279 -294  1
3912500 2352500  1  7  6  -5.3  974  33  1.5 7  2.4  90    0    0 274 -295  1
3912500 2352500  1  7  7  -5.1  975  58  1.8 8  2.4  91    0    0 276 -298  1
3912500 2352500  1  7  8  -4.9  975  58  1.9 8  2.5  92    0    0 283 -301  1
3912500 2352500  1  7  9  -4.2  975  14  1.3 8  2.6  93    0    9 283 -302  1
3912500 2352500  1  7 10  -3.8  974  56  1.2 8  2.7  92    4   61 283 -303  1
3912500 2352500  1  7 11  -3.1  974  41  2.4 7  2.8  93    0   68 279 -306  1
3912500 2352500  1  7 12  -2.1  974  63  3.3 7  3.0  92    0   66 275 -312  1
3912500 2352500  1  7 13  -0.9  973  49  3.9 7  3.2  90    0   91 279 -316  1
3912500 2352500  1  7 14  -0.3  973  61  4.7 8  3.4  89    0   81 287 -318  1
3912500 2352500  1  7 15   0.4  972  61  6.7 6  3.5  88    2   87 284 -318  1
3912500 2352500  1  7 16   0.2  972  61  5.8 6  3.5  86    4   53 274 -317  1
3912500 2352500  1  7 17  -0.2  972  53  3.9 7  3.4  86    0   13 280 -315  1
3912500 2352500  1  7 18  -0.3  972  52  4.2 8  3.3  85    0    0 290 -314  1
3912500 2352500  1  7 19  -0.5  973  54  5.0 8  3.3  85    0    0 296 -312  1
3912500 2352500  1  7 20  -0.7  972  65  5.2 7  3.3  86    0    0 290 -312  1
3912500 2352500  1  7 21  -0.9  972  64  4.0 7  3.2  87    0    0 286 -311  1
3912500 2352500  1  7 22  -0.7  973  57  3.1 7  3.2  87    0    0 286 -310  1
3912500 2352500  1  7 23  -0.8  973  48  3.1 7  3.2  86    0    0 287 -309  1
3912500 2352500  1  7 24  -1.4  973  41  2.8 5  3.2  87    0    0 273 -306  1
3912500 2352500  1  8  1  -1.4  973  38  2.2 6  3.1  86    0    0 267 -303  1
3912500 2352500  1  8  2  -1.7  972   3  0.7 5  3.0  85    0    0 266 -298  1
3912500 2352500  1  8  3  -1.8  972  34  1.3 8  3.0  86    0    0 275 -293  1
3912500 2352500  1  8  4  -1.8  973   3  1.2 8  3.0  86    0    0 290 -291  1
3912500 2352500  1  8  5  -1.9  974  10  1.2 7  3.0  86    0    0 285 -291  1
3912500 2352500  1  8  6  -2.4  974 148  0.7 8  2.9  87    0    0 284 -289  1
3912500 2352500  1  8  7  -2.2  975  58  1.0 8  2.9  88    0    0 289 -286  1
3912500 2352500  1  8  8  -2.6  975 329  0.4 8  2.9  88    0    0 288 -284  1
3912500 2352500  1  8  9  -2.0  976  10  0.3 8  2.9  86    0   11 289 -283  1
3912500 2352500  1  8 10  -2.0  977 237  0.9 6  2.8  83    9   57 279 -283  1
3912500 2352500  1  8 11  -1.7  978 318  1.0 6  2.8  82    4   85 268 -287  1
3912500 2352500  1  8 12  -1.4  978 340  1.3 6  2.8  81    0   96 268 -296  1
3912500 2352500  1  8 13  -0.6  978 325  1.4 5  2.8  78    6  122 264 -305  1
3912500 2352500  1  8 14  -0.8  978 356  1.5 3  2.9  77   71  121 248 -310  1
3912500 2352500  1  8 15  -0.6  978   2  1.4 2  2.9  78  138   55 233 -311  1
3912500 2352500  1  8 16  -1.2  978 348  1.6 6  2.9  80   91   27 248 -308  1
3912500 2352500  1  8 17  -2.1  978 357  1.6 6  2.9  83   19   10 267 -302  1
3912500 2352500  1  8 18  -1.3  978 351  1.1 6  2.9  84    0    0 268 -296  1
3912500 2352500  1  8 19  -2.2  978 356  1.4 6  2.9  84    0    0 268 -292  1
3912500 2352500  1  8 20  -2.2  979 356  1.4 6  2.9  86    0    0 266 -289  1
3912500 2352500  1  8 21  -2.7  979 269  1.5 6  2.9  89    0    0 265 -285  1
3912500 2352500  1  8 22  -2.9  979 284  0.8 7  2.9  90    0    0 268 -282  1
3912500 2352500  1  8 23  -2.7  979 304  1.0 7  2.9  90    0    0 273 -280  1
3912500 2352500  1  8 24  -3.5  980 360  1.6 7  2.9  92    0    0 272 -276  1
3912500 2352500  1  9  1  -3.7  980  11  1.2 8  2.8  94    0    0 274 -276  1
3912500 2352500  1  9  2  -3.6  980   6  1.1 8  2.8  93    0    0 277 -275  1
3912500 2352500  1  9  3  -3.7  980  12  1.1 5  2.8  93    0    0 263 -271  1
3912500 2352500  1  9  4  -3.4  981   7  1.3 7  2.8  92    0    0 258 -269  1
3912500 2352500  1  9  5  -4.8  980 349  1.7 7  2.8  96    0    0 265 -268  1
3912500 2352500  1  9  6  -3.2  980  28  1.6 7  2.8  94    0    0 263 -268  1
3912500 2352500  1  9  7  -3.7  981  16  1.5 7  2.8  91    0    0 263 -268  1
3912500 2352500  1  9  8  -3.5  981  28  1.5 8  2.8  92    0    0 266 -265  1
3912500 2352500  1  9  9  -4.6  981  17  0.9 8  2.7  93    0   10 267 -264  1
3912500 2352500  1  9 10  -4.1  981  34  1.6 8  2.7  94    4   60 262 -266  1
3912500 2352500  1  9 11  -4.0  981  16  1.7 6  2.7  93    0   75 251 -273  1
3912500 2352500  1  9 12  -3.9  982  29  1.8 5  2.7  93    0   75 236 -284  1
3912500 2352500  1  9 13  -3.6  982   8  1.1 6  2.7  91    0   75 232 -295  1
3912500 2352500  1  9 14  -4.0  981 276  1.6 6  2.7  92    0   75 227 -302  1
3912500 2352500  1  9 15  -3.5  981 271  1.3 5  2.7  91    0   67 221 -304  1
3912500 2352500  1  9 16  -3.8  981 353  1.1 7  2.7  91    0   46 219 -301  1
3912500 2352500  1  9 17  -3.8  981 352  1.1 7  2.8  93    0   12 221 -293  1
3912500 2352500  1  9 18  -4.1  981 325  1.5 8  2.8  95    0    0 222 -287  1
3912500 2352500  1  9 19  -4.0  981 309  1.0 8  2.8  96    0    0 224 -286  1
3912500 2352500  1  9 20  -4.0  981  70  0.9 8  2.7  94    0    0 226 -284  1
3912500 2352500  1  9 21  -4.3  981  60  1.3 8  2.7  94    0    0 228 -278  1
3912500 2352500  1  9 22  -4.1  981  57  1.2 7  2.7  94    0    0 227 -274  1
3912500 2352500  1  9 23  -4.4  981 350  0.6 7  2.7  94    0    0 227 -272  1
3912500 2352500  1  9 24  -4.4  981 360  0.7 8  2.7  94    0    0 229 -270  1
3912500 2352500  1 10  1  -4.1  981   4  0.9 8  2.6  92    0    0 232 -268  1
3912500 2352500  1 10  2  -4.4  981 341  0.7 8  2.6  92    0    0 233 -267  1
3912500 2352500  1 10  3  -5.0  981 166  1.1 8  2.6  93    0    0 234 -266  1
3912500 2352500  1 10  4  -4.9  981 341  1.1 8  2.6  95    0    0 234 -265  1
3912500 2352500  1 10  5  -5.2  981 313  1.1 8  2.5  94    0    0 235 -264  1
3912500 2352500  1 10  6  -5.3  980 315  1.0 8  2.5  93    0    0 235 -263  1
3912500 2352500  1 10  7  -5.2  980 315  1.3 8  2.4  92    0    0 235 -262  1
3912500 2352500  1 10  8  -5.3  980 233  1.2 8  2.5  93    0    0 236 -263  1
3912500 2352500  1 10  9  -4.3  980 240  1.4 8  2.5  91    0   10 239 -264  1
3912500 2352500  1 10 10  -4.6  981 251  1.1 8  2.5  89    3   63 240 -268  1
3912500 2352500  1 10 11  -4.4  981 291  1.5 6  2.5  89    1   86 236 -276  1
3912500 2352500  1 10 12  -4.3  981 272  1.5 7  2.5  89    0   90 235 -287  1
3912500 2352500  1 10 13  -4.0  980 324  1.2 6  2.5  88    0   99 237 -298  1
3912500 2352500  1 10 14  -3.6  980   6  1.1 6  2.6  88    0   94 237 -304  1
3912500 2352500  1 10 15  -3.6  979  31  1.0 5  2.6  88    1   81 237 -307  1
3912500 2352500  1 10 16  -3.5  979 340  0.9 7  2.6  88    2   57 241 -305  1
3912500 2352500  1 10 17  -3.6  979 325  1.1 6  2.6  87    1   15 245 -299  1
3912500 2352500  1 10 18  -4.4  979 342  1.7 8  2.6  89    0    0 246 -294  1
3912500 2352500  1 10 19  -4.5  978 331  1.3 7  2.6  92    0    0 248 -295  1
3912500 2352500  1 10 20  -5.4  978 309  1.2 8  2.6  95    0    0 247 -298  1
3912500 2352500  1 10 21  -5.3  978 322  1.1 7  2.6  97    0    0 246 -298  1
3912500 2352500  1 10 22  -5.4  978 353  1.2 6  2.5  96    0    0 239 -296  1
3912500 2352500  1 10 23  -5.8  978 358  1.1 6  2.5  96    0    0 235 -291  1
3912500 2352500  1 10 24  -5.5  978  22  0.4 7  2.4  95    0    0 239 -289  1
3912500 2352500  1 11  1  -5.9  978 100  1.1 5  2.4  94    0    0 235 -289  1
3912500 2352500  1 11  2  -5.6  978  45  1.2 8  2.3  91    0    0 238 -289  1
3912500 2352500  1 11  3  -5.5  978 306  1.1 8  2.3  90    0    0 251 -289  1
3912500 2352500  1 11  4  -5.9  978 322  1.7 8  2.3  90    0    0 251 -288  1
3912500 2352500  1 11  5  -6.1  978 197  1.4 8  2.3  91    0    0 252 -288  1
3912500 2352500  1 11  6  -6.5  978 211  1.1 8  2.3  92    0    0 254 -287  1
3912500 2352500  1 11  7  -6.7  978 211  0.9 7  2.2  92    0    0 250 -287  1
3912500 2352500  1 11  8  -6.5  978 235  1.1 8  2.2  91    0    0 251 -286  1
3912500 2352500  1 11  9  -6.7  979 279  1.3 8  2.2  93    0    2 256 -288  1
3912500 2352500  1 11 10  -6.4  979 302  1.4 6  2.2  93    0   44 248 -294  1
3912500 2352500  1 11 11  -5.7  979 271  1.1 7  2.3  93    0   82 246 -301  1
3912500 2352500  1 11 12  -5.2  979 156  1.3 8  2.4  92    0  106 256 -309  1
3912500 2352500  1 11 13  -4.6  978 218  1.2 8  2.5  91    1  123 263 -314  1
3912500 2352500  1 11 14  -3.7  979 243  1.7 8  2.6  89    3  127 265 -318  1
3912500 2352500  1 11 15  -3.5  977 220  1.4 5  2.7  89   19  129 253 -319  1
3912500 2352500  1 11 16  -3.0  977 208  1.9 7  2.7  88   37   87 249 -319  1
3912500 2352500  1 11 17  -3.7  977 199  1.8 7  2.7  87    6   23 260 -317  1
3912500 2352500  1 11 18  -4.2  977 177  1.6 4  2.6  87    0    0 243 -312  1
3912500 2352500  1 11 19  -4.1  977 211  1.6 4  2.5  87    0    0 228 -307  1
3912500 2352500  1 11 20  -5.5  977 161  1.8 5  2.5  90    0    0 233 -304  1
3912500 2352500  1 11 21  -5.2  976 309  1.6 6  2.5  95    0    0 243 -302  1
3912500 2352500  1 11 22  -4.3  977 308  1.8 7  2.6  96    0    0 256 -302  1
3912500 2352500  1 11 23  -3.8  977 301  1.9 8  2.8  95    0    0 269 -303  1
3912500 2352500  1 11 24  -3.7  977 307  1.5 7  2.8  95    0    0 271 -303  1
3912500 2352500  1 12  1  -3.5  977 306  1.9 8  2.9  96    0    0 272 -303  1
3912500 2352500  1 12  2  -3.9  977 291  2.7 7  2.8  95    0    0 272 -304  1
3912500 2352500  1 12  3  -3.2  977 282  1.7 8  2.8  94    0    0 272 -305  1
3912500 2352500  1 12  4  -3.3  977 287  1.5 7  2.9  94    0    0 273 -305  1
3912500 2352500  1 12  5  -3.0  977 307  1.4 7  2.9  93    0    0 270 -305  1
3912500 2352500  1 12  6  -2.8  977 305  1.4 7  2.9  92    0    0 271 -305  1
3912500 2352500  1 12  7  -2.4  977 324  1.5 6  3.0  94    0    0 268 -304  1
3912500 2352500  1 12  8  -2.4  977 300  1.4 7  3.1  95    0    0 270 -303  1
3912500 2352500  1 12  9  -1.6  977 212  1.2 7  3.2  95    0    1 276 -303  1
3912500 2352500  1 12 10  -1.4  978 241  0.9 7  3.3  94    3   67 277 -305  1
3912500 2352500  1 12 11  -0.7  978 235  0.7 5  3.4  92   15  135 269 -310  1
3912500 2352500  1 12 12   0.4  978 260  0.9 4  3.4  88   35  191 258 -315  1
3912500 2352500  1 12 13   0.8  979 172  1.4 4  3.5  86   73  219 254 -319  1
3912500 2352500  1 12 14   0.5  978 298  1.6 3  3.6  88   82  207 249 -321  1
3912500 2352500  1 12 15   1.3  977 296  1.3 2  3.7  87   53  163 241 -321  1
3912500 2352500  1 12 16   1.5  977 309  1.0 4  3.7  85   28   94 247 -321  1
3912500 2352500  1 12 17   0.8  977 333  0.9 6  3.7  86    4   24 264 -321  1
3912500 2352500  1 12 18   0.4  977 352  0.5 6  3.7  89    0    0 272 -318  1
3912500 2352500  1 12 19   0.5  977 338  0.0 4  3.7  91    0    0 264 -314  1
3912500 2352500  1 12 20   1.0  977 334  0.4 5  3.8  91    0    0 261 -310  1
3912500 2352500  1 12 21  -0.8  977 349  0.8 4  3.8  95    0    0 260 -306  1
3912500 2352500  1 12 22  -0.8  976  33  1.0 7  3.7 100    0    0 266 -304  1
3912500 2352500  1 12 23  -0.2  977  46  0.7 7  3.7  98    0    0 280 -304  1
3912500 2352500  1 12 24  -0.8  977  52  1.3 3  3.7  98    0    0 261 -303  1
3912500 2352500  1 13  1  -0.9  976  50  2.0 8  3.7  99    0    0 264 -301  1
3912500 2352500  1 13  2  -0.7  976  70  1.9 7  3.7  99    0    0 282 -301  1
3912500 2352500  1 13  3  -0.9  976  59  1.9 8  3.6  98    0    0 282 -301  1
3912500 2352500  1 13  4  -0.8  975  61  1.9 7  3.6  97    0    0 281 -301  1
3912500 2352500  1 13  5  -1.2  975  24  1.6 8  3.6  98    0    0 279 -300  1
3912500 2352500  1 13  6  -1.1  975  43  0.9 8  3.6  98    0    0 282 -298  1
3912500 2352500  1 13  7  -1.2  975  98  1.3 6  3.5  98    0    0 270 -293  1
3912500 2352500  1 13  8  -1.2  975 112  1.3 8  3.5  97    0    0 267 -289  1
3912500 2352500  1 13  9  -1.6  975  94  1.9 8  3.5  98    0   11 276 -286  1
3912500 2352500  1 13 10  -1.9  975  87  2.0 7  3.4  99   11   53 269 -287  1
3912500 2352500  1 13 11  -1.4  975  79  1.4 6  3.4  98    2   80 259 -293  1
3912500 2352500  1 13 12  -1.3  974  55  1.0 6  3.4  96    0   86 255 -303  1
3912500 2352500  1 13 13  -1.3  974 104  1.4 6  3.4  96    0   92 254 -311  1
3912500 2352500  1 13 14  -1.3  974 109  1.6 5  3.5  96    0   89 250 -316  1
3912500 2352500  1 13 15  -1.4  973  98  1.8 4  3.4  95    2   82 242 -318  1
3912500 2352500  1 13 16  -1.4  973 101  1.5 7  3.3  94   19   48 252 -317  1
3912500 2352500  1 13 17  -1.5  973  53  2.0 8  3.4  95    8   12 274 -311  1
3912500 2352500  1 13 18  -1.6  973  94  0.9 8  3.4  96    0    0 282 -304  1
3912500 2352500  1 13 19  -1.7  972 109  1.1 6  3.4  96    0    0 275 -297  1
3912500 2352500  1 13 20  -1.6  972  42  1.3 7  3.4  97    0    0 273 -293  1
3912500 2352500  1 13 21  -1.5  973  59  1.3 8  3.4  97    0    0 285 -290  1
3912500 2352500  1 13 22  -1.5  973  18  1.8 8  3.4  96    0    0 291 -287  1
3912500 2352500  1 13 23  -1.4  973   2  1.3 8  3.4  95    0    0 292 -286  1
3912500 2352500  1 13 24  -1.6  973   3  1.0 7  3.3  94    0    0 288 -289  1
3912500 2352500  1 14  1  -1.5  973  13  1.5 7  3.3  94    0    0 283 -293  1
3912500 2352500  1 14  2  -1.5  973  42  1.9 6  3.3  92    0    0 278 -292  1
3912500 2352500  1 14  3  -1.8  972 109  1.7 5  3.2  92    0    0 267 -289  1
3912500 2352500  1 14  4  -1.5  972  99  2.3 5  3.2  92    0    0 263 -284  1
3912500 2352500  1 14  5  -1.8  972  94  2.5 4  3.2  92    0    0 259 -281  1
3912500 2352500  1 14  6  -1.9  971  80  2.3 6  3.2  92    0    0 265 -279  1
3912500 2352500  1 14  7  -2.0  971  91  1.9 8  3.1  91    0    0 285 -277  1
3912500 2352500  1 14  8  -2.4  971  80  1.3 8  3.1  92    0    0 295 -276  1
3912500 2352500  1 14  9  -3.3  971  66  1.1 8  3.1  96    0   11 293 -275  1
3912500 2352500  1 14 10  -3.2  972  73  1.1 8  3.1  99    5   51 292 -277  1
3912500 2352500  1 14 11  -2.8  972  81  1.5 8  3.1  98    0   54 294 -285  1
3912500 2352500  1 14 12  -1.7  972  39  1.3 8  3.2  95    0   50 296 -298  1
3912500 2352500  1 14 13  -1.8  972 106  1.2 8  3.2  92    0   54 297 -309  1
3912500 2352500  1 14 14  -1.9  972  58  1.2 8  3.2  92    0   52 296 -315  1
3912500 2352500  1 14 15  -1.6  972  90  0.9 8  3.2  91    0   45 296 -318  1
3912500 2352500  1 14 16  -2.0  972 111  1.2 8  3.1  91    0   31 297 -319  1
3912500 2352500  1 14 17  -2.1  971 121  1.3 6  3.1  92    0    9 287 -317  1
3912500 2352500  1 14 18  -2.6  971 105  1.2 6  3.1  93    0    0 276 -315  1
3912500 2352500  1 14 19  -3.3  971  93  0.8 8  3.1  96    0    0 285 -313  1
3912500 2352500  1 14 20  -3.4  972 132  1.0 6  3.1  99    0    0 283 -312  1
3912500 2352500  1 14 21  -3.9  971 143  0.9 6  3.0 100    0    0 270 -312  1
3912500 2352500  1 14 22  -3.8  971 140  0.9 8  3.0 100    0    0 278 -312  1
3912500 2352500  1 14 23  -3.3  971 147  1.6 8  3.0 100    0    0 289 -311  1
3912500 2352500  1 14 24  -2.9  971 181  0.8 7  3.1  98    0    0 284 -311  1
3912500 2352500  1 15  1  -3.3  971 178  1.2 8  3.0  96    0    0 283 -312  1
3912500 2352500  1 15  2  -2.3  970 169  1.4 8  3.0  94    0    0 288 -312  1
3912500 2352500  1 15  3  -3.1  970 213  1.6 8  3.0  93    0    0 288 -312  1
3912500 2352500  1 15  4  -3.1  969 282  2.0 6  3.0  94    0    0 278 -312  1
3912500 2352500  1 15  5  -3.2  969 209  2.4 8  3.0  95    0    0 279 -312  1
3912500 2352500  1 15  6  -2.8  968 255  1.8 8  3.0  94    0    0 289 -311  1
3912500 2352500  1 15  7  -3.1  968 295  2.1 8  3.0  95    0    0 290 -312  1
3912500 2352500  1 15  8  -3.2  968 246  1.4 8  3.0  95    0    0 290 -312  1
3912500 2352500  1 15  9  -3.5  967 183  1.7 8  2.9  95    0   10 289 -312  1
3912500 2352500  1 15 10  -3.4  967 137  1.9 8  2.9  94    1   60 288 -313  1
3912500 2352500  1 15 11  -2.9  967 148  1.9 7  2.9  93    0   61 283 -316  1
3912500 2352500  1 15 12  -3.0  967 157  1.2 6  3.0  92    0   60 273 -319  1
3912500 2352500  1 15 13  -2.9  967 188  1.3 6  3.0  93    0   64 267 -321  1
3912500 2352500  1 15 14  -2.8  966 157  0.8 8  3.0  92    0   57 277 -322  1
3912500 2352500  1 15 15  -2.8  964 135  1.0 8  3.0  92    0   49 287 -323  1
3912500 2352500  1 15 16  -2.7  964 119  1.1 8  3.0  92    0   34 288 -323  1
3912500 2352500  1 15 17  -2.7  963 161  1.4 8  3.1  95    0   10 288 -323  1
3912500 2352500  1 15 18  -2.7  963 160  1.2 8  3.1  95    0    0 288 -323  1
3912500 2352500  1 15 19  -3.4  963 113  1.3 8  3.1  96    0    0 286 -323  1
3912500 2352500  1 15 20  -3.2  963 124  1.3 8  3.0  97    0    0 285 -323  1
3912500 2352500  1 15 21  -3.1  962 159  1.1 8  3.0  96    0    0 284 -323  1
3912500 2352500  1 15 22  -3.0  962 188  0.9 8  3.0  95    0    0 284 -323  1
3912500 2352500  1 15 23  -3.4  962 184  1.5 8  3.0  94    0    0 285 -323  1
3912500 2352500  1 15 24  -3.6  962 184  1.2 8  2.9  94    0    0 284 -323  1
3912500 2352500  1 16  1  -4.0  963 197  1.4 6  2.9  96    0    0 273 -322  1
3912500 2352500  1 16  2  -3.8  963 182  1.4 8  2.8  95    0    0 273 -322  1
3912500 2352500  1 16  3  -3.6  963 209  1.1 7  2.8  94    0    0 278 -322  1
3912500 2352500  1 16  4  -3.8  963 222  0.8 8  2.8  94    0    0 278 -322  1
3912500 2352500  1 16  5  -4.5  963 206  1.1 6  2.8  96    0    0 271 -322  1
3912500 2352500  1 16  6  -4.7  962 214  1.3 8  2.8  97    0    0 270 -322  1
3912500 2352500  1 16  7  -3.2  963 220  1.0 8  2.8  93    0    0 282 -322  1
3912500 2352500  1 16  8  -3.8  964 219  1.0 8  2.8  90    0    0 284 -321  1
3912500 2352500  1 16  9  -3.5  964 226  1.2 8  2.7  90    0   11 283 -320  1
3912500 2352500  1 16 10  -2.9  965 227  1.0 8  2.7  86   11   53 284 -319  1
3912500 2352500  1 16 11  -2.6  966 272  1.0 7  2.8  85    0   70 278 -321  1
3912500 2352500  1 16 12  -2.1  967  54  0.7 6  2.9  87    0   92 266 -322  1
3912500 2352500  1 16 13  -1.2  967 294  1.0 6  3.0  85    2  113 262 -322  1
3912500 2352500  1 16 14  -0.7  966 127  1.1 7  3.0  82    0   86 270 -322  1
3912500 2352500  1 16 15  -0.4  967   8  0.9 7  3.1  82    5   82 277 -325  1
3912500 2352500  1 16 16  -0.6  967 356  0.8 8  3.2  84    0   46 283 -327  1
3912500 2352500  1 16 17  -0.5  967  19  0.6 8  3.3  86    0   12 288 -324  1
3912500 2352500  1 16 18  -0.7  968 359  0.9 8  3.3  87    0    0 287 -322  1
3912500 2352500  1 16 19  -0.6  968  48  1.0 6  3.3  88    0    0 273 -321  1
3912500 2352500  1 16 20  -1.0  969  64  0.9 8  3.4  91    0    0 272 -319  1
3912500 2352500  1 16 21  -0.5  969  56  0.5 8  3.4  92    0    0 283 -317  1
3912500 2352500  1 16 22  -0.6  969  14  0.6 8  3.5  91    0    0 285 -316  1
3912500 2352500  1 16 23  -0.7  970   2  0.6 8  3.5  92    0    0 286 -316  1
3912500 2352500  1 16 24  -0.7  970 358  0.5 8  3.5  93    0    0 286 -313  1
3912500 2352500  1 17  1  -0.2  970 352  1.0 8  3.5  92    0    0 286 -310  1
3912500 2352500  1 17  2  -0.7  970  42  0.5 8  3.5  92    0    0 286 -307  1
3912500 2352500  1 17  3  -0.9  970  10  0.8 7  3.5  95    0    0 279 -305  1
3912500 2352500  1 17  4  -0.2  970 358  0.8 7  3.6  94    0    0 271 -304  1
3912500 2352500  1 17  5  -0.2  970 353  0.9 7  3.6  92    0    0 272 -304  1
3912500 2352500  1 17  6  -0.6  970 354  1.0 7  3.6  93    0    0 272 -302  1
3912500 2352500  1 17  7   0.0  969  32  1.2 8  3.6  93    0    0 277 -300  1
3912500 2352500  1 17  8   0.0  969  37  1.1 8  3.6  92    0    0 283 -297  1
3912500 2352500  1 17  9  -0.2  970  37  1.3 8  3.7  93    0    6 282 -297  1
3912500 2352500  1 17 10  -0.2  970  30  1.1 6  3.7  94    0   28 269 -298  1
3912500 2352500  1 17 11   0.2  970  48  1.0 8  3.7  93    0   50 270 -303  1
3912500 2352500  1 17 12   0.6  970 156  0.9 8  3.7  91    0   86 283 -311  1
3912500 2352500  1 17 13   0.5  969 339  0.9 8  3.7  90    0   79 283 -318  1
3912500 2352500  1 17 14   0.8  969 345  0.9 7  3.7  89    0   65 278 -321  1
3912500 2352500  1 17 15   0.4  968 352  0.9 7  3.7  89    0   65 270 -322  1
3912500 2352500  1 17 16   0.7  968   8  0.9 8  3.7  89    0   48 274 -322  1
3912500 2352500  1 17 17   0.4  968  11  1.0 8  3.7  90    0   14 277 -322  1
3912500 2352500  1 17 18   0.3  968  83  1.1 8  3.7  91    0    0 274 -318  1
3912500 2352500  1 17 19   0.1  968  97  0.7 8  3.7  91    0    0 270 -313  1
3912500 2352500  1 17 20   0.3  968 118  1.1 8  3.6  91    0    0 267 -308  1
3912500 2352500  1 17 21   0.2  968 140  0.6 8  3.6  90    0    0 267 -305  1
3912500 2352500  1 17 22   0.2  968 343  1.4 8  3.6  90    0    0 268 -301  1
3912500 2352500  1 17 23  -0.3  968 333  1.7 8  3.6  91    0    0 267 -300  1
3912500 2352500  1 17 24   0.3  968 258  1.6 7  3.6  91    0    0 263 -300  1
3912500 2352500  1 18  1  -0.1  968 245  1.4 7  3.6  91    0    0 260 -300  1
3912500 2352500  1 18  2  -0.1  968 243  1.5 8  3.6  92    0    0 265 -299  1
3912500 2352500  1 18  3  -0.3  968 254  1.5 8  3.6  92    0    0 269 -298  1
3912500 2352500  1 18  4  -0.2  968 270  1.4 7  3.5  91    0    0 267 -296  1
3912500 2352500  1 18  5   0.1  967 260  1.7 7  3.5  88    0    0 266 -294  1
3912500 2352500  1 18  6  -0.4  968 262  1.9 8  3.4  87    0    0 272 -292  1
3912500 2352500  1 18  7   0.0  968 246  1.9 7  3.4  87    0    0 274 -292  1
3912500 2352500  1 18  8   0.0  968 243  1.9 8  3.4  87    0    0 276 -291  1
3912500 2352500  1 18  9   0.1  968 261  1.8 8  3.4  86    0   13 281 -290  1
3912500 2352500  1 18 10  -0.1  968 223  2.5 5  3.4  85    3   63 268 -292  1
3912500 2352500  1 18 11   0.4  968 155  2.3 6  3.3  82    9  112 259 -298  1
3912500 2352500  1 18 12   0.9  969 111  1.9 7  3.2  78    5  132 267 -307  1
3912500 2352500  1 18 13   1.2  968 149  1.9 7  3.2  75   12  155 272 -316  1
3912500 2352500  1 18 14   1.7  967 160  1.8 6  3.3  74   36  166 269 -320  1
3912500 2352500  1 18 15   1.9  968 152  1.6 7  3.3  72    7  109 270 -322  1
3912500 2352500  1 18 16   1.9  968 148  1.1 7  3.3  73    4   67 275 -322  1
3912500 2352500  1 18 17   1.6  968 196  1.5 8  3.4  75    0   17 281 -322  1
3912500 2352500  1 18 18   1.2  967 232  1.2 8  3.4  78    0    0 286 -320  1
3912500 2352500  1 18 19   1.4  967 203  1.1 7  3.4  79    0    0 280 -315  1
3912500 2352500  1 18 20   0.7  967 188  1.3 7  3.5  81    0    0 274 -311  1
3912500 2352500  1 18 21  -0.1  967 227  1.2 7  3.5  85    0    0 272 -307  1
3912500 2352500  1 18 22  -0.4  967 264  1.2 7  3.4  86    0    0 271 -305  1
3912500 2352500  1 18 23  -0.7  967 293  1.5 7  3.3  87    0    0 270 -302  1
3912500 2352500  1 18 24  -1.2  967 292  1.4 4  3.2  88    0    0 248 -300  1
3912500 2352500  1 19  1  -2.6  967 285  1.8 2  3.1  91    0    0 208 -299  1
3912500 2352500  1 19  2  -1.5  967 267  1.1 5  3.1  92    0    0 213 -297  1
3912500 2352500  1 19  3  -1.8  966 254  1.5 4  3.2  90    0    0 229 -296  1
3912500 2352500  1 19  4  -2.3  966 276  1.8 3  3.1  90    0    0 216 -295  1
3912500 2352500  1 19  5  -2.5  966 275  2.1 3  3.0  91    0    0 209 -295  1
3912500 2352500  1 19  6  -1.9  966 267  2.3 4  3.1  91    0    0 220 -296  1
3912500 2352500  1 19  7  -2.0  965 254  1.7 3  3.1  89    0    0 223 -296  1
3912500 2352500  1 19  8  -1.8  965 222  1.7 7  3.1  88    0    0 241 -296  1
3912500 2352500  1 19  9  -2.4  965 229  1.7 7  3.0  89    0   10 267 -296  1
3912500 2352500  1 19 10  -0.7  966 217  2.1 7  3.1  88   10   75 269 -299  1
3912500 2352500  1 19 11   0.4  965 206  1.9 6  3.3  83   13  120 268 -306  1
3912500 2352500  1 19 12   0.8  965 197  2.3 4  3.3  79   44  174 252 -314  1
3912500 2352500  1 19 13   0.8  965 215  2.1 5  3.2  76   31  180 246 -319  1
3912500 2352500  1 19 14   2.4  966 188  0.4 7  3.3  74    2  123 269 -321  1
3912500 2352500  1 19 15   2.9  965 204  1.4 7  3.4  71    1   91 287 -322  1
3912500 2352500  1 19 16   2.2  966 231  3.1 8  3.5  74    0   25 295 -323  1
3912500 2352500  1 19 17   2.1  966 223  3.3 8  3.8  82    0    8 302 -323  1
3912500 2352500  1 19 18   1.9  967 224  4.1 8  4.1  89    0    0 302 -323  1
3912500 2352500  1 19 19   1.8  967 221  3.8 7  4.2  92    0    0 295 -322  1
3912500 2352500  1 19 20   2.0  968 225  3.3 6  4.2  92    0    0 283 -322  1
3912500 2352500  1 19 21   2.3  968 228  3.0 8  4.2  90    0    0 291 -321  1
3912500 2352500  1 19 22   2.5  969 227  3.9 8  4.2  89    0    0 304 -320  1
3912500 2352500  1 19 23   2.5  969 221  4.0 8  4.2  89    0    0 305 -320  1
3912500 2352500  1 19 24   2.8  969 224  3.5 6  4.3  88    0    0 296 -320  1
3912500 2352500  1 20  1   2.7  969 242  3.0 8  4.2  88    0    0 297 -320  1
3912500 2352500  1 20  2   3.1  969 238  4.1 8  4.2  86    0    0 308 -320  1
3912500 2352500  1 20  3   3.5  969 223  4.8 7  4.1  82    0    0 304 -321  1
3912500 2352500  1 20  4   3.3  969 224  5.3 6  4.1  82    0    0 294 -321  1
3912500 2352500  1 20  5   4.0  969 236  5.0 7  4.1  79    0    0 296 -321  1
3912500 2352500  1 20  6   3.6  970 245  4.1 7  4.0  77    0    0 303 -321  1
3912500 2352500  1 20  7   3.7  970 260  4.5 8  4.1  79    0    0 308 -322  1
3912500 2352500  1 20  8   3.5  970 253  4.5 8  4.1  81    0    0 315 -322  1
3912500 2352500  1 20  9   2.9  971 235  3.3 8  4.2  83    6   22 314 -322  1
3912500 2352500  1 20 10   3.7  971 209  3.3 7  4.1  82   53   82 307 -322  1
3912500 2352500  1 20 11   5.7  971 214  2.5 5  4.1  74   94  135 291 -322  1
3912500 2352500  1 20 12   6.6  971 218  2.7 6  4.1  66   35  167 287 -324  1
3912500 2352500  1 20 13   6.9  970 221  2.9 6  4.1  64   28  173 291 -328  1
3912500 2352500  1 20 14   7.0  970 231  3.3 6  4.2  64   25  158 288 -331  1
3912500 2352500  1 20 15   7.7  970 231  3.5 6  4.1  62   28  132 286 -331  1
3912500 2352500  1 20 16   7.4  969 231  3.7 6  4.1  61   50   86 285 -329  1
3912500 2352500  1 20 17   6.4  969 240  3.4 7  4.1  63   12   27 288 -326  1
3912500 2352500  1 20 18   5.7  968 234  3.9 7  4.1  67    0    0 292 -323  1
3912500 2352500  1 20 19   5.1  968 233  3.6 7  4.0  69    0    0 290 -323  1
3912500 2352500  1 20 20   5.0  968 236  4.0 8  4.0  71    0    0 295 -323  1
3912500 2352500  1 20 21   5.2  967 238  3.7 7  4.0  70    0    0 296 -323  1
3912500 2352500  1 20 22   5.0  967 243  3.3 8  4.0  70    0    0 297 -322  1
3912500 2352500  1 20 23   4.9  967 232  2.8 8  4.0  70    0    0 304 -322  1
3912500 2352500  1 20 24   6.0  966 232  3.9 8  4.1  70    0    0 306 -322  1
3912500 2352500  1 21  1   5.9  966 230  3.9 8  4.2  70    0    0 310 -322  1
3912500 2352500  1 21  2   5.7  966 236  4.4 7  4.2  70    0    0 305 -322  1
3912500 2352500  1 21  3   5.0  966 247  4.6 7  4.2  72    0    0 299 -323  1
3912500 2352500  1 21  4   5.3  966 243  4.1 7  4.2  73    0    0 300 -323  1
3912500 2352500  1 21  5   3.9  966 222  3.2 8  4.4  79    0    0 307 -323  1
3912500 2352500  1 21  6   4.9  966 192  2.7 8  4.5  83    0    0 316 -324  1
3912500 2352500  1 21  7   4.8  966 161  2.5 8  4.5  80    0    0 319 -324  1
3912500 2352500  1 21  8   5.3  967 182  1.8 8  4.5  79    0    0 320 -324  1
3912500 2352500  1 21  9   4.6  967 170  1.1 8  4.5  79    0   18 320 -324  1
3912500 2352500  1 21 10   5.5  967 156  1.2 8  4.5  79    9   73 321 -324  1
3912500 2352500  1 21 11   6.1  967 195  1.5 7  4.5  75   10  110 317 -325  1
3912500 2352500  1 21 12   6.4  968 227  3.4 7  4.6  75    4  126 311 -326  1
3912500 2352500  1 21 13   7.3  967 229  1.6 6  4.7  73   42  178 306 -327  1
3912500 2352500  1 21 14   9.1  967 212  0.9 3  4.8  68  157  158 282 -327  1
3912500 2352500  1 21 15   7.8  965 112  2.1 2  4.9  68  152  120 255 -327  1
3912500 2352500  1 21 16   8.6  965  19  1.3 2  4.8  68   77   83 248 -327  1
3912500 2352500  1 21 17   6.4  964 359  1.3 3  4.8  71   17   29 255 -325  1
3912500 2352500  1 21 18   4.6  964  25  1.5 3  4.6  78    0    0 256 -322  1
3912500 2352500  1 21 19   3.8  962 360  1.3 1  4.5  84    0    0 242 -321  1
3912500 2352500  1 21 20   2.7  962 339  1.6 1  4.5  88    0    0 230 -319  1
3912500 2352500  1 21 21   1.9  961 315  1.5 0  4.3  91    0    0 223 -317  1
3912500 2352500  1 21 22   0.7  961 317  1.2 1  4.1  94    0    0 220 -316  1
3912500 2352500  1 21 23   0.7  960 296  1.7 2  4.0  95    0    0 228 -317  1
3912500 2352500  1 21 24  -0.4  960 291  1.5 3  3.9  96    0    0 234 -317  1
3912500 2352500  1 22  1   0.2  959 296  1.0 1  3.9  97    0    0 226 -316  1
3912500 2352500  1 22  2  -0.6  959 288  0.9 1  3.8  95    0    0 215 -315  1
3912500 2352500  1 22  3  -1.8  957 270  0.9 2  3.6  97    0    0 214 -315  1
3912500 2352500  1 22  4  -1.7  957 274  1.6 3  3.5  99    0    0 224 -314  1
3912500 2352500  1 22  5  -0.9  957 272  1.2 8  3.6  98    0    0 257 -314  1
3912500 2352500  1 22  6  -0.7  958 275  1.3 6  3.5  93    0    0 274 -313  1
3912500 2352500  1 22  7  -0.4  958 252  2.0 6  3.4  88    0    0 260 -311  1
3912500 2352500  1 22  8   0.2  958 242  1.3 4  3.3  83    0    0 247 -310  1
3912500 2352500  1 22  9  -0.5  959 243  1.4 4  3.4  86    0   16 236 -308  1
3912500 2352500  1 22 10   1.1  960 213  1.9 8  3.7  89   22   75 267 -310  1
3912500 2352500  1 22 11   1.9  960 213  2.3 5  3.9  87   58  120 278 -315  1
3912500 2352500  1 22 12   2.7  960 201  2.1 4  4.0  86  153  133 258 -320  1
3912500 2352500  1 22 13   4.1  960 196  2.0 3  4.2  82  311   75 249 -323  1
3912500 2352500  1 22 14   5.6  960 228  2.8 4  4.4  79   59  154 253 -328  1
3912500 2352500  1 22 15   5.6  960 235  3.5 7  4.7  78    0   44 280 -332  1
3912500 2352500  1 22 16   6.9  960 238  4.0 7  4.7  76    0   36 304 -332  1
3912500 2352500  1 22 17   7.0  960 253  3.7 7  4.9  74    8   24 307 -331  1
3912500 2352500  1 22 18   6.7  961 237  3.2 8  4.9  76    0    0 313 -329  1
3912500 2352500  1 22 19   6.7  962 245  3.4 7  4.9  76    0    0 310 -327  1
3912500 2352500  1 22 20   5.4  962 237  2.8 6  4.9  79    0    0 292 -326  1
3912500 2352500  1 22 21   4.6  963 237  2.3 5  4.8  84    0    0 275 -323  1
3912500 2352500  1 22 22   4.7  962 229  2.0 4  4.7  85    0    0 261 -322  1
3912500 2352500  1 22 23   4.1  962 229  1.7 4  4.7  86    0    0 254 -322  1
3912500 2352500  1 22 24   3.1  962 215  1.5 5  4.6  89    0    0 258 -321  1
3912500 2352500  1 23  1   2.9  962 245  1.9 3  4.5  90    0    0 250 -320  1
3912500 2352500  1 23  2   1.9  962 258  1.6 3  4.3  90    0    0 234 -321  1
3912500 2352500  1 23  3   1.6  961 132  1.5 2  4.1  91    0    0 224 -321  1
3912500 2352500  1 23  4   0.9  960  49  1.4 3  4.1  93    0    0 221 -321  1
3912500 2352500  1 23  5   0.4  960 113  1.8 3  4.0  95    0    0 226 -321  1
3912500 2352500  1 23  6   0.0  959  84  1.6 5  3.9  96    0    0 239 -321  1
3912500 2352500  1 23  7  -0.2  959  71  1.6 7  3.8  96    0    0 263 -322  1
3912500 2352500  1 23  8  -0.4  958 100  1.4 5  3.8  98    0    0 263 -322  1
3912500 2352500  1 23  9  -0.1  958 110  1.2 5  3.9  98    0   15 250 -322  1
3912500 2352500  1 23 10   0.8  957  13  1.2 6  4.0  97   12   90 260 -322  1
3912500 2352500  1 23 11   2.0  956 332  1.5 7  4.2  94   10  127 277 -324  1
3912500 2352500  1 23 12   2.0  956 317  1.3 7  4.3  93   10  159 287 -328  1
3912500 2352500  1 23 13   3.6  955 312  1.3 5  4.5  90   64  227 279 -333  1
3912500 2352500  1 23 14   3.3  955 171  0.8 7  4.5  88   21  176 284 -339  1
3912500 2352500  1 23 15   4.0  954 256  1.7 7  4.6  88   10  128 298 -344  1
3912500 2352500  1 23 16   3.8  954 223  2.0 6  4.6  87    9   86 296 -342  1
3912500 2352500  1 23 17   3.3  953 232  2.1 7  4.6  89    2   25 296 -337  1
3912500 2352500  1 23 18   3.1  953 273  1.9 7  4.6  90    0    0 302 -329  1
3912500 2352500  1 23 19   3.4  952 290  1.5 7  4.5  88    0    0 301 -324  1
3912500 2352500  1 23 20   3.6  952 225  1.9 8  4.6  88    0    0 309 -323  1
3912500 2352500  1 23 21   3.3  951 184  1.1 8  4.7  90    0    0 317 -324  1
3912500 2352500  1 23 22   3.6  951 252  0.8 8  4.8  92    0    0 319 -325  1
3912500 2352500  1 23 23   4.0  951 134  1.7 8  4.9  92    0    0 321 -325  1
3912500 2352500  1 23 24   4.7  951 144  1.8 8  5.0  91    0    0 323 -324  1
3912500 2352500  1 24  1   3.6  951 107  1.5 8  5.1  94    0    0 321 -325  1
3912500 2352500  1 24  2   3.8  951  70  1.2 8  5.1  97    0    0 319 -325  1
3912500 2352500  1 24  3   3.6  951  20  1.2 7  5.1  97    0    0 311 -325  1
3912500 2352500  1 24  4   3.9  950 174  2.7 7  5.1  97    0    0 302 -325  1
3912500 2352500  1 24  5   4.0  950 194  2.7 7  5.2  98    0    0 299 -325  1
3912500 2352500  1 24  6   5.0  949 200  3.5 8  5.4  97    0    0 311 -325  1
3912500 2352500  1 24  7   5.5  949 213  3.0 8  5.6  95    0    0 325 -325  1
3912500 2352500  1 24  8   5.5  949 187  3.1 8  5.5  92    0    0 327 -325  1
3912500 2352500  1 24  9   4.8  950 212  2.4 8  5.4  93    3   21 326 -326  1
3912500 2352500  1 24 10   5.1  950 208  2.6 8  5.5  95    0   54 325 -329  1
3912500 2352500  1 24 11   5.6  950 237  5.4 7  5.5  93   12  112 317 -334  1
3912500 2352500  1 24 12   6.2  951 237  5.2 7  5.6  91   10  138 309 -341  1
3912500 2352500  1 24 13   6.9  952 240  6.5 6  5.6  87   25  161 302 -347  1
3912500 2352500  1 24 14   7.8  952 235  5.6 5  5.6  82   45  155 287 -347  1
3912500 2352500  1 24 15   8.1  951 238  5.6 6  5.5  78   18  116 289 -346  1
3912500 2352500  1 24 16   7.7  952 239  5.7 6  5.5  78   12   74 301 -344  1
3912500 2352500  1 24 17   7.8  953 237  4.7 7  5.5  78    0   19 311 -342  1
3912500 2352500  1 24 18   7.2  954 233  5.2 7  5.4  79    0    0 318 -339  1
3912500 2352500  1 24 19   7.0  954 227  5.7 8  5.4  81    0    0 323 -337  1
3912500 2352500  1 24 20   6.9  955 217  5.1 8  5.3  81    0    0 332 -337  1
3912500 2352500  1 24 21   6.2  956 215  4.8 6  5.2  82    0    0 315 -337  1
3912500 2352500  1 24 22   6.3  957 217  4.7 6  5.2  82    0    0 303 -336  1
3912500 2352500  1 24 23   6.2  958 209  5.6 6  5.2  82    0    0 304 -336  1
3912500 2352500  1 24 24   6.6  959 216  5.6 6  5.1  81    0    0 306 -335  1
3912500 2352500  1 25  1   6.3  960 206  4.2 8  5.1  81    0    0 318 -335  1
3912500 2352500  1 25  2   5.8  961 210  3.8 8  5.2  85    0    0 328 -336  1
3912500 2352500  1 25  3   6.0  961 222  3.5 7  5.2  86    0    0 321 -337  1
3912500 2352500  1 25  4   6.1  962 233  4.2 8  5.2  84    0    0 318 -337  1
3912500 2352500  1 25  5   6.2  963 245  3.9 8  5.2  84    0    0 322 -337  1
3912500 2352500  1 25  6   5.8  963 251  3.9 8  5.2  85    0    0 322 -335  1
3912500 2352500  1 25  7   5.8  964 266  4.2 8  5.2  86    0    0 320 -332  1
3912500 2352500  1 25  8   5.7  966 267  3.9 7  5.1  85    0    0 314 -332  1
3912500 2352500  1 25  9   5.7  966 325  3.1 6  5.1  85    6   28 301 -331  1
3912500 2352500  1 25 10   5.8  967 211  2.6 7  5.2  86   11   86 298 -332  1
3912500 2352500  1 25 11   6.5  968  79  3.1 3  5.1  83   84  174 283 -335  1
3912500 2352500  1 25 12   7.0  969 221  3.7 5  5.0  78   44  195 273 -340  1
3912500 2352500  1 25 13   7.2  969 173  3.6 5  4.9  75   64  219 283 -344  1
3912500 2352500  1 25 14   7.5  969 176  3.3 6  4.8  71   40  192 289 -347  1
3912500 2352500  1 25 15   7.9  968 158  3.9 7  4.6  67   18  138 300 -347  1
3912500 2352500  1 25 16   7.7  968 185  3.5 6  4.5  66   31  108 301 -346  1
3912500 2352500  1 25 17   7.3  968 221  2.7 7  4.5  67   11   36 300 -344  1
3912500 2352500  1 25 18   6.4  967 231  2.7 6  4.6  71    0    0 298 -341  1
3912500 2352500  1 25 19   4.9  967 244  2.9 7  4.5  75    0    0 296 -338  1
3912500 2352500  1 25 20   4.5  967 224  2.4 6  4.4  79    0    0 293 -336  1
3912500 2352500  1 25 21   3.9  967 214  2.0 5  4.4  82    0    0 283 -333  1
3912500 2352500  1 25 22   4.1  966 197  1.7 4  4.3  82    0    0 272 -331  1
3912500 2352500  1 25 23   4.1  966 194  2.0 4  4.3  80    0    0 269 -331  1
3912500 2352500  1 25 24   3.8  965 212  2.5 7  4.3  81    0    0 283 -331  1
3912500 2352500  1 26  1   4.0  965 228  3.2 8  4.3  81    0    0 306 -330  1
3912500 2352500  1 26  2   4.4  965 222  4.6 8  4.3  79    0    0 314 -329  1
3912500 2352500  1 26  3   5.5  965 227  6.0 8  4.3  77    0    0 320 -329  1
3912500 2352500  1 26  4   6.1  966 226  5.1 8  4.4  74    0    0 324 -329  1
3912500 2352500  1 26  5   5.2  966 219  4.9 8  4.7  78    0    0 324 -329  1
3912500 2352500  1 26  6   5.3  966 234  5.2 8  4.9  85    0    0 324 -330  1
3912500 2352500  1 26  7   5.6  966 233  5.6 8  5.1  86    0    0 325 -331  1
3912500 2352500  1 26  8   5.2  966 248  6.9 8  5.1  88    0    0 325 -332  1
3912500 2352500  1 26  9   5.5  966 244  5.7 8  5.2  89    6   24 324 -333  1
3912500 2352500  1 26 10   7.0  968 226  5.8 5  5.3  85   56   84 309 -335  1
3912500 2352500  1 26 11   8.3  968 202  5.1 4  5.4  79  156  123 288 -336  1
3912500 2352500  1 26 12  10.3  968 220  5.9 3  5.4  71  223  142 281 -338  1
3912500 2352500  1 26 13  11.5  967 215  4.6 4  5.3  62  225  156 290 -341  1
3912500 2352500  1 26 14  11.3  968 205  2.3 7  5.1  58   82  175 311 -346  1
3912500 2352500  1 26 15  11.9  967 224  3.2 4  5.0  56  116  140 311 -350  1
3912500 2352500  1 26 16  11.7  966 250  7.3 4  4.9  55   91   88 298 -351  1
3912500 2352500  1 26 17  10.7  966 254  5.6 7  4.8  56   18   31 308 -349  1
3912500 2352500  1 26 18  10.0  965 246  5.8 6  4.6  57    0    0 313 -345  1
3912500 2352500  1 26 19  10.3  964 254  6.9 6  4.3  53    0    0 306 -341  1
3912500 2352500  1 26 20   9.9  964 248  5.1 6  4.1  50    0    0 307 -338  1
3912500 2352500  1 26 21   9.7  964 246  4.8 6  3.9  49    0    0 310 -336  1
3912500 2352500  1 26 22   9.5  963 241  4.6 6  3.8  49    0    0 306 -335  1
3912500 2352500  1 26 23   8.3  963 244  5.0 7  3.9  55    0    0 302 -334  1
3912500 2352500  1 26 24   6.6  962 250  5.5 7  4.0  63    0    0 307 -334  1
3912500 2352500  1 27  1   4.6  951 261  5.6 8  4.0  73    0    0 283 -321  1
3912500 2352500  1 27  2   2.8  953 269  5.4 7  4.0  80    0    0 295 -320  1
3912500 2352500  1 27  3   1.4  955 275  4.8 6  3.9  86    0    0 292 -320  1
3912500 2352500  1 27  4   1.1  956 272  4.3 5  3.8  86    0    0 267 -319  1
3912500 2352500  1 27  5   1.1  957 271  4.2 5  3.8  85    0    0 235 -318  1
3912500 2352500  1 27  6   0.8  958 272  3.7 5  3.6  84    0    0 241 -316  1
3912500 2352500  1 27  7   0.3  959 273  4.1 4  3.5  84    0    0 245 -315  1
3912500 2352500  1 27  8   0.2  960 274  2.8 5  3.4  84    0    0 242 -315  1
3912500 2352500  1 27  9   0.4  961 272  3.1 4  3.5  85   18   21 240 -315  1
3912500 2352500  1 27 10   0.0  962 287  4.0 1  3.5  87   83   59 219 -315  1
3912500 2352500  1 27 11   1.3  963 271  4.0 5  3.4  81   57  115 224 -316  1
3912500 2352500  1 27 12   1.3  964 275  6.1 4  3.2  73  168  116 240 -319  1
3912500 2352500  1 27 13   2.1  964 266  6.4 3  3.1  69  206  113 232 -322  1
3912500 2352500  1 27 14   2.3  964 253  6.1 3  3.1  65  183  109 230 -326  1
3912500 2352500  1 27 15   2.0  964 257  6.3 0  3.0  65  255   52 217 -327  1
3912500 2352500  1 27 16   2.2  964 254  5.2 2  3.1  66  152   35 214 -324  1
3912500 2352500  1 27 17   1.9  964 256  3.5 3  3.0  66   52   18 229 -322  1
3912500 2352500  1 27 18   1.0  964 234  1.7 3  3.0  67    0    0 233 -321  1
3912500 2352500  1 27 19   0.6  964 234  2.3 4  2.9  68    0    0 238 -320  1
3912500 2352500  1 27 20   0.6  963 181  2.1 7  2.9  70    0    0 260 -320  1
3912500 2352500  1 27 21   0.4  963 181  2.5 8  2.9  71    0    0 284 -320  1
3912500 2352500  1 27 22   0.4  962 209  2.9 4  2.8  69    0    0 269 -320  1
3912500 2352500  1 27 23   0.5  961 188  2.3 4  2.8  68    0    0 250 -320  1
3912500 2352500  1 27 24   0.5  959 190  3.2 7  2.8  67    0    0 266 -320  1
3912500 2352500  1 28  1   1.3  958 211  4.2 8  2.5  60    0    0 287 -321  1
3912500 2352500  1 28  2   2.4  956 205  5.6 8  2.5  55    0    0 294 -322  1
3912500 2352500  1 28  3   2.2  955 205  5.4 5  3.0  63    0    0 282 -322  1
3912500 2352500  1 28  4   2.1  954 218  5.1 5  3.4  73    0    0 266 -322  1
3912500 2352500  1 28  5   1.9  953 225  4.7 8  3.6  76    0    0 283 -322  1
3912500 2352500  1 28  6   2.9  953 230  4.5 8  3.8  80    0    0 306 -322  1
3912500 2352500  1 28  7   3.5  952 228  4.1 8  4.2  83    0    0 311 -322  1
3912500 2352500  1 28  8   3.9  951 230  5.9 8  4.5  85    0    0 315 -322  1
3912500 2352500  1 28  9   4.1  951 233  6.2 8  4.7  87    4   27 318 -323  1
3912500 2352500  1 28 10   4.7  952 246  5.6 4  4.8  86    1   66 289 -323  1
3912500 2352500  1 28 11   5.5  952 238  6.7 7  5.0  86    0   58 286 -326  1
3912500 2352500  1 28 12   7.0  952 239  6.8 5  5.3  83   63  211 297 -330  1
3912500 2352500  1 28 13   8.0  952 241  5.4 5  5.2  76   50  215 284 -331  1
3912500 2352500  1 28 14   8.4  952 252  7.8 6  5.2  72    6  144 292 -333  1
3912500 2352500  1 28 15   9.5  951 249  4.8 3  5.1  67   41  166 279 -337  1
3912500 2352500  1 28 16   9.1  951 227  8.5 4  4.9  63   30  109 264 -338  1
3912500 2352500  1 28 17   8.9  951 227  7.1 3  4.7  62   18   44 264 -338  1
3912500 2352500  1 28 18   8.0  951 234  4.8 5  4.6  63    0    1 271 -338  1
3912500 2352500  1 28 19   8.1  952 229  6.7 7  4.6  64    0    0 298 -338  1
3912500 2352500  1 28 20   7.7  952 237  6.2 8  4.6  66    0    0 315 -338  1
3912500 2352500  1 28 21   6.8  953 245  6.0 8  4.8  71    0    0 319 -338  1
3912500 2352500  1 28 22   6.6  953 232  7.0 8  4.7  73    0    0 318 -338  1
3912500 2352500  1 28 23   6.2  953 221  6.0 8  4.6  73    0    0 318 -339  1
3912500 2352500  1 28 24   6.0  953 228  5.4 6  4.8  77    0    0 309 -339  1
3912500 2352500  1 29  1   5.9  954 213  6.7 8  5.0  82    0    0 310 -339  1
3912500 2352500  1 29  2   5.5  953 235  7.3 8  4.9  82    0    0 320 -339  1
3912500 2352500  1 29  3   5.3  953 239  8.4 8  4.8  81    0    0 319 -339  1
3912500 2352500  1 29  4   6.2  953 232  8.3 8  4.7  77    0    0 320 -339  1
3912500 2352500  1 29  5   5.4  952 235  6.8 8  4.7  78    0    0 320 -339  1
3912500 2352500  1 29  6   6.1  952 243  6.3 8  4.8  79    0    0 320 -339  1
3912500 2352500  1 29  7   4.8  952 231  6.0 8  4.9  83    0    0 319 -339  1
3912500 2352500  1 29  8   4.9  953 242  5.1 8  5.1  89    0    0 318 -339  1
3912500 2352500  1 29  9   5.2  954 236  5.7 7  5.1  88    0   16 314 -339  1
3912500 2352500  1 29 10   5.5  954 236  5.7 8  5.1  87   14   55 315 -341  1
3912500 2352500  1 29 11   5.0  955 235  7.3 8  5.1  86    0   73 320 -344  1
3912500 2352500  1 29 12   5.3  955 223  6.3 7  5.1  88    0   63 313 -347  1
3912500 2352500  1 29 13   6.3  955 234  8.3 8  5.2  85    0   55 314 -350  1
3912500 2352500  1 29 14   7.4  954 235  8.0 6  5.1  78    0   83 310 -351  1
3912500 2352500  1 29 15   8.5  954 233  6.7 7  5.0  71   17   89 306 -352  1
3912500 2352500  1 29 16   8.6  954 246  7.2 8  4.8  65    8   58 321 -351  1
3912500 2352500  1 29 17   8.4  954 245  6.6 7  4.6  62    0   15 320 -349  1
3912500 2352500  1 29 18   7.8  954 235  7.8 7  4.5  63    0    1 312 -347  1
3912500 2352500  1 29 19   7.8  953 241  6.7 7  4.4  64    0    0 312 -346  1
3912500 2352500  1 29 20   7.1  953 244  5.5 7  4.4  64    0    0 311 -345  1
3912500 2352500  1 29 21   6.7  952 238  5.2 6  4.3  65    0    0 304 -344  1
3912500 2352500  1 29 22   7.1  952 251  3.8 8  4.2  65    0    0 311 -343  1
3912500 2352500  1 29 23   6.6  951 242  3.8 8  4.2  65    0    0 324 -343  1
3912500 2352500  1 29 24   6.1  950 218  3.0 6  4.2  66    0    0 310 -343  1
3912500 2352500  1 30  1   7.0  950 217  3.8 8  4.2  65    0    0 310 -342  1
3912500 2352500  1 30  2   6.8  949 214  6.4 8  4.4  67    0    0 326 -342  1
3912500 2352500  1 30  3   5.5  949 203  4.4 8  4.9  78    0    0 324 -343  1
3912500 2352500  1 30  4   4.9  948 207  6.5 8  5.2  88    0    0 321 -343  1
3912500 2352500  1 30  5   4.9  947 205  3.9 8  5.2  91    0    0 320 -343  1
3912500 2352500  1 30  6   4.9  947 201  3.7 8  5.3  92    0    0 319 -344  1
3912500 2352500  1 30  7   5.0  947 200  4.0 8  5.3  92    0    0 318 -344  1
3912500 2352500  1 30  8   5.2  948 277  5.2 7  5.3  91    0    0 311 -345  1
3912500 2352500  1 30  9   5.7  948 230  5.0 7  5.4  90    0   20 305 -343  1
3912500 2352500  1 30 10   6.3  949 244  4.5 7  5.5  88    5   67 305 -340  1
3912500 2352500  1 30 11   6.7  950 262  4.4 6  5.6  87   16  116 301 -340  1
3912500 2352500  1 30 12   7.2  950 243  5.9 5  5.7  85   53  166 290 -343  1
3912500 2352500  1 30 13   7.6  951 256  4.6 6  5.7  84   28  165 290 -346  1
3912500 2352500  1 30 14   7.6  952 274  4.6 3  5.7  82   72  165 278 -346  1
3912500 2352500  1 30 15   7.8  952 297  3.2 3  5.5  79   57  134 262 -345  1
3912500 2352500  1 30 16   7.4  953 292  3.5 5  5.4  79    6   71 272 -342  1
3912500 2352500  1 30 17   7.4  954  27  3.7 7  5.4  80    0   12 289 -336  1
3912500 2352500  1 30 18   6.5  955  25  3.3 7  5.5  83    0    0 297 -328  1
3912500 2352500  1 30 19   5.3  956   7  3.0 7  5.4  87    0    0 293 -323  1
3912500 2352500  1 30 20   3.5  959   2  3.7 7  4.8  86    0    0 286 -322  1
3912500 2352500  1 30 21   3.1  960 351  3.0 7  4.2  83    0    0 281 -319  1
3912500 2352500  1 30 22   2.3  962 358  3.4 4  3.9  81    0    0 264 -316  1
3912500 2352500  1 30 23   1.3  964  11  2.3 4  3.6  78    0    0 245 -314  1
3912500 2352500  1 30 24   0.1  965 139  1.3 3  3.2  77    0    0 237 -314  1
3912500 2352500  1 31  1  -0.5  967 151  1.7 0  3.0  76    0    0 217 -314  1
3912500 2352500  1 31  2  -1.1  968  98  1.0 0  2.8  75    0    0 201 -313  1
3912500 2352500  1 31  3  -1.5  970 125  0.7 0  2.8  77    0    0 199 -312  1
3912500 2352500  1 31  4  -1.7  971 313  0.6 0  2.8  78    0    0 198 -311  1
3912500 2352500  1 31  5  -2.5  971  38  0.7 0  2.8  81    0    0 196 -309  1
3912500 2352500  1 31  6  -2.7  972  16  1.2 1  2.8  85    0    0 197 -307  1
3912500 2352500  1 31  7  -3.4  972  68  0.8 1  2.8  87    0    0 199 -305  1
3912500 2352500  1 31  8  -3.7  972 151  1.3 2  2.7  90    0    0 202 -304  1
3912500 2352500  1 31  9  -3.3  973 190  1.4 2  2.8  91   32   22 206 -303  1
3912500 2352500  1 31 10  -1.2  973 155  1.7 0  2.9  87  153   40 201 -305  1
3912500 2352500  1 31 11   0.0  974 133  1.7 0  3.0  80  267   54 196 -312  1
3912500 2352500  1 31 12   0.6  973 106  1.8 0  3.1  77  335   68 199 -318  1
3912500 2352500  1 31 13   2.2  973 106  1.8 0  3.3  75  361   74 202 -323  1
3912500 2352500  1 31 14   3.1  972 113  1.4 0  3.4  71  347   71 206 -329  1
3912500 2352500  1 31 15   3.6  972 123  1.6 0  3.4  68  295   60 209 -330  1
3912500 2352500  1 31 16   3.6  971 109  0.9 0  3.4  66  197   40 214 -327  1
3912500 2352500  1 31 17   3.0  971 149  0.9 1  3.4  67   60   21 222 -323  1
3912500 2352500  1 31 18   1.8  970 245  0.1 1  3.4  72    0    1 226 -321  1
3912500 2352500  1 31 19   0.4  970 217  0.3 2  3.4  80    0    0 228 -321  1
3912500 2352500  1 31 20  -0.4  970 245  0.7 2  3.4  87    0    0 229 -321  1
3912500 2352500  1 31 21  -0.4  970 235  1.3 2  3.4  89    0    0 229 -319  1
3912500 2352500  1 31 22  -0.4  970 227  0.4 2  3.5  90    0    0 230 -318  1
3912500 2352500  1 31 23  -1.1  969 227  0.1 2  3.4  92    0    0 230 -317  1
3912500 2352500  1 31 24  -1.0  970 220  0.3 4  3.4  92    0    0 237 -316  1
3912500 2352500  2  1  1  -1.3  969 194  1.2 0  3.4  94    0    0 221 -315  1
3912500 2352500  2  1  2  -0.9  969 218  0.1 0  3.4  93    0    0 220 -315  1
3912500 2352500  2  1  3  -1.3  969 230  0.7 1  3.3  92    0    0 224 -314  1
3912500 2352500  2  1  4  -1.9  969 236  0.6 2  3.3  93    0    0 230 -312  1
3912500 2352500  2  1  5  -1.7  969 242  1.9 2  3.3  94    0    0 233 -311  1
3912500 2352500  2  1  6  -2.5  969 231  2.2 2  3.3  97    0    0 233 -311  1
3912500 2352500  2  1  7  -1.4  968 240  0.9 5  3.3  96    0    0 243 -312  1
3912500 2352500  2  1  8  -0.4  968 222  0.8 8  3.4  90    0    0 271 -312  1
3912500 2352500  2  1  9   0.0  968 178  0.4 8  3.4  88    2   35 287 -313  1
3912500 2352500  2  1 10   2.0  968 117  1.4 5  3.6  86   27  104 277 -315  1
3912500 2352500  2  1 11   3.2  969 112  2.2 5  4.0  84   84  156 265 -319  1
3912500 2352500  2  1 12   5.5  968 106  2.5 4  4.1  77  187  169 261 -323  1
3912500 2352500  2  1 13   7.1  968 104  1.9 3  3.9  63  281  142 247 -330  1
3912500 2352500  2  1 14   8.7  968 150  2.8 3  3.7  54  280  130 240 -336  1
3912500 2352500  2  1 15   9.3  967 192  2.8 2  3.6  49  219  116 230 -336  1
3912500 2352500  2  1 16   8.7  967 195  1.4 2  3.6  49  137   89 219 -338  1
3912500 2352500  2  1 17   7.6  966 169  0.9 4  3.6  52   25   51 232 -335  1
3912500 2352500  2  1 18   6.2  966 197  0.9 4  3.6  55    0    2 245 -327  1
3912500 2352500  2  1 19   4.5  965 199  2.4 4  3.5  60    0    0 243 -322  1
3912500 2352500  2  1 20   2.8  965 210  1.7 4  3.5  67    0    0 240 -321  1
3912500 2352500  2  1 21   2.2  965 247  1.7 4  3.5  73    0    0 236 -320  1
3912500 2352500  2  1 22   1.2  965 272  1.3 1  3.5  78    0    0 212 -317  1
3912500 2352500  2  1 23   0.6  964 253  1.5 1  3.5  83    0    0 185 -316  1
3912500 2352500  2  1 24   0.3  963 254  1.8 3  3.5  86    0    0 197 -317  1
3912500 2352500  2  2  1   0.4  963 238  1.1 5  3.5  87    0    0 226 -319  1
3912500 2352500  2  2  2  -0.3  963 229  0.4 6  3.6  89    0    0 252 -319  1
3912500 2352500  2  2  3  -0.3  962 101  0.6 6  3.6  91    0    0 261 -320  1
3912500 2352500  2  2  4   0.4  962 208  0.2 7  3.6  90    0    0 271 -320  1
3912500 2352500  2  2  5   0.9  963 236  0.2 8  3.7  89    0    0 288 -320  1
3912500 2352500  2  2  6   1.3  964 237  1.0 8  3.7  86    0    0 296 -321  1
3912500 2352500  2  2  7   1.1  964 207  2.0 6  3.7  86    0    0 285 -322  1
3912500 2352500  2  2  8  -0.2  963 239  1.9 6  3.7  91    0    0 272 -322  1
3912500 2352500  2  2  9   1.1  964 251  1.1 6  3.8  93    0   24 275 -324  1
3912500 2352500  2  2 10   1.9  965 255  1.4 6  4.0  91    9   80 279 -327  1
3912500 2352500  2  2 11   2.7  966 263  1.9 6  4.2  90   54  125 282 -328  1
3912500 2352500  2  2 12   4.0  967 268  1.3 7  4.4  87    0   93 292 -330  1
3912500 2352500  2  2 13   4.7  968 268  1.3 6  4.4  82    0   76 295 -338  1
3912500 2352500  2  2 14   5.2  969 301  2.1 7  4.4  77    0   46 296 -346  1
3912500 2352500  2  2 15   5.6  969 331  1.6 7  4.4  76    0   33 299 -348  1
3912500 2352500  2  2 16   5.4  970 357  1.5 7  4.7  80    0   27 298 -345  1
3912500 2352500  2  2 17   5.0  971 335  1.2 8  4.8  84    0   15 301 -338  1
3912500 2352500  2  2 18   4.9  973  31  1.3 8  4.9  87    0    1 303 -329  1
3912500 2352500  2  2 19   4.3  974  49  1.6 6  5.0  91    0    0 292 -323  1
3912500 2352500  2  2 20   4.3  975  54  1.8 7  5.2  96    0    0 286 -322  1
3912500 2352500  2  2 21   4.5  976   8  1.7 7  5.2  96    0    0 290 -321  1
3912500 2352500  2  2 22   4.2  976  26  0.9 7  5.1  94    0    0 286 -320  1
3912500 2352500  2  2 23   4.3  977  29  0.8 7  5.0  93    0    0 281 -319  1
3912500 2352500  2  2 24   4.0  977 349  0.5 6  4.9  92    0    0 270 -318  1
3912500 2352500  2  3  1   4.0  977  19  1.4 7  4.8  91    0    0 267 -316  1
3912500 2352500  2  3  2   3.7  976  26  1.6 7  4.5  87    0    0 267 -315  1
3912500 2352500  2  3  3   3.0  976  24  2.7 8  4.3  86    0    0 269 -315  1
3912500 2352500  2  3  4   2.8  976  30  2.8 8  4.3  88    0    0 271 -314  1
3912500 2352500  2  3  5   3.2  976  16  2.4 8  4.2  86    0    0 272 -313  1
3912500 2352500  2  3  6   3.1  976  15  2.1 8  4.2  86    0    0 273 -312  1
3912500 2352500  2  3  7   3.2  976  28  2.5 7  4.3  87    0    0 266 -311  1
3912500 2352500  2  3  8   3.1  977  33  2.2 7  4.3  87    0    0 261 -311  1
3912500 2352500  2  3  9   3.1  977  26  1.5 7  4.3  87    0   24 261 -311  1
3912500 2352500  2  3 10   3.3  977  24  1.0 8  4.3  87    0   41 264 -314  1
3912500 2352500  2  3 11   3.6  977  31  1.3 8  4.3  86    0   64 266 -318  1
3912500 2352500  2  3 12   4.0  977  51  1.1 8  4.3  84    0  106 266 -323  1
3912500 2352500  2  3 13   4.4  977  97  1.6 8  4.3  82    1  144 268 -331  1
3912500 2352500  2  3 14   5.1  976 140  1.2 7  4.4  79    5  163 267 -336  1
3912500 2352500  2  3 15   5.0  976 261  0.3 7  4.3  76   10  154 268 -338  1
3912500 2352500  2  3 16   5.4  976 237  0.6 8  4.3  76    1   81 273 -340  1
3912500 2352500  2  3 17   5.2  976 211  1.1 7  4.4  77    3   46 277 -337  1
3912500 2352500  2  3 18   4.3  976 196  1.1 7  4.4  80    0    5 275 -328  1
3912500 2352500  2  3 19   4.4  976 228  1.1 8  4.4  81    0    0 279 -323  1
3912500 2352500  2  3 20   3.0  976 258  1.1 8  4.3  85    0    0 284 -322  1
3912500 2352500  2  3 21   2.5  976 262  1.2 8  4.3  89    0    0 285 -322  1
3912500 2352500  2  3 22   2.4  975 268  1.2 6  4.3  90    0    0 277 -322  1
3912500 2352500  2  3 23   3.0  975 229  0.2 6  4.3  90    0    0 268 -322  1
3912500 2352500  2  3 24   2.9  975 211  0.7 6  4.3  88    0    0 270 -322  1
3912500 2352500  2  4  1   3.1  975 223  1.4 8  4.3  89    0    0 282 -322  1
3912500 2352500  2  4  2   2.5  975 221  1.3 8  4.4  91    0    0 293 -322  1
3912500 2352500  2  4  3   2.4  974 228  1.6 8  4.4  93    0    0 293 -322  1
3912500 2352500  2  4  4   1.9  974 217  1.5 8  4.3  94    0    0 295 -322  1
3912500 2352500  2  4  5   2.0  974 238  1.4 8  4.3  94    0    0 297 -322  1
3912500 2352500  2  4  6   2.0  973 207  0.9 8  4.3  94    0    0 299 -322  1
3912500 2352500  2  4  7   1.9  973 171  0.9 8  4.3  95    0    0 302 -322  1
3912500 2352500  2  4  8   1.5  973 187  0.7 8  4.3  96    0    0 304 -322  1
3912500 2352500  2  4  9   2.3  973 213  0.9 8  4.3  96    0   15 308 -322  1
3912500 2352500  2  4 10   3.2  973 218  1.3 7  4.5  94    0   50 306 -323  1
3912500 2352500  2  4 11   3.6  974 218  1.7 8  4.7  92    0   83 310 -323  1
3912500 2352500  2  4 12   4.2  974 217  2.5 7  4.7  89    4  143 312 -324  1
3912500 2352500  2  4 13   5.5  973 256  3.2 7  4.6  83    0  123 306 -326  1
3912500 2352500  2  4 14   6.1  973 233  4.4 8  4.5  75    0   89 317 -328  1
3912500 2352500  2  4 15   6.4  972 208  2.7 7  4.4  72    0   97 319 -331  1
3912500 2352500  2  4 16   6.1  972 236  1.7 7  4.4  72    0   41 312 -331  1
3912500 2352500  2  4 17   6.2  972 208  1.9 7  4.4  73    1   37 314 -331  1
3912500 2352500  2  4 18   5.1  972 211  3.1 6  4.5  77    0    3 308 -331  1
3912500 2352500  2  4 19   4.7  972 215  3.1 7  4.7  83    0    0 309 -330  1
3912500 2352500  2  4 20   4.6  973 206  3.2 8  4.8  86    0    0 322 -331  1
3912500 2352500  2  4 21   4.7  973 221  2.8 8  4.8  88    0    0 329 -332  1
3912500 2352500  2  4 22   4.7  974 229  3.0 8  4.9  89    0    0 330 -332  1
3912500 2352500  2  4 23   4.8  974 222  3.2 8  5.1  91    0    0 329 -333  1
3912500 2352500  2  4 24   4.7  975 231  3.1 7  5.2  94    0    0 324 -334  1
3912500 2352500  2  5  1   5.0  974 229  3.4 5  5.3  95    0    0 305 -334  1
3912500 2352500  2  5  2   5.2  974 240  3.3 6  5.3  93    0    0 299 -334  1
3912500 2352500  2  5  3   5.4  974 243  2.8 7  5.4  94    0    0 311 -334  1
3912500 2352500  2  5  4   5.1  974 264  2.1 8  5.4  95    0    0 321 -334  1
3912500 2352500  2  5  5   5.3  974 240  2.0 8  5.4  94    0    0 326 -334  1
3912500 2352500  2  5  6   5.6  974 272  1.8 8  5.4  93    0    0 325 -334  1
3912500 2352500  2  5  7   5.7  975 232  2.8 7  5.5  92    0    0 319 -333  1
3912500 2352500  2  5  8   5.7  975 170  2.0 7  5.4  91    0    0 312 -331  1
3912500 2352500  2  5  9   5.7  975  62  2.2 7  5.4  91    0   24 313 -329  1
3912500 2352500  2  5 10   5.6  975 163  2.2 8  5.4  92    0   70 319 -333  1
3912500 2352500  2  5 11   5.9  975 205  1.5 8  5.5  92    0   89 325 -339  1
3912500 2352500  2  5 12   6.2  976 197  1.4 7  5.5  91    0  118 318 -345  1
3912500 2352500  2  5 13   6.9  976 198  2.3 6  5.5  88    0  116 304 -354  1
3912500 2352500  2  5 14   7.6  975 198  2.4 7  5.5  84    0   95 304 -363  1
3912500 2352500  2  5 15   7.8  974 205  2.5 7  5.5  81    0   76 311 -366  1
3912500 2352500  2  5 16   7.8  974 212  2.8 7  5.4  79    3   99 312 -363  1
3912500 2352500  2  5 17   7.5  973 244  2.2 7  5.3  78   18   67 313 -360  1
3912500 2352500  2  5 18   6.8  973 279  1.5 7  5.2  79    1   10 312 -354  1
3912500 2352500  2  5 19   5.4  973 297  1.5 2  5.1  84    0    0 281 -348  1
3912500 2352500  2  5 20   4.5  973 278  1.7 3  5.0  89    0    0 247 -342  1
3912500 2352500  2  5 21   3.7  973 272  1.6 3  4.9  92    0    0 243 -340  1
3912500 2352500  2  5 22   3.1  973 264  1.4 3  4.7  94    0    0 249 -339  1
3912500 2352500  2  5 23   2.8  973 225  1.3 4  4.6  93    0    0 256 -339  1
3912500 2352500  2  5 24   2.6  972 181  1.3 6  4.5  92    0    0 260 -341  1
3912500 2352500  2  6  1   2.4  942 122  1.5 6  4.3  90    0    0 287 -325  1
3912500 2352500  2  6  2   2.4  942  76  1.8 7  4.2  88    0    0 296 -326  1
3912500 2352500  2  6  3   2.4  942  89  1.9 7  4.2  87    0    0 288 -326  1
3912500 2352500  2  6  4   2.4  942 150  1.8 7  4.2  87    0    0 281 -325  1
3912500 2352500  2  6  5   2.1  942 177  1.6 7  4.2  88    0    0 281 -325  1
3912500 2352500  2  6  6   1.9  941 335  1.4 7  4.2  88    0    0 286 -324  1
3912500 2352500  2  6  7   1.3  941  18  0.9 5  4.2  91    0    0 268 -323  1
3912500 2352500  2  6  8   0.7  941  17  1.1 5  4.1  93    0    3 252 -322  1
3912500 2352500  2  6  9   1.5  940  53  1.3 6  4.1  93    4   44 261 -322  1
3912500 2352500  2  6 10   2.2  940 355  0.8 6  4.3  91   11  110 271 -325  1
3912500 2352500  2  6 11   3.5  940 331  0.6 7  4.4  88   39  181 281 -334  1
3912500 2352500  2  6 12   4.2  940 358  0.9 7  4.5  83   58  227 291 -344  1
3912500 2352500  2  6 13   4.8  940 359  1.0 7  4.5  80   21  209 293 -353  1
3912500 2352500  2  6 14   5.9  939 341  1.1 7  4.5  75   21  202 296 -358  1
3912500 2352500  2  6 15   6.8  938 344  1.3 6  4.4  69   49  193 293 -361  1
3912500 2352500  2  6 16   7.0  937 339  1.9 5  4.4  66   59  137 284 -360  1
3912500 2352500  2  6 17   5.7  937 346  0.9 8  4.4  68   20   58 294 -354  1
3912500 2352500  2  6 18   4.4  937   0  1.1 7  4.3  73    0    0 302 -347  1
3912500 2352500  2  6 19   3.0  937   5  0.6 6  4.1  77    0    0 285 -341  1
3912500 2352500  2  6 20   2.8  937  33  1.2 6  4.1  81    0    0 274 -337  1
3912500 2352500  2  6 21   1.9  936   5  1.4 8  4.1  84    0    0 286 -333  1
3912500 2352500  2  6 22   1.8  935 175  0.8 8  4.0  86    0    0 297 -331  1
3912500 2352500  2  6 23   1.5  935  99  1.5 8  4.1  88    0    0 296 -331  1
3912500 2352500  2  6 24   0.8  935  78  1.7 7  4.1  91    0    0 288 -331  1
3912500 2352500  2  7  1   1.0  935 151  1.4 7  4.0  92    0    0 279 -330  1
3912500 2352500  2  7  2   0.9  935 192  1.0 6  4.1  93    0    0 273 -329  1
3912500 2352500  2  7  3   0.9  934 214  0.8 8  4.1  93    0    0 281 -326  1
3912500 2352500  2  7  4   0.9  934 237  0.5 8  4.0  92    0    0 294 -324  1
3912500 2352500  2  7  5   1.4  934 234  1.3 8  4.0  90    0    0 293 -323  1
3912500 2352500  2  7  6   1.4  934 227  1.0 7  4.1  91    0    0 285 -322  1
3912500 2352500  2  7  7   1.1  933 227  1.5 8  4.3  95    0    0 286 -322  1
3912500 2352500  2  7  8   1.2  933 230  1.2 8  4.3  96    0    1 292 -322  1
3912500 2352500  2  7  9   1.5  933 224  1.0 6  4.4  96    0   16 279 -322  1
3912500 2352500  2  7 10   2.3  935 253  0.7 7  4.5  96    0   65 272 -322  1
3912500 2352500  2  7 11   2.9  935 210  1.5 5  4.6  93    0   65 264 -322  1
3912500 2352500  2  7 12   3.7  935 196  1.8 6  4.7  90    0   73 257 -322  1
3912500 2352500  2  7 13   4.3  935 207  1.4 6  4.7  86    0  124 267 -322  1
3912500 2352500  2  7 14   5.0  935 212  1.8 7  4.7  82    1  141 279 -322  1
3912500 2352500  2  7 15   5.1  934 213  2.4 6  4.7  80    9  147 282 -322  1
3912500 2352500  2  7 16   5.0  935 218  3.2 8  4.6  78    0   60 292 -323  1
3912500 2352500  2  7 17   4.3  935 210  2.8 7  4.5  79    0   33 298 -323  1
3912500 2352500  2  7 18   3.8  935 227  2.2 7  4.6  83    0    4 289 -323  1
3912500 2352500  2  7 19   3.6  936 334  2.7 7  4.6  85    0    0 287 -322  1
3912500 2352500  2  7 20   3.0  937 300  2.1 7  4.6  89    0    0 285 -321  1
3912500 2352500  2  7 21   2.6  938 289  2.2 4  4.6  92    0    0 265 -321  1
3912500 2352500  2  7 22   2.3  938 302  1.4 6  4.6  94    0    0 260 -320  1
3912500 2352500  2  7 23   2.1  938 313  1.7 5  4.6  95    0    0 267 -319  1
3912500 2352500  2  7 24   1.3  939 310  1.8 4  4.4  96    0    0 255 -318  1
3912500 2352500  2  8  1   1.0  939 341  0.9 6  4.3  97    0    0 258 -318  1
3912500 2352500  2  8  2   0.4  940 356  1.2 6  4.2  98    0    0 267 -317  1
3912500 2352500  2  8  3   0.1  941 352  1.8 7  4.1  98    0    0 268 -317  1
3912500 2352500  2  8  4  -0.1  942  89  1.8 6  4.0  99    0    0 267 -316  1
3912500 2352500  2  8  5   0.3  942  12  2.0 7  4.0  98    0    0 267 -316  1
3912500 2352500  2  8  6   0.1  943 360  1.6 7  4.0  97    0    0 271 -316  1
3912500 2352500  2  8  7   0.0  944 351  1.7 6  4.0  99    0    0 266 -317  1
3912500 2352500  2  8  8   0.4  945 337  1.7 6  4.0  98    0    2 261 -317  1
3912500 2352500  2  8  9   0.4  946   1  1.5 6  4.0  96    0   15 263 -317  1
3912500 2352500  2  8 10   0.8  947 344  1.5 8  4.0  93    0   36 275 -319  1
3912500 2352500  2  8 11   0.9  948   1  1.4 8  3.9  90    0   56 287 -321  1
3912500 2352500  2  8 12   1.1  949 256  1.9 7  3.9  89    0   73 284 -322  1
3912500 2352500  2  8 13   1.4  950 279  2.0 7  3.8  86    0  101 279 -323  1
3912500 2352500  2  8 14   1.4  950 295  2.3 7  3.7  83    1  144 279 -324  1
3912500 2352500  2  8 15   1.3  950 275  2.4 6  3.7  82    8  154 273 -325  1
3912500 2352500  2  8 16   1.3  951 243  2.8 7  3.5  79    4   99 272 -325  1
3912500 2352500  2  8 17   0.7  951 261  2.0 8  3.4  79   15   56 281 -323  1
3912500 2352500  2  8 18   0.4  952 257  2.0 8  3.4  82    0    2 283 -322  1
3912500 2352500  2  8 19   0.2  952 249  0.8 7  3.4  83    0    0 275 -322  1
3912500 2352500  2  8 20   0.0  953 247  1.0 7  3.5  85    0    0 265 -322  1
3912500 2352500  2  8 21  -0.2  953 249  1.5 8  3.5  87    0    0 267 -321  1
3912500 2352500  2  8 22  -0.1  954 268  2.3 8  3.5  87    0    0 271 -319  1
3912500 2352500  2  8 23  -0.2  955 256  2.1 7  3.5  88    0    0 264 -316  1
3912500 2352500  2  8 24  -0.3  955 233  1.6 7  3.4  87    0    0 257 -313  1
3912500 2352500  2  9  1  -0.5  955 235  2.0 8  3.4  86    0    0 261 -310  1
3912500 2352500  2  9  2  -0.8  955 213  1.9 7  3.2  85    0    0 258 -307  1
3912500 2352500  2  9  3  -1.2  955 191  2.0 8  3.2  85    0    0 256 -303  1
3912500 2352500  2  9  4  -1.3  955 191  2.1 6  3.2  86    0    0 250 -302  1
3912500 2352500  2  9  5  -1.2  955 256  2.7 6  3.1  85    0    0 241 -302  1
3912500 2352500  2  9  6  -1.9  955 279  2.6 5  3.0  85    0    0 236 -303  1
3912500 2352500  2  9  7  -2.3  954 258  2.4 5  2.9  86    0    0 230 -303  1
3912500 2352500  2  9  8  -2.7  954 294  1.8 5  2.9  88    0    4 228 -302  1
3912500 2352500  2  9  9  -1.3  955 222  1.8 7  3.0  86   14   55 234 -302  1
3912500 2352500  2  9 10  -0.3  955 211  2.7 7  3.1  81   35  125 243 -307  1
3912500 2352500  2  9 11   0.4  956 213  2.9 6  3.1  78   40  177 241 -315  1
3912500 2352500  2  9 12   1.3  956 240  3.3 6  3.2  75   83  222 240 -320  1
3912500 2352500  2  9 13   2.0  956 203  3.4 6  3.3  72  103  239 245 -321  1
3912500 2352500  2  9 14   2.6  955 195  4.3 7  3.3  69   48  220 254 -327  1
3912500 2352500  2  9 15   3.0  955 210  4.1 6  3.2  66   54  189 259 -330  1
3912500 2352500  2  9 16   2.6  955 210  3.3 7  3.2  66   14  117 262 -327  1
3912500 2352500  2  9 17   2.4  954 226  3.2 8  3.3  68    1   43 274 -324  1
3912500 2352500  2  9 18   2.1  953 191  1.9 7  3.3  70    0    1 275 -322  1
3912500 2352500  2  9 19   1.9  952 107  1.4 8  3.4  74    0    0 277 -321  1
3912500 2352500  2  9 20   1.4  951  77  2.5 8  3.7  81    0    0 284 -319  1
3912500 2352500  2  9 21   0.4  950 114  3.5 7  3.9  91    0    0 281 -319  1
3912500 2352500  2  9 22   0.6  948 171  3.1 7  4.1  98    0    0 278 -319  1
3912500 2352500  2  9 23   1.1  948 196  2.4 7  4.2  98    0    0 281 -319  1
3912500 2352500  2  9 24   2.1  948 207  1.6 6  4.4  96    0    0 285 -320  1
3912500 2352500  2 10  1   1.5  947 168  3.2 7  4.5  98    0    0 288 -320  1
3912500 2352500  2 10  2   2.5  946 122  2.8 7  4.6  98    0    0 293 -320  1
3912500 2352500  2 10  3   2.0  945 142  3.1 8  4.6  96    0    0 300 -321  1
3912500 2352500  2 10  4   2.1  944 190  3.1 6  4.6  98    0    0 298 -321  1
3912500 2352500  2 10  5   2.7  942 187  3.5 7  4.7  98    0    0 297 -322  1
3912500 2352500  2 10  6   3.7  941 193  4.2 6  4.9  94    0    0 299 -322  1
3912500 2352500  2 10  7   4.6  940 210  6.3 5  4.9  90    0    0 291 -322  1
3912500 2352500  2 10  8   6.1  940 217  9.5 5  4.9  82    0    5 285 -322  1
3912500 2352500  2 10  9   7.6  939 228 10.4 5  4.6  69    4   47 285 -323  1
3912500 2352500  2 10 10   7.4  939 237  9.4 7  4.5  64    1   85 298 -326  1
3912500 2352500  2 10 11   6.3  940 234 11.7 8  4.8  72    0   56 316 -331  1
3912500 2352500  2 10 12   6.4  942 257 11.9 6  5.0  79    0  102 308 -334  1
3912500 2352500  2 10 13   7.7  943 245 11.7 8  4.8  71    0   79 309 -335  1
3912500 2352500  2 10 14   7.7  943 247 10.4 8  4.4  62    0   74 321 -335  1
3912500 2352500  2 10 15   7.0  944 249 12.2 8  4.1  60    0   74 318 -336  1
3912500 2352500  2 10 16   6.5  944 249 11.6 6  4.1  62    7  104 304 -335  1
3912500 2352500  2 10 17   3.6  946 250 10.0 7  4.2  72   14   57 294 -331  1
3912500 2352500  2 10 18   3.7  948 259  8.3 7  4.2  80    0    4 296 -325  1
3912500 2352500  2 10 19   2.9  949 260  7.1 7  4.2  81    0    0 292 -323  1
3912500 2352500  2 10 20   2.3  950 263  6.0 7  4.2  86    0    0 287 -322  1
3912500 2352500  2 10 21   1.7  951 256  4.7 6  4.2  90    0    0 279 -322  1
3912500 2352500  2 10 22   1.5  952 262  4.3 5  4.1  91    0    0 266 -321  1
3912500 2352500  2 10 23   1.3  952 262  4.2 5  4.1  91    0    0 254 -320  1
3912500 2352500  2 10 24   1.3  953 258  4.2 6  4.0  89    0    0 256 -319  1
3912500 2352500  2 11  1   1.0  954 249  4.3 6  3.9  88    0    0 256 -317  1
3912500 2352500  2 11  2   0.4  954 253  4.2 7  3.9  91    0    0 262 -317  1
3912500 2352500  2 11  3   0.6  955 251  4.2 7  3.9  92    0    0 272 -315  1
3912500 2352500  2 11  4   0.2  955 248  4.0 5  3.8  91    0    0 258 -314  1
3912500 2352500  2 11  5   0.5  956 254  3.7 5  3.7  90    0    0 247 -312  1
3912500 2352500  2 11  6   0.2  956 252  3.4 6  3.7  89    0    0 255 -311  1
3912500 2352500  2 11  7  -0.3  957 254  4.2 5  3.7  92    0    0 254 -310  1
3912500 2352500  2 11  8  -0.1  957 268  4.1 5  3.6  92    0    6 248 -309  1
3912500 2352500  2 11  9   0.0  958 276  3.8 5  3.6  91   17   49 248 -308  1
3912500 2352500  2 11 10   0.3  958 277  4.0 6  3.6  89   24  105 254 -309  1
3912500 2352500  2 11 11   1.1  959 290  3.6 5  3.5  83   42  156 254 -311  1
3912500 2352500  2 11 12   1.8  959 293  4.7 3  3.4  76   87  187 240 -313  1
3912500 2352500  2 11 13   2.0  960 280  3.7 4  3.2  70  129  191 236 -315  1
3912500 2352500  2 11 14   2.6  960 297  4.4 5  3.0  64  107  188 246 -315  1
3912500 2352500  2 11 15   2.5  960 286  3.9 4  2.9  60   85  162 247 -314  1
3912500 2352500  2 11 16   2.1  960 286  3.5 6  2.9  61   98  102 251 -310  1
3912500 2352500  2 11 17   1.7  960 291  3.0 5  2.8  61   57   51 254 -304  1
3912500 2352500  2 11 18   0.7  960 278  2.4 6  2.8  64    2   11 252 -299  1
3912500 2352500  2 11 19   0.0  961 244  1.9 4  2.9  70    0    0 244 -293  1
3912500 2352500  2 11 20   0.0  961 249  2.5 5  2.9  73    0    0 239 -286  1
3912500 2352500  2 11 21   0.4  961 258  3.2 7  3.0  73    0    0 248 -284  1
3912500 2352500  2 11 22   0.1  961 252  2.7 8  3.0  74    0    0 256 -284  1
3912500 2352500  2 11 23  -0.2  961 271  2.7 6  3.1  77    0    0 254 -284  1
3912500 2352500  2 11 24  -0.3  961 272  1.8 7  3.1  79    0    0 250 -284  1
3912500 2352500  2 12  1  -0.6  960 221  2.6 5  3.1  80    0    0 246 -275  1
3912500 2352500  2 12  2  -0.6  959 254  3.5 5  3.0  79    0    0 238 -269  1
3912500 2352500  2 12  3  -0.5  959 211  2.7 6  2.9  76    0    0 241 -277  1
3912500 2352500  2 12  4  -0.7  959 238  3.6 6  2.9  75    0    0 243 -280  1
3912500 2352500  2 12  5  -0.8  959 240  4.0 8  2.9  77    0    0 250 -279  1
3912500 2352500  2 12  6  -0.9  958 241  3.9 8  3.1  81    0    0 258 -282  1
3912500 2352500  2 12  7  -1.1  958 256  3.5 7  3.1  84    0    0 255 -284  1
3912500 2352500  2 12  8  -1.4  957 297  2.2 7  3.2  87    0    7 252 -286  1
3912500 2352500  2 12  9  -1.4  958  14  2.2 4  3.4  92    9   48 239 -292  1
3912500 2352500  2 12 10  -1.0  958  11  2.0 6  3.4  93    0   71 234 -298  1
3912500 2352500  2 12 11  -0.6  959  38  2.4 6  3.4  90   43  156 243 -303  1
3912500 2352500  2 12 12  -0.3  960 288  2.7 6  3.2  84   68  191 243 -308  1
3912500 2352500  2 12 13   0.2  961 325  2.9 4  2.9  74   84  204 232 -314  1
3912500 2352500  2 12 14   0.7  962 342  2.5 4  2.7  64  123  185 220 -318  1
3912500 2352500  2 12 15   1.4  962 332  2.9 5  2.4  56   84  163 227 -318  1
3912500 2352500  2 12 16  -0.2  963 300  2.7 5  2.3  54   24  111 234 -318  1
3912500 2352500  2 12 17  -0.9  962 276  1.8 6  2.3  61   38   53 238 -316  1
3912500 2352500  2 12 18  -0.9  963 276  1.5 5  2.5  68    0   10 239 -311  1
3912500 2352500  2 12 19  -1.6  964 252  1.5 5  2.6  72    0    0 235 -306  1
3912500 2352500  2 12 20  -2.0  964 246  1.6 5  2.8  79    0    0 236 -303  1
3912500 2352500  2 12 21  -2.3  964 240  1.2 6  2.9  84    0    0 241 -300  1
3912500 2352500  2 12 22  -2.7  965 256  1.2 6  2.7  83    0    0 245 -299  1
3912500 2352500  2 12 23  -3.3  965 273  1.1 6  2.6  82    0    0 243 -297  1
3912500 2352500  2 12 24  -4.0  964 259  1.5 7  2.6  85    0    0 246 -294  1
3912500 2352500  2 13  1  -3.5  964 292  1.2 6  2.7  90    0    0 246 -294  1
3912500 2352500  2 13  2  -3.1  965 283  1.3 5  2.8  90    0    0 239 -297  1
3912500 2352500  2 13  3  -3.7  964 308  1.5 5  2.8  89    0    0 234 -298  1
3912500 2352500  2 13  4  -3.5  965 268  1.9 5  2.7  90    0    0 234 -296  1
3912500 2352500  2 13  5  -3.4  964 311  1.9 4  2.7  89    0    0 230 -296  1
3912500 2352500  2 13  6  -3.6  964 297  2.2 4  2.7  89    0    0 226 -297  1
3912500 2352500  2 13  7  -3.8  964 296  1.9 5  2.7  89    0    0 228 -294  1
3912500 2352500  2 13  8  -3.5  965 290  2.3 6  2.7  90    0    6 237 -291  1
3912500 2352500  2 13  9  -3.4  965 299  3.0 7  2.8  91    7   50 245 -291  1
3912500 2352500  2 13 10  -2.7  965 287  2.9 6  2.8  90   42  118 246 -294  1
3912500 2352500  2 13 11  -2.4  965 287  3.2 5  2.8  86   84  169 240 -297  1
3912500 2352500  2 13 12  -1.3  965 288  2.7 5  2.8  82  139  192 237 -301  1
3912500 2352500  2 13 13  -0.6  964 282  2.7 4  2.8  76  138  206 236 -304  1
3912500 2352500  2 13 14   0.4  964 308  3.1 6  2.8  70   10  170 243 -305  1
3912500 2352500  2 13 15   0.3  963 294  3.3 7  2.7  66    0   89 254 -307  1
3912500 2352500  2 13 16   0.0  963 345  2.0 8  2.7  66    1   80 258 -307  1
3912500 2352500  2 13 17  -0.6  963 324  2.2 6  2.6  67    7   51 252 -298  1
3912500 2352500  2 13 18  -0.9  963 303  2.8 6  2.6  69    0    8 242 -289  1
3912500 2352500  2 13 19  -1.3  963 303  1.9 2  2.6  72    0    0 225 -285  1
3912500 2352500  2 13 20  -1.1  963 299  1.7 3  2.6  72    0    0 213 -284  1
3912500 2352500  2 13 21  -2.1  963 302  1.7 6  2.7  76    0    0 224 -286  1
3912500 2352500  2 13 22  -2.2  963 287  2.4 6  2.7  78    0    0 235 -287  1
3912500 2352500  2 13 23  -2.6  963 269  1.6 7  2.6  78    0    0 238 -286  1
3912500 2352500  2 13 24  -2.4  963 296  2.0 5  2.6  78    0    0 235 -285  1
3912500 2352500  2 14  1  -2.8  963 279  2.3 8  2.6  78    0    0 239 -286  1
3912500 2352500  2 14  2  -2.8  963 297  2.2 7  2.6  79    0    0 249 -287  1
3912500 2352500  2 14  3  -2.8  963 284  2.8 7  2.6  81    0    0 246 -288  1
3912500 2352500  2 14  4  -3.0  963 248  3.2 6  2.8  86    0    0 244 -290  1
3912500 2352500  2 14  5  -3.0  962 249  2.6 6  2.9  90    0    0 241 -292  1
3912500 2352500  2 14  6  -3.3  962 242  1.3 7  2.9  91    0    0 245 -293  1
3912500 2352500  2 14  7  -3.2  963 220  1.5 7  2.9  92    0    0 249 -294  1
3912500 2352500  2 14  8  -3.1  963 243  1.5 7  2.9  92    0    1 250 -294  1
3912500 2352500  2 14  9  -3.1  964 314  1.6 8  2.9  91    9   39 254 -294  1
3912500 2352500  2 14 10  -2.6  964 321  1.3 5  2.9  89  115   45 245 -294  1
3912500 2352500  2 14 11  -2.2  965 346  3.0 5  2.9  88  125   89 233 -301  1
3912500 2352500  2 14 12  -1.6  965   7  2.3 5  3.0  86   18  154 235 -307  1
3912500 2352500  2 14 13  -1.0  966   4  1.9 6  3.0  84    0   99 242 -309  1
3912500 2352500  2 14 14  -0.8  966 359  2.0 6  3.1  84    0  109 250 -311  1
3912500 2352500  2 14 15  -0.5  967 352  3.3 7  3.2  84   21  130 257 -311  1
3912500 2352500  2 14 16  -0.5  967 333  2.2 6  3.2  84   28   88 256 -307  1
3912500 2352500  2 14 17  -0.9  968   2  2.1 4  3.2  85   59   22 243 -299  1
3912500 2352500  2 14 18  -1.5  968 348  1.7 5  3.1  87    3    9 235 -291  1
3912500 2352500  2 14 19  -2.4  969  46  1.1 3  3.0  88    0    0 227 -284  1
3912500 2352500  2 14 20  -2.9  969  74  1.3 3  2.8  86    0    0 216 -280  1
3912500 2352500  2 14 21  -4.1  969 161  1.2 5  2.6  86    0    0 220 -269  1
3912500 2352500  2 14 22  -4.1  970 313  0.9 4  2.6  89    0    0 221 -261  1
3912500 2352500  2 14 23  -3.8  970 339  0.9 4  2.6  88    0    0 218 -266  1
3912500 2352500  2 14 24  -3.8  971 349  1.1 5  2.6  88    0    0 222 -272  1
3912500 2352500  2 15  1  -4.6  971 355  1.0 6  2.6  90    0    0 229 -275  1
3912500 2352500  2 15  2  -5.7  972 346  0.9 7  2.5  92    0    0 234 -277  1
3912500 2352500  2 15  3  -6.3  972   2  1.0 5  2.3  91    0    0 229 -277  1
3912500 2352500  2 15  4  -6.4  971 355  1.0 3  2.2  90    0    0 211 -277  1
3912500 2352500  2 15  5  -7.0  971  16  0.8 3  2.2  90    0    0 202 -276  1
3912500 2352500  2 15  6  -7.1  971 359  0.0 2  2.1  90    0    0 196 -275  1
3912500 2352500  2 15  7  -8.5  972 280  0.9 2  2.0  91    0    0 190 -273  1
3912500 2352500  2 15  8  -7.3  972 318  0.9 2  2.0  92    0    9 191 -269  1
3912500 2352500  2 15  9  -7.1  972 288  1.1 4  2.0  89   50   43 202 -269  1
3912500 2352500  2 15 10  -4.9  972 215  1.2 5  2.2  85  102   93 219 -274  1
3912500 2352500  2 15 11  -3.1  973 160  1.3 5  2.3  80  144  135 230 -284  1
3912500 2352500  2 15 12  -2.3  973 146  1.1 5  2.4  76  184  155 235 -296  1
3912500 2352500  2 15 13  -1.4  973 268  1.1 4  2.5  73  202  163 234 -303  1
3912500 2352500  2 15 14  -0.8  973 280  1.2 3  2.4  67  229  140 227 -307  1
3912500 2352500  2 15 15  -0.3  972 265  1.8 6  2.3  62  218  112 238 -309  1
3912500 2352500  2 15 16  -0.3  972 264  1.5 5  2.3  59  190   66 250 -310  1
3912500 2352500  2 15 17  -1.0  971 296  1.0 6  2.3  60   90   45 251 -309  1
3912500 2352500  2 15 18  -2.2  971 343  0.6 7  2.3  65    1   12 259 -306  1
3912500 2352500  2 15 19  -3.0  970 289  0.7 4  2.3  71    0    0 249 -304  1
3912500 2352500  2 15 20  -2.8  970 256  0.9 4  2.4  75    0    0 236 -303  1
3912500 2352500  2 15 21  -3.0  970 248  1.0 7  2.4  75    0    0 251 -303  1
3912500 2352500  2 15 22  -3.0  970 265  1.9 8  2.4  75    0    0 271 -304  1
3912500 2352500  2 15 23  -3.3  970 253  2.3 7  2.4  77    0    0 273 -305  1
3912500 2352500  2 15 24  -3.6  970 247  2.7 7  2.5  81    0    0 268 -306  1
3912500 2352500  2 16  1  -4.9  970 218  2.7 7  2.5  86    0    0 267 -307  1
3912500 2352500  2 16  2  -4.2  970 219  2.8 6  2.5  87    0    0 263 -307  1
3912500 2352500  2 16  3  -5.4  969 215  1.7 6  2.4  86    0    0 259 -307  1
3912500 2352500  2 16  4  -5.3  969 213  2.1 7  2.3  88    0    0 262 -308  1
3912500 2352500  2 16  5  -5.0  968 216  1.5 7  2.4  88    0    0 268 -308  1
3912500 2352500  2 16  6  -4.9  968 208  1.3 8  2.4  89    0    0 274 -306  1
3912500 2352500  2 16  7  -5.2  968 210  3.2 7  2.4  89    0    0 273 -306  1
3912500 2352500  2 16  8  -4.5  968 203  2.1 7  2.4  87    0    5 269 -308  1
3912500 2352500  2 16  9  -3.2  967 206  2.1 7  2.4  82    8   69 271 -310  1
3912500 2352500  2 16 10  -2.3  968 190  2.6 5  2.5  77   14  140 264 -313  1
3912500 2352500  2 16 11  -0.6  968 199  3.7 6  2.5  71    2  138 262 -318  1
3912500 2352500  2 16 12  -0.9  968 204  3.1 5  2.6  69    0  140 263 -322  1
3912500 2352500  2 16 13  -0.5  968 206  3.3 7  2.7  72    2  170 269 -322  1
3912500 2352500  2 16 14  -0.6  968 213  2.8 7  2.9  77    1  146 280 -322  1
3912500 2352500  2 16 15  -0.7  968 239  2.2 6  3.2  84    7  167 276 -322  1
3912500 2352500  2 16 16  -0.8  967 226  2.2 6  3.3  87    7  123 271 -322  1
3912500 2352500  2 16 17  -0.6  967 226  2.9 7  3.3  88    6   67 275 -322  1
3912500 2352500  2 16 18  -0.6  967 233  2.7 7  3.3  87    0    8 279 -322  1
3912500 2352500  2 16 19  -0.5  968 234  3.1 7  3.3  86    0    0 279 -321  1
3912500 2352500  2 16 20  -0.6  968 237  2.8 7  3.3  86    0    0 279 -319  1
3912500 2352500  2 16 21  -0.2  968 234  3.4 6  3.3  85    0    0 276 -319  1
3912500 2352500  2 16 22  -0.6  968 223  3.9 6  3.3  85    0    0 271 -318  1
3912500 2352500  2 16 23  -0.6  967 230  4.0 6  3.3  88    0    0 270 -318  1
3912500 2352500  2 16 24  -0.8  967 236  3.8 5  3.4  91    0    0 266 -317  1
3912500 2352500  2 17  1  -0.6  967 233  5.0 7  3.5  93    0    0 271 -316  1
3912500 2352500  2 17  2  -0.4  966 232  4.7 8  3.5  92    0    0 285 -316  1
3912500 2352500  2 17  3  -0.4  965 233  5.3 8  3.6  94    0    0 290 -316  1
3912500 2352500  2 17  4  -0.2  965 234  5.8 5  3.7  95    0    0 277 -316  1
3912500 2352500  2 17  5   0.1  964 236  5.8 6  3.7  94    0    0 269 -315  1
3912500 2352500  2 17  6  -0.1  963 237  5.6 6  3.7  94    0    0 273 -315  1
3912500 2352500  2 17  7   0.4  962 237  4.9 7  3.8  94    0    0 279 -314  1
3912500 2352500  2 17  8   0.4  963 241  5.4 7  3.9  95    0    0 284 -313  1
3912500 2352500  2 17  9   0.9  963 269  5.1 5  4.0  95    0   16 275 -314  1
3912500 2352500  2 17 10   1.0  962 189  5.2 5  4.0  93    0   64 267 -318  1
3912500 2352500  2 17 11   1.6  962 198  4.8 6  4.0  91    0   86 271 -322  1
3912500 2352500  2 17 12   1.4  962 184  5.2 6  4.0  89    0  126 276 -322  1
3912500 2352500  2 17 13   1.6  962 175  5.1 7  4.0  90    0  140 280 -322  1
3912500 2352500  2 17 14   1.9  962 147  5.0 6  4.0  89    0   86 280 -322  1
3912500 2352500  2 17 15   2.0  961 166  4.2 5  4.0  87    0   86 272 -322  1
3912500 2352500  2 17 16   1.9  961 195  3.5 5  4.0  88    0   45 267 -322  1
3912500 2352500  2 17 17   1.6  962 307  3.8 8  4.1  89    0   36 280 -322  1
3912500 2352500  2 17 18   1.5  962 334  4.0 7  4.1  91    0   12 287 -321  1
3912500 2352500  2 17 19   1.4  963 351  3.3 7  4.1  92    0    0 281 -317  1
3912500 2352500  2 17 20   1.2  964  20  3.4 7  4.1  94    0    0 280 -314  1
3912500 2352500  2 17 21   1.2  966  33  4.4 8  4.1  94    0    0 282 -312  1
3912500 2352500  2 17 22  -0.2  968  35  4.8 6  3.8  93    0    0 274 -310  1
3912500 2352500  2 17 23  -1.7  967  48  4.0 6  3.1  82    0    0 259 -307  1
3912500 2352500  2 17 24  -3.0  968  30  3.1 5  2.5  75    0    0 249 -305  1
3912500 2352500  2 18  1  -3.7  967  91  4.0 2  2.3  75    0    0 235 -299  1
3912500 2352500  2 18  2  -4.9  967 104  3.6 2  2.1  74    0    0 225 -298  1
3912500 2352500  2 18  3  -5.4  968 107  3.9 1  2.0  76    0    0 221 -302  1
3912500 2352500  2 18  4  -5.8  968 112  2.7 2  2.0  78    0    0 220 -302  1
3912500 2352500  2 18  5  -6.3  968 107  2.9 2  2.0  78    0    0 221 -301  1
3912500 2352500  2 18  6  -7.3  968 124  2.9 1  1.9  81    0    0 217 -301  1
3912500 2352500  2 18  7  -7.4  968 128  2.3 2  1.9  83    0    0 215 -300  1
3912500 2352500  2 18  8  -7.8  968 119  2.9 3  1.9  84    0   11 219 -298  1
3912500 2352500  2 18  9  -6.0  968 111  2.3 5  1.9  82   42   56 228 -299  1
3912500 2352500  2 18 10  -5.0  969 115  2.9 5  2.0  76  162   76 235 -304  1
3912500 2352500  2 18 11  -3.8  969 126  3.5 5  2.0  69  288   70 235 -308  1
3912500 2352500  2 18 12  -2.8  969 127  4.0 4  1.9  61  371   66 234 -312  1
3912500 2352500  2 18 13  -2.4  968 125  3.8 2  1.9  58  391   74 222 -315  1
3912500 2352500  2 18 14  -1.9  969 120  3.7 1  1.9  57  380   69 211 -317  1
3912500 2352500  2 18 15  -1.6  968 117  3.2 1  2.0  56  336   58 210 -318  1
3912500 2352500  2 18 16  -1.6  968 114  2.9 1  1.9  54  243   50 212 -314  1
3912500 2352500  2 18 17  -2.3  968 114  2.8 2  1.8  53  131   34 216 -308  1
3912500 2352500  2 18 18  -3.6  967  55  2.3 1  1.8  57   12   12 217 -300  1
3912500 2352500  2 18 19  -4.4  967  53  2.6 1  1.9  64    0    0 215 -292  1
3912500 2352500  2 18 20  -5.4  968  87  2.0 1  1.9  69    0    0 215 -286  1
3912500 2352500  2 18 21  -6.1  968 118  2.5 1  1.9  73    0    0 214 -282  1
3912500 2352500  2 18 22  -7.3  968 109  2.9 1  1.8  76    0    0 213 -283  1
3912500 2352500  2 18 23  -8.3  967 121  2.9 1  1.8  80    0    0 212 -282  1
3912500 2352500  2 18 24  -9.0  967 115  2.3 1  1.7  84    0    0 211 -279  1
3912500 2352500  2 19  1  -9.7  967 102  2.0 1  1.7  87    0    0 209 -282  1
3912500 2352500  2 19  2  -9.6  968 101  2.4 1  1.7  87    0    0 207 -287  1
3912500 2352500  2 19  3  -9.9  968  95  0.9 3  1.7  88    0    0 211 -290  1
3912500 2352500  2 19  4  -9.9  968  94  0.8 2  1.7  91    0    0 214 -291  1
3912500 2352500  2 19  5  -9.4  968  89  0.8 2  1.7  90    0    0 211 -291  1
3912500 2352500  2 19  6  -9.0  969 144  1.3 2  1.7  87    0    0 212 -291  1
3912500 2352500  2 19  7 -10.5  969 151  2.0 2  1.6  87    0    0 211 -292  1
3912500 2352500  2 19  8 -11.0  969 164  2.0 2  1.6  89    5   11 207 -293  1
3912500 2352500  2 19  9  -8.6  970 125  2.2 3  1.6  87   98   20 212 -297  1
3912500 2352500  2 19 10  -7.4  970 175  2.1 4  1.8  82  186   38 221 -303  1
3912500 2352500  2 19 11  -6.5  970 146  1.6 5  1.8  78  218   84 230 -312  1
3912500 2352500  2 19 12  -4.9  971 132  1.1 6  2.0  78  156  161 243 -317  1
3912500 2352500  2 19 13  -4.4  971 137  1.3 6  2.2  78   79  205 252 -320  1
3912500 2352500  2 19 14  -3.0  971 172  1.1 5  2.2  75  149  167 249 -321  1
3912500 2352500  2 19 15  -2.1  971 188  1.5 4  2.3  69  283   58 242 -321  1
3912500 2352500  2 19 16  -1.9  970 192  0.8 4  2.2  66  158   71 238 -321  1
3912500 2352500  2 19 17  -2.3  971 204  0.6 6  2.2  65  107   35 246 -319  1
3912500 2352500  2 19 18  -2.6  971 260  0.9 5  2.2  65   15    9 249 -313  1
3912500 2352500  2 19 19  -4.5  971 202  0.9 2  2.1  69    0    0 227 -308  1
3912500 2352500  2 19 20  -4.9  972 272  1.7 1  2.1  74    0    0 206 -299  1
3912500 2352500  2 19 21  -5.3  972 269  1.2 2  2.1  77    0    0 205 -287  1
3912500 2352500  2 19 22  -6.5  972 290  1.2 1  2.1  82    0    0 204 -281  1
3912500 2352500  2 19 23  -6.7  972 284  1.0 0  2.0  84    0    0 193 -278  1
3912500 2352500  2 19 24  -6.6  972 299  1.3 2  2.0  85    0    0 197 -276  1
3912500 2352500  2 20  1  -6.7  972 301  1.5 5  2.1  87    0    0 219 -274  1
3912500 2352500  2 20  2  -7.1  972 307  1.4 5  2.0  87    0    0 231 -273  1
3912500 2352500  2 20  3  -6.7  973 298  1.3 6  2.1  89    0    0 235 -271  1
3912500 2352500  2 20  4  -6.4  972 296  1.1 7  2.2  90    0    0 244 -269  1
3912500 2352500  2 20  5  -5.3  972 296  1.6 6  2.2  85    0    0 245 -268  1
3912500 2352500  2 20  6  -5.3  973 298  1.3 7  2.3  85    0    0 246 -267  1
3912500 2352500  2 20  7  -5.3  973 295  1.5 8  2.3  88    0    0 254 -266  1
3912500 2352500  2 20  8  -4.6  973 308  1.6 8  2.4  88    0   11 259 -265  1
3912500 2352500  2 20  9  -4.0  973 315  1.6 8  2.4  85    1   55 261 -266  1
3912500 2352500  2 20 10  -3.1  973 303  1.8 8  2.5  82    0   82 264 -271  1
3912500 2352500  2 20 11  -2.8  973 310  2.7 7  2.5  78    0   75 263 -279  1
3912500 2352500  2 20 12  -2.1  974 301  3.0 6  2.5  75    0   94 258 -287  1
3912500 2352500  2 20 13  -1.6  973 295  3.4 7  2.5  72    0  119 261 -293  1
3912500 2352500  2 20 14  -0.5  974 297  2.8 7  2.5  68    0   99 269 -297  1
3912500 2352500  2 20 15  -0.2  973 295  3.0 7  2.5  65    0   77 270 -299  1
3912500 2352500  2 20 16   0.0  973 306  2.6 8  2.6  66    0   50 275 -298  1
3912500 2352500  2 20 17  -0.4  973 308  2.3 8  2.7  70    0   42 278 -294  1
3912500 2352500  2 20 18  -0.4  973 316  2.5 8  2.8  74    0    8 276 -289  1
3912500 2352500  2 20 19  -0.4  973 314  2.5 8  3.0  77    0    0 275 -283  1
3912500 2352500  2 20 20  -0.5  974 310  2.4 7  3.0  79    0    0 271 -279  1
3912500 2352500  2 20 21  -0.4  974 307  2.1 7  3.1  81    0    0 261 -278  1
3912500 2352500  2 20 22  -0.4  974 306  1.8 6  3.2  83    0    0 259 -277  1
3912500 2352500  2 20 23  -0.4  974 271  1.4 6  3.3  86    0    0 253 -274  1
3912500 2352500  2 20 24  -0.3  974 234  1.3 7  3.5  90    0    0 246 -273  1
3912500 2352500  2 21  1  -0.3  959 190  1.3 7  3.7  93    0    0 296 -335  1
3912500 2352500  2 21  2  -0.4  959 157  1.2 7  3.8  96    0    0 309 -335  1
3912500 2352500  2 21  3  -0.5  959 124  1.3 7  3.8  98    0    0 293 -334  1
3912500 2352500  2 21  4  -0.7  959 118  1.3 7  3.8  98    0    0 277 -334  1
3912500 2352500  2 21  5  -0.7  959  92  1.3 7  3.7  98    0    0 277 -333  1
3912500 2352500  2 21  6  -1.0  958  81  1.2 8  3.7  98    0    0 290 -332  1
3912500 2352500  2 21  7  -0.9  959  44  0.8 8  3.6  98    0    0 304 -331  1
3912500 2352500  2 21  8  -1.2  959  62  0.5 8  3.6  97    0   13 303 -331  1
3912500 2352500  2 21  9  -0.9  959  41  0.4 7  3.6  96    0   50 296 -332  1
3912500 2352500  2 21 10  -0.7  959 105  0.1 7  3.6  95    0   68 291 -336  1
3912500 2352500  2 21 11  -0.5  960 128  1.7 8  3.6  94    0   54 297 -345  1
3912500 2352500  2 21 12  -0.6  960 168  1.6 8  3.6  94    0   71 304 -352  1
3912500 2352500  2 21 13  -0.2  960 201  2.9 7  3.7  95    0   68 299 -359  1
3912500 2352500  2 21 14   0.0  959 182  2.0 7  3.7  94    0  111 294 -364  1
3912500 2352500  2 21 15   0.1  959 217  1.2 8  3.8  94    0   92 299 -360  1
3912500 2352500  2 21 16   0.1  959  93  0.6 7  3.8  94    0   58 297 -356  1
3912500 2352500  2 21 17   0.0  959 105  0.8 7  3.8  95    0   51 289 -355  1
3912500 2352500  2 21 18  -0.2  958 180  1.2 7  3.9  97    1   15 286 -352  1
3912500 2352500  2 21 19   0.0  958  69  2.1 8  3.9  97    0    0 290 -347  1
3912500 2352500  2 21 20  -0.2  958  80  2.7 8  3.8  96    0    0 295 -342  1
3912500 2352500  2 21 21  -0.5  958  50  2.7 7  3.8  97    0    0 290 -339  1
3912500 2352500  2 21 22  -0.3  957  81  1.6 7  3.8  96    0    0 284 -334  1
3912500 2352500  2 21 23  -0.8  957  88  1.5 7  3.7  97    0    0 284 -330  1
3912500 2352500  2 21 24  -0.6  957  82  1.6 6  3.7  98    0    0 276 -327  1
3912500 2352500  2 22  1  -0.5  957 138  0.7 8  3.7  95    0    0 281 -326  1
3912500 2352500  2 22  2  -0.7  957  36  1.7 7  3.6  94    0    0 286 -325  1
3912500 2352500  2 22  3  -0.8  957  59  2.0 8  3.6  94    0    0 286 -323  1
3912500 2352500  2 22  4  -1.0  957  35  1.3 7  3.5  93    0    0 284 -322  1
3912500 2352500  2 22  5  -1.0  956  36  1.7 7  3.4  92    0    0 279 -321  1
3912500 2352500  2 22  6  -1.3  956  18  1.0 7  3.4  93    0    0 278 -321  1
3912500 2352500  2 22  7  -1.5  957  30  0.8 8  3.4  93    0    0 282 -320  1
3912500 2352500  2 22  8  -1.4  956  16  0.9 7  3.3  92    0   12 282 -319  1
3912500 2352500  2 22  9  -1.5  956  21  1.2 7  3.3  92    0   44 277 -319  1
3912500 2352500  2 22 10  -1.5  956  42  1.4 7  3.3  90    0   47 276 -322  1
3912500 2352500  2 22 11  -1.6  957  65  1.8 7  3.2  89    0   59 274 -332  1
3912500 2352500  2 22 12  -1.3  957  72  1.9 6  3.1  87    0  118 268 -348  1
3912500 2352500  2 22 13  -1.0  958  49  1.9 7  3.1  84    0  137 269 -361  1
3912500 2352500  2 22 14  -0.5  959  50  1.6 7  3.2  83    5  153 277 -369  1
3912500 2352500  2 22 15  -0.8  959  44  1.1 6  3.2  84   23  151 273 -373  1
3912500 2352500  2 22 16  -0.6  959  44  1.7 6  3.2  83    5  102 267 -372  1
3912500 2352500  2 22 17  -0.8  959  71  1.4 6  3.1  82   36   54 267 -364  1
3912500 2352500  2 22 18  -1.4  960   7  1.3 6  3.0  81   10    9 265 -355  1
3912500 2352500  2 22 19  -1.9  961 359  1.1 6  2.9  82    0    0 261 -347  1
3912500 2352500  2 22 20  -2.2  962   3  1.3 6  2.8  82    0    0 259 -340  1
3912500 2352500  2 22 21  -2.1  963   8  1.2 5  2.7  80    0    0 251 -335  1
3912500 2352500  2 22 22  -3.5  963 358  1.5 3  2.7  82    0    0 228 -331  1
3912500 2352500  2 22 23  -5.1  963  13  1.5 3  2.5  87    0    0 210 -328  1
3912500 2352500  2 22 24  -6.4  964  14  1.6 2  2.3  90    0    0 198 -325  1
3912500 2352500  2 23  1  -6.3  965 337  2.1 0  2.3  92    0    0 177 -323  1
3912500 2352500  2 23  2  -6.8  965 334  2.5 0  2.2  91    0    0 166 -321  1
3912500 2352500  2 23  3  -7.7  965 320  1.8 0  2.1  92    0    0 168 -320  1
3912500 2352500  2 23  4  -9.0  965 292  1.5 0  2.0  95    0    0 170 -319  1
3912500 2352500  2 23  5  -7.0  965 344  1.2 0  2.0  91    0    0 173 -319  1
3912500 2352500  2 23  6  -7.1  967 333  1.4 0  2.0  86    0    0 178 -317  1
3912500 2352500  2 23  7  -7.5  967 321  1.2 2  2.0  87    0    0 191 -316  1
3912500 2352500  2 23  8  -6.7  968 235  1.6 2  2.0  85    3   18 202 -315  1
3912500 2352500  2 23  9  -6.2  969 139  2.1 1  2.0  83   48   79 199 -316  1
3912500 2352500  2 23 10  -4.6  969 132  2.0 0  2.2  81  117  137 194 -319  1
3912500 2352500  2 23 11  -3.3  969 117  1.4 0  2.2  75  185  177 196 -328  1
3912500 2352500  2 23 12  -2.3  969 131  1.2 1  2.3  71  259  186 203 -344  1
3912500 2352500  2 23 13  -1.6  970 146  1.3 1  2.4  69  302  180 207 -361  1
3912500 2352500  2 23 14  -1.5  970 160  1.7 1  2.4  68  333  148 206 -372  1
3912500 2352500  2 23 15  -0.9  969 140  1.8 2  2.5  68  344   94 211 -374  1
3912500 2352500  2 23 16  -0.6  969 146  2.2 3  2.4  65  257   74 222 -369  1
3912500 2352500  2 23 17  -0.9  968 150  1.9 4  2.4  65   96   64 233 -361  1
3912500 2352500  2 23 18  -1.6  968 186  1.6 4  2.5  68   20   15 238 -351  1
3912500 2352500  2 23 19  -4.0  968 275  1.5 6  2.5  78    0    0 245 -340  1
3912500 2352500  2 23 20  -4.8  968 351  1.6 6  2.6  90    0    0 251 -334  1
3912500 2352500  2 23 21  -3.3  969  10  1.2 7  2.6  89    0    0 257 -331  1
3912500 2352500  2 23 22  -3.2  968  21  2.4 8  2.6  84    0    0 269 -329  1
3912500 2352500  2 23 23  -4.2  968  34  1.9 8  2.6  86    0    0 273 -328  1
3912500 2352500  2 23 24  -3.5  968  53  1.9 8  2.6  87    0    0 274 -325  1
3912500 2352500  2 24  1  -3.3  968  85  2.0 7  2.7  86    0    0 271 -323  1
3912500 2352500  2 24  2  -3.6  968  13  1.5 8  2.6  86    0    0 272 -322  1
3912500 2352500  2 24  3  -3.2  968  29  1.3 7  2.6  86    0    0 273 -321  1
3912500 2352500  2 24  4  -3.7  968  78  1.6 7  2.7  87    0    0 270 -319  1
3912500 2352500  2 24  5  -3.0  968  73  1.8 7  2.7  88    0    0 271 -317  1
3912500 2352500  2 24  6  -2.8  968  86  2.0 8  2.8  86    0    0 280 -316  1
3912500 2352500  2 24  7  -3.6  968  98  1.3 8  2.7  87    0    0 286 -316  1
3912500 2352500  2 24  8  -3.0  968  94  1.7 8  2.7  88    0   12 287 -316  1
3912500 2352500  2 24  9  -1.8  969  98  1.7 6  2.8  84    0   35 278 -317  1
3912500 2352500  2 24 10  -1.2  969 109  1.5 6  2.9  81    2  106 268 -320  1
3912500 2352500  2 24 11   0.0  969 106  2.1 6  3.0  80   38  194 270 -328  1
3912500 2352500  2 24 12   1.6  969 104  2.4 6  3.2  77   99  225 274 -342  1
3912500 2352500  2 24 13   1.7  969 167  2.4 6  3.4  77   35  231 278 -357  1
3912500 2352500  2 24 14   1.8  969 149  2.4 7  3.6  80    6  173 285 -369  1
3912500 2352500  2 24 15   2.0  969 148  2.2 8  3.7  82    0  107 298 -375  1
3912500 2352500  2 24 16   2.0  969 160  1.9 8  3.8  83    0   52 305 -373  1
3912500 2352500  2 24 17   1.6  969 183  1.4 8  3.9  86    0   26 305 -365  1
3912500 2352500  2 24 18   1.3  969 203  1.4 8  3.9  89    0    3 305 -358  1
3912500 2352500  2 24 19   1.4  970 213  1.5 8  4.0  91    0    0 304 -352  1
3912500 2352500  2 24 20   0.9  970 234  1.4 8  4.0  93    0    0 305 -348  1
3912500 2352500  2 24 21   0.9  971 304  1.0 7  4.1  96    0    0 298 -346  1
3912500 2352500  2 24 22   0.8  971 321  1.4 8  4.1  98    0    0 298 -345  1
3912500 2352500  2 24 23   1.4  971 307  1.4 8  4.2  97    0    0 308 -345  1
3912500 2352500  2 24 24   0.9  971 307  1.1 7  4.2  97    0    0 302 -344  1
3912500 2352500  2 25  1   1.1  971 310  0.8 5  4.2  98    0    0 283 -343  1
3912500 2352500  2 25  2   1.3  971 286  1.0 6  4.2  98    0    0 278 -343  1
3912500 2352500  2 25  3   1.6  971  17  1.1 7  4.3  97    0    0 292 -342  1
3912500 2352500  2 25  4   1.0  971  79  1.2 7  4.3  98    0    0 300 -342  1
3912500 2352500  2 25  5   1.4  971 337  0.9 6  4.3 100    0    0 295 -342  1
3912500 2352500  2 25  6   1.5  971  70  0.7 8  4.4  99    0    0 303 -341  1
3912500 2352500  2 25  7   1.5  971  70  1.0 8  4.4  99    0    0 315 -341  1
3912500 2352500  2 25  8   1.5  971  69  1.1 8  4.4 100    0   11 315 -341  1
3912500 2352500  2 25  9   1.9  972  72  1.3 7  4.4  99    0   50 310 -342  1
3912500 2352500  2 25 10   2.3  972  86  0.9 6  4.5  98    0   82 299 -344  1
3912500 2352500  2 25 11   2.8  972 115  0.8 7  4.6  97    0   94 301 -348  1
3912500 2352500  2 25 12   3.1  973 120  0.8 6  4.7  96    0  152 303 -352  1
3912500 2352500  2 25 13   3.6  973 156  1.0 7  4.8  96    0  118 305 -356  1
3912500 2352500  2 25 14   4.0  972 178  0.9 8  4.9  94    0  115 318 -359  1
3912500 2352500  2 25 15   4.4  972 159  1.3 8  4.9  92    0   99 325 -360  1
3912500 2352500  2 25 16   4.6  972 144  1.1 7  4.9  91    0  102 320 -359  1
3912500 2352500  2 25 17   4.2  972 154  1.4 8  4.9  91    4   75 320 -358  1
3912500 2352500  2 25 18   4.1  972 152  1.3 8  4.9  92    2   18 325 -356  1
3912500 2352500  2 25 19   3.8  972 136  0.9 8  4.9  93    0    0 324 -354  1
3912500 2352500  2 25 20   3.2  972 112  1.7 8  4.8  95    0    0 322 -352  1
3912500 2352500  2 25 21   2.7  972 117  1.7 8  4.8  97    0    0 321 -351  1
3912500 2352500  2 25 22   2.7  971 105  1.1 8  4.7  98    0    0 319 -350  1
3912500 2352500  2 25 23   2.8  971 107  1.2 8  4.6  96    0    0 319 -350  1
3912500 2352500  2 25 24   2.9  971 152  1.3 8  4.6  95    0    0 319 -349  1
3912500 2352500  2 26  1   2.3  971 157  2.1 5  4.5  95    0    0 300 -348  1
3912500 2352500  2 26  2   2.1  970 155  1.9 3  4.4  96    0    0 269 -347  1
3912500 2352500  2 26  3   2.0  970 162  2.1 4  4.4  95    0    0 261 -347  1
3912500 2352500  2 26  4   0.9  968 156  1.8 6  4.2  96    0    0 277 -347  1
3912500 2352500  2 26  5   1.3  968 103  1.5 4  4.2  97    0    0 275 -346  1
3912500 2352500  2 26  6   0.8  967 118  1.6 5  4.1  96    0    0 268 -345  1
3912500 2352500  2 26  7   0.4  966 113  2.3 7  4.1  98    0    0 285 -345  1
3912500 2352500  2 26  8   0.1  966  58  2.3 7  4.0  98    0   11 294 -345  1
3912500 2352500  2 26  9   0.0  965  84  2.5 8  3.9  98    0   28 300 -346  1
3912500 2352500  2 26 10   0.2  965 139  1.8 8  3.9  98    0   38 306 -349  1
3912500 2352500  2 26 11   0.2  964 153  0.9 8  4.0  98    0   63 305 -356  1
3912500 2352500  2 26 12   0.6  963 155  0.9 8  4.0  98    0  103 307 -363  1
3912500 2352500  2 26 13   1.5  964 172  2.2 8  4.1  94    0  118 309 -364  1
3912500 2352500  2 26 14   1.9  963 217  2.7 8  4.2  92    1  166 312 -363  1
3912500 2352500  2 26 15   1.9  962 201  2.5 7  4.3  93    5  174 306 -362  1
3912500 2352500  2 26 16   3.1  961 231  1.9 8  4.4  91    0   84 308 -359  1
3912500 2352500  2 26 17   3.3  960 194  2.1 8  4.5  89    0   44 317 -357  1
3912500 2352500  2 26 18   3.1  960 204  2.3 8  4.5  90    0   10 318 -354  1
3912500 2352500  2 26 19   2.0  959 236  2.0 8  4.6  95    0    0 317 -351  1
3912500 2352500  2 26 20   2.6  959 223  2.3 8  4.6  96    0    0 316 -349  1
3912500 2352500  2 26 21   3.0  959 214  2.3 8  4.7  95    0    0 318 -348  1
3912500 2352500  2 26 22   3.1  958 212  3.4 8  4.8  96    0    0 319 -348  1
3912500 2352500  2 26 23   3.2  958 205  2.4 8  4.8  96    0    0 318 -348  1
3912500 2352500  2 26 24   3.0  958 211  4.0 8  4.8  96    0    0 318 -347  1
3912500 2352500  2 27  1   3.8  958 211  3.8 8  4.9  95    0    0 319 -346  1
3912500 2352500  2 27  2   3.9  958 217  3.6 7  4.9  94    0    0 313 -345  1
3912500 2352500  2 27  3   3.8  958 232  2.8 7  5.0  95    0    0 306 -344  1
3912500 2352500  2 27  4   4.0  958 267  1.9 7  5.1  96    0    0 306 -343  1
3912500 2352500  2 27  5   3.4  957 251  1.6 8  5.0  96    0    0 311 -342  1
3912500 2352500  2 27  6   3.3  958 255  1.9 7  4.9  96    0    0 310 -340  1
3912500 2352500  2 27  7   2.9  957 253  1.4 7  4.9  98    0    0 302 -339  1
3912500 2352500  2 27  8   4.0  958 283  1.9 7  4.9  96    0   15 303 -340  1
3912500 2352500  2 27  9   3.8  959 258  1.8 6  5.0  95    4   61 299 -340  1
3912500 2352500  2 27 10   4.3  959 267  2.6 6  5.1  96    1   98 293 -344  1
3912500 2352500  2 27 11   4.8  960 284  2.6 5  5.2  93   34  199 289 -349  1
3912500 2352500  2 27 12   5.6  960 297  2.8 7  5.2  90    7  197 296 -355  1
3912500 2352500  2 27 13   5.6  960 290  2.5 7  5.2  88    3  186 307 -357  1
3912500 2352500  2 27 14   6.2  960 293  2.8 8  5.2  85    0  132 312 -359  1
3912500 2352500  2 27 15   4.7  960 302  3.4 6  5.0  85    9  166 305 -363  1
3912500 2352500  2 27 16   4.6  960 301  3.4 6  5.0  89    6  121 292 -359  1
3912500 2352500  2 27 17   4.5  960 314  2.2 6  5.1  91    5   67 290 -354  1
3912500 2352500  2 27 18   4.1  961 323  1.9 8  5.0  92   15   13 299 -351  1
3912500 2352500  2 27 19   3.9  960 328  1.8 7  4.8  91    0    0 301 -346  1
3912500 2352500  2 27 20   3.9  961 325  1.8 7  4.7  89    0    0 294 -342  1
3912500 2352500  2 27 21   3.3  962 321  1.7 6  4.7  90    0    0 287 -338  1
3912500 2352500  2 27 22   2.8  962 325  1.7 6  4.6  93    0    0 280 -335  1
3912500 2352500  2 27 23   2.4  963 339  1.7 5  4.6  95    0    0 273 -332  1
3912500 2352500  2 27 24   1.9  963 356  1.3 5  4.5  96    0    0 267 -330  1
3912500 2352500  2 28  1   1.8  963 353  0.9 5  4.4  97    0    0 266 -329  1
3912500 2352500  2 28  2   1.1  963 357  1.2 5  4.3  98    0    0 264 -328  1
3912500 2352500  2 28  3   1.4  963   7  1.1 7  4.3  99    0    0 273 -328  1
3912500 2352500  2 28  4   1.4  963  15  1.5 6  4.4  99    0    0 278 -328  1
3912500 2352500  2 28  5   1.4  963  15  1.6 7  4.3  98    0    0 278 -328  1
3912500 2352500  2 28  6   1.8  963  29  1.7 7  4.2  93    0    0 283 -328  1
3912500 2352500  2 28  7   2.6  964  57  1.9 7  4.2  90    0    0 286 -326  1
3912500 2352500  2 28  8   2.9  964  64  2.3 7  4.3  88    0    4 288 -323  1
3912500 2352500  2 28  9   3.6  964  79  3.2 8  4.4  86    0   38 293 -324  1
3912500 2352500  2 28 10   4.1  964  69  3.4 7  4.5  86   50   90 294 -330  1
3912500 2352500  2 28 11   4.5  965  84  3.6 7  4.6  84   30  138 291 -341  1
3912500 2352500  2 28 12   5.1  965  79  4.6 7  4.6  82   10  164 292 -349  1
3912500 2352500  2 28 13   4.9  965  72  4.5 7  4.6  81    0  152 292 -354  1
3912500 2352500  2 28 14   4.9  965  77  5.9 7  4.4  79    0   91 291 -352  1
3912500 2352500  2 28 15   4.5  964  67  5.0 8  4.3  77    0   62 294 -353  1
3912500 2352500  2 28 16   4.4  964  73  4.1 8  4.2  77    0   40 298 -354  1
3912500 2352500  2 28 17   4.4  964  80  4.4 8  4.2  77    0   37 297 -350  1
3912500 2352500  2 28 18   4.4  965  66  3.7 8  4.2  77    0   13 296 -343  1
3912500 2352500  2 28 19   4.3  965  53  3.7 7  4.2  77    0    0 290 -336  1
3912500 2352500  2 28 20   4.3  966  51  3.1 7  4.2  77    0    0 282 -331  1
3912500 2352500  2 28 21   4.1  966  59  3.2 7  4.2  78    0    0 281 -328  1
3912500 2352500  2 28 22   4.1  966  33  2.2 8  4.2  78    0    0 284 -328  1
3912500 2352500  2 28 23   4.0  967  37  2.1 8  4.2  79    0    0 287 -328  1
3912500 2352500  2 28 24   4.0  967  43  1.7 8  4.2  80    0    0 286 -328  1
3912500 2352500  3  1  1   3.7  967  54  2.5 8  4.2  82    0    0 283 -325  1
3912500 2352500  3  1  2   4.0  967  71  3.1 7  4.2  81    0    0 279 -324  1
3912500 2352500  3  1  3   3.4  968  51  3.0 6  4.2  81    0    0 270 -322  1
3912500 2352500  3  1  4   3.1  968  59  3.0 6  4.1  82    0    0 265 -320  1
3912500 2352500  3  1  5   2.9  968  58  2.8 7  4.1  82    0    0 268 -318  1
3912500 2352500  3  1  6   2.8  968  66  2.7 7  4.0  82    0    0 272 -316  1
3912500 2352500  3  1  7   2.8  968  63  3.1 8  4.0  82    0    0 277 -316  1
3912500 2352500  3  1  8   2.6  969  58  4.6 8  3.9  82    0   19 283 -316  1
3912500 2352500  3  1  9   2.5  969  68  4.7 7  3.9  82    0   80 278 -317  1
3912500 2352500  3  1 10   2.7  970  79  5.8 5  3.9  81   21  175 265 -319  1
3912500 2352500  3  1 11   3.5  970  84  5.9 2  3.8  78  170  231 243 -326  1
3912500 2352500  3  1 12   5.2  969  85  5.5 1  3.8  70  338  201 226 -334  1
3912500 2352500  3  1 13   7.0  969  90  5.4 1  3.9  64  363  215 225 -342  1
3912500 2352500  3  1 14   8.4  969  87  5.9 1  4.0  59  325  215 231 -348  1
3912500 2352500  3  1 15   8.9  968  90  6.4 1  4.0  54  289  183 235 -349  1
3912500 2352500  3  1 16   8.6  968  63  6.8 1  3.9  53  170  159 235 -346  1
3912500 2352500  3  1 17   7.5  968  73  5.6 2  3.8  54   63  107 239 -339  1
3912500 2352500  3  1 18   6.1  968  77  5.4 3  3.7  58    5   29 247 -333  1
3912500 2352500  3  1 19   4.9  968  86  4.6 6  3.6  61    0    0 263 -328  1
3912500 2352500  3  1 20   4.2  969  81  5.7 6  3.4  62    0    0 273 -326  1
3912500 2352500  3  1 21   3.0  970  89  6.7 7  3.3  64    0    0 274 -324  1
3912500 2352500  3  1 22   2.0  970  89  7.1 7  3.1  66    0    0 275 -322  1
3912500 2352500  3  1 23   1.4  969  87  7.2 8  3.0  68    0    0 277 -322  1
3912500 2352500  3  1 24   1.3  969  94  6.8 8  3.0  70    0    0 281 -320  1
3912500 2352500  3  2  1   1.1  969  85  5.1 7  3.0  71    0    0 278 -318  1
3912500 2352500  3  2  2   0.9  969  85  5.0 7  3.0  72    0    0 274 -317  1
3912500 2352500  3  2  3   0.8  968  92  6.3 6  3.0  72    0    0 270 -315  1
3912500 2352500  3  2  4   0.3  968  93  6.5 4  3.0  72    0    0 256 -315  1
3912500 2352500  3  2  5  -0.3  968  84  6.7 5  2.9  74    0    0 249 -314  1
3912500 2352500  3  2  6  -0.7  967  86  7.0 3  2.9  76    0    0 244 -314  1
3912500 2352500  3  2  7  -0.8  967  87  6.7 1  2.8  74    0    0 225 -313  1
3912500 2352500  3  2  8  -0.1  967  86  7.0 1  2.6  69   10   31 216 -312  1
3912500 2352500  3  2  9   0.7  967  81  7.4 0  2.6  64  100   79 210 -311  1
3912500 2352500  3  2 10   2.3  966  62  8.5 0  2.5  57  234  103 208 -314  1
3912500 2352500  3  2 11   3.7  967  78  8.0 0  2.4  49  357  111 211 -318  1
3912500 2352500  3  2 12   5.0  966  86  7.8 0  2.3  43  439  117 215 -323  1
3912500 2352500  3  2 13   6.4  966  79  7.3 0  2.3  39  462  126 219 -325  1
3912500 2352500  3  2 14   6.7  966  62  8.1 0  2.3  36  436  127 220 -327  1
3912500 2352500  3  2 15   7.2  965  69  7.7 0  2.3  35  378  114 219 -330  1
3912500 2352500  3  2 16   7.1  965  83  7.9 0  2.3  35  267  103 221 -329  1
3912500 2352500  3  2 17   5.9  965  98  7.6 0  2.3  36  136   81 221 -326  1
3912500 2352500  3  2 18   4.4  964  86  6.0 0  2.3  40   23   33 217 -323  1
3912500 2352500  3  2 19   3.2  965  95  5.3 1  2.3  45    0    0 218 -320  1
3912500 2352500  3  2 20   2.5  966  78  5.0 1  2.4  50    0    0 222 -319  1
3912500 2352500  3  2 21   2.2  967  83  6.2 1  2.5  53    0    0 221 -318  1
3912500 2352500  3  2 22   1.5  967  80  6.0 1  2.5  55    0    0 219 -317  1
3912500 2352500  3  2 23   0.8  966  79  5.4 1  2.5  58    0    0 216 -316  1
3912500 2352500  3  2 24   0.4  966  75  4.8 1  2.4  59    0    0 215 -316  1
3912500 2352500  3  3  1  -0.2  966  75  4.0 0  2.4  60    0    0 209 -316  1
3912500 2352500  3  3  2  -0.6  967  63  4.1 0  2.4  63    0    0 203 -315  1
3912500 2352500  3  3  3  -1.1  967  75  3.3 0  2.4  64    0    0 200 -315  1
3912500 2352500  3  3  4  -1.6  967  81  3.3 0  2.4  67    0    0 199 -314  1
3912500 2352500  3  3  5  -1.8  967  84  3.2 0  2.4  69    0    0 200 -313  1
3912500 2352500  3  3  6  -2.1  967  84  2.4 3  2.4  71    0    0 215 -313  1
3912500 2352500  3  3  7  -2.1  967  65  2.4 5  2.5  72    0    0 242 -313  1
3912500 2352500  3  3  8  -2.1  968  72  2.6 5  2.5  72   10   32 254 -314  1
3912500 2352500  3  3  9  -0.9  968  70  3.3 2  2.5  70   85   92 240 -316  1
3912500 2352500  3  3 10   0.3  968  76  3.1 3  2.5  66  188  137 232 -319  1
3912500 2352500  3  3 11   1.4  968  75  2.9 3  2.6  62  286  164 240 -324  1
3912500 2352500  3  3 12   1.8  968  71  3.3 3  2.6  59  368  170 242 -329  1
3912500 2352500  3  3 13   3.8  969  82  3.5 2  2.7  56  366  194 239 -333  1
3912500 2352500  3  3 14   4.5  968  93  4.0 2  2.8  54  339  192 238 -339  1
3912500 2352500  3  3 15   4.9  968  89  5.0 1  2.9  52  317  155 234 -340  1
3912500 2352500  3  3 16   5.5  968  87  5.0 1  2.8  50  221  130 229 -339  1
3912500 2352500  3  3 17   5.5  968  91  3.9 1  2.9  50  117   94 229 -337  1
3912500 2352500  3  3 18   3.5  968  93  4.0 2  3.0  54   21   35 233 -333  1
3912500 2352500  3  3 19   3.2  968  96  3.1 1  2.9  58    0    0 229 -329  1
3912500 2352500  3  3 20   2.5  969  81  4.1 1  3.0  61    0    0 220 -325  1
3912500 2352500  3  3 21   1.2  968  91  4.4 1  3.0  66    0    0 217 -321  1
3912500 2352500  3  3 22   1.1  969  92  3.8 1  3.0  70    0    0 216 -321  1
3912500 2352500  3  3 23   0.8  969  64  3.1 1  3.0  71    0    0 217 -321  1
3912500 2352500  3  3 24   0.3  969  68  3.9 1  3.0  73    0    0 218 -320  1
3912500 2352500  3  4  1  -0.5  969  77  3.6 0  3.0  77    0    0 211 -318  1
3912500 2352500  3  4  2  -1.1  970  65  3.9 0  3.0  81    0    0 204 -317  1
3912500 2352500  3  4  3  -1.5  970  48  3.3 0  3.0  83    0    0 202 -316  1
3912500 2352500  3  4  4  -1.7  971  42  3.3 0  3.0  85    0    0 203 -316  1
3912500 2352500  3  4  5  -1.7  971  40  3.0 0  3.0  85    0    0 202 -315  1
3912500 2352500  3  4  6  -2.1  971  46  3.3 0  3.0  86    0    0 202 -314  1
3912500 2352500  3  4  7  -2.6  970  84  3.3 3  3.0  89    0    0 217 -313  1
3912500 2352500  3  4  8  -1.6  970  70  3.4 3  3.0  89   13   31 234 -313  1
3912500 2352500  3  4  9  -0.3  972  84  3.3 0  3.2  85   94   84 220 -315  1
3912500 2352500  3  4 10   1.5  972  69  3.5 0  3.2  78  186  132 207 -319  1
3912500 2352500  3  4 11   1.3  972  68  3.9 0  3.3  75  253  174 209 -328  1
3912500 2352500  3  4 12   3.2  972  72  3.8 1  3.3  72  403  139 218 -335  1
3912500 2352500  3  4 13   3.5  972  94  4.3 0  3.4  68  429  150 221 -341  1
3912500 2352500  3  4 14   5.0  971  81  4.7 0  3.5  66  406  149 218 -346  1
3912500 2352500  3  4 15   6.4  970  82  4.3 0  3.6  61  365  130 222 -349  1
3912500 2352500  3  4 16   6.2  969  83  3.8 0  3.7  59  262  115 225 -350  1
3912500 2352500  3  4 17   6.4  969  75  4.0 0  3.7  60  138   88 225 -346  1
3912500 2352500  3  4 18   4.7  969  48  2.4 1  3.7  62   25   35 229 -341  1
3912500 2352500  3  4 19   3.7  969  60  2.6 1  3.6  67    0    0 230 -334  1
3912500 2352500  3  4 20   1.8  969  50  3.1 1  3.5  73    0    0 226 -327  1
3912500 2352500  3  4 21   1.1  969  57  2.9 1  3.5  79    0    0 225 -323  1
3912500 2352500  3  4 22  -0.4  969  71  2.4 1  3.4  84    0    0 224 -321  1
3912500 2352500  3  4 23  -0.3  969  67  2.8 1  3.4  87    0    0 223 -322  1
3912500 2352500  3  4 24  -1.7  969  42  3.3 0  3.3  89    0    0 216 -325  1
3912500 2352500  3  5  1  -1.7  969  37  2.8 0  3.2  91    0    0 208 -325  1
3912500 2352500  3  5  2  -1.2  969  46  3.9 0  3.1  88    0    0 205 -323  1
3912500 2352500  3  5  3  -2.0  969  42  2.4 1  3.1  89    0    0 206 -321  1
3912500 2352500  3  5  4  -1.8  969  44  1.5 2  3.1  90    0    0 212 -320  1
3912500 2352500  3  5  5  -2.2  968  51  1.3 2  3.1  91    0    0 216 -319  1
3912500 2352500  3  5  6  -1.4  968  73  1.7 3  3.2  92    0    0 222 -319  1
3912500 2352500  3  5  7  -1.8  968  87  1.9 5  3.2  92    0    0 235 -320  1
3912500 2352500  3  5  8  -1.7  968  71  1.7 5  3.2  93    0   26 243 -321  1
3912500 2352500  3  5  9  -0.2  968  63  1.7 4  3.4  92    2   88 243 -321  1
3912500 2352500  3  5 10   0.4  968  67  1.4 5  3.5  88    4  143 246 -325  1
3912500 2352500  3  5 11   0.8  967   3  2.1 5  3.6  87    8  191 252 -331  1
3912500 2352500  3  5 12   1.9  967  85  2.7 2  3.6  83  170  251 241 -338  1
3912500 2352500  3  5 13   3.3  967  79  2.0 0  3.7  77  474  123 222 -346  1
3912500 2352500  3  5 14   4.3  967  94  2.8 0  3.7  71  467  124 218 -354  1
3912500 2352500  3  5 15   4.9  966 107  2.3 0  3.8  69  402  119 222 -357  1
3912500 2352500  3  5 16   5.2  965 104  2.2 1  4.0  69  289  106 229 -354  1
3912500 2352500  3  5 17   4.4  964 105  2.1 2  4.0  71  150   84 236 -350  1
3912500 2352500  3  5 18   4.1  964 164  2.3 4  4.0  73   29   37 248 -345  1
3912500 2352500  3  5 19   2.3  965 125  2.3 1  3.9  77    0    0 238 -340  1
3912500 2352500  3  5 20   0.5  966 149  2.0 0  3.7  85    0    0 210 -335  1
3912500 2352500  3  5 21   0.5  965 172  1.7 1  3.6  88    0    0 204 -333  1
3912500 2352500  3  5 22  -0.7  966 211  1.3 2  3.5  89    0    0 210 -330  1
3912500 2352500  3  5 23  -1.1  966 332  1.2 3  3.4  92    0    0 218 -328  1
3912500 2352500  3  5 24  -1.3  966  26  1.5 4  3.4  94    0    0 228 -327  1
3912500 2352500  3  6  1  -0.4  967  41  1.3 4  3.4  91    0    0 237 -326  1
3912500 2352500  3  6  2  -0.4  966  27  1.6 3  3.6  92    0    0 238 -323  1
3912500 2352500  3  6  3  -1.7  966   6  1.0 2  3.6  98    0    0 230 -321  1
3912500 2352500  3  6  4  -1.9  966   0  0.8 1  3.4  98    0    0 221 -320  1
3912500 2352500  3  6  5  -2.4  966   1  1.7 3  3.3  97    0    0 225 -318  1
3912500 2352500  3  6  6  -1.9  966   5  1.0 4  3.3  98    0    0 239 -316  1
3912500 2352500  3  6  7  -1.8  967 326  1.3 5  3.4  97    0    0 249 -315  1
3912500 2352500  3  6  8  -1.3  967 341  1.9 5  3.4  96   13   33 254 -315  1
3912500 2352500  3  6  9  -0.9  968 352  1.4 0  3.5  97   77  105 232 -317  1
3912500 2352500  3  6 10   1.4  968  50  1.8 1  3.7  91  170  165 216 -323  1
3912500 2352500  3  6 11   5.0  969  60  2.5 0  3.7  73  252  207 223 -332  1
3912500 2352500  3  6 12   5.2  969  52  2.8 0  3.6  63  307  232 224 -344  1
3912500 2352500  3  6 13   4.5  969  77  4.2 0  3.5  62  309  254 224 -356  1
3912500 2352500  3  6 14   3.4  969  80  4.2 0  3.4  64  294  245 222 -364  1
3912500 2352500  3  6 15   4.6  969  86  4.1 1  3.3  62  248  215 226 -365  1
3912500 2352500  3  6 16   2.7  969  82  5.2 2  3.2  62  185  168 231 -360  1
3912500 2352500  3  6 17   1.9  969  63  5.3 3  3.0  65  101  115 233 -351  1
3912500 2352500  3  6 18   1.6  968  45  3.6 6  2.9  66   21   43 245 -338  1
3912500 2352500  3  6 19   1.1  969  57  4.7 3  2.9  66    0    0 241 -327  1
3912500 2352500  3  6 20   0.8  970  64  4.7 3  2.8  65    0    0 230 -321  1
3912500 2352500  3  6 21   0.6  970  70  4.3 8  2.7  64    0    0 245 -318  1
3912500 2352500  3  6 22   0.6  971  62  4.2 8  2.6  63    0    0 263 -316  1
3912500 2352500  3  6 23   0.4  971  53  4.5 7  2.6  63    0    0 261 -314  1
3912500 2352500  3  6 24   0.1  971  54  4.2 3  2.5  63    0    0 243 -313  1
3912500 2352500  3  7  1  -0.5  971  58  4.1 1  2.5  64    0    0 220 -312  1
3912500 2352500  3  7  2  -0.5  972  50  4.2 0  2.4  64    0    0 208 -310  1
3912500 2352500  3  7  3  -0.5  972  52  4.5 0  2.4  62    0    0 204 -307  1
3912500 2352500  3  7  4  -0.9  972  55  5.0 0  2.3  62    0    0 203 -305  1
3912500 2352500  3  7  5  -1.2  972  49  6.2 0  2.3  62    0    0 202 -303  1
3912500 2352500  3  7  6  -1.5  972  51  6.7 0  2.3  63    0    0 201 -301  1
3912500 2352500  3  7  7  -1.4  972  52  7.3 1  2.3  64    0    0 204 -300  1
3912500 2352500  3  7  8  -1.2  972  49  7.3 1  2.2  62   28   29 207 -300  1
3912500 2352500  3  7  9   0.3  972  50  7.6 0  2.2  57  147   66 204 -302  1
3912500 2352500  3  7 10   1.9  973  51  7.6 0  2.1  50  297   75 203 -308  1
3912500 2352500  3  7 11   3.7  972  54  7.2 0  2.1  44  424   78 206 -317  1
3912500 2352500  3  7 12   4.8  973  54  5.7 0  2.0  38  507   77 209 -328  1
3912500 2352500  3  7 13   7.8  973  60  6.0 0  2.0  32  515   85 214 -338  1
3912500 2352500  3  7 14   7.7  972  57  5.9 0  2.0  30  488   88 219 -348  1
3912500 2352500  3  7 15   8.2  972  57  6.1 0  2.0  29  436   81 221 -351  1
3912500 2352500  3  7 16   8.2  972  53  5.5 0  2.0  28  324   77 221 -348  1
3912500 2352500  3  7 17   7.1  971  47  5.5 0  1.9  28  176   69 220 -341  1
3912500 2352500  3  7 18   5.7  971  51  4.8 0  1.8  29   39   36 218 -330  1
3912500 2352500  3  7 19   3.3  972  41  3.4 0  1.7  32    0    0 212 -321  1
3912500 2352500  3  7 20   2.4  972  38  2.9 0  1.7  35    0    0 208 -316  1
3912500 2352500  3  7 21   1.9  972  37  3.4 0  1.7  38    0    0 206 -313  1
3912500 2352500  3  7 22   0.6  972  45  4.3 0  1.8  42    0    0 206 -312  1
3912500 2352500  3  7 23  -1.3  972  39  3.2 0  1.9  49    0    0 203 -311  1
3912500 2352500  3  7 24  -2.1  972  33  2.8 0  1.9  56    0    0 201 -309  1
3912500 2352500  3  8  1  -2.2  972  22  1.4 0  1.9  58    0    0 200 -307  1
3912500 2352500  3  8  2  -2.3  971   5  1.6 0  1.9  58    0    0 199 -305  1
3912500 2352500  3  8  3  -2.5  972 358  1.0 0  2.0  60    0    0 199 -304  1
3912500 2352500  3  8  4  -2.8  972 159  1.5 0  2.0  62    0    0 199 -302  1
3912500 2352500  3  8  5  -2.5  972 219  1.4 0  2.0  62    0    0 200 -301  1
3912500 2352500  3  8  6  -3.4  972 231  1.6 0  2.0  64    0    0 199 -302  1
3912500 2352500  3  8  7  -4.0  972 228  1.7 1  2.1  70    0    0 201 -302  1
3912500 2352500  3  8  8  -2.6  972 245  1.7 1  2.2  70   21   35 204 -303  1
3912500 2352500  3  8  9  -0.2  972 227  1.9 0  2.2  63  106   97 206 -307  1
3912500 2352500  3  8 10   1.5  973 186  1.6 0  2.2  54  217  138 208 -315  1
3912500 2352500  3  8 11   3.1  972 163  1.9 0  2.4  52  318  162 212 -328  1
3912500 2352500  3  8 12   5.1  972 163  2.4 0  2.7  51  389  174 218 -344  1
3912500 2352500  3  8 13   7.7  972 175  2.7 0  3.0  48  403  189 226 -361  1
3912500 2352500  3  8 14   8.7  972 169  2.4 0  3.4  48  387  185 232 -372  1
3912500 2352500  3  8 15  11.1  971 147  2.5 0  3.6  46  337  162 239 -375  1
3912500 2352500  3  8 16  11.0  970 116  2.7 0  3.8  44  245  137 244 -373  1
3912500 2352500  3  8 17  10.9  969  99  2.4 0  3.8  45  131  101 244 -365  1
3912500 2352500  3  8 18   7.8  968  71  1.9 1  3.9  51   29   42 241 -354  1
3912500 2352500  3  8 19   6.1  968 333  1.9 0  3.9  60    0    0 235 -340  1
3912500 2352500  3  8 20   5.0  968 315  2.1 0  3.9  66    0    0 230 -330  1
3912500 2352500  3  8 21   3.8  968 336  1.7 0  3.8  70    0    0 227 -324  1
3912500 2352500  3  8 22   2.0  968 322  1.8 0  3.7  76    0    0 222 -321  1
3912500 2352500  3  8 23   2.0  968 323  1.7 0  3.7  80    0    0 220 -319  1
3912500 2352500  3  8 24   1.2  968 328  1.8 0  3.8  85    0    0 218 -318  1
3912500 2352500  3  9  1   0.8  967 306  2.0 1  3.8  89    0    0 218 -316  1
3912500 2352500  3  9  2   1.3  967 212  1.0 1  3.7  86    0    0 218 -314  1
3912500 2352500  3  9  3   0.7  967  34  2.5 0  3.6  85    0    0 215 -313  1
3912500 2352500  3  9  4  -0.4  967 255  1.8 0  3.6  89    0    0 211 -312  1
3912500 2352500  3  9  5  -0.8  967 255  1.8 0  3.6  94    0    0 208 -310  1
3912500 2352500  3  9  6  -0.5  967 271  1.8 0  3.5  93    0    0 206 -308  1
3912500 2352500  3  9  7  -1.3  967 257  2.1 0  3.4  92    0    0 204 -307  1
3912500 2352500  3  9  8   0.4  966 250  2.3 1  3.5  91   22   36 206 -306  1
3912500 2352500  3  9  9   3.1  967 248  1.9 2  3.8  84  130   89 217 -309  1
3912500 2352500  3  9 10   5.3  967 196  2.7 1  4.1  76  258  121 222 -317  1
3912500 2352500  3  9 11   7.2  967 180  3.4 1  4.2  67  367  141 222 -330  1
3912500 2352500  3  9 12  10.2  967 188  3.3 0  4.0  54  438  153 223 -348  1
3912500 2352500  3  9 13  11.7  966 194  4.2 1  3.8  44  450  165 228 -365  1
3912500 2352500  3  9 14  12.5  966 233  4.3 1  3.7  41  429  162 236 -377  1
3912500 2352500  3  9 15  12.7  965 220  3.4 3  3.8  40  373  145 248 -382  1
3912500 2352500  3  9 16  13.2  964 226  3.9 4  3.8  39  199  142 264 -381  1
3912500 2352500  3  9 17  12.5  964 228  3.7 6  3.7  38   72  107 277 -374  1
3912500 2352500  3  9 18  11.7  964 268  3.2 7  3.6  40   27   40 289 -362  1
3912500 2352500  3  9 19   9.9  964 270  3.3 5  3.6  43    0    0 282 -348  1
3912500 2352500  3  9 20   8.8  963 280  3.0 5  3.7  48    0    0 270 -337  1
3912500 2352500  3  9 21   8.7  964 276  2.7 7  3.8  51    0    0 281 -329  1
3912500 2352500  3  9 22   7.9  964 244  3.4 7  3.8  53    0    0 292 -325  1
3912500 2352500  3  9 23   6.6  964 251  3.2 6  3.9  59    0    0 284 -323  1
3912500 2352500  3  9 24   7.1  965 234  3.0 6  4.0  62    0    0 279 -323  1
3912500 2352500  3 10  1   7.1  965 237  3.2 6  4.1  62    0    0 281 -322  1
3912500 2352500  3 10  2   7.8  964 244  3.6 7  4.1  60    0    0 287 -322  1
3912500 2352500  3 10  3   6.8  964 255  3.5 7  4.0  60    0    0 292 -322  1
3912500 2352500  3 10  4   6.0  964 223  3.7 8  3.9  63    0    0 296 -322  1
3912500 2352500  3 10  5   6.6  964 232  3.3 7  3.9  62    0    0 297 -321  1
3912500 2352500  3 10  6   6.1  964 227  3.2 7  3.9  62    0    0 293 -318  1
3912500 2352500  3 10  7   6.7  965 174  3.3 7  3.9  62    0    0 294 -316  1
3912500 2352500  3 10  8   6.6  965 157  3.8 7  3.9  61    2   36 295 -315  1
3912500 2352500  3 10  9   7.5  965 150  4.0 5  3.9  60   24  113 284 -317  1
3912500 2352500  3 10 10   8.9  966 148  4.4 7  4.0  56    2  137 288 -324  1
3912500 2352500  3 10 11  10.0  966 166  4.3 7  4.2  54    6  185 306 -337  1
3912500 2352500  3 10 12  11.1  966 180  5.5 4  4.3  52  229  234 292 -357  1
3912500 2352500  3 10 13  11.6  966 213  7.0 5  4.3  49  121  275 283 -374  1
3912500 2352500  3 10 14  12.3  966 213  7.8 6  4.3  47  158  256 299 -384  1
3912500 2352500  3 10 15  12.5  965 215  6.9 8  4.3  46   62  232 318 -387  1
3912500 2352500  3 10 16  12.3  964 213  6.1 8  4.4  47   32  173 328 -385  1
3912500 2352500  3 10 17  11.4  964 225  5.0 7  4.4  49    7   98 319 -378  1
3912500 2352500  3 10 18  10.5  964 261  5.0 7  4.4  52    9   34 310 -366  1
3912500 2352500  3 10 19   9.4  963 268  3.8 6  4.4  55    0    0 301 -353  1
3912500 2352500  3 10 20   8.6  964 272  3.5 6  4.4  59    0    0 294 -342  1
3912500 2352500  3 10 21   7.7  964 294  3.4 6  4.4  62    0    0 292 -336  1
3912500 2352500  3 10 22   5.9  965 295  3.6 4  4.4  68    0    0 279 -331  1
3912500 2352500  3 10 23   6.0  965 283  3.3 4  4.4  72    0    0 266 -327  1
3912500 2352500  3 10 24   6.4  965 299  4.6 4  4.4  72    0    0 267 -323  1
3912500 2352500  3 11  1   5.8  965 252  5.0 5  4.4  72    0    0 272 -321  1
3912500 2352500  3 11  2   5.9  966 283  4.6 6  4.4  73    0    0 282 -320  1
3912500 2352500  3 11  3   6.7  965 284  4.4 7  4.3  70    0    0 297 -319  1
3912500 2352500  3 11  4   5.7  965 269  4.9 7  4.3  70    0    0 305 -318  1
3912500 2352500  3 11  5   4.6  964 259  5.2 7  4.2  74    0    0 303 -317  1
3912500 2352500  3 11  6   3.9  964 253  4.2 7  4.2  77    0    0 300 -316  1
3912500 2352500  3 11  7   4.0  964 266  3.3 6  4.2  79    0    0 295 -316  1
3912500 2352500  3 11  8   5.1  965 284  3.2 6  4.3  78    0   25 291 -316  1
3912500 2352500  3 11  9   6.2  966 260  4.1 8  4.4  75    0   73 307 -318  1
3912500 2352500  3 11 10   7.2  966 112  3.1 8  4.5  70    0  102 322 -325  1
3912500 2352500  3 11 11   7.9  966 113  2.8 8  4.4  65    0  127 322 -340  1
3912500 2352500  3 11 12   8.7  966 140  4.0 7  4.4  62   28  245 317 -361  1
3912500 2352500  3 11 13   9.6  966 133  3.9 2  4.3  58  233  247 285 -379  1
3912500 2352500  3 11 14  10.9  965 167  3.6 2  4.3  52  382  152 262 -391  1
3912500 2352500  3 11 15  11.0  965 172  3.0 2  4.3  50  430   82 265 -396  1
3912500 2352500  3 11 16  11.2  965 189  2.7 2  4.3  50  339   72 265 -395  1
3912500 2352500  3 11 17  11.0  964 201  2.1 2  4.3  50  195   64 265 -385  1
3912500 2352500  3 11 18   9.8  964 320  1.5 1  4.3  52   51   36 259 -371  1
3912500 2352500  3 11 19   6.9  962  67  1.4 0  4.2  59    0    0 245 -356  1
3912500 2352500  3 11 20   5.2  963  22  1.2 0  4.2  68    0    0 233 -345  1
3912500 2352500  3 11 21   4.2  962  44  1.9 0  4.1  74    0    0 227 -338  1
3912500 2352500  3 11 22   1.8  962  17  2.7 0  4.0  81    0    0 221 -335  1
3912500 2352500  3 11 23   3.3  962  32  2.9 0  4.0  84    0    0 217 -332  1
3912500 2352500  3 11 24   1.6  962  23  2.3 1  4.0  84    0    0 219 -328  1
3912500 2352500  3 12  1   1.3  962  24  2.8 2  3.9  88    0    0 223 -326  1
3912500 2352500  3 12  2   1.5  961  27  2.8 2  3.8  86    0    0 225 -324  1
3912500 2352500  3 12  3   0.1  960  35  2.4 2  3.8  89    0    0 222 -323  1
3912500 2352500  3 12  4   0.3  960  30  2.3 2  3.7  91    0    0 219 -321  1
3912500 2352500  3 12  5  -0.4  959  51  1.9 2  3.6  91    0    0 220 -320  1
3912500 2352500  3 12  6  -1.1  959  37  1.0 3  3.6  94    0    0 223 -320  1
3912500 2352500  3 12  7  -0.8  958  48  1.1 3  3.5  94    0    2 226 -319  1
3912500 2352500  3 12  8   0.8  958  89  1.6 3  3.7  92   29   43 229 -319  1
3912500 2352500  3 12  9   2.2  957  43  1.6 5  4.0  88  134   95 240 -321  1
3912500 2352500  3 12 10   5.7  958  72  1.1 6  4.2  78  159  179 259 -334  1
3912500 2352500  3 12 11   7.5  957  20  1.7 5  4.4  69  381  153 267 -354  1
3912500 2352500  3 12 12   9.6  957 101  1.3 3  4.5  62  452  168 263 -371  1
3912500 2352500  3 12 13  11.5  956 141  1.6 4  4.6  55  449  182 266 -385  1
3912500 2352500  3 12 14  13.1  954 173  2.1 5  4.5  48  251  255 280 -398  1
3912500 2352500  3 12 15  12.0  954 163  2.1 6  4.5  47   22  221 293 -407  1
3912500 2352500  3 12 16  11.3  953 173  2.4 8  4.6  51    0   86 307 -407  1
3912500 2352500  3 12 17  11.1  953 189  2.0 7  4.8  54    2   88 312 -398  1
3912500 2352500  3 12 18   9.5  952 184  1.8 7  4.9  59   33   43 306 -384  1
3912500 2352500  3 12 19   7.2  952 178  1.5 6  4.8  66    0    0 296 -370  1
3912500 2352500  3 12 20   7.8  952 190  1.2 7  4.8  67    0    0 290 -360  1
3912500 2352500  3 12 21   7.5  952 234  1.1 7  4.8  69    0    0 298 -355  1
3912500 2352500  3 12 22   7.3  952 265  1.1 8  4.8  70    0    0 308 -351  1
3912500 2352500  3 12 23   7.1  952 297  1.6 8  4.6  69    0    0 314 -347  1
3912500 2352500  3 12 24   6.8  953 278  2.3 8  4.5  68    0    0 314 -345  1
3912500 2352500  3 13  1   6.6  967 265  3.2 7  4.3  66    0    0 306 -351  1
3912500 2352500  3 13  2   6.5  967 243  3.8 7  4.2  66    0    0 300 -351  1
3912500 2352500  3 13  3   6.5  967 231  4.1 7  4.1  65    0    0 307 -351  1
3912500 2352500  3 13  4   6.7  967 233  4.0 7  4.2  66    0    0 315 -350  1
3912500 2352500  3 13  5   6.7  966 234  3.7 8  4.2  67    0    0 314 -349  1
3912500 2352500  3 13  6   7.0  966 241  3.5 8  4.4  68    0    0 319 -350  1
3912500 2352500  3 13  7   7.0  967 238  2.9 8  4.5  70    0    2 319 -351  1
3912500 2352500  3 13  8   6.9  967 246  2.6 8  4.6  71    4   48 319 -351  1
3912500 2352500  3 13  9   7.6  968 219  3.3 6  4.7  72   16  125 306 -353  1
3912500 2352500  3 13 10   8.3  968 227  3.0 6  4.8  70   80  218 294 -357  1
3912500 2352500  3 13 11   9.3  968 228  2.9 5  4.9  66  114  282 289 -363  1
3912500 2352500  3 13 12  10.2  968 277  2.8 5  5.0  63  129  324 285 -368  1
3912500 2352500  3 13 13  10.9  968 263  2.7 6  5.1  61   66  324 292 -373  1
3912500 2352500  3 13 14  10.9  967 271  2.7 7  5.1  60   11  231 303 -374  1
3912500 2352500  3 13 15  11.0  967 271  3.2 8  5.0  59   15  187 314 -372  1
3912500 2352500  3 13 16  11.1  967 271  2.3 8  5.1  59    1  133 321 -369  1
3912500 2352500  3 13 17  10.5  967 294  2.6 8  5.0  60    6  102 320 -368  1
3912500 2352500  3 13 18   9.4  967 326  2.2 7  5.1  64    0   34 312 -368  1
3912500 2352500  3 13 19   7.7  967  31  1.7 7  5.2  72    0    0 301 -365  1
3912500 2352500  3 13 20   5.9  967  49  1.3 7  5.1  79    0    0 295 -362  1
3912500 2352500  3 13 21   5.7  966 140  1.2 6  4.9  82    0    0 286 -360  1
3912500 2352500  3 13 22   4.7  966 136  1.3 6  4.8  83    0    0 278 -356  1
3912500 2352500  3 13 23   4.0  966  91  1.4 3  4.7  86    0    0 257 -351  1
3912500 2352500  3 13 24   3.2  966 129  2.0 1  4.6  90    0    0 223 -346  1
3912500 2352500  3 14  1   2.6  966 136  1.8 1  4.5  92    0    0 206 -345  1
3912500 2352500  3 14  2   2.6  965 132  1.8 2  4.4  92    0    0 209 -346  1
3912500 2352500  3 14  3   2.7  965 138  2.1 4  4.4  92    0    0 227 -348  1
3912500 2352500  3 14  4   2.2  965 156  1.8 4  4.4  92    0    0 240 -348  1
3912500 2352500  3 14  5   1.4  964 170  1.4 5  4.3  95    0    0 245 -347  1
3912500 2352500  3 14  6   1.8  964 167  0.9 6  4.3  96    0    0 259 -345  1
3912500 2352500  3 14  7   1.0  964 236  1.1 5  4.2  96    0    7 256 -342  1
3912500 2352500  3 14  8   1.7  964 208  1.4 5  4.3  97    4   51 247 -340  1
3912500 2352500  3 14  9   4.0  964 228  0.7 6  4.7  95   28  137 262 -342  1
3912500 2352500  3 14 10   5.9  964 211  1.5 6  5.0  88   89  220 279 -353  1
3912500 2352500  3 14 11   7.7  965 218  1.1 6  5.2  80  199  271 286 -367  1
3912500 2352500  3 14 12   9.6  964 210  1.6 6  5.2  71  251  298 293 -380  1
3912500 2352500  3 14 13  11.0  965 230  2.3 7  5.3  64  121  334 306 -391  1
3912500 2352500  3 14 14  11.3  964 240  3.0 7  5.3  61   50  287 317 -396  1
3912500 2352500  3 14 15  12.9  963 238  3.3 7  5.2  56   11  182 323 -397  1
3912500 2352500  3 14 16  12.6  963 242  2.6 7  5.1  53  100  211 328 -395  1
3912500 2352500  3 14 17  12.7  963 234  2.9 7  5.1  54   61  137 330 -389  1
3912500 2352500  3 14 18  11.5  963 222  1.9 8  5.1  55    4   44 337 -381  1
3912500 2352500  3 14 19  10.2  963 200  2.3 6  5.2  61    0    0 327 -373  1
3912500 2352500  3 14 20   9.4  963 209  2.2 5  5.2  66    0    0 302 -367  1
3912500 2352500  3 14 21   8.2  964 247  2.4 5  5.1  69    0    0 293 -361  1
3912500 2352500  3 14 22   8.1  964 248  2.6 6  5.1  72    0    0 301 -358  1
3912500 2352500  3 14 23   7.3  964 265  2.2 7  5.1  75    0    0 316 -356  1
3912500 2352500  3 14 24   7.0  965 279  2.3 6  5.1  78    0    0 316 -352  1
3912500 2352500  3 15  1   7.1  966 294  3.3 6  5.1  77    0    0 309 -348  1
3912500 2352500  3 15  2   7.4  966 277  3.4 6  5.2  78    0    0 309 -342  1
3912500 2352500  3 15  3   8.0  967 257  3.0 7  5.5  80    0    0 317 -340  1
3912500 2352500  3 15  4   8.0  967 265  4.1 7  5.7  82    0    0 324 -341  1
3912500 2352500  3 15  5   7.6  968 246  3.2 8  5.5  79    0    0 326 -341  1
3912500 2352500  3 15  6   7.6  969 258  3.2 8  5.0  74    0    0 330 -341  1
3912500 2352500  3 15  7   6.6  969 256  2.5 7  4.8  73    0    6 322 -340  1
3912500 2352500  3 15  8   7.3  970 253  2.7 7  4.8  74    2   49 315 -339  1
3912500 2352500  3 15  9   8.0  971 254  3.0 5  4.9  72   16  148 307 -340  1
3912500 2352500  3 15 10   8.4  972 263  3.1 5  4.9  69   64  261 296 -344  1
3912500 2352500  3 15 11   9.2  972 280  3.3 6  4.7  63    9  231 303 -349  1
3912500 2352500  3 15 12   9.5  972 281  3.9 6  4.5  60    0  142 310 -353  1
3912500 2352500  3 15 13   9.3  972 304  3.6 7  4.3  57    0  120 316 -359  1
3912500 2352500  3 15 14   9.3  972 295  3.9 7  4.2  55    0   94 321 -363  1
3912500 2352500  3 15 15   9.4  972 292  2.9 7  4.1  54    0  104 320 -363  1
3912500 2352500  3 15 16   9.0  972 266  2.5 8  4.1  54    0   69 326 -361  1
3912500 2352500  3 15 17   8.9  973 289  2.4 8  4.3  58    0   82 330 -355  1
3912500 2352500  3 15 18   8.1  973 286  1.5 7  4.4  62    0   33 323 -350  1
3912500 2352500  3 15 19   7.1  973 251  1.5 8  4.6  68    0    0 321 -347  1
3912500 2352500  3 15 20   6.1  973 263  1.3 8  4.8  76    0    0 324 -346  1
3912500 2352500  3 15 21   5.3  974 251  1.2 7  4.8  80    0    0 316 -345  1
3912500 2352500  3 15 22   6.0  975 189  1.4 7  4.6  78    0    0 310 -344  1
3912500 2352500  3 15 23   4.5  975 249  1.6 7  4.7  82    0    0 310 -343  1
3912500 2352500  3 15 24   4.3  975 241  0.9 7  4.8  89    0    0 308 -343  1
3912500 2352500  3 16  1   4.9  975 217  0.9 8  4.8  87    0    0 313 -343  1
3912500 2352500  3 16  2   4.0  975 201  1.0 8  4.8  88    0    0 317 -343  1
3912500 2352500  3 16  3   4.3  975 207  1.2 8  4.8  91    0    0 314 -343  1
3912500 2352500  3 16  4   4.3  975 296  1.0 5  4.9  91    0    0 297 -343  1
3912500 2352500  3 16  5   3.4  975 358  1.1 5  4.8  92    0    0 277 -342  1
3912500 2352500  3 16  6   2.2  974  45  1.2 3  4.5  94    0    0 263 -342  1
3912500 2352500  3 16  7   2.3  974 358  1.5 1  4.4  94    0   11 239 -342  1
3912500 2352500  3 16  8   3.2  975 326  1.5 1  4.4  92   22   76 230 -342  1
3912500 2352500  3 16  9   5.1  976  75  1.6 2  4.7  89  108  169 239 -344  1
3912500 2352500  3 16 10   6.5  976  89  1.8 1  4.9  83  202  244 244 -350  1
3912500 2352500  3 16 11   8.0  976  83  2.4 2  4.9  75  179  320 249 -354  1
3912500 2352500  3 16 12   8.4  976  83  2.2 4  4.8  68  122  359 267 -365  1
3912500 2352500  3 16 13   9.9  977  64  1.8 4  4.7  63  114  372 280 -380  1
3912500 2352500  3 16 14  10.5  976 100  1.9 5  4.6  58   47  316 289 -381  1
3912500 2352500  3 16 15  11.2  975  99  1.7 7  4.5  53   31  237 305 -380  1
3912500 2352500  3 16 16  11.4  975  16  1.9 6  4.3  50   63  233 310 -380  1
3912500 2352500  3 16 17  11.0  975 102  3.1 4  4.2  49   99  162 295 -373  1
3912500 2352500  3 16 18   9.6  975  14  2.0 5  4.2  52   35   76 286 -363  1
3912500 2352500  3 16 19   8.1  976  71  2.5 3  4.3  59    0    5 276 -352  1
3912500 2352500  3 16 20   7.0  975   6  2.7 3  4.3  64    0    0 263 -342  1
3912500 2352500  3 16 21   5.8  976  36  2.6 3  4.3  69    0    0 259 -335  1
3912500 2352500  3 16 22   4.6  976  18  1.8 3  4.3  75    0    0 255 -331  1
3912500 2352500  3 16 23   4.3  976   3  2.7 2  4.2  77    0    0 248 -327  1
3912500 2352500  3 16 24   3.9  976   5  2.3 3  4.2  79    0    0 246 -325  1
3912500 2352500  3 17  1   2.8  975  21  1.7 4  4.2  83    0    0 249 -322  1
3912500 2352500  3 17  2   2.5  975  30  2.0 5  4.0  85    0    0 253 -321  1
3912500 2352500  3 17  3   1.9  975   7  1.3 5  4.0  87    0    0 255 -321  1
3912500 2352500  3 17  4   1.4  974   9  1.5 4  4.0  90    0    0 248 -321  1
3912500 2352500  3 17  5   0.7  974  27  1.6 4  4.0  94    0    0 242 -320  1
3912500 2352500  3 17  6   0.6  974  23  2.2 3  3.9  94    0    0 236 -320  1
3912500 2352500  3 17  7   0.6  975  66  1.3 1  3.8  93    0   12 223 -319  1
3912500 2352500  3 17  8   2.1  975 109  1.5 2  4.0  92   27   73 217 -319  1
3912500 2352500  3 17  9   4.0  975  56  1.3 5  4.2  86   93  159 239 -321  1
3912500 2352500  3 17 10   6.3  976 123  1.0 6  4.5  79  159  229 265 -334  1
3912500 2352500  3 17 11   7.8  976 122  1.5 6  4.6  72  290  258 276 -356  1
3912500 2352500  3 17 12   9.4  976 132  2.1 6  4.8  66  265  314 284 -375  1
3912500 2352500  3 17 13  11.1  977 140  2.0 5  4.9  61  261  330 287 -390  1
3912500 2352500  3 17 14  11.4  976 173  2.3 5  4.8  56  210  325 287 -398  1
3912500 2352500  3 17 15  11.3  976 158  2.0 7  4.6  52  145  291 297 -400  1
3912500 2352500  3 17 16  12.5  975  96  1.6 5  4.5  50  181  220 300 -395  1
3912500 2352500  3 17 17  12.1  975   0  4.2 6  4.7  51   69  154 298 -387  1
3912500 2352500  3 17 18  10.7  975  36  2.4 7  4.8  55   25   61 305 -376  1
3912500 2352500  3 17 19   8.8  975   9  3.0 2  4.7  60    0    8 284 -363  1
3912500 2352500  3 17 20   7.1  975   0  1.5 2  4.6  67    0    0 259 -355  1
3912500 2352500  3 17 21   5.7  976   3  2.6 1  4.6  74    0    0 249 -353  1
3912500 2352500  3 17 22   5.3  976 358  2.3 1  4.5  77    0    0 242 -350  1
3912500 2352500  3 17 23   4.7  977   3  3.7 1  4.4  79    0    0 239 -345  1
3912500 2352500  3 17 24   4.0  977  16  1.7 0  4.4  82    0    0 231 -339  1
3912500 2352500  3 18  1   3.1  976 338  0.9 0  4.4  86    0    0 224 -335  1
3912500 2352500  3 18  2   3.4  976  49  0.7 1  4.4  88    0    0 226 -329  1
3912500 2352500  3 18  3   2.6  977 302  0.8 0  4.3  89    0    0 225 -323  1
3912500 2352500  3 18  4   2.6  976 148  1.1 0  4.2  89    0    0 217 -321  1
3912500 2352500  3 18  5   1.4  976  66  0.9 1  4.2  92    0    0 219 -320  1
3912500 2352500  3 18  6   1.2  976  22  1.3 2  4.2  96    0    0 224 -318  1
3912500 2352500  3 18  7   0.7  976  38  1.9 3  4.1  97    2   12 230 -315  1
3912500 2352500  3 18  8   2.4  976  83  2.4 3  4.2  95   53   65 233 -315  1
3912500 2352500  3 18  9   4.9  976  80  2.8 2  4.6  89  166  119 233 -318  1
3912500 2352500  3 18 10   6.3  977  58  2.4 4  4.6  78  263  168 240 -326  1
3912500 2352500  3 18 11   8.2  976 102  2.3 4  4.4  67  366  191 250 -346  1
3912500 2352500  3 18 12   9.7  976 105  2.3 5  4.0  54  495  177 257 -368  1
3912500 2352500  3 18 13  10.4  976 123  2.2 3  3.1  40  509  184 254 -383  1
3912500 2352500  3 18 14  11.2  975 166  2.4 3  2.7  33  490  176 248 -392  1
3912500 2352500  3 18 15  11.7  974 152  2.6 5  2.7  30  363  187 260 -394  1
3912500 2352500  3 18 16  11.8  973  20  2.8 5  2.5  28  285  153 269 -392  1
3912500 2352500  3 18 17  11.1  972  51  3.4 6  2.4  27  106  137 271 -380  1
3912500 2352500  3 18 18   9.9  972  41  2.5 6  2.4  29   16   57 273 -365  1
3912500 2352500  3 18 19   9.0  972  56  2.5 4  2.3  31    0    6 262 -355  1
3912500 2352500  3 18 20   6.9  972  63  2.9 4  2.4  34    0    0 250 -348  1
3912500 2352500  3 18 21   5.8  971  60  2.4 6  2.5  41    0    0 257 -343  1
3912500 2352500  3 18 22   4.0  971  71  2.8 4  2.7  48    0    0 255 -339  1
3912500 2352500  3 18 23   1.8  971  49  1.7 3  2.8  57    0    0 237 -335  1
3912500 2352500  3 18 24   1.9  970  51  1.4 2  2.8  62    0    0 226 -333  1
3912500 2352500  3 19  1   1.4  969  78  1.9 0  2.7  61    0    0 211 -331  1
3912500 2352500  3 19  2   0.4  969  71  2.2 0  2.6  61    0    0 201 -329  1
3912500 2352500  3 19  3   0.0  969 121  1.9 0  2.6  64    0    0 200 -328  1
3912500 2352500  3 19  4   0.5  968 132  2.0 0  2.5  62    0    0 201 -327  1
3912500 2352500  3 19  5  -0.6  968  83  1.8 2  2.6  65    0    0 210 -326  1
3912500 2352500  3 19  6  -0.8  968 340  1.4 3  2.6  69    0    0 223 -326  1
3912500 2352500  3 19  7  -0.5  967  33  1.2 4  2.6  69    0   13 234 -326  1
3912500 2352500  3 19  8   0.2  967  42  0.3 3  2.7  69   50   67 238 -327  1
3912500 2352500  3 19  9   2.8  967   2  0.5 4  2.9  66  176  117 243 -333  1
3912500 2352500  3 19 10   4.7  967 345  0.6 4  3.1  59  300  158 255 -342  1
3912500 2352500  3 19 11   6.8  967 342  2.1 4  3.1  52  208  262 262 -349  1
3912500 2352500  3 19 12   7.8  967 349  2.6 6  3.0  46   74  309 278 -358  1
3912500 2352500  3 19 13   8.1  967   5  3.5 5  2.8  40  131  326 285 -366  1
3912500 2352500  3 19 14   9.1  967 354  3.7 5  2.5  35  142  308 278 -367  1
3912500 2352500  3 19 15   9.7  966   7  3.3 7  2.4  32   30  209 287 -364  1
3912500 2352500  3 19 16   8.3  966  21  4.1 8  2.6  35    0  115 296 -361  1
3912500 2352500  3 19 17   8.4  966   8  4.6 7  2.6  37   20  129 291 -354  1
3912500 2352500  3 19 18   7.6  967  24  3.3 5  2.5  36   41   60 277 -347  1
3912500 2352500  3 19 19   6.6  967  20  3.5 7  2.5  39    0    8 274 -340  1
3912500 2352500  3 19 20   5.7  967   3  3.0 7  2.8  46    0    0 280 -331  1
3912500 2352500  3 19 21   4.6  968  28  4.1 6  3.1  55    0    0 274 -324  1
3912500 2352500  3 19 22   3.8  969  37  3.1 5  3.4  63    0    0 264 -321  1
3912500 2352500  3 19 23   3.2  970  60  3.5 4  3.4  68    0    0 254 -319  1
3912500 2352500  3 19 24   2.3  970  72  3.5 2  3.3  68    0    0 239 -316  1
3912500 2352500  3 20  1   1.4  970  63  3.0 1  3.1  69    0    0 223 -313  1
3912500 2352500  3 20  2   0.7  970  41  3.2 1  3.0  70    0    0 215 -312  1
3912500 2352500  3 20  3   0.3  970  29  2.7 1  3.0  72    0    0 213 -312  1
3912500 2352500  3 20  4  -0.5  970  16  2.0 0  3.0  75    0    0 206 -311  1
3912500 2352500  3 20  5  -0.8  970  17  2.2 0  2.9  78    0    0 201 -309  1
3912500 2352500  3 20  6  -1.5  970  25  2.0 1  2.9  80    0    0 203 -307  1
3912500 2352500  3 20  7  -0.5  970  10  4.0 7  2.9  80    0    9 231 -305  1
3912500 2352500  3 20  8   0.0  971  39  4.8 6  3.0  77    7   73 255 -305  1
3912500 2352500  3 20  9   1.1  971  46  4.5 4  2.9  70   74  180 244 -309  1
3912500 2352500  3 20 10   1.0  971  66  5.1 4  2.7  64   83  264 236 -316  1
3912500 2352500  3 20 11   1.6  972  85  5.5 5  2.6  60  100  327 242 -325  1
3912500 2352500  3 20 12   2.4  972  96  6.2 5  2.5  55   15  276 248 -333  1
3912500 2352500  3 20 13   2.3  972  97  5.8 6  2.4  52   27  309 254 -340  1
3912500 2352500  3 20 14   3.4  972  87  5.7 5  2.3  48   53  325 255 -348  1
3912500 2352500  3 20 15   3.2  972 103  5.1 6  2.1  43   24  254 254 -350  1
3912500 2352500  3 20 16   3.2  972  90  4.5 5  2.1  41   74  247 253 -348  1
3912500 2352500  3 20 17   3.1  972  96  4.2 4  2.1  42  101  171 244 -342  1
3912500 2352500  3 20 18   2.3  971 102  4.2 4  2.1  44   41   86 238 -334  1
3912500 2352500  3 20 19   1.3  972  81  3.2 1  2.2  49    0    7 224 -326  1
3912500 2352500  3 20 20   0.7  972  47  2.6 1  2.2  53    0    0 211 -320  1
3912500 2352500  3 20 21   0.3  972  44  2.5 0  2.3  55    0    0 205 -316  1
3912500 2352500  3 20 22  -0.2  973  60  2.2 0  2.3  57    0    0 199 -314  1
3912500 2352500  3 20 23  -0.6  973  41  2.7 0  2.3  59    0    0 197 -313  1
3912500 2352500  3 20 24  -1.1  973  35  3.3 0  2.2  60    0    0 196 -312  1
3912500 2352500  3 21  1  -1.3  973  28  2.6 1  2.3  63    0    0 198 -310  1
3912500 2352500  3 21  2  -1.6  972  19  3.6 0  2.3  64    0    0 198 -308  1
3912500 2352500  3 21  3  -1.8  972  21  3.4 0  2.3  65    0    0 194 -305  1
3912500 2352500  3 21  4  -2.2  971  29  3.5 0  2.3  66    0    0 194 -303  1
3912500 2352500  3 21  5  -3.0  971  30  2.3 1  2.3  70    0    0 196 -302  1
3912500 2352500  3 21  6  -3.6  971  22  1.9 1  2.2  73    0    0 197 -301  1
3912500 2352500  3 21  7  -2.7  971  27  2.5 1  2.3  72    5   14 198 -301  1
3912500 2352500  3 21  8  -1.1  972  37  2.6 1  2.4  70   78   59 201 -302  1
3912500 2352500  3 21  9   0.2  973  38  2.5 2  2.5  66  212   97 209 -308  1
3912500 2352500  3 21 10   1.5  973  57  3.1 2  2.6  62  350  120 215 -317  1
3912500 2352500  3 21 11   2.9  972  96  2.8 1  2.6  56  445  139 213 -329  1
3912500 2352500  3 21 12   3.3  972  96  2.7 2  2.5  50  378  222 215 -342  1
3912500 2352500  3 21 13   4.4  973 103  3.7 1  2.3  44  488  175 217 -356  1
3912500 2352500  3 21 14   5.5  972  79  3.9 1  2.2  39  553  131 217 -365  1
3912500 2352500  3 21 15   5.5  971  90  3.4 1  2.1  36  509  111 220 -368  1
3912500 2352500  3 21 16   6.2  971 114  2.7 1  2.0  34  388  102 223 -367  1
3912500 2352500  3 21 17   5.3  971 127  2.5 1  2.1  35  235   89 222 -360  1
3912500 2352500  3 21 18   4.3  970 124  2.6 0  2.1  38   89   59 215 -349  1
3912500 2352500  3 21 19   2.4  970  50  2.3 1  2.1  43    3   11 212 -337  1
3912500 2352500  3 21 20   0.9  970  28  1.4 1  2.2  50    0    0 213 -327  1
3912500 2352500  3 21 21  -0.1  971 118  2.0 0  2.3  57    0    0 205 -321  1
3912500 2352500  3 21 22  -1.1  971 125  1.6 0  2.3  61    0    0 197 -320  1
3912500 2352500  3 21 23  -1.1  971  99  1.2 1  2.3  63    0    0 201 -318  1
3912500 2352500  3 21 24  -1.7  971 107  1.7 1  2.3  66    0    0 206 -316  1
3912500 2352500  3 22  1  -1.6  971 161  1.6 0  2.3  67    0    0 200 -315  1
3912500 2352500  3 22  2  -1.8  971 184  1.8 0  2.3  65    0    0 193 -315  1
3912500 2352500  3 22  3  -2.7  970 265  1.4 0  2.3  68    0    0 194 -315  1
3912500 2352500  3 22  4  -2.9  970 258  1.4 3  2.4  74    0    0 211 -315  1
3912500 2352500  3 22  5  -2.8  970 261  1.3 4  2.5  78    0    0 232 -315  1
3912500 2352500  3 22  6  -2.2  970 265  1.1 6  2.6  78    0    0 250 -315  1
3912500 2352500  3 22  7  -2.2  970 259  0.7 7  2.6  78    0   13 270 -315  1
3912500 2352500  3 22  8  -1.3  971 283  0.4 6  2.7  77   13   75 272 -316  1
3912500 2352500  3 22  9   0.5  971 277  0.4 8  2.7  72   61  160 283 -319  1
3912500 2352500  3 22 10   2.6  971 192  1.5 5  2.8  63  227  195 280 -328  1
3912500 2352500  3 22 11   4.3  971 238  3.1 5  2.7  54  200  275 263 -342  1
3912500 2352500  3 22 12   6.0  971 306  1.1 2  2.7  47  372  252 245 -352  1
3912500 2352500  3 22 13   7.5  970 122  2.1 2  2.6  41  491  215 228 -352  1
3912500 2352500  3 22 14   9.3  971 304  2.9 2  2.6  36  468  209 232 -350  1
3912500 2352500  3 22 15   9.1  970 323  4.2 3  2.7  36  323  219 244 -351  1
3912500 2352500  3 22 16  10.6  970 313  3.9 6  2.8  35   40  202 273 -354  1
3912500 2352500  3 22 17   9.2  969 321  3.3 5  2.8  35   24  136 286 -357  1
3912500 2352500  3 22 18   8.3  970 300  3.0 6  3.0  41   36   64 285 -354  1
3912500 2352500  3 22 19   7.4  970 334  2.6 6  3.1  45    0   11 289 -346  1
3912500 2352500  3 22 20   6.3  970 324  1.6 6  3.3  52    0    0 286 -337  1
3912500 2352500  3 22 21   4.5  971   7  1.2 7  3.6  62    0    0 290 -330  1
3912500 2352500  3 22 22   3.8  971 341  1.1 7  3.7  70    0    0 293 -325  1
3912500 2352500  3 22 23   3.1  971 319  1.0 7  3.7  73    0    0 292 -322  1
3912500 2352500  3 22 24   2.0  971 333  1.4 6  3.6  76    0    0 283 -321  1
3912500 2352500  3 23  1   2.5  970 317  1.5 5  3.6  78    0    0 270 -320  1
3912500 2352500  3 23  2   1.2  970 332  2.2 4  3.6  79    0    0 257 -319  1
3912500 2352500  3 23  3   1.6  969 310  2.3 6  3.6  82    0    0 263 -318  1
3912500 2352500  3 23  4   1.9  969 323  2.7 6  3.6  81    0    0 277 -319  1
3912500 2352500  3 23  5   2.3  969 347  2.2 7  3.7  81    0    0 284 -319  1
3912500 2352500  3 23  6   2.5  969 330  2.2 7  3.8  81    0    0 290 -318  1
3912500 2352500  3 23  7   1.8  968 290  4.1 8  3.8  82    0    5 294 -317  1
3912500 2352500  3 23  8   2.8  967 246  3.5 7  3.8  81    0   43 292 -318  1
3912500 2352500  3 23  9   4.5  967 244  4.0 7  3.9  76    1  116 289 -321  1
3912500 2352500  3 23 10   6.1  966 202  4.5 7  3.9  68   13  196 290 -331  1
3912500 2352500  3 23 11   7.0  966 208  5.5 6  3.9  61   51  275 287 -349  1
3912500 2352500  3 23 12   8.8  965 215  7.3 6  3.8  55  128  324 287 -365  1
3912500 2352500  3 23 13   9.1  963 230  6.8 6  3.8  51   98  329 291 -377  1
3912500 2352500  3 23 14  10.3  962 246  6.6 5  3.9  50  145  316 290 -385  1
3912500 2352500  3 23 15  10.1  961 272  9.9 6  4.0  49   66  264 293 -388  1
3912500 2352500  3 23 16   9.8  960 228  8.1 8  4.1  51   13  180 307 -384  1
3912500 2352500  3 23 17   9.3  959 226  6.7 8  4.1  53    0   50 316 -374  1
3912500 2352500  3 23 18   8.9  958 230  6.6 8  4.2  55    0   50 315 -366  1
3912500 2352500  3 23 19   8.7  957 228  5.6 6  4.2  56    0    5 305 -358  1
3912500 2352500  3 23 20   9.0  956 231  5.4 6  4.1  54    0    0 295 -351  1
3912500 2352500  3 23 21   9.1  955 220  5.6 7  3.9  52    0    0 299 -347  1
3912500 2352500  3 23 22   9.3  954 220  7.1 7  3.8  49    0    0 304 -345  1
3912500 2352500  3 23 23   9.3  952 236  7.2 7  3.7  48    0    0 304 -344  1
3912500 2352500  3 23 24   8.3  951 255  7.5 7  4.1  54    0    0 304 -344  1
3912500 2352500  3 24  1   6.4  951 262  7.9 5  4.8  71    0    0 290 -343  1
3912500 2352500  3 24  2   5.5  950 272  7.3 3  5.3  86    0    0 264 -343  1
3912500 2352500  3 24  3   1.8  951 302  4.8 5  4.7  89    0    0 257 -341  1
3912500 2352500  3 24  4   1.0  951 313  5.0 5  4.1  91    0    0 262 -338  1
3912500 2352500  3 24  5   1.0  951 301  5.3 4  4.0  91    0    0 255 -332  1
3912500 2352500  3 24  6   0.9  951 295  4.3 5  3.9  90    0    0 254 -326  1
3912500 2352500  3 24  7   0.8  951 276  3.7 6  3.9  92    0   15 266 -323  1
3912500 2352500  3 24  8   1.2  952 238  2.0 5  4.0  91    5   72 267 -322  1
3912500 2352500  3 24  9   1.5  953 297  3.4 5  4.0  89    2  122 262 -327  1
3912500 2352500  3 24 10   2.3  953 285  4.6 5  4.1  89   26  217 263 -335  1
3912500 2352500  3 24 11   4.0  954 287  5.3 3  4.2  83   71  284 255 -341  1
3912500 2352500  3 24 12   4.9  955 300  5.4 3  4.1  74   47  300 249 -350  1
3912500 2352500  3 24 13   3.6  955 302  4.9 2  4.2  77  198  326 245 -358  1
3912500 2352500  3 24 14   4.9  955 296  6.0 2  4.1  75  254  298 240 -356  1
3912500 2352500  3 24 15   5.5  955 294  6.2 2  3.5  61  372  203 240 -351  1
3912500 2352500  3 24 16   5.9  955 292  6.4 3  3.2  54  288  169 244 -349  1
3912500 2352500  3 24 17   4.6  955 286  5.5 4  3.3  57   96  148 251 -346  1
3912500 2352500  3 24 18   3.8  956 288  4.4 6  3.6  66    0   43 261 -340  1
3912500 2352500  3 24 19   2.5  956 279  3.5 5  3.8  76    0    8 262 -334  1
3912500 2352500  3 24 20   2.6  956 262  3.2 5  4.1  84    0    0 256 -328  1
3912500 2352500  3 24 21   2.3  956 248  3.3 3  4.2  87    0    0 247 -325  1
3912500 2352500  3 24 22   2.2  957 301  4.1 5  4.2  89    0    0 248 -323  1
3912500 2352500  3 24 23   2.3  957 312  3.5 5  4.2  88    0    0 256 -322  1
3912500 2352500  3 24 24   2.2  958 316  3.7 6  4.2  88    0    0 259 -322  1
3912500 2352500  3 25  1   0.3  958 292  4.0 4  4.1  92    0    0 250 -321  1
3912500 2352500  3 25  2   0.5  959 285  2.0 4  3.9  95    0    0 238 -320  1
3912500 2352500  3 25  3   0.9  959 235  1.4 7  3.9  93    0    0 250 -320  1
3912500 2352500  3 25  4   0.5  958 240  2.4 7  3.9  93    0    0 264 -319  1
3912500 2352500  3 25  5   0.4  958 245  3.0 8  3.9  94    0    0 271 -317  1
3912500 2352500  3 25  6   0.3  958 242  2.9 8  3.9  94    0    0 276 -315  1
3912500 2352500  3 25  7   0.9  957 241  3.7 7  3.8  91    0    3 273 -315  1
3912500 2352500  3 25  8   1.5  957 239  4.3 8  3.8  88    0   34 274 -316  1
3912500 2352500  3 25  9   2.1  956 232  4.3 8  3.9  86    0   56 282 -320  1
3912500 2352500  3 25 10   1.8  955 226  5.8 7  3.9  85    0   78 280 -327  1
3912500 2352500  3 25 11   1.9  954 221  6.4 6  3.9  86    0  121 273 -334  1
3912500 2352500  3 25 12   2.1  953 221  7.2 5  4.0  86   55  203 266 -340  1
3912500 2352500  3 25 13   3.2  952 230  8.8 7  4.0  83  105  182 275 -345  1
3912500 2352500  3 25 14   4.4  951 239  9.8 8  3.9  73    0  184 297 -348  1
3912500 2352500  3 25 15   4.2  950 243  9.0 8  3.8  68    0   70 305 -348  1
3912500 2352500  3 25 16   3.6  949 236  7.5 7  3.9  74    0   63 300 -345  1
3912500 2352500  3 25 17   3.3  949 237  6.5 5  4.1  80    0   84 284 -342  1
3912500 2352500  3 25 18   2.7  949 241  6.1 6  4.2  84   57   31 279 -339  1
3912500 2352500  3 25 19   2.3  949 220  5.4 7  4.3  88    0    2 288 -335  1
3912500 2352500  3 25 20   2.0  949 226  4.1 7  4.3  90    0    0 292 -330  1
3912500 2352500  3 25 21   2.2  950 215  3.7 6  4.3  91    0    0 286 -328  1
3912500 2352500  3 25 22   2.5  950 232  4.2 7  4.4  91    0    0 288 -328  1
3912500 2352500  3 25 23   2.8  950 234  3.7 6  4.4  91    0    0 290 -328  1
3912500 2352500  3 25 24   1.9  950 251  4.2 6  4.4  92    0    0 282 -327  1
3912500 2352500  3 26  1   1.8  952 260  3.4 5  4.3  92    0    0 273 -327  1
3912500 2352500  3 26  2   2.3  952 249  4.4 4  4.2  90    0    0 262 -326  1
3912500 2352500  3 26  3   2.2  953 251  2.7 3  4.3  90    0    0 251 -326  1
3912500 2352500  3 26  4   2.3  953 260  3.4 3  4.3  90    0    0 245 -325  1
3912500 2352500  3 26  5   2.4  954 271  4.1 5  4.2  88    0    0 258 -325  1
3912500 2352500  3 26  6   2.3  954 241  3.5 5  4.2  88    0    0 270 -325  1
3912500 2352500  3 26  7   2.6  955 223  3.4 7  4.2  88    0   12 283 -325  1
3912500 2352500  3 26  8   3.2  956 220  3.9 6  4.4  88    0   52 291 -326  1
3912500 2352500  3 26  9   3.5  957 220  2.3 6  4.5  89    0  111 288 -329  1
3912500 2352500  3 26 10   4.5  958 218  3.9 5  4.7  87   10  210 284 -336  1
3912500 2352500  3 26 11   5.3  958 230  4.5 6  4.8  84    0  150 288 -346  1
3912500 2352500  3 26 12   6.7  958 219  5.3 4  4.8  78   25  303 285 -353  1
3912500 2352500  3 26 13   7.0  958 214  4.7 6  4.8  74   14  282 288 -354  1
3912500 2352500  3 26 14   6.5  957 232  5.7 7  4.9  76   17  280 304 -353  1
3912500 2352500  3 26 15   7.9  957 238  4.7 5  5.2  77   68  302 301 -352  1
3912500 2352500  3 26 16   8.1  957 239  4.8 6  5.1  72   25  218 298 -350  1
3912500 2352500  3 26 17   7.9  956 214  5.2 7  4.8  68    4  120 306 -349  1
3912500 2352500  3 26 18   7.7  955 235  4.8 7  4.7  67    2   62 311 -348  1
3912500 2352500  3 26 19   7.6  955 234  4.0 8  4.6  67    0    7 317 -345  1
3912500 2352500  3 26 20   6.5  954 241  3.9 8  4.8  72    0    0 320 -342  1
3912500 2352500  3 26 21   5.8  954 243  4.0 7  5.1  82    0    0 315 -341  1
3912500 2352500  3 26 22   5.3  954 243  4.0 7  5.3  88    0    0 308 -340  1
3912500 2352500  3 26 23   5.4  954 242  4.3 8  5.4  92    0    0 313 -339  1
3912500 2352500  3 26 24   5.2  954 235  4.2 7  5.5  94    0    0 314 -340  1
3912500 2352500  3 27  1   5.6  954 239  4.9 8  5.5  93    0    0 313 -340  1
3912500 2352500  3 27  2   5.6  953 238  5.3 7  5.5  92    0    0 313 -341  1
3912500 2352500  3 27  3   5.7  953 230  4.7 7  5.6  92    0    0 308 -341  1
3912500 2352500  3 27  4   5.8  952 230  3.0 7  5.6  92    0    0 309 -341  1
3912500 2352500  3 27  5   5.4  952 231  3.6 8  5.5  92    0    0 315 -342  1
3912500 2352500  3 27  6   5.7  951 235  4.5 8  5.5  91    0    0 320 -343  1
3912500 2352500  3 27  7   5.8  951 231  4.8 7  5.5  90    0   13 314 -343  1
3912500 2352500  3 27  8   6.2  951 230  5.4 8  5.6  90    6   73 313 -344  1
3912500 2352500  3 27  9   6.8  952 213  4.9 7  5.7  89   29  155 313 -346  1
3912500 2352500  3 27 10   7.4  952 213  4.6 6  5.8  86   21  204 302 -349  1
3912500 2352500  3 27 11   7.7  952 226  4.5 7  5.8  84   16  231 302 -353  1
3912500 2352500  3 27 12   8.0  952 234  6.4 7  5.8  82   15  254 308 -360  1
3912500 2352500  3 27 13   9.2  952 249  5.9 5  5.9  79  127  304 298 -369  1
3912500 2352500  3 27 14   9.8  951 231  6.5 5  5.9  75  139  282 290 -372  1
3912500 2352500  3 27 15  10.6  951 248  6.6 5  5.9  72  196  234 291 -368  1
3912500 2352500  3 27 16  11.2  950 246  5.8 6  5.8  67  109  194 298 -367  1
3912500 2352500  3 27 17  10.6  951 250  5.4 7  5.6  65   14  126 305 -365  1
3912500 2352500  3 27 18   9.1  951 230  5.0 7  5.5  68   22   65 306 -359  1
3912500 2352500  3 27 19   8.4  950 216  4.8 7  5.3  70    8   12 301 -352  1
3912500 2352500  3 27 20   8.1  950 274  4.6 7  5.2  72    0    0 299 -344  1
3912500 2352500  3 27 21   7.7  951 317  3.8 8  5.2  73    0    0 304 -338  1
3912500 2352500  3 27 22   7.3  951 249  2.7 8  5.2  75    0    0 309 -338  1
3912500 2352500  3 27 23   7.4  950  27  2.1 8  5.2  76    0    0 308 -339  1
3912500 2352500  3 27 24   7.0  950 249  1.6 7  5.3  78    0    0 304 -340  1
3912500 2352500  3 28  1   7.0  950 218  2.1 7  5.3  80    0    0 300 -340  1
3912500 2352500  3 28  2   6.3  949 106  2.3 6  5.3  82    0    0 296 -340  1
3912500 2352500  3 28  3   5.6  948 101  1.7 6  5.3  86    0    0 293 -339  1
3912500 2352500  3 28  4   4.9  947  90  1.7 6  5.2  88    0    0 294 -339  1
3912500 2352500  3 28  5   5.1  947  84  1.7 6  5.1  88    0    0 294 -339  1
3912500 2352500  3 28  6   4.8  946  18  2.3 7  5.1  88    0    0 299 -340  1
3912500 2352500  3 28  7   4.9  946 329  2.5 7  5.2  90    0   14 304 -340  1
3912500 2352500  3 28  8   5.6  945 323  1.5 6  5.3  90    0   60 301 -342  1
3912500 2352500  3 28  9   6.8  945  78  1.6 6  5.4  86    2  129 300 -346  1
3912500 2352500  3 28 10   8.0  945 246  2.5 7  5.6  81    0  108 309 -353  1
3912500 2352500  3 28 11   7.8  945 223  4.2 7  5.7  80    0  119 317 -362  1
3912500 2352500  3 28 12   8.2  945 248  4.2 8  5.8  82    0  105 324 -367  1
3912500 2352500  3 28 13   7.0  946 253  4.1 8  6.0  86    0  103 329 -363  1
3912500 2352500  3 28 14   6.5  947 246  4.3 7  5.9  89    0  140 318 -357  1
3912500 2352500  3 28 15   6.0  948 252  4.4 7  5.7  90    0  156 310 -356  1
3912500 2352500  3 28 16   5.6  948 255  4.8 7  5.4  89    0  132 309 -362  1
3912500 2352500  3 28 17   5.0  948 226  4.8 7  5.2  88    0  103 306 -364  1
3912500 2352500  3 28 18   4.4  948 213  5.1 7  5.0  88    1   54 303 -360  1
3912500 2352500  3 28 19   4.1  950 195  4.0 8  4.9  89    0    9 305 -354  1
3912500 2352500  3 28 20   4.0  950 209  2.9 7  4.9  90    0    0 304 -350  1
3912500 2352500  3 28 21   3.8  951 230  3.2 6  4.9  92    0    0 294 -346  1
3912500 2352500  3 28 22   3.8  952 228  2.6 8  5.0  94    0    0 298 -344  1
3912500 2352500  3 28 23   3.2  952 242  1.8 7  4.9  94    0    0 302 -343  1
3912500 2352500  3 28 24   3.4  952 161  1.6 7  4.9  95    0    0 298 -342  1
3912500 2352500  3 29  1   3.5  953 173  2.2 8  4.9  96    0    0 303 -341  1
3912500 2352500  3 29  2   3.2  953 135  1.5 8  4.9  96    0    0 309 -340  1
3912500 2352500  3 29  3   3.1  952 158  1.1 8  4.8  96    0    0 310 -339  1
3912500 2352500  3 29  4   2.9  952 205  0.8 8  4.8  95    0    0 310 -337  1
3912500 2352500  3 29  5   2.8  952 186  1.1 8  4.7  95    0    0 310 -336  1
3912500 2352500  3 29  6   2.9  952 183  1.2 8  4.7  95    0    0 310 -335  1
3912500 2352500  3 29  7   3.1  953 177  1.6 8  4.8  95    0    4 310 -335  1
3912500 2352500  3 29  8   3.3  953 178  1.8 8  4.8  95    0   57 311 -336  1
3912500 2352500  3 29  9   4.0  953 180  1.7 7  4.9  93   12  150 308 -342  1
3912500 2352500  3 29 10   4.7  954 138  1.7 6  4.9  89   23  214 299 -348  1
3912500 2352500  3 29 11   5.3  953 223  1.2 6  4.8  83   45  270 296 -352  1
3912500 2352500  3 29 12   5.6  954  92  1.1 5  4.7  79   69  310 291 -357  1
3912500 2352500  3 29 13   6.4  953  27  1.1 6  4.6  75   41  301 292 -358  1
3912500 2352500  3 29 14   6.4  953  10  1.7 7  4.6  73    6  226 302 -358  1
3912500 2352500  3 29 15   5.8  953  33  2.3 8  4.7  76    0  108 310 -358  1
3912500 2352500  3 29 16   5.4  953  41  2.2 8  4.8  79    0   83 312 -359  1
3912500 2352500  3 29 17   5.5  953   8  2.1 8  4.8  81    0   49 311 -356  1
3912500 2352500  3 29 18   4.9  954  38  1.6 8  4.8  83    0   32 311 -353  1
3912500 2352500  3 29 19   4.6  954  36  1.4 7  4.9  86    0    8 304 -348  1
3912500 2352500  3 29 20   4.4  955  29  1.5 7  4.9  88    0    0 300 -345  1
3912500 2352500  3 29 21   4.2  956  15  1.2 7  4.8  88    0    0 299 -342  1
3912500 2352500  3 29 22   4.2  956   7  1.4 8  4.8  89    0    0 302 -340  1
3912500 2352500  3 29 23   3.9  957 359  1.1 8  4.9  90    0    0 304 -339  1
3912500 2352500  3 29 24   4.1  957  21  1.2 7  4.9  92    0    0 299 -338  1
3912500 2352500  3 30  1   3.6  958  22  1.9 6  4.9  93    0    0 291 -338  1
3912500 2352500  3 30  2   3.9  958  24  1.5 5  4.8  92    0    0 284 -338  1
3912500 2352500  3 30  3   4.0  958  40  1.5 6  4.7  88    0    0 284 -338  1
3912500 2352500  3 30  4   4.2  959  27  1.5 6  4.6  86    0    0 289 -337  1
3912500 2352500  3 30  5   3.7  959  33  2.6 6  4.5  85    0    0 289 -337  1
3912500 2352500  3 30  6   3.7  959  37  1.5 6  4.5  85    0    0 289 -336  1
3912500 2352500  3 30  7   3.6  959  42  1.8 8  4.4  85    2   18 296 -335  1
3912500 2352500  3 30  8   4.2  960  46  2.9 8  4.4  84    6   77 306 -337  1
3912500 2352500  3 30  9   4.8  961  44  2.8 8  4.5  81   27  165 308 -340  1
3912500 2352500  3 30 10   6.0  962  60  4.2 6  4.5  77   51  235 301 -344  1
3912500 2352500  3 30 11   6.6  962  58  4.2 7  4.6  74    1  188 299 -349  1
3912500 2352500  3 30 12   7.0  962  64  4.6 7  4.8  74    0  154 307 -354  1
3912500 2352500  3 30 13   7.1  962  61  4.5 7  4.8  73    0  123 309 -356  1
3912500 2352500  3 30 14   6.7  962  70  4.8 8  4.7  72    0   99 314 -357  1
3912500 2352500  3 30 15   6.7  962  64  5.2 8  4.8  74    0  122 321 -358  1
3912500 2352500  3 30 16   7.3  962  72  4.8 8  4.8  74    0  100 322 -357  1
3912500 2352500  3 30 17   7.3  962  70  4.6 7  4.8  71    2  109 319 -357  1
3912500 2352500  3 30 18   7.1  962  67  4.0 8  4.7  71    9   66 320 -355  1
3912500 2352500  3 30 19   6.9  963  55  3.7 8  4.8  72    1   14 325 -351  1
3912500 2352500  3 30 20   6.6  963  55  2.7 8  4.8  74    0    0 325 -346  1
3912500 2352500  3 30 21   6.5  964  56  2.9 8  4.7  74    0    0 324 -342  1
3912500 2352500  3 30 22   6.4  965  56  2.3 8  4.6  73    0    0 322 -341  1
3912500 2352500  3 30 23   6.0  965  39  2.6 6  4.6  74    0    0 312 -340  1
3912500 2352500  3 30 24   5.7  965  61  2.8 6  4.6  76    0    0 301 -338  1
3912500 2352500  3 31  1   5.1  965  71  2.7 8  4.6  78    0    0 310 -337  1
3912500 2352500  3 31  2   4.2  965  46  2.8 6  4.5  81    0    0 307 -336  1
3912500 2352500  3 31  3   3.3  965  44  3.1 3  4.4  84    0    0 279 -333  1
3912500 2352500  3 31  4   3.2  964  44  3.6 2  4.3  86    0    0 256 -332  1
3912500 2352500  3 31  5   3.5  965  56  3.7 4  4.4  87    0    0 262 -332  1
3912500 2352500  3 31  6   3.6  965  58  3.2 6  4.5  87    0    0 282 -334  1
3912500 2352500  3 31  7   3.9  965  48  3.8 8  4.5  86    1   16 302 -335  1
3912500 2352500  3 31  8   4.3  965  54  3.7 8  4.5  83   14   77 313 -337  1
3912500 2352500  3 31  9   5.0  965  76  4.5 7  4.5  81   56  156 309 -344  1
3912500 2352500  3 31 10   5.6  965  77  5.7 6  4.5  78   95  214 301 -354  1
3912500 2352500  3 31 11   6.5  965  92  6.5 6  4.6  75   26  236 298 -367  1
3912500 2352500  3 31 12   7.5  965  91  5.5 6  4.6  71   29  266 301 -381  1
3912500 2352500  3 31 13   7.9  964  93  4.8 8  4.7  68    2  213 312 -391  1
3912500 2352500  3 31 14   8.2  964 102  4.6 8  4.7  66    0  112 321 -396  1
3912500 2352500  3 31 15   8.5  963  89  5.1 8  4.7  66    0   95 320 -397  1
3912500 2352500  3 31 16   8.6  963  78  5.4 8  4.8  66    0   85 320 -393  1
3912500 2352500  3 31 17   8.4  962  62  5.1 8  4.8  66    0   89 321 -387  1
3912500 2352500  3 31 18   8.1  962  59  4.7 8  4.8  67    1   50 322 -379  1
3912500 2352500  3 31 19   7.9  962  65  4.9 8  4.7  67    0    2 322 -369  1
3912500 2352500  3 31 20   7.6  962  61  4.6 8  4.7  67    0    0 322 -361  1
3912500 2352500  3 31 21   7.5  962  69  5.9 8  4.6  68    0    0 321 -357  1
3912500 2352500  3 31 22   7.1  962  62  5.4 8  4.6  69    0    0 322 -355  1
3912500 2352500  3 31 23   6.4  962  49  5.2 8  4.5  70    0    0 321 -353  1
3912500 2352500  3 31 24   6.3  961  56  5.9 7  4.5  71    0    0 317 -352  1
3912500 2352500  4  1  1   5.9  960  53  4.8 8  4.6  76    0    0 322 -351  1
3912500 2352500  4  1  2   5.5  960  62  4.1 7  4.6  76    0    0 316 -351  1
3912500 2352500  4  1  3   5.6  960  66  4.7 6  4.6  78    0    0 306 -352  1
3912500 2352500  4  1  4   5.5  959  74  4.4 5  4.7  79    0    0 297 -353  1
3912500 2352500  4  1  5   5.3  959  74  4.1 7  4.7  80    0    0 304 -354  1
3912500 2352500  4  1  6   5.3  959  71  4.4 8  4.7  81    0    0 321 -355  1
3912500 2352500  4  1  7   5.1  959  64  4.7 8  4.8  82    0   17 326 -355  1
3912500 2352500  4  1  8   5.2  959  80  5.1 7  4.8  83    0   73 321 -356  1
3912500 2352500  4  1  9   5.6  959  51  4.6 6  4.9  83    0  113 311 -359  1
3912500 2352500  4  1 10   5.9  959  61  5.2 5  5.0  82    0  132 300 -365  1
3912500 2352500  4  1 11   6.6  959  64  4.7 5  5.0  80    0  126 296 -373  1
3912500 2352500  4  1 12   7.1  959  53  4.6 6  5.1  78    0  136 304 -382  1
3912500 2352500  4  1 13   7.8  960  47  4.9 8  5.2  76    0  139 322 -389  1
3912500 2352500  4  1 14   8.2  959  68  4.4 8  5.3  75    0  151 334 -393  1
3912500 2352500  4  1 15   8.2  959  46  4.5 8  5.4  76    0  155 336 -393  1
3912500 2352500  4  1 16   8.3  959  58  4.3 8  5.5  77    2  160 337 -392  1
3912500 2352500  4  1 17   8.2  959  51  4.7 8  5.6  78   15  173 338 -388  1
3912500 2352500  4  1 18   8.2  959  37  3.7 7  5.6  79   23  112 333 -383  1
3912500 2352500  4  1 19   8.2  959  39  2.2 8  5.6  79    5   27 334 -379  1
3912500 2352500  4  1 20   7.4  959  56  1.6 7  5.7  81    0    0 333 -375  1
3912500 2352500  4  1 21   7.1  959  35  2.2 7  5.6  84    0    0 327 -372  1
3912500 2352500  4  1 22   7.0  960  39  2.4 7  5.6  84    0    0 327 -370  1
3912500 2352500  4  1 23   6.2  959  41  2.1 7  5.5  86    0    0 325 -369  1
3912500 2352500  4  1 24   7.2  959  42  2.4 8  5.7  88    0    0 332 -367  1
3912500 2352500  4  2  1   8.4  959  40  3.3 7  5.8  84    0    0 334 -363  1
3912500 2352500  4  2  2   7.9  959  42  3.0 5  5.9  83    0    0 319 -360  1
3912500 2352500  4  2  3   8.4  958  48  2.0 5  6.0  84    0    0 309 -358  1
3912500 2352500  4  2  4   7.5  958  39  2.1 5  6.0  85    0    0 308 -356  1
3912500 2352500  4  2  5   6.8  958  44  2.8 4  5.9  89    0    0 300 -354  1
3912500 2352500  4  2  6   6.7  958  41  2.8 4  5.9  91    0    0 293 -351  1
3912500 2352500  4  2  7   7.8  958  47  3.3 7  6.0  89    0   12 311 -349  1
3912500 2352500  4  2  8   8.0  958  39  4.0 7  6.1  87    0   55 329 -351  1
3912500 2352500  4  2  9   8.4  958  50  4.2 6  6.2  87    0  116 324 -359  1
3912500 2352500  4  2 10   9.9  959  54  4.5 6  6.3  83    1  182 320 -369  1
3912500 2352500  4  2 11  11.5  959  55  4.3 6  6.4  76   63  304 325 -379  1
3912500 2352500  4  2 12  13.0  959  68  4.2 4  6.5  70  341  296 319 -389  1
3912500 2352500  4  2 13  15.1  959  64  3.8 3  6.8  64  411  275 310 -396  1
3912500 2352500  4  2 14  16.8  958  59  3.8 3  7.0  59  375  273 313 -402  1
3912500 2352500  4  2 15  16.8  958  55  3.8 4  7.1  56  342  238 321 -404  1
3912500 2352500  4  2 16  17.9  958  51  4.0 4  7.2  55  250  206 327 -403  1
3912500 2352500  4  2 17  18.0  957  53  3.5 3  7.3  54  176  141 326 -401  1
3912500 2352500  4  2 18  18.3  958  55  2.3 4  7.3  53   60   87 326 -397  1
3912500 2352500  4  2 19  15.6  957  46  2.2 4  7.4  58    0   15 327 -392  1
3912500 2352500  4  2 20  14.5  958  33  2.1 4  7.5  66    0    0 320 -384  1
3912500 2352500  4  2 21  13.2  958  39  2.6 4  7.4  71    0    0 315 -377  1
3912500 2352500  4  2 22  12.3  958  42  3.5 1  7.3  75    0    0 300 -372  1
3912500 2352500  4  2 23  11.2  958  40  3.1 2  7.2  79    0    0 287 -367  1
3912500 2352500  4  2 24  11.1  959  29  2.9 3  6.9  79    0    0 291 -364  1
3912500 2352500  4  3  1   9.9  959  71  2.1 4  6.6  80    0    0 295 -361  1
3912500 2352500  4  3  2   9.4  960  18  2.3 5  6.4  82    0    0 299 -358  1
3912500 2352500  4  3  3   8.5  960 323  1.1 4  6.3  83    0    0 295 -357  1
3912500 2352500  4  3  4   7.7  960 308  1.3 2  6.1  87    0    0 281 -356  1
3912500 2352500  4  3  5   7.6  960  85  1.3 4  6.0  88    0    0 278 -354  1
3912500 2352500  4  3  6   6.7  961 199  1.9 6  6.0  90    0    0 293 -352  1
3912500 2352500  4  3  7   6.0  961 220  1.9 5  6.1  96    5   36 295 -350  1
3912500 2352500  4  3  8   9.0  962 158  1.9 3  6.3  92   59  120 284 -352  1
3912500 2352500  4  3  9  11.6  963 169  2.7 3  6.6  81  157  189 283 -364  1
3912500 2352500  4  3 10  12.9  963 174  2.9 3  6.7  71  250  244 289 -381  1
3912500 2352500  4  3 11  14.2  963 168  3.0 4  6.6  65  292  296 299 -401  1
3912500 2352500  4  3 12  15.4  964 172  2.9 3  6.7  61  342  318 305 -416  1
3912500 2352500  4  3 13  17.1  964 181  2.9 1  6.9  57  433  287 297 -426  1
3912500 2352500  4  3 14  17.1  964 187  3.0 1  6.7  52  409  277 294 -432  1
3912500 2352500  4  3 15  17.5  963 191  3.0 2  6.4  49  363  244 299 -433  1
3912500 2352500  4  3 16  17.7  963 206  3.0 2  6.2  47  287  204 305 -429  1
3912500 2352500  4  3 17  17.6  963 194  3.1 2  6.0  45  179  158 304 -421  1
3912500 2352500  4  3 18  16.6  963 209  2.9 2  6.0  47   72   97 300 -408  1
3912500 2352500  4  3 19  14.4  963 239  2.7 3  6.2  54    6   21 299 -397  1
3912500 2352500  4  3 20  13.3  963 278  2.3 2  6.3  61    0    0 297 -389  1
3912500 2352500  4  3 21  12.0  963 298  2.1 2  6.4  67    0    0 286 -383  1
3912500 2352500  4  3 22  10.8  964 310  1.9 2  6.4  73    0    0 271 -379  1
3912500 2352500  4  3 23   9.9  965 298  2.0 2  6.5  79    0    0 262 -375  1
3912500 2352500  4  3 24   9.3  964 288  2.5 2  6.6  83    0    0 258 -373  1
3912500 2352500  4  4  1   9.2  943 278  2.9 3  6.7  86    0    0 262 -358  1
3912500 2352500  4  4  2   9.2  944 271  3.5 4  6.8  87    0    0 274 -356  1
3912500 2352500  4  4  3   9.4  945 272  4.0 5  6.8  87    0    0 278 -354  1
3912500 2352500  4  4  4   9.3  945 282  4.2 5  6.7  85    0    0 275 -351  1
3912500 2352500  4  4  5   8.8  945 278  4.2 6  6.4  83    0    0 298 -351  1
3912500 2352500  4  4  6   8.4  946 287  4.7 8  5.9  78    0    0 324 -350  1
3912500 2352500  4  4  7   6.7  948 280  4.4 8  5.3  77    0   11 325 -349  1
3912500 2352500  4  4  8   5.9  949 253  3.9 8  5.3  83    0   29 322 -349  1
3912500 2352500  4  4  9   5.3  950 229  3.9 8  5.3  88    0   47 320 -352  1
3912500 2352500  4  4 10   5.3  951 208  4.7 7  5.3  89    0   64 313 -359  1
3912500 2352500  4  4 11   4.8  952 197  5.4 7  5.3  91    0   86 305 -368  1
3912500 2352500  4  4 12   5.4  953 193  6.1 7  5.3  91    0  159 303 -375  1
3912500 2352500  4  4 13   5.7  952 203  5.5 6  5.3  88    5  265 299 -379  1
3912500 2352500  4  4 14   6.5  952 203  5.7 6  5.3  86    4  240 296 -384  1
3912500 2352500  4  4 15   6.9  953 193  4.8 7  5.4  84    0  145 304 -389  1
3912500 2352500  4  4 16   7.0  953 203  4.2 8  5.4  81    0   66 313 -388  1
3912500 2352500  4  4 17   7.2  953 236  4.8 8  5.2  79    0   51 315 -384  1
3912500 2352500  4  4 18   6.8  953 173  5.1 8  5.3  80    0   41 313 -377  1
3912500 2352500  4  4 19   7.0  953 202  2.7 8  5.5  83    0    9 311 -368  1
3912500 2352500  4  4 20   6.9  953 238  3.9 7  5.4  82    0    0 306 -360  1
3912500 2352500  4  4 21   6.8  953 142  5.5 7  5.3  81    0    0 299 -356  1
3912500 2352500  4  4 22   7.0  953 200  3.0 8  5.3  80    0    0 303 -354  1
3912500 2352500  4  4 23   6.7  953 226  3.7 8  5.3  81    0    0 307 -351  1
3912500 2352500  4  4 24   6.5  953 241  3.2 7  5.3  83    0    0 301 -346  1
3912500 2352500  4  5  1   6.1  953 238  1.4 8  5.4  85    0    0 300 -343  1
3912500 2352500  4  5  2   5.9  953 233  1.9 8  5.4  87    0    0 305 -341  1
3912500 2352500  4  5  3   5.9  953 246  2.0 8  5.4  88    0    0 307 -339  1
3912500 2352500  4  5  4   5.8  953 122  2.4 6  5.5  90    0    0 295 -338  1
3912500 2352500  4  5  5   5.6  952 104  1.8 7  5.5  90    0    0 288 -337  1
3912500 2352500  4  5  6   5.3  952  61  2.1 7  5.4  90    0    0 294 -335  1
3912500 2352500  4  5  7   5.2  952  52  2.0 7  5.4  92    0   11 293 -335  1
3912500 2352500  4  5  8   6.0  952  36  3.1 7  5.5  91    3   92 294 -339  1
3912500 2352500  4  5  9   7.3  953 108  2.7 6  5.7  88   21  191 292 -351  1
3912500 2352500  4  5 10   7.8  953 114  3.5 5  5.8  84   65  286 281 -367  1
3912500 2352500  4  5 11   9.1  953 118  4.1 6  5.9  80   65  339 285 -383  1
3912500 2352500  4  5 12   9.8  953 151  3.9 5  5.9  75  119  395 290 -396  1
3912500 2352500  4  5 13  11.3  952 233  2.9 4  5.8  69  152  414 285 -406  1
3912500 2352500  4  5 14  12.0  953 225  3.7 5  5.7  63  141  393 295 -412  1
3912500 2352500  4  5 15  12.2  954 201  4.7 5  5.5  59  232  349 304 -412  1
3912500 2352500  4  5 16  12.3  953 167  3.6 6  5.5  58   71  267 309 -405  1
3912500 2352500  4  5 17  11.9  954 210  3.5 7  5.5  59    3  132 316 -397  1
3912500 2352500  4  5 18  10.9  953 308  4.5 8  5.5  62    0   43 321 -388  1
3912500 2352500  4  5 19   9.7  953  14  2.0 7  5.5  66    0    6 317 -375  1
3912500 2352500  4  5 20   9.3  954 309  1.7 7  5.6  71    0    0 309 -365  1
3912500 2352500  4  5 21  10.1  955 220  2.0 7  5.6  71    0    0 310 -361  1
3912500 2352500  4  5 22   8.0  956 234  2.5 7  5.8  76    0    0 308 -357  1
3912500 2352500  4  5 23   7.5  956 225  1.4 7  5.8  84    0    0 306 -354  1
3912500 2352500  4  5 24   6.9  955 243  1.8 6  5.8  86    0    0 299 -352  1
3912500 2352500  4  6  1   6.9  955 240  1.9 5  5.8  88    0    0 287 -351  1
3912500 2352500  4  6  2   6.3  955 253  1.5 6  5.7  89    0    0 288 -350  1
3912500 2352500  4  6  3   5.5  955 225  1.8 6  5.5  90    0    0 291 -347  1
3912500 2352500  4  6  4   4.9  955 278  2.2 3  5.3  91    0    0 273 -344  1
3912500 2352500  4  6  5   4.8  955 249  2.0 5  5.3  94    0    0 267 -341  1
3912500 2352500  4  6  6   5.0  956 234  2.2 6  5.3  93    0    0 282 -340  1
3912500 2352500  4  6  7   5.5  956 218  2.2 8  5.3  91    0   23 301 -341  1
3912500 2352500  4  6  8   6.2  956 225  2.6 6  5.6  92   19  103 304 -345  1
3912500 2352500  4  6  9   7.5  956 226  3.2 6  5.7  88   82  180 296 -353  1
3912500 2352500  4  6 10   8.6  957 226  4.0 7  5.7  80   77  243 306 -363  1
3912500 2352500  4  6 11   9.8  957 232  4.7 6  5.4  70  100  295 310 -373  1
3912500 2352500  4  6 12   9.4  957 224  5.2 6  5.2  66  119  321 307 -381  1
3912500 2352500  4  6 13  11.0  957 219  6.5 5  5.0  61  292  300 305 -388  1
3912500 2352500  4  6 14  10.5  956 205  5.3 6  5.1  60   96  302 308 -388  1
3912500 2352500  4  6 15  11.9  955 264  5.7 3  5.2  59  273  239 299 -386  1
3912500 2352500  4  6 16  11.7  955 256  7.0 4  5.0  54  219  192 289 -384  1
3912500 2352500  4  6 17  11.8  954 232  4.7 3  4.9  54  272   95 287 -379  1
3912500 2352500  4  6 18  12.1  954 215  2.9 4  4.7  51  110   72 285 -374  1
3912500 2352500  4  6 19  10.8  953 180  1.8 6  4.6  51    6   23 294 -369  1
3912500 2352500  4  6 20   9.0  954 157  1.4 7  4.8  60    0    0 302 -364  1
3912500 2352500  4  6 21   9.3  954 204  1.4 6  4.9  64    0    0 300 -360  1
3912500 2352500  4  6 22   8.9  954 219  1.4 8  4.9  64    0    0 305 -355  1
3912500 2352500  4  6 23   8.1  954 139  1.1 8  5.0  68    0    0 312 -352  1
3912500 2352500  4  6 24   8.0  953  96  0.9 7  5.2  72    0    0 306 -352  1
3912500 2352500  4  7  1   7.7  953  17  1.2 8  5.2  73    0    0 308 -350  1
3912500 2352500  4  7  2   6.9  952  11  0.2 7  5.1  75    0    0 307 -347  1
3912500 2352500  4  7  3   6.4  952  22  0.1 7  5.1  79    0    0 300 -346  1
3912500 2352500  4  7  4   6.7  951 341  0.5 8  5.1  79    0    0 305 -346  1
3912500 2352500  4  7  5   6.1  951 336  0.9 8  5.1  80    0    0 308 -347  1
3912500 2352500  4  7  6   6.4  950 329  0.5 8  5.2  82    0    0 309 -346  1
3912500 2352500  4  7  7   5.9  949 350  0.6 7  5.3  84    0    7 306 -347  1
3912500 2352500  4  7  8   6.8  949  91  0.6 8  5.4  85    0   26 308 -350  1
3912500 2352500  4  7  9   7.1  948  82  1.3 7  5.5  82    0   78 312 -356  1
3912500 2352500  4  7 10   8.5  947  51  1.5 7  5.6  80    0  124 312 -366  1
3912500 2352500  4  7 11   9.0  947  91  2.0 7  5.9  78    5  199 316 -377  1
3912500 2352500  4  7 12  10.0  946  94  1.7 7  5.8  74    0  188 319 -387  1
3912500 2352500  4  7 13   9.5  946 217  1.9 7  5.9  74    0  135 321 -396  1
3912500 2352500  4  7 14   8.9  945 258  4.6 8  6.1  78    0  107 327 -394  1
3912500 2352500  4  7 15   7.5  945 237  7.6 8  6.0  82    0  102 330 -383  1
3912500 2352500  4  7 16   7.6  948 234  6.7 8  5.8  83    0  106 328 -379  1
3912500 2352500  4  7 17   7.7  948 245  8.5 8  5.4  78    0   69 328 -379  1
3912500 2352500  4  7 18   7.5  947 243  6.7 7  5.3  76    0   53 321 -372  1
3912500 2352500  4  7 19   7.7  948 222  5.5 8  5.2  75    0   12 322 -363  1
3912500 2352500  4  7 20   7.0  948 227  5.9 5  5.1  74    0    0 309 -358  1
3912500 2352500  4  7 21   6.6  949 245  4.7 3  5.0  76    0    0 276 -351  1
3912500 2352500  4  7 22   6.6  949 243  4.9 6  4.9  76    0    0 281 -346  1
3912500 2352500  4  7 23   6.7  950 243  4.7 6  4.9  76    0    0 299 -343  1
3912500 2352500  4  7 24   6.5  951 236  5.5 6  5.0  78    0    0 299 -341  1
3912500 2352500  4  8  1   6.1  951 245  3.4 5  5.0  80    0    0 292 -339  1
3912500 2352500  4  8  2   5.5  951 247  3.8 5  5.0  82    0    0 285 -337  1
3912500 2352500  4  8  3   5.5  951 247  2.6 6  5.1  85    0    0 291 -336  1
3912500 2352500  4  8  4   5.5  952 236  2.6 6  5.1  85    0    0 296 -336  1
3912500 2352500  4  8  5   5.4  951 244  3.0 6  5.1  86    0    0 296 -335  1
3912500 2352500  4  8  6   5.4  951 218  2.3 7  5.1  86    0    0 301 -335  1
3912500 2352500  4  8  7   5.5  952 214  3.0 6  5.1  86   11   38 300 -335  1
3912500 2352500  4  8  8   6.5  952 212  2.9 5  5.2  84  136   72 289 -339  1
3912500 2352500  4  8  9   7.6  953 222  4.5 6  5.2  78   67  173 290 -348  1
3912500 2352500  4  8 10   8.5  953 231  6.0 6  5.2  73  133  220 298 -359  1
3912500 2352500  4  8 11   9.6  953 231  6.0 5  5.1  67  250  235 294 -365  1
3912500 2352500  4  8 12  10.8  952 236  5.6 8  4.9  60   23  273 307 -368  1
3912500 2352500  4  8 13  10.0  952 230  5.2 6  4.8  57  125  294 314 -374  1
3912500 2352500  4  8 14  11.4  952 221  7.1 4  4.7  55  386  199 295 -383  1
3912500 2352500  4  8 15  12.7  953 267  5.3 6  4.6  49  126  250 299 -385  1
3912500 2352500  4  8 16  11.1  952 240  5.2 5  4.5  49  211  169 301 -383  1
3912500 2352500  4  8 17  11.7  951 263  4.6 3  4.5  50  304   62 284 -379  1
3912500 2352500  4  8 18  10.5  950 259  3.2 3  4.5  51  171   35 270 -372  1
3912500 2352500  4  8 19   9.5  950 278  2.1 3  4.4  54   30   20 263 -363  1
3912500 2352500  4  8 20   7.5  950 277  1.8 2  4.4  60    0    0 251 -354  1
3912500 2352500  4  8 21   6.5  950 287  1.4 2  4.4  66    0    0 239 -345  1
3912500 2352500  4  8 22   4.5  949 298  1.0 1  4.4  74    0    0 229 -341  1
3912500 2352500  4  8 23   4.1  949 311  1.2 1  4.4  80    0    0 219 -338  1
3912500 2352500  4  8 24   4.1  949 150  1.4 2  4.5  82    0    0 225 -338  1
3912500 2352500  4  9  1   3.5  949 102  1.8 3  4.5  85    0    0 237 -340  1
3912500 2352500  4  9  2   3.4  948 115  1.7 5  4.5  87    0    0 255 -343  1
3912500 2352500  4  9  3   3.7  947 283  2.1 6  4.6  87    0    0 274 -345  1
3912500 2352500  4  9  4   3.5  947 241  1.6 7  4.6  88    0    0 288 -346  1
3912500 2352500  4  9  5   3.4  947 236  1.2 7  4.6  88    0    0 294 -345  1
3912500 2352500  4  9  6   2.9  946 240  1.2 7  4.5  89    0    0 293 -344  1
3912500 2352500  4  9  7   3.5  946 209  1.2 8  4.6  90    1   34 298 -345  1
3912500 2352500  4  9  8   4.7  946 249  0.9 7  4.9  89    1   84 301 -348  1
3912500 2352500  4  9  9   5.4  947 159  1.1 5  5.0  87  126  194 289 -355  1
3912500 2352500  4  9 10   8.1  946 249  2.2 4  5.3  81  333  204 280 -364  1
3912500 2352500  4  9 11   9.3  946 250  3.5 6  5.4  72  121  321 291 -376  1
3912500 2352500  4  9 12  10.5  946 223  1.7 4  5.3  66  310  315 295 -388  1
3912500 2352500  4  9 13  11.7  946 245  2.8 3  5.2  59  303  327 287 -400  1
3912500 2352500  4  9 14  13.0  945 214  3.6 2  4.9  51  358  288 281 -409  1
3912500 2352500  4  9 15  13.4  944 213  2.4 2  4.6  45  358  240 277 -409  1
3912500 2352500  4  9 16  13.8  944 232  3.0 3  4.5  43  379  153 279 -406  1
3912500 2352500  4  9 17  13.2  943 200  3.5 3  4.5  43  258  127 281 -394  1
3912500 2352500  4  9 18  12.8  943 164  2.9 5  4.5  45   97   90 286 -379  1
3912500 2352500  4  9 19  11.4  943 190  3.2 6  4.6  49   15   28 294 -368  1
3912500 2352500  4  9 20  10.0  943  70  2.2 7  4.9  57    0    0 300 -360  1
3912500 2352500  4  9 21   8.8  944  13  1.3 8  5.0  63    0    0 305 -355  1
3912500 2352500  4  9 22   8.2  944 310  1.7 8  5.0  67    0    0 308 -353  1
3912500 2352500  4  9 23   7.7  943  28  2.9 8  5.0  69    0    0 306 -350  1
3912500 2352500  4  9 24   7.2  943 337  2.7 8  4.9  71    0    0 305 -347  1
3912500 2352500  4 10  1   7.1  944  17  1.2 8  5.0  73    0    0 304 -345  1
3912500 2352500  4 10  2   6.3  943 356  1.4 8  5.1  78    0    0 303 -343  1
3912500 2352500  4 10  3   5.8  943 359  1.2 8  5.2  82    0    0 303 -342  1
3912500 2352500  4 10  4   5.6  942  49  0.6 8  5.1  84    0    0 302 -341  1
3912500 2352500  4 10  5   5.4  942  63  1.0 8  5.1  84    0    0 301 -340  1
3912500 2352500  4 10  6   5.3  941  75  1.3 8  5.0  83    0    0 300 -339  1
3912500 2352500  4 10  7   4.5  941  60  1.8 8  5.0  86    2   40 298 -338  1
3912500 2352500  4 10  8   5.7  941  37  1.9 7  5.1  87    2   93 291 -339  1
3912500 2352500  4 10  9   6.6  941  35  1.4 7  5.2  83    1  150 286 -346  1
3912500 2352500  4 10 10   7.8  940 258  1.1 7  5.3  78    0  120 289 -357  1
3912500 2352500  4 10 11   9.7  940 200  0.7 8  5.4  72    9  271 302 -367  1
3912500 2352500  4 10 12  10.3  940 178  2.1 6  5.5  67   12  298 300 -374  1
3912500 2352500  4 10 13  11.7  939 163  2.3 6  5.7  65  162  422 296 -373  1
3912500 2352500  4 10 14  12.5  938 262  3.1 5  5.7  60  177  405 297 -369  1
3912500 2352500  4 10 15  12.3  938 278  3.4 6  5.7  59   71  325 298 -370  1
3912500 2352500  4 10 16  10.1  938 252  4.8 7  5.6  62    4  195 303 -369  1
3912500 2352500  4 10 17   7.1  939 216  5.1 7  5.2  70    0   68 299 -368  1
3912500 2352500  4 10 18   5.6  938 249  6.0 8  4.9  77    0   40 297 -363  1
3912500 2352500  4 10 19   4.6  940 285  5.1 8  4.9  83    0   14 298 -355  1
3912500 2352500  4 10 20   4.7  939 265  4.3 7  4.8  85    0    0 292 -347  1
3912500 2352500  4 10 21   4.6  940 247  2.8 8  4.8  84    0    0 292 -341  1
3912500 2352500  4 10 22   4.9  941 234  3.2 8  4.7  82    0    0 297 -339  1
3912500 2352500  4 10 23   4.7  942 221  3.9 8  4.6  80    0    0 298 -338  1
3912500 2352500  4 10 24   4.5  942 240  3.4 8  4.5  80    0    0 297 -338  1
3912500 2352500  4 11  1   4.0  943 228  2.9 8  4.5  82    0    0 296 -338  1
3912500 2352500  4 11  2   3.9  943 239  3.2 8  4.5  84    0    0 295 -336  1
3912500 2352500  4 11  3   4.2  943 242  4.2 8  4.5  83    0    0 295 -335  1
3912500 2352500  4 11  4   4.2  943 239  3.7 7  4.5  82    0    0 292 -335  1
3912500 2352500  4 11  5   3.8  943 244  2.0 7  4.5  83    0    0 287 -334  1
3912500 2352500  4 11  6   3.6  944 219  2.7 6  4.4  83    0    0 283 -333  1
3912500 2352500  4 11  7   3.8  944 241  3.6 6  4.4  82   18   54 278 -333  1
3912500 2352500  4 11  8   5.6  945 226  3.7 3  4.5  79  111  129 267 -336  1
3912500 2352500  4 11  9   6.3  946 227  4.4 3  4.6  74  191  202 257 -342  1
3912500 2352500  4 11 10   8.5  946 258  2.3 5  4.5  66  289  255 270 -350  1
3912500 2352500  4 11 11   9.0  946 237  4.0 5  4.5  60  449  250 280 -363  1
3912500 2352500  4 11 12  10.7  946 276  2.2 5  4.4  55  526  260 283 -373  1
3912500 2352500  4 11 13  10.4  946 268  2.7 6  4.4  52  313  364 290 -382  1
3912500 2352500  4 11 14  10.9  945 286  2.1 6  4.2  49  179  369 293 -387  1
3912500 2352500  4 11 15  10.9  945 272  2.2 6  4.1  47   37  291 294 -384  1
3912500 2352500  4 11 16  10.9  944 341  1.7 7  4.0  46    6  198 295 -380  1
3912500 2352500  4 11 17  10.7  944 355  2.1 7  3.9  46    0  126 298 -373  1
3912500 2352500  4 11 18   9.9  944   3  1.6 8  4.0  48    0   41 300 -366  1
3912500 2352500  4 11 19   9.4  943  11  3.1 7  4.2  53    0   10 299 -358  1
3912500 2352500  4 11 20   8.0  942  21  2.3 7  4.6  61    0    0 293 -349  1
3912500 2352500  4 11 21   7.2  943  15  2.5 6  4.8  69    0    0 287 -342  1
3912500 2352500  4 11 22   6.2  943  41  1.3 6  4.9  74    0    0 281 -338  1
3912500 2352500  4 11 23   5.8  943  54  1.6 6  4.9  78    0    0 280 -338  1
3912500 2352500  4 11 24   4.3  944 349  1.0 5  4.8  82    0    0 273 -339  1
3912500 2352500  4 12  1   1.2  943 360  2.8 8  4.4  89    0    0 276 -336  1
3912500 2352500  4 12  2   1.4  944   3  2.5 8  4.1  92    0    0 287 -332  1
3912500 2352500  4 12  3   1.2  944 344  3.3 8  4.1  92    0    0 286 -328  1
3912500 2352500  4 12  4   1.3  944 321  3.6 8  4.1  93    0    0 285 -325  1
3912500 2352500  4 12  5   1.0  944 307  3.2 8  4.1  93    0    0 285 -323  1
3912500 2352500  4 12  6   1.2  944 302  3.9 8  4.0  91    0    0 283 -324  1
3912500 2352500  4 12  7   1.0  945 292  3.5 8  4.0  92    0    8 285 -327  1
3912500 2352500  4 12  8   1.4  945 285  3.7 8  4.1  93    0   51 284 -332  1
3912500 2352500  4 12  9   1.3  946 284  4.2 7  4.2  93    3  149 279 -339  1
3912500 2352500  4 12 10   1.6  946 279  3.4 6  4.2  94   36  246 267 -348  1
3912500 2352500  4 12 11   2.9  947 249  4.2 8  4.4  91    0  180 276 -352  1
3912500 2352500  4 12 12   3.7  947 251  3.9 7  4.6  89    0  208 287 -358  1
3912500 2352500  4 12 13   5.1  948 284  5.2 6  4.8  86   30  302 283 -362  1
3912500 2352500  4 12 14   6.9  948 264  7.3 5  4.9  78  104  313 279 -362  1
3912500 2352500  4 12 15   5.7  948 258  6.5 5  4.6  73  237  254 272 -363  1
3912500 2352500  4 12 16   6.8  948 334  5.0 5  4.4  70  201  205 269 -362  1
3912500 2352500  4 12 17   6.5  948 289  4.2 6  4.4  68  108  159 272 -358  1
3912500 2352500  4 12 18   5.4  948 278  3.6 8  4.5  72    8   85 283 -352  1
3912500 2352500  4 12 19   4.6  948 294  2.8 7  4.4  76   10   28 286 -344  1
3912500 2352500  4 12 20   3.7  948 257  3.0 7  4.4  80    0    0 278 -339  1
3912500 2352500  4 12 21   3.4  949 281  1.6 6  4.4  84    0    0 272 -335  1
3912500 2352500  4 12 22   2.5  950 270  1.7 5  4.3  86    0    0 260 -333  1
3912500 2352500  4 12 23   2.9  950 267  1.6 5  4.3  88    0    0 253 -332  1
3912500 2352500  4 12 24   2.6  950 299  2.2 6  4.3  88    0    0 259 -331  1
3912500 2352500  4 13  1   2.7  950 217  1.6 7  4.4  89    0    0 269 -331  1
3912500 2352500  4 13  2   2.4  950 287  1.5 7  4.4  90    0    0 274 -331  1
3912500 2352500  4 13  3   2.7  950 239  0.9 6  4.3  88    0    0 269 -330  1
3912500 2352500  4 13  4   2.2  950 219  1.0 7  4.3  88    0    0 270 -330  1
3912500 2352500  4 13  5   2.4  950 348  0.8 8  4.3  90    0    0 280 -329  1
3912500 2352500  4 13  6   2.6  949 352  0.9 8  4.4  90    0    0 287 -326  1
3912500 2352500  4 13  7   2.8  949 124  1.5 8  4.3  87    1   39 287 -325  1
3912500 2352500  4 13  8   2.3  950 180  1.2 7  4.2  86    1   84 281 -327  1
3912500 2352500  4 13  9   1.9  950 244  2.7 8  4.1  88    0  124 278 -334  1
3912500 2352500  4 13 10   1.9  950 241  2.4 6  4.1  88    3  199 273 -344  1
3912500 2352500  4 13 11   2.8  951 301  4.6 5  4.2  87    0  203 257 -353  1
3912500 2352500  4 13 12   3.1  951 347  5.7 6  4.3  85    6  255 259 -360  1
3912500 2352500  4 13 13   3.5  951 335  4.3 6  4.1  80    1  224 264 -366  1
3912500 2352500  4 13 14   3.6  951 316  6.0 7  3.9  75    6  243 270 -368  1
3912500 2352500  4 13 15   3.7  951 286  4.8 7  3.8  73    7  228 274 -366  1
3912500 2352500  4 13 16   2.4  951 296  5.3 6  3.8  76   43  218 266 -360  1
3912500 2352500  4 13 17   2.9  951 312  3.7 7  3.7  76   58  161 264 -355  1
3912500 2352500  4 13 18   3.3  951 313  4.4 7  3.5  70   39   94 268 -351  1
3912500 2352500  4 13 19   2.9  951 273  2.0 7  3.4  67    5   29 266 -345  1
3912500 2352500  4 13 20   2.1  951 308  2.2 8  3.4  70    0    0 270 -337  1
3912500 2352500  4 13 21   2.0  952 321  2.7 8  3.5  75    0    0 275 -331  1
3912500 2352500  4 13 22   1.7  952 293  2.6 8  3.6  79    0    0 276 -327  1
3912500 2352500  4 13 23   1.5  952 210  2.6 8  3.7  82    0    0 276 -325  1
3912500 2352500  4 13 24   1.1  952 219  2.9 8  3.6  82    0    0 275 -323  1
3912500 2352500  4 14  1   0.9  952 248  3.3 5  3.6  82    0    0 259 -322  1
3912500 2352500  4 14  2   0.7  953 261  3.1 5  3.5  82    0    0 243 -321  1
3912500 2352500  4 14  3   0.4  953 248  2.5 6  3.5  83    0    0 248 -320  1
3912500 2352500  4 14  4   0.1  953 259  2.5 5  3.5  85    0    0 248 -318  1
3912500 2352500  4 14  5  -0.3  953 225  2.9 4  3.5  87    0    0 238 -315  1
3912500 2352500  4 14  6  -0.6  953 217  2.3 4  3.5  89    0    0 233 -314  1
3912500 2352500  4 14  7   0.1  953 211  2.2 3  3.5  88   24   51 228 -315  1
3912500 2352500  4 14  8   1.4  954 200  2.3 0  3.5  83  188   78 210 -317  1
3912500 2352500  4 14  9   2.7  954 195  2.7 1  3.5  76  303  115 203 -322  1
3912500 2352500  4 14 10   4.0  955 214  3.1 3  3.5  68  282  212 224 -331  1
3912500 2352500  4 14 11   4.5  955 224  2.8 2  3.4  63  397  218 234 -343  1
3912500 2352500  4 14 12   4.6  955 231  2.6 4  3.3  60  142  346 239 -349  1
3912500 2352500  4 14 13   6.2  955 255  3.9 3  3.2  53  402  265 246 -352  1
3912500 2352500  4 14 14   7.2  954 229  3.5 4  2.9  46  709   64 249 -358  1
3912500 2352500  4 14 15   8.2  954 174  3.3 3  2.8  40  433  180 252 -359  1
3912500 2352500  4 14 16   8.0  954 160  3.2 4  2.6  37  208  218 252 -355  1
3912500 2352500  4 14 17   8.0  953 175  2.6 6  2.5  35  249  112 263 -353  1
3912500 2352500  4 14 18   7.5  953 175  2.1 4  2.4  35  161   71 261 -351  1
3912500 2352500  4 14 19   6.9  953 143  1.3 5  2.5  38   40   35 254 -346  1
3912500 2352500  4 14 20   4.3  952 117  1.5 5  2.7  46    0    3 253 -339  1
3912500 2352500  4 14 21   3.0  952  90  1.2 4  3.0  56    0    0 244 -332  1
3912500 2352500  4 14 22   2.4  953  57  1.8 1  3.2  65    0    0 226 -328  1
3912500 2352500  4 14 23   1.1  951  36  2.0 1  3.3  71    0    0 215 -325  1
3912500 2352500  4 14 24  -0.1  951  34  2.0 4  3.3  78    0    0 228 -322  1
3912500 2352500  4 15  1   0.1  951  42  1.2 6  3.2  79    0    0 247 -322  1
3912500 2352500  4 15  2   0.3  951  53  1.8 7  3.1  76    0    0 260 -322  1
3912500 2352500  4 15  3   0.0  950  56  1.7 7  3.2  77    0    0 266 -322  1
3912500 2352500  4 15  4  -0.2  950  51  1.6 7  3.2  80    0    0 269 -322  1
3912500 2352500  4 15  5  -1.0  950  47  1.9 8  3.2  84    0    0 274 -323  1
3912500 2352500  4 15  6   0.2  949  51  1.2 8  3.3  84    0    0 279 -322  1
3912500 2352500  4 15  7  -0.3  949  19  1.7 8  3.4  84    0   22 283 -324  1
3912500 2352500  4 15  8   1.4  949  67  1.8 7  3.6  84    0   76 284 -330  1
3912500 2352500  4 15  9   2.9  949  85  2.1 7  3.7  78    1  144 285 -341  1
3912500 2352500  4 15 10   4.2  948 130  1.9 7  3.8  73    6  228 291 -354  1
3912500 2352500  4 15 11   5.9  947 138  1.3 7  3.9  68   31  319 296 -366  1
3912500 2352500  4 15 12   8.2  947 184  2.2 6  3.9  59  111  394 296 -376  1
3912500 2352500  4 15 13   9.7  946 167  2.2 6  4.0  53  118  403 293 -376  1
3912500 2352500  4 15 14  10.6  946 169  2.2 7  4.2  51   52  354 302 -374  1
3912500 2352500  4 15 15  11.2  945 226  2.0 7  4.2  49   38  307 313 -375  1
3912500 2352500  4 15 16  11.7  944 205  2.2 8  4.2  47    3  194 326 -373  1
3912500 2352500  4 15 17  11.9  943 166  1.1 8  4.2  46    0   87 336 -370  1
3912500 2352500  4 15 18  11.3  942 224  2.9 7  4.2  47    0   49 326 -366  1
3912500 2352500  4 15 19  10.4  942 115  3.4 7  4.4  51    0   14 317 -360  1
3912500 2352500  4 15 20   9.0  942 133  2.1 7  4.4  55    0    0 312 -353  1
3912500 2352500  4 15 21   8.7  941 228  2.4 7  4.2  55    0    0 309 -347  1
3912500 2352500  4 15 22   8.0  941 282  2.6 8  4.2  58    0    0 314 -343  1
3912500 2352500  4 15 23   7.6  941 244  3.7 8  4.5  64    0    0 319 -340  1
3912500 2352500  4 15 24   7.2  942 246  4.7 6  4.8  69    0    0 307 -339  1
3912500 2352500  4 16  1   6.0  943 253  6.9 7  4.9  76    0    0 299 -337  1
3912500 2352500  4 16  2   4.6  944 246  5.8 8  4.7  79    0    0 305 -336  1
3912500 2352500  4 16  3   2.5  944 253  5.1 7  4.2  80    0    0 297 -333  1
3912500 2352500  4 16  4   2.7  945 241  4.1 7  4.0  82    0    0 289 -331  1
3912500 2352500  4 16  5   2.7  946 236  4.5 7  4.1  82    0    0 290 -330  1
3912500 2352500  4 16  6   2.9  947 241  4.2 7  4.0  80    0    1 290 -330  1
3912500 2352500  4 16  7   2.9  947 214  3.8 7  4.0  79    1   43 288 -328  1
3912500 2352500  4 16  8   3.6  947 234  4.6 5  4.0  79   14  133 276 -331  1
3912500 2352500  4 16  9   4.7  947 248  5.5 6  3.9  71   13  196 271 -339  1
3912500 2352500  4 16 10   6.2  947 237  4.5 6  3.6  60   51  299 277 -349  1
3912500 2352500  4 16 11   6.7  948 238  5.4 6  3.4  52   92  367 279 -356  1
3912500 2352500  4 16 12   8.2  947 241  6.1 5  3.3  48  148  406 277 -363  1
3912500 2352500  4 16 13   8.2  946 248  6.1 6  3.3  46  187  415 280 -372  1
3912500 2352500  4 16 14   9.0  945 234  4.3 5  3.2  43  245  384 282 -378  1
3912500 2352500  4 16 15   9.7  944 246  3.1 4  3.1  40  214  353 274 -373  1
3912500 2352500  4 16 16   9.2  943 220  3.2 4  3.2  40  211  266 274 -367  1
3912500 2352500  4 16 17   8.8  942 202  3.0 5  3.2  42   96  214 277 -364  1
3912500 2352500  4 16 18   8.2  942 137  2.2 7  3.2  44    8  103 288 -359  1
3912500 2352500  4 16 19   7.8  941 111  1.0 7  3.3  47    0   22 295 -353  1
3912500 2352500  4 16 20   7.2  941 113  1.1 7  3.5  50    0    0 292 -347  1
3912500 2352500  4 16 21   6.6  941 125  1.2 7  3.7  55    0    0 290 -343  1
3912500 2352500  4 16 22   6.4  941 120  1.5 6  3.8  58    0    0 284 -338  1
3912500 2352500  4 16 23   5.2  940 130  1.6 6  3.8  62    0    0 277 -333  1
3912500 2352500  4 16 24   4.0  940 157  1.7 7  3.9  70    0    0 277 -330  1
3912500 2352500  4 17  1   4.4  939 177  1.6 6  4.0  72    0    0 275 -329  1
3912500 2352500  4 17  2   4.4  938 151  1.6 7  4.1  73    0    0 276 -328  1
3912500 2352500  4 17  3   4.7  938 326  1.2 7  4.3  75    0    0 280 -327  1
3912500 2352500  4 17  4   4.1  937  18  0.9 7  4.2  75    0    0 278 -325  1
3912500 2352500  4 17  5   3.5  936   7  0.8 7  4.2  78    0    0 277 -323  1
3912500 2352500  4 17  6   4.1  935  41  0.6 7  4.2  78    0    1 276 -322  1
3912500 2352500  4 17  7   4.1  935  28  0.9 8  4.2  77   10   49 280 -322  1
3912500 2352500  4 17  8   5.2  935 106  1.3 7  4.3  75   14  116 279 -327  1
3912500 2352500  4 17  9   6.4  935  97  2.2 8  4.3  69    8  167 281 -340  1
3912500 2352500  4 17 10   7.6  936 138  2.4 8  4.3  64    3  206 289 -358  1
3912500 2352500  4 17 11   9.8  936 205  2.1 7  4.4  58  229  279 293 -372  1
3912500 2352500  4 17 12  10.1  936 213  4.6 7  4.6  56  112  329 297 -378  1
3912500 2352500  4 17 13  11.2  936 167  5.3 6  4.7  55   47  318 298 -386  1
3912500 2352500  4 17 14   7.3  937 178  6.8 7  4.9  63    7  253 296 -386  1
3912500 2352500  4 17 15   7.1  937 187  4.4 7  5.3  77   61  278 296 -380  1
3912500 2352500  4 17 16   8.1  938 251  7.0 6  5.2  74  198  203 293 -374  1
3912500 2352500  4 17 17   8.2  939 204  3.8 6  4.8  66   25  166 288 -367  1
3912500 2352500  4 17 18   8.5  939 199  3.3 7  4.7  64    1   78 293 -365  1
3912500 2352500  4 17 19   8.0  939 181  2.2 6  4.5  62    0   18 291 -359  1
3912500 2352500  4 17 20   6.9  939 256  3.5 6  4.5  65    0    0 281 -353  1
3912500 2352500  4 17 21   6.0  939 247  2.7 7  4.5  69    0    0 282 -346  1
3912500 2352500  4 17 22   4.9  940 234  1.5 4  4.5  75    0    0 270 -340  1
3912500 2352500  4 17 23   5.0  941 204  1.6 4  4.7  81    0    0 256 -335  1
3912500 2352500  4 17 24   4.6  941 230  1.5 7  4.7  82    0    0 267 -332  1
3912500 2352500  4 18  1   3.4  941 212  0.8 4  4.6  84    0    0 264 -330  1
3912500 2352500  4 18  2   3.3  941 157  2.0 5  4.4  85    0    0 254 -328  1
3912500 2352500  4 18  3   3.1  941 201  1.8 8  4.4  86    0    0 268 -327  1
3912500 2352500  4 18  4   3.2  941 173  1.9 8  4.5  88    0    0 279 -325  1
3912500 2352500  4 18  5   3.4  941 196  2.1 7  4.6  89    0    0 276 -324  1
3912500 2352500  4 18  6   2.4  941 208  3.4 6  4.6  92    0    3 268 -323  1
3912500 2352500  4 18  7   3.4  942 217  3.5 6  4.6  91    0   22 264 -324  1
3912500 2352500  4 18  8   4.2  942 189  3.3 7  4.6  86    0   76 268 -331  1
3912500 2352500  4 18  9   4.5  943 148  4.2 7  4.7  84    5  159 274 -341  1
3912500 2352500  4 18 10   4.8  944 204  4.7 6  4.7  83   50  251 272 -351  1
3912500 2352500  4 18 11   5.9  944 176  4.1 6  4.7  80   55  288 272 -359  1
3912500 2352500  4 18 12   4.9  945 199  3.7 6  4.8  80   89  312 274 -367  1
3912500 2352500  4 18 13   5.0  945 218  4.4 7  4.8  84    1  235 282 -375  1
3912500 2352500  4 18 14   5.4  946 242  5.3 6  4.8  81   11  259 284 -379  1
3912500 2352500  4 18 15   5.7  946 292  5.9 6  4.6  77   44  263 280 -377  1
3912500 2352500  4 18 16   5.2  947 239  6.2 7  4.7  78   20  207 281 -371  1
3912500 2352500  4 18 17   5.2  947 235  2.9 6  4.7  81   43  165 278 -365  1
3912500 2352500  4 18 18   4.7  948 213  5.1 6  4.7  82   35  100 272 -361  1
3912500 2352500  4 18 19   4.2  948 215  4.9 7  4.6  82   44   28 273 -354  1
3912500 2352500  4 18 20   3.8  949 234  4.5 7  4.5  83    0    3 271 -345  1
3912500 2352500  4 18 21   3.6  950 247  4.4 8  4.5  84    0    0 271 -340  1
3912500 2352500  4 18 22   3.6  951 234  3.5 6  4.4  85    0    0 267 -337  1
3912500 2352500  4 18 23   3.4  952 238  4.1 6  4.4  85    0    0 260 -336  1
3912500 2352500  4 18 24   3.2  952 255  3.8 8  4.4  86    0    0 267 -334  1
3912500 2352500  4 19  1   3.1  953 259  3.6 8  4.4  87    0    0 274 -333  1
3912500 2352500  4 19  2   3.2  953 252  3.6 7  4.4  87    0    0 271 -331  1
3912500 2352500  4 19  3   2.9  953 238  3.5 8  4.4  88    0    0 272 -330  1
3912500 2352500  4 19  4   2.9  953 273  3.4 8  4.4  89    0    0 275 -330  1
3912500 2352500  4 19  5   3.0  954 260  3.9 7  4.4  89    0    0 274 -329  1
3912500 2352500  4 19  6   3.2  954 264  3.6 7  4.5  89    0    1 272 -327  1
3912500 2352500  4 19  7   3.5  954 260  3.3 7  4.5  87    0   34 274 -327  1
3912500 2352500  4 19  8   4.1  955 240  3.8 4  4.5  84   39  141 263 -333  1
3912500 2352500  4 19  9   5.0  955 253  3.9 5  4.4  80   69  228 258 -342  1
3912500 2352500  4 19 10   4.8  955 254  3.9 5  4.6  80   94  302 264 -354  1
3912500 2352500  4 19 11   5.6  956 266  4.4 3  4.7  80  267  314 258 -365  1
3912500 2352500  4 19 12   7.1  956 279  4.5 3  4.6  72  434  308 256 -374  1
3912500 2352500  4 19 13   8.6  956 279  4.5 3  4.4  63  301  368 262 -379  1
3912500 2352500  4 19 14   9.7  957 303  4.0 4  4.2  55  114  371 270 -382  1
3912500 2352500  4 19 15   8.7  957 313  3.9 7  4.0  53   43  306 289 -387  1
3912500 2352500  4 19 16   8.9  957 290  4.2 7  4.0  54   11  215 306 -386  1
3912500 2352500  4 19 17   8.4  958 282  3.3 8  4.1  55    4  150 313 -380  1
3912500 2352500  4 19 18   6.9  957 253  2.7 8  4.2  61    7  103 316 -375  1
3912500 2352500  4 19 19   6.0  958 276  1.1 7  4.5  72    8   40 310 -370  1
3912500 2352500  4 19 20   5.3  958 179  0.5 6  4.7  79    0    5 301 -364  1
3912500 2352500  4 19 21   4.5  959 232  0.2 4  4.7  82    0    0 287 -359  1
3912500 2352500  4 19 22   3.7  960 183  0.7 1  4.5  84    0    0 263 -356  1
3912500 2352500  4 19 23   2.5  959 163  1.1 1  4.3  86    0    0 244 -353  1
3912500 2352500  4 19 24   2.1  960 162  1.0 1  4.2  88    0    0 239 -351  1
3912500 2352500  4 20  1   1.0  960 198  1.5 2  4.0  90    0    0 241 -349  1
3912500 2352500  4 20  2   0.7  960 215  1.3 2  3.9  91    0    0 241 -348  1
3912500 2352500  4 20  3   0.9  960 205  1.4 3  3.9  91    0    0 244 -348  1
3912500 2352500  4 20  4  -0.8  960 182  1.1 3  3.8  94    0    0 246 -347  1
3912500 2352500  4 20  5  -0.1  960 187  1.2 1  3.7  95    0    0 233 -347  1
3912500 2352500  4 20  6  -0.2  960 189  1.5 4  3.6  92    0    2 237 -346  1
3912500 2352500  4 20  7   1.1  961 173  1.3 2  3.8  92    0    9 242 -347  1
3912500 2352500  4 20  8   1.0  961 184  1.4 5  4.1  96   13  126 246 -351  1
3912500 2352500  4 20  9   3.1  961 206  1.2 5  4.4  96  114  220 266 -357  1
3912500 2352500  4 20 10   5.8  961 213  2.2 3  4.6  84  479  163 259 -362  1
3912500 2352500  4 20 11   8.6  961 222  2.9 4  4.6  69  581  180 260 -366  1
3912500 2352500  4 20 12  11.3  961 224  2.2 6  4.4  55  593  210 288 -370  1
3912500 2352500  4 20 13  12.3  961 231  2.4 7  4.3  47  615  211 314 -375  1
3912500 2352500  4 20 14  13.6  960 200  2.5 7  4.2  43  583  205 324 -377  1
3912500 2352500  4 20 15  14.4  960 211  2.5 4  4.1  39  537  177 311 -378  1
3912500 2352500  4 20 16  15.3  960 180  2.8 4  4.0  37  440  153 299 -377  1
3912500 2352500  4 20 17  15.0  960 216  2.5 4  4.0  36  292  133 302 -375  1
3912500 2352500  4 20 18  14.3  960 192  2.6 4  3.9  36  164   97 302 -373  1
3912500 2352500  4 20 19  12.6  959 216  1.9 6  3.9  38   32   47 308 -371  1
3912500 2352500  4 20 20  12.3  960 238  3.2 7  4.2  44    0    3 319 -368  1
3912500 2352500  4 20 21  11.7  961 209  3.6 8  4.7  51    0    0 327 -366  1
3912500 2352500  4 20 22  11.2  962 210  3.0 8  5.2  59    0    0 331 -364  1
3912500 2352500  4 20 23  10.8  962 218  3.0 8  5.6  65    0    0 331 -362  1
3912500 2352500  4 20 24  10.4  962 208  3.4 7  5.7  68    0    0 324 -360  1
3912500 2352500  4 21  1   9.4  963 216  3.2 7  6.0  75    0    0 316 -360  1
3912500 2352500  4 21  2   8.8  962 251  2.8 8  6.3  84    0    0 319 -360  1
3912500 2352500  4 21  3   8.6  962 265  2.0 8  6.5  88    0    0 323 -359  1
3912500 2352500  4 21  4   8.4  962 244  1.6 8  6.5  90    0    0 323 -359  1
3912500 2352500  4 21  5   8.2  963 241  1.7 8  6.6  92    0    0 322 -359  1
3912500 2352500  4 21  6   8.5  963 255  1.8 8  6.7  93    0    3 323 -358  1
3912500 2352500  4 21  7   8.3  963 267  1.7 8  6.7  93    0   26 321 -359  1
3912500 2352500  4 21  8   8.3  964 253  0.9 8  6.7  94    0   37 319 -364  1
3912500 2352500  4 21  9   8.5  964 215  1.2 8  6.8  94    0   88 316 -374  1
3912500 2352500  4 21 10   9.0  964 240  1.6 8  6.9  93    0  175 316 -386  1
3912500 2352500  4 21 11   9.2  965 224  1.7 8  6.9  92    0  193 317 -398  1
3912500 2352500  4 21 12  10.7  965 211  2.0 7  7.0  88   43  338 316 -410  1
3912500 2352500  4 21 13  12.6  965 193  2.5 5  6.9  77  235  376 306 -420  1
3912500 2352500  4 21 14  13.0  965 218  2.9 6  6.6  68  177  374 304 -425  1
3912500 2352500  4 21 15  13.1  964 247  2.6 5  6.5  66  238  324 306 -427  1
3912500 2352500  4 21 16  13.9  964 241  3.0 5  6.3  62  351  197 304 -425  1
3912500 2352500  4 21 17  14.1  964  96  3.0 4  6.1  58  287  142 301 -418  1
3912500 2352500  4 21 18  13.6  963 169  2.1 4  6.0  58  121  109 296 -407  1
3912500 2352500  4 21 19  12.6  963  85  1.2 5  6.0  61   44   50 298 -396  1
3912500 2352500  4 21 20  11.2  963 100  1.6 5  6.1  66    0    8 299 -384  1
3912500 2352500  4 21 21   9.7  964  59  1.4 5  6.1  73    0    0 294 -374  1
3912500 2352500  4 21 22   8.8  963  39  1.1 3  6.1  79    0    0 282 -368  1
3912500 2352500  4 21 23   7.9  963  25  2.0 2  6.0  83    0    0 268 -362  1
3912500 2352500  4 21 24   7.1  963  37  1.6 1  5.9  87    0    0 259 -358  1
3912500 2352500  4 22  1   6.2  963  29  1.5 0  5.8  90    0    0 249 -354  1
3912500 2352500  4 22  2   5.7  963  70  1.2 0  5.6  92    0    0 245 -351  1
3912500 2352500  4 22  3   5.8  963  39  1.4 0  5.6  92    0    0 245 -349  1
3912500 2352500  4 22  4   5.2  963  53  1.0 0  5.4  92    0    0 244 -346  1
3912500 2352500  4 22  5   4.9  963  38  0.5 2  5.3  92    0    0 249 -342  1
3912500 2352500  4 22  6   4.5  963  75  0.7 3  5.2  94    0    6 257 -338  1
3912500 2352500  4 22  7   4.8  963  77  0.7 3  5.3  95   32   78 258 -338  1
3912500 2352500  4 22  8   8.6  963  94  0.9 3  5.7  89  168  129 263 -348  1
3912500 2352500  4 22  9  10.2  963  66  0.7 3  6.2  80  315  165 271 -367  1
3912500 2352500  4 22 10  12.4  963  63  1.3 4  6.3  72  431  202 277 -390  1
3912500 2352500  4 22 11  14.5  962  77  2.4 4  6.3  63  551  215 286 -411  1
3912500 2352500  4 22 12  16.9  962  72  3.7 3  6.5  55  621  221 292 -427  1
3912500 2352500  4 22 13  18.1  961  74  2.9 3  6.4  49  613  237 297 -436  1
3912500 2352500  4 22 14  18.9  960  62  3.7 2  6.0  43  600  219 298 -442  1
3912500 2352500  4 22 15  19.4  960  72  4.0 1  5.9  40  554  189 297 -445  1
3912500 2352500  4 22 16  20.1  960  68  5.0 1  6.0  40  449  168 297 -439  1
3912500 2352500  4 22 17  19.4  959  75  4.6 0  5.9  39  309  141 295 -430  1
3912500 2352500  4 22 18  18.5  959  56  3.7 0  5.8  40  159  107 290 -419  1
3912500 2352500  4 22 19  16.6  958  38  3.8 0  5.9  44   44   52 287 -407  1
3912500 2352500  4 22 20  15.1  958  38  3.5 0  5.9  50    0    8 282 -394  1
3912500 2352500  4 22 21  13.6  959  37  2.8 1  5.9  55    0    0 279 -385  1
3912500 2352500  4 22 22  12.9  958  93  2.6 0  5.7  57    0    0 276 -379  1
3912500 2352500  4 22 23  11.7  959  22  2.5 0  5.6  60    0    0 270 -374  1
3912500 2352500  4 22 24  10.8  959  39  4.7 0  5.4  62    0    0 266 -370  1
3912500 2352500  4 23  1   9.6  959  12  2.8 0  5.3  64    0    0 264 -365  1
3912500 2352500  4 23  2   7.5  959 108  2.2 0  5.2  71    0    0 260 -360  1
3912500 2352500  4 23  3   7.2  959 102  1.8 0  5.2  76    0    0 256 -359  1
3912500 2352500  4 23  4   6.6  959 115  1.8 0  5.1  78    0    0 255 -359  1
3912500 2352500  4 23  5   6.1  959 141  1.7 1  5.1  81    0    0 256 -357  1
3912500 2352500  4 23  6   5.3  959 147  1.3 2  5.0  84    0    5 258 -355  1
3912500 2352500  4 23  7   7.2  959 251  1.2 4  5.2  82   27   71 267 -356  1
3912500 2352500  4 23  8   8.8  959 175  0.7 1  5.4  76  176  104 269 -364  1
3912500 2352500  4 23  9  10.7  960 184  1.4 1  5.6  70  332  123 264 -379  1
3912500 2352500  4 23 10  12.9  960 200  1.4 4  5.8  63  462  140 280 -397  1
3912500 2352500  4 23 11  14.8  960 203  1.9 4  5.9  57  598  132 298 -413  1
3912500 2352500  4 23 12  16.9  960 203  2.3 4  6.3  53  691  119 307 -427  1
3912500 2352500  4 23 13  18.2  960 204  3.0 4  6.8  51  684  131 314 -437  1
3912500 2352500  4 23 14  19.6  960 210  2.7 4  6.7  46  666  120 320 -438  1
3912500 2352500  4 23 15  20.1  960 257  2.7 4  6.2  41  285  280 324 -440  1
3912500 2352500  4 23 16  20.3  959 280  2.9 4  6.0  39  199  229 326 -434  1
3912500 2352500  4 23 17  20.6  959 320  3.2 5  6.2  39  209  156 331 -424  1
3912500 2352500  4 23 18  19.4  959   8  2.0 5  6.3  41   95  108 334 -418  1
3912500 2352500  4 23 19  18.1  959 211  1.9 6  6.6  47   20   43 335 -410  1
3912500 2352500  4 23 20  16.6  958 311  2.4 7  7.0  54    0    0 340 -400  1
3912500 2352500  4 23 21  15.8  959 319  2.6 7  7.2  59    0    0 342 -393  1
3912500 2352500  4 23 22  15.4  960 317  2.2 6  7.2  62    0    0 338 -389  1
3912500 2352500  4 23 23  15.0  960 298  2.3 6  7.3  64    0    0 333 -386  1
3912500 2352500  4 23 24  14.5  961 196  1.8 8  7.3  66    0    0 342 -385  1
3912500 2352500  4 24  1  14.3  961 220  2.1 8  7.3  68    0    0 350 -383  1
3912500 2352500  4 24  2  13.6  962 268  2.1 7  7.5  72    0    0 345 -382  1
3912500 2352500  4 24  3  12.9  961   3  1.4 7  7.6  76    0    0 340 -382  1
3912500 2352500  4 24  4  12.0  962 212  2.5 7  7.5  79    0    0 337 -381  1
3912500 2352500  4 24  5  12.1  962 244  2.7 7  6.9  74    0    0 336 -380  1
3912500 2352500  4 24  6  12.1  963 259  2.3 7  6.3  68    0    1 335 -379  1
3912500 2352500  4 24  7  12.3  963 234  2.2 8  6.1  66    0   29 341 -378  1
3912500 2352500  4 24  8  12.4  964 235  2.5 7  6.2  66    2  110 341 -379  1
3912500 2352500  4 24  9  12.4  964 259  3.3 7  6.1  65    5  179 336 -382  1
3912500 2352500  4 24 10  12.8  965 211  3.9 6  6.0  62   28  276 331 -383  1
3912500 2352500  4 24 11  12.9  965 267  4.5 6  5.8  60   11  277 329 -385  1
3912500 2352500  4 24 12  13.2  965 240  4.6 6  5.7  58   17  310 329 -394  1
3912500 2352500  4 24 13  14.3  966 256  4.5 8  5.8  56    0  216 341 -406  1
3912500 2352500  4 24 14  14.8  966 274  6.1 7  5.9  55    8  286 348 -414  1
3912500 2352500  4 24 15  14.9  965 249  4.8 7  5.9  54   36  301 343 -415  1
3912500 2352500  4 24 16  15.5  965 265  4.5 7  5.9  52   57  271 343 -412  1
3912500 2352500  4 24 17  15.1  965 266  4.2 6  5.9  52   63  210 338 -408  1
3912500 2352500  4 24 18  15.1  965 261  3.5 6  5.9  52   87  125 334 -402  1
3912500 2352500  4 24 19  14.5  965 252  3.3 7  5.9  54   29   51 339 -392  1
3912500 2352500  4 24 20  13.2  966 290  3.3 7  5.8  56    2    9 342 -380  1
3912500 2352500  4 24 21  12.3  966 301  3.0 7  5.8  60    0    0 337 -371  1
3912500 2352500  4 24 22  11.6  967 277  3.1 4  5.7  62    0    0 319 -368  1
3912500 2352500  4 24 23   9.9  967 274  2.6 4  5.6  66    0    0 299 -369  1
3912500 2352500  4 24 24   9.7  966 221  1.9 7  5.5  70    0    0 313 -370  1
3912500 2352500  4 25  1   9.5  966 226  1.8 6  5.5  71    0    0 325 -370  1
3912500 2352500  4 25  2   9.4  966 230  2.4 7  5.5  72    0    0 324 -369  1
3912500 2352500  4 25  3   8.4  966 211  1.8 7  5.6  75    0    0 328 -368  1
3912500 2352500  4 25  4   7.7  966 209  1.8 7  5.6  80    0    0 326 -366  1
3912500 2352500  4 25  5   6.9  967 231  2.0 6  5.6  84    0    0 318 -365  1
3912500 2352500  4 25  6   6.2  967 267  1.9 7  5.5  87    0   12 316 -363  1
3912500 2352500  4 25  7   7.4  966 222  1.6 5  5.7  88   50   78 310 -364  1
3912500 2352500  4 25  8   9.9  966 188  2.3 2  6.0  82  202  119 284 -368  1
3912500 2352500  4 25  9  12.1  967 224  2.0 2  6.3  73  346  160 272 -373  1
3912500 2352500  4 25 10  14.3  966 205  2.5 5  6.3  64  453  189 294 -379  1
3912500 2352500  4 25 11  15.7  966 208  2.7 6  6.2  56  529  219 323 -394  1
3912500 2352500  4 25 12  16.4  966 190  3.8 5  6.0  50  607  223 325 -410  1
3912500 2352500  4 25 13  17.7  965 181  3.0 3  5.9  46  686  193 309 -421  1
3912500 2352500  4 25 14  19.1  964 177  3.2 3  5.9  42  671  181 301 -425  1
3912500 2352500  4 25 15  19.4  963 187  3.2 4  5.8  40  547  188 312 -425  1
3912500 2352500  4 25 16  19.5  962 198  2.5 5  6.0  40  246  237 329 -422  1
3912500 2352500  4 25 17  18.8  962 154  2.0 7  6.2  42   28  196 346 -416  1
3912500 2352500  4 25 18  18.3  961 182  2.3 7  6.3  45    2  100 355 -410  1
3912500 2352500  4 25 19  17.8  961 316  1.7 7  6.4  47    1   44 354 -404  1
3912500 2352500  4 25 20  16.5  961   7  1.0 8  6.7  52    0    4 356 -397  1
3912500 2352500  4 25 21  15.7  962 358  2.1 8  7.3  61    0    0 358 -391  1
3912500 2352500  4 25 22  14.4  962 339  2.3 8  8.0  71    0    0 355 -387  1
3912500 2352500  4 25 23  13.8  963 322  1.5 8  8.3  78    0    0 353 -383  1
3912500 2352500  4 25 24  13.3  961  22  2.1 8  8.4  82    0    0 351 -378  1
3912500 2352500  4 26  1  12.8  961  96  2.3 7  8.5  86    0    0 344 -374  1
3912500 2352500  4 26  2  10.9  960  84  1.4 6  8.2  90    0    0 328 -370  1
3912500 2352500  4 26  3   9.7  959  45  0.9 5  7.7  94    0    0 310 -368  1
3912500 2352500  4 26  4   9.5  958 110  0.9 4  7.5  96    0    0 295 -366  1
3912500 2352500  4 26  5   9.7  957 313  1.5 5  7.5  95    0    0 294 -365  1
3912500 2352500  4 26  6  10.6  957 270  2.0 7  7.7  94    0    4 315 -369  1
3912500 2352500  4 26  7  11.5  957 309  1.7 8  8.0  92    0   18 338 -374  1
3912500 2352500  4 26  8  12.5  957 278  1.3 7  8.3  89   12  128 340 -377  1
3912500 2352500  4 26  9  13.7  958 335  1.6 7  8.3  84   19  192 336 -380  1
3912500 2352500  4 26 10  14.5  957 148  2.4 7  8.4  79    6  224 339 -382  1
3912500 2352500  4 26 11  16.1  956 139  2.1 6  8.5  74  121  331 337 -388  1
3912500 2352500  4 26 12  17.5  956 114  2.7 6  8.5  67  460  246 336 -396  1
3912500 2352500  4 26 13  18.7  955  22  2.3 6  8.4  61  441  264 341 -404  1
3912500 2352500  4 26 14  19.6  954 349  1.4 7  8.3  57  144  349 351 -407  1
3912500 2352500  4 26 15  20.8  953  47  2.3 6  8.4  54  282  278 354 -412  1
3912500 2352500  4 26 16  21.1  952  52  2.1 6  8.3  50  259  205 349 -416  1
3912500 2352500  4 26 17  20.0  951  48  2.0 7  8.3  52   24  183 355 -413  1
3912500 2352500  4 26 18  19.5  951  12  1.1 7  8.6  56    2   95 361 -410  1
3912500 2352500  4 26 19  18.4  951  12  0.7 7  8.8  60    0   33 358 -406  1
3912500 2352500  4 26 20  16.8  950  67  0.6 8  8.8  66    0    2 360 -399  1
3912500 2352500  4 26 21  15.3  950  61  0.6 8  8.8  72    0    0 363 -394  1
3912500 2352500  4 26 22  14.8  950 332  1.2 8  8.7  76    0    0 360 -391  1
3912500 2352500  4 26 23  14.5  949 102  1.3 8  8.6  77    0    0 358 -389  1
3912500 2352500  4 26 24  13.5  949  44  3.5 8  8.5  80    0    0 355 -388  1
3912500 2352500  4 27  1  13.4  949  62  3.2 7  8.5  83    0    0 345 -384  1
3912500 2352500  4 27  2  13.3  948  53  3.7 7  8.4  82    0    0 336 -378  1
3912500 2352500  4 27  3  11.7  948  47  2.4 8  8.3  86    0    0 341 -373  1
3912500 2352500  4 27  4  11.5  947 153  1.5 8  8.2  90    0    0 344 -371  1
3912500 2352500  4 27  5  10.8  948  81  1.7 8  8.0  90    0    0 342 -371  1
3912500 2352500  4 27  6  10.1  946 100  1.5 7  7.7  91    4   16 332 -370  1
3912500 2352500  4 27  7  11.5  946  59  1.3 5  7.7  89   54   92 315 -369  1
3912500 2352500  4 27  8  13.5  946  91  2.1 2  8.1  83  165  161 293 -368  1
3912500 2352500  4 27  9  15.6  946 108  2.4 3  8.2  74  270  230 292 -368  1
3912500 2352500  4 27 10  17.1  946 122  1.8 4  8.0  64  390  281 309 -368  1
3912500 2352500  4 27 11  19.2  945 221  2.2 3  7.8  56  502  310 313 -372  1
3912500 2352500  4 27 12  20.4  944 177  2.6 4  7.4  48  451  357 316 -376  1
3912500 2352500  4 27 13  20.4  945 196  2.6 5  7.2  45  175  431 328 -377  1
3912500 2352500  4 27 14  20.1  944 200  3.6 5  7.2  45   91  403 332 -377  1
3912500 2352500  4 27 15  17.0  944 251  5.6 6  7.4  51   84  364 333 -376  1
3912500 2352500  4 27 16  11.6  945 224  6.2 8  6.8  62    0  141 335 -375  1
3912500 2352500  4 27 17  11.2  946 242  6.0 8  6.2  69    0   80 335 -372  1
3912500 2352500  4 27 18  10.8  947 229  5.9 6  5.9  67    3  106 321 -369  1
3912500 2352500  4 27 19   9.1  947 241  5.4 8  5.6  68   16   52 316 -366  1
3912500 2352500  4 27 20   8.0  948 216  4.7 8  5.5  74    0    8 324 -364  1
3912500 2352500  4 27 21   7.2  949 242  3.8 7  5.4  78    0    0 315 -362  1
3912500 2352500  4 27 22   7.0  950 225  3.1 8  5.4  80    0    0 314 -361  1
3912500 2352500  4 27 23   6.6  952 225  3.2 8  5.4  83    0    0 319 -361  1
3912500 2352500  4 27 24   6.8  952 218  3.4 7  5.5  85    0    0 314 -360  1
3912500 2352500  4 28  1   6.7  952 215  3.5 7  5.6  85    0    0 308 -358  1
3912500 2352500  4 28  2   6.6  953 204  2.5 7  5.6  87    0    0 308 -357  1
3912500 2352500  4 28  3   6.5  952 211  2.7 8  5.7  89    0    0 316 -356  1
3912500 2352500  4 28  4   6.2  952 203  2.3 8  5.8  91    0    0 324 -355  1
3912500 2352500  4 28  5   6.2  951 218  1.5 8  5.8  92    0    0 323 -355  1
3912500 2352500  4 28  6   6.1  951 208  1.8 8  5.8  92    0    2 322 -354  1
3912500 2352500  4 28  7   6.1  952 206  1.8 8  5.8  93    0   19 321 -355  1
3912500 2352500  4 28  8   6.5  952 204  2.1 7  5.9  93    0   47 315 -357  1
3912500 2352500  4 28  9   6.5  952 223  2.0 7  5.9  93    0   75 311 -361  1
3912500 2352500  4 28 10   6.9  953 229  1.9 8  6.0  93    0  108 319 -368  1
3912500 2352500  4 28 11   7.2  953 218  1.5 8  6.1  92    0  130 326 -373  1
3912500 2352500  4 28 12   8.0  954 199  1.7 8  6.2  90    0  187 327 -372  1
3912500 2352500  4 28 13   7.7  954 211  2.4 8  6.1  87    0  223 327 -380  1
3912500 2352500  4 28 14   8.1  954  87  1.5 8  6.1  87    0  206 322 -386  1
3912500 2352500  4 28 15   7.7  954 171  1.5 8  6.1  87    1  216 319 -387  1
3912500 2352500  4 28 16   8.0  954 205  1.6 7  6.1  87    8  204 313 -389  1
3912500 2352500  4 28 17   8.2  954 278  1.9 8  6.1  86    0  118 312 -386  1
3912500 2352500  4 28 18   7.8  954  60  1.2 8  6.2  88    0   69 315 -378  1
3912500 2352500  4 28 19   7.5  954 262  1.5 8  6.3  90    0   27 313 -371  1
3912500 2352500  4 28 20   7.0  954  68  1.0 8  6.2  92    0    5 313 -367  1
3912500 2352500  4 28 21   6.9  954 221  0.9 8  6.3  95    0    0 311 -362  1
3912500 2352500  4 28 22   6.7  953 216  1.2 8  6.1  94    0    0 308 -359  1
3912500 2352500  4 28 23   6.0  954 225  1.0 8  6.0  95    0    0 304 -357  1
3912500 2352500  4 28 24   6.2  953 277  1.2 6  5.9  95    0    0 297 -354  1
3912500 2352500  4 29  1   6.4  953 303  0.8 8  5.9  94    0    0 297 -350  1
3912500 2352500  4 29  2   6.3  953 330  0.7 8  6.0  94    0    0 307 -346  1
3912500 2352500  4 29  3   6.7  953 343  0.6 8  6.0  94    0    0 310 -341  1
3912500 2352500  4 29  4   6.2  952  37  0.8 8  6.0  94    0    0 311 -338  1
3912500 2352500  4 29  5   6.1  952   7  0.4 7  6.0  96    0    0 307 -335  1
3912500 2352500  4 29  6   6.3  951  17  0.5 7  5.9  95    3   13 302 -334  1
3912500 2352500  4 29  7   6.3  952  12  0.4 4  5.8  92   24   63 285 -336  1
3912500 2352500  4 29  8   6.8  952  51  0.8 7  5.9  92   21  124 284 -345  1
3912500 2352500  4 29  9   7.4  952  72  1.7 8  6.0  90   80  188 307 -362  1
3912500 2352500  4 29 10   8.8  951  68  2.0 6  6.1  84  130  250 305 -379  1
3912500 2352500  4 29 11  10.0  951  72  2.2 6  6.0  77  105  299 301 -394  1
3912500 2352500  4 29 12   9.9  950  90  2.6 7  5.9  73   18  290 310 -405  1
3912500 2352500  4 29 13  12.1  951 100  2.8 7  6.1  70    1  247 321 -412  1
3912500 2352500  4 29 14  13.1  950  88  2.5 5  6.3  65  254  274 317 -416  1
3912500 2352500  4 29 15  13.9  950  62  2.7 4  6.3  61  598   52 306 -417  1
3912500 2352500  4 29 16  14.7  950 106  1.9 5  6.1  56  304  138 307 -414  1
3912500 2352500  4 29 17  14.5  950  17  1.7 5  5.8  52  279   81 313 -408  1
3912500 2352500  4 29 18  14.1  950  72  1.5 4  5.8  53  189   47 308 -402  1
3912500 2352500  4 29 19  13.0  950  70  1.8 4  6.1  59   77   40 302 -395  1
3912500 2352500  4 29 20  11.2  950  55  1.9 4  6.3  67    1    7 299 -387  1
3912500 2352500  4 29 21   8.9  949  57  1.5 3  6.2  76    0    0 288 -379  1
3912500 2352500  4 29 22   8.0  950  38  1.5 4  6.2  84    0    0 284 -373  1
3912500 2352500  4 29 23   6.9  950  57  1.7 4  6.0  88    0    0 286 -369  1
3912500 2352500  4 29 24   7.1  950  22  1.3 3  6.0  90    0    0 280 -367  1
3912500 2352500  4 30  1   6.7  950  21  1.7 1  6.0  91    0    0 268 -365  1
3912500 2352500  4 30  2   6.1  950  39  1.3 0  5.9  92    0    0 256 -363  1
3912500 2352500  4 30  3   5.3  949 185  2.0 1  5.8  95    0    0 257 -361  1
3912500 2352500  4 30  4   5.4  949 306  2.0 2  5.7  96    0    0 264 -360  1
3912500 2352500  4 30  5   5.8  949 321  2.4 3  5.7  94    0    0 274 -360  1
3912500 2352500  4 30  6   5.2  949  85  2.1 3  5.6  94    1   15 276 -362  1
3912500 2352500  4 30  7   7.4  950 112  1.4 2  5.8  92   40   99 272 -364  1
3912500 2352500  4 30  8   9.1  950  60  2.0 4  6.2  85  133  187 280 -369  1
3912500 2352500  4 30  9  11.7  950 127  2.0 4  6.3  75  172  278 295 -376  1
3912500 2352500  4 30 10  14.1  950 136  2.9 3  6.2  62  267  346 297 -383  1
3912500 2352500  4 30 11  15.7  950 136  2.5 4  6.1  54  355  397 304 -388  1
3912500 2352500  4 30 12  17.6  950 146  2.8 4  6.1  48  376  432 314 -389  1
3912500 2352500  4 30 13  18.8  950 137  3.2 4  5.9  42  404  438 320 -394  1
3912500 2352500  4 30 14  19.4  950 155  3.6 5  5.2  36  431  409 325 -400  1
3912500 2352500  4 30 15  20.4  949 147  2.9 2  4.7  30  386  370 319 -406  1
3912500 2352500  4 30 16  20.8  949 125  2.2 2  4.6  28  317  314 308 -407  1
3912500 2352500  4 30 17  20.8  949 157  2.6 4  4.7  29  224  246 315 -404  1
3912500 2352500  4 30 18  20.4  949 164  3.5 4  4.8  30  113  165 321 -399  1
3912500 2352500  4 30 19  19.6  949 172  3.0 3  4.9  32   39   79 315 -392  1
3912500 2352500  4 30 20  15.6  949 170  2.8 6  5.2  39    2   12 317 -385  1
3912500 2352500  4 30 21  14.5  949 244  3.1 6  5.6  49    0    0 322 -380  1
3912500 2352500  4 30 22  14.9  950 164  4.0 4  5.8  52    0    0 316 -377  1
3912500 2352500  4 30 23  13.1  951 116  3.3 4  5.9  55    0    0 306 -375  1
3912500 2352500  4 30 24  11.8  951  86  3.4 4  6.0  62    0    0 301 -374  1
3912500 2352500  5  1  1  11.7  952  99  1.3 3  6.0  66    0    0 289 -372  1
3912500 2352500  5  1  2  11.4  952 165  2.2 3  6.1  67    0    0 285 -371  1
3912500 2352500  5  1  3  10.7  951  31  2.1 3  6.0  69    0    0 281 -368  1
3912500 2352500  5  1  4  10.7  951 310  2.3 4  6.0  70    0    0 285 -365  1
3912500 2352500  5  1  5  10.7  952   4  1.1 8  6.1  71    0    0 311 -363  1
3912500 2352500  5  1  6  10.6  952 347  1.9 8  6.2  73    0   15 332 -363  1
3912500 2352500  5  1  7  10.8  953 244  2.4 4  6.6  78    0   53 315 -366  1
3912500 2352500  5  1  8  11.1  953 260  2.9 8  7.0  81    0   38 317 -373  1
3912500 2352500  5  1  9  12.1  953 234  2.8 8  7.3  80    0   74 340 -382  1
3912500 2352500  5  1 10  13.3  954 225  2.6 8  7.4  76   14  208 344 -393  1
3912500 2352500  5  1 11  14.1  955 203  2.8 7  7.4  72   98  226 340 -403  1
3912500 2352500  5  1 12  13.3  955 238  2.8 7  7.4  72  390   52 334 -413  1
3912500 2352500  5  1 13  13.2  954 212  2.5 8  7.5  74    0  108 337 -420  1
3912500 2352500  5  1 14  13.3  954 235  2.5 8  7.6  76    0  104 345 -428  1
3912500 2352500  5  1 15  13.7  954 249  2.3 7  7.7  75   34  198 341 -437  1
3912500 2352500  5  1 16  14.2  954 252  3.9 7  7.9  74    4  156 336 -425  1
3912500 2352500  5  1 17  14.1  954 271  2.5 6  7.6  71    0   48 331 -407  1
3912500 2352500  5  1 18  13.7  954 284  3.0 6  7.2  69    0   21 325 -403  1
3912500 2352500  5  1 19  12.7  953 269  3.4 7  7.2  71    0   18 328 -399  1
3912500 2352500  5  1 20  11.4  954  92  2.6 7  7.2  77    0    0 330 -390  1
3912500 2352500  5  1 21  11.2  953 173  2.0 8  7.3  82    0    0 335 -384  1
3912500 2352500  5  1 22  11.0  954 182  2.4 8  7.5  85    0    0 342 -383  1
3912500 2352500  5  1 23  10.8  954 215  2.8 8  7.5  87    0    0 343 -381  1
3912500 2352500  5  1 24  10.7  954 214  2.3 8  7.4  87    0    0 342 -377  1
3912500 2352500  5  2  1  10.2  954 225  2.4 7  7.2  86    0    0 335 -376  1
3912500 2352500  5  2  2  10.0  954 265  2.8 8  7.0  86    0    0 333 -375  1
3912500 2352500  5  2  3   9.7  953 211  2.2 7  7.0  87    0    0 333 -373  1
3912500 2352500  5  2  4   9.5  953 228  2.3 8  7.1  90    0    0 334 -370  1
3912500 2352500  5  2  5   9.1  953 255  2.3 7  7.2  92    0    0 335 -369  1
3912500 2352500  5  2  6   9.0  953 269  1.7 7  7.2  94    0    3 329 -369  1
3912500 2352500  5  2  7   9.2  954 282  2.2 8  7.3  95    0   42 336 -371  1
3912500 2352500  5  2  8   9.3  954 258  2.6 7  7.3  94    0  102 335 -373  1
3912500 2352500  5  2  9   9.5  955 261  2.6 8  7.3  94    0  137 336 -374  1
3912500 2352500  5  2 10   9.6  955 275  2.7 8  7.3  93    0  116 341 -376  1
3912500 2352500  5  2 11   9.8  955 265  3.3 7  7.3  92    0  128 335 -378  1
3912500 2352500  5  2 12  10.2  955 287  4.1 7  7.3  90    0  108 330 -383  1
3912500 2352500  5  2 13  10.2  956 286  4.6 7  7.3  88    0  126 329 -388  1
3912500 2352500  5  2 14  10.4  956 284  4.2 8  7.3  88    0   98 332 -391  1
3912500 2352500  5  2 15  11.0  956 279  4.1 8  7.3  86    0  109 337 -392  1
3912500 2352500  5  2 16  11.9  956 260  2.9 7  7.4  83    0  157 333 -390  1
3912500 2352500  5  2 17  12.6  956 281  0.0 6  7.5  79    8  153 326 -386  1
3912500 2352500  5  2 18  12.3  956 285  1.9 5  7.5  79   22  135 318 -386  1
3912500 2352500  5  2 19  11.8  956 277  2.8 7  7.5  81    2   47 321 -386  1
3912500 2352500  5  2 20  11.3  956 282  2.4 7  7.4  83    0    6 330 -381  1
3912500 2352500  5  2 21  10.8  956 284  2.4 8  7.3  85    0    0 332 -376  1
3912500 2352500  5  2 22  10.4  957 290  2.1 8  7.2  86    0    0 331 -373  1
3912500 2352500  5  2 23   9.7  957 263  2.0 7  6.9  85    0    0 332 -371  1
3912500 2352500  5  2 24   9.2  957 230  2.0 5  6.6  84    0    0 330 -369  1
3912500 2352500  5  3  1   8.4  968 185  2.1 3  6.2  84    0    0 251 -371  1
3912500 2352500  5  3  2   7.8  968 149  2.3 2  5.9  84    0    0 252 -366  1
3912500 2352500  5  3  3   7.2  967 120  2.4 1  5.7  85    0    0 247 -362  1
3912500 2352500  5  3  4   6.8  967 118  2.4 1  5.7  88    0    0 240 -358  1
3912500 2352500  5  3  5   6.7  967 105  2.2 1  5.7  88    0    0 243 -355  1
3912500 2352500  5  3  6   5.6  967 102  2.1 1  5.7  94    5   25 243 -354  1
3912500 2352500  5  3  7   7.9  967  62  2.1 1  5.9  92   89   81 237 -356  1
3912500 2352500  5  3  8   9.9  967  68  2.3 0  6.3  85  239  111 236 -369  1
3912500 2352500  5  3  9  13.8  967 135  2.0 0  6.6  73  407  119 239 -389  1
3912500 2352500  5  3 10  16.7  966 150  1.8 1  6.7  59  571  111 256 -412  1
3912500 2352500  5  3 11  18.2  966 167  2.2 1  6.8  52  689  107 272 -435  1
3912500 2352500  5  3 12  20.2  965 170  2.5 1  6.9  47  773   99 283 -455  1
3912500 2352500  5  3 13  21.7  965 164  3.3 1  6.8  42  797   95 292 -469  1
3912500 2352500  5  3 14  23.3  964 166  3.9 1  6.5  36  786   76 300 -476  1
3912500 2352500  5  3 15  24.1  963 186  3.9 1  6.4  33  682   88 307 -478  1
3912500 2352500  5  3 16  23.6  962 194  5.3 1  6.1  32  555   88 308 -474  1
3912500 2352500  5  3 17  23.9  961 180  5.2 2  5.7  30  397   88 309 -464  1
3912500 2352500  5  3 18  23.5  960 272  4.7 2  5.3  28  223   83 311 -448  1
3912500 2352500  5  3 19  21.7  960 281  2.9 3  5.1  28   75   58 309 -431  1
3912500 2352500  5  3 20  18.4  960 301  1.8 3  5.6  36    5   13 304 -418  1
3912500 2352500  5  3 21  16.6  960 299  3.0 3  6.2  47    0    0 297 -407  1
3912500 2352500  5  3 22  15.4  960 281  2.7 1  6.3  53    0    0 284 -399  1
3912500 2352500  5  3 23  15.0  961 254  2.3 1  6.1  54    0    0 273 -393  1
3912500 2352500  5  3 24  14.4  961 268  2.6 3  5.8  53    0    0 278 -388  1
3912500 2352500  5  4  1  13.6  960 271  2.6 4  5.6  53    0    0 284 -385  1
3912500 2352500  5  4  2  13.0  960 257  2.4 3  5.5  54    0    0 279 -382  1
3912500 2352500  5  4  3  11.7  959 279  1.1 4  5.6  59    0    0 275 -379  1
3912500 2352500  5  4  4  13.0  959 298  2.3 6  5.7  61    0    0 289 -375  1
3912500 2352500  5  4  5  12.4  959 264  1.2 8  5.8  60    0    0 307 -372  1
3912500 2352500  5  4  6  11.6  959 284  0.3 8  6.1  66    0   12 313 -370  1
3912500 2352500  5  4  7  11.6  959 223  1.2 7  6.5  73    0   34 306 -372  1
3912500 2352500  5  4  8  12.6  959 216  1.9 7  6.9  74    0   98 302 -382  1
3912500 2352500  5  4  9  13.2  959 224  2.0 8  7.3  74    0  135 310 -398  1
3912500 2352500  5  4 10  15.3  959 217  2.1 5  7.5  70  149  317 309 -416  1
3912500 2352500  5  4 11  18.4  959 247  4.2 4  7.8  62  284  344 300 -433  1
3912500 2352500  5  4 12  20.4  959 232  4.7 4  8.2  55  294  374 306 -447  1
3912500 2352500  5  4 13  21.4  958 232  4.6 6  8.2  50  179  395 323 -457  1
3912500 2352500  5  4 14  21.9  957 233  5.0 7  8.1  48   95  363 345 -463  1
3912500 2352500  5  4 15  22.2  956 252  4.7 5  8.0  46  197  344 342 -465  1
3912500 2352500  5  4 16  23.1  955 243  6.4 4  7.9  43  279  263 327 -462  1
3912500 2352500  5  4 17  22.6  956 259  5.6 3  7.9  43  329  142 318 -453  1
3912500 2352500  5  4 18  22.3  954 252  4.9 2  7.9  44  182  115 307 -441  1
3912500 2352500  5  4 19  20.4  953 244  3.8 2  8.2  49   60   67 301 -431  1
3912500 2352500  5  4 20  18.1  953 241  3.7 3  8.5  57    2   13 303 -422  1
3912500 2352500  5  4 21  16.4  953 248  1.4 3  8.3  64    0    0 303 -415  1
3912500 2352500  5  4 22  15.7  953 190  2.0 1  8.2  67    0    0 289 -410  1
3912500 2352500  5  4 23  14.3  952 221  2.2 1  8.1  72    0    0 274 -404  1
3912500 2352500  5  4 24  14.5  952 175  1.5 1  8.1  74    0    0 271 -399  1
3912500 2352500  5  5  1  12.7  952 124  0.0 1  8.1  78    0    0 267 -397  1
3912500 2352500  5  5  2  12.1  951 260  0.9 1  8.0  83    0    0 267 -394  1
3912500 2352500  5  5  3  11.9  950 222  0.9 2  7.9  85    0    0 273 -393  1
3912500 2352500  5  5  4  11.4  949 110  1.0 2  7.8  85    0    0 271 -392  1
3912500 2352500  5  5  5   9.7  948 346  0.9 2  7.5  89    0    0 263 -391  1
3912500 2352500  5  5  6   9.2  947  40  0.9 4  7.5  94    0   14 267 -390  1
3912500 2352500  5  5  7  12.2  947 314  0.9 7  7.7  90    0   51 306 -390  1
3912500 2352500  5  5  8  14.3  946 139  1.8 5  8.2  80  127  167 323 -392  1
3912500 2352500  5  5  9  15.8  946 202  1.1 6  8.1  71  114  248 322 -393  1
3912500 2352500  5  5 10  16.9  945 244  5.2 6  8.1  65   33  285 337 -392  1
3912500 2352500  5  5 11  15.8  946 248  6.9 6  8.5  68    0  228 339 -390  1
3912500 2352500  5  5 12  14.4  947 204  6.5 7  8.4  73    0  211 342 -390  1
3912500 2352500  5  5 13  12.7  947 234  6.0 7  8.0  78    0  161 343 -393  1
3912500 2352500  5  5 14  12.5  947 227  4.4 6  8.1  83   19  301 337 -396  1
3912500 2352500  5  5 15  14.5  947 238  4.7 5  8.3  80  133  334 333 -398  1
3912500 2352500  5  5 16  15.5  947 215  5.7 5  8.0  71  241  269 333 -401  1
3912500 2352500  5  5 17  16.4  946 218  5.5 3  7.6  63  307  140 326 -401  1
3912500 2352500  5  5 18  16.4  946 215  4.5 3  7.4  60  164  112 318 -398  1
3912500 2352500  5  5 19  15.8  945 215  4.1 2  7.3  60   75   62 311 -396  1
3912500 2352500  5  5 20  14.0  945 239  2.7 3  7.1  62    5   14 305 -393  1
3912500 2352500  5  5 21  13.1  944 223  2.9 4  6.9  66    0    0 309 -390  1
3912500 2352500  5  5 22  12.0  944 190  1.5 4  6.9  71    0    0 310 -387  1
3912500 2352500  5  5 23  11.2  944 168  1.6 4  7.1  77    0    0 308 -384  1
3912500 2352500  5  5 24  11.4  945 216  1.9 5  7.3  82    0    0 312 -383  1
3912500 2352500  5  6  1  12.1  945 160  3.5 6  7.6  82    0    0 324 -382  1
3912500 2352500  5  6  2  11.9  944 189  2.5 6  7.7  82    0    0 330 -379  1
3912500 2352500  5  6  3  11.2  943 159  1.5 4  7.6  84    0    0 319 -378  1
3912500 2352500  5  6  4  10.6  943 161  0.6 7  7.7  87    0    0 323 -378  1
3912500 2352500  5  6  5   9.4  942 227  0.8 4  7.4  90    0    0 322 -378  1
3912500 2352500  5  6  6   8.8  940 162  0.9 2  7.2  93   10   26 297 -379  1
3912500 2352500  5  6  7  10.8  939 137  2.3 3  7.4  90   77   80 293 -376  1
3912500 2352500  5  6  8  12.9  938 126  1.9 3  7.8  83  258   89 301 -370  1
3912500 2352500  5  6  9  14.3  938 151  3.2 2  7.9  75  239  193 301 -369  1
3912500 2352500  5  6 10  15.3  937 249  4.3 4  7.5  66  364  211 310 -374  1
3912500 2352500  5  6 11  13.1  938 272  6.7 7  6.8  62   23  293 330 -382  1
3912500 2352500  5  6 12  10.3  938 252  9.6 7  6.2  67    0  119 333 -392  1
3912500 2352500  5  6 13   8.1  939 262  7.2 7  6.1  78    0  128 324 -400  1
3912500 2352500  5  6 14   7.3  939 264  5.5 8  6.2  88    0  103 321 -397  1
3912500 2352500  5  6 15   7.1  939 222  3.9 7  6.2  91    0   88 317 -390  1
3912500 2352500  5  6 16   6.9  939 216  6.2 7  6.2  92    0   94 311 -388  1
3912500 2352500  5  6 17   6.9  939 206  3.8 7  6.0  90    0   71 310 -385  1
3912500 2352500  5  6 18   6.4  939 182  5.9 7  6.0  91    0   37 307 -377  1
3912500 2352500  5  6 19   6.6  939 195  3.2 8  6.1  94    0   17 310 -366  1
3912500 2352500  5  6 20   6.8  939 213  2.3 8  6.2  95    0    2 313 -356  1
3912500 2352500  5  6 21   6.7  939 205  3.2 8  6.2  93    0    0 311 -349  1
3912500 2352500  5  6 22   7.7  941 218  4.0 6  6.0  88    0    0 301 -344  1
3912500 2352500  5  6 23   7.0  941 226  5.7 6  5.9  86    0    0 291 -340  1
3912500 2352500  5  6 24   6.2  942 212  5.6 7  5.6  86    0    0 291 -337  1
3912500 2352500  5  7  1   5.2  944 237  9.0 8  5.1  84    0    0 293 -336  1
3912500 2352500  5  7  2   5.0  946 263  6.1 7  4.8  81    0    0 290 -334  1
3912500 2352500  5  7  3   4.7  946 284  4.1 6  4.6  80    0    0 280 -330  1
3912500 2352500  5  7  4   4.5  947 267  2.0 6  4.5  81    0    0 274 -326  1
3912500 2352500  5  7  5   4.2  948 271  2.0 8  4.5  82    0    0 281 -324  1
3912500 2352500  5  7  6   3.7  948 281  0.8 8  4.5  84    0   23 288 -324  1
3912500 2352500  5  7  7   4.2  949 338  0.2 4  4.6  85   10   93 270 -326  1
3912500 2352500  5  7  8   5.4  949 294  0.9 4  4.7  83   82  208 254 -335  1
3912500 2352500  5  7  9   5.8  949 319  2.3 5  4.6  76   89  286 262 -352  1
3912500 2352500  5  7 10   7.0  950 322  2.1 7  4.5  70   15  279 277 -364  1
3912500 2352500  5  7 11   7.4  950 177  1.6 7  4.3  64    2  241 287 -370  1
3912500 2352500  5  7 12   8.5  950 282  2.3 6  4.2  59   39  369 286 -373  1
3912500 2352500  5  7 13   9.2  949  72  2.6 6  4.2  56  123  438 287 -376  1
3912500 2352500  5  7 14  11.1  949 177  2.4 5  4.3  52  167  440 287 -382  1
3912500 2352500  5  7 15  10.6  949 119  2.3 4  4.2  48  125  392 280 -389  1
3912500 2352500  5  7 16  11.0  949 118  3.6 5  4.0  46  179  342 277 -390  1
3912500 2352500  5  7 17  11.1  948 137  2.0 5  3.9  45  174  251 280 -382  1
3912500 2352500  5  7 18  11.0  948 130  2.6 6  4.0  46  120  162 281 -374  1
3912500 2352500  5  7 19  10.3  948 108  2.4 5  3.9  46   43   83 277 -368  1
3912500 2352500  5  7 20   8.8  947  98  2.7 6  3.9  50    2   16 271 -359  1
3912500 2352500  5  7 21   7.4  947 101  2.9 6  4.2  58    0    0 270 -354  1
3912500 2352500  5  7 22   6.6  948 101  2.5 3  4.4  66    0    0 253 -350  1
3912500 2352500  5  7 23   5.9  948  64  1.4 3  4.6  72    0    0 241 -346  1
3912500 2352500  5  7 24   5.2  948  82  1.6 8  4.7  77    0    0 261 -343  1
3912500 2352500  5  8  1   4.3  947  74  1.6 6  4.8  84    0    0 271 -339  1
3912500 2352500  5  8  2   5.5  947  73  1.5 6  4.8  83    0    0 264 -336  1
3912500 2352500  5  8  3   4.9  947  41  1.1 6  4.8  82    0    0 268 -334  1
3912500 2352500  5  8  4   4.3  947 351  1.3 8  5.0  89    0    0 278 -333  1
3912500 2352500  5  8  5   4.2  948 288  1.2 8  5.0  92    0    0 286 -332  1
3912500 2352500  5  8  6   4.4  948 325  2.4 5  5.0  90    0    6 278 -332  1
3912500 2352500  5  8  7   4.3  949 308  3.2 8  4.9  88    0   31 279 -336  1
3912500 2352500  5  8  8   3.8  950 288  3.5 8  4.8  89    0   61 291 -346  1
3912500 2352500  5  8  9   3.3  951 269  3.5 8  4.7  91    0  120 292 -358  1
3912500 2352500  5  8 10   3.2  952 282  4.0 7  4.7  93    3  222 288 -372  1
3912500 2352500  5  8 11   4.1  952 273  3.7 7  4.8  92    3  247 288 -384  1
3912500 2352500  5  8 12   5.3  953 230  4.7 7  5.0  89    0  231 296 -391  1
3912500 2352500  5  8 13   5.1  953 310  5.6 8  5.2  88    3  274 302 -391  1
3912500 2352500  5  8 14   7.4  953 275  3.9 6  5.1  81   43  354 299 -392  1
3912500 2352500  5  8 15   9.2  954 207  5.1 5  4.4  61  166  386 287 -399  1
3912500 2352500  5  8 16   9.3  953 224  4.5 4  3.7  48  289  293 275 -398  1
3912500 2352500  5  8 17   9.7  953 257  5.7 4  3.5  44  234  218 266 -392  1
3912500 2352500  5  8 18   9.7  953 216  4.0 5  3.3  42  124  155 270 -382  1
3912500 2352500  5  8 19   8.9  953 224  3.6 3  3.2  42   57   82 259 -373  1
3912500 2352500  5  8 20   6.1  953 220  2.3 4  3.3  48    5   17 245 -365  1
3912500 2352500  5  8 21   4.4  953 202  1.6 5  3.6  62    0    0 252 -358  1
3912500 2352500  5  8 22   3.5  954 204  0.8 1  3.8  71    0    0 236 -354  1
3912500 2352500  5  8 23   3.2  954 184  1.0 1  3.9  76    0    0 222 -351  1
3912500 2352500  5  8 24   3.0  954 209  2.0 3  3.9  77    0    0 237 -349  1
3912500 2352500  5  9  1   2.5  954 204  1.1 2  3.9  79    0    0 241 -348  1
3912500 2352500  5  9  2   2.2  953 212  3.7 3  3.9  81    0    0 239 -347  1
3912500 2352500  5  9  3   1.4  952 184  1.7 4  3.9  84    0    0 249 -347  1
3912500 2352500  5  9  4   1.4  952 182  1.8 5  3.9  88    0    0 261 -347  1
3912500 2352500  5  9  5   1.9  951 202  2.5 5  4.1  89    0    0 268 -347  1
3912500 2352500  5  9  6   2.6  951 199  1.9 5  4.2  88    0    6 269 -348  1
3912500 2352500  5  9  7   4.3  951 202  2.4 6  4.4  86   35   88 277 -350  1
3912500 2352500  5  9  8   6.6  950 199  2.5 5  4.7  80  146  140 282 -354  1
3912500 2352500  5  9  9   8.7  951 274  3.4 6  4.8  69  108  222 287 -360  1
3912500 2352500  5  9 10  10.1  951 209  5.4 8  4.9  63   19  257 308 -364  1
3912500 2352500  5  9 11  10.6  951 213  6.2 8  5.1  62    0  140 322 -373  1
3912500 2352500  5  9 12   9.0  951 214  5.6 8  5.4  67    0  128 321 -385  1
3912500 2352500  5  9 13   7.9  952 204  6.8 8  5.6  76    0  123 315 -392  1
3912500 2352500  5  9 14   6.3  952 205  7.4 8  5.7  86    0   99 310 -393  1
3912500 2352500  5  9 15   7.2  953 229  6.4 7  5.9  91    5  230 305 -393  1
3912500 2352500  5  9 16   8.9  954 235  6.8 6  6.3  88  159  248 304 -393  1
3912500 2352500  5  9 17  10.3  954 200  5.0 5  6.3  80   93  195 301 -389  1
3912500 2352500  5  9 18   9.9  954 197  5.3 4  6.1  74  117  114 295 -381  1
3912500 2352500  5  9 19   8.3  955 236  3.6 3  6.0  79   64   54 283 -373  1
3912500 2352500  5  9 20   8.0  955 253  3.6 6  6.0  84   10   15 287 -365  1
3912500 2352500  5  9 21   7.4  956 223  4.8 5  5.9  85    0    0 295 -361  1
3912500 2352500  5  9 22   6.7  956 223  3.2 6  5.9  90    0    0 295 -358  1
3912500 2352500  5  9 23   6.9  957 224  3.2 6  5.9  90    0    0 301 -355  1
3912500 2352500  5  9 24   7.0  957 209  3.4 5  5.9  89    0    0 297 -353  1
3912500 2352500  5 10  1   6.6  958 208  2.9 3  5.8  89    0    0 283 -351  1
3912500 2352500  5 10  2   7.0  958 212  2.4 5  5.7  88    0    0 283 -349  1
3912500 2352500  5 10  3   6.8  959 233  3.4 5  5.8  88    0    0 293 -349  1
3912500 2352500  5 10  4   6.7  959 190  3.9 5  5.8  90    0    0 291 -349  1
3912500 2352500  5 10  5   6.1  959 216  2.1 4  5.7  91    0    0 285 -348  1
3912500 2352500  5 10  6   6.1  959 209  2.4 4  5.7  91    5   33 279 -348  1
3912500 2352500  5 10  7   7.5  960 191  3.0 6  5.7  88    9   87 289 -350  1
3912500 2352500  5 10  8   8.8  960 219  4.2 6  5.9  82   31  175 303 -356  1
3912500 2352500  5 10  9  10.6  961 227  3.8 6  5.9  74   65  257 308 -365  1
3912500 2352500  5 10 10  11.9  961 223  6.0 6  5.8  67  127  329 312 -376  1
3912500 2352500  5 10 11  12.2  961 232  5.9 5  5.9  64  248  370 310 -387  1
3912500 2352500  5 10 12  13.6  961 248  4.6 5  5.8  59  295  390 311 -394  1
3912500 2352500  5 10 13  14.2  961 240  5.9 5  5.6  54  318  387 315 -395  1
3912500 2352500  5 10 14  15.2  961 231  6.4 6  5.7  52  220  391 321 -394  1
3912500 2352500  5 10 15  15.0  961 237  4.2 6  5.8  51  141  356 324 -402  1
3912500 2352500  5 10 16  15.5  961 239  4.5 6  5.9  52  105  301 323 -407  1
3912500 2352500  5 10 17  16.2  961 229  5.3 6  6.0  51  109  230 324 -404  1
3912500 2352500  5 10 18  16.6  960 236  5.0 4  5.9  48  104  149 319 -400  1
3912500 2352500  5 10 19  15.0  960 194  2.5 3  5.9  50   70   74 304 -393  1
3912500 2352500  5 10 20  13.4  960 177  1.3 5  6.0  56    6   18 302 -385  1
3912500 2352500  5 10 21  11.3  959 237  2.0 3  6.2  65    0    0 298 -380  1
3912500 2352500  5 10 22  10.1  960 286  2.9 3  6.4  75    0    0 288 -378  1
3912500 2352500  5 10 23   8.2  960 152  3.1 3  6.3  83    0    0 284 -376  1
3912500 2352500  5 10 24   8.2  959 173  2.3 5  6.2  87    0    0 288 -374  1
3912500 2352500  5 11  1   7.1  959 340  1.7 4  6.2  90    0    0 290 -371  1
3912500 2352500  5 11  2   7.1  959  67  2.3 2  6.1  92    0    0 275 -370  1
3912500 2352500  5 11  3   6.9  959  76  2.8 2  5.9  89    0    0 266 -369  1
3912500 2352500  5 11  4   6.9  959  76  3.2 3  5.9  91    0    0 271 -368  1
3912500 2352500  5 11  5   7.1  959  26  2.7 6  6.0  91    0    0 288 -367  1
3912500 2352500  5 11  6   6.4  959 350  1.9 7  5.9  92    2   32 306 -367  1
3912500 2352500  5 11  7   8.6  960  29  2.1 3  6.3  92   59  114 292 -371  1
3912500 2352500  5 11  8  11.1  961 118  1.8 1  6.6  82  216  166 267 -377  1
3912500 2352500  5 11  9  14.3  960  90  1.1 1  6.5  68  345  209 263 -384  1
3912500 2352500  5 11 10  16.8  961 118  1.2 2  6.3  54  480  231 277 -391  1
3912500 2352500  5 11 11  18.4  960 113  2.3 2  6.2  47  578  246 290 -403  1
3912500 2352500  5 11 12  20.6  961  71  3.1 3  6.3  42  636  256 304 -417  1
3912500 2352500  5 11 13  21.2  960  99  3.3 4  6.2  38  624  270 322 -429  1
3912500 2352500  5 11 14  22.3  959  98  4.5 5  6.1  35  492  315 337 -438  1
3912500 2352500  5 11 15  22.7  959 155  3.8 5  5.3  30  401  307 343 -436  1
3912500 2352500  5 11 16  22.8  959 215  3.5 5  4.9  27  234  299 343 -427  1
3912500 2352500  5 11 17  21.5  958 149  4.1 5  5.0  29   54  225 343 -415  1
3912500 2352500  5 11 18  20.4  958  92  4.5 7  4.8  30   34  147 347 -405  1
3912500 2352500  5 11 19  20.0  959 205  3.5 7  4.7  30    5   59 354 -400  1
3912500 2352500  5 11 20  16.4  959 295  4.0 7  4.9  36    0    7 348 -394  1
3912500 2352500  5 11 21  15.7  959 338  1.7 6  5.0  42    0    0 338 -389  1
3912500 2352500  5 11 22  13.5  961 343  3.6 4  5.2  48    0    0 322 -385  1
3912500 2352500  5 11 23  13.0  960 315  2.7 4  5.3  53    0    0 310 -383  1
3912500 2352500  5 11 24  11.9  961 328  2.4 6  5.3  56    0    0 316 -381  1
3912500 2352500  5 12  1  11.2  962 326  1.8 6  5.8  65    0    0 324 -379  1
3912500 2352500  5 12  2  12.3  963 330  1.0 5  6.6  73    0    0 322 -379  1
3912500 2352500  5 12  3  11.8  964 343  1.6 6  7.0  76    0    0 324 -378  1
3912500 2352500  5 12  4  11.4  965 324  1.2 7  6.9  78    0    0 332 -378  1
3912500 2352500  5 12  5  10.8  965 332  1.1 8  6.8  79    0    0 339 -378  1
3912500 2352500  5 12  6  11.4  966 327  0.7 8  6.8  79    0   12 344 -378  1
3912500 2352500  5 12  7  11.4  966 316  0.6 7  6.9  78    1   66 340 -379  1
3912500 2352500  5 12  8  12.2  967 344  0.6 7  6.9  76   10  142 337 -385  1
3912500 2352500  5 12  9  13.1  967  37  0.6 6  6.9  72   29  216 336 -391  1
3912500 2352500  5 12 10  13.7  968  29  1.1 6  6.9  69   81  277 334 -398  1
3912500 2352500  5 12 11  14.8  968  52  1.0 6  7.0  66   54  310 337 -410  1
3912500 2352500  5 12 12  15.8  968 325  1.1 7  7.1  62    6  272 344 -425  1
3912500 2352500  5 12 13  15.1  968 332  1.8 6  7.0  61   17  294 344 -439  1
3912500 2352500  5 12 14  15.0  968 323  1.9 6  6.9  62   32  306 339 -445  1
3912500 2352500  5 12 15  15.2  968  85  2.3 7  6.8  61    0  208 343 -438  1
3912500 2352500  5 12 16  15.5  968 290  2.1 7  6.9  60    0  129 348 -428  1
3912500 2352500  5 12 17  15.0  968 341  1.6 7  7.0  62    0  111 347 -422  1
3912500 2352500  5 12 18  14.5  968 340  2.4 7  7.2  66    0   62 345 -416  1
3912500 2352500  5 12 19  14.0  968  45  1.9 7  7.2  68    0   36 343 -410  1
3912500 2352500  5 12 20  13.3  968   4  1.0 7  7.2  71    0    5 341 -403  1
3912500 2352500  5 12 21  11.9  968 346  0.6 6  7.4  78    0    0 334 -398  1
3912500 2352500  5 12 22  10.4  968  29  1.0 6  7.3  85    0    0 325 -395  1
3912500 2352500  5 12 23  10.4  968  25  1.0 6  7.2  87    0    0 323 -392  1
3912500 2352500  5 12 24  10.3  968  21  0.6 6  7.1  86    0    0 322 -389  1
3912500 2352500  5 13  1  10.7  968 125  1.2 6  7.2  87    0    0 323 -387  1
3912500 2352500  5 13  2  10.1  967 128  1.3 6  7.4  90    0    0 323 -386  1
3912500 2352500  5 13  3   9.6  967  41  1.5 5  7.4  93    0    0 315 -384  1
3912500 2352500  5 13  4   9.3  967  30  1.0 6  7.3  94    0    0 313 -382  1
3912500 2352500  5 13  5   9.4  967  70  1.1 5  7.2  94    0    0 313 -383  1
3912500 2352500  5 13  6   9.5  967   9  1.2 6  7.3  94    0   11 312 -383  1
3912500 2352500  5 13  7  10.8  968  73  1.3 6  7.5  93   17   97 318 -385  1
3912500 2352500  5 13  8  12.4  969 123  1.2 6  8.1  90   57  176 322 -390  1
3912500 2352500  5 13  9  13.6  968 132  1.0 6  8.3  85   49  243 328 -397  1
3912500 2352500  5 13 10  14.5  968 108  0.3 6  8.1  77  211  294 333 -405  1
3912500 2352500  5 13 11  16.0  968 146  0.0 6  8.2  72  357  296 339 -418  1
3912500 2352500  5 13 12  17.3  969 125  1.1 5  8.3  67  495  264 341 -431  1
3912500 2352500  5 13 13  19.0  968  18  1.3 6  8.4  62  406  312 346 -444  1
3912500 2352500  5 13 14  18.6  968 111  1.7 7  8.5  60   73  353 356 -456  1
3912500 2352500  5 13 15  18.4  967 162  1.3 7  8.5  61    8  262 357 -463  1
3912500 2352500  5 13 16  18.7  967 153  1.5 6  8.4  60   95  271 352 -461  1
3912500 2352500  5 13 17  18.7  966 196  1.4 7  8.1  57  112  206 351 -449  1
3912500 2352500  5 13 18  18.7  966 344  1.4 8  8.0  57   28  131 357 -433  1
3912500 2352500  5 13 19  17.1  966 192  1.1 7  8.4  62   21   68 354 -420  1
3912500 2352500  5 13 20  15.6  965 357  1.0 7  8.5  70    3   15 345 -410  1
3912500 2352500  5 13 21  14.0  965  38  0.9 7  8.3  75    0    0 340 -403  1
3912500 2352500  5 13 22  13.6  965  63  1.2 4  8.3  80    0    0 324 -400  1
3912500 2352500  5 13 23  11.9  965  36  1.5 4  8.2  85    0    0 309 -397  1
3912500 2352500  5 13 24  11.5  965  82  2.6 3  8.1  90    0    0 300 -395  1
3912500 2352500  5 14  1  10.9  965 118  0.9 2  8.1  93    0    0 291 -395  1
3912500 2352500  5 14  2  11.1  965  17  0.9 2  8.1  94    0    0 285 -391  1
3912500 2352500  5 14  3   9.8  965   3  2.5 3  7.9  95    0    0 286 -386  1
3912500 2352500  5 14  4   9.6  964  53  1.1 4  7.6  96    0    0 291 -381  1
3912500 2352500  5 14  5   9.5  964 296  0.7 5  7.5  96    0    0 298 -376  1
3912500 2352500  5 14  6   9.9  964 310  0.6 7  7.6  96    1   29 311 -374  1
3912500 2352500  5 14  7  10.5  965 312  0.0 5  7.8  95   79   92 312 -378  1
3912500 2352500  5 14  8  12.4  965 313  0.1 4  8.2  92  205  127 303 -389  1
3912500 2352500  5 14  9  13.9  965 341  0.0 5  8.7  88   87  240 310 -402  1
3912500 2352500  5 14 10  15.3  965   3  0.7 7  9.0  82   53  288 329 -416  1
3912500 2352500  5 14 11  16.0  965 356  1.7 7  9.2  78  107  338 344 -430  1
3912500 2352500  5 14 12  17.1  965  81  1.4 7  9.3  75  198  349 350 -443  1
3912500 2352500  5 14 13  17.8  965  53  1.6 7  9.5  73  123  360 356 -454  1
3912500 2352500  5 14 14  17.1  964 212  2.4 6  9.4  72  208  338 353 -461  1
3912500 2352500  5 14 15  20.6  964 336  3.2 6  9.4  65  347  255 355 -457  1
3912500 2352500  5 14 16  22.2  964  15  2.8 7  9.6  57  211  247 366 -445  1
3912500 2352500  5 14 17  22.3  964 358  2.2 8  9.6  54   67  198 375 -434  1
3912500 2352500  5 14 18  21.3  963 106  2.6 5  9.8  57   54  132 368 -421  1
3912500 2352500  5 14 19  19.7  964  17  3.3 5 10.1  64   42   67 356 -409  1
3912500 2352500  5 14 20  18.6  963  20  1.2 6 10.1  69    2   15 355 -401  1
3912500 2352500  5 14 21  16.1  964  24  1.6 6  9.7  75    0    0 349 -393  1
3912500 2352500  5 14 22  15.5  964   1  1.5 4  9.5  80    0    0 335 -388  1
3912500 2352500  5 14 23  14.3  965  51  1.2 4  9.3  83    0    0 321 -386  1
3912500 2352500  5 14 24  13.8  964  58  1.1 4  9.0  86    0    0 315 -385  1
3912500 2352500  5 15  1  12.4  964 133  1.4 4  8.7  88    0    0 310 -384  1
3912500 2352500  5 15  2  12.5  964  25  1.6 5  8.5  90    0    0 315 -383  1
3912500 2352500  5 15  3  11.7  964 103  1.4 5  8.4  90    0    0 320 -383  1
3912500 2352500  5 15  4  12.0  964 136  1.1 3  8.3  90    0    0 309 -382  1
3912500 2352500  5 15  5  10.7  964 146  0.4 3  8.1  92    0    0 297 -381  1
3912500 2352500  5 15  6  11.5  964  41  0.9 4  8.3  95    0   27 301 -381  1
3912500 2352500  5 15  7  12.7  964  44  1.5 7  8.5  92   19  103 324 -381  1
3912500 2352500  5 15  8  15.7  964  56  1.8 4  8.9  84  164  179 331 -381  1
3912500 2352500  5 15  9  17.3  965 335  1.7 4  8.9  72  322  209 324 -381  1
3912500 2352500  5 15 10  18.6  965  25  1.8 4  8.8  65  455  228 331 -383  1
3912500 2352500  5 15 11  20.3  964  85  1.3 4  9.1  61  553  243 337 -388  1
3912500 2352500  5 15 12  21.7  964 109  2.0 4  9.3  57  621  246 343 -393  1
3912500 2352500  5 15 13  22.9  964 118  1.8 4  9.5  54  656  234 349 -400  1
3912500 2352500  5 15 14  24.6  963 139  1.4 3  9.8  51  650  213 349 -408  1
3912500 2352500  5 15 15  25.9  963 230  2.5 1  9.6  45  571  205 341 -409  1
3912500 2352500  5 15 16  26.5  962 328  1.6 1  9.0  40  465  186 334 -402  1
3912500 2352500  5 15 17  27.4  961  61  1.7 2  9.0  38  324  165 340 -404  1
3912500 2352500  5 15 18  26.7  961  72  1.6 3  8.7  37  183  129 347 -407  1
3912500 2352500  5 15 19  24.3  960  27  1.9 5  8.3  39   54   79 354 -402  1
3912500 2352500  5 15 20  19.4  960 130  1.7 8  9.2  53    0    9 367 -394  1
3912500 2352500  5 15 21  16.6  960 122  1.6 8 10.0  73    0    0 373 -387  1
3912500 2352500  5 15 22  15.1  961  86  1.9 8 10.4  87    0    0 368 -380  1
3912500 2352500  5 15 23  15.7  961  17  3.0 8 10.6  91    0    0 365 -375  1
3912500 2352500  5 15 24  15.1  962   9  2.8 8 10.2  88    0    0 363 -372  1
3912500 2352500  5 16  1  14.7  962 101  3.6 5  9.8  88    0    0 343 -368  1
3912500 2352500  5 16  2  13.2  961 120  1.9 4  9.5  90    0    0 318 -363  1
3912500 2352500  5 16  3  12.4  960  93  2.0 3  9.2  94    0    0 303 -360  1
3912500 2352500  5 16  4  11.8  960  76  1.5 4  8.9  95    0    0 299 -358  1
3912500 2352500  5 16  5  11.6  960  10  0.6 3  8.7  96    0    0 296 -357  1
3912500 2352500  5 16  6  11.6  960  15  0.6 3  8.6  95   12   43 290 -356  1
3912500 2352500  5 16  7  12.9  960  55  1.0 2  8.9  94   82  113 287 -359  1
3912500 2352500  5 16  8  15.6  961  78  2.6 1  9.4  88  198  168 285 -369  1
3912500 2352500  5 16  9  17.7  961 110  2.4 1  9.5  76  325  207 289 -382  1
3912500 2352500  5 16 10  19.5  961 111  2.2 4  9.3  66  431  240 306 -395  1
3912500 2352500  5 16 11  21.0  961 112  1.9 5  9.3  59  475  284 323 -408  1
3912500 2352500  5 16 12  23.2  961 122  2.5 6  9.3  53  502  309 336 -420  1
3912500 2352500  5 16 13  24.5  960 120  1.9 5  9.3  48  621  253 343 -428  1
3912500 2352500  5 16 14  25.8  960 142  2.7 5  9.0  42  609  235 345 -433  1
3912500 2352500  5 16 15  27.3  960 137  2.4 3  8.5  37  557  211 344 -434  1
3912500 2352500  5 16 16  26.9  959 167  2.3 3  8.3  35  460  187 339 -432  1
3912500 2352500  5 16 17  27.3  958 137  1.8 4  8.0  34  334  160 341 -428  1
3912500 2352500  5 16 18  26.4  958 127  1.6 3  8.0  34  203  124 339 -420  1
3912500 2352500  5 16 19  24.9  958 100  1.8 3  8.5  39   75   78 334 -410  1
3912500 2352500  5 16 20  21.2  957 316  2.3 5  8.6  46    4   19 331 -401  1
3912500 2352500  5 16 21  19.5  958 310  2.3 6  8.8  56    0    0 329 -392  1
3912500 2352500  5 16 22  18.6  959 307  1.5 3  8.7  59    0    0 319 -387  1
3912500 2352500  5 16 23  17.0  958 303  2.2 3  8.6  64    0    0 306 -383  1
3912500 2352500  5 16 24  15.8  959 302  1.2 5  9.0  72    0    0 307 -379  1
3912500 2352500  5 17  1  15.9  960 307  1.2 5  9.4  79    0    0 311 -376  1
3912500 2352500  5 17  2  16.1  960 324  2.4 5  9.6  79    0    0 312 -374  1
3912500 2352500  5 17  3  15.4  960 330  1.7 6  9.5  80    0    0 313 -373  1
3912500 2352500  5 17  4  14.6  960 345  2.1 4  9.5  84    0    0 308 -371  1
3912500 2352500  5 17  5  14.2  961 344  1.6 3  9.4  87    0    0 296 -369  1
3912500 2352500  5 17  6  13.5  961 315  1.4 4  9.4  90    1   35 293 -367  1
3912500 2352500  5 17  7  15.2  961 299  1.1 5  9.7  90   49  117 299 -369  1
3912500 2352500  5 17  8  16.8  961 358  1.0 2 10.1  84  160  186 298 -377  1
3912500 2352500  5 17  9  18.6  961 320  1.5 2 10.2  76  320  216 295 -390  1
3912500 2352500  5 17 10  20.2  961 317  1.6 3 10.1  68  457  235 305 -407  1
3912500 2352500  5 17 11  22.0  961 345  1.7 2 10.0  60  557  248 312 -424  1
3912500 2352500  5 17 12  23.4  961  64  2.3 2  9.9  54  616  256 319 -438  1
3912500 2352500  5 17 13  24.7  961   1  1.7 2  9.4  48  630  257 326 -449  1
3912500 2352500  5 17 14  25.8  960  22  2.2 2  8.5  40  594  254 331 -456  1
3912500 2352500  5 17 15  26.2  959  35  1.9 1  7.8  35  544  227 331 -458  1
3912500 2352500  5 17 16  26.9  958 326  1.8 2  7.6  33  440  204 334 -455  1
3912500 2352500  5 17 17  26.9  958 330  1.3 3  7.5  32  330  168 342 -449  1
3912500 2352500  5 17 18  26.5  957 349  2.4 3  7.7  33  202  129 346 -440  1
3912500 2352500  5 17 19  23.4  957 348  2.3 3  8.3  40   96   79 343 -429  1
3912500 2352500  5 17 20  20.2  956 358  1.2 3  8.8  51   14   23 336 -418  1
3912500 2352500  5 17 21  18.4  957  21  1.0 4  9.0  61    0    0 331 -407  1
3912500 2352500  5 17 22  17.9  958  13  2.6 3  8.8  64    0    0 328 -400  1
3912500 2352500  5 17 23  17.3  957  16  1.9 3  8.7  65    0    0 325 -395  1
3912500 2352500  5 17 24  17.3  957  17  1.3 3  9.0  69    0    0 326 -391  1
3912500 2352500  5 18  1  17.4  957 320  0.5 5  9.5  72    0    0 332 -389  1
3912500 2352500  5 18  2  15.6  957 306  1.7 6  9.7  78    0    0 338 -387  1
3912500 2352500  5 18  3  15.5  957 352  1.2 6  9.6  82    0    0 338 -386  1
3912500 2352500  5 18  4  14.8  958 337  2.2 7  9.5  83    0    0 341 -385  1
3912500 2352500  5 18  5  14.4  958 326  2.8 7  9.3  85    0    0 342 -385  1
3912500 2352500  5 18  6  14.7  958 326  2.7 6  9.3  85    2   38 340 -385  1
3912500 2352500  5 18  7  15.6  958 328  2.6 5  9.5  83   20  125 336 -387  1
3912500 2352500  5 18  8  17.1  959 332  2.7 6  9.7  79   37  215 339 -392  1
3912500 2352500  5 18  9  17.6  959 338  2.5 7  9.9  75    4  209 347 -400  1
3912500 2352500  5 18 10  18.0  959 350  2.1 8 10.0  74    0  207 354 -413  1
3912500 2352500  5 18 11  18.5  960 232  1.8 7 10.2  73    0  165 357 -427  1
3912500 2352500  5 18 12  16.5  959 203  3.6 7 10.0  75    0  137 354 -439  1
3912500 2352500  5 18 13  14.9  959 312  3.6 6  9.6  81    0  178 347 -440  1
3912500 2352500  5 18 14  15.2  960 300  3.3 8  9.4  83    0  112 349 -429  1
3912500 2352500  5 18 15  14.8  960 281  4.2 8  9.3  82    0   95 353 -420  1
3912500 2352500  5 18 16  14.5  960 307  2.9 8  9.1  83    0   90 352 -413  1
3912500 2352500  5 18 17  14.8  961 278  3.1 8  8.9  81    0   90 351 -405  1
3912500 2352500  5 18 18  15.1  960 252  2.3 5  8.6  77   63  193 342 -406  1
3912500 2352500  5 18 19  15.3  960 305  2.6 4  8.3  73   70  116 329 -407  1
3912500 2352500  5 18 20  14.3  960 164  2.1 5  8.2  74   10   29 328 -405  1
3912500 2352500  5 18 21  12.3  960 112  2.7 4  8.2  81    0    0 323 -402  1
3912500 2352500  5 18 22  11.2  959 156  1.9 2  7.9  87    0    0 309 -399  1
3912500 2352500  5 18 23  10.6  959  46  2.0 1  7.7  90    0    0 296 -394  1
3912500 2352500  5 18 24   9.6  960 349  1.7 0  7.6  93    0    0 286 -388  1
3912500 2352500  5 19  1   9.4  960 329  1.7 2  7.5  96    0    0 287 -383  1
3912500 2352500  5 19  2   9.0  960 303  1.3 2  7.4  97    0    0 293 -381  1
3912500 2352500  5 19  3   8.7  959 140  1.6 5  7.2  97    0    0 301 -379  1
3912500 2352500  5 19  4   8.5  959 154  1.7 3  7.1  96    0    0 303 -377  1
3912500 2352500  5 19  5   8.5  959  13  1.9 4  7.0  95    0    0 299 -375  1
3912500 2352500  5 19  6   8.7  959  16  1.6 5  6.9  94   23   44 305 -377  1
3912500 2352500  5 19  7   9.0  959 114  2.2 2  7.1  95  113  103 297 -383  1
3912500 2352500  5 19  8  11.1  959 126  1.9 1  7.5  92  260  134 284 -392  1
3912500 2352500  5 19  9  12.1  959  90  1.4 1  8.0  88  425  144 287 -404  1
3912500 2352500  5 19 10  15.1  959  84  0.8 2  8.3  81  578  145 297 -424  1
3912500 2352500  5 19 11  19.2  958 246  0.7 2  8.2  63  681  149 313 -441  1
3912500 2352500  5 19 12  20.7  958 317  0.9 3  7.9  51  735  156 324 -453  1
3912500 2352500  5 19 13  22.5  957  99  2.5 4  7.8  46  794  130 334 -467  1
3912500 2352500  5 19 14  23.3  957 154  1.7 4  7.6  41  704  159 341 -479  1
3912500 2352500  5 19 15  23.3  957 108  1.8 4  7.1  38  451  256 342 -479  1
3912500 2352500  5 19 16  23.6  956 182  1.4 4  6.7  35  386  216 343 -467  1
3912500 2352500  5 19 17  23.2  956 210  2.9 6  6.4  34  163  220 346 -459  1
3912500 2352500  5 19 18  23.0  955 207  4.0 6  6.4  34  124  147 350 -452  1
3912500 2352500  5 19 19  22.1  954 209  2.9 6  6.9  38   37   82 350 -438  1
3912500 2352500  5 19 20  19.1  954 330  1.0 6  7.2  45    2   18 345 -425  1
3912500 2352500  5 19 21  18.7  955 309  1.2 7  7.2  50    0    0 344 -414  1
3912500 2352500  5 19 22  18.3  955   1  0.8 5  7.2  51    0    0 340 -406  1
3912500 2352500  5 19 23  17.5  956 291  1.0 5  7.6  56    0    0 330 -400  1
3912500 2352500  5 19 24  17.3  956   8  1.3 6  7.9  60    0    0 334 -396  1
3912500 2352500  5 20  1  16.0  955  48  0.3 6  8.2  65    0    0 338 -395  1
3912500 2352500  5 20  2  14.8  955  16  0.3 8  8.4  72    0    0 345 -393  1
3912500 2352500  5 20  3  12.8  955 266  0.1 8  8.3  79    0    0 353 -391  1
3912500 2352500  5 20  4  12.1  955 274  0.7 8  8.1  85    0    0 349 -391  1
3912500 2352500  5 20  5  11.9  955 283  1.4 7  8.1  87    0    0 342 -390  1
3912500 2352500  5 20  6  12.8  955 199  1.2 6  8.3  87    0   22 331 -389  1
3912500 2352500  5 20  7  14.6  955 184  2.3 7  8.5  82   15   75 335 -392  1
3912500 2352500  5 20  8  15.2  955 164  2.8 6  8.6  76   15  128 339 -399  1
3912500 2352500  5 20  9  16.0  955 148  1.9 7  8.7  74   80  166 344 -408  1
3912500 2352500  5 20 10  16.0  955 169  2.1 8  8.7  72    5  202 358 -418  1
3912500 2352500  5 20 11  16.8  955 222  4.6 7  8.8  71   35  243 361 -432  1
3912500 2352500  5 20 12  16.6  955 215  3.1 5  8.8  70  220  183 348 -445  1
3912500 2352500  5 20 13  16.0  954 239  4.1 6  8.7  71   40  258 343 -452  1
3912500 2352500  5 20 14  15.8  954 220  2.0 8  8.9  74    0  146 355 -454  1
3912500 2352500  5 20 15  14.1  953 205  2.6 8  9.0  80    0   80 358 -448  1
3912500 2352500  5 20 16  13.7  953 148  5.0 8  8.9  85    0  127 354 -442  1
3912500 2352500  5 20 17  12.6  953  93  2.5 7  8.8  88    0   58 348 -429  1
3912500 2352500  5 20 18  11.8  954 195  4.1 8  8.8  94    0   35 345 -419  1
3912500 2352500  5 20 19  11.8  955 235  3.2 8  8.7  94    0   20 347 -416  1
3912500 2352500  5 20 20  11.6  955 221  1.6 7  8.5  93    0    4 343 -408  1
3912500 2352500  5 20 21  11.3  955 146  1.6 6  8.3  93    0    0 335 -403  1
3912500 2352500  5 20 22  11.0  956 183  1.2 8  8.1  93    0    0 337 -401  1
3912500 2352500  5 20 23  10.5  956 208  1.5 8  8.1  94    0    0 345 -400  1
3912500 2352500  5 20 24  10.5  957 235  3.5 6  8.1  96    0    0 336 -399  1
3912500 2352500  5 21  1  10.5  957 182  2.0 7  8.0  95    0    0 332 -397  1
3912500 2352500  5 21  2   9.9  957 305  1.6 6  7.8  95    0    0 330 -393  1
3912500 2352500  5 21  3   9.6  957 256  1.5 5  7.7  96    0    0 321 -389  1
3912500 2352500  5 21  4   9.8  957 247  1.5 4  7.6  96    0    0 311 -383  1
3912500 2352500  5 21  5   9.5  956 245  2.1 6  7.6  96    0    0 314 -379  1
3912500 2352500  5 21  6  10.0  956 251  2.1 6  7.7  97    0   26 323 -379  1
3912500 2352500  5 21  7  11.3  956 235  2.5 5  8.0  94   27  106 321 -384  1
3912500 2352500  5 21  8  12.5  956 228  4.1 6  8.1  88   65  184 325 -391  1
3912500 2352500  5 21  9  14.0  957 224  3.1 6  7.9  78  190  234 332 -399  1
3912500 2352500  5 21 10  14.4  957 226  5.4 5  7.8  73  225  287 330 -410  1
3912500 2352500  5 21 11  14.2  957 221  6.6 5  7.7  71  270  324 327 -418  1
3912500 2352500  5 21 12  15.9  956 232  6.3 6  7.3  65  118  366 335 -425  1
3912500 2352500  5 21 13  16.5  956 246  7.2 6  7.0  58  180  368 340 -432  1
3912500 2352500  5 21 14  17.4  956 237  6.2 5  6.9  54  405  284 338 -434  1
3912500 2352500  5 21 15  18.0  956 244  6.2 3  6.8  51  645  112 328 -433  1
3912500 2352500  5 21 16  18.5  956 251  5.7 3  6.7  48  586   82 320 -428  1
3912500 2352500  5 21 17  17.4  956 284  5.8 3  6.4  47  465   69 317 -420  1
3912500 2352500  5 21 18  16.9  954 250  5.0 5  6.5  50  228   85 320 -412  1
3912500 2352500  5 21 19  17.3  955 252  4.5 3  6.6  51   80   66 319 -404  1
3912500 2352500  5 21 20  16.2  955 234  3.6 4  6.3  50   22   22 311 -397  1
3912500 2352500  5 21 21  12.8  956 233  3.6 5  6.1  56    0    0 312 -390  1
3912500 2352500  5 21 22  12.1  956 218  4.1 6  6.2  65    0    0 315 -385  1
3912500 2352500  5 21 23  11.8  956 217  3.9 6  6.4  69    0    0 318 -384  1
3912500 2352500  5 21 24  11.1  957 224  4.3 5  6.5  73    0    0 309 -383  1
3912500 2352500  5 22  1  10.8  957 218  3.1 5  6.7  77    0    0 303 -381  1
3912500 2352500  5 22  2  10.9  957 235  3.5 5  6.8  80    0    0 304 -379  1
3912500 2352500  5 22  3  10.7  957 246  2.9 7  6.9  81    0    0 318 -377  1
3912500 2352500  5 22  4  10.5  957 274  2.7 7  6.9  82    0    0 333 -376  1
3912500 2352500  5 22  5  10.4  957 270  3.1 8  7.1  84    0    0 339 -374  1
3912500 2352500  5 22  6   9.6  957 251  2.0 8  7.3  90    0   31 346 -372  1
3912500 2352500  5 22  7  10.2  958 266  2.2 6  7.5  93    0   76 331 -375  1
3912500 2352500  5 22  8  10.9  959 276  3.1 7  7.6  91   10  155 326 -377  1
3912500 2352500  5 22  9  11.9  959 284  3.1 7  7.7  86    7  204 337 -381  1
3912500 2352500  5 22 10  12.7  960 280  3.6 7  7.5  80   30  282 340 -385  1
3912500 2352500  5 22 11  13.3  960 266  3.4 6  7.3  74  123  343 336 -390  1
3912500 2352500  5 22 12  11.5  960 251  3.4 7  7.3  77   80  355 338 -399  1
3912500 2352500  5 22 13  14.1  960 291  2.9 7  7.4  76   41  333 344 -400  1
3912500 2352500  5 22 14  13.7  961 251  0.9 5  7.3  70  201  340 338 -397  1
3912500 2352500  5 22 15  14.4  961 271  3.2 7  7.2  68   74  306 336 -402  1
3912500 2352500  5 22 16  15.5  961 251  3.2 8  7.6  68    2  182 349 -406  1
3912500 2352500  5 22 17  14.5  961 268  3.6 8  7.4  66    0  101 353 -404  1
3912500 2352500  5 22 18  12.4  960 260  1.5 6  7.4  73    5  117 341 -399  1
3912500 2352500  5 22 19  12.9  960 202  1.3 5  7.5  78   68   69 326 -392  1
3912500 2352500  5 22 20  11.4  961 239  1.0 6  7.5  80   14   21 324 -388  1
3912500 2352500  5 22 21  10.5  961 225  0.9 7  7.8  91    0    0 332 -383  1
3912500 2352500  5 22 22  10.6  962 214  0.9 7  7.8  93    0    0 338 -381  1
3912500 2352500  5 22 23   9.5  962 243  1.4 7  7.6  94    0    0 335 -381  1
3912500 2352500  5 22 24   9.4  962 258  1.5 6  7.4  95    0    0 327 -379  1
3912500 2352500  5 23  1   8.7  962 249  1.1 8  7.2  95    0    0 332 -379  1
3912500 2352500  5 23  2   8.1  961  57  0.3 7  7.0  96    0    0 334 -378  1
3912500 2352500  5 23  3   7.7  961 238  0.7 7  6.8  97    0    0 328 -377  1
3912500 2352500  5 23  4   7.7  961 280  0.4 8  6.7  97    0    0 332 -374  1
3912500 2352500  5 23  5   7.2  961 256  1.0 7  6.6  97    0    0 330 -373  1
3912500 2352500  5 23  6   7.7  960 160  0.2 5  6.6  97    0   33 313 -373  1
3912500 2352500  5 23  7   8.6  961 109  0.5 6  6.9  97   10  105 308 -376  1
3912500 2352500  5 23  8   9.3  962 128  0.9 4  7.3  96   51  202 302 -381  1
3912500 2352500  5 23  9  10.9  962 203  1.2 3  7.5  92  102  279 292 -388  1
3912500 2352500  5 23 10  11.1  961 225  1.2 4  7.8  90  260  320 297 -393  1
3912500 2352500  5 23 11  13.6  962 219  0.8 5  8.0  85  450  302 312 -396  1
3912500 2352500  5 23 12  14.4  962 325  1.8 5  8.0  76  480  325 319 -403  1
3912500 2352500  5 23 13  17.0  962 287  2.2 5  7.5  64  521  311 322 -414  1
3912500 2352500  5 23 14  18.7  962 359  1.6 6  7.1  53  239  388 332 -414  1
3912500 2352500  5 23 15  18.7  961 349  2.5 4  6.8  48  288  338 329 -410  1
3912500 2352500  5 23 16  19.3  961  24  3.3 4  6.8  47  390  230 322 -414  1
3912500 2352500  5 23 17  18.6  961  29  2.8 6  6.9  48  238  211 330 -415  1
3912500 2352500  5 23 18  17.7  962  28  2.7 6  7.2  53  123  160 336 -409  1
3912500 2352500  5 23 19  15.6  962  36  2.7 5  7.5  60   43   90 328 -403  1
3912500 2352500  5 23 20  14.4  962  42  2.5 5  7.5  67    0   21 320 -397  1
3912500 2352500  5 23 21  13.8  962  39  2.3 5  7.4  70    0    0 317 -392  1
3912500 2352500  5 23 22  12.8  963  52  1.1 7  7.4  74    0    0 325 -389  1
3912500 2352500  5 23 23  11.6  963  87  2.3 7  7.6  81    0    0 333 -387  1
3912500 2352500  5 23 24  11.6  964  96  2.4 6  7.6  84    0    0 327 -385  1
3912500 2352500  5 24  1  11.3  964  44  2.1 3  7.5  84    0    0 307 -384  1
3912500 2352500  5 24  2  11.1  964 110  1.8 4  7.3  84    0    0 298 -383  1
3912500 2352500  5 24  3  11.0  964 123  2.2 5  7.2  83    0    0 309 -382  1
3912500 2352500  5 24  4  11.0  964  65  1.6 7  7.2  84    0    0 324 -382  1
3912500 2352500  5 24  5  10.2  964 117  1.6 7  7.2  86    0    0 334 -382  1
3912500 2352500  5 24  6  10.6  964  99  1.9 7  7.1  85    0   30 333 -382  1
3912500 2352500  5 24  7  10.8  965  57  2.0 6  7.0  83    5  109 328 -381  1
3912500 2352500  5 24  8  12.2  965 103  2.2 4  7.0  78   40  235 314 -382  1
3912500 2352500  5 24  9  12.3  965 132  3.0 5  7.0  74   23  278 312 -386  1
3912500 2352500  5 24 10  12.8  965 135  2.8 7  7.1  74   26  338 328 -393  1
3912500 2352500  5 24 11  14.2  965 144  3.0 6  7.2  71   57  420 337 -400  1
3912500 2352500  5 24 12  14.6  965 139  2.4 5  7.4  69   71  450 331 -406  1
3912500 2352500  5 24 13  14.8  965 149  2.3 6  7.4  68   41  416 333 -414  1
3912500 2352500  5 24 14  14.5  965 144  2.0 7  7.4  68    6  297 340 -414  1
3912500 2352500  5 24 15  14.4  965 155  2.1 6  7.6  70   14  306 338 -412  1
3912500 2352500  5 24 16  14.3  965 178  2.4 6  7.7  72   25  293 334 -417  1
3912500 2352500  5 24 17  14.6  965 168  2.7 6  7.8  72   25  244 334 -418  1
3912500 2352500  5 24 18  14.8  965 167  1.9 5  7.5  69   30  190 330 -413  1
3912500 2352500  5 24 19  14.3  966 191  0.0 6  7.5  69    6   86 330 -407  1
3912500 2352500  5 24 20  14.2  966  75  1.4 7  7.8  73    1   21 336 -401  1
3912500 2352500  5 24 21  12.2  967  70  3.1 6  7.7  78    0    0 333 -396  1
3912500 2352500  5 24 22  10.9  968  61  4.5 6  7.3  82    0    0 323 -393  1
3912500 2352500  5 24 23  11.1  968  69  4.4 6  6.7  78    0    0 320 -386  1
3912500 2352500  5 24 24  10.4  968  42  4.7 5  5.8  69    0    0 313 -378  1
3912500 2352500  5 25  1   9.8  968   9  3.5 5  5.0  62    0    0 304 -377  1
3912500 2352500  5 25  2   9.2  969 344  5.0 3  4.7  60    0    0 294 -376  1
3912500 2352500  5 25  3   9.0  969 359  3.0 3  4.6  61    0    0 284 -372  1
3912500 2352500  5 25  4   7.3  969 343  3.2 2  4.6  65    0    0 276 -366  1
3912500 2352500  5 25  5   7.1  969 341  2.0 1  4.6  70    0    0 265 -363  1
3912500 2352500  5 25  6   7.4  970 338  2.0 2  4.6  70   30   47 265 -361  1
3912500 2352500  5 25  7   8.4  970   1  2.7 2  4.8  69  130  101 269 -365  1
3912500 2352500  5 25  8  10.1  970  53  4.0 0  5.1  67  272  133 265 -377  1
3912500 2352500  5 25  9  11.5  969  54  4.2 0  5.5  65  433  146 263 -391  1
3912500 2352500  5 25 10  13.7  970  78  4.3 1  5.8  61  573  154 273 -405  1
3912500 2352500  5 25 11  15.3  969  68  3.8 1  6.1  56  697  149 284 -419  1
3912500 2352500  5 25 12  17.2  969  80  3.4 1  6.4  53  783  138 290 -432  1
3912500 2352500  5 25 13  17.9  969  69  3.7 1  6.5  50  821  127 296 -440  1
3912500 2352500  5 25 14  18.7  968 102  4.5 1  6.4  47  790  126 298 -445  1
3912500 2352500  5 25 15  19.8  967 105  3.5 1  6.4  44  695  132 301 -446  1
3912500 2352500  5 25 16  20.6  967  87  2.4 1  6.5  42  571  130 304 -442  1
3912500 2352500  5 25 17  20.1  966 103  2.6 1  6.5  41  417  123 304 -435  1
3912500 2352500  5 25 18  19.9  966  85  2.6 2  6.3  41  259  106 306 -426  1
3912500 2352500  5 25 19  18.3  966  70  3.0 3  6.2  43  107   78 310 -415  1
3912500 2352500  5 25 20  16.3  966  34  2.6 3  6.1  48   19   27 308 -403  1
3912500 2352500  5 25 21  14.1  965  49  3.4 4  6.1  54    0    0 305 -392  1
3912500 2352500  5 25 22  12.9  966  32  2.8 1  5.9  58    0    0 292 -385  1
3912500 2352500  5 25 23  11.6  967  32  1.7 1  5.8  62    0    0 277 -380  1
3912500 2352500  5 25 24  10.9  967  56  2.4 2  5.8  66    0    0 278 -376  1
3912500 2352500  5 26  1  10.1  966  60  2.3 4  5.6  68    0    0 287 -372  1
3912500 2352500  5 26  2   9.6  967  96  0.9 3  5.5  69    0    0 289 -369  1
3912500 2352500  5 26  3   8.7  967  91  2.0 2  5.5  73    0    0 280 -364  1
3912500 2352500  5 26  4   7.9  967  90  1.9 1  5.4  76    0    0 270 -361  1
3912500 2352500  5 26  5   7.4  967  82  2.0 0  5.5  80    0    0 259 -359  1
3912500 2352500  5 26  6   8.1  967  78  1.6 1  5.5  80   19   53 256 -360  1
3912500 2352500  5 26  7  10.1  968  86  1.2 1  5.5  73  103  125 261 -364  1
3912500 2352500  5 26  8  12.1  968  97  1.3 0  5.7  66  229  179 261 -376  1
3912500 2352500  5 26  9  14.2  968 134  0.9 0  5.8  59  362  220 264 -395  1
3912500 2352500  5 26 10  15.3  968 175  1.6 2  5.9  54  483  252 279 -416  1
3912500 2352500  5 26 11  17.3  969 183  1.6 3  5.9  49  573  273 296 -436  1
3912500 2352500  5 26 12  18.7  968  17  1.5 4  5.6  42  636  281 309 -451  1
3912500 2352500  5 26 13  19.5  968 299  2.7 5  5.4  38  659  280 320 -457  1
3912500 2352500  5 26 14  20.2  967 331  2.2 6  5.6  37  612  281 331 -458  1
3912500 2352500  5 26 15  21.0  967 315  2.5 3  5.7  36  533  268 330 -457  1
3912500 2352500  5 26 16  21.8  967 320  2.5 3  5.6  34  452  235 323 -452  1
3912500 2352500  5 26 17  21.5  966 319  3.8 3  5.4  32  313  203 327 -442  1
3912500 2352500  5 26 18  21.1  966 305  3.4 5  4.9  30   86  181 334 -430  1
3912500 2352500  5 26 19  20.1  964 303  3.0 3  4.7  30   59   99 333 -415  1
3912500 2352500  5 26 20  17.4  964 306  3.3 2  4.8  34   15   31 315 -403  1
3912500 2352500  5 26 21  15.6  965 303  1.7 2  5.1  41    0    0 305 -393  1
3912500 2352500  5 26 22  14.3  965 331  1.5 2  5.2  47    0    0 300 -384  1
3912500 2352500  5 26 23  12.9  965 333  1.8 2  5.3  52    0    0 296 -378  1
3912500 2352500  5 26 24  11.5  965 304  1.7 1  5.4  58    0    0 287 -373  1
3912500 2352500  5 27  1  10.3  965 270  1.7 0  5.4  64    0    0 273 -368  1
3912500 2352500  5 27  2  10.4  965 263  2.2 1  5.4  66    0    0 270 -365  1
3912500 2352500  5 27  3   8.8  964 292  2.1 1  5.4  70    0    0 272 -362  1
3912500 2352500  5 27  4   8.5  964 298  1.7 0  5.4  73    0    0 263 -360  1
3912500 2352500  5 27  5   8.1  964 305  1.5 1  5.4  75    0    0 261 -357  1
3912500 2352500  5 27  6   9.8  964 309  1.3 1  5.5  73   39   45 266 -356  1
3912500 2352500  5 27  7  10.7  965  46  1.7 0  5.8  71  160   89 262 -361  1
3912500 2352500  5 27  8  13.4  965  16  1.6 0  6.3  68  314  112 261 -373  1
3912500 2352500  5 27  9  15.5  964 310  1.6 0  6.5  60  465  126 269 -390  1
3912500 2352500  5 27 10  17.4  965 303  2.0 1  6.2  51  587  141 279 -410  1
3912500 2352500  5 27 11  19.0  965 314  2.8 1  6.0  44  741  118 290 -430  1
3912500 2352500  5 27 12  20.2  965 284  2.9 1  6.0  40  783  131 295 -444  1
3912500 2352500  5 27 13  21.1  965 298  3.8 1  6.2  39  688  200 300 -451  1
3912500 2352500  5 27 14  21.3  965 289  4.2 1  6.3  38  756  135 302 -446  1
3912500 2352500  5 27 15  22.3  965 351  3.3 1  6.2  36  704  120 303 -440  1
3912500 2352500  5 27 16  22.3  964 334  2.6 1  6.4  36  594  113 306 -438  1
3912500 2352500  5 27 17  22.1  964 311  3.4 1  5.9  34  451  105 305 -433  1
3912500 2352500  5 27 18  21.2  964 347  4.6 1  5.3  31  285   95 300 -422  1
3912500 2352500  5 27 19  20.3  964  10  2.8 0  5.0  31  132   72 293 -409  1
3912500 2352500  5 27 20  17.5  963 203  3.7 1  5.1  37   25   29 290 -397  1
3912500 2352500  5 27 21  15.5  964 150  3.4 1  5.1  43    0    0 289 -386  1
3912500 2352500  5 27 22  13.6  964 204  3.2 2  5.2  49    0    0 280 -377  1
3912500 2352500  5 27 23  12.5  964 192  2.8 2  5.5  56    0    0 272 -372  1
3912500 2352500  5 27 24  11.8  965 240  2.3 4  5.6  60    0    0 276 -367  1
3912500 2352500  5 28  1  11.6  972 228  2.0 6  5.8  64    0    0 329 -377  1
3912500 2352500  5 28  2  11.5  972 251  2.1 7  5.9  66    0    0 338 -377  1
3912500 2352500  5 28  3  11.6  972 228  2.2 8  6.0  67    0    0 343 -376  1
3912500 2352500  5 28  4  11.5  972 219  2.4 7  6.0  68    0    0 338 -375  1
3912500 2352500  5 28  5  11.7  972 228  2.4 7  6.1  68    0    1 332 -375  1
3912500 2352500  5 28  6  11.6  972 219  2.8 7  6.1  69    0   27 333 -373  1
3912500 2352500  5 28  7  12.5  973 219  2.8 6  6.2  68   10  118 328 -374  1
3912500 2352500  5 28  8  13.5  974 258  3.0 7  6.1  62   16  194 331 -377  1
3912500 2352500  5 28  9  14.6  974 257  4.3 6  6.2  59   48  301 334 -380  1
3912500 2352500  5 28 10  16.0  974 233  4.2 5  6.5  58  117  413 327 -383  1
3912500 2352500  5 28 11  17.0  974 276  3.5 4  6.8  56  268  487 320 -396  1
3912500 2352500  5 28 12  17.4  974 262  3.0 5  7.1  56  203  515 322 -415  1
3912500 2352500  5 28 13  17.7  974 312  3.4 6  7.4  57   91  459 331 -429  1
3912500 2352500  5 28 14  17.5  974 299  3.6 8  7.4  56    0  148 341 -436  1
3912500 2352500  5 28 15  17.0  974 290  4.0 8  7.5  59    0  119 348 -436  1
3912500 2352500  5 28 16  17.4  974 302  3.6 8  7.8  61    0  117 351 -425  1
3912500 2352500  5 28 17  17.2  974 280  3.8 8  7.9  62    0  115 353 -414  1
3912500 2352500  5 28 18  16.9  974 270  2.6 6  8.0  63   20  167 346 -407  1
3912500 2352500  5 28 19  16.9  974 282  2.2 6  8.1  65    6   85 339 -402  1
3912500 2352500  5 28 20  16.1  974 291  1.9 6  8.3  68    0    6 339 -396  1
3912500 2352500  5 28 21  15.2  974 278  2.2 6  8.2  71    0    0 336 -389  1
3912500 2352500  5 28 22  14.5  975 268  2.0 7  8.1  73    0    0 339 -382  1
3912500 2352500  5 28 23  14.3  975 287  1.6 7  8.0  75    0    0 341 -379  1
3912500 2352500  5 28 24  13.8  975 304  1.8 6  8.1  78    0    0 335 -375  1
3912500 2352500  5 29  1  13.5  975 351  0.6 8  8.2  80    0    0 339 -371  1
3912500 2352500  5 29  2  13.5  974 330  0.5 7  8.3  83    0    0 343 -366  1
3912500 2352500  5 29  3  13.5  974  18  0.7 8  8.4  83    0    0 342 -362  1
3912500 2352500  5 29  4  13.3  974  15  0.8 8  8.3  83    0    0 346 -359  1
3912500 2352500  5 29  5  13.2  974  41  1.8 8  8.3  84    0    0 344 -355  1
3912500 2352500  5 29  6  13.1  974  27  1.7 8  8.2  84    0   12 341 -353  1
3912500 2352500  5 29  7  13.1  974  24  2.3 8  7.8  80    0   56 338 -356  1
3912500 2352500  5 29  8  13.4  974  31  2.2 7  7.3  73   61  182 330 -364  1
3912500 2352500  5 29  9  15.1  974   9  3.0 4  7.0  66  341  176 312 -377  1
3912500 2352500  5 29 10  15.7  974   4  2.6 3  6.7  59  602  104 296 -392  1
3912500 2352500  5 29 11  16.9  974   1  3.2 1  5.9  49  769   67 285 -407  1
3912500 2352500  5 29 12  17.9  973  24  3.7 0  5.0  39  844   74 275 -415  1
3912500 2352500  5 29 13  19.0  974  12  6.0 0  4.1  30  864   76 272 -410  1
3912500 2352500  5 29 14  19.1  973   4  4.8 0  3.6  25  831   73 272 -405  1
3912500 2352500  5 29 15  18.9  973  19  3.5 0  3.5  25  757   66 271 -411  1
3912500 2352500  5 29 16  19.3  972   7  4.6 0  3.6  25  645   57 270 -413  1
3912500 2352500  5 29 17  18.4  972  47  4.6 0  3.6  26  491   53 271 -410  1
3912500 2352500  5 29 18  17.4  972  43  4.6 1  3.8  29  313   62 272 -405  1
3912500 2352500  5 29 19  15.7  971  61  4.0 1  4.3  35  137   60 273 -399  1
3912500 2352500  5 29 20  14.2  971  71  3.6 1  4.6  42   19   26 268 -393  1
3912500 2352500  5 29 21  13.2  971  42  3.2 0  4.8  47    0    0 262 -387  1
3912500 2352500  5 29 22  12.1  972  69  2.1 0  4.9  52    0    0 259 -382  1
3912500 2352500  5 29 23  11.5  971  73  2.0 0  5.1  57    0    0 259 -380  1
3912500 2352500  5 29 24  10.6  971  80  2.2 0  5.2  61    0    0 258 -378  1
3912500 2352500  5 30  1   9.8  971  83  2.5 0  5.3  66    0    0 258 -376  1
3912500 2352500  5 30  2   9.4  970  72  2.8 0  5.3  68    0    0 258 -373  1
3912500 2352500  5 30  3   8.9  970  76  3.1 0  5.2  70    0    0 259 -369  1
3912500 2352500  5 30  4   9.2  969  77  4.8 0  5.2  70    0    0 258 -366  1
3912500 2352500  5 30  5   9.7  968  85  5.1 0  5.3  68    0   10 259 -361  1
3912500 2352500  5 30  6  10.3  968  87  5.6 1  5.5  68   36   50 261 -357  1
3912500 2352500  5 30  7  11.9  968  84  4.9 0  5.8  67  151   99 260 -359  1
3912500 2352500  5 30  8  13.7  968  86  4.7 0  6.2  64  288  132 253 -367  1
3912500 2352500  5 30  9  14.9  968  88  5.2 0  6.2  59  432  154 249 -381  1
3912500 2352500  5 30 10  16.4  967  90  5.8 0  6.1  53  571  164 247 -394  1
3912500 2352500  5 30 11  17.5  968  74  5.9 1  6.1  49  671  173 253 -397  1
3912500 2352500  5 30 12  18.8  967  81  5.6 1  6.1  45  736  174 264 -399  1
3912500 2352500  5 30 13  19.6  966  90  6.4 1  6.2  43  766  166 271 -401  1
3912500 2352500  5 30 14  19.4  966  95  5.3 0  6.5  44  731  166 273 -393  1
3912500 2352500  5 30 15  19.5  965  79  7.2 1  6.5  44  651  165 280 -389  1
3912500 2352500  5 30 16  19.5  965  95  5.2 1  6.2  42  543  154 289 -389  1
3912500 2352500  5 30 17  19.4  964 128  4.8 0  5.9  40  400  141 282 -388  1
3912500 2352500  5 30 18  19.0  964 148  5.1 0  6.0  41  254  117 278 -387  1
3912500 2352500  5 30 19  17.9  964 121  3.9 0  6.0  43  112   84 275 -384  1
3912500 2352500  5 30 20  16.1  964  60  3.1 1  6.1  48   17   29 278 -378  1
3912500 2352500  5 30 21  14.3  965  60  2.4 2  6.4  56    0    0 289 -373  1
3912500 2352500  5 30 22  13.7  965  28  2.2 2  6.4  62    0    0 293 -369  1
3912500 2352500  5 30 23  12.8  965  27  2.3 0  6.5  66    0    0 279 -366  1
3912500 2352500  5 30 24  12.4  965  17  2.2 0  6.6  70    0    0 263 -363  1
3912500 2352500  5 31  1  11.4  965  28  1.9 1  6.6  73    0    0 262 -361  1
3912500 2352500  5 31  2   9.9  965  36  2.3 2  6.6  78    0    0 266 -358  1
3912500 2352500  5 31  3   9.7  964  20  2.7 2  6.5  82    0    0 269 -354  1
3912500 2352500  5 31  4   9.7  964  48  2.1 3  6.5  82    0    0 273 -350  1
3912500 2352500  5 31  5   9.7  964  54  2.4 3  6.5  83    0   10 279 -348  1
3912500 2352500  5 31  6  10.6  965  40  2.7 3  6.9  84   13   50 280 -347  1
3912500 2352500  5 31  7  12.0  965  56  3.2 5  7.2  83   50  120 293 -352  1
3912500 2352500  5 31  8  12.2  965  65  3.7 6  7.4  80   35  183 314 -364  1
3912500 2352500  5 31  9  13.5  965  88  3.5 4  7.3  75  230  249 312 -381  1
3912500 2352500  5 31 10  14.7  965  76  4.2 4  7.2  68  311  294 306 -397  1
3912500 2352500  5 31 11  15.9  966  74  4.2 5  7.1  62  195  368 316 -414  1
3912500 2352500  5 31 12  16.7  966  86  4.2 6  7.0  58  207  394 332 -429  1
3912500 2352500  5 31 13  17.7  966 100  4.1 4  7.0  54  302  376 332 -439  1
3912500 2352500  5 31 14  19.4  965  48  4.2 4  6.9  50  431  313 327 -443  1
3912500 2352500  5 31 15  19.0  965  98  4.5 5  6.6  45  551  209 332 -443  1
3912500 2352500  5 31 16  19.1  964 103  4.1 4  6.2  43  490  164 332 -437  1
3912500 2352500  5 31 17  18.8  964  95  4.4 4  6.0  42  379  139 327 -429  1
3912500 2352500  5 31 18  18.0  964 109  4.6 3  5.7  41  253  110 320 -420  1
3912500 2352500  5 31 19  17.1  964 120  3.7 1  5.5  42  117   81 304 -410  1
3912500 2352500  5 31 20  15.2  964  86  3.5 1  5.4  45   21   31 290 -401  1
3912500 2352500  5 31 21  13.9  964 297  3.5 0  5.4  50    0    0 282 -393  1
3912500 2352500  5 31 22  13.3  964 216  3.0 0  5.4  53    0    0 276 -389  1
3912500 2352500  5 31 23  12.8  965 304  2.9 2  5.4  54    0    0 284 -388  1
3912500 2352500  5 31 24  10.8  965 326  2.2 3  5.3  59    0    0 294 -386  1
3912500 2352500  6  1  1  11.6  964 345  2.2 1  5.5  62    0    0 289 -382  1
3912500 2352500  6  1  2  11.0  964 355  2.2 2  5.6  64    0    0 292 -381  1
3912500 2352500  6  1  3   9.7  964  78  1.9 4  5.6  69    0    0 300 -379  1
3912500 2352500  6  1  4  10.1  964  49  1.9 5  5.7  72    0    0 309 -378  1
3912500 2352500  6  1  5  10.0  964  43  1.5 5  5.9  73    0    1 314 -376  1
3912500 2352500  6  1  6  11.7  964   3  2.0 7  6.2  73   12   51 325 -375  1
3912500 2352500  6  1  7  12.5  964  92  1.6 4  6.5  71   99  107 325 -379  1
3912500 2352500  6  1  8  14.3  964 120  1.7 5  6.7  66  166  168 321 -387  1
3912500 2352500  6  1  9  16.1  964 138  2.4 4  6.9  61  350  170 327 -396  1
3912500 2352500  6  1 10  17.0  964 132  2.9 5  7.2  58  308  265 333 -408  1
3912500 2352500  6  1 11  18.0  964  46  3.7 5  7.7  59  264  326 341 -420  1
3912500 2352500  6  1 12  18.6  963  21  2.4 5  8.1  59  256  349 344 -417  1
3912500 2352500  6  1 13  19.2  963 140  3.7 2  8.2  57  539  250 335 -428  1
3912500 2352500  6  1 14  20.5  964 151  4.3 3  8.0  52  389  300 332 -433  1
3912500 2352500  6  1 15  20.2  963 157  4.5 7  7.8  50    0  195 352 -424  1
3912500 2352500  6  1 16  19.0  963 172  5.5 8  7.9  53   25  248 366 -426  1
3912500 2352500  6  1 17  19.8  962 185  3.5 5  8.0  54  195  199 358 -425  1
3912500 2352500  6  1 18  19.6  962 244  2.9 5  7.8  52  182  126 346 -420  1
3912500 2352500  6  1 19  19.1  962 328  3.0 1  7.7  52  111   74 330 -413  1
3912500 2352500  6  1 20  17.0  961 112  1.8 2  7.7  57   21   30 315 -407  1
3912500 2352500  6  1 21  14.9  962  53  2.2 1  7.7  64    0    0 309 -401  1
3912500 2352500  6  1 22  14.4  963 114  3.0 0  7.7  70    0    0 299 -396  1
3912500 2352500  6  1 23  14.0  963  74  2.9 1  7.8  73    0    0 299 -392  1
3912500 2352500  6  1 24  13.2  963  84  2.0 1  7.9  78    0    0 301 -389  1
3912500 2352500  6  2  1  13.2  963   4  1.7 2  8.0  81    0    0 300 -389  1
3912500 2352500  6  2  2  12.2  963  51  2.2 1  7.9  82    0    0 298 -387  1
3912500 2352500  6  2  3  10.9  963  68  1.7 1  7.5  84    0    0 288 -387  1
3912500 2352500  6  2  4  11.7  963  44  1.8 1  7.4  84    0    0 284 -386  1
3912500 2352500  6  2  5  11.0  963  57  1.4 2  7.2  82    1   10 286 -386  1
3912500 2352500  6  2  6  12.1  963   1  1.0 1  7.1  80   49   48 285 -387  1
3912500 2352500  6  2  7  14.1  963  42  0.8 0  7.5  75  182   77 278 -388  1
3912500 2352500  6  2  8  16.6  964  19  1.7 0  7.5  65  355   79 279 -389  1
3912500 2352500  6  2  9  17.0  964 224  1.4 2  7.4  59  471  106 293 -392  1
3912500 2352500  6  2 10  17.9  963 320  1.9 5  7.5  58  300  277 322 -398  1
3912500 2352500  6  2 11  19.7  963 253  1.2 4  7.6  54  528  223 337 -407  1
3912500 2352500  6  2 12  20.8  964  17  2.0 4  7.4  48  359  334 338 -420  1
3912500 2352500  6  2 13  19.8  963   5  1.7 7  7.3  46   59  352 355 -430  1
3912500 2352500  6  2 14  21.6  963  18  2.5 6  7.3  46  246  351 365 -429  1
3912500 2352500  6  2 15  22.7  963  21  2.0 4  7.3  41  266  311 358 -426  1
3912500 2352500  6  2 16  21.2  962 347  2.5 1  7.4  43  473  161 339 -428  1
3912500 2352500  6  2 17  20.7  962 355  3.4 3  7.6  46  228  196 332 -427  1
3912500 2352500  6  2 18  19.1  962 345  2.9 4  8.3  54   54  158 339 -423  1
3912500 2352500  6  2 19  19.3  962 355  2.5 1  8.9  60   83   85 332 -415  1
3912500 2352500  6  2 20  17.2  961 331  1.4 2  8.4  61   16   32 322 -407  1
3912500 2352500  6  2 21  15.5  961 349  1.8 3  8.5  69    0    0 322 -401  1
3912500 2352500  6  2 22  13.8  962 352  2.6 0  8.5  78    0    0 309 -397  1
3912500 2352500  6  2 23  13.1  962 346  1.8 0  8.4  83    0    0 293 -395  1
3912500 2352500  6  2 24  12.6  962 348  2.1 0  8.2  84    0    0 292 -392  1
3912500 2352500  6  3  1  11.3  962 355  0.5 1  8.1  88    0    0 294 -390  1
3912500 2352500  6  3  2  11.5  962 349  0.9 4  8.1  91    0    0 303 -390  1
3912500 2352500  6  3  3  11.7  962 347  0.1 5  8.1  90    0    0 317 -391  1
3912500 2352500  6  3  4  11.1  962 340  0.7 4  8.0  90    0    0 315 -392  1
3912500 2352500  6  3  5  10.6  961 351  2.5 3  7.7  90    1   10 303 -390  1
3912500 2352500  6  3  6  12.2  962 348  1.8 4  7.6  85   43   53 303 -384  1
3912500 2352500  6  3  7  13.7  962 351  2.1 2  7.9  80  129  107 302 -381  1
3912500 2352500  6  3  8  15.7  963 331  1.6 2  8.0  72  253  148 296 -385  1
3912500 2352500  6  3  9  17.1  963 340  2.0 3  7.6  62  458  131 304 -392  1
3912500 2352500  6  3 10  18.2  962 339  2.5 4  7.4  56  456  221 317 -402  1
3912500 2352500  6  3 11  19.4  962 322  2.3 5  7.4  52  330  337 331 -415  1
3912500 2352500  6  3 12  20.0  962 301  2.9 4  7.2  48  528  283 333 -428  1
3912500 2352500  6  3 13  21.2  962 291  3.7 2  6.9  43  690  200 321 -435  1
3912500 2352500  6  3 14  21.7  961 352  4.4 3  6.5  39  548  262 319 -437  1
3912500 2352500  6  3 15  21.8  961 334  4.4 5  6.3  37  421  277 328 -436  1
3912500 2352500  6  3 16  21.3  960 315  4.0 4  6.3  37  529  147 330 -432  1
3912500 2352500  6  3 17  21.2  960 313  4.3 4  6.1  37  362  148 325 -425  1
3912500 2352500  6  3 18  20.5  960 293  3.9 3  6.0  37  260  112 320 -415  1
3912500 2352500  6  3 19  19.4  960 298  3.9 2  6.3  41  113   85 309 -403  1
3912500 2352500  6  3 20  17.9  959 309  2.9 3  6.5  46   16   33 306 -391  1
3912500 2352500  6  3 21  16.5  959 357  2.2 7  6.6  51    0    0 319 -381  1
3912500 2352500  6  3 22  16.1  960  24  1.8 8  6.6  54    0    0 334 -374  1
3912500 2352500  6  3 23  14.4  960  24  2.6 8  6.4  56    0    0 333 -369  1
3912500 2352500  6  3 24  13.7  961  18  1.6 7  6.2  59    0    0 326 -365  1
3912500 2352500  6  4  1  13.8  960  13  1.7 6  6.1  60    0    0 319 -362  1
3912500 2352500  6  4  2  13.0  960  25  1.5 7  6.1  61    0    0 319 -359  1
3912500 2352500  6  4  3  12.5  960   2  1.3 8  6.1  63    0    0 326 -356  1
3912500 2352500  6  4  4  12.2  960 319  1.4 8  6.0  64    0    0 331 -354  1
3912500 2352500  6  4  5  11.6  960 344  1.6 8  6.1  67    0    1 330 -352  1
3912500 2352500  6  4  6  11.8  960  41  1.7 6  6.2  69    1   37 320 -351  1
3912500 2352500  6  4  7  12.2  960  20  1.5 4  6.1  67   36  115 303 -356  1
3912500 2352500  6  4  8  13.4  960 357  2.0 2  6.0  62  266  125 287 -369  1
3912500 2352500  6  4  9  15.3  961 307  1.7 1  6.0  56  510   76 279 -385  1
3912500 2352500  6  4 10  16.5  961 334  2.6 2  6.1  51  516  161 284 -403  1
3912500 2352500  6  4 11  17.1  961 297  3.1 4  6.0  47  473  246 300 -415  1
3912500 2352500  6  4 12  17.4  960 327  4.3 5  5.8  45  262  351 312 -421  1
3912500 2352500  6  4 13  19.4  960 331  5.2 6  5.4  39  243  363 321 -426  1
3912500 2352500  6  4 14  19.3  960 339  5.4 5  4.9  33  306  332 323 -428  1
3912500 2352500  6  4 15  19.9  960 339  4.7 4  5.1  34  367  271 317 -428  1
3912500 2352500  6  4 16  20.0  960 324  4.9 2  5.3  34  609   71 308 -424  1
3912500 2352500  6  4 17  20.0  959 330  3.9 2  5.1  34  507   57 300 -416  1
3912500 2352500  6  4 18  19.2  959 332  4.2 2  5.3  36  312   70 300 -407  1
3912500 2352500  6  4 19  18.1  958 340  3.5 3  5.7  40  129   70 303 -396  1
3912500 2352500  6  4 20  15.6  958 339  3.2 3  6.1  48   11   30 302 -385  1
3912500 2352500  6  4 21  14.1  958 340  2.0 5  6.2  56    0    0 304 -374  1
3912500 2352500  6  4 22  12.7  959 257  1.2 5  6.1  60    0    0 307 -366  1
3912500 2352500  6  4 23  11.4  958 329  1.1 5  6.1  66    0    0 303 -362  1
3912500 2352500  6  4 24  11.7  958 318  1.2 6  6.3  70    0    0 306 -358  1
3912500 2352500  6  5  1   9.7  958 305  1.0 3  6.2  73    0    0 294 -355  1
3912500 2352500  6  5  2   8.3  958 320  1.0 1  5.8  77    0    0 270 -352  1
3912500 2352500  6  5  3   8.1  958 317  1.0 1  5.6  79    0    0 259 -349  1
3912500 2352500  6  5  4   7.3  956 354  0.7 2  5.5  80    0    0 261 -345  1
3912500 2352500  6  5  5   7.2  956 340  1.2 4  5.5  82    0    8 270 -343  1
3912500 2352500  6  5  6   8.6  957 356  1.3 4  5.8  83   27   62 279 -344  1
3912500 2352500  6  5  7  10.8  957 349  1.1 2  6.1  77  102  137 276 -351  1
3912500 2352500  6  5  8  12.7  957 101  1.3 3  6.1  67  193  208 278 -365  1
3912500 2352500  6  5  9  14.3  957 147  1.7 5  6.1  60  307  260 295 -384  1
3912500 2352500  6  5 10  15.7  957 184  2.0 5  5.9  52  414  299 308 -402  1
3912500 2352500  6  5 11  16.4  956 196  2.0 4  5.9  49  504  323 309 -420  1
3912500 2352500  6  5 12  18.8  955 179  2.2 5  6.2  47  566  333 317 -438  1
3912500 2352500  6  5 13  19.0  956 172  2.5 4  6.4  44  601  325 322 -450  1
3912500 2352500  6  5 14  20.5  955 180  2.8 3  6.3  41  580  315 320 -454  1
3912500 2352500  6  5 15  20.6  954 155  2.0 3  6.4  40  437  332 320 -455  1
3912500 2352500  6  5 16  21.4  953 169  2.9 4  6.4  39  216  334 325 -452  1
3912500 2352500  6  5 17  20.6  952 208  1.9 6  6.5  40   79  254 337 -446  1
3912500 2352500  6  5 18  20.4  952  13  2.3 8  6.8  42    6  140 354 -438  1
3912500 2352500  6  5 19  19.4  951 349  2.0 5  7.2  47    5   81 351 -427  1
3912500 2352500  6  5 20  18.1  951  36  2.7 6  7.6  53    0   22 341 -412  1
3912500 2352500  6  5 21  17.2  951  57  2.7 8  7.8  58    0    0 352 -401  1
3912500 2352500  6  5 22  16.4  951  52  2.8 8  7.8  61    0    0 358 -394  1
3912500 2352500  6  5 23  16.1  951  63  2.7 8  7.7  62    0    0 357 -389  1
3912500 2352500  6  5 24  15.1  949  23  1.2 8  7.6  65    0    0 356 -386  1
3912500 2352500  6  6  1  13.4  949  60  1.2 8  7.9  73    0    0 353 -384  1
3912500 2352500  6  6  2  12.7  948 356  4.0 7  7.9  79    0    0 348 -382  1
3912500 2352500  6  6  3  12.7  948  16  2.6 7  7.8  79    0    0 345 -380  1
3912500 2352500  6  6  4  12.1  946 286  1.9 7  7.8  81    0    0 345 -379  1
3912500 2352500  6  6  5  12.0  946  85  1.7 8  7.8  83    0    7 348 -379  1
3912500 2352500  6  6  6  12.1  946  88  3.5 6  7.9  84    0   17 345 -378  1
3912500 2352500  6  6  7  11.6  945 186  3.7 7  8.2  89    0   47 339 -377  1
3912500 2352500  6  6  8  12.4  945 220  3.3 7  8.4  89    0   70 343 -378  1
3912500 2352500  6  6  9  11.3  945 214  3.5 8  8.5  91    0   58 348 -378  1
3912500 2352500  6  6 10  11.7  946 209  1.8 7  8.8  97    0   74 348 -383  1
3912500 2352500  6  6 11  12.4  946 219  2.5 6  9.2  97    0  158 339 -386  1
3912500 2352500  6  6 12  14.0  946 210  2.5 8  9.5  94   10  322 348 -387  1
3912500 2352500  6  6 13  14.1  946 208  3.4 8  9.6  90    0  129 361 -389  1
3912500 2352500  6  6 14  13.9  945 219  2.3 7  9.7  91    0  164 355 -389  1
3912500 2352500  6  6 15  15.5  947 253  3.1 4  9.8  88   60  387 338 -390  1
3912500 2352500  6  6 16  14.0  946 221  3.2 7  9.4  84    1  194 339 -392  1
3912500 2352500  6  6 17  11.9  945 251  2.7 8  9.0  90    0   58 349 -393  1
3912500 2352500  6  6 18  12.2  946 182  3.7 8  9.0  96    0   38 350 -393  1
3912500 2352500  6  6 19  12.7  946 189  3.7 7  9.0  93    0   24 347 -393  1
3912500 2352500  6  6 20  12.0  947 173  3.1 6  8.9  93    0    5 338 -389  1
3912500 2352500  6  6 21  11.8  947 167  2.4 7  8.8  94    0    0 336 -385  1
3912500 2352500  6  6 22  11.8  948 167  2.2 7  8.7  94    0    0 338 -382  1
3912500 2352500  6  6 23  11.7  948 161  3.1 8  8.7  94    0    0 341 -381  1
3912500 2352500  6  6 24  11.7  948 320  2.6 7  8.5  93    0    0 341 -381  1
3912500 2352500  6  7  1  11.2  949 237  2.5 8  8.4  93    0    0 339 -380  1
3912500 2352500  6  7  2  11.8  949 242  3.7 7  8.2  90    0    0 337 -379  1
3912500 2352500  6  7  3  11.2  949 222  2.9 8  8.1  89    0    0 337 -379  1
3912500 2352500  6  7  4  11.5  950 256  2.0 7  8.0  89    0    0 337 -379  1
3912500 2352500  6  7  5  11.1  950 235  2.4 7  7.9  89    1   12 331 -378  1
3912500 2352500  6  7  6  11.6  950 223  2.8 3  8.0  90   42   60 315 -378  1
3912500 2352500  6  7  7  13.5  951 241  3.6 3  8.2  85  134  120 300 -378  1
3912500 2352500  6  7  8  14.6  951 261  4.2 3  8.3  78  255  168 303 -383  1
3912500 2352500  6  7  9  16.4  951 253  5.3 4  8.4  71  336  230 312 -391  1
3912500 2352500  6  7 10  17.3  952 250  5.5 3  8.3  65  461  253 317 -397  1
3912500 2352500  6  7 11  19.3  952 214  4.9 5  8.0  57  183  395 327 -397  1
3912500 2352500  6  7 12  19.4  952 227  5.6 4  7.7  52  201  417 336 -403  1
3912500 2352500  6  7 13  18.0  952 218  6.5 5  7.8  54  323  415 336 -415  1
3912500 2352500  6  7 14  20.2  952 219  7.5 4  7.6  52  544  306 338 -421  1
3912500 2352500  6  7 15  19.7  952 213  7.8 4  7.3  47  549  251 335 -422  1
3912500 2352500  6  7 16  19.4  952 221  6.7 3  7.3  49  378  263 329 -417  1
3912500 2352500  6  7 17  18.2  953 224  5.5 4  7.4  51   78  246 325 -411  1
3912500 2352500  6  7 18  16.9  953 237  5.4 4  7.3  55  105  179 323 -405  1
3912500 2352500  6  7 19  16.4  953 268  3.8 4  7.4  59   31  100 321 -399  1
3912500 2352500  6  7 20  15.3  954 248  3.1 5  7.6  64    2   28 322 -394  1
3912500 2352500  6  7 21  13.9  955 262  4.1 7  7.5  68    0    0 329 -389  1
3912500 2352500  6  7 22  13.0  956 250  2.4 6  7.3  72    0    0 329 -384  1
3912500 2352500  6  7 23  12.4  956 224  1.8 6  7.2  75    0    0 323 -381  1
3912500 2352500  6  7 24  12.3  956 241  2.3 6  7.2  76    0    0 322 -379  1
3912500 2352500  6  8  1  11.8  956 249  1.9 8  7.3  78    0    0 327 -378  1
3912500 2352500  6  8  2  11.3  956 254  1.4 8  7.4  82    0    0 330 -377  1
3912500 2352500  6  8  3  10.3  956 246  1.8 8  7.3  86    0    0 327 -375  1
3912500 2352500  6  8  4   9.7  956 259  0.9 6  7.3  90    0    0 316 -373  1
3912500 2352500  6  8  5   9.5  956 226  0.3 5  7.2  91    0    1 304 -369  1
3912500 2352500  6  8  6  11.4  957  19  0.5 6  7.5  89    0   25 307 -366  1
3912500 2352500  6  8  7  13.8  957 352  0.4 6  7.9  82   21  130 317 -372  1
3912500 2352500  6  8  8  15.5  957  74  0.9 5  8.1  73  190  217 320 -385  1
3912500 2352500  6  8  9  17.0  957 118  1.7 5  8.0  66  308  270 321 -401  1
3912500 2352500  6  8 10  17.8  957  91  1.8 6  7.9  60  397  321 330 -417  1
3912500 2352500  6  8 11  18.3  957 126  2.3 5  7.8  57  402  386 336 -429  1
3912500 2352500  6  8 12  20.1  957 173  2.2 6  7.7  52  291  457 343 -436  1
3912500 2352500  6  8 13  19.5  956 312  1.9 6  7.6  50  123  444 351 -441  1
3912500 2352500  6  8 14  20.2  956 316  1.0 6  7.9  51   32  355 354 -447  1
3912500 2352500  6  8 15  20.4  956  25  1.8 5  8.2  52  125  396 354 -447  1
3912500 2352500  6  8 16  20.4  955  31  1.7 6  8.4  53   62  314 355 -439  1
3912500 2352500  6  8 17  20.2  955 357  0.8 7  8.6  54    0  139 363 -431  1
3912500 2352500  6  8 18  18.9  955 331  1.7 6  8.6  57    0   88 360 -427  1
3912500 2352500  6  8 19  18.1  955 274  0.6 8  8.8  62    0   30 361 -420  1
3912500 2352500  6  8 20  17.0  956 346  0.3 7  9.2  69    0    5 364 -412  1
3912500 2352500  6  8 21  15.4  955 330  1.5 7  9.2  75    0    0 355 -407  1
3912500 2352500  6  8 22  15.3  955 300  2.5 7  9.3  80    0    0 352 -404  1
3912500 2352500  6  8 23  14.3  956  83  1.9 7  9.3  84    0    0 352 -401  1
3912500 2352500  6  8 24  13.8  955  74  1.2 6  9.2  87    0    0 342 -397  1
3912500 2352500  6  9  1  13.8  955  26  1.8 8  9.2  88    0    0 347 -394  1
3912500 2352500  6  9  2  13.8  955 130  2.2 8  9.3  89    0    0 359 -392  1
3912500 2352500  6  9  3  13.7  955 211  0.8 7  9.3  90    0    0 353 -391  1
3912500 2352500  6  9  4  12.9  956 162  2.7 6  9.2  91    0    0 340 -390  1
3912500 2352500  6  9  5  12.8  956 145  3.4 7  9.1  92    0    1 337 -390  1
3912500 2352500  6  9  6  12.7  956 231  3.3 7  8.8  90    0   10 339 -389  1
3912500 2352500  6  9  7  11.7  956 247  2.8 7  8.6  91    0   31 336 -390  1
3912500 2352500  6  9  8  12.1  957 194  2.4 8  8.6  93    0   58 339 -391  1
3912500 2352500  6  9  9  12.4  958 176  2.6 8  8.6  92    0  103 346 -392  1
3912500 2352500  6  9 10  13.0  958 206  2.0 6  8.7  89   15  255 340 -397  1
3912500 2352500  6  9 11  15.3  959 220  2.7 4  8.6  81  352  301 328 -402  1
3912500 2352500  6  9 12  16.6  959 221  2.9 2  8.6  72  662  172 321 -410  1
3912500 2352500  6  9 13  17.7  959 181  2.9 2  8.6  67  839   78 322 -421  1
3912500 2352500  6  9 14  17.9  959 156  2.7 2  8.9  66  781  109 328 -424  1
3912500 2352500  6  9 15  18.6  959 126  3.4 5  8.9  64  338  282 341 -428  1
3912500 2352500  6  9 16  18.9  959 100  2.5 6  8.9  62   65  271 354 -428  1
3912500 2352500  6  9 17  18.5  959 141  3.3 6  8.8  62  193  202 357 -426  1
3912500 2352500  6  9 18  17.4  958 186  2.4 8  8.9  66    9  137 362 -425  1
3912500 2352500  6  9 19  17.3  958 257  2.2 7  9.3  71    0   30 364 -418  1
3912500 2352500  6  9 20  15.8  959 245  2.4 6  9.6  77    1   25 354 -409  1
3912500 2352500  6  9 21  14.9  959 242  1.9 6 10.0  86    0    0 347 -401  1
3912500 2352500  6  9 22  15.1  960 214  2.7 7  9.7  86    0    0 350 -395  1
3912500 2352500  6  9 23  14.0  961 238  4.8 7  9.2  84    0    0 351 -392  1
3912500 2352500  6  9 24  13.4  961 242  3.8 6  8.8  85    0    0 342 -389  1
3912500 2352500  6 10  1  13.3  961 242  3.4 6  8.7  86    0    0 335 -384  1
3912500 2352500  6 10  2  13.0  961 166  3.4 5  8.6  86    0    0 329 -380  1
3912500 2352500  6 10  3  12.5  961 246  3.1 5  8.3  86    0    0 323 -378  1
3912500 2352500  6 10  4  11.5  962 246  2.2 6  8.1  88    0    0 323 -376  1
3912500 2352500  6 10  5  11.4  962 283  1.9 7  7.9  89    0   11 327 -372  1
3912500 2352500  6 10  6  12.9  963 298  1.8 5  8.1  86   19   59 324 -372  1
3912500 2352500  6 10  7  14.0  963 196  2.4 2  8.2  80   70  131 305 -378  1
3912500 2352500  6 10  8  15.0  964 194  3.2 4  7.8  72  119  209 302 -390  1
3912500 2352500  6 10  9  15.9  964 239  4.0 4  7.5  65  331  228 314 -405  1
3912500 2352500  6 10 10  17.3  964 195  3.5 4  7.5  61  392  283 320 -419  1
3912500 2352500  6 10 11  18.6  964 249  3.6 3  7.6  56  488  300 323 -431  1
3912500 2352500  6 10 12  19.3  963 225  4.6 4  7.7  54  580  291 331 -440  1
3912500 2352500  6 10 13  20.4  964 227  3.9 3  7.8  51  600  290 338 -443  1
3912500 2352500  6 10 14  20.8  963 249  4.2 2  7.8  49  572  284 338 -443  1
3912500 2352500  6 10 15  21.8  963 233  4.5 3  7.8  46  452  296 343 -443  1
3912500 2352500  6 10 16  21.1  962 239  3.8 4  7.6  46  301  289 350 -440  1
3912500 2352500  6 10 17  20.4  962 245  3.3 6  7.5  47  120  249 356 -435  1
3912500 2352500  6 10 18  20.7  961 239  1.8 7  7.5  47    8  144 364 -430  1
3912500 2352500  6 10 19  19.6  961 257  1.9 6  8.1  52    0   67 365 -426  1
3912500 2352500  6 10 20  18.5  961 149  1.7 6  8.8  60    8   33 361 -422  1
3912500 2352500  6 10 21  18.5  960 180  2.7 8  8.6  61    0    0 367 -416  1
3912500 2352500  6 10 22  17.4  960 210  2.5 7  8.3  62    0    0 371 -411  1
3912500 2352500  6 10 23  16.2  960 203  2.1 5  8.5  67    0    0 356 -409  1
3912500 2352500  6 10 24  14.9  960 200  3.3 7  9.1  78    0    0 355 -405  1
3912500 2352500  6 11  1  14.3  959 189  4.1 7  9.6  88    0    0 362 -403  1
3912500 2352500  6 11  2  14.1  960 201  4.1 6  9.9  92    0    0 357 -400  1
3912500 2352500  6 11  3  13.9  959 187  3.7 7 10.0  95    0    0 356 -394  1
3912500 2352500  6 11  4  13.5  959 195  2.9 6 10.0  96    0    0 354 -390  1
3912500 2352500  6 11  5  13.5  959 212  2.2 7 10.0  98    0   12 353 -388  1
3912500 2352500  6 11  6  14.5  959 224  4.3 3 10.0  95   15   58 338 -387  1
3912500 2352500  6 11  7  15.5  959 224  5.6 2  9.8  87   94  132 314 -388  1
3912500 2352500  6 11  8  16.8  960 218  6.1 3  9.3  77  192  195 314 -393  1
3912500 2352500  6 11  9  16.8  961 250  8.1 3  8.4  67  190  284 319 -400  1
3912500 2352500  6 11 10  18.4  962 241  8.8 3  7.7  58  232  346 322 -406  1
3912500 2352500  6 11 11  18.2  963 263  8.1 3  7.4  54  473  316 324 -415  1
3912500 2352500  6 11 12  19.0  964 301  8.0 3  7.3  52  550  317 325 -422  1
3912500 2352500  6 11 13  19.3  964 298  4.3 2  7.0  48  661  264 324 -426  1
3912500 2352500  6 11 14  19.9  965 313  3.3 2  6.5  44  658  244 322 -422  1
3912500 2352500  6 11 15  20.2  965 283  6.5 3  6.1  40  531  263 327 -420  1
3912500 2352500  6 11 16  19.7  965 250  5.7 2  5.8  38  476  218 325 -426  1
3912500 2352500  6 11 17  19.6  965 275  5.2 3  5.6  38  366  187 323 -422  1
3912500 2352500  6 11 18  19.0  965 233  4.5 2  5.6  38  236  151 322 -415  1
3912500 2352500  6 11 19  17.9  965 301  2.0 1  5.6  41  113  105 311 -410  1
3912500 2352500  6 11 20  16.9  966 297  2.9 3  5.9  45   21   42 311 -404  1
3912500 2352500  6 11 21  15.6  967 236  2.5 5  6.2  51    0    0 321 -397  1
3912500 2352500  6 11 22  14.9  966 223  2.3 4  6.3  56    0    0 322 -391  1
3912500 2352500  6 11 23  13.7  967 226  2.4 3  6.4  60    0    0 312 -387  1
3912500 2352500  6 11 24  12.9  968 246  1.9 3  6.4  64    0    0 306 -384  1
3912500 2352500  6 12  1  11.3  968 246  2.2 2  6.5  71    0    0 299 -383  1
3912500 2352500  6 12  2  12.9  968 218  2.0 3  6.6  72    0    0 299 -383  1
3912500 2352500  6 12  3  11.6  968 230  2.0 5  6.7  72    0    0 314 -383  1
3912500 2352500  6 12  4  10.6  968 230  2.0 5  6.7  77    0    0 320 -384  1
3912500 2352500  6 12  5  11.1  968 247  1.2 5  6.7  80    0    9 319 -384  1
3912500 2352500  6 12  6  10.9  969 214  1.6 3  6.8  80   16   74 309 -384  1
3912500 2352500  6 12  7  13.1  969 208  1.6 1  6.9  76   79  178 290 -384  1
3912500 2352500  6 12  8  14.5  969 217  2.7 2  7.1  69  108  276 289 -385  1
3912500 2352500  6 12  9  16.2  968 224  2.7 3  6.9  61  152  373 302 -388  1
3912500 2352500  6 12 10  17.4  969 252  3.5 3  6.7  54  206  456 311 -391  1
3912500 2352500  6 12 11  17.9  968 284  4.5 3  6.6  50  239  518 314 -395  1
3912500 2352500  6 12 12  19.1  968 252  5.0 3  6.4  46  302  551 317 -402  1
3912500 2352500  6 12 13  19.8  967 236  5.6 3  6.3  43  275  564 320 -404  1
3912500 2352500  6 12 14  20.5  967 250  4.8 4  6.1  40   82  462 326 -406  1
3912500 2352500  6 12 15  20.2  967 226  5.0 6  6.1  39   67  408 341 -407  1
3912500 2352500  6 12 16  19.9  966 238  4.9 7  6.2  40   36  323 355 -406  1
3912500 2352500  6 12 17  19.9  966 199  4.3 7  6.4  42   24  252 360 -409  1
3912500 2352500  6 12 18  19.4  966 213  4.0 6  6.8  45   11  170 357 -410  1
3912500 2352500  6 12 19  18.9  966 207  3.7 6  6.9  48    4   91 353 -410  1
3912500 2352500  6 12 20  17.8  967 227  2.8 7  6.9  50    0   19 355 -407  1
3912500 2352500  6 12 21  16.7  967 245  2.1 8  7.1  55    0    0 361 -403  1
3912500 2352500  6 12 22  15.9  968 281  1.2 7  7.5  62    0    0 360 -399  1
3912500 2352500  6 12 23  15.8  968 309  1.4 7  7.6  65    0    0 354 -395  1
3912500 2352500  6 12 24  15.6  968 294  1.7 7  7.7  66    0    0 354 -395  1
3912500 2352500  6 13  1  14.5  968 302  1.0 6  7.7  69    0    0 347 -394  1
3912500 2352500  6 13  2  13.1  968 296  0.6 6  7.8  76    0    0 339 -392  1
3912500 2352500  6 13  3  11.8  968 282  0.4 5  7.6  80    0    0 330 -388  1
3912500 2352500  6 13  4  12.3  968 280  1.2 5  7.4  81    0    0 325 -385  1
3912500 2352500  6 13  5  11.3  968 265  1.3 4  7.4  82    0    6 319 -384  1
3912500 2352500  6 13  6  12.8  968 251  0.8 3  7.7  83   16   55 310 -387  1
3912500 2352500  6 13  7  14.4  968 208  1.0 2  8.1  80  104  118 304 -391  1
3912500 2352500  6 13  8  16.9  968 211  0.9 1  8.2  70  321  114 297 -398  1
3912500 2352500  6 13  9  18.0  968 231  1.2 1  7.9  60  475  126 296 -411  1
3912500 2352500  6 13 10  19.7  968 233  1.9 2  7.7  54  591  146 308 -424  1
3912500 2352500  6 13 11  20.6  968 223  2.4 2  7.8  51  511  260 319 -435  1
3912500 2352500  6 13 12  21.0  968 292  2.1 2  8.0  50  531  288 322 -444  1
3912500 2352500  6 13 13  22.4  968 261  1.8 2  8.0  47  705  196 326 -453  1
3912500 2352500  6 13 14  23.1  968 268  2.7 2  7.8  43  672  195 333 -458  1
3912500 2352500  6 13 15  23.5  968 259  2.5 2  7.5  40  663  147 337 -459  1
3912500 2352500  6 13 16  24.8  967 254  2.3 1  7.3  37  589  125 340 -459  1
3912500 2352500  6 13 17  24.8  967 278  2.5 0  7.2  35  442  121 337 -455  1
3912500 2352500  6 13 18  23.7  966 266  2.5 0  7.2  36  280  111 331 -449  1
3912500 2352500  6 13 19  22.8  966 293  1.9 0  7.7  41  135   86 327 -441  1
3912500 2352500  6 13 20  19.4  966 324  1.7 0  8.4  51   26   38 319 -434  1
3912500 2352500  6 13 21  18.0  965 339  1.2 1  8.8  62    0    0 312 -426  1
3912500 2352500  6 13 22  16.6  966  16  0.9 0  8.6  66    0    0 306 -421  1
3912500 2352500  6 13 23  15.6  966 118  0.7 1  8.4  70    0    0 303 -417  1
3912500 2352500  6 13 24  14.4  966 122  1.2 0  8.4  75    0    0 302 -414  1
3912500 2352500  6 14  1  13.8  966 121  2.2 0  8.1  77    0    0 293 -412  1
3912500 2352500  6 14  2  13.2  966 129  2.0 0  8.0  79    0    0 285 -411  1
3912500 2352500  6 14  3  12.2  966 107  2.0 2  8.1  84    0    0 288 -409  1
3912500 2352500  6 14  4  12.0  966 130  1.6 3  8.2  88    0    0 299 -408  1
3912500 2352500  6 14  5  11.6  966  49  1.8 3  8.2  90    0   12 303 -406  1
3912500 2352500  6 14  6  14.5  966 138  1.4 2  8.5  86   29   73 301 -405  1
3912500 2352500  6 14  7  15.7  966 113  1.0 1  8.9  79   91  158 294 -408  1
3912500 2352500  6 14  8  17.6  967 154  1.6 2  9.1  73  158  245 298 -413  1
3912500 2352500  6 14  9  19.3  966 168  1.6 2  9.4  67  293  304 311 -419  1
3912500 2352500  6 14 10  20.4  966 179  2.0 2  9.9  65  379  363 318 -425  1
3912500 2352500  6 14 11  23.2  966 198  1.0 4 10.3  60  372  434 339 -423  1
3912500 2352500  6 14 12  25.1  966 225  2.4 4 10.5  53  344  482 361 -421  1
3912500 2352500  6 14 13  25.2  965 245  3.3 4 10.5  50  281  504 367 -423  1
3912500 2352500  6 14 14  26.0  966 210  3.6 6 10.4  48  232  485 380 -427  1
3912500 2352500  6 14 15  27.6  965 230  4.5 7 10.2  44  100  401 397 -430  1
3912500 2352500  6 14 16  27.9  965 262  4.9 5  9.7  40  121  369 395 -429  1
3912500 2352500  6 14 17  26.7  965 270  3.7 6  9.2  38    8  200 388 -423  1
3912500 2352500  6 14 18  25.1  966 279  4.3 6  9.6  44    0  109 386 -418  1
3912500 2352500  6 14 19  23.5  965 269  3.0 7 10.3  51    0   48 385 -418  1
3912500 2352500  6 14 20  21.7  965 285  2.0 7 10.5  58    0    6 383 -414  1
3912500 2352500  6 14 21  20.5  966 202  2.3 7 11.0  67    0    0 378 -409  1
3912500 2352500  6 14 22  18.6  965 245  3.6 8 11.8  78    0    0 376 -406  1
3912500 2352500  6 14 23  17.9  966 255  2.3 8 12.3  89    0    0 376 -404  1
3912500 2352500  6 14 24  17.8  965 269  1.5 8 12.4  92    0    0 375 -404  1
3912500 2352500  6 15  1  17.8  965 231  0.8 7 12.5  93    0    0 370 -405  1
3912500 2352500  6 15  2  17.5  966  13  1.6 7 12.6  94    0    0 364 -405  1
3912500 2352500  6 15  3  17.7  966 317  4.5 7 12.3  93    0    0 364 -405  1
3912500 2352500  6 15  4  17.5  965  69  1.4 7 12.1  91    0    0 363 -405  1
3912500 2352500  6 15  5  17.2  965 174  1.9 8 12.2  93    0    1 368 -405  1
3912500 2352500  6 15  6  17.3  965 169  1.7 7 12.2  94    0   12 367 -405  1
3912500 2352500  6 15  7  18.0  965 177  2.0 8 12.3  92    0   25 368 -406  1
3912500 2352500  6 15  8  17.9  965 178  3.0 8 12.5  92    0   40 375 -408  1
3912500 2352500  6 15  9  17.8  965 188  2.2 7 12.6  94    0   94 370 -410  1
3912500 2352500  6 15 10  18.1  965 175  2.0 7 12.8  94    0  135 366 -413  1
3912500 2352500  6 15 11  18.9  964 215  2.6 7 13.0  92    0  141 370 -416  1
3912500 2352500  6 15 12  18.9  964 187  2.7 7 13.1  90    0  136 372 -419  1
3912500 2352500  6 15 13  18.9  964 206  2.9 7 13.0  90    0  109 374 -424  1
3912500 2352500  6 15 14  19.6  964 143  2.5 6 13.1  88   11  322 371 -436  1
3912500 2352500  6 15 15  21.3  964 120  3.5 5 12.8  81   76  424 367 -450  1
3912500 2352500  6 15 16  21.3  963 147  3.5 5 12.6  75  137  424 365 -460  1
3912500 2352500  6 15 17  21.7  961 145  3.4 6 12.7  75   57  302 370 -465  1
3912500 2352500  6 15 18  20.5  960 177  1.4 6 12.9  78    1  126 374 -461  1
3912500 2352500  6 15 19  21.0  960  69  2.8 6 13.2  81   13  113 373 -455  1
3912500 2352500  6 15 20  19.5  961 171  3.1 8 13.2  83    0   11 382 -447  1
3912500 2352500  6 15 21  18.8  961 289  3.8 7 12.6  86    0    0 381 -437  1
3912500 2352500  6 15 22  17.3  961 312  3.3 8 11.9  87    0    0 377 -428  1
3912500 2352500  6 15 23  16.6  962 268  4.2 7 11.7  92    0    0 372 -423  1
3912500 2352500  6 15 24  16.3  964 270  3.1 7 11.6  94    0    0 365 -419  1
3912500 2352500  6 16  1  15.9  964 279  2.7 8 11.3  94    0    0 367 -417  1
3912500 2352500  6 16  2  16.0  964 268  2.7 7 11.3  94    0    0 365 -414  1
3912500 2352500  6 16  3  16.0  964 256  3.1 7 11.3  94    0    0 360 -411  1
3912500 2352500  6 16  4  15.8  964 240  2.9 6 11.2  94    0    0 356 -409  1
3912500 2352500  6 16  5  15.1  964 207  2.9 7 11.1  96    0   11 354 -408  1
3912500 2352500  6 16  6  15.5  965 263  2.5 5 11.1  96    8   59 348 -409  1
3912500 2352500  6 16  7  16.0  965 276  2.9 3 11.1  94   80  158 325 -411  1
3912500 2352500  6 16  8  17.1  966 252  3.3 3 10.9  88  134  247 315 -412  1
3912500 2352500  6 16  9  18.9  967 177  2.9 5 10.2  76  133  333 330 -411  1
3912500 2352500  6 16 10  19.3  967 210  4.0 4  9.6  66  233  404 340 -414  1
3912500 2352500  6 16 11  19.9  968 333  6.1 4  9.2  62  345  441 337 -416  1
3912500 2352500  6 16 12  21.6  968 314  4.5 4  8.6  54  347  480 340 -420  1
3912500 2352500  6 16 13  21.6  969 325  4.3 3  8.2  49  254  504 336 -432  1
3912500 2352500  6 16 14  21.7  969 296  5.0 4  7.9  47  136  459 336 -439  1
3912500 2352500  6 16 15  21.5  969 267  4.4 6  7.8  46   98  398 348 -440  1
3912500 2352500  6 16 16  21.6  969 263  3.5 7  7.7  46   73  337 360 -438  1
3912500 2352500  6 16 17  21.5  969 263  3.4 5  7.5  44   71  279 354 -433  1
3912500 2352500  6 16 18  20.8  968 276  3.5 4  7.6  46   84  213 340 -428  1
3912500 2352500  6 16 19  19.8  969 286  2.3 3  7.6  49   36  123 329 -421  1
3912500 2352500  6 16 20  18.4  969 249  2.0 4  7.7  54    6   40 319 -414  1
3912500 2352500  6 16 21  17.3  970 247  1.6 4  7.7  58    0    0 320 -408  1
3912500 2352500  6 16 22  16.1  970 278  1.3 5  7.7  62    0    0 320 -402  1
3912500 2352500  6 16 23  15.6  971 247  1.4 5  7.9  66    0    0 315 -397  1
3912500 2352500  6 16 24  15.4  971 235  1.6 6  8.2  70    0    0 311 -392  1
3912500 2352500  6 17  1  15.6  971 197  1.7 6  8.6  73    0    0 358 -425  1
3912500 2352500  6 17  2  15.7  971 175  1.8 6  8.9  75    0    0 361 -423  1
3912500 2352500  6 17  3  15.8  970 146  1.9 7  9.0  76    0    0 360 -420  1
3912500 2352500  6 17  4  15.5  970 135  1.6 7  8.8  76    0    0 353 -416  1
3912500 2352500  6 17  5  15.4  970 133  1.4 7  8.7  76    0    0 351 -410  1
3912500 2352500  6 17  6  15.0  970   2  0.5 7  8.5  76    0   15 354 -406  1
3912500 2352500  6 17  7  14.6  970 347  1.0 7  8.3  75    2   88 352 -408  1
3912500 2352500  6 17  8  14.8  971 341  1.6 6  8.2  75   36  177 345 -416  1
3912500 2352500  6 17  9  15.4  971  20  1.8 7  8.0  72   50  242 345 -429  1
3912500 2352500  6 17 10  15.7  971 350  2.8 7  8.0  69   66  298 351 -443  1
3912500 2352500  6 17 11  16.6  971  10  4.3 7  8.0  67  223  315 351 -452  1
3912500 2352500  6 17 12  18.1  972 343  4.4 7  8.0  62  267  327 353 -458  1
3912500 2352500  6 17 13  18.6  972 338  3.7 6  7.9  57  531  220 351 -464  1
3912500 2352500  6 17 14  18.9  972 346  4.2 6  7.5  53  596  162 347 -471  1
3912500 2352500  6 17 15  19.5  971  21  2.3 4  7.3  50  558  141 340 -468  1
3912500 2352500  6 17 16  19.7  971 331  2.8 4  7.2  48  501  109 333 -462  1
3912500 2352500  6 17 17  20.3  971 315  2.9 5  7.0  46  411   80 336 -460  1
3912500 2352500  6 17 18  19.8  970 347  3.1 5  7.1  46  205  107 340 -452  1
3912500 2352500  6 17 19  19.6  970  21  2.4 5  7.2  48   50   88 339 -441  1
3912500 2352500  6 17 20  18.3  970  25  2.3 5  7.0  49    2   33 337 -429  1
3912500 2352500  6 17 21  16.5  971  21  3.4 5  7.0  54    0    2 333 -418  1
3912500 2352500  6 17 22  15.3  970 357  2.1 2  6.9  58    0    0 316 -409  1
3912500 2352500  6 17 23  14.1  971 352  0.8 2  6.6  60    0    0 298 -402  1
3912500 2352500  6 17 24  13.0  972  21  1.3 5  6.4  63    0    0 307 -397  1
3912500 2352500  6 18  1  12.2  972 360  1.0 4  6.2  66    0    0 312 -393  1
3912500 2352500  6 18  2  11.7  972 355  1.0 3  6.3  69    0    0 300 -389  1
3912500 2352500  6 18  3  10.8  972 357  0.8 2  6.4  74    0    0 290 -385  1
3912500 2352500  6 18  4   9.8  972 349  1.4 2  6.4  78    0    0 281 -381  1
3912500 2352500  6 18  5  10.0  973 343  1.1 1  6.3  79    0    4 274 -378  1
3912500 2352500  6 18  6  10.9  973  10  0.8 1  6.3  77   29   56 270 -376  1
3912500 2352500  6 18  7  12.4  973  44  2.2 1  6.5  73  154   97 272 -380  1
3912500 2352500  6 18  8  13.6  974  55  2.9 0  6.5  66  303  118 271 -390  1
3912500 2352500  6 18  9  15.4  974  55  3.0 0  6.4  60  456  130 272 -404  1
3912500 2352500  6 18 10  16.8  974  74  3.8 0  6.5  54  626  116 277 -419  1
3912500 2352500  6 18 11  18.2  974 315  3.3 0  6.5  50  764  101 283 -433  1
3912500 2352500  6 18 12  18.8  975 354  3.0 0  6.4  46  821  105 286 -446  1
3912500 2352500  6 18 13  20.0  975 359  3.4 0  6.0  41  860   92 290 -455  1
3912500 2352500  6 18 14  20.9  974 351  3.6 1  5.7  37  826   97 297 -460  1
3912500 2352500  6 18 15  21.1  974  26  3.8 0  5.4  34  740  104 298 -460  1
3912500 2352500  6 18 16  21.9  973  38  3.7 0  5.2  31  620  106 296 -456  1
3912500 2352500  6 18 17  22.1  973  52  4.1 0  5.0  29  470  105 298 -450  1
3912500 2352500  6 18 18  21.6  973  66  2.7 0  5.0  29  307   98 297 -441  1
3912500 2352500  6 18 19  20.8  973  67  2.5 0  5.2  32  157   78 296 -430  1
3912500 2352500  6 18 20  19.1  973  59  2.9 1  5.4  36   38   41 295 -419  1
3912500 2352500  6 18 21  16.9  973  80  3.7 2  5.6  42    0    6 296 -409  1
3912500 2352500  6 18 22  14.9  973  49  4.1 0  5.9  50    0    0 287 -401  1
3912500 2352500  6 18 23  14.2  973  36  4.0 0  5.9  54    0    0 277 -396  1
3912500 2352500  6 18 24  13.6  973  55  2.3 2  5.8  56    0    0 282 -391  1
3912500 2352500  6 19  1  11.6  973  53  1.7 0  5.8  61    0    0 279 -386  1
3912500 2352500  6 19  2  10.9  972  32  1.2 0  5.8  66    0    0 268 -380  1
3912500 2352500  6 19  3   9.8  972   8  0.7 0  5.8  71    0    0 265 -375  1
3912500 2352500  6 19  4   9.8  972  47  1.9 0  5.8  74    0    0 264 -373  1
3912500 2352500  6 19  5  10.1  972  48  1.9 1  5.9  74    0    6 270 -374  1
3912500 2352500  6 19  6  11.5  973  42  1.8 1  6.0  71   48   52 275 -376  1
3912500 2352500  6 19  7  13.0  973  45  1.3 0  6.3  68  165   86 274 -381  1
3912500 2352500  6 19  8  15.3  974  77  2.4 0  6.6  63  323   98 275 -395  1
3912500 2352500  6 19  9  16.7  973  84  2.1 0  6.9  58  488   99 282 -413  1
3912500 2352500  6 19 10  18.1  973  94  2.5 0  7.2  56  650   86 289 -431  1
3912500 2352500  6 19 11  20.1  974 100  2.8 0  7.3  51  771   77 298 -447  1
3912500 2352500  6 19 12  21.9  973 107  2.9 0  7.2  44  842   74 305 -461  1
3912500 2352500  6 19 13  23.6  973 108  2.2 0  6.8  38  864   76 312 -471  1
3912500 2352500  6 19 14  25.1  973 149  3.0 0  6.2  31  833   73 318 -477  1
3912500 2352500  6 19 15  25.9  972  73  2.9 0  5.8  28  764   68 322 -478  1
3912500 2352500  6 19 16  26.6  972  85  3.4 0  5.4  24  649   71 325 -475  1
3912500 2352500  6 19 17  26.2  972 122  3.1 0  5.2  23  497   76 325 -468  1
3912500 2352500  6 19 18  26.3  971 108  2.6 0  5.5  25  324   80 326 -458  1
3912500 2352500  6 19 19  24.8  970 101  2.7 1  6.1  29  170   68 328 -446  1
3912500 2352500  6 19 20  23.4  970  83  2.6 1  6.5  33   39   40 327 -434  1
3912500 2352500  6 19 21  18.2  969  75  2.2 0  6.8  42    0    6 315 -422  1
3912500 2352500  6 19 22  17.8  970  59  2.3 0  6.9  51    0    0 303 -415  1
3912500 2352500  6 19 23  15.6  970  51  3.0 0  6.9  56    0    0 299 -410  1
3912500 2352500  6 19 24  15.3  970  54  1.8 1  6.9  60    0    0 297 -407  1
3912500 2352500  6 20  1  14.3  970  77  1.6 0  6.9  63    0    0 294 -403  1
3912500 2352500  6 20  2  13.0  970  53  1.5 0  7.1  69    0    0 288 -397  1
3912500 2352500  6 20  3  13.0  970 160  1.6 0  7.0  72    0    0 286 -390  1
3912500 2352500  6 20  4  12.6  970  27  1.8 1  7.1  73    0    0 287 -385  1
3912500 2352500  6 20  5  11.9  970  33  2.3 1  7.3  78    0    6 288 -383  1
3912500 2352500  6 20  6  13.3  970  31  2.1 1  7.6  80   46   53 289 -386  1
3912500 2352500  6 20  7  15.2  970  48  1.4 0  8.0  76  161   89 289 -393  1
3912500 2352500  6 20  8  17.5  970  64  1.9 0  8.0  66  309  108 291 -405  1
3912500 2352500  6 20  9  20.3  970  74  2.3 0  8.2  57  466  116 300 -422  1
3912500 2352500  6 20 10  21.6  970 103  1.8 0  8.5  53  622  109 308 -440  1
3912500 2352500  6 20 11  23.4  970  94  2.2 0  8.6  48  736  106 316 -457  1
3912500 2352500  6 20 12  24.2  969  95  2.6 0  8.9  46  807  102 324 -473  1
3912500 2352500  6 20 13  26.4  968 101  2.4 0  9.2  44  845   88 332 -485  1
3912500 2352500  6 20 14  27.8  968  74  2.1 0  8.7  37  817   86 339 -493  1
3912500 2352500  6 20 15  28.9  968  85  2.1 0  8.2  32  750   84 344 -495  1
3912500 2352500  6 20 16  29.0  967 100  2.1 0  7.3  28  625   90 345 -493  1
3912500 2352500  6 20 17  29.4  967  99  1.8 0  6.7  25  468   95 346 -486  1
3912500 2352500  6 20 18  29.3  966  71  2.0 0  7.0  26  307   90 347 -477  1
3912500 2352500  6 20 19  27.8  966  32  1.8 0  7.6  30  161   73 346 -465  1
3912500 2352500  6 20 20  24.1  966  24  1.5 1  8.6  39   40   40 340 -451  1
3912500 2352500  6 20 21  21.0  965 338  1.5 1  9.4  52    0    6 331 -439  1
3912500 2352500  6 20 22  19.4  966 310  1.9 0  9.2  59    0    0 322 -432  1
3912500 2352500  6 20 23  19.0  965   5  1.4 0  8.7  59    0    0 315 -426  1
3912500 2352500  6 20 24  18.3  965 339  1.6 0  8.5  60    0    0 313 -420  1
3912500 2352500  6 21  1  16.7  965 314  1.3 0  8.8  67    0    0 310 -414  1
3912500 2352500  6 21  2  15.8  966 315  1.2 0  9.0  74    0    0 306 -408  1
3912500 2352500  6 21  3  15.8  966 276  0.7 0  8.9  76    0    0 304 -403  1
3912500 2352500  6 21  4  14.3  965 288  1.3 0  9.1  81    0    0 302 -399  1
3912500 2352500  6 21  5  13.7  964 231  1.2 0  9.2  87    0    4 298 -396  1
3912500 2352500  6 21  6  15.3  965 177  1.2 0  9.3  86   36   55 298 -396  1
3912500 2352500  6 21  7  16.7  965 354  0.2 0 10.0  83  149   97 301 -402  1
3912500 2352500  6 21  8  19.0  965  79  1.3 0 10.4  77  292  121 306 -416  1
3912500 2352500  6 21  9  21.7  966  85  1.4 0 10.4  66  450  130 313 -437  1
3912500 2352500  6 21 10  24.1  965 112  1.7 0 11.2  61  594  134 324 -459  1
3912500 2352500  6 21 11  25.9  965 144  1.8 0 11.1  53  718  125 333 -479  1
3912500 2352500  6 21 12  27.5  965 126  1.8 0 10.2  44  796  118 339 -498  1
3912500 2352500  6 21 13  29.0  964 111  2.8 1 10.1  40  827  110 348 -510  1
3912500 2352500  6 21 14  29.7  963 123  2.5 1  9.9  37  806  105 353 -516  1
3912500 2352500  6 21 15  31.2  963 143  2.1 0  9.1  32  731  106 357 -518  1
3912500 2352500  6 21 16  31.7  963 189  1.4 0  8.7  29  609  108 359 -514  1
3912500 2352500  6 21 17  31.0  963 193  1.6 1  8.5  28  465  105 359 -509  1
3912500 2352500  6 21 18  30.8  962 205  2.0 1  8.4  28  302   98 359 -497  1
3912500 2352500  6 21 19  29.0  961 199  1.0 1  9.2  33  154   78 357 -481  1
3912500 2352500  6 21 20  26.1  961 234  2.3 1 10.5  43   36   42 351 -468  1
3912500 2352500  6 21 21  22.4  961 218  2.8 1 10.6  53    0    5 340 -457  1
3912500 2352500  6 21 22  22.7  961 230  2.8 1 10.2  57    0    0 333 -450  1
3912500 2352500  6 21 23  21.2  962 199  1.5 1 10.1  58    0    0 330 -445  1
3912500 2352500  6 21 24  20.1  962 202  2.5 1 10.3  64    0    0 326 -438  1
3912500 2352500  6 22  1  19.6  963 267  2.1 2 10.6  69    0    0 325 -432  1
3912500 2352500  6 22  2  19.7  963 308  1.5 2 10.8  71    0    0 325 -427  1
3912500 2352500  6 22  3  19.6  963 300  1.9 3 10.7  71    0    0 326 -423  1
3912500 2352500  6 22  4  19.6  964 305  1.9 3 10.3  68    0    0 325 -418  1
3912500 2352500  6 22  5  18.8  963 256  1.3 3  9.9  68    0    3 324 -412  1
3912500 2352500  6 22  6  19.6  963 276  1.8 3  9.5  65    5   48 322 -409  1
3912500 2352500  6 22  7  20.9  964 248  2.4 3  9.4  60   76  127 323 -412  1
3912500 2352500  6 22  8  22.0  965 201  1.3 1  9.9  59  234  162 323 -424  1
3912500 2352500  6 22  9  23.9  964 186  2.3 1  9.6  52  367  194 324 -441  1
3912500 2352500  6 22 10  25.4  964 227  1.8 2  9.4  46  506  208 333 -459  1
3912500 2352500  6 22 11  26.5  965 178  0.8 1  9.4  43  628  205 339 -479  1
3912500 2352500  6 22 12  27.2  964 241  0.5 1  8.9  38  701  203 341 -501  1
3912500 2352500  6 22 13  28.4  964 185  2.4 0  8.5  35  732  195 345 -518  1
3912500 2352500  6 22 14  29.0  963 178  2.5 0  8.2  32  721  182 348 -520  1
3912500 2352500  6 22 15  29.8  962 195  3.4 0  8.2  30  658  173 352 -514  1
3912500 2352500  6 22 16  29.9  962 195  2.0 0  8.2  30  552  163 354 -508  1
3912500 2352500  6 22 17  29.8  961 191  2.9 0  8.2  30  415  150 356 -500  1
3912500 2352500  6 22 18  29.4  961 215  2.7 0  8.4  31  272  127 355 -490  1
3912500 2352500  6 22 19  27.2  961  83  1.8 0  9.3  37  139   92 352 -478  1
3912500 2352500  6 22 20  25.3  961 306  1.6 1 10.3  46   29   45 349 -467  1
3912500 2352500  6 22 21  24.0  962 331  1.4 3 10.1  49    0    5 351 -454  1
3912500 2352500  6 22 22  23.6  962 300  3.3 2  9.9  51    0    0 351 -444  1
3912500 2352500  6 22 23  22.3  962 266  2.7 3  9.7  53    0    0 348 -437  1
3912500 2352500  6 22 24  20.4  963 241  3.4 6  9.6  57    0    0 352 -432  1
3912500 2352500  6 23  1  19.7  964 270  2.1 2  9.3  60    0    0 344 -427  1
3912500 2352500  6 23  2  19.2  963 277  2.3 1  9.0  61    0    0 329 -421  1
3912500 2352500  6 23  3  17.8  963 274  1.7 1  8.9  64    0    0 323 -416  1
3912500 2352500  6 23  4  17.9  963 265  1.9 3  9.0  67    0    0 326 -412  1
3912500 2352500  6 23  5  16.7  963 240  1.6 4  9.2  71    0    1 332 -409  1
3912500 2352500  6 23  6  17.9  963 244  1.6 5  9.7  75   22   56 339 -406  1
3912500 2352500  6 23  7  19.7  963 215  1.9 2 10.3  72  123  113 337 -409  1
3912500 2352500  6 23  8  21.6  964 210  2.4 2 10.4  65  129  201 331 -420  1
3912500 2352500  6 23  9  22.8  965 209  4.4 1 10.2  58  244  250 334 -437  1
3912500 2352500  6 23 10  23.7  965 269  4.5 2 10.3  55  482  221 340 -454  1
3912500 2352500  6 23 11  24.7  965 251  3.6 3 10.9  55  473  291 353 -470  1
3912500 2352500  6 23 12  25.4  965 265  4.4 3 11.2  54  270  400 362 -483  1
3912500 2352500  6 23 13  24.9  965 241  4.7 4 11.2  53  195  406 368 -492  1
3912500 2352500  6 23 14  24.1  965 250  5.4 6 11.0  54   29  322 375 -497  1
3912500 2352500  6 23 15  22.0  965 294  6.0 8 10.8  58    0  123 383 -491  1
3912500 2352500  6 23 16  22.8  965 277  3.7 6 10.9  61   21  257 382 -484  1
3912500 2352500  6 23 17  23.8  965 310  3.0 6 11.2  60   55  244 378 -479  1
3912500 2352500  6 23 18  22.1  965 334  4.2 6 11.1  60    4  142 376 -470  1
3912500 2352500  6 23 19  21.5  965 323  2.8 7 11.0  64    0   72 376 -459  1
3912500 2352500  6 23 20  20.4  965 312  2.6 8 11.1  68    0   19 382 -449  1
3912500 2352500  6 23 21  19.1  965 313  4.5 8 11.2  74    0    1 383 -442  1
3912500 2352500  6 23 22  18.1  965 315  2.4 8 11.4  81    0    0 380 -436  1
3912500 2352500  6 23 23  17.0  966 216  2.8 8 11.4  86    0    0 377 -431  1
3912500 2352500  6 23 24  16.2  966 212  1.3 7 10.9  88    0    0 369 -426  1
3912500 2352500  6 24  1  15.7  966 204  1.2 8 10.7  89    0    0 366 -422  1
3912500 2352500  6 24  2  15.3  966 338  1.4 8 10.4  90    0    0 369 -420  1
3912500 2352500  6 24  3  15.1  966 132  1.3 8 10.2  90    0    0 368 -417  1
3912500 2352500  6 24  4  15.2  966 251  1.9 8 10.1  89    0    0 369 -414  1
3912500 2352500  6 24  5  15.0  966 206  2.5 8 10.0  88    0    1 369 -412  1
3912500 2352500  6 24  6  15.0  966 194  2.2 8  9.7  87    0   21 369 -409  1
3912500 2352500  6 24  7  15.2  967 193  3.0 8  9.8  87    0   51 369 -407  1
3912500 2352500  6 24  8  15.2  967 200  3.2 8  9.9  87    0   85 369 -406  1
3912500 2352500  6 24  9  15.4  967 199  2.8 8  9.8  86    0  120 369 -406  1
3912500 2352500  6 24 10  15.7  967 225  3.9 7  9.6  83   13  246 363 -408  1
3912500 2352500  6 24 11  17.4  967 243  4.2 6  9.1  74   19  282 355 -411  1
3912500 2352500  6 24 12  17.7  967 236  5.9 5  8.5  65   29  295 348 -415  1
3912500 2352500  6 24 13  18.3  967 234  5.4 5  8.3  62   75  320 345 -419  1
3912500 2352500  6 24 14  18.1  967 238  6.5 7  8.3  60   69  309 353 -428  1
3912500 2352500  6 24 15  18.7  966 212  5.3 8  7.8  56   90  284 365 -444  1
3912500 2352500  6 24 16  18.6  966 275  5.7 7  7.5  53  245  215 364 -453  1
3912500 2352500  6 24 17  18.8  966 269  5.2 6  7.4  52  123  199 355 -448  1
3912500 2352500  6 24 18  18.4  966 268  3.4 6  7.1  51   42  153 349 -439  1
3912500 2352500  6 24 19  17.9  966 300  3.6 6  7.2  53   14   92 347 -429  1
3912500 2352500  6 24 20  17.4  966 287  2.8 6  7.3  55    0   30 347 -421  1
3912500 2352500  6 24 21  16.4  966 255  2.5 6  7.3  58    0    1 344 -416  1
3912500 2352500  6 24 22  15.9  967 286  2.4 7  7.2  60    0    0 348 -412  1
3912500 2352500  6 24 23  15.4  967 251  1.5 7  7.2  62    0    0 352 -410  1
3912500 2352500  6 24 24  15.1  966 208  1.3 7  7.2  64    0    0 352 -407  1
3912500 2352500  6 25  1  14.4  966 223  0.6 5  7.2  66    0    0 342 -403  1
3912500 2352500  6 25  2  13.7  965 212  1.6 5  7.2  69    0    0 329 -397  1
3912500 2352500  6 25  3  13.8  964 233  2.4 6  7.2  70    0    0 333 -390  1
3912500 2352500  6 25  4  13.6  964 212  2.5 6  7.3  71    0    0 338 -386  1
3912500 2352500  6 25  5  13.7  963 194  2.3 7  7.3  71    0    1 342 -383  1
3912500 2352500  6 25  6  13.9  963 225  3.3 7  7.4  71   29   30 347 -382  1
3912500 2352500  6 25  7  14.1  963 220  3.0 5  7.6  72   32   83 337 -385  1
3912500 2352500  6 25  8  15.3  964 226  3.3 6  7.8  70  100  124 334 -393  1
3912500 2352500  6 25  9  15.9  964 245  4.5 7  7.9  68   26  195 349 -404  1
3912500 2352500  6 25 10  15.9  964 250  4.2 7  7.9  67    0  156 354 -417  1
3912500 2352500  6 25 11  14.4  964 254  4.7 6  8.2  72   23  261 349 -428  1
3912500 2352500  6 25 12  14.4  964 308  3.4 7  8.7  81    2  233 346 -434  1
3912500 2352500  6 25 13  14.9  963 281  4.0 7  8.8  80    5  243 351 -438  1
3912500 2352500  6 25 14  15.9  963 268  4.1 8  8.4  73    5  242 357 -432  1
3912500 2352500  6 25 15  16.1  963 273  3.4 7  8.2  69   11  232 358 -425  1
3912500 2352500  6 25 16  15.6  963 325  4.8 7  8.2  69    0  172 354 -423  1
3912500 2352500  6 25 17  14.1  963 319  3.6 8  7.9  71    0   85 353 -420  1
3912500 2352500  6 25 18  12.3  962 280  4.4 7  8.1  81    0   69 349 -419  1
3912500 2352500  6 25 19  11.9  963 288  2.9 7  8.3  90    8   76 343 -414  1
3912500 2352500  6 25 20  11.9  963 300  3.0 8  8.4  91    2   31 347 -407  1
3912500 2352500  6 25 21  11.3  963 268  2.6 6  8.2  92    0    2 342 -401  1
3912500 2352500  6 25 22  11.2  964 257  2.4 8  8.0  91    0    0 341 -396  1
3912500 2352500  6 25 23  11.0  964 261  2.8 8  7.9  91    0    0 350 -394  1
3912500 2352500  6 25 24  10.8  964 252  2.0 8  7.9  92    0    0 350 -393  1
3912500 2352500  6 26  1  10.5  964 202  2.5 8  7.8  93    0    0 350 -392  1
3912500 2352500  6 26  2  10.4  964 189  2.7 8  7.7  93    0    0 350 -391  1
3912500 2352500  6 26  3  10.1  964 221  2.6 8  7.5  92    0    0 349 -388  1
3912500 2352500  6 26  4  10.0  964 198  1.7 8  7.4  92    0    0 349 -385  1
3912500 2352500  6 26  5  10.0  964 229  2.1 8  7.4  92    0    0 349 -384  1
3912500 2352500  6 26  6   9.7  964 252  2.6 8  7.4  92    0   11 348 -382  1
3912500 2352500  6 26  7   9.5  964 246  3.0 8  7.3  93    0   45 348 -383  1
3912500 2352500  6 26  8   9.5  964 251  2.7 7  7.2  92    7  143 343 -385  1
3912500 2352500  6 26  9   9.8  964 249  2.6 6  7.3  92   96  220 334 -390  1
3912500 2352500  6 26 10  10.6  965 240  2.6 6  7.5  91   20  251 331 -394  1
3912500 2352500  6 26 11  12.3  965 283  2.9 8  7.4  84    0  177 343 -401  1
3912500 2352500  6 26 12  12.6  965 297  2.9 7  7.4  78    7  255 349 -412  1
3912500 2352500  6 26 13  13.3  965 276  2.6 6  7.5  76   41  298 343 -419  1
3912500 2352500  6 26 14  14.9  965 278  3.9 6  7.5  71   37  286 342 -426  1
3912500 2352500  6 26 15  13.7  965 255  3.6 8  7.5  70    0  199 347 -436  1
3912500 2352500  6 26 16  13.2  965 291  2.6 7  7.5  74   43  238 345 -439  1
3912500 2352500  6 26 17  13.6  965 293  3.8 6  7.6  75  140  182 337 -429  1
3912500 2352500  6 26 18  14.3  965 291  3.3 6  7.5  72   64  145 334 -418  1
3912500 2352500  6 26 19  14.3  965 299  2.0 7  7.5  70   11   87 337 -412  1
3912500 2352500  6 26 20  13.8  965 307  1.2 7  7.9  75    9   35 341 -406  1
3912500 2352500  6 26 21  12.8  965 359  0.8 7  8.3  83    0    4 340 -401  1
3912500 2352500  6 26 22  11.8  966   9  1.0 8  8.2  88    0    0 342 -396  1
3912500 2352500  6 26 23  11.6  967 276  1.1 8  8.0  89    0    0 345 -392  1
3912500 2352500  6 26 24  11.5  967 174  1.2 8  7.9  89    0    0 344 -390  1
3912500 2352500  6 27  1  11.5  967 171  1.3 8  7.9  89    0    0 343 -388  1
3912500 2352500  6 27  2  11.1  967 267  1.5 8  7.8  89    0    0 341 -387  1
3912500 2352500  6 27  3  10.9  966 227  1.2 8  7.5  88    0    0 340 -385  1
3912500 2352500  6 27  4   9.9  966 292  1.1 7  7.1  86    0    0 333 -383  1
3912500 2352500  6 27  5   9.1  965 312  1.1 5  6.8  88    0    4 315 -381  1
3912500 2352500  6 27  6   9.1  966 296  1.0 5  6.7  89   38   47 304 -381  1
3912500 2352500  6 27  7  11.1  966 333  0.5 3  7.0  86   96  104 297 -384  1
3912500 2352500  6 27  8  12.1  967 314  1.3 5  7.1  80  146  168 301 -392  1
3912500 2352500  6 27  9  13.7  967 356  1.3 5  7.1  73  397  132 315 -403  1
3912500 2352500  6 27 10  15.0  967 335  0.7 6  7.1  66  273  272 324 -416  1
3912500 2352500  6 27 11  15.3  967 284  2.3 7  6.8  60  128  344 332 -432  1
3912500 2352500  6 27 12  17.2  968 283  3.1 5  6.6  55  293  343 329 -439  1
3912500 2352500  6 27 13  16.9  968 287  3.5 6  6.6  52  304  345 325 -446  1
3912500 2352500  6 27 14  18.1  968 333  5.1 5  6.4  49  370  311 324 -449  1
3912500 2352500  6 27 15  18.4  967 313  4.9 4  6.5  47  404  255 321 -446  1
3912500 2352500  6 27 16  19.4  967 346  4.3 6  6.3  44  229  267 325 -446  1
3912500 2352500  6 27 17  18.9  967 348  4.2 6  6.0  41  122  229 331 -441  1
3912500 2352500  6 27 18  18.8  967 331  3.7 4  6.0  42  104  163 324 -433  1
3912500 2352500  6 27 19  18.0  967 308  2.6 3  5.9  43   54  101 313 -422  1
3912500 2352500  6 27 20  16.9  968   6  3.4 3  5.7  43   28   38 306 -410  1
3912500 2352500  6 27 21  13.7  968  12  2.9 2  5.6  50    0    6 297 -399  1
3912500 2352500  6 27 22  13.0  968  20  1.9 3  5.7  58    0    0 291 -390  1
3912500 2352500  6 27 23  12.2  969 359  1.6 2  5.6  59    0    0 288 -383  1
3912500 2352500  6 27 24  11.5  969  24  1.6 1  5.6  62    0    0 277 -377  1
3912500 2352500  6 28  1  10.1  969  40  2.2 1  5.6  66    0    0 270 -372  1
3912500 2352500  6 28  2   8.1  968  20  1.6 2  5.6  74    0    0 269 -369  1
3912500 2352500  6 28  3   8.3  968  29  1.8 1  5.5  78    0    0 268 -366  1
3912500 2352500  6 28  4   7.7  968  70  1.8 0  5.4  77    0    0 258 -364  1
3912500 2352500  6 28  5   6.9  968  36  1.7 0  5.3  80    0    4 251 -362  1
3912500 2352500  6 28  6   8.8  969  51  1.6 0  5.4  78   35   53 250 -361  1
3912500 2352500  6 28  7  10.3  969  92  1.9 0  5.7  74  146   97 254 -366  1
3912500 2352500  6 28  8  12.3  969 120  1.4 0  6.0  69  293  119 259 -380  1
3912500 2352500  6 28  9  13.6  968 152  1.6 0  6.0  62  463  122 264 -401  1
3912500 2352500  6 28 10  15.2  968 143  1.9 0  5.9  55  617  118 269 -423  1
3912500 2352500  6 28 11  16.7  967 144  2.4 0  5.9  50  737  113 275 -443  1
3912500 2352500  6 28 12  18.0  968 170  2.5 1  6.1  47  813  108 287 -458  1
3912500 2352500  6 28 13  19.4  967 197  2.4 1  6.1  43  843  101 295 -468  1
3912500 2352500  6 28 14  20.0  966 214  2.3 1  5.8  38  811  104 298 -476  1
3912500 2352500  6 28 15  20.8  965 217  1.0 0  5.4  34  735  106 297 -481  1
3912500 2352500  6 28 16  21.1  965  16  4.1 1  5.3  33  618  106 299 -480  1
3912500 2352500  6 28 17  21.0  965 339  2.8 5  5.3  33  340  171 314 -466  1
3912500 2352500  6 28 18  20.3  964   7  2.8 6  5.5  35  122  176 328 -451  1
3912500 2352500  6 28 19  19.2  963  57  2.9 6  5.8  38   48  109 328 -438  1
3912500 2352500  6 28 20  17.7  963  63  2.8 6  6.3  45   22   41 325 -424  1
3912500 2352500  6 28 21  15.9  963  30  2.5 5  6.6  52    0    6 318 -411  1
3912500 2352500  6 28 22  13.7  964  25  1.9 2  6.5  59    0    0 300 -400  1
3912500 2352500  6 28 23  13.5  963  15  1.8 2  6.4  63    0    0 287 -392  1
3912500 2352500  6 28 24  13.2  963  29  2.2 4  6.2  62    0    0 292 -386  1
3912500 2352500  6 29  1  12.2  963   3  1.7 2  6.0  62    0    0 289 -382  1
3912500 2352500  6 29  2  11.1  963  12  2.3 1  5.8  65    0    0 275 -378  1
3912500 2352500  6 29  3  10.0  962  35  1.7 0  5.7  68    0    0 265 -375  1
3912500 2352500  6 29  4   9.5  962  25  1.4 1  5.6  71    0    0 261 -373  1
3912500 2352500  6 29  5  10.0  962  11  2.3 4  5.7  72    0    0 274 -372  1
3912500 2352500  6 29  6  11.2  962  49  1.8 6  5.8  69    0   13 295 -375  1
3912500 2352500  6 29  7  12.0  962  57  1.7 8  6.0  67    0   34 312 -382  1
3912500 2352500  6 29  8  11.8  962  91  2.0 8  6.3  69    0   42 322 -394  1
3912500 2352500  6 29  9  12.0  962 137  1.9 8  6.7  73    0   80 326 -412  1
3912500 2352500  6 29 10  13.0  961 154  2.0 8  7.2  75    0  178 333 -433  1
3912500 2352500  6 29 11  14.7  961 184  2.5 7  7.6  73   76  324 338 -454  1
3912500 2352500  6 29 12  15.5  962 204  2.8 5  7.8  69  337  305 333 -468  1
3912500 2352500  6 29 13  17.5  962 209  2.3 6  8.2  66  305  319 335 -476  1
3912500 2352500  6 29 14  18.3  962 241  4.7 7  8.3  62   83  329 350 -479  1
3912500 2352500  6 29 15  18.1  962 325  3.3 5  8.1  59  174  304 346 -478  1
3912500 2352500  6 29 16  18.6  961 271  3.9 5  8.2  59  159  265 339 -471  1
3912500 2352500  6 29 17  17.6  961 258  3.5 3  8.2  60  440   90 330 -457  1
3912500 2352500  6 29 18  18.4  961 274  3.6 2  8.2  60  323   66 317 -442  1
3912500 2352500  6 29 19  17.5  962 307  3.2 2  8.2  60  185   38 312 -434  1
3912500 2352500  6 29 20  16.7  962 313  2.8 3  8.1  63   45   33 315 -430  1
3912500 2352500  6 29 21  14.8  962 319  2.5 3  8.1  69    0    6 315 -425  1
3912500 2352500  6 29 22  13.5  963 309  1.9 2  8.1  76    0    0 305 -421  1
3912500 2352500  6 29 23  12.9  963 265  1.4 1  8.1  81    0    0 294 -418  1
3912500 2352500  6 29 24  12.0  963   9  2.5 3  8.1  85    0    0 295 -416  1
3912500 2352500  6 30  1  11.7  964  55  2.8 4  8.0  87    0    0 307 -415  1
3912500 2352500  6 30  2  11.4  964  75  1.2 5  8.0  89    0    0 316 -413  1
3912500 2352500  6 30  3  10.7  964 153  1.1 5  7.8  90    0    0 320 -411  1
3912500 2352500  6 30  4  10.3  964 269  1.2 5  7.5  90    0    0 318 -409  1
3912500 2352500  6 30  5  10.5  964 221  1.1 6  7.6  91    0    0 323 -407  1
3912500 2352500  6 30  6  10.9  964 245  1.1 8  7.7  91    0   13 340 -406  1
3912500 2352500  6 30  7  11.6  964 256  0.8 8  7.9  90    0   39 352 -406  1
3912500 2352500  6 30  8  13.4  964 243  1.0 7  8.4  88   29  180 352 -409  1
3912500 2352500  6 30  9  15.8  965 311  1.7 5  8.8  81  268  208 344 -417  1
3912500 2352500  6 30 10  17.9  965 294  2.2 4  8.6  69  686   60 337 -425  1
3912500 2352500  6 30 11  18.9  965 315  2.4 6  8.5  61  181  349 349 -433  1
3912500 2352500  6 30 12  20.1  964 268  3.0 8  8.1  54   51  337 371 -445  1
3912500 2352500  6 30 13  21.6  964 295  3.6 6  7.5  46  231  370 373 -448  1
3912500 2352500  6 30 14  21.4  964 260  3.3 6  7.3  44  140  357 364 -448  1
3912500 2352500  6 30 15  21.8  964 209  3.8 4  7.4  43  249  321 354 -446  1
3912500 2352500  6 30 16  22.2  963 238  3.3 3  7.1  41  412  199 342 -437  1
3912500 2352500  6 30 17  21.6  963 240  3.5 4  6.9  40  468   77 341 -436  1
3912500 2352500  6 30 18  21.3  963 195  3.5 3  7.0  42  314   76 341 -436  1
3912500 2352500  6 30 19  21.1  963 268  3.2 3  7.0  42  146   71 335 -430  1
3912500 2352500  6 30 20  19.0  963 298  2.7 3  7.0  45   43   38 333 -426  1
3912500 2352500  6 30 21  16.8  963 304  2.6 3  6.9  51    1    6 326 -421  1
3912500 2352500  6 30 22  16.3  963 288  2.0 4  6.5  53    0    0 326 -416  1
3912500 2352500  6 30 23  15.6  964 272  1.5 4  6.4  54    0    0 328 -413  1
3912500 2352500  6 30 24  14.8  964 299  1.9 4  6.4  57    0    0 326 -410  1
3912500 2352500  7  1  1  13.5  964 333  1.5 3  6.5  61    0    0 319 -409  1
3912500 2352500  7  1  2  12.9  964 285  0.9 2  6.7  67    0    0 307 -409  1
3912500 2352500  7  1  3  12.0  963 276  1.2 2  6.6  70    0    0 299 -406  1
3912500 2352500  7  1  4  10.9  963 243  1.1 2  6.4  72    0    0 296 -404  1
3912500 2352500  7  1  5  10.9  963 223  1.6 3  6.3  74    0    4 299 -403  1
3912500 2352500  7  1  6  11.1  963 230  1.3 3  6.5  76   33   53 305 -401  1
3912500 2352500  7  1  7  13.1  963 225  1.5 1  6.8  74  129  103 297 -401  1
3912500 2352500  7  1  8  15.8  963 274  1.3 0  7.2  66  272  132 289 -406  1
3912500 2352500  7  1  9  17.2  963 296  1.4 0  7.2  59  427  145 293 -411  1
3912500 2352500  7  1 10  19.4  963 300  1.9 1  6.9  50  581  142 306 -415  1
3912500 2352500  7  1 11  20.9  963 246  2.8 1  6.4  41  690  145 318 -425  1
3912500 2352500  7  1 12  22.0  963 244  2.6 1  6.4  38  743  155 327 -440  1
3912500 2352500  7  1 13  22.8  962 325  2.9 2  6.7  38  739  169 335 -455  1
3912500 2352500  7  1 14  23.6  961 322  2.5 2  6.6  35  680  186 340 -463  1
3912500 2352500  7  1 15  23.9  961 317  3.4 2  6.4  33  622  172 340 -463  1
3912500 2352500  7  1 16  24.8  960 311  2.8 1  6.5  32  497  174 338 -464  1
3912500 2352500  7  1 17  24.5  961 328  2.9 2  6.5  32  424  128 338 -462  1
3912500 2352500  7  1 18  24.1  960  12  2.4 3  6.4  32  276  113 343 -455  1
3912500 2352500  7  1 19  23.4  959  16  1.8 5  6.6  34  100   95 351 -445  1
3912500 2352500  7  1 20  20.9  959  42  1.5 7  7.3  41   29   44 360 -436  1
3912500 2352500  7  1 21  17.9  959  55  2.0 8  7.9  53    0    4 361 -427  1
3912500 2352500  7  1 22  17.5  959  97  2.7 3  8.2  61    0    0 342 -420  1
3912500 2352500  7  1 23  16.8  959 122  2.5 3  8.2  64    0    0 323 -414  1
3912500 2352500  7  1 24  16.2  959 122  2.3 4  8.2  66    0    0 323 -410  1
3912500 2352500  7  2  1  15.1  959 122  2.3 2  8.2  72    0    0 309 -403  1
3912500 2352500  7  2  2  13.6  959  87  2.2 1  8.2  76    0    0 301 -401  1
3912500 2352500  7  2  3  13.0  959  61  2.3 1  8.3  82    0    0 294 -398  1
3912500 2352500  7  2  4  12.6  958  11  1.6 1  8.3  85    0    0 291 -394  1
3912500 2352500  7  2  5  12.7  958  43  1.3 2  8.4  86    0    0 292 -391  1
3912500 2352500  7  2  6  12.9  958 163  1.5 2  8.6  88   10   47 295 -389  1
3912500 2352500  7  2  7  15.0  959 354  1.3 2  8.8  84   92  119 297 -394  1
3912500 2352500  7  2  8  16.7  959 182  1.2 1  9.1  76  218  168 299 -408  1
3912500 2352500  7  2  9  18.9  959 186  2.8 1  9.4  70  372  191 303 -428  1
3912500 2352500  7  2 10  21.5  959 193  3.5 2  9.7  62  489  217 318 -449  1
3912500 2352500  7  2 11  22.5  959 200  5.4 5  9.9  56  435  305 344 -465  1
3912500 2352500  7  2 12  23.8  958 236  4.5 6 10.3  55  495  316 366 -477  1
3912500 2352500  7  2 13  25.4  959 192  5.4 6 10.2  50  362  375 377 -487  1
3912500 2352500  7  2 14  24.6  959 196  5.4 8 10.0  48    3  250 388 -494  1
3912500 2352500  7  2 15  24.5  958 273  3.5 4 10.3  50  179  333 382 -494  1
3912500 2352500  7  2 16  25.9  958 238  3.7 4 10.2  48  492  200 369 -484  1
3912500 2352500  7  2 17  26.5  958 214  2.8 2 10.1  45  396  164 365 -474  1
3912500 2352500  7  2 18  26.0  958 273  3.5 3 10.1  44  168  169 361 -466  1
3912500 2352500  7  2 19  24.7  958 208  2.8 5  9.9  46   98  103 367 -456  1
3912500 2352500  7  2 20  22.9  958 258  1.7 7 10.1  52    7   39 377 -450  1
3912500 2352500  7  2 21  21.4  957 276  1.6 7 10.3  58    0    6 381 -443  1
3912500 2352500  7  2 22  19.5  958 277  2.4 8 10.4  65    0    0 380 -437  1
3912500 2352500  7  2 23  19.0  959 183  1.2 8 10.8  73    0    0 380 -431  1
3912500 2352500  7  2 24  18.5  959  54  2.1 8 11.5  80    0    0 376 -426  1
3912500 2352500  7  3  1  18.1  960  38  1.5 7 12.2  88    0    0 370 -423  1
3912500 2352500  7  3  2  17.4  960 165  3.6 6 12.3  91    0    0 360 -420  1
3912500 2352500  7  3  3  16.9  960 133  2.2 6 12.1  94    0    0 353 -418  1
3912500 2352500  7  3  4  16.9  960  85  2.8 8 12.1  94    0    0 358 -416  1
3912500 2352500  7  3  5  16.5  961  75  4.2 6 11.8  94    0    0 356 -414  1
3912500 2352500  7  3  6  16.9  960 174  2.2 6 11.8  94    0   33 347 -413  1
3912500 2352500  7  3  7  17.4  960 146  2.3 5 12.2  94   64  116 342 -417  1
3912500 2352500  7  3  8  19.2  961 147  2.8 3 12.7  91  205  165 335 -427  1
3912500 2352500  7  3  9  20.2  961 159  2.8 3 13.2  87  283  224 333 -444  1
3912500 2352500  7  3 10  21.2  960 174  2.5 4 13.5  83  216  304 342 -464  1
3912500 2352500  7  3 11  22.6  960 177  2.6 4 13.5  77  296  337 352 -484  1
3912500 2352500  7  3 12  25.0  961 184  2.1 3 12.9  66  584  254 358 -499  1
3912500 2352500  7  3 13  26.0  961 196  2.4 3 12.7  59  727  185 366 -509  1
3912500 2352500  7  3 14  26.9  960 171  2.4 3 12.7  55  747  153 372 -516  1
3912500 2352500  7  3 15  27.9  959 180  2.4 1 12.3  51  687  145 372 -519  1
3912500 2352500  7  3 16  28.6  958 166  3.1 0 12.2  48  565  145 370 -518  1
3912500 2352500  7  3 17  28.7  958 154  3.8 1 12.2  47  427  134 371 -509  1
3912500 2352500  7  3 18  28.2  957 136  4.0 2 12.5  48  274  119 374 -496  1
3912500 2352500  7  3 19  27.5  956 155  3.5 3 12.7  51  140   89 376 -484  1
3912500 2352500  7  3 20  25.7  955 180  2.5 5 13.1  56   34   44 380 -473  1
3912500 2352500  7  3 21  23.6  955 330  2.0 6 13.2  63    0    4 383 -464  1
3912500 2352500  7  3 22  22.0  956  72  2.4 5 12.9  70    0    0 378 -453  1
3912500 2352500  7  3 23  21.0  956 102  1.8 5 12.9  75    0    0 370 -443  1
3912500 2352500  7  3 24  20.8  957 259  1.2 6 13.1  79    0    0 373 -439  1
3912500 2352500  7  4  1  20.0  958  39  2.9 6 13.3  83    0    0 374 -436  1
3912500 2352500  7  4  2  19.1  958 321  2.1 6 13.4  88    0    0 372 -434  1
3912500 2352500  7  4  3  18.9  959 292  4.4 6 13.5  92    0    0 370 -432  1
3912500 2352500  7  4  4  18.0  959 286  1.0 8 13.5  96    0    0 376 -431  1
3912500 2352500  7  4  5  18.8  959  24  2.8 8 13.5  96    0    0 384 -427  1
3912500 2352500  7  4  6  18.1  959 191  3.1 8 13.4  95    0   24 383 -424  1
3912500 2352500  7  4  7  18.2  959 186  2.6 7 13.1  95    0   28 377 -421  1
3912500 2352500  7  4  8  18.0  959 130  2.2 8 12.9  93    0   87 376 -419  1
3912500 2352500  7  4  9  18.7  960  40  1.7 8 12.9  92    0  118 382 -416  1
3912500 2352500  7  4 10  19.7  959  93  2.6 7 13.1  88    0  183 381 -418  1
3912500 2352500  7  4 11  19.9  959 227  3.5 6 13.2  86  255  114 375 -423  1
3912500 2352500  7  4 12  19.9  959 336  1.1 6 13.1  85  290  103 373 -428  1
3912500 2352500  7  4 13  20.5  960 228  2.4 4 12.5  80  649   57 369 -429  1
3912500 2352500  7  4 14  20.4  958  97  1.8 8 11.9  74    0  196 375 -438  1
3912500 2352500  7  4 15  18.7  957 114  1.6 8 12.2  80    0   94 383 -449  1
3912500 2352500  7  4 16  18.1  958 141  2.0 8 12.7  90    0   79 378 -444  1
3912500 2352500  7  4 17  18.3  956 248  2.5 7 12.7  92  250   51 373 -438  1
3912500 2352500  7  4 18  18.3  956 231  1.5 8 12.7  91    0   77 374 -435  1
3912500 2352500  7  4 19  17.5  956 127  1.4 8 12.5  92    0   23 375 -431  1
3912500 2352500  7  4 20  17.2  956  34  1.5 7 12.4  94    0    9 369 -426  1
3912500 2352500  7  4 21  17.1  957 153  0.7 7 12.4  95    0    1 365 -418  1
3912500 2352500  7  4 22  16.8  956 299  2.2 7 12.1  94    0    0 364 -412  1
3912500 2352500  7  4 23  16.7  956 273  2.4 7 12.0  94    0    0 365 -408  1
3912500 2352500  7  4 24  16.5  956 230  1.3 7 11.9  94    0    0 364 -408  1
3912500 2352500  7  5  1  16.7  955 258  1.9 8 12.0  95    0    0 367 -408  1
3912500 2352500  7  5  2  17.0  956 268  1.9 8 12.1  94    0    0 372 -405  1
3912500 2352500  7  5  3  16.4  956 174  2.1 8 12.0  94    0    0 370 -405  1
3912500 2352500  7  5  4  16.5  955 222  2.6 8 11.8  95    0    0 368 -405  1
3912500 2352500  7  5  5  16.4  955  35  1.7 8 11.7  94    0    0 367 -403  1
3912500 2352500  7  5  6  16.6  955 214  1.8 7 11.7  94    0    9 361 -403  1
3912500 2352500  7  5  7  16.7  954 130  1.5 8 11.9  94    0   22 361 -406  1
3912500 2352500  7  5  8  16.8  954 192  1.4 7 12.1  95    0   42 361 -415  1
3912500 2352500  7  5  9  16.7  954 191  1.7 7 12.0  94    0  140 359 -431  1
3912500 2352500  7  5 10  18.0  955 140  2.9 4 12.0  91  155  291 351 -450  1
3912500 2352500  7  5 11  18.5  954 182  3.5 4 11.9  85  207  324 344 -464  1
3912500 2352500  7  5 12  19.2  954 185  4.6 5 12.0  83  262  340 353 -470  1
3912500 2352500  7  5 13  18.9  955 183  3.5 7 12.5  85   21  306 366 -475  1
3912500 2352500  7  5 14  20.5  955 259  5.6 4 12.4  81  259  330 366 -479  1
3912500 2352500  7  5 15  21.0  955 242  3.0 2 11.2  69  530  199 355 -477  1
3912500 2352500  7  5 16  21.6  955 294  4.6 3 10.1  60  525  139 351 -473  1
3912500 2352500  7  5 17  21.6  955 297  5.6 3  9.6  56  466   87 353 -467  1
3912500 2352500  7  5 18  21.5  955 299  6.0 4  9.4  55  209  131 354 -456  1
3912500 2352500  7  5 19  19.9  955 264  3.6 3  9.4  58  147   75 350 -447  1
3912500 2352500  7  5 20  19.9  956 258  4.5 4  9.2  59   44   39 348 -440  1
3912500 2352500  7  5 21  18.2  957 207  2.7 2  9.0  62    1    6 342 -434  1
3912500 2352500  7  5 22  16.0  957 258  3.2 1  9.3  72    0    0 327 -428  1
3912500 2352500  7  5 23  15.0  958 239  3.2 1  9.5  81    0    0 318 -424  1
3912500 2352500  7  5 24  15.0  958 229  3.7 4  9.5  84    0    0 326 -420  1
3912500 2352500  7  6  1  16.2  959 237  3.5 5  9.2  79    0    0 340 -418  1
3912500 2352500  7  6  2  15.9  960 238  3.2 6  9.1  75    0    0 347 -417  1
3912500 2352500  7  6  3  15.2  960 248  3.0 5  9.0  77    0    0 345 -414  1
3912500 2352500  7  6  4  14.4  960 261  3.3 5  8.8  79    0    0 340 -411  1
3912500 2352500  7  6  5  14.2  961 245  2.2 4  8.6  80    0    0 334 -407  1
3912500 2352500  7  6  6  15.0  961 240  2.4 4  8.6  79   11   44 330 -405  1
3912500 2352500  7  6  7  16.0  962 255  2.8 5  8.9  76   34  104 336 -406  1
3912500 2352500  7  6  8  16.6  962 248  3.6 4  9.1  74  109  171 338 -411  1
3912500 2352500  7  6  9  17.4  962 245  3.4 3  9.1  71  225  221 333 -418  1
3912500 2352500  7  6 10  18.5  963 249  4.7 5  9.1  67  219  276 341 -428  1
3912500 2352500  7  6 11  19.1  963 255  5.9 4  9.0  63  504  218 349 -440  1
3912500 2352500  7  6 12  20.3  964 247  4.7 4  8.8  58  303  327 348 -454  1
3912500 2352500  7  6 13  21.3  964 252  4.8 3  8.5  53  190  346 348 -461  1
3912500 2352500  7  6 14  21.8  964 243  4.3 4  8.3  49  745  114 349 -465  1
3912500 2352500  7  6 15  21.9  964 241  4.8 3  8.4  49  588  163 348 -468  1
3912500 2352500  7  6 16  22.6  963 253  4.3 4  8.3  47  327  225 350 -468  1
3912500 2352500  7  6 17  21.5  963 255  4.8 3  8.2  47  358  144 349 -464  1
3912500 2352500  7  6 18  21.3  963 260  4.0 4  7.9  47  205  130 346 -457  1
3912500 2352500  7  6 19  20.5  964 281  3.0 6  8.0  49   13   87 355 -447  1
3912500 2352500  7  6 20  19.7  964 306  2.8 4  8.2  53    1   30 354 -436  1
3912500 2352500  7  6 21  18.3  964 286  2.1 4  8.4  58    0    2 344 -425  1
3912500 2352500  7  6 22  17.8  965 274  2.2 5  8.3  61    0    0 344 -417  1
3912500 2352500  7  6 23  17.5  965 280  1.9 5  8.4  64    0    0 344 -410  1
3912500 2352500  7  6 24  16.9  966 231  2.1 4  8.7  67    0    0 338 -403  1
3912500 2352500  7  7  1  16.6  966 288  2.4 6  8.8  71    0    0 339 -398  1
3912500 2352500  7  7  2  15.7  966 305  1.8 5  9.0  74    0    0 339 -396  1
3912500 2352500  7  7  3  15.6  966 305  1.5 4  9.1  78    0    0 330 -397  1
3912500 2352500  7  7  4  14.7  966 353  1.8 3  9.1  80    0    0 320 -397  1
3912500 2352500  7  7  5  13.6  965  69  1.4 4  9.0  85    0    0 315 -394  1
3912500 2352500  7  7  6  14.1  966 138  1.6 4  9.0  87   24   48 315 -395  1
3912500 2352500  7  7  7  16.0  966 123  1.1 2  9.5  84  142   92 307 -399  1
3912500 2352500  7  7  8  17.6  967 132  1.6 1  9.8  78  297  109 297 -410  1
3912500 2352500  7  7  9  19.2  967  95  1.7 1  9.7  70  451  119 298 -428  1
3912500 2352500  7  7 10  20.5  966 137  1.6 2  9.6  63  602  117 311 -450  1
3912500 2352500  7  7 11  21.4  967 149  2.3 2  9.6  59  667  146 322 -471  1
3912500 2352500  7  7 12  22.2  967 160  2.1 3  9.3  54  641  201 330 -489  1
3912500 2352500  7  7 13  23.6  966 140  1.5 3  9.0  49  566  251 337 -501  1
3912500 2352500  7  7 14  24.3  966 198  2.3 3  9.1  47  546  242 343 -508  1
3912500 2352500  7  7 15  24.5  965 158  2.2 2  9.0  45  564  195 344 -509  1
3912500 2352500  7  7 16  24.9  965 223  1.2 2  8.9  44  574  119 345 -503  1
3912500 2352500  7  7 17  24.8  964 262  1.0 5  8.7  42  189  219 354 -495  1
3912500 2352500  7  7 18  24.7  964 247  1.6 3  8.5  42  272  106 357 -483  1
3912500 2352500  7  7 19  23.8  963 158  1.6 3  8.7  44  144   80 351 -467  1
3912500 2352500  7  7 20  22.3  963  92  2.8 2  9.6  52   34   40 348 -456  1
3912500 2352500  7  7 21  20.1  962  75  2.5 4 10.1  61    1    6 343 -450  1
3912500 2352500  7  7 22  19.3  962  87  2.2 5 10.0  66    0    0 346 -444  1
3912500 2352500  7  7 23  17.3  961  67  2.5 4 10.2  73    0    0 342 -439  1
3912500 2352500  7  7 24  16.2  961  70  3.8 2 10.1  80    0    0 328 -435  1
3912500 2352500  7  8  1  15.6  960  57  4.2 0  9.7  82    0    0 310 -433  1
3912500 2352500  7  8  2  16.1  959  49  1.2 1  9.6  81    0    0 303 -430  1
3912500 2352500  7  8  3  16.0  959  27  1.8 5  9.8  81    0    0 320 -428  1
3912500 2352500  7  8  4  16.0  958 352  1.3 6  9.9  82    0    0 339 -427  1
3912500 2352500  7  8  5  15.8  958 254  2.6 6 10.3  86    0    0 345 -425  1
3912500 2352500  7  8  6  15.3  959 327  1.2 6 10.8  92    0    7 344 -424  1
3912500 2352500  7  8  7  15.4  960 308  1.6 6 11.0  95    0   62 344 -425  1
3912500 2352500  7  8  8  16.1  959 130  3.0 7 11.3  95    0   67 352 -429  1
3912500 2352500  7  8  9  16.5  959 192  2.5 8 11.7  95    0   56 364 -435  1
3912500 2352500  7  8 10  17.5  959 181  2.3 8 11.9  93    0  114 373 -441  1
3912500 2352500  7  8 11  18.6  958 231  2.4 7 12.6  92    2  243 375 -450  1
3912500 2352500  7  8 12  19.9  957 234  2.8 5 13.3  90  241  433 368 -458  1
3912500 2352500  7  8 13  21.1  956 262  1.8 3 13.4  83  528  373 360 -462  1
3912500 2352500  7  8 14  20.8  955 300  1.8 4 13.6  82  241  424 360 -472  1
3912500 2352500  7  8 15  21.3  954 197  2.3 7 14.2  85   15  278 378 -480  1
3912500 2352500  7  8 16  22.8  955 179  1.1 5 14.5  82   83  313 386 -483  1
3912500 2352500  7  8 17  22.5  955 233  3.4 6 14.3  77    2  167 384 -478  1
3912500 2352500  7  8 18  20.2  954  21  3.4 8 13.7  81    0   46 389 -462  1
3912500 2352500  7  8 19  16.4  955 150  2.7 8 12.2  87    0   36 384 -450  1
3912500 2352500  7  8 20  16.8  955 172  2.8 8 11.9  90    0    7 372 -442  1
3912500 2352500  7  8 21  16.2  956 202  2.9 8 11.5  92    0    1 367 -434  1
3912500 2352500  7  8 22  16.1  957 213  2.9 8 11.3  93    0    0 372 -425  1
3912500 2352500  7  8 23  16.4  957 227  2.7 6 11.3  91    0    0 377 -421  1
3912500 2352500  7  8 24  16.6  957 242  2.3 5 11.2  88    0    0 372 -417  1
3912500 2352500  7  9  1  17.0  965 245  1.9 3 11.1  86    0    0 326 -430  1
3912500 2352500  7  9  2  17.0  966 238  1.6 1 11.1  85    0    0 322 -427  1
3912500 2352500  7  9  3  17.0  966 256  1.5 0 11.0  85    0    0 318 -422  1
3912500 2352500  7  9  4  16.8  966 255  1.6 0 10.9  86    0    0 317 -419  1
3912500 2352500  7  9  5  17.6  966 290  1.6 0 11.0  84    0    5 316 -418  1
3912500 2352500  7  9  6  17.9  967 272  1.7 0 10.9  84   28   48 319 -417  1
3912500 2352500  7  9  7  19.2  966 274  1.6 0 11.4  81  123  100 322 -422  1
3912500 2352500  7  9  8  21.3  967 147  1.4 0 12.0  77  266  129 326 -438  1
3912500 2352500  7  9  9  23.8  967 163  2.0 0 12.1  67  416  144 335 -461  1
3912500 2352500  7  9 10  25.0  967 145  2.4 1 12.4  61  548  154 347 -486  1
3912500 2352500  7  9 11  26.8  967 141  2.2 2 12.1  55  652  160 359 -507  1
3912500 2352500  7  9 12  28.1  966 147  2.6 3 11.3  47  705  171 372 -527  1
3912500 2352500  7  9 13  29.7  966 166  2.9 2 11.1  42  701  187 380 -543  1
3912500 2352500  7  9 14  31.4  966 182  2.4 3 10.8  38  386  341 388 -553  1
3912500 2352500  7  9 15  31.0  966 150  1.6 5 10.3  34  233  347 397 -558  1
3912500 2352500  7  9 16  30.6  966 138  4.4 4 10.6  36  175  299 398 -558  1
3912500 2352500  7  9 17  31.5  966 160  1.6 6 11.3  38  148  241 402 -531  1
3912500 2352500  7  9 18  29.0  965 185  1.8 6 11.6  41   70  171 403 -508  1
3912500 2352500  7  9 19  28.0  965 175  1.6 6 12.1  47   11   87 398 -505  1
3912500 2352500  7  9 20  25.4  965 343  1.6 6 12.8  55    3   32 393 -491  1
3912500 2352500  7  9 21  23.6  964 109  2.4 6 13.0  64    0    0 387 -476  1
3912500 2352500  7  9 22  21.4  965 326  1.4 8 12.9  72    0    0 383 -467  1
3912500 2352500  7  9 23  22.2  966   9  1.9 7 12.9  74    0    0 383 -458  1
3912500 2352500  7  9 24  19.7  966  32  1.6 5 12.6  77    0    0 374 -452  1
3912500 2352500  7 10  1  20.5  966  72  2.0 3 12.4  80    0    0 363 -449  1
3912500 2352500  7 10  2  19.3  966 131  1.8 2 12.3  80    0    0 359 -447  1
3912500 2352500  7 10  3  19.2  966 347  2.0 1 12.4  84    0    0 355 -443  1
3912500 2352500  7 10  4  19.2  966 100  2.1 0 12.1  83    0    0 351 -439  1
3912500 2352500  7 10  5  18.9  966  42  1.3 0 12.0  83    0    4 345 -436  1
3912500 2352500  7 10  6  19.3  966  45  1.3 1 12.4  85   19   47 344 -433  1
3912500 2352500  7 10  7  20.9  967  77  1.5 0 12.9  83   93  111 344 -436  1
3912500 2352500  7 10  8  23.4  967  92  2.2 0 13.5  77  220  152 348 -444  1
3912500 2352500  7 10  9  24.8  966  82  2.2 1 13.7  69  341  189 357 -455  1
3912500 2352500  7 10 10  26.3  967  91  2.1 1 13.1  60  447  219 364 -472  1
3912500 2352500  7 10 11  28.3  966  75  2.6 1 12.9  54  589  204 374 -492  1
3912500 2352500  7 10 12  29.6  966  80  2.6 1 13.6  52  560  263 384 -509  1
3912500 2352500  7 10 13  31.4  965  89  2.4 0 13.5  47  623  239 391 -524  1
3912500 2352500  7 10 14  33.2  965  88  3.1 0 13.1  41  691  178 398 -540  1
3912500 2352500  7 10 15  33.7  965 115  3.2 1 12.7  37  622  173 403 -548  1
3912500 2352500  7 10 16  34.0  964 149  4.0 1 11.5  33  517  164 402 -545  1
3912500 2352500  7 10 17  33.3  963 160  4.3 0 11.1  32  383  150 396 -535  1
3912500 2352500  7 10 18  32.5  963 172  3.9 0 11.3  34  237  129 390 -521  1
3912500 2352500  7 10 19  30.0  963 178  3.4 1 12.0  40   99   95 385 -504  1
3912500 2352500  7 10 20  25.8  962 252  2.7 3 13.0  52    3   32 381 -491  1
3912500 2352500  7 10 21  23.8  963 302  4.0 7 12.6  61    0    0 383 -481  1
3912500 2352500  7 10 22  22.2  964 196  1.7 8 12.4  67    0    0 389 -472  1
3912500 2352500  7 10 23  21.4  964 254  2.5 7 13.0  75    0    0 385 -465  1
3912500 2352500  7 10 24  20.6  965 297  1.5 7 13.2  80    0    0 378 -461  1
3912500 2352500  7 11  1  20.5  964 254  2.0 6 13.4  84    0    0 374 -458  1
3912500 2352500  7 11  2  19.7  964 275  3.2 6 13.2  85    0    0 368 -456  1
3912500 2352500  7 11  3  19.2  964 311  2.2 5 13.2  88    0    0 362 -455  1
3912500 2352500  7 11  4  19.0  964 236  1.3 6 13.3  91    0    0 360 -451  1
3912500 2352500  7 11  5  18.6  963 225  1.2 7 13.1  91    0    1 362 -448  1
3912500 2352500  7 11  6  20.3  965 244  1.6 6 13.2  88   15   49 363 -445  1
3912500 2352500  7 11  7  20.6  965 241  1.8 2 13.5  85   98  117 353 -446  1
3912500 2352500  7 11  8  22.4  965 235  1.3 2 13.8  81  177  188 347 -450  1
3912500 2352500  7 11  9  24.5  965 271  1.3 4 14.0  73  275  245 360 -457  1
3912500 2352500  7 11 10  25.3  966 251  1.7 4 14.3  68  364  292 371 -472  1
3912500 2352500  7 11 11  27.4  966 236  1.8 3 14.0  62  445  320 376 -489  1
3912500 2352500  7 11 12  27.4  965 225  2.5 2 13.8  57  498  335 379 -501  1
3912500 2352500  7 11 13  29.0  965 197  1.7 1 13.6  54  530  331 383 -515  1
3912500 2352500  7 11 14  29.9  964 202  1.8 1 13.4  49  517  319 387 -529  1
3912500 2352500  7 11 15  30.4  964 230  1.0 3 13.6  48  462  300 393 -539  1
3912500 2352500  7 11 16  30.4  964  21  2.8 4 13.5  47  357  280 398 -542  1
3912500 2352500  7 11 17  30.6  964 355  2.4 3 13.2  46  282  221 396 -526  1
3912500 2352500  7 11 18  29.7  963 341  2.6 5 13.2  47   99  186 395 -508  1
3912500 2352500  7 11 19  28.4  963 123  3.0 5 13.2  50   15   98 396 -500  1
3912500 2352500  7 11 20  26.6  963 336  2.9 6 13.2  54    0   11 394 -489  1
3912500 2352500  7 11 21  24.7  964 311  2.6 7 13.1  60    0    0 393 -477  1
3912500 2352500  7 11 22  23.5  964 158  2.7 7 13.0  66    0    0 391 -467  1
3912500 2352500  7 11 23  22.5  964 136  4.0 6 12.8  69    0    0 382 -462  1
3912500 2352500  7 11 24  22.0  964  74  3.7 5 12.3  69    0    0 371 -460  1
3912500 2352500  7 12  1  21.0  964 112  3.2 2 12.3  72    0    0 356 -457  1
3912500 2352500  7 12  2  19.8  964 192  4.4 0 12.3  78    0    0 335 -455  1
3912500 2352500  7 12  3  19.1  964 231  2.9 0 12.3  82    0    0 325 -453  1
3912500 2352500  7 12  4  19.0  963 153  2.1 3 12.3  84    0    0 333 -449  1
3912500 2352500  7 12  5  18.1  962 168  2.5 3 12.2  86    0    0 341 -445  1
3912500 2352500  7 12  6  19.3  963 117  1.8 5 12.5  87   15   46 348 -441  1
3912500 2352500  7 12  7  20.3  962 111  0.7 3 12.6  82   92  111 350 -440  1
3912500 2352500  7 12  8  22.2  962  67  0.8 3 12.7  76  199  165 349 -443  1
3912500 2352500  7 12  9  23.9  961  20  1.0 4 12.7  68  325  202 359 -457  1
3912500 2352500  7 12 10  25.5  962  78  1.3 4 12.8  62  419  241 367 -478  1
3912500 2352500  7 12 11  27.8  962 326  0.9 4 13.4  58  521  254 376 -500  1
3912500 2352500  7 12 12  28.6  961 357  1.7 3 13.3  52  593  255 382 -519  1
3912500 2352500  7 12 13  29.7  961 332  2.4 2 13.0  48  606  260 385 -531  1
3912500 2352500  7 12 14  31.0  961  25  2.8 1 12.4  43  579  257 388 -540  1
3912500 2352500  7 12 15  31.6  960 326  2.6 1 11.7  39  529  238 392 -548  1
3912500 2352500  7 12 16  31.0  960 265  2.8 1 11.6  38  458  201 390 -552  1
3912500 2352500  7 12 17  30.6  959 292  3.1 1 11.5  39  329  181 385 -540  1
3912500 2352500  7 12 18  24.1  958 310  5.4 3 11.4  47   94  175 376 -520  1
3912500 2352500  7 12 19  22.3  959 318  4.9 7 11.0  58    6   83 375 -507  1
3912500 2352500  7 12 20  19.4  962 295  7.0 8 11.2  69    0    6 381 -493  1
3912500 2352500  7 12 21  17.8  962 232  3.9 7 12.3  86    0    0 374 -477  1
3912500 2352500  7 12 22  17.7  962 139  2.9 7 12.6  94    0    0 369 -460  1
3912500 2352500  7 12 23  17.6  962 148  3.4 7 12.7  95    0    0 367 -450  1
3912500 2352500  7 12 24  17.4  961  93  2.2 7 12.7  96    0    0 366 -445  1
3912500 2352500  7 13  1  17.2  961  65  1.8 7 12.6  96    0    0 364 -439  1
3912500 2352500  7 13  2  16.9  960 355  1.2 5 12.4  96    0    0 355 -434  1
3912500 2352500  7 13  3  16.6  960 341  1.2 4 12.1  96    0    0 342 -430  1
3912500 2352500  7 13  4  16.3  960  22  1.4 5 12.0  97    0    0 339 -427  1
3912500 2352500  7 13  5  16.2  960 194  1.2 6 11.9  97    0    0 341 -426  1
3912500 2352500  7 13  6  16.9  960 290  1.0 7 12.0  96    0   24 347 -426  1
3912500 2352500  7 13  7  17.8  960 125  0.8 4 12.4  94   60  110 341 -431  1
3912500 2352500  7 13  8  19.0  961 189  1.4 4 12.8  91  133  178 334 -444  1
3912500 2352500  7 13  9  19.1  961 203  1.5 5 12.9  88  167  250 341 -463  1
3912500 2352500  7 13 10  21.0  961 171  1.9 6 13.2  85  144  320 355 -482  1
3912500 2352500  7 13 11  22.4  961 198  2.4 6 13.5  78  208  360 369 -501  1
3912500 2352500  7 13 12  24.5  961 183  2.7 4 13.4  70  422  325 372 -517  1
3912500 2352500  7 13 13  25.8  961 199  3.0 3 13.5  64  530  287 371 -527  1
3912500 2352500  7 13 14  26.1  960 214  5.0 3 13.1  59  499  286 372 -535  1
3912500 2352500  7 13 15  26.8  960 233  3.3 4 12.5  54  510  235 376 -535  1
3912500 2352500  7 13 16  26.7  959 243  6.0 4 12.6  54  456  193 379 -531  1
3912500 2352500  7 13 17  26.6  959 230  4.1 4 12.9  55  217  222 379 -526  1
3912500 2352500  7 13 18  27.2  959 228  2.8 2 12.5  53  207  135 375 -516  1
3912500 2352500  7 13 19  26.3  958 238  2.3 1 12.5  53  115   90 365 -504  1
3912500 2352500  7 13 20  23.7  958 281  1.3 2 13.1  62   21   37 359 -491  1
3912500 2352500  7 13 21  22.3  958 329  2.0 2 13.5  72    0    0 355 -480  1
3912500 2352500  7 13 22  21.4  958 138  1.5 3 13.5  77    0    0 355 -474  1
3912500 2352500  7 13 23  20.7  958  25  2.2 5 13.4  80    0    0 363 -470  1
3912500 2352500  7 13 24  20.3  958  55  1.6 4 13.8  86    0    0 364 -465  1
3912500 2352500  7 14  1  20.2  958  22  0.9 2 14.3  90    0    0 354 -461  1
3912500 2352500  7 14  2  20.5  958 329  1.2 3 14.2  89    0    0 350 -456  1
3912500 2352500  7 14  3  20.1  958  32  0.8 4 14.2  89    0    0 355 -452  1
3912500 2352500  7 14  4  19.5  958 136  1.6 5 14.3  92    0    0 357 -449  1
3912500 2352500  7 14  5  19.0  958 136  1.9 4 14.3  96    0    2 355 -444  1
3912500 2352500  7 14  6  19.4  958 100  2.0 1 14.2  96   18   41 341 -441  1
3912500 2352500  7 14  7  21.4  958 119  2.2 1 14.5  90   97   99 334 -444  1
3912500 2352500  7 14  8  22.6  958 131  1.7 1 15.0  85  236  130 340 -455  1
3912500 2352500  7 14  9  24.4  958 125  1.4 2 15.1  78  383  146 350 -474  1
3912500 2352500  7 14 10  26.3  958 114  1.9 2 15.4  71  464  187 363 -497  1
3912500 2352500  7 14 11  27.3  957 154  2.2 2 15.1  64  523  218 372 -521  1
3912500 2352500  7 14 12  29.1  958 119  2.2 2 14.7  57  657  181 380 -542  1
3912500 2352500  7 14 13  30.3  957 142  2.7 1 14.9  53  773  120 387 -560  1
3912500 2352500  7 14 14  31.6  956 145  2.9 1 14.2  48  742  120 391 -571  1
3912500 2352500  7 14 15  32.4  955 119  3.1 1 13.2  42  673  117 393 -574  1
3912500 2352500  7 14 16  33.0  954 144  4.2 1 13.0  39  560  118 396 -569  1
3912500 2352500  7 14 17  32.7  954 144  3.9 0 13.4  40  417  115 395 -558  1
3912500 2352500  7 14 18  32.1  953 162  3.5 0 13.8  42  265  104 390 -544  1
3912500 2352500  7 14 19  29.5  952 108  2.1 5 14.4  48   59   94 394 -528  1
3912500 2352500  7 14 20  26.1  953 333  2.1 5 14.4  57    0   20 396 -510  1
3912500 2352500  7 14 21  23.2  953 312  3.9 7 14.2  68    0    0 390 -493  1
3912500 2352500  7 14 22  21.2  956  57  3.0 8 14.7  82    0    0 389 -479  1
3912500 2352500  7 14 23  20.4  957 359  1.9 8 14.4  88    0    0 384 -471  1
3912500 2352500  7 14 24  19.8  958 320  2.9 7 13.9  88    0    0 376 -467  1
3912500 2352500  7 15  1  19.6  959 282  2.3 7 13.4  87    0    0 370 -461  1
3912500 2352500  7 15  2  19.2  960 276  2.0 6 12.9  86    0    0 364 -453  1
3912500 2352500  7 15  3  19.0  960 324  2.4 7 12.8  87    0    0 364 -446  1
3912500 2352500  7 15  4  19.1  961 300  2.6 7 13.0  88    0    0 367 -440  1
3912500 2352500  7 15  5  18.9  961 337  1.2 7 12.9  89    0    0 367 -436  1
3912500 2352500  7 15  6  18.6  962 269  2.1 7 12.8  89    0   25 365 -433  1
3912500 2352500  7 15  7  17.8  961 147  1.5 6 12.5  90    0   73 357 -436  1
3912500 2352500  7 15  8  18.7  962 143  2.6 5 12.4  89   10  158 349 -446  1
3912500 2352500  7 15  9  18.5  963 125  1.3 6 12.1  85   34  244 351 -462  1
3912500 2352500  7 15 10  19.8  964 152  1.8 8 11.7  80   19  266 362 -482  1
3912500 2352500  7 15 11  21.5  963 157  3.0 7 10.9  68   48  341 366 -503  1
3912500 2352500  7 15 12  22.5  963 167  2.5 5 10.7  61  285  400 362 -522  1
3912500 2352500  7 15 13  24.0  963 182  2.7 2 11.1  59  573  288 358 -534  1
3912500 2352500  7 15 14  24.3  963 205  1.4 2 11.0  55  617  244 358 -543  1
3912500 2352500  7 15 15  24.0  962 180  2.5 2 11.0  55  525  248 358 -552  1
3912500 2352500  7 15 16  25.0  963 232  4.8 2 11.1  55  337  273 360 -551  1
3912500 2352500  7 15 17  25.2  963 244  2.3 1 11.1  53  315  194 360 -535  1
3912500 2352500  7 15 18  24.8  963 265  2.4 1 10.9  52  221  148 357 -519  1
3912500 2352500  7 15 19  24.0  962 207  2.1 1 11.3  56   95  103 354 -505  1
3912500 2352500  7 15 20  22.0  961 212  1.8 3 11.7  63   14   36 355 -491  1
3912500 2352500  7 15 21  19.9  962 155  1.2 5 11.9  72    0    0 360 -480  1
3912500 2352500  7 15 22  19.3  963  54  1.1 5 12.1  80    0    0 363 -473  1
3912500 2352500  7 15 23  19.1  963 232  1.4 3 12.1  82    0    0 355 -466  1
3912500 2352500  7 15 24  18.0  962 232  0.9 1 12.2  86    0    0 340 -460  1
3912500 2352500  7 16  1  17.8  962 232  0.9 0 12.2  90    0    0 329 -454  1
3912500 2352500  7 16  2  17.3  962 310  1.6 0 12.0  90    0    0 324 -446  1
3912500 2352500  7 16  3  16.4  962 350  1.5 0 11.8  93    0    0 322 -441  1
3912500 2352500  7 16  4  16.9  962  24  1.1 0 11.7  93    0    0 321 -436  1
3912500 2352500  7 16  5  16.8  962  37  1.2 1 11.6  91    0    1 324 -432  1
3912500 2352500  7 16  6  17.4  962 145  0.8 1 11.7  91   16   45 326 -428  1
3912500 2352500  7 16  7  19.2  963 195  0.6 0 12.2  88   78  122 327 -431  1
3912500 2352500  7 16  8  21.5  964 221  0.8 1 12.8  81  184  186 333 -444  1
3912500 2352500  7 16  9  23.0  964 186  0.6 1 13.2  74  303  235 343 -466  1
3912500 2352500  7 16 10  24.3  963 169  0.8 0 13.5  70  402  279 349 -491  1
3912500 2352500  7 16 11  25.9  964 222  1.3 0 13.4  64  486  308 355 -515  1
3912500 2352500  7 16 12  27.8  963 179  1.9 1 12.8  55  542  324 365 -538  1
3912500 2352500  7 16 13  29.2  963 192  2.3 0 11.6  45  563  326 370 -555  1
3912500 2352500  7 16 14  30.4  962 196  2.3 0 11.4  41  546  317 373 -565  1
3912500 2352500  7 16 15  30.6  963 205  2.5 1 11.5  40  494  297 378 -566  1
3912500 2352500  7 16 16  31.3  963 233  2.6 1 10.4  35  412  266 380 -565  1
3912500 2352500  7 16 17  31.3  962 307  3.8 1  9.9  33  303  227 380 -558  1
3912500 2352500  7 16 18  30.2  962 292  2.6 2 10.5  36  170  175 380 -543  1
3912500 2352500  7 16 19  27.4  961 335  1.1 5 11.7  45   28  105 382 -523  1
3912500 2352500  7 16 20  26.2  961 334  1.8 6 12.6  54    0   24 383 -506  1
3912500 2352500  7 16 21  23.9  962 327  3.7 8 12.6  60    0    0 383 -490  1
3912500 2352500  7 16 22  22.6  962  28  4.5 8 13.1  69    0    0 381 -478  1
3912500 2352500  7 16 23  19.4  963 167  4.6 8 13.7  83    0    0 374 -470  1
3912500 2352500  7 16 24  18.9  964 138  2.3 8 13.6  93    0    0 367 -462  1
3912500 2352500  7 17  1  18.9  964 354  0.8 7 13.4  93    0    0 363 -455  1
3912500 2352500  7 17  2  18.5  963 250  3.9 6 13.6  95    0    0 356 -450  1
3912500 2352500  7 17  3  18.4  964 146  3.5 6 13.5  96    0    0 352 -445  1
3912500 2352500  7 17  4  18.4  964 201  2.7 7 13.5  96    0    0 355 -440  1
3912500 2352500  7 17  5  18.0  964 240  0.8 6 13.2  96    0    0 353 -435  1
3912500 2352500  7 17  6  18.1  963 275  1.4 4 13.0  95   14   46 342 -431  1
3912500 2352500  7 17  7  19.1  963 336  1.8 2 13.2  93   98  122 330 -431  1
3912500 2352500  7 17  8  20.5  965   8  2.1 3 13.5  88  193  188 330 -440  1
3912500 2352500  7 17  9  22.1  966  11  2.6 3 13.1  78  306  244 337 -458  1
3912500 2352500  7 17 10  22.9  966 323  2.5 3 12.5  70  283  341 342 -482  1
3912500 2352500  7 17 11  23.3  966 208  1.5 6 12.6  67   15  299 357 -506  1
3912500 2352500  7 17 12  23.9  966 346  2.3 6 12.8  66    0  182 372 -526  1
3912500 2352500  7 17 13  23.0  967 339  4.3 5 12.8  67   30  358 371 -536  1
3912500 2352500  7 17 14  22.5  967 353  2.4 5 12.5  68   24  335 367 -533  1
3912500 2352500  7 17 15  22.4  967 290  4.6 7 12.4  69    0  131 372 -529  1
3912500 2352500  7 17 16  20.7  967 341  4.3 7 12.1  71    0  108 377 -519  1
3912500 2352500  7 17 17  17.8  967 340  5.0 8 11.5  78    0   67 373 -500  1
3912500 2352500  7 17 18  17.3  967 336  3.4 7 11.4  86    0   41 372 -481  1
3912500 2352500  7 17 19  15.9  967 326  3.2 7 11.4  91    0   24 366 -467  1
3912500 2352500  7 17 20  15.8  969 342  1.6 8 11.0  93    0    7 368 -461  1
3912500 2352500  7 17 21  15.9  970 338  1.0 8 10.9  92    0    0 371 -455  1
3912500 2352500  7 17 22  15.5  970 268  1.6 8 10.9  93    0    0 371 -450  1
3912500 2352500  7 17 23  15.3  970 261  1.2 8 10.8  94    0    0 369 -446  1
3912500 2352500  7 17 24  15.3  971 253  1.1 8 10.8  94    0    0 366 -441  1
3912500 2352500  7 18  1  15.4  971 269  1.1 6 10.7  94    0    0 357 -437  1
3912500 2352500  7 18  2  15.5  971 278  1.1 6 10.7  94    0    0 345 -431  1
3912500 2352500  7 18  3  15.4  971 323  0.1 5 10.7  93    0    0 339 -424  1
3912500 2352500  7 18  4  15.3  971 320  0.0 5 10.7  94    0    0 336 -419  1
3912500 2352500  7 18  5  15.2  971 341  0.0 5 10.7  95    0    0 336 -412  1
3912500 2352500  7 18  6  15.3  971   3  0.4 6 10.6  93    2   30 341 -407  1
3912500 2352500  7 18  7  16.3  971  32  0.7 4 10.8  92  117   69 339 -409  1
3912500 2352500  7 18  8  17.3  973  58  1.8 3 10.8  86  314   64 328 -419  1
3912500 2352500  7 18  9  18.6  973  64  2.3 2 10.2  76  490   61 324 -437  1
3912500 2352500  7 18 10  19.5  973  38  2.6 4  9.8  68  497  110 332 -455  1
3912500 2352500  7 18 11  19.6  973  52  2.7 7  9.7  65  169  309 352 -473  1
3912500 2352500  7 18 12  22.2  972  23  2.9 6  9.6  59  161  340 361 -489  1
3912500 2352500  7 18 13  22.4  973  93  5.1 2  9.2  53  502  216 352 -501  1
3912500 2352500  7 18 14  22.0  972  82  3.4 3  8.7  50  315  294 343 -505  1
3912500 2352500  7 18 15  22.8  972 106  4.2 4  8.3  47  548  132 352 -508  1
3912500 2352500  7 18 16  23.6  971  97  3.1 4  8.0  43  440  132 360 -509  1
3912500 2352500  7 18 17  22.9  971  91  3.1 2  8.0  43  436   89 353 -504  1
3912500 2352500  7 18 18  23.2  970  73  3.6 2  8.2  45  307   62 346 -496  1
3912500 2352500  7 18 19  22.1  970  68  3.3 1  8.2  46  153   54 341 -481  1
3912500 2352500  7 18 20  20.6  969  47  3.1 1  8.4  51   32   26 334 -467  1
3912500 2352500  7 18 21  18.9  969  53  3.4 1  8.7  58    0    0 328 -453  1
3912500 2352500  7 18 22  18.0  969  59  3.4 1  9.1  66    0    0 325 -445  1
3912500 2352500  7 18 23  16.8  970  53  4.5 0  9.5  73    0    0 318 -440  1
3912500 2352500  7 18 24  17.2  970  56  4.2 0  9.5  74    0    0 312 -438  1
3912500 2352500  7 19  1  16.3  970  50  4.1 1  9.3  74    0    0 315 -437  1
3912500 2352500  7 19  2  15.8  970  50  3.7 0  9.1  76    0    0 312 -434  1
3912500 2352500  7 19  3  15.0  968  45  3.4 1  9.0  79    0    0 310 -430  1
3912500 2352500  7 19  4  13.9  968  32  3.2 1  9.0  83    0    0 311 -426  1
3912500 2352500  7 19  5  14.5  968   5  3.1 1  9.0  85    0    2 310 -423  1
3912500 2352500  7 19  6  15.9  968   2  3.1 2  9.2  81   24   38 317 -421  1
3912500 2352500  7 19  7  16.8  969  54  3.6 0  9.4  77  130   79 315 -423  1
3912500 2352500  7 19  8  17.9  969  50  4.3 0  9.7  74  279   99 308 -434  1
3912500 2352500  7 19  9  19.7  968  88  4.6 0  9.8  69  438  107 313 -451  1
3912500 2352500  7 19 10  20.9  968 103  4.1 0  9.9  64  573  115 319 -473  1
3912500 2352500  7 19 11  22.6  969  97  4.7 0  9.9  58  689  114 327 -497  1
3912500 2352500  7 19 12  24.2  968 106  4.9 0  9.6  51  771  106 334 -519  1
3912500 2352500  7 19 13  24.8  968 108  4.9 0  9.1  45  791  107 339 -535  1
3912500 2352500  7 19 14  25.3  967  82  5.0 0  9.0  43  763  108 341 -540  1
3912500 2352500  7 19 15  25.2  967  99  3.8 0  8.8  42  672  118 343 -537  1
3912500 2352500  7 19 16  25.5  966  77  3.6 1  8.7  41  544  124 345 -535  1
3912500 2352500  7 19 17  25.5  966  79  3.4 1  8.9  41  405  119 348 -533  1
3912500 2352500  7 19 18  24.7  965  51  3.5 0  9.0  43  270  101 344 -523  1
3912500 2352500  7 19 19  23.7  965 127  3.1 0  9.0  45  123   80 338 -509  1
3912500 2352500  7 19 20  22.5  965  58  2.3 0  9.0  49   22   33 333 -493  1
3912500 2352500  7 19 21  19.8  965  17  2.1 0  9.3  56    0    0 327 -477  1
3912500 2352500  7 19 22  18.9  965  26  2.4 0  9.6  65    0    0 319 -466  1
3912500 2352500  7 19 23  18.6  965  26  2.4 1  9.4  66    0    0 318 -460  1
3912500 2352500  7 19 24  17.7  965  66  2.5 1  9.1  67    0    0 317 -453  1
3912500 2352500  7 20  1  16.9  965  50  1.7 1  9.0  70    0    0 313 -445  1
3912500 2352500  7 20  2  15.8  964  12  2.2 1  9.1  74    0    0 310 -440  1
3912500 2352500  7 20  3  14.6  964  20  2.4 0  9.1  80    0    0 304 -434  1
3912500 2352500  7 20  4  14.3  963  43  2.6 0  9.2  85    0    0 298 -430  1
3912500 2352500  7 20  5  13.9  963  51  1.0 0  9.2  87    0    1 298 -426  1
3912500 2352500  7 20  6  14.8  963  43  1.9 0  9.4  87   25   37 299 -423  1
3912500 2352500  7 20  7  17.3  963  81  1.7 0  9.7  81  126   81 305 -426  1
3912500 2352500  7 20  8  19.9  962  97  2.9 0 10.2  72  274  103 314 -440  1
3912500 2352500  7 20  9  20.9  963  97  2.9 0 10.6  67  431  114 320 -462  1
3912500 2352500  7 20 10  22.0  963 113  3.3 0 10.7  64  563  125 326 -485  1
3912500 2352500  7 20 11  23.7  962 135  4.0 0 10.9  59  674  128 333 -507  1
3912500 2352500  7 20 12  24.6  962 149  3.2 0 11.1  56  745  128 341 -528  1
3912500 2352500  7 20 13  25.7  962 140  2.7 0 10.7  51  772  125 347 -544  1
3912500 2352500  7 20 14  26.5  961 167  3.3 0 10.2  46  749  123 350 -555  1
3912500 2352500  7 20 15  27.4  960 166  3.1 0  9.9  42  684  119 352 -560  1
3912500 2352500  7 20 16  27.5  959 182  4.4 0  9.3  38  574  116 350 -558  1
3912500 2352500  7 20 17  27.4  959 184  2.8 0  9.3  38  426  115 346 -551  1
3912500 2352500  7 20 18  27.5  958 195  2.3 0  9.8  40  269  105 346 -540  1
3912500 2352500  7 20 19  26.1  957  94  2.6 0 10.1  43  122   83 344 -527  1
3912500 2352500  7 20 20  24.0  957  98  2.1 0 10.3  49   21   34 340 -508  1
3912500 2352500  7 20 21  20.5  957 120  2.4 1 10.6  60    0    0 334 -488  1
3912500 2352500  7 20 22  19.5  957 107  3.6 1 11.0  71    0    0 331 -472  1
3912500 2352500  7 20 23  18.5  957 118  1.4 1 11.1  76    0    0 329 -462  1
3912500 2352500  7 20 24  17.3  957 108  3.2 0 11.0  81    0    0 322 -455  1
3912500 2352500  7 21  1  17.4  957  38  1.9 1 11.0  84    0    0 319 -448  1
3912500 2352500  7 21  2  17.1  957 294  1.7 1 11.0  84    0    0 320 -442  1
3912500 2352500  7 21  3  16.9  956 346  2.1 1 11.1  86    0    0 319 -438  1
3912500 2352500  7 21  4  16.4  956  44  1.4 1 11.1  88    0    0 318 -435  1
3912500 2352500  7 21  5  15.8  956 165  1.9 1 11.0  90    0    0 316 -432  1
3912500 2352500  7 21  6  16.6  957 233  1.1 0 11.2  91   17   39 315 -430  1
3912500 2352500  7 21  7  19.4  958 174  1.7 0 11.8  86   95   99 319 -434  1
3912500 2352500  7 21  8  20.7  957 201  2.0 0 12.2  78  214  144 326 -448  1
3912500 2352500  7 21  9  23.0  957 176  2.1 1 12.6  72  343  177 335 -471  1
3912500 2352500  7 21 10  24.6  958 187  2.8 1 12.9  66  371  249 346 -498  1
3912500 2352500  7 21 11  27.4  958 185  2.9 1 12.6  56  538  228 357 -525  1
3912500 2352500  7 21 12  28.7  957 194  2.4 1 12.1  48  545  268 366 -552  1
3912500 2352500  7 21 13  29.2  958 176  3.5 1 11.6  44  623  237 372 -576  1
3912500 2352500  7 21 14  30.6  957 172  3.8 2 11.4  40  629  214 379 -585  1
3912500 2352500  7 21 15  30.4  957 180  3.7 3 11.3  39  585  192 386 -579  1
3912500 2352500  7 21 16  30.6  957 201  3.6 3 11.2  38  493  175 389 -572  1
3912500 2352500  7 21 17  30.5  956 174  3.6 2 10.9  38  358  160 387 -566  1
3912500 2352500  7 21 18  30.3  956 206  4.0 2 11.1  38  214  135 385 -553  1
3912500 2352500  7 21 19  27.9  956 146  4.6 4 11.6  43   82   94 384 -532  1
3912500 2352500  7 21 20  26.8  956 332  1.9 5 11.7  48    0   18 385 -511  1
3912500 2352500  7 21 21  24.9  957 286  2.0 7 12.0  54    0    0 389 -491  1
3912500 2352500  7 21 22  24.3  958 340  2.4 8 12.1  59    0    0 396 -479  1
3912500 2352500  7 21 23  22.8  959 348  1.7 8 11.7  61    0    0 396 -472  1
3912500 2352500  7 21 24  21.2  959 354  1.0 8 11.7  66    0    0 390 -466  1
3912500 2352500  7 22  1  20.4  960   5  1.8 7 12.0  73    0    0 383 -462  1
3912500 2352500  7 22  2  19.9  959 309  2.1 6 12.1  77    0    0 373 -458  1
3912500 2352500  7 22  3  19.1  959 171  1.1 4 12.2  81    0    0 358 -454  1
3912500 2352500  7 22  4  18.3  959 353  1.7 1 12.3  86    0    0 336 -451  1
3912500 2352500  7 22  5  17.9  960 276  1.3 2 12.2  88    0    0 325 -446  1
3912500 2352500  7 22  6  18.2  960 315  2.0 3 12.3  89   10   37 331 -442  1
3912500 2352500  7 22  7  19.8  960 358  1.5 3 12.5  86   54  109 338 -443  1
3912500 2352500  7 22  8  21.5  960 116  1.2 5 12.7  79  106  183 352 -454  1
3912500 2352500  7 22  9  22.6  961 126  1.9 7 12.7  72  181  251 373 -474  1
3912500 2352500  7 22 10  23.9  960 124  2.1 6 12.6  67  247  309 380 -500  1
3912500 2352500  7 22 11  25.4  961 199  2.3 4 12.5  60  360  326 376 -524  1
3912500 2352500  7 22 12  26.3  961 188  1.0 4 12.5  57  295  389 376 -547  1
3912500 2352500  7 22 13  27.7  961 344  2.1 5 12.9  54  316  393 386 -567  1
3912500 2352500  7 22 14  27.7  960 102  2.6 4 12.9  52  231  398 390 -581  1
3912500 2352500  7 22 15  26.6  960 342  2.4 7 12.8  53    8  247 394 -578  1
3912500 2352500  7 22 16  24.5  960 307  4.0 7 13.2  61    0   66 397 -548  1
3912500 2352500  7 22 17  20.6  959 295  5.2 6 13.7  75    0  130 384 -513  1
3912500 2352500  7 22 18  20.6  961 340  3.8 7 13.4  83    2  108 378 -497  1
3912500 2352500  7 22 19  20.2  962 336  2.6 8 13.2  83    0   45 385 -487  1
3912500 2352500  7 22 20  18.6  962 327  1.5 8 13.4  90    0    7 388 -474  1
3912500 2352500  7 22 21  18.8  963 270  2.4 8 13.5  94    0    0 387 -461  1
3912500 2352500  7 22 22  18.1  963 206  2.1 8 13.5  96    0    0 386 -450  1
3912500 2352500  7 22 23  17.9  963 211  1.5 8 13.4  98    0    0 386 -443  1
3912500 2352500  7 22 24  17.6  963 222  1.2 8 13.1  97    0    0 385 -440  1
3912500 2352500  7 23  1  17.8  963 184  1.1 7 13.0  97    0    0 380 -437  1
3912500 2352500  7 23  2  17.8  963  74  1.0 6 13.0  96    0    0 368 -435  1
3912500 2352500  7 23  3  17.9  963 323  0.9 7 12.9  95    0    0 367 -435  1
3912500 2352500  7 23  4  17.4  963 163  0.6 6 12.8  96    0    0 367 -435  1
3912500 2352500  7 23  5  17.3  963 251  1.2 6 12.8  97    0    0 361 -435  1
3912500 2352500  7 23  6  17.6  963 318  1.0 6 12.8  97    0    5 361 -431  1
3912500 2352500  7 23  7  18.3  963 329  1.0 8 12.8  94    0   34 371 -428  1
3912500 2352500  7 23  8  18.4  963 270  0.6 6 12.8  92    2  132 373 -430  1
3912500 2352500  7 23  9  19.1  963 234  0.8 6 12.7  89   11  222 367 -434  1
3912500 2352500  7 23 10  19.7  964 205  1.2 7 12.7  85    2  224 376 -446  1
3912500 2352500  7 23 11  19.8  964 181  1.9 7 12.8  84    0  123 385 -465  1
3912500 2352500  7 23 12  18.8  963 105  2.7 7 12.9  87    0  101 385 -481  1
3912500 2352500  7 23 13  18.3  963 307  2.1 7 13.0  92    0   84 383 -490  1
3912500 2352500  7 23 14  17.0  962 292  2.6 8 12.5  94    0   80 383 -485  1
3912500 2352500  7 23 15  16.7  962 168  2.3 8 12.0  95    0   74 382 -491  1
3912500 2352500  7 23 16  16.1  963 212  3.9 8 11.7  95    0   68 377 -498  1
3912500 2352500  7 23 17  15.8  963 221  3.5 7 11.4  95    0   80 370 -481  1
3912500 2352500  7 23 18  15.5  964 231  3.2 7 11.0  94    0   88 364 -469  1
3912500 2352500  7 23 19  14.7  965 225  4.9 8 10.3  91    0   46 365 -466  1
3912500 2352500  7 23 20  14.2  965 232  4.3 8  9.8  91    0   10 366 -454  1
3912500 2352500  7 23 21  13.8  964 239  3.4 7  9.7  92    0    0 361 -440  1
3912500 2352500  7 23 22  13.7  965 256  3.1 7  9.5  92    0    0 356 -432  1
3912500 2352500  7 23 23  13.6  966 257  3.0 8  9.3  91    0    0 356 -426  1
3912500 2352500  7 23 24  13.8  965 268  3.2 8  9.2  90    0    0 357 -422  1
3912500 2352500  7 24  1  13.6  966 265  3.2 7  9.0  87    0    0 351 -417  1
3912500 2352500  7 24  2  13.7  966 275  3.2 6  8.7  85    0    0 340 -413  1
3912500 2352500  7 24  3  13.3  966 284  3.2 6  8.8  86    0    0 334 -409  1
3912500 2352500  7 24  4  13.1  966 285  2.8 6  8.8  89    0    0 332 -406  1
3912500 2352500  7 24  5  13.0  966 291  2.8 6  8.8  89    0    0 331 -403  1
3912500 2352500  7 24  6  13.3  966 288  2.6 7  8.8  89    0   27 335 -401  1
3912500 2352500  7 24  7  13.6  966 294  2.4 5  8.9  88    8   88 333 -404  1
3912500 2352500  7 24  8  13.3  966 286  2.5 7  9.1  90    0   77 333 -416  1
3912500 2352500  7 24  9  13.3  966 282  2.7 7  9.2  92    0   80 341 -435  1
3912500 2352500  7 24 10  13.8  967 271  2.4 7  9.3  91    0  108 340 -455  1
3912500 2352500  7 24 11  14.3  967 269  3.2 7  9.4  89    0  136 339 -474  1
3912500 2352500  7 24 12  14.6  967 236  3.4 6  9.4  88    0  169 336 -488  1
3912500 2352500  7 24 13  15.4  967 300  4.9 7  9.5  85    0  148 338 -492  1
3912500 2352500  7 24 14  14.5  967 307  3.1 8  9.8  88    0  148 345 -495  1
3912500 2352500  7 24 15  16.7  967 187  2.4 8  9.9  85    0  175 352 -505  1
3912500 2352500  7 24 16  16.6  967 290  3.6 8  9.9  79   10  223 355 -511  1
3912500 2352500  7 24 17  16.7  967 285  2.5 8  9.7  78    4  165 355 -504  1
3912500 2352500  7 24 18  16.6  967 288  3.8 8  9.8  78   10  134 354 -490  1
3912500 2352500  7 24 19  16.4  966 289  3.6 5  9.9  80   20   97 344 -476  1
3912500 2352500  7 24 20  15.4  966 286  2.7 5  9.9  83    6   30 331 -459  1
3912500 2352500  7 24 21  14.6  967 281  2.4 6  9.8  87    0    0 330 -444  1
3912500 2352500  7 24 22  14.4  966 285  3.5 5  9.6  88    0    0 326 -434  1
3912500 2352500  7 24 23  13.8  966 296  3.4 5  9.3  88    0    0 320 -428  1
3912500 2352500  7 24 24  13.1  966 300  2.5 4  9.1  89    0    0 313 -422  1
3912500 2352500  7 25  1  12.3  966 309  1.9 3  8.8  91    0    0 302 -416  1
3912500 2352500  7 25  2  11.9  966 298  2.1 2  8.5  92    0    0 293 -411  1
3912500 2352500  7 25  3  11.9  965 290  1.6 2  8.5  93    0    0 288 -408  1
3912500 2352500  7 25  4  11.9  965 283  0.7 2  8.5  93    0    0 287 -403  1
3912500 2352500  7 25  5  11.8  965 276  0.9 4  8.3  91    0    0 291 -399  1
3912500 2352500  7 25  6  12.1  965 272  0.6 4  8.2  90    0   20 295 -397  1
3912500 2352500  7 25  7  12.6  965 272  1.2 5  8.3  88   19   87 298 -400  1
3912500 2352500  7 25  8  14.1  965 315  1.3 6  8.5  84  101  162 308 -411  1
3912500 2352500  7 25  9  16.0  966 325  2.0 2  8.1  72  353  143 303 -430  1
3912500 2352500  7 25 10  17.5  965   3  2.7 2  7.0  56  499  144 295 -453  1
3912500 2352500  7 25 11  18.4  964 113  2.5 3  6.6  49  487  216 303 -477  1
3912500 2352500  7 25 12  18.5  964 358  4.5 3  6.5  47  298  342 309 -492  1
3912500 2352500  7 25 13  19.9  963 284  2.9 4  6.1  42  371  320 316 -496  1
3912500 2352500  7 25 14  19.8  963 321  3.6 5  6.0  40  133  352 324 -501  1
3912500 2352500  7 25 15  19.7  963 332  3.1 7  6.1  40   52  295 332 -503  1
3912500 2352500  7 25 16  19.6  962 333  2.0 8  6.2  41    4  196 340 -501  1
3912500 2352500  7 25 17  19.3  962 299  1.9 7  6.5  44   29  195 341 -494  1
3912500 2352500  7 25 18  19.2  962 339  2.5 6  7.0  48  136  142 337 -484  1
3912500 2352500  7 25 19  18.1  962 303  1.7 5  7.6  54   59   85 332 -472  1
3912500 2352500  7 25 20  16.6  962 303  1.9 5  8.1  62   17   27 327 -457  1
3912500 2352500  7 25 21  15.7  962 300  3.2 6  8.1  67    0    0 326 -444  1
3912500 2352500  7 25 22  15.4  962 295  2.4 7  8.1  69    0    0 329 -434  1
3912500 2352500  7 25 23  14.9  962 295  2.3 7  8.4  74    0    0 331 -427  1
3912500 2352500  7 25 24  15.0  962 303  3.6 8  8.9  79    0    0 333 -422  1
3912500 2352500  7 26  1  14.5  963 301  2.7 7  9.3  84    0    0 333 -419  1
3912500 2352500  7 26  2  14.1  962 152  2.4 7  9.5  88    0    0 330 -416  1
3912500 2352500  7 26  3  13.7  962 219  1.4 7  9.5  91    0    0 331 -413  1
3912500 2352500  7 26  4  13.5  962 223  1.6 7  9.5  92    0    0 331 -409  1
3912500 2352500  7 26  5  13.4  961 215  1.1 6  9.4  93    0    0 329 -403  1
3912500 2352500  7 26  6  13.8  962 220  1.5 7  9.5  92    0   15 330 -399  1
3912500 2352500  7 26  7  13.9  961 225  1.5 7  9.5  91    1   74 334 -401  1
3912500 2352500  7 26  8  14.3  961 225  2.0 7  9.5  90    0   86 336 -412  1
3912500 2352500  7 26  9  14.9  961 224  2.2 8  9.6  87    0   97 342 -422  1
3912500 2352500  7 26 10  15.1  961 233  2.0 6  9.8  87    2  224 343 -427  1
3912500 2352500  7 26 11  16.3  961 243  1.2 6 10.1  85   14  299 342 -434  1
3912500 2352500  7 26 12  17.6  961 304  2.7 7  9.8  76    3  262 351 -451  1
3912500 2352500  7 26 13  17.5  961 272  2.8 8  9.9  75    0  222 363 -464  1
3912500 2352500  7 26 14  17.2  960 219  1.5 8 10.4  80    0  166 369 -461  1
3912500 2352500  7 26 15  18.2  960 253  2.6 5 10.3  77   45  344 359 -456  1
3912500 2352500  7 26 16  18.6  960 283  4.9 5 10.4  74  122  350 351 -454  1
3912500 2352500  7 26 17  17.7  960 257  3.0 8 10.6  77    2  158 363 -453  1
3912500 2352500  7 26 18  17.5  959 282  2.8 4 10.9  82    0   62 358 -448  1
3912500 2352500  7 26 19  17.0  959 278  3.0 6 11.2  86    2   69 350 -439  1
3912500 2352500  7 26 20  15.8  960 251  2.7 8 10.7  86    0    3 362 -431  1
3912500 2352500  7 26 21  15.0  960 272  2.4 8 10.3  89    0    0 365 -423  1
3912500 2352500  7 26 22  14.8  961 315  1.7 8 10.6  94    0    0 364 -419  1
3912500 2352500  7 26 23  15.0  961 297  2.0 7 10.8  96    0    0 359 -415  1
3912500 2352500  7 26 24  15.0  961 309  2.3 8 10.9  96    0    0 359 -410  1
3912500 2352500  7 27  1  14.9  961 289  2.4 8 10.9  96    0    0 362 -408  1
3912500 2352500  7 27  2  14.6  961 250  2.6 7 10.6  96    0    0 357 -405  1
3912500 2352500  7 27  3  14.4  961 245  3.0 8 10.4  96    0    0 357 -403  1
3912500 2352500  7 27  4  14.3  961 253  2.7 8 10.3  95    0    0 362 -402  1
3912500 2352500  7 27  5  14.3  961 291  2.0 7 10.2  95    0    0 356 -401  1
3912500 2352500  7 27  6  14.2  962 282  2.3 7 10.1  94    0   13 352 -401  1
3912500 2352500  7 27  7  14.6  963 299  2.5 7 10.1  93    0   63 353 -403  1
3912500 2352500  7 27  8  15.4  963 295  2.6 7 10.2  91   25  164 355 -408  1
3912500 2352500  7 27  9  16.3  964 300  3.6 7 10.0  84   90  251 357 -419  1
3912500 2352500  7 27 10  17.1  964 300  3.4 6  9.5  76  138  316 356 -430  1
3912500 2352500  7 27 11  18.7  964 309  3.6 4  9.4  70  327  332 347 -433  1
3912500 2352500  7 27 12  18.7  964 306  3.4 6  9.4  66  133  384 351 -435  1
3912500 2352500  7 27 13  18.9  964 320  2.7 7  9.3  65    2  251 363 -445  1
3912500 2352500  7 27 14  19.1  964  10  2.9 7  9.3  64   51  341 367 -460  1
3912500 2352500  7 27 15  20.0  964 279  3.6 7  9.4  63   19  275 369 -478  1
3912500 2352500  7 27 16  20.6  965 286  3.1 5  9.2  59   52  268 363 -477  1
3912500 2352500  7 27 17  20.0  965 300  3.0 5  9.2  59  181  227 355 -471  1
3912500 2352500  7 27 18  20.0  965 347  3.4 6  9.3  61   52  163 358 -468  1
3912500 2352500  7 27 19  18.8  964 331  2.8 7  9.8  66   18   89 364 -456  1
3912500 2352500  7 27 20  17.6  965 295  1.9 5 10.1  74    0   17 357 -443  1
3912500 2352500  7 27 21  16.8  965 291  2.0 5 10.0  78    0    0 346 -430  1
3912500 2352500  7 27 22  15.6  966 273  1.5 3 10.0  82    0    0 335 -420  1
3912500 2352500  7 27 23  14.6  966 266  1.7 2  9.7  86    0    0 320 -414  1
3912500 2352500  7 27 24  14.1  965 294  1.9 3  9.5  88    0    0 317 -411  1
3912500 2352500  7 28  1  13.4  965 256  1.7 4  9.4  91    0    0 325 -412  1
3912500 2352500  7 28  2  13.4  965 189  1.5 5  9.5  94    0    0 332 -414  1
3912500 2352500  7 28  3  13.5  965 187  1.3 6  9.6  95    0    0 340 -415  1
3912500 2352500  7 28  4  13.1  965 235  1.5 5  9.5  95    0    0 339 -414  1
3912500 2352500  7 28  5  12.5  965 234  1.8 6  9.2  95    0    0 335 -413  1
3912500 2352500  7 28  6  12.9  965 207  1.9 6  9.3  96    0   25 340 -413  1
3912500 2352500  7 28  7  14.0  965 193  1.5 7  9.6  95   15  103 348 -413  1
3912500 2352500  7 28  8  15.5  965 196  1.6 6 10.0  91   49  203 353 -415  1
3912500 2352500  7 28  9  16.6  965 215  2.4 7 10.3  85   10  222 358 -419  1
3912500 2352500  7 28 10  16.5  965 234  3.6 8 10.4  84    0  195 373 -428  1
3912500 2352500  7 28 11  17.0  965 220  3.1 6 10.5  83    0  157 369 -433  1
3912500 2352500  7 28 12  16.3  965 222  4.2 7 10.6  85    0  164 363 -432  1
3912500 2352500  7 28 13  16.2  965 211  4.1 8 11.0  90    0  157 374 -444  1
3912500 2352500  7 28 14  16.5  965 223  3.5 7 11.1  90    0  199 373 -456  1
3912500 2352500  7 28 15  17.0  964 224  4.4 7 11.2  89    0  179 372 -452  1
3912500 2352500  7 28 16  17.6  964 230  3.5 6 11.3  86    5  211 370 -445  1
3912500 2352500  7 28 17  18.1  963 224  3.3 6 11.3  84   21  219 369 -444  1
3912500 2352500  7 28 18  18.7  962 220  3.0 6 11.6  83   31  178 371 -448  1
3912500 2352500  7 28 19  18.2  961 216  3.4 4 11.7  83   27  109 363 -447  1
3912500 2352500  7 28 20  17.5  961 191  2.6 5 11.7  86    5   30 356 -438  1
3912500 2352500  7 28 21  17.3  962 260  2.6 8 11.7  89    0    0 367 -427  1
3912500 2352500  7 28 22  16.8  962 224  2.1 7 11.7  91    0    0 373 -419  1
3912500 2352500  7 28 23  16.3  962 238  1.7 7 11.6  93    0    0 368 -415  1
3912500 2352500  7 28 24  15.5  961 219  2.3 6 11.5  96    0    0 360 -414  1
3912500 2352500  7 29  1  15.6  961 229  2.6 6 11.4  98    0    0 353 -412  1
3912500 2352500  7 29  2  15.4  960 211  2.1 7 11.4  98    0    0 356 -409  1
3912500 2352500  7 29  3  15.2  960 207  3.1 7 11.3  98    0    0 359 -407  1
3912500 2352500  7 29  4  15.5  959 231  2.6 6 11.3  98    0    0 355 -408  1
3912500 2352500  7 29  5  15.9  958 274  2.6 8 11.4  96    0    0 361 -406  1
3912500 2352500  7 29  6  15.5  958 306  2.7 7 11.4  96    0   19 365 -404  1
3912500 2352500  7 29  7  15.2  958 313  2.9 7 11.1  96    0   68 359 -404  1
3912500 2352500  7 29  8  15.2  959 267  2.2 7 11.0  96    0   52 357 -405  1
3912500 2352500  7 29  9  15.2  958 274  2.1 7 11.0  96    0   99 358 -406  1
3912500 2352500  7 29 10  15.6  958 242  1.9 8 11.0  95    0  133 363 -410  1
3912500 2352500  7 29 11  15.2  958 238  2.6 8 10.9  94    0  100 366 -416  1
3912500 2352500  7 29 12  15.1  958 213  2.8 8 10.6  92    0   85 365 -431  1
3912500 2352500  7 29 13  14.7  958 210  3.3 6 10.3  92    0  184 355 -439  1
3912500 2352500  7 29 14  16.1  959 237  2.8 3 10.2  88  255  379 339 -443  1
3912500 2352500  7 29 15  17.8  959 273  4.4 5 10.3  80  296  328 339 -449  1
3912500 2352500  7 29 16  17.5  958 318  4.4 8 10.2  76   30  249 358 -448  1
3912500 2352500  7 29 17  15.7  958 316  4.0 7 10.3  82    3  156 363 -448  1
3912500 2352500  7 29 18  14.9  959 323  5.4 8 10.4  90    0   96 360 -440  1
3912500 2352500  7 29 19  13.9  959 283  2.1 6 10.0  92   10   79 353 -430  1
3912500 2352500  7 29 20  14.1  960 279  2.6 8  9.8  92    6   27 353 -422  1
3912500 2352500  7 29 21  13.4  960 312  1.6 6  9.7  93    0    0 353 -414  1
3912500 2352500  7 29 22  13.0  960 267  2.2 6  9.6  96    0    0 345 -408  1
3912500 2352500  7 29 23  13.1  960 238  2.1 7  9.5  96    0    0 349 -404  1
3912500 2352500  7 29 24  13.3  960 225  2.0 7  9.5  95    0    0 352 -400  1
3912500 2352500  7 30  1  13.2  960 222  2.4 7  9.5  94    0    0 352 -397  1
3912500 2352500  7 30  2  13.2  960 246  1.8 7  9.4  94    0    0 352 -395  1
3912500 2352500  7 30  3  13.1  960 294  1.3 7  9.4  94    0    0 353 -396  1
3912500 2352500  7 30  4  13.1  960 284  1.6 7  9.4  94    0    0 352 -396  1
3912500 2352500  7 30  5  13.0  960 287  1.7 8  9.4  95    0    0 356 -396  1
3912500 2352500  7 30  6  11.9  960 263  1.6 7  9.1  95    0   18 354 -396  1
3912500 2352500  7 30  7  12.4  960 308  1.4 8  9.1  97    1   63 353 -395  1
3912500 2352500  7 30  8  13.4  961 317  2.0 4  9.3  95  193   88 343 -397  1
3912500 2352500  7 30  9  14.0  962 349  2.2 5  9.2  89  247  138 331 -402  1
3912500 2352500  7 30 10  15.4  962  35  1.9 6  9.0  82  152  238 344 -417  1
3912500 2352500  7 30 11  15.5  962 345  1.4 4  9.1  79  459  145 342 -430  1
3912500 2352500  7 30 12  17.6  962 359  3.3 5  8.8  71  149  293 342 -439  1
3912500 2352500  7 30 13  18.2  962   4  2.5 7  8.9  66  256  274 360 -460  1
3912500 2352500  7 30 14  18.8  962  65  3.2 7  9.0  64  136  296 371 -475  1
3912500 2352500  7 30 15  18.3  962 143  2.9 4  9.0  64  340  196 359 -479  1
3912500 2352500  7 30 16  18.7  962 136  1.5 6  8.8  63  163  208 352 -482  1
3912500 2352500  7 30 17  17.6  962 144  2.8 7  8.8  64   56  180 360 -478  1
3912500 2352500  7 30 18  18.4  962 239  2.5 7  9.0  66  101  117 360 -464  1
3912500 2352500  7 30 19  17.4  963 130  1.0 6  9.0  67   59   67 354 -451  1
3912500 2352500  7 30 20  15.5  963 348  0.7 6  9.2  75    3   19 344 -440  1
3912500 2352500  7 30 21  14.4  963  11  0.6 4  9.3  83    0    0 331 -430  1
3912500 2352500  7 30 22  13.0  963  30  1.8 3  9.1  88    0    0 317 -420  1
3912500 2352500  7 30 23  12.4  963 139  2.1 1  8.8  92    0    0 304 -410  1
3912500 2352500  7 30 24  11.6  963 114  2.6 1  8.7  94    0    0 296 -403  1
3912500 2352500  7 31  1  11.4  963 322  1.9 0  8.6  96    0    0 289 -398  1
3912500 2352500  7 31  2  11.1  963  47  2.2 1  8.4  96    0    0 287 -394  1
3912500 2352500  7 31  3  10.4  963  35  1.7 1  8.2  96    0    0 288 -390  1
3912500 2352500  7 31  4  10.1  963  73  1.9 1  8.0  98    0    0 286 -387  1
3912500 2352500  7 31  5   9.8  963  32  1.3 1  7.8  97    0    0 283 -384  1
3912500 2352500  7 31  6  10.7  964  36  1.6 1  7.9  96   12   32 283 -381  1
3912500 2352500  7 31  7  12.6  963   8  1.6 0  8.4  93  104   79 283 -384  1
3912500 2352500  7 31  8  14.3  964  62  1.5 0  8.8  86  259   96 285 -396  1
3912500 2352500  7 31  9  15.5  964 110  2.1 0  8.9  80  430   94 290 -419  1
3912500 2352500  7 31 10  17.4  964 138  1.7 0  9.2  75  589   83 298 -445  1
3912500 2352500  7 31 11  19.2  964 117  1.4 0  9.3  67  713   74 307 -470  1
3912500 2352500  7 31 12  20.4  964 136  2.6 0  9.1  60  789   71 313 -493  1
3912500 2352500  7 31 13  22.0  964 156  2.3 1  8.7  53  807   74 323 -508  1
3912500 2352500  7 31 14  22.8  963 163  2.6 1  8.2  46  779   76 332 -514  1
3912500 2352500  7 31 15  23.7  963 162  2.3 2  7.7  41  703   80 338 -519  1
3912500 2352500  7 31 16  23.7  962  92  1.0 2  7.3  38  582   86 343 -521  1
3912500 2352500  7 31 17  23.9  962 255  1.2 1  6.9  36  430   89 340 -519  1
3912500 2352500  7 31 18  23.6  962 229  1.8 0  6.8  35  267   84 331 -507  1
3912500 2352500  7 31 19  21.5  962 193  1.7 0  7.8  43  108   72 324 -486  1
3912500 2352500  7 31 20  18.4  962 208  1.4 2  8.4  54   11   25 325 -465  1
3912500 2352500  7 31 21  17.0  962 264  1.2 1  8.2  61    0    0 322 -449  1
3912500 2352500  7 31 22  14.7  962 305  1.6 0  8.3  70    0    0 307 -437  1
3912500 2352500  7 31 23  15.8  963 329  2.1 0  8.7  76    0    0 302 -429  1
3912500 2352500  7 31 24  14.4  963 254  1.5 0  9.0  80    0    0 302 -424  1
3912500 2352500  8  1  1  13.8  962 250  1.6 1  8.8  85    0    0 306 -415  1
3912500 2352500  8  1  2  13.3  962 255  1.0 1  8.8  86    0    0 304 -413  1
3912500 2352500  8  1  3  13.2  962 251  1.4 3  8.9  89    0    0 311 -408  1
3912500 2352500  8  1  4  12.3  962 245  1.2 4  8.9  92    0    0 323 -404  1
3912500 2352500  8  1  5  12.1  962 226  1.3 3  8.7  93    0    0 320 -400  1
3912500 2352500  8  1  6  13.1  962 242  1.3 3  8.8  91   13   26 315 -396  1
3912500 2352500  8  1  7  14.9  963 207  1.0 2  9.2  87   93   79 313 -397  1
3912500 2352500  8  1  8  17.3  963 154  1.6 2  9.7  81  214  121 313 -409  1
3912500 2352500  8  1  9  20.0  963 161  2.2 2 10.3  72  348  152 323 -431  1
3912500 2352500  8  1 10  21.8  963 190  2.4 2 10.5  64  512  162 333 -457  1
3912500 2352500  8  1 11  23.3  963 189  3.0 2 10.6  58  618  173 341 -480  1
3912500 2352500  8  1 12  24.8  962 196  3.0 3 10.8  55  702  170 352 -498  1
3912500 2352500  8  1 13  26.6  963 195  2.7 2 10.6  48  750  154 359 -512  1
3912500 2352500  8  1 14  26.8  962 216  3.5 1 10.9  47  714  156 360 -523  1
3912500 2352500  8  1 15  26.7  962 221  4.7 2 11.3  49  654  149 361 -527  1
3912500 2352500  8  1 16  27.8  961 249  5.3 2 11.1  46  528  147 367 -524  1
3912500 2352500  8  1 17  26.7  961 219  2.7 1 11.0  46  356  144 365 -514  1
3912500 2352500  8  1 18  26.2  961 263  1.9 2 11.1  49  221  117 363 -504  1
3912500 2352500  8  1 19  24.6  960 317  1.9 6 11.9  56   57   78 372 -493  1
3912500 2352500  8  1 20  22.9  961   3  2.1 7 12.5  64   12   19 379 -478  1
3912500 2352500  8  1 21  21.2  960 229  3.0 8 12.8  73    0    0 378 -464  1
3912500 2352500  8  1 22  18.8  961 261  3.8 8 13.0  84    0    0 375 -453  1
3912500 2352500  8  1 23  18.4  963 258  2.7 8 13.1  92    0    0 371 -446  1
3912500 2352500  8  1 24  18.0  962 239  2.9 8 12.9  93    0    0 371 -441  1
3912500 2352500  8  2  1  17.7  962 234  2.6 7 12.8  94    0    0 367 -436  1
3912500 2352500  8  2  2  17.3  962 296  2.9 7 12.7  96    0    0 365 -435  1
3912500 2352500  8  2  3  16.9  962 293  2.0 6 12.5  97    0    0 362 -436  1
3912500 2352500  8  2  4  16.9  962 219  2.2 5 12.5  98    0    0 357 -435  1
3912500 2352500  8  2  5  17.0  962 214  1.5 6 12.5  98    0    0 358 -432  1
3912500 2352500  8  2  6  17.1  962 218  1.9 7 12.6  98    0    3 366 -431  1
3912500 2352500  8  2  7  17.6  962 225  1.0 8 12.7  97    7   70 376 -431  1
3912500 2352500  8  2  8  17.8  962  30  1.6 7 12.9  96   17  144 378 -435  1
3912500 2352500  8  2  9  18.6  962 128  1.6 5 13.2  95   50  231 369 -440  1
3912500 2352500  8  2 10  19.2  963 150  2.1 5 13.3  92   49  285 366 -451  1
3912500 2352500  8  2 11  20.1  963 243  2.1 7 13.4  88   20  278 378 -468  1
3912500 2352500  8  2 12  21.1  963 289  2.3 8 13.3  83    0  154 393 -472  1
3912500 2352500  8  2 13  19.8  962 242  2.4 7 13.1  82    0  218 393 -459  1
3912500 2352500  8  2 14  19.5  962 262  2.3 7 13.1  86    0  235 388 -459  1
3912500 2352500  8  2 15  19.9  962 232  2.5 7 13.2  87    0  166 388 -464  1
3912500 2352500  8  2 16  18.5  962 271  2.8 7 13.2  90    0   98 385 -464  1
3912500 2352500  8  2 17  18.6  962 285  2.3 5 13.1  92    1  145 375 -464  1
3912500 2352500  8  2 18  18.1  962 239  2.5 7 12.8  91    2  102 373 -457  1
3912500 2352500  8  2 19  17.2  961 317  1.9 8 12.3  92    0   23 380 -447  1
3912500 2352500  8  2 20  16.7  961 200  2.4 8 12.1  94    0    5 380 -439  1
3912500 2352500  8  2 21  16.4  961 218  2.0 7 12.1  97    0    0 374 -432  1
3912500 2352500  8  2 22  16.3  962 243  2.4 7 12.0  98    0    0 369 -429  1
3912500 2352500  8  2 23  16.2  962 233  2.1 7 11.9  97    0    0 369 -427  1
3912500 2352500  8  2 24  16.3  962 225  1.9 7 11.8  96    0    0 370 -426  1
3912500 2352500  8  3  1  16.1  962 184  1.6 7 11.7  96    0    0 370 -423  1
3912500 2352500  8  3  2  15.9  961 172  1.7 7 11.7  98    0    0 369 -420  1
3912500 2352500  8  3  3  15.8  961 335  1.5 6 11.7  98    0    0 362 -418  1
3912500 2352500  8  3  4  15.1  961  26  2.6 6 11.4  98    0    0 356 -415  1
3912500 2352500  8  3  5  15.3  961 170  2.0 7 11.2  98    0    0 358 -412  1
3912500 2352500  8  3  6  14.9  961 333  2.4 6 11.0  96    6   22 356 -411  1
3912500 2352500  8  3  7  15.6  961 352  2.6 7 10.6  93   30   73 353 -414  1
3912500 2352500  8  3  8  16.0  962 216  3.4 7 10.5  88    6  118 356 -422  1
3912500 2352500  8  3  9  16.2  962 227  3.2 7 10.3  85    0  144 355 -432  1
3912500 2352500  8  3 10  16.6  963 122  2.2 5 10.3  84  148  261 350 -447  1
3912500 2352500  8  3 11  18.1  963   8  2.4 6 10.5  80   27  270 352 -459  1
3912500 2352500  8  3 12  19.2  962 329  3.7 7 10.4  73   26  283 365 -460  1
3912500 2352500  8  3 13  19.7  963 112  3.1 8 10.1  68   89  327 373 -469  1
3912500 2352500  8  3 14  19.4  962  67  4.2 8 10.0  66   31  288 377 -478  1
3912500 2352500  8  3 15  18.9  962 137  4.3 7 10.2  70    9  233 373 -482  1
3912500 2352500  8  3 16  17.9  961 149  3.5 4 10.1  72  241  215 356 -482  1
3912500 2352500  8  3 17  19.6  962 184  2.4 3  9.4  66  439   90 342 -479  1
3912500 2352500  8  3 18  19.2  962 200  3.0 2  9.2  62  315   51 336 -475  1
3912500 2352500  8  3 19  17.3  961 218  2.3 2  9.6  69  132   44 328 -465  1
3912500 2352500  8  3 20  15.8  962 248  2.3 2  9.8  78   11   14 321 -455  1
3912500 2352500  8  3 21  14.5  962  57  0.8 2  9.6  84    0    0 315 -446  1
3912500 2352500  8  3 22  14.0  963 319  1.5 1  9.3  87    0    0 308 -441  1
3912500 2352500  8  3 23  13.0  962 299  1.3 2  9.0  89    0    0 305 -437  1
3912500 2352500  8  3 24  12.4  962 327  1.4 2  8.9  92    0    0 307 -434  1
3912500 2352500  8  4  1  12.1  962 305  1.2 0  8.8  93    0    0 297 -429  1
3912500 2352500  8  4  2  11.0  961 270  1.4 0  8.6  96    0    0 286 -422  1
3912500 2352500  8  4  3  10.9  961 207  1.4 1  8.4  97    0    0 285 -416  1
3912500 2352500  8  4  4  10.0  961 157  1.4 2  8.2  98    0    0 291 -413  1
3912500 2352500  8  4  5  11.1  960 146  1.8 3  8.1  97    0    0 298 -412  1
3912500 2352500  8  4  6  11.5  960 126  1.4 4  8.3  94    0    6 307 -413  1
3912500 2352500  8  4  7  13.6  960 173  1.2 6  8.8  92    2   61 324 -416  1
3912500 2352500  8  4  8  15.1  961 130  2.1 7  9.5  88   11  138 342 -424  1
3912500 2352500  8  4  9  15.6  960 186  1.8 6  9.9  86   99  246 347 -433  1
3912500 2352500  8  4 10  17.1  960 224  1.8 5 10.0  81  285  282 345 -443  1
3912500 2352500  8  4 11  18.5  960 134  1.6 6 10.1  75  272  348 352 -452  1
3912500 2352500  8  4 12  19.6  960 179  2.2 6 10.0  69  220  393 364 -459  1
3912500 2352500  8  4 13  20.1  959 172  3.0 4  9.6  63  249  398 361 -477  1
3912500 2352500  8  4 14  21.4  958 147  1.8 4  9.1  56  269  377 357 -490  1
3912500 2352500  8  4 15  21.3  957 192  2.1 6  8.9  53  151  346 367 -488  1
3912500 2352500  8  4 16  22.1  957 169  2.1 5  8.7  50  220  288 371 -481  1
3912500 2352500  8  4 17  21.7  957 187  2.1 4  8.6  50  320  171 363 -477  1
3912500 2352500  8  4 18  21.5  956 210  3.2 4  8.8  51  143  144 354 -475  1
3912500 2352500  8  4 19  20.0  956 197  2.5 5  9.2  57   42   80 354 -468  1
3912500 2352500  8  4 20  18.3  956 237  2.2 6  9.6  67    6   17 356 -458  1
3912500 2352500  8  4 21  17.3  956 248  1.9 6  9.8  73    0    0 363 -450  1
3912500 2352500  8  4 22  16.5  955 245  1.9 7  9.9  78    0    0 369 -445  1
3912500 2352500  8  4 23  15.9  955 234  2.0 7  9.9  81    0    0 368 -438  1
3912500 2352500  8  4 24  15.3  954 214  2.2 7  9.8  84    0    0 373 -433  1
3912500 2352500  8  5  1  14.8  966 204  2.2 7  9.7  87    0    0 349 -416  1
3912500 2352500  8  5  2  14.2  966 190  2.2 7  9.6  89    0    0 352 -415  1
3912500 2352500  8  5  3  13.7  966 181  2.1 7  9.5  92    0    0 355 -413  1
3912500 2352500  8  5  4  13.4  966 161  1.9 7  9.4  92    0    0 357 -412  1
3912500 2352500  8  5  5  13.5  966 135  1.6 6  9.4  92    0    0 355 -411  1
3912500 2352500  8  5  6  12.9  966  92  1.5 7  9.2  93    2   19 351 -409  1
3912500 2352500  8  5  7  13.7  966  32  1.0 5  9.5  94    1   61 344 -409  1
3912500 2352500  8  5  8  14.5  966  10  1.2 6  9.9  93   14  159 344 -413  1
3912500 2352500  8  5  9  15.7  967 116  1.8 5  9.9  88  177  279 350 -420  1
3912500 2352500  8  5 10  16.9  967 177  1.7 3  9.8  80  303  332 341 -429  1
3912500 2352500  8  5 11  17.1  967 173  1.2 3  9.6  76  275  414 337 -449  1
3912500 2352500  8  5 12  19.2  967 141  1.7 5  9.7  71  230  459 350 -466  1
3912500 2352500  8  5 13  19.0  966  86  3.5 6  9.3  64  127  449 363 -472  1
3912500 2352500  8  5 14  19.1  966   8  1.0 4  9.3  64  174  450 358 -464  1
3912500 2352500  8  5 15  19.6  966  51  2.8 7  9.1  62   13  273 360 -458  1
3912500 2352500  8  5 16  19.5  966  60  2.4 6  8.6  57   14  242 363 -463  1
3912500 2352500  8  5 17  17.6  965  88  3.0 5  8.8  63   41  234 353 -462  1
3912500 2352500  8  5 18  17.1  966  95  2.2 6  9.4  72    0   93 350 -454  1
3912500 2352500  8  5 19  16.3  966  18  2.4 5  9.7  78    0   51 347 -443  1
3912500 2352500  8  5 20  16.2  966  34  1.2 6  9.6  79    1   16 346 -432  1
3912500 2352500  8  5 21  15.6  966 346  1.4 7  9.6  80    0    0 350 -422  1
3912500 2352500  8  5 22  14.9  967  28  1.0 8  9.6  84    0    0 355 -414  1
3912500 2352500  8  5 23  14.8  966   6  1.1 8  9.6  87    0    0 357 -410  1
3912500 2352500  8  5 24  14.3  966 358  0.6 8  9.6  88    0    0 357 -407  1
3912500 2352500  8  6  1  14.3  966 340  1.1 8  9.4  88    0    0 355 -403  1
3912500 2352500  8  6  2  13.8  966  11  1.7 8  9.2  88    0    0 352 -400  1
3912500 2352500  8  6  3  13.8  965  12  2.1 7  9.2  89    0    0 347 -398  1
3912500 2352500  8  6  4  14.1  965  50  1.3 7  9.4  90    0    0 344 -396  1
3912500 2352500  8  6  5  14.2  965  16  1.6 7  9.4  89    0    0 345 -396  1
3912500 2352500  8  6  6  14.2  965 352  1.4 8  9.4  89    0    3 349 -396  1
3912500 2352500  8  6  7  14.3  965  63  1.4 7  9.5  89    0   21 350 -399  1
3912500 2352500  8  6  8  14.2  965 128  2.3 7  9.5  89    0   41 348 -406  1
3912500 2352500  8  6  9  14.3  965 103  2.2 7  9.6  90    0  107 350 -415  1
3912500 2352500  8  6 10  15.0  965 175  1.3 7  9.9  90    7  195 352 -425  1
3912500 2352500  8  6 11  15.0  966 301  2.2 8 10.0  89    0  112 358 -437  1
3912500 2352500  8  6 12  15.3  966 336  2.0 8 10.1  90    0  102 364 -447  1
3912500 2352500  8  6 13  15.7  966 343  1.7 8 10.4  90    0   91 367 -451  1
3912500 2352500  8  6 14  15.4  966  54  2.8 8 10.5  90    0  109 368 -449  1
3912500 2352500  8  6 15  15.7  966  38  2.4 7 10.5  90    0  103 365 -450  1
3912500 2352500  8  6 16  15.7  966  87  1.6 8 10.6  90    0   87 366 -448  1
3912500 2352500  8  6 17  15.6  966  62  1.8 8 10.6  91    0   60 371 -438  1
3912500 2352500  8  6 18  15.4  966  57  2.4 7 10.7  92    0   47 367 -430  1
3912500 2352500  8  6 19  15.2  966  41  1.6 8 10.7  93    0   16 367 -423  1
3912500 2352500  8  6 20  14.6  966  58  2.4 7 10.5  94    0    3 367 -418  1
3912500 2352500  8  6 21  14.6  966  36  2.4 8 10.4  95    0    0 366 -414  1
3912500 2352500  8  6 22  14.7  966  51  2.0 7 10.4  95    0    0 367 -410  1
3912500 2352500  8  6 23  14.7  966   7  1.7 7 10.4  95    0    0 363 -408  1
3912500 2352500  8  6 24  14.6  966  47  1.4 7 10.5  96    0    0 363 -407  1
3912500 2352500  8  7  1  15.3  965   8  2.7 6 10.6  94    0    0 359 -405  1
3912500 2352500  8  7  2  15.3  965  12  2.1 7 10.5  91    0    0 359 -404  1
3912500 2352500  8  7  3  15.2  965  10  2.3 7 10.3  90    0    0 363 -404  1
3912500 2352500  8  7  4  15.9  964   7  2.5 6 10.3  89    0    0 359 -403  1
3912500 2352500  8  7  5  15.4  964 354  3.6 8 10.2  87    0    0 363 -402  1
3912500 2352500  8  7  6  15.1  964 359  2.1 7 10.0  87    0    8 365 -401  1
3912500 2352500  8  7  7  15.3  964   4  2.8 7 10.0  88    0   38 360 -401  1
3912500 2352500  8  7  8  15.4  965 345  3.9 6  9.9  86    3  121 355 -401  1
3912500 2352500  8  7  9  16.3  965 351  3.5 7  9.9  83    7  180 357 -402  1
3912500 2352500  8  7 10  17.0  965 343  2.7 6 10.3  83   87  294 362 -406  1
3912500 2352500  8  7 11  18.7  966 346  1.9 5 10.5  78   95  335 358 -413  1
3912500 2352500  8  7 12  19.9  966 339  2.2 6 10.1  69   30  312 363 -416  1
3912500 2352500  8  7 13  19.1  966 349  2.0 6 10.1  68   11  282 369 -413  1
3912500 2352500  8  7 14  18.8  966   2  0.8 5 10.3  71   91  346 364 -418  1
3912500 2352500  8  7 15  16.5  966   0  1.9 5 10.6  79   27  275 358 -430  1
3912500 2352500  8  7 16  16.8  966 182  1.8 8 11.2  89    0  149 368 -444  1
3912500 2352500  8  7 17  15.6  966 147  1.4 6 11.2  93    6  165 370 -450  1
3912500 2352500  8  7 18  16.1  966 156  3.4 8 10.9  92    1  102 368 -444  1
3912500 2352500  8  7 19  15.5  966 154  2.0 8 10.9  92    0   43 376 -432  1
3912500 2352500  8  7 20  15.2  967 295  1.4 7 10.7  93    0    8 370 -421  1
3912500 2352500  8  7 21  14.7  967 320  1.1 5 10.4  93    0    0 356 -414  1
3912500 2352500  8  7 22  14.4  967 300  1.1 7 10.4  95    0    0 354 -409  1
3912500 2352500  8  7 23  14.2  967 297  1.0 7 10.2  95    0    0 361 -406  1
3912500 2352500  8  7 24  13.9  967 286  0.9 7 10.0  95    0    0 359 -402  1
3912500 2352500  8  8  1  14.0  967 281  1.3 7  9.9  95    0    0 359 -398  1
3912500 2352500  8  8  2  13.9  968 275  1.2 8  9.8  93    0    0 363 -394  1
3912500 2352500  8  8  3  14.0  968 252  0.9 7  9.7  93    0    0 363 -391  1
3912500 2352500  8  8  4  13.9  968 258  0.7 7  9.8  94    0    0 359 -387  1
3912500 2352500  8  8  5  13.5  968 277  0.8 6  9.7  95    0    0 354 -384  1
3912500 2352500  8  8  6  13.5  968 273  1.3 6  9.6  95    0    6 348 -382  1
3912500 2352500  8  8  7  14.4  968 284  0.9 6  9.7  93    6   71 350 -383  1
3912500 2352500  8  8  8  14.8  968 241  1.5 5  9.9  91   42  151 347 -392  1
3912500 2352500  8  8  9  15.8  968 221  1.9 4 10.3  90   83  223 340 -406  1
3912500 2352500  8  8 10  17.2  969 244  1.9 4 10.8  88  154  278 340 -418  1
3912500 2352500  8  8 11  18.2  969 281  2.1 6 11.3  85   90  319 355 -434  1
3912500 2352500  8  8 12  19.4  968 268  2.3 4 11.6  81  246  333 360 -449  1
3912500 2352500  8  8 13  20.1  968 319  2.0 8 11.4  76   14  281 372 -458  1
3912500 2352500  8  8 14  18.8  968 245  2.0 8 11.0  74    0  144 387 -466  1
3912500 2352500  8  8 15  18.3  968 308  1.6 8 11.1  79    0  115 385 -467  1
3912500 2352500  8  8 16  19.4  968 288  1.3 4 11.4  79  165  254 371 -464  1
3912500 2352500  8  8 17  19.2  967 310  1.9 6 11.3  77   53  197 364 -456  1
3912500 2352500  8  8 18  18.7  967 326  2.3 8 11.3  79    0   90 380 -445  1
3912500 2352500  8  8 19  18.4  967 318  1.1 7 11.5  82    2   54 383 -436  1
3912500 2352500  8  8 20  17.7  967 326  0.8 7 11.7  86    3   14 377 -428  1
3912500 2352500  8  8 21  16.9  968 316  1.4 5 11.5  88    0    0 365 -421  1
3912500 2352500  8  8 22  15.3  968 313  1.8 4 10.8  90    0    0 347 -416  1
3912500 2352500  8  8 23  14.4  968 247  1.6 4 10.3  92    0    0 337 -413  1
3912500 2352500  8  8 24  14.6  968 246  2.2 8 10.0  92    0    0 352 -411  1
3912500 2352500  8  9  1  14.4  968 215  1.7 7  9.9  91    0    0 363 -409  1
3912500 2352500  8  9  2  14.2  968 229  1.3 7  9.8  92    0    0 358 -407  1
3912500 2352500  8  9  3  14.0  968 224  1.8 6  9.7  92    0    0 353 -405  1
3912500 2352500  8  9  4  13.0  967 234  2.2 7  9.5  93    0    0 351 -404  1
3912500 2352500  8  9  5  13.8  967 236  0.9 7  9.5  94    0    0 356 -402  1
3912500 2352500  8  9  6  13.6  967 240  1.7 7  9.7  95    0    1 357 -401  1
3912500 2352500  8  9  7  14.8  967 219  1.9 8 10.1  95    0   49 363 -401  1
3912500 2352500  8  9  8  15.5  968 241  1.0 6 10.6  93   31  160 362 -402  1
3912500 2352500  8  9  9  16.1  968 190  2.1 5 10.9  93  121  241 350 -409  1
3912500 2352500  8  9 10  18.1  967 221  2.0 5 11.4  89  263  277 350 -420  1
3912500 2352500  8  9 11  19.6  967 189  2.4 5 11.6  81  325  316 357 -431  1
3912500 2352500  8  9 12  21.1  968 296  2.2 5 11.9  75  444  302 362 -435  1
3912500 2352500  8  9 13  22.4  967 182  3.0 6 11.6  68  201  393 371 -438  1
3912500 2352500  8  9 14  23.0  967 184  3.2 8 11.1  61    1  232 386 -438  1
3912500 2352500  8  9 15  20.5  966 158  3.0 8 11.1  65    0  129 392 -437  1
3912500 2352500  8  9 16  20.5  966 248  3.1 7 12.1  76    8  212 384 -445  1
3912500 2352500  8  9 17  20.7  967 219  2.7 7 12.8  80   34  202 380 -445  1
3912500 2352500  8  9 18  20.9  967 285  2.8 6 12.3  76   59  149 376 -438  1
3912500 2352500  8  9 19  20.2  966 326  1.6 5 12.1  76   61   70 366 -431  1
3912500 2352500  8  9 20  18.5  966 339  1.3 8 12.0  81   10   20 369 -422  1
3912500 2352500  8  9 21  17.6  966 352  1.2 7 12.0  88    0    0 372 -413  1
3912500 2352500  8  9 22  17.2  967 351  1.1 6 12.0  91    0    0 362 -406  1
3912500 2352500  8  9 23  16.8  967 328  1.4 6 11.7  92    0    0 356 -402  1
3912500 2352500  8  9 24  16.0  968 328  1.0 8 11.5  94    0    0 361 -399  1
3912500 2352500  8 10  1  16.1  968   4  0.7 7 11.3  94    0    0 363 -395  1
3912500 2352500  8 10  2  15.3  968   5  1.0 8 10.8  93    0    0 360 -390  1
3912500 2352500  8 10  3  15.3  968  87  0.7 7 10.4  91    0    0 359 -386  1
3912500 2352500  8 10  4  14.9  967  49  1.3 6 10.4  92    0    0 352 -382  1
3912500 2352500  8 10  5  14.2  967  43  1.1 6 10.4  96    0    0 348 -379  1
3912500 2352500  8 10  6  14.9  966  76  1.2 6 10.5  97    1   16 349 -376  1
3912500 2352500  8 10  7  15.2  967 101  0.7 2 10.6  94   57   76 334 -378  1
3912500 2352500  8 10  8  16.4  968 108  0.8 4 10.8  91   99  157 328 -389  1
3912500 2352500  8 10  9  17.2  968 151  1.7 6 11.2  89   80  241 348 -408  1
3912500 2352500  8 10 10  18.3  968 158  1.8 5 11.5  86  133  306 357 -430  1
3912500 2352500  8 10 11  20.2  968 155  1.6 3 11.8  80  404  275 352 -452  1
3912500 2352500  8 10 12  22.0  968 174  1.5 2 11.9  72  648  177 346 -469  1
3912500 2352500  8 10 13  22.9  968 183  1.4 2 10.9  61  643  194 346 -480  1
3912500 2352500  8 10 14  23.8  967  62  1.5 4  9.9  53  380  322 354 -487  1
3912500 2352500  8 10 15  24.2  967 138  2.0 7  9.9  51   70  313 373 -488  1
3912500 2352500  8 10 16  24.7  966 204  1.5 6 10.0  50  148  285 380 -473  1
3912500 2352500  8 10 17  24.8  966  19  1.4 4  9.9  48  207  198 371 -465  1
3912500 2352500  8 10 18  24.0  966 142  2.0 5  9.8  49  187  112 366 -463  1
3912500 2352500  8 10 19  22.7  966 343  1.1 3 10.1  54   83   68 359 -449  1
3912500 2352500  8 10 20  20.1  966 354  1.2 4 10.9  65    9   19 349 -438  1
3912500 2352500  8 10 21  18.3  965 315  1.4 3 11.1  76    0    0 341 -427  1
3912500 2352500  8 10 22  18.0  966 316  0.6 3 10.9  79    0    0 334 -419  1
3912500 2352500  8 10 23  16.6  966 310  1.1 3 10.9  84    0    0 331 -412  1
3912500 2352500  8 10 24  16.1  966 326  0.9 1 10.9  89    0    0 321 -407  1
3912500 2352500  8 11  1  15.3  966 334  1.2 2 10.8  92    0    0 315 -402  1
3912500 2352500  8 11  2  14.5  966 340  1.0 1 10.6  95    0    0 312 -397  1
3912500 2352500  8 11  3  14.7  965 351  0.6 1 10.3  95    0    0 307 -394  1
3912500 2352500  8 11  4  14.6  966  13  0.6 2 10.5  95    0    0 311 -391  1
3912500 2352500  8 11  5  14.1  965  22  2.0 3 10.3  96    0    0 316 -388  1
3912500 2352500  8 11  6  14.2  965 328  1.1 3 10.0  94    0   14 318 -385  1
3912500 2352500  8 11  7  15.0  965 209  1.1 0 10.3  94   58   73 306 -386  1
3912500 2352500  8 11  8  16.4  966 218  1.4 2 10.8  92  182  118 303 -396  1
3912500 2352500  8 11  9  18.5  966 200  1.8 2 11.7  89  329  141 317 -415  1
3912500 2352500  8 11 10  20.3  965 211  2.2 2 12.5  84  469  155 325 -436  1
3912500 2352500  8 11 11  22.3  966 196  2.4 2 12.6  75  566  171 334 -455  1
3912500 2352500  8 11 12  23.8  966 209  2.7 2 12.3  66  617  187 341 -465  1
3912500 2352500  8 11 13  24.8  965 211  3.3 1 12.0  60  656  176 344 -474  1
3912500 2352500  8 11 14  25.3  965 194  3.4 1 11.9  57  647  162 344 -485  1
3912500 2352500  8 11 15  26.3  965 197  3.2 1 11.6  53  586  150 348 -488  1
3912500 2352500  8 11 16  27.3  964 210  3.9 1 10.4  45  487  136 349 -486  1
3912500 2352500  8 11 17  26.7  964 217  3.9 1  9.7  41  358  122 348 -479  1
3912500 2352500  8 11 18  26.4  963 222  2.8 1 10.1  44  207  101 347 -469  1
3912500 2352500  8 11 19  25.1  963 283  2.8 1 10.3  47   80   66 344 -457  1
3912500 2352500  8 11 20  22.0  962 292  2.0 2 10.6  55    8   18 341 -444  1
3912500 2352500  8 11 21  19.8  963 274  1.5 2 10.8  66    0    0 336 -432  1
3912500 2352500  8 11 22  19.2  964 277  1.5 1 10.7  72    0    0 329 -425  1
3912500 2352500  8 11 23  18.2  963 265  1.5 1 10.6  75    0    0 323 -419  1
3912500 2352500  8 11 24  16.9  963 266  0.8 1 10.7  80    0    0 318 -412  1
3912500 2352500  8 12  1  17.3  963 258  2.3 1 11.0  86    0    0 318 -407  1
3912500 2352500  8 12  2  15.7  963 277  1.3 1 11.2  90    0    0 315 -404  1
3912500 2352500  8 12  3  16.4  963 246  2.1 1 10.9  90    0    0 311 -402  1
3912500 2352500  8 12  4  15.1  963 241  1.9 0 10.6  90    0    0 306 -400  1
3912500 2352500  8 12  5  14.5  963 226  1.3 0 10.3  93    0    0 298 -397  1
3912500 2352500  8 12  6  14.3  963 241  1.5 0 10.3  95    3   14 295 -395  1
3912500 2352500  8 12  7  15.7  963 253  2.0 0 10.6  94   76   62 294 -396  1
3912500 2352500  8 12  8  17.2  963 162  1.7 0 11.4  92  228   82 297 -405  1
3912500 2352500  8 12  9  20.3  963 164  2.0 0 12.3  86  397   84 305 -423  1
3912500 2352500  8 12 10  22.1  963 183  1.7 0 12.8  77  550   80 316 -446  1
3912500 2352500  8 12 11  23.6  963 165  2.0 1 12.9  70  684   68 329 -467  1
3912500 2352500  8 12 12  24.9  963 160  2.7 1 12.7  63  765   67 342 -486  1
3912500 2352500  8 12 13  26.3  963 188  3.1 1 12.6  58  789   69 349 -500  1
3912500 2352500  8 12 14  27.3  962 211  2.9 1 12.1  52  767   67 355 -507  1
3912500 2352500  8 12 15  28.0  962 291  3.4 1 11.3  46  268  249 358 -511  1
3912500 2352500  8 12 16  28.4  961 322  1.7 0 10.4  41  565   64 354 -511  1
3912500 2352500  8 12 17  28.1  960   9  2.5 1  9.8  38  409   71 352 -505  1
3912500 2352500  8 12 18  27.3  960  25  3.3 1  9.6  39  249   68 351 -493  1
3912500 2352500  8 12 19  25.0  960  36  3.1 0  9.7  43   94   53 343 -477  1
3912500 2352500  8 12 20  22.1  959  31  1.7 1  9.2  48    8   16 334 -463  1
3912500 2352500  8 12 21  20.2  959  33  1.6 2  9.2  56    0    0 332 -451  1
3912500 2352500  8 12 22  18.9  960  37  2.4 2 10.1  67    0    0 330 -443  1
3912500 2352500  8 12 23  18.0  960  45  1.7 2 10.5  75    0    0 327 -436  1
3912500 2352500  8 12 24  17.6  960  46  2.0 2 10.7  79    0    0 324 -429  1
3912500 2352500  8 13  1  17.8  960  31  1.9 1 10.8  81    0    0 321 -426  1
3912500 2352500  8 13  2  16.5  960  20  0.0 1 10.9  84    0    0 315 -426  1
3912500 2352500  8 13  3  16.1  960 350  0.5 1 10.8  88    0    0 311 -425  1
3912500 2352500  8 13  4  16.0  960 342  0.4 1 11.0  91    0    0 308 -419  1
3912500 2352500  8 13  5  15.2  960 351  1.0 1 10.9  93    0    0 304 -415  1
3912500 2352500  8 13  6  15.3  960 356  0.6 1 10.5  92    1   12 302 -414  1
3912500 2352500  8 13  7  16.4  960  10  1.0 1 10.8  90   30   74 304 -416  1
3912500 2352500  8 13  8  18.1  960   9  1.1 2 11.6  89  120  136 313 -423  1
3912500 2352500  8 13  9  19.6  961 249  1.2 2 12.2  84  237  177 323 -437  1
3912500 2352500  8 13 10  21.8  961 178  1.4 2 12.4  77  338  211 331 -458  1
3912500 2352500  8 13 11  22.9  961 180  1.7 1 12.4  69  644  103 336 -479  1
3912500 2352500  8 13 12  25.1  962 250  1.6 1 12.4  63  749   85 340 -498  1
3912500 2352500  8 13 13  26.1  961 290  1.7 1 12.6  58  778   80 349 -515  1
3912500 2352500  8 13 14  28.0  961 310  1.7 1 12.7  53  692  111 356 -528  1
3912500 2352500  8 13 15  27.9  961 244  3.0 5 12.1  48  345  196 373 -533  1
3912500 2352500  8 13 16  28.0  960 140  2.5 5 11.5  46  102  249 383 -525  1
3912500 2352500  8 13 17  28.0  960 267  2.8 1 10.9  44  396   88 371 -510  1
3912500 2352500  8 13 18  27.0  960  32  2.4 0 10.7  44  234   80 355 -495  1
3912500 2352500  8 13 19  25.3  960 297  1.8 1 11.2  50   83   56 354 -482  1
3912500 2352500  8 13 20  23.1  961 324  2.2 1 10.8  54    5   14 351 -471  1
3912500 2352500  8 13 21  21.0  960 338  0.6 2 10.2  58    0    0 346 -460  1
3912500 2352500  8 13 22  20.2  962  30  0.0 2 10.2  64    0    0 344 -451  1
3912500 2352500  8 13 23  19.8  962 345  0.3 2 10.0  64    0    0 341 -443  1
3912500 2352500  8 13 24  18.9  963   3  2.0 1  9.9  67    0    0 334 -439  1
3912500 2352500  8 14  1  17.8  962 351  1.3 1 10.3  74    0    0 327 -441  1
3912500 2352500  8 14  2  17.4  962 329  0.6 1 10.7  81    0    0 324 -441  1
3912500 2352500  8 14  3  16.2  963 322  0.2 2 10.7  85    0    0 324 -437  1
3912500 2352500  8 14  4  16.4  963 347  1.1 1 10.8  88    0    0 323 -434  1
3912500 2352500  8 14  5  16.0  963  25  1.1 1 10.8  89    0    0 319 -429  1
3912500 2352500  8 14  6  15.3  963  23  1.2 1 10.7  91    1   13 316 -425  1
3912500 2352500  8 14  7  16.4  964  26  0.8 0 11.0  92   51   71 315 -425  1
3912500 2352500  8 14  8  18.3  964  36  1.1 0 11.3  87  171  118 320 -430  1
3912500 2352500  8 14  9  20.6  965  37  1.2 0 11.6  78  313  144 328 -443  1
3912500 2352500  8 14 10  22.4  965  30  1.3 1 11.9  70  445  162 340 -459  1
3912500 2352500  8 14 11  23.4  965  46  1.5 1 12.2  66  539  180 351 -473  1
3912500 2352500  8 14 12  25.3  964  40  2.2 1 12.3  61  628  172 359 -490  1
3912500 2352500  8 14 13  26.6  965  56  2.3 1 12.1  55  654  170 367 -505  1
3912500 2352500  8 14 14  27.4  964  22  2.1 2 11.8  50  656  149 374 -508  1
3912500 2352500  8 14 15  28.2  964  15  1.7 1 11.8  48  583  144 378 -511  1
3912500 2352500  8 14 16  28.5  964  23  2.9 1 11.4  45  477  134 378 -514  1
3912500 2352500  8 14 17  28.6  963  39  2.8 1 10.2  40  342  119 375 -506  1
3912500 2352500  8 14 18  27.8  963  40  2.4 1  9.7  39  199   97 371 -493  1
3912500 2352500  8 14 19  25.4  963 328  3.9 0 10.4  45   75   60 361 -479  1
3912500 2352500  8 14 20  23.1  963  25  2.4 2 11.3  56    6   14 355 -469  1
3912500 2352500  8 14 21  21.1  963  28  7.7 2 11.3  64    0    0 352 -461  1
3912500 2352500  8 14 22  20.2  964  27  1.6 1 11.1  69    0    0 344 -453  1
3912500 2352500  8 14 23  18.8  965 103  2.5 1 11.1  74    0    0 338 -447  1
3912500 2352500  8 14 24  18.6  964  56  1.5 1 11.2  79    0    0 335 -444  1
3912500 2352500  8 15  1  17.2  965  68  3.9 1 11.3  83    0    0 331 -441  1
3912500 2352500  8 15  2  17.2  965  85  1.7 1 11.2  87    0    0 329 -435  1
3912500 2352500  8 15  3  16.9  965 118  1.7 0 11.2  87    0    0 326 -427  1
3912500 2352500  8 15  4  16.3  965 101  1.6 0 11.2  90    0    0 322 -423  1
3912500 2352500  8 15  5  16.5  966 131  0.6 1 11.1  90    0    0 325 -422  1
3912500 2352500  8 15  6  16.1  966 120  1.3 1 10.9  90    0   12 328 -421  1
3912500 2352500  8 15  7  16.9  966  86  1.8 1 11.1  90   37   75 328 -422  1
3912500 2352500  8 15  8  18.6  966 197  0.9 1 11.9  89  147  135 331 -428  1
3912500 2352500  8 15  9  20.5  967 170  1.5 1 12.3  82  270  176 337 -439  1
3912500 2352500  8 15 10  22.5  967 188  1.8 1 12.3  73  385  209 344 -454  1
3912500 2352500  8 15 11  24.3  967 192  1.9 1 12.5  66  477  232 352 -471  1
3912500 2352500  8 15 12  26.1  967 198  2.0 1 12.5  59  553  235 361 -490  1
3912500 2352500  8 15 13  26.6  968 182  2.4 1 12.4  55  577  235 368 -506  1
3912500 2352500  8 15 14  27.8  967 318  3.3 1 12.2  52  573  216 374 -510  1
3912500 2352500  8 15 15  28.2  967   8  2.0 1 12.1  48  523  194 377 -503  1
3912500 2352500  8 15 16  28.2  967 105  2.5 1 11.3  45  426  175 376 -507  1
3912500 2352500  8 15 17  28.4  966 105  2.5 1 10.3  41  307  148 373 -508  1
3912500 2352500  8 15 18  27.8  966 161  2.3 1 10.0  40  177  113 371 -494  1
3912500 2352500  8 15 19  25.6  966 275  2.4 2  9.9  43   60   64 368 -480  1
3912500 2352500  8 15 20  22.1  965 316  1.4 3  9.9  51    4   12 363 -465  1
3912500 2352500  8 15 21  21.1  966 318  0.7 2 10.1  60    0    0 356 -453  1
3912500 2352500  8 15 22  20.5  967  13  1.3 0 10.3  64    0    0 346 -443  1
3912500 2352500  8 15 23  19.2  967  36  1.4 0 10.2  67    0    0 338 -439  1
3912500 2352500  8 15 24  17.7  967  43  1.6 1 10.1  73    0    0 335 -439  1
3912500 2352500  8 16  1  16.6  967 324  2.1 1 10.2  80    0    0 332 -436  1
3912500 2352500  8 16  2  16.2  968 189  0.9 1 10.2  83    0    0 327 -431  1
3912500 2352500  8 16  3  16.2  968 214  1.5 1 10.2  84    0    0 325 -427  1
3912500 2352500  8 16  4  16.1  968 240  1.3 0 10.2  85    0    0 321 -424  1
3912500 2352500  8 16  5  16.5  968 323  1.7 2 10.2  84    0    0 324 -423  1
3912500 2352500  8 16  6  15.5  968 327  1.1 3 10.1  85    0   13 330 -422  1
3912500 2352500  8 16  7  16.8  968 359  1.2 3 10.3  85   14   68 332 -424  1
3912500 2352500  8 16  8  18.7  968  22  0.4 3 10.9  82  110  142 337 -430  1
3912500 2352500  8 16  9  20.8  968 195  1.1 2 11.8  78  259  181 343 -439  1
3912500 2352500  8 16 10  22.6  969 288  1.6 4 12.6  74  254  264 356 -444  1
3912500 2352500  8 16 11  24.6  969  12  2.0 5 13.0  68  209  325 376 -461  1
3912500 2352500  8 16 12  24.9  968 336  3.0 3 13.5  66  468  285 380 -486  1
3912500 2352500  8 16 13  26.3  968  26  3.5 2 13.1  61  473  295 374 -496  1
3912500 2352500  8 16 14  27.6  968 347  3.0 3 12.6  54  474  276 380 -507  1
3912500 2352500  8 16 15  27.5  967 279  2.7 5 12.4  51  130  297 388 -515  1
3912500 2352500  8 16 16  27.1  967 325  4.2 3 12.4  52  169  265 385 -511  1
3912500 2352500  8 16 17  27.7  966 109  1.7 3 12.2  51   75  198 381 -502  1
3912500 2352500  8 16 18  27.2  966 155  2.1 3 11.8  49   83  133 380 -492  1
3912500 2352500  8 16 19  25.6  966 226  1.9 2 11.6  51   56   63 374 -480  1
3912500 2352500  8 16 20  23.4  965 310  2.7 3 11.6  57    4   13 366 -465  1
3912500 2352500  8 16 21  22.1  966 306  1.9 4 11.8  65    0    0 364 -454  1
3912500 2352500  8 16 22  21.2  967 293  2.4 2 11.7  69    0    0 358 -444  1
3912500 2352500  8 16 23  20.6  967 288  1.5 2 11.4  70    0    0 351 -437  1
3912500 2352500  8 16 24  19.9  967 313  2.1 4 11.6  74    0    0 354 -432  1
3912500 2352500  8 17  1  19.9  966 325  1.1 5 11.7  77    0    0 362 -428  1
3912500 2352500  8 17  2  18.9  966 317  1.5 4 11.6  78    0    0 359 -424  1
3912500 2352500  8 17  3  18.7  966 306  1.2 4 11.6  81    0    0 355 -421  1
3912500 2352500  8 17  4  18.2  966 313  0.7 4 11.6  83    0    0 354 -418  1
3912500 2352500  8 17  5  18.1  966 332  1.2 4 11.6  84    0    0 354 -416  1
3912500 2352500  8 17  6  17.9  966 316  1.4 5 11.6  85    0   11 356 -413  1
3912500 2352500  8 17  7  18.6  966 318  0.8 4 12.0  86   16   63 356 -413  1
3912500 2352500  8 17  8  19.8  966 352  1.1 5 12.5  85   30  120 356 -421  1
3912500 2352500  8 17  9  21.1  967 108  1.5 5 12.6  79  131  201 363 -439  1
3912500 2352500  8 17 10  22.8  966 172  2.1 2 12.5  72  382  197 360 -461  1
3912500 2352500  8 17 11  24.1  966 184  2.0 2 12.6  66  459  227 358 -484  1
3912500 2352500  8 17 12  25.7  965 200  2.6 1 12.4  60  529  233 362 -506  1
3912500 2352500  8 17 13  26.3  966 184  3.2 1 12.1  54  659  168 364 -520  1
3912500 2352500  8 17 14  27.0  965 200  4.6 1 11.4  49  651  157 366 -524  1
3912500 2352500  8 17 15  28.0  964 217  4.0 1 10.7  44  582  150 368 -520  1
3912500 2352500  8 17 16  28.0  964 206  3.1 1 10.6  42  467  143 369 -515  1
3912500 2352500  8 17 17  28.5  963 228  3.3 1 11.0  43  333  126 369 -506  1
3912500 2352500  8 17 18  27.6  963 243  3.8 1 11.2  45  194  100 368 -493  1
3912500 2352500  8 17 19  25.6  962 243  1.5 0 11.5  50   69   60 359 -478  1
3912500 2352500  8 17 20  23.2  962   3  1.4 1 11.8  58    4   12 351 -463  1
3912500 2352500  8 17 21  20.6  962 242  1.1 1 12.0  69    0    0 345 -451  1
3912500 2352500  8 17 22  20.4  962 249  1.2 0 12.0  75    0    0 337 -442  1
3912500 2352500  8 17 23  19.2  962 274  1.4 0 11.8  78    0    0 331 -436  1
3912500 2352500  8 17 24  18.1  962 284  1.7 2 11.5  81    0    0 332 -431  1
3912500 2352500  8 18  1  17.0  961 298  1.2 1 11.2  84    0    0 331 -427  1
3912500 2352500  8 18  2  15.9  961 303  0.8 1 11.0  89    0    0 323 -424  1
3912500 2352500  8 18  3  16.3  961 318  1.4 2 11.0  90    0    0 326 -421  1
3912500 2352500  8 18  4  16.1  961 316  1.4 2 10.8  89    0    0 330 -419  1
3912500 2352500  8 18  5  15.6  961 310  1.7 2 10.7  90    0    0 329 -417  1
3912500 2352500  8 18  6  16.0  960 255  1.6 3 10.7  90    0    8 333 -416  1
3912500 2352500  8 18  7  16.9  960 209  1.8 1 11.3  91   32   80 332 -416  1
3912500 2352500  8 18  8  19.1  961 178  1.6 2 11.9  87  111  163 333 -423  1
3912500 2352500  8 18  9  20.9  962 195  1.1 2 12.5  80  210  232 344 -439  1
3912500 2352500  8 18 10  22.7  962 212  1.6 2 13.0  75  303  289 352 -461  1
3912500 2352500  8 18 11  25.4  963 215  2.4 3 13.1  66  306  355 365 -485  1
3912500 2352500  8 18 12  26.3  962 191  2.2 5 12.9  58  242  404 383 -506  1
3912500 2352500  8 18 13  27.4  962 195  2.8 6 12.7  54  194  401 394 -517  1
3912500 2352500  8 18 14  27.8  962 161  2.5 5 12.7  52  206  401 394 -521  1
3912500 2352500  8 18 15  28.0  962 284  3.5 4 13.0  52  137  352 387 -525  1
3912500 2352500  8 18 16  25.8  962 261  4.8 4 13.0  55   30  228 379 -522  1
3912500 2352500  8 18 17  25.5  962 228  3.9 6 12.8  59   15  160 378 -511  1
3912500 2352500  8 18 18  24.0  962 239  4.6 5 12.4  60   41  138 375 -497  1
3912500 2352500  8 18 19  23.6  962 253  2.7 4 12.3  63   33   68 367 -479  1
3912500 2352500  8 18 20  22.0  961 300  2.3 4 12.5  68    2   10 359 -464  1
3912500 2352500  8 18 21  21.0  962 308  1.5 4 12.5  73    0    0 354 -451  1
3912500 2352500  8 18 22  20.2  963 298  0.4 5 12.4  77    0    0 354 -443  1
3912500 2352500  8 18 23  20.0  963 297  1.3 5 12.3  79    0    0 356 -441  1
3912500 2352500  8 18 24  19.1  963 218  1.4 7 12.3  82    0    0 361 -441  1
3912500 2352500  8 19  1  19.4  963 252  2.7 7 12.6  85    0    0 369 -440  1
3912500 2352500  8 19  2  19.3  963 153  1.7 7 13.0  87    0    0 369 -439  1
3912500 2352500  8 19  3  18.7  963 192  3.3 7 13.0  89    0    0 368 -437  1
3912500 2352500  8 19  4  18.4  963 146  3.1 6 13.0  92    0    0 362 -434  1
3912500 2352500  8 19  5  18.1  962  25  1.9 6 13.0  93    0    0 356 -428  1
3912500 2352500  8 19  6  18.2  961 122  1.9 7 12.9  93    0    3 356 -422  1
3912500 2352500  8 19  7  18.4  962 307  2.4 7 13.1  94    0   17 358 -421  1
3912500 2352500  8 19  8  18.2  962 111  2.5 7 13.3  95    0   77 354 -426  1
3912500 2352500  8 19  9  18.9  963 135  4.3 6 13.4  94    6  143 349 -440  1
3912500 2352500  8 19 10  19.1  963 155  2.7 6 13.3  92   20  199 348 -460  1
3912500 2352500  8 19 11  19.3  964 161  2.5 7 13.6  92    6  202 354 -479  1
3912500 2352500  8 19 12  19.6  963 157  4.4 8 13.9  93    0  138 364 -494  1
3912500 2352500  8 19 13  20.3  964 151  3.9 8 14.2  92    9  224 371 -508  1
3912500 2352500  8 19 14  21.2  963 194  3.6 8 14.5  89   30  244 375 -518  1
3912500 2352500  8 19 15  22.5  962 185  2.7 7 14.7  84  125  244 378 -521  1
3912500 2352500  8 19 16  22.5  962 172  2.3 6 14.6  81   92  201 376 -518  1
3912500 2352500  8 19 17  22.6  961 193  3.1 6 14.8  82   70  153 375 -508  1
3912500 2352500  8 19 18  22.7  961 155  1.8 7 15.2  83   30  101 380 -495  1
3912500 2352500  8 19 19  22.2  960  95  2.1 6 15.2  84   12   43 382 -482  1
3912500 2352500  8 19 20  20.8  960 109  2.0 6 15.2  89    2    9 377 -471  1
3912500 2352500  8 19 21  20.2  960 120  1.8 7 15.0  93    0    0 379 -460  1
3912500 2352500  8 19 22  19.7  960  42  1.5 5 14.5  93    0    0 375 -453  1
3912500 2352500  8 19 23  18.6  960  51  1.7 5 13.9  94    0    0 366 -448  1
3912500 2352500  8 19 24  18.5  960 101  1.9 5 13.5  95    0    0 364 -445  1
3912500 2352500  8 20  1  18.4  960  84  3.0 3 13.2  94    0    0 356 -439  1
3912500 2352500  8 20  2  18.0  960 205  2.5 2 13.0  94    0    0 343 -433  1
3912500 2352500  8 20  3  17.6  960 280  2.1 3 12.9  95    0    0 340 -428  1
3912500 2352500  8 20  4  17.4  959 283  2.4 3 12.8  97    0    0 342 -425  1
3912500 2352500  8 20  5  17.1  960 281  2.0 3 12.7  97    0    0 340 -423  1
3912500 2352500  8 20  6  16.8  960 279  2.5 4 12.5  98    0    2 343 -419  1
3912500 2352500  8 20  7  17.7  961 267  2.2 6 12.7  97    2   52 357 -421  1
3912500 2352500  8 20  8  18.5  961 145  2.0 4 13.2  96   19  124 360 -430  1
3912500 2352500  8 20  9  19.9  962 166  2.8 4 13.9  94  169  214 357 -447  1
3912500 2352500  8 20 10  20.8  962 197  2.2 3 14.5  91  302  255 360 -469  1
3912500 2352500  8 20 11  23.7  963 217  3.1 2 15.0  84  433  261 361 -492  1
3912500 2352500  8 20 12  26.4  963 215  2.4 2 14.2  67  507  266 367 -514  1
3912500 2352500  8 20 13  27.7  963 217  3.4 1 12.0  51  534  265 369 -528  1
3912500 2352500  8 20 14  28.9  963 210  2.7 1 10.9  43  524  252 368 -531  1
3912500 2352500  8 20 15  28.9  962 246  2.6 1 11.2  43  467  231 372 -530  1
3912500 2352500  8 20 16  29.0  962 268  1.6 1 11.2  42  377  203 372 -529  1
3912500 2352500  8 20 17  28.4  961 220  1.2 2 10.8  42  259  168 373 -522  1
3912500 2352500  8 20 18  27.5  961 292  1.7 4 11.0  44  101  124 378 -508  1
3912500 2352500  8 20 19  24.6  961 327  2.7 6 12.3  55    7   47 384 -494  1
3912500 2352500  8 20 20  23.4  961  81  1.5 6 13.5  68    0    3 385 -483  1
3912500 2352500  8 20 21  22.6  961   7  2.8 8 13.3  71    0    0 387 -472  1
3912500 2352500  8 20 22  21.2  961  38  2.9 4 13.2  75    0    0 376 -463  1
3912500 2352500  8 20 23  20.8  961  68  3.1 4 13.1  79    0    0 361 -456  1
3912500 2352500  8 20 24  19.6  961  67  3.0 3 12.9  82    0    0 355 -449  1
3912500 2352500  8 21  1  18.0  961 122  3.0 2 12.5  87    0    0 345 -443  1
3912500 2352500  8 21  2  17.9  960 354  2.0 1 12.4  91    0    0 335 -438  1
3912500 2352500  8 21  3  17.6  959 335  2.0 3 12.3  92    0    0 337 -433  1
3912500 2352500  8 21  4  17.5  959  72  2.0 3 12.2  92    0    0 342 -430  1
3912500 2352500  8 21  5  17.3  960 318  1.9 2 12.0  91    0    0 338 -426  1
3912500 2352500  8 21  6  17.1  960 336  2.2 3 11.8  90    0    5 336 -422  1
3912500 2352500  8 21  7  17.5  960 346  1.4 4 11.9  91   36   62 340 -421  1
3912500 2352500  8 21  8  19.6  961 357  1.8 1 12.7  89  139  120 336 -429  1
3912500 2352500  8 21  9  22.1  961  15  2.3 2 13.7  84  266  162 338 -446  1
3912500 2352500  8 21 10  23.9  961  15  1.3 2 13.9  74  378  197 351 -470  1
3912500 2352500  8 21 11  26.1  961  14  1.1 2 13.3  63  452  231 359 -495  1
3912500 2352500  8 21 12  27.5  961  91  1.7 3 12.9  55  548  217 371 -516  1
3912500 2352500  8 21 13  29.0  960 104  2.4 3 12.7  50  595  203 382 -532  1
3912500 2352500  8 21 14  30.3  960 107  3.7 3 12.7  46  577  195 388 -542  1
3912500 2352500  8 21 15  30.9  959 121  3.2 1 12.7  43  522  177 389 -546  1
3912500 2352500  8 21 16  31.2  958 113  3.8 1 12.6  42  423  159 388 -543  1
3912500 2352500  8 21 17  30.9  957 172  2.9 5 12.8  43  141  192 396 -533  1
3912500 2352500  8 21 18  29.6  957 164  2.1 5 13.6  47   82  120 402 -518  1
3912500 2352500  8 21 19  26.6  957 225  2.4 6 14.6  57   16   48 398 -501  1
3912500 2352500  8 21 20  25.7  956 264  2.4 6 14.3  63    0    3 393 -487  1
3912500 2352500  8 21 21  24.9  957 258  2.4 5 12.6  59    0    0 386 -478  1
3912500 2352500  8 21 22  24.1  958 250  2.4 3 11.6  57    0    0 376 -472  1
3912500 2352500  8 21 23  24.2  959 271  3.3 3 11.4  57    0    0 368 -464  1
3912500 2352500  8 21 24  23.6  959 234  2.7 8 11.1  56    0    0 381 -455  1
3912500 2352500  8 22  1  20.9  960 309  3.0 5 11.1  62    0    0 381 -448  1
3912500 2352500  8 22  2  20.5  960 247  2.6 3 11.2  69    0    0 361 -443  1
3912500 2352500  8 22  3  19.7  960 238  2.2 4 11.1  71    0    0 356 -437  1
3912500 2352500  8 22  4  19.2  960 146  1.3 5 11.2  75    0    0 361 -432  1
3912500 2352500  8 22  5  18.8  961 294  2.7 6 11.6  79    0    0 367 -428  1
3912500 2352500  8 22  6  17.1  960 241  2.0 7 11.8  87    0    4 372 -425  1
3912500 2352500  8 22  7  16.6  962 179  3.3 7 11.8  93   54   55 372 -425  1
3912500 2352500  8 22  8  17.3  962 193  2.9 6 11.8  92   90  121 366 -432  1
3912500 2352500  8 22  9  18.7  962 189  2.4 7 12.2  89   23  171 370 -446  1
3912500 2352500  8 22 10  20.0  963 252  2.0 5 12.4  83  237  226 371 -466  1
3912500 2352500  8 22 11  21.2  962 232  2.1 3 12.3  76  478  181 361 -486  1
3912500 2352500  8 22 12  22.0  962 228  2.2 2 12.1  71  643  118 354 -503  1
3912500 2352500  8 22 13  22.9  962 298  2.4 4 11.7  65  280  289 359 -517  1
3912500 2352500  8 22 14  22.3  962 352  2.3 4 11.8  65  174  309 366 -526  1
3912500 2352500  8 22 15  22.6  961 217  1.8 6 12.1  67  119  273 372 -528  1
3912500 2352500  8 22 16  20.5  961 170  0.7 8 11.9  70    0   87 380 -528  1
3912500 2352500  8 22 17  19.6  961 200  2.5 7 11.9  76   13  141 378 -524  1
3912500 2352500  8 22 18  17.8  961 155  2.1 7 11.8  82    0   68 371 -508  1
3912500 2352500  8 22 19  16.7  959 205  2.0 7 11.6  89    0   20 366 -489  1
3912500 2352500  8 22 20  16.1  961 225  2.5 8 11.3  91    0    2 367 -471  1
3912500 2352500  8 22 21  15.6  962 195  4.1 8 10.9  92    0    0 367 -455  1
3912500 2352500  8 22 22  15.3  963 206  4.5 8 10.7  93    0    0 366 -446  1
3912500 2352500  8 22 23  14.8  963 229  5.4 7 10.6  94    0    0 359 -437  1
3912500 2352500  8 22 24  14.6  963 227  4.7 8 10.4  95    0    0 360 -429  1
3912500 2352500  8 23  1  14.6  964 227  2.4 6 10.3  94    0    0 357 -425  1
3912500 2352500  8 23  2  14.2  965 342  2.1 5 10.1  93    0    0 345 -425  1
3912500 2352500  8 23  3  14.3  964 341  1.5 5  9.9  92    0    0 341 -424  1
3912500 2352500  8 23  4  14.2  964 307  2.1 6  9.8  91    0    0 347 -422  1
3912500 2352500  8 23  5  13.9  965 332  2.0 4  9.7  92    0    0 341 -421  1
3912500 2352500  8 23  6  13.8  965 228  1.7 4  9.7  93    0    1 331 -418  1
3912500 2352500  8 23  7  14.2  965  92  1.2 4  9.8  93    1   43 331 -416  1
3912500 2352500  8 23  8  15.3  966 151  1.5 6 10.0  90   76  124 342 -418  1
3912500 2352500  8 23  9  16.5  967 184  0.8 4 10.0  84  233  162 347 -422  1
3912500 2352500  8 23 10  17.5  966 338  1.2 4  9.9  78  249  233 343 -430  1
3912500 2352500  8 23 11  18.5  966 164  1.7 4  9.7  71  291  277 347 -439  1
3912500 2352500  8 23 12  19.8  966 159  2.5 4  9.5  65  439  254 352 -448  1
3912500 2352500  8 23 13  20.1  966 178  2.0 4  9.3  61  225  286 354 -453  1
3912500 2352500  8 23 14  21.0  967 119  1.8 2  9.4  59  557  176 349 -455  1
3912500 2352500  8 23 15  21.7  967 127  1.8 1  9.4  57  519  149 341 -466  1
3912500 2352500  8 23 16  21.8  966 153  2.3 2  9.4  55  326  185 341 -471  1
3912500 2352500  8 23 17  21.7  966 124  2.3 3  9.5  56  261  128 348 -465  1
3912500 2352500  8 23 18  21.3  966 102  1.3 5  9.6  57  114  101 357 -456  1
3912500 2352500  8 23 19  19.6  965 110  1.6 6  9.6  61   39   48 363 -445  1
3912500 2352500  8 23 20  18.4  965  37  1.4 5 10.0  69    0    6 357 -434  1
3912500 2352500  8 23 21  16.4  965  25  2.0 4 10.2  78    0    0 344 -424  1
3912500 2352500  8 23 22  15.6  966  56  2.3 0  9.9  83    0    0 321 -418  1
3912500 2352500  8 23 23  15.2  966 356  2.5 0  9.7  84    0    0 304 -414  1
3912500 2352500  8 23 24  14.7  966  11  2.6 2  9.6  86    0    0 311 -411  1
3912500 2352500  8 24  1  13.7  965  33  3.0 1  9.5  89    0    0 312 -408  1
3912500 2352500  8 24  2  13.8  965  27  2.8 0  9.4  91    0    0 302 -405  1
3912500 2352500  8 24  3  13.5  965  12  2.2 0  9.3  91    0    0 297 -402  1
3912500 2352500  8 24  4  13.4  965  14  2.3 1  9.5  93    0    0 301 -399  1
3912500 2352500  8 24  5  13.1  965   8  1.9 1  9.6  96    0    0 303 -397  1
3912500 2352500  8 24  6  13.2  965  16  2.3 3  9.4  94    0    2 308 -396  1
3912500 2352500  8 24  7  13.6  966  33  2.1 4  9.2  92   39   53 313 -397  1
3912500 2352500  8 24  8  15.3  966  51  3.0 2  9.3  86  166   93 311 -404  1
3912500 2352500  8 24  9  16.8  967  71  3.9 2  9.7  81  322  108 309 -418  1
3912500 2352500  8 24 10  17.9  966  79  3.4 2 10.1  78  461  117 314 -436  1
3912500 2352500  8 24 11  19.2  966  89  2.9 2 10.4  74  588  110 319 -455  1
3912500 2352500  8 24 12  21.0  967  86  3.1 1 10.9  71  667  105 325 -472  1
3912500 2352500  8 24 13  22.7  966 134  3.3 1 11.5  67  696  102 333 -486  1
3912500 2352500  8 24 14  23.7  966 339  2.9 1 11.5  61  675   99 339 -494  1
3912500 2352500  8 24 15  24.9  966  89  2.9 1 11.2  56  605   92 344 -497  1
3912500 2352500  8 24 16  25.2  966  44  2.3 1 10.9  52  485   92 346 -494  1
3912500 2352500  8 24 17  24.7  966  71  2.9 1 10.7  51  334   90 345 -486  1
3912500 2352500  8 24 18  24.5  966  58  2.4 1 10.4  51  177   77 343 -474  1
3912500 2352500  8 24 19  22.4  966  51  2.1 1 10.8  57   51   44 339 -461  1
3912500 2352500  8 24 20  20.4  966  60  2.1 0 11.4  68    1    6 329 -447  1
3912500 2352500  8 24 21  18.3  966  63  2.8 0 11.3  77    0    0 318 -437  1
3912500 2352500  8 24 22  17.7  967  24  1.3 0 11.2  82    0    0 313 -430  1
3912500 2352500  8 24 23  16.7  967  27  1.9 0 10.9  85    0    0 310 -424  1
3912500 2352500  8 24 24  16.6  967 348  1.2 0 10.6  85    0    0 307 -418  1
3912500 2352500  8 25  1  15.3  967 332  2.5 0 10.4  87    0    0 305 -414  1
3912500 2352500  8 25  2  14.6  967 319  1.3 0 10.3  92    0    0 302 -410  1
3912500 2352500  8 25  3  15.1  967 313  1.7 0 10.3  92    0    0 300 -407  1
3912500 2352500  8 25  4  14.6  967 337  1.5 0 10.2  92    0    0 299 -404  1
3912500 2352500  8 25  5  14.8  967 344  1.0 0 10.2  93    0    0 297 -403  1
3912500 2352500  8 25  6  14.1  967 308  0.7 0 10.0  93    0    2 295 -400  1
3912500 2352500  8 25  7  15.0  968 320  0.8 1 10.0  92   39   53 295 -399  1
3912500 2352500  8 25  8  16.3  969  49  1.4 0 10.4  89  169   91 297 -405  1
3912500 2352500  8 25  9  18.2  969 124  1.7 0 10.8  84  331  102 300 -422  1
3912500 2352500  8 25 10  19.7  969 153  1.7 0 11.4  79  484  103 307 -446  1
3912500 2352500  8 25 11  21.9  969 162  1.5 0 11.7  73  599  104 316 -470  1
3912500 2352500  8 25 12  23.3  969 147  2.1 0 12.1  67  680   99 324 -492  1
3912500 2352500  8 25 13  24.8  969 180  2.6 0 12.5  63  700   99 332 -507  1
3912500 2352500  8 25 14  26.3  968 210  3.4 1 12.5  58  684   92 342 -514  1
3912500 2352500  8 25 15  26.0  969 209  2.6 1 12.2  55  610   88 347 -517  1
3912500 2352500  8 25 16  27.2  968 231  2.3 1 11.6  51  482   91 347 -514  1
3912500 2352500  8 25 17  27.2  968 244  1.8 1 10.4  44  329   90 347 -504  1
3912500 2352500  8 25 18  26.4  968 296  2.9 1  9.1  40  176   77 343 -490  1
3912500 2352500  8 25 19  23.6  967 301  1.8 1  8.8  42   49   43 335 -473  1
3912500 2352500  8 25 20  21.4  968 316  1.6 1  9.0  51    1    6 327 -455  1
3912500 2352500  8 25 21  18.9  968 310  1.2 1  9.0  58    0    0 318 -442  1
3912500 2352500  8 25 22  17.4  968 327  1.5 0  8.8  65    0    0 308 -433  1
3912500 2352500  8 25 23  16.6  969 316  1.0 0  8.9  70    0    0 301 -426  1
3912500 2352500  8 25 24  15.9  969 324  0.0 0  9.1  75    0    0 298 -421  1
3912500 2352500  8 26  1  14.7  968 309  0.6 1  9.4  82    0    0 296 -415  1
3912500 2352500  8 26  2  14.1  968 339  1.2 1  9.7  90    0    0 297 -409  1
3912500 2352500  8 26  3  13.6  968 191  1.0 1  9.4  91    0    0 295 -405  1
3912500 2352500  8 26  4  14.4  968 133  1.1 0  9.1  87    0    0 292 -402  1
3912500 2352500  8 26  5  12.5  968 196  1.0 1  9.1  90    0    0 291 -400  1
3912500 2352500  8 26  6  12.7  968 331  1.5 2  9.2  96    0    3 295 -396  1
3912500 2352500  8 26  7  13.4  968 310  1.0 1  9.5  97   40   54 296 -397  1
3912500 2352500  8 26  8  15.8  968  67  1.5 0 10.1  93  156  101 294 -405  1
3912500 2352500  8 26  9  17.8  969 100  1.4 0 10.5  84  307  123 299 -422  1
3912500 2352500  8 26 10  20.1  968 155  1.3 1 10.8  75  456  131 311 -446  1
3912500 2352500  8 26 11  22.0  969 173  1.4 1 10.9  66  567  137 323 -470  1
3912500 2352500  8 26 12  23.8  968 178  1.6 1 10.8  59  632  141 331 -493  1
3912500 2352500  8 26 13  25.2  968 181  1.8 1 10.8  54  653  142 337 -511  1
3912500 2352500  8 26 14  26.0  967 177  0.8 1 10.7  50  629  139 341 -523  1
3912500 2352500  8 26 15  26.7  967 305  2.1 0  9.6  43  560  131 339 -528  1
3912500 2352500  8 26 16  27.1  967 320  2.7 0  9.0  38  450  122 336 -521  1
3912500 2352500  8 26 17  26.9  966  12  2.0 1  8.8  38  314  108 338 -506  1
3912500 2352500  8 26 18  25.9  966  40  1.9 1  8.6  38  162   87 337 -489  1
3912500 2352500  8 26 19  23.4  965  59  2.4 1  9.4  46   43   45 333 -471  1
3912500 2352500  8 26 20  20.2  965  53  3.0 1 10.6  62    0    6 324 -454  1
3912500 2352500  8 26 21  18.6  964  51  2.2 1 10.8  73    0    0 315 -440  1
3912500 2352500  8 26 22  17.6  964  36  3.0 0 10.5  77    0    0 305 -431  1
3912500 2352500  8 26 23  17.6  965  37  3.0 0 10.2  77    0    0 299 -423  1
3912500 2352500  8 26 24  16.0  965  47  2.6 0  9.7  77    0    0 295 -418  1
3912500 2352500  8 27  1  15.5  964  40  3.3 0  9.5  81    0    0 289 -414  1
3912500 2352500  8 27  2  14.1  964  46  2.4 0  9.5  86    0    0 284 -410  1
3912500 2352500  8 27  3  14.3  963  47  2.9 0  9.3  87    0    0 281 -408  1
3912500 2352500  8 27  4  13.3  962  51  3.0 0  9.1  87    0    0 277 -406  1
3912500 2352500  8 27  5  12.5  961  47  2.5 0  8.8  90    0    0 274 -403  1
3912500 2352500  8 27  6  12.5  961  49  3.1 1  8.8  92    0    1 277 -401  1
3912500 2352500  8 27  7  13.6  961  52  3.4 2  9.1  92   36   51 286 -401  1
3912500 2352500  8 27  8  16.3  961  65  3.2 1  9.4  84  153   93 289 -408  1
3912500 2352500  8 27  9  18.2  961  45  3.7 1  9.9  76  298  112 292 -421  1
3912500 2352500  8 27 10  20.2  961  56  2.8 4 10.0  68  446  114 314 -441  1
3912500 2352500  8 27 11  22.1  960  62  3.6 5  9.8  59  559  114 341 -462  1
3912500 2352500  8 27 12  23.4  960  67  3.2 5 10.0  55  634  109 352 -477  1
3912500 2352500  8 27 13  25.0  960  73  3.3 5 10.7  54  675   95 363 -486  1
3912500 2352500  8 27 14  26.5  960  82  3.5 5 11.3  52  652   90 372 -499  1
3912500 2352500  8 27 15  27.3  959 108  2.8 1 11.6  49  568  100 366 -507  1
3912500 2352500  8 27 16  27.3  959 113  3.7 1 11.9  49  449   92 357 -505  1
3912500 2352500  8 27 17  27.1  958 110  3.5 5 12.3  51  307   86 370 -497  1
3912500 2352500  8 27 18  26.7  958  96  2.6 5 12.8  54  170   69 384 -486  1
3912500 2352500  8 27 19  23.7  958 271  2.9 7 13.0  61   38   38 386 -474  1
3912500 2352500  8 27 20  22.1  957 127  4.4 6 12.8  69    0    3 384 -462  1
3912500 2352500  8 27 21  20.7  957 120  4.4 5 12.7  75    0    0 380 -455  1
3912500 2352500  8 27 22  19.8  957 133  4.0 4 12.4  78    0    0 359 -448  1
3912500 2352500  8 27 23  19.2  957 175  2.9 3 12.3  81    0    0 337 -440  1
3912500 2352500  8 27 24  18.7  957 223  1.9 2 12.2  84    0    0 348 -436  1
3912500 2352500  8 28  1  18.2  962 258  1.0 2 12.1  86    0    0 332 -436  1
3912500 2352500  8 28  2  17.6  962 282  0.8 2 12.1  89    0    0 329 -431  1
3912500 2352500  8 28  3  17.1  962 270  0.7 1 12.1  92    0    0 328 -429  1
3912500 2352500  8 28  4  16.7  962 262  0.9 2 11.9  93    0    0 329 -425  1
3912500 2352500  8 28  5  16.8  961 245  1.1 3 11.7  92    0    0 331 -422  1
3912500 2352500  8 28  6  15.9  961 218  1.7 4 11.1  92    0    8 334 -419  1
3912500 2352500  8 28  7  17.2  962 199  1.5 5 11.4  91    8   53 338 -418  1
3912500 2352500  8 28  8  19.1  962 204  1.6 6 12.1  88   12  113 347 -423  1
3912500 2352500  8 28  9  20.3  962 196  2.2 6 12.6  83   74  199 356 -439  1
3912500 2352500  8 28 10  21.9  962 198  2.8 4 12.8  77  413  148 357 -462  1
3912500 2352500  8 28 11  23.9  962 213  3.3 3 12.4  67  481  182 359 -485  1
3912500 2352500  8 28 12  25.5  963 228  3.9 3 12.2  59  541  189 365 -505  1
3912500 2352500  8 28 13  25.7  962 289  8.6 4 12.1  56  349  300 371 -519  1
3912500 2352500  8 28 14  25.7  962 275  7.8 4 11.9  54  134  335 374 -517  1
3912500 2352500  8 28 15  25.6  962 253  7.6 3 11.8  54  175  296 370 -510  1
3912500 2352500  8 28 16  24.6  963 293  5.7 2 11.6  55  250  213 361 -509  1
3912500 2352500  8 28 17  23.4  962 273  6.2 4 11.0  56   55  178 357 -503  1
3912500 2352500  8 28 18  21.7  962 264  5.6 5 10.7  59   16  105 360 -492  1
3912500 2352500  8 28 19  20.7  962 252  5.0 6 10.4  62    8   34 362 -477  1
3912500 2352500  8 28 20  19.9  963 282  3.5 6 10.1  64    0    0 362 -463  1
3912500 2352500  8 28 21  18.8  963 253  2.5 6  9.9  67    0    0 360 -453  1
3912500 2352500  8 28 22  18.0  963 315  2.0 6  9.9  71    0    0 358 -449  1
3912500 2352500  8 28 23  18.1  964 254  2.5 7 10.0  73    0    0 364 -445  1
3912500 2352500  8 28 24  17.5  964 290  3.1 6  9.9  74    0    0 365 -441  1
3912500 2352500  8 29  1  17.3  964 277  2.2 5  9.6  73    0    0 353 -436  1
3912500 2352500  8 29  2  17.0  964 293  1.8 5  9.2  72    0    0 347 -429  1
3912500 2352500  8 29  3  16.4  964 294  1.7 5  9.0  72    0    0 345 -421  1
3912500 2352500  8 29  4  16.6  965 293  2.0 5  8.8  72    0    0 344 -416  1
3912500 2352500  8 29  5  15.4  965 308  2.9 6  8.5  71    0    0 347 -413  1
3912500 2352500  8 29  6  14.1  965 319  2.9 6  7.9  72    0    6 346 -411  1
3912500 2352500  8 29  7  14.6  965 294  2.8 3  7.3  69   42   43 327 -409  1
3912500 2352500  8 29  8  15.1  966 315  2.5 0  7.1  64  200   68 296 -408  1
3912500 2352500  8 29  9  16.3  967 303  2.9 1  7.0  60  374   88 288 -411  1
3912500 2352500  8 29 10  17.0  968 298  3.0 4  6.7  54  215  198 309 -423  1
3912500 2352500  8 29 11  17.8  968 297  4.1 3  6.5  50   31  264 321 -444  1
3912500 2352500  8 29 12  18.1  968 338  3.5 2  6.5  48  128  300 315 -463  1
3912500 2352500  8 29 13  19.6  968 343  3.7 4  6.3  44  293  263 322 -476  1
3912500 2352500  8 29 14  20.0  968 351  5.0 4  6.5  43  359  219 334 -482  1
3912500 2352500  8 29 15  19.5  967 322  4.0 2  6.5  44  349  183 324 -479  1
3912500 2352500  8 29 16  20.3  967 340  4.1 3  5.7  37  367  106 317 -472  1
3912500 2352500  8 29 17  19.9  967 303  4.2 2  5.0  33  303   62 314 -464  1
3912500 2352500  8 29 18  18.8  967 323  2.6 2  5.1  35  152   60 305 -451  1
3912500 2352500  8 29 19  16.8  968 320  3.0 2  5.5  42   22   32 300 -436  1
3912500 2352500  8 29 20  15.2  968 327  1.7 2  6.0  51    0    0 295 -421  1
3912500 2352500  8 29 21  12.8  968 352  1.8 1  6.2  60    0    0 283 -409  1
3912500 2352500  8 29 22  11.6  969 339  0.8 1  6.3  68    0    0 273 -402  1
3912500 2352500  8 29 23  11.4  969 326  1.1 1  6.4  72    0    0 271 -396  1
3912500 2352500  8 29 24  10.6  968 327  2.0 1  6.4  75    0    0 270 -392  1
3912500 2352500  8 30  1  10.1  968  36  1.5 0  6.5  79    0    0 263 -389  1
3912500 2352500  8 30  2   9.4  968  59  1.1 0  6.4  82    0    0 257 -386  1
3912500 2352500  8 30  3   9.0  967   5  1.1 1  6.3  84    0    0 259 -383  1
3912500 2352500  8 30  4   8.7  967 350  0.9 1  6.4  86    0    0 262 -380  1
3912500 2352500  8 30  5   8.9  967   0  1.2 0  6.2  84    0    0 257 -378  1
3912500 2352500  8 30  6   8.4  967   2  1.9 1  6.1  83    0    8 256 -375  1
3912500 2352500  8 30  7  10.4  967  35  1.9 1  6.4  83   37   53 264 -375  1
3912500 2352500  8 30  8  12.6  969  41  1.3 1  6.8  77  174   86 271 -381  1
3912500 2352500  8 30  9  14.7  968  89  1.5 2  7.2  70  332   99 284 -397  1
3912500 2352500  8 30 10  16.3  968 121  1.1 1  7.4  64  484  102 292 -420  1
3912500 2352500  8 30 11  17.8  969 146  1.3 0  7.2  56  601  102 290 -445  1
3912500 2352500  8 30 12  19.0  968 147  2.1 0  6.7  49  672  102 292 -469  1
3912500 2352500  8 30 13  20.4  968 180  1.7 0  6.6  44  680  110 300 -484  1
3912500 2352500  8 30 14  21.0  967 188  2.2 0  6.4  40  646  112 304 -492  1
3912500 2352500  8 30 15  21.8  968 177  1.8 0  6.2  37  555  124 309 -495  1
3912500 2352500  8 30 16  21.4  967 306  2.1 0  6.2  37  436  118 311 -492  1
3912500 2352500  8 30 17  21.7  967 302  2.3 0  6.1  36  299  101 311 -481  1
3912500 2352500  8 30 18  20.7  967 325  2.6 0  6.1  37  143   82 310 -464  1
3912500 2352500  8 30 19  17.1  966   0  1.8 1  6.5  45   23   37 308 -448  1
3912500 2352500  8 30 20  15.9  966 350  0.9 1  6.7  55    0    0 304 -433  1
3912500 2352500  8 30 21  12.9  966 318  1.2 2  6.9  64    0    0 302 -420  1
3912500 2352500  8 30 22  12.2  967 336  1.6 2  7.0  73    0    0 299 -411  1
3912500 2352500  8 30 23  11.9  967 335  1.1 2  7.0  76    0    0 298 -405  1
3912500 2352500  8 30 24  12.0  967 357  0.8 1  7.0  77    0    0 294 -399  1
3912500 2352500  8 31  1  11.1  967  19  1.4 2  7.0  79    0    0 293 -393  1
3912500 2352500  8 31  2   9.3  966  35  1.2 2  6.8  84    0    0 292 -389  1
3912500 2352500  8 31  3   9.6  966  34  1.4 1  6.8  88    0    0 285 -388  1
3912500 2352500  8 31  4  10.3  966  43  1.5 1  6.9  86    0    0 282 -386  1
3912500 2352500  8 31  5   9.5  966  48  1.2 1  6.7  84    0    0 282 -385  1
3912500 2352500  8 31  6   8.6  965  58  2.3 2  6.4  86    0    8 284 -384  1
3912500 2352500  8 31  7  10.8  966  59  1.8 1  6.7  85   38   50 287 -385  1
3912500 2352500  8 31  8  13.2  966  48  1.9 1  7.1  78  170   83 288 -391  1
3912500 2352500  8 31  9  16.0  966  62  1.6 1  7.6  70  331   90 297 -405  1
3912500 2352500  8 31 10  18.2  966  79  2.0 1  8.2  64  478   96 308 -427  1
3912500 2352500  8 31 11  20.0  966  90  2.5 1  8.4  58  593   97 316 -450  1
3912500 2352500  8 31 12  21.5  966 101  1.8 1  8.5  53  663   94 323 -472  1
3912500 2352500  8 31 13  23.0  965 132  2.2 0  8.4  48  661  113 324 -491  1
3912500 2352500  8 31 14  24.4  964 128  2.0 0  8.2  43  613  128 325 -505  1
3912500 2352500  8 31 15  24.9  963 135  2.2 0  8.2  40  533  130 330 -511  1
3912500 2352500  8 31 16  25.8  963 184  1.9 0  8.2  38  417  124 333 -508  1
3912500 2352500  8 31 17  25.5  963 179  1.9 0  8.2  38  281  107 335 -499  1
3912500 2352500  8 31 18  23.9  962 167  1.5 0  8.8  43  136   80 332 -484  1
3912500 2352500  8 31 19  21.2  961 204  1.3 0  9.6  53   18   36 326 -464  1
3912500 2352500  8 31 20  18.9  961 275  1.3 0  9.5  62    0    0 318 -445  1
3912500 2352500  8 31 21  18.0  961  61  2.5 0  9.4  67    0    0 311 -430  1
3912500 2352500  8 31 22  16.7  961  99  1.6 0  9.4  72    0    0 308 -420  1
3912500 2352500  8 31 23  15.9  961  67  1.9 0  9.4  77    0    0 304 -414  1
3912500 2352500  8 31 24  14.9  961  74  1.8 0  9.5  82    0    0 302 -410  1
3912500 2352500  9  1  1  15.4  962 107  1.8 0  9.7  84    0    0 301 -402  1
3912500 2352500  9  1  2  14.2  962 182  1.6 0  9.7  87    0    0 299 -401  1
3912500 2352500  9  1  3  14.0  962 246  2.2 0  9.7  91    0    0 297 -398  1
3912500 2352500  9  1  4  13.9  962 261  1.7 0  9.6  91    0    0 296 -396  1
3912500 2352500  9  1  5  13.6  962 279  1.9 0  9.5  92    0    0 297 -395  1
3912500 2352500  9  1  6  14.1  962 262  1.8 0  9.5  91    0    0 298 -394  1
3912500 2352500  9  1  7  15.8  962 262  1.6 0  9.7  87   40   39 301 -395  1
3912500 2352500  9  1  8  17.8  962 228  1.6 0 10.3  81  172   82 305 -402  1
3912500 2352500  9  1  9  20.2  963 180  1.7 0 10.8  75  315  108 312 -419  1
3912500 2352500  9  1 10  22.1  962 205  2.1 0 11.2  68  459  118 321 -444  1
3912500 2352500  9  1 11  23.9  962 197  2.5 0 11.4  62  580  121 330 -471  1
3912500 2352500  9  1 12  25.7  962 208  3.2 0 11.4  55  659  119 338 -496  1
3912500 2352500  9  1 13  27.3  961 183  2.8 0 11.2  49  697  108 346 -514  1
3912500 2352500  9  1 14  28.6  960 185  2.7 0 10.9  44  660  110 354 -527  1
3912500 2352500  9  1 15  29.1  959 174  3.0 0 10.3  39  568  114 357 -533  1
3912500 2352500  9  1 16  29.9  960 178  2.3 0  9.9  36  445  109 359 -531  1
3912500 2352500  9  1 17  28.9  960 280  4.3 1  9.8  36  305   93 362 -522  1
3912500 2352500  9  1 18  26.9  960 284  6.4 2 10.4  42  124   74 364 -508  1
3912500 2352500  9  1 19  24.7  960 259  5.2 7 11.1  50   12   19 381 -493  1
3912500 2352500  9  1 20  23.7  962 307  4.2 7 11.4  57    0    0 397 -480  1
3912500 2352500  9  1 21  20.8  963 222  4.4 7 11.4  64    0    0 389 -466  1
3912500 2352500  9  1 22  18.1  964 259  3.4 7 11.3  76    0    0 380 -456  1
3912500 2352500  9  1 23  18.4  963 268  4.1 6 11.0  80    0    0 370 -450  1
3912500 2352500  9  1 24  17.8  963 135  3.0 6 11.0  80    0    0 363 -442  1
3912500 2352500  9  2  1  17.3  964 159  2.8 6 11.3  85    0    0 358 -436  1
3912500 2352500  9  2  2  16.7  964 172  2.6 6 11.4  89    0    0 354 -432  1
3912500 2352500  9  2  3  16.4  964 183  2.3 6 11.4  91    0    0 350 -428  1
3912500 2352500  9  2  4  16.5  964 193  2.6 6 11.4  92    0    0 349 -426  1
3912500 2352500  9  2  5  16.8  963 204  2.0 7 11.4  91    0    0 352 -424  1
3912500 2352500  9  2  6  16.5  963 190  1.4 6 11.4  91    0    1 350 -422  1
3912500 2352500  9  2  7  17.1  963 149  0.7 7 11.6  91    1   34 348 -421  1
3912500 2352500  9  2  8  18.0  964 150  1.1 7 11.7  88   10  101 352 -422  1
3912500 2352500  9  2  9  19.4  963 178  1.3 5 11.9  84   71  179 348 -427  1
3912500 2352500  9  2 10  19.6  964 149  2.1 4 12.1  81  189  221 340 -434  1
3912500 2352500  9  2 11  21.1  964 186  2.7 6 12.2  77  129  278 347 -448  1
3912500 2352500  9  2 12  21.6  964 181  2.2 6 12.2  73   42  282 356 -467  1
3912500 2352500  9  2 13  22.4  963 204  2.7 6 12.0  69  173  310 359 -487  1
3912500 2352500  9  2 14  23.2  962 226  1.7 6 12.0  65  116  288 364 -504  1
3912500 2352500  9  2 15  19.9  961 107  2.1 7 12.5  73    0  133 364 -512  1
3912500 2352500  9  2 16  19.2  961 234  2.5 7 13.0  86    0  113 361 -511  1
3912500 2352500  9  2 17  19.5  961 168  2.5 7 13.1  88   15  128 362 -503  1
3912500 2352500  9  2 18  19.2  960 150  2.5 6 13.1  88   31   80 360 -488  1
3912500 2352500  9  2 19  18.4  960 170  1.8 7 12.9  89   15   17 357 -471  1
3912500 2352500  9  2 20  18.1  959 205  2.3 7 12.5  90    0    0 360 -457  1
3912500 2352500  9  2 21  17.4  959 224  2.3 6 12.2  91    0    0 355 -450  1
3912500 2352500  9  2 22  17.5  958 243  1.4 6 12.0  91    0    0 351 -445  1
3912500 2352500  9  2 23  16.9  958 241  2.6 7 11.9  92    0    0 354 -439  1
3912500 2352500  9  2 24  16.7  957 225  2.8 7 11.9  93    0    0 358 -434  1
3912500 2352500  9  3  1  16.9  956 217  2.3 7 12.0  94    0    0 359 -431  1
3912500 2352500  9  3  2  16.6  956 193  2.4 6 12.0  95    0    0 356 -428  1
3912500 2352500  9  3  3  16.8  956 192  2.3 7 12.0  95    0    0 357 -426  1
3912500 2352500  9  3  4  16.7  956 193  3.0 7 12.0  94    0    0 365 -425  1
3912500 2352500  9  3  5  17.0  956 207  2.7 8 11.9  93    0    0 370 -422  1
3912500 2352500  9  3  6  17.0  955 198  3.6 8 11.9  92    0    0 375 -419  1
3912500 2352500  9  3  7  17.2  955 203  2.9 7 12.1  93    2   36 373 -417  1
3912500 2352500  9  3  8  18.1  955 211  3.0 6 12.3  91   95   95 367 -420  1
3912500 2352500  9  3  9  20.4  954 237  4.1 4 12.5  84  124  164 360 -426  1
3912500 2352500  9  3 10  19.9  954 252  6.5 6 12.5  79    0  136 363 -428  1
3912500 2352500  9  3 11  18.7  954 225  7.3 6 12.1  81    2  191 370 -426  1
3912500 2352500  9  3 12  18.0  955 248  7.2 7 12.0  85    6  220 372 -428  1
3912500 2352500  9  3 13  18.5  955 240  8.2 7 11.3  81    9  238 374 -432  1
3912500 2352500  9  3 14  19.2  956 245  7.0 7 10.6  73   56  264 374 -439  1
3912500 2352500  9  3 15  18.3  956 247  8.6 7 10.6  73   45  228 372 -446  1
3912500 2352500  9  3 16  19.0  956 240  6.0 5 10.5  73  363   93 360 -446  1
3912500 2352500  9  3 17  18.8  956 236  6.9 6  9.8  68  184  105 357 -439  1
3912500 2352500  9  3 18  17.5  956 255  8.4 6  9.1  66   26   78 357 -435  1
3912500 2352500  9  3 19  16.6  956 252  6.6 7  8.6  67   12   16 355 -431  1
3912500 2352500  9  3 20  15.9  957 221  4.9 7  8.5  69    0    0 357 -425  1
3912500 2352500  9  3 21  15.7  957 247  3.7 7  8.6  72    0    0 355 -420  1
3912500 2352500  9  3 22  15.7  958 234  2.7 7  8.8  74    0    0 355 -417  1
3912500 2352500  9  3 23  15.6  958 247  2.6 7  9.0  76    0    0 356 -416  1
3912500 2352500  9  3 24  15.5  958 235  2.5 7  9.0  77    0    0 355 -412  1
3912500 2352500  9  4  1  15.3  957 237  2.8 7  9.1  79    0    0 356 -410  1
3912500 2352500  9  4  2  15.6  957 220  3.4 7  9.1  78    0    0 356 -410  1
3912500 2352500  9  4  3  15.3  957 259  3.9 7  8.9  77    0    0 355 -410  1
3912500 2352500  9  4  4  14.9  957 241  4.6 6  8.8  77    0    0 349 -410  1
3912500 2352500  9  4  5  13.6  957 228  3.9 6  8.6  80    0    0 341 -409  1
3912500 2352500  9  4  6  13.6  957 227  3.4 8  8.6  84    0    1 348 -407  1
3912500 2352500  9  4  7  13.6  957 253  3.3 8  8.7  85    0   10 357 -407  1
3912500 2352500  9  4  8  14.0  957 221  2.9 7  8.9  85    0   48 353 -408  1
3912500 2352500  9  4  9  14.9  957 177  2.4 8  9.0  83    0  117 355 -409  1
3912500 2352500  9  4 10  15.8  956 170  2.6 7  8.8  76    1  176 357 -417  1
3912500 2352500  9  4 11  16.3  955 180  2.2 5  8.8  73   66  330 347 -428  1
3912500 2352500  9  4 12  16.3  955 197  2.7 6  9.0  73    6  247 347 -432  1
3912500 2352500  9  4 13  14.9  955 219  2.9 7  9.5  81    0  113 353 -434  1
3912500 2352500  9  4 14  15.7  954 224  5.2 7 10.1  87    0  134 355 -431  1
3912500 2352500  9  4 15  16.5  954 232  6.2 6 10.3  85    3  187 353 -426  1
3912500 2352500  9  4 16  16.0  954 283  8.0 8  9.9  81    1  139 355 -426  1
3912500 2352500  9  4 17  15.1  955 274  9.1 6  9.2  79   42  179 350 -424  1
3912500 2352500  9  4 18  14.2  957 238  6.2 7  8.7  79   12   90 342 -418  1
3912500 2352500  9  4 19  12.4  958 303  4.7 7  8.3  82    0   11 340 -410  1
3912500 2352500  9  4 20  11.8  959 294  6.3 7  8.0  86    0    0 337 -404  1
3912500 2352500  9  4 21  11.7  961 249  4.2 7  7.8  85    0    0 336 -398  1
3912500 2352500  9  4 22  11.3  963 250  4.8 8  7.5  84    0    0 339 -390  1
3912500 2352500  9  4 23  10.4  964 244  4.6 7  7.2  84    0    0 339 -385  1
3912500 2352500  9  4 24  10.1  966 226  4.2 7  7.1  86    0    0 333 -380  1
3912500 2352500  9  5  1   9.6  966 227  3.8 5  7.0  88    0    0 323 -376  1
3912500 2352500  9  5  2   9.6  966 209  3.9 4  6.8  87    0    0 307 -373  1
3912500 2352500  9  5  3   9.7  967 227  4.2 5  6.6  84    0    0 305 -369  1
3912500 2352500  9  5  4   8.6  967 252  4.1 5  6.5  86    0    0 308 -366  1
3912500 2352500  9  5  5   8.6  967 274  2.8 2  6.4  88    0    0 291 -364  1
3912500 2352500  9  5  6   8.2  967 273  3.1 1  6.3  88    0    0 270 -362  1
3912500 2352500  9  5  7   9.1  968 266  2.5 0  6.4  87   42   34 260 -361  1
3912500 2352500  9  5  8  11.2  968 246  3.0 0  6.6  82  195   59 258 -365  1
3912500 2352500  9  5  9  12.4  969 255  3.7 2  6.8  75  383   53 271 -379  1
3912500 2352500  9  5 10  14.0  969 243  3.6 5  6.7  68  296  184 298 -397  1
3912500 2352500  9  5 11  14.4  969 252  4.4 4  6.5  61  323  234 309 -417  1
3912500 2352500  9  5 12  15.7  969 226  3.8 4  6.2  55  299  283 306 -437  1
3912500 2352500  9  5 13  15.8  969 260  4.0 3  5.9  51  206  311 303 -454  1
3912500 2352500  9  5 14  16.6  969 298  6.1 3  5.6  47  326  254 300 -460  1
3912500 2352500  9  5 15  16.8  970 307  3.7 5  5.4  44  226  244 307 -455  1
3912500 2352500  9  5 16  17.2  970 273  3.3 5  5.4  43  171  198 314 -449  1
3912500 2352500  9  5 17  16.4  970 332  3.1 3  5.4  44  232   87 310 -442  1
3912500 2352500  9  5 18  15.7  969 292  3.8 2  5.6  47  144   57 300 -430  1
3912500 2352500  9  5 19  14.0  969 303  2.5 2  5.7  52   17   18 294 -416  1
3912500 2352500  9  5 20  12.7  970 319  2.1 3  6.0  60    0    0 294 -403  1
3912500 2352500  9  5 21  12.3  971 313  2.1 3  6.3  66    0    0 296 -393  1
3912500 2352500  9  5 22  10.8  970 298  1.6 6  6.5  74    0    0 306 -386  1
3912500 2352500  9  5 23  10.5  971 273  1.6 7  6.6  79    0    0 318 -381  1
3912500 2352500  9  5 24   9.9  971 282  1.8 6  6.4  79    0    0 316 -378  1
3912500 2352500  9  6  1   9.6  972  39  1.7 3  6.4  82    0    0 299 -375  1
3912500 2352500  9  6  2   9.1  971   1  1.3 2  6.4  84    0    0 282 -372  1
3912500 2352500  9  6  3   7.8  971 298  1.3 1  6.3  88    0    0 271 -368  1
3912500 2352500  9  6  4   7.7  971 321  0.9 1  6.3  92    0    0 265 -365  1
3912500 2352500  9  6  5   8.0  971 332  1.2 1  6.3  91    0    0 266 -363  1
3912500 2352500  9  6  6   6.8  971 329  1.6 1  6.2  93    0    0 263 -362  1
3912500 2352500  9  6  7   8.1  972 334  0.3 0  6.3  94   29   40 258 -361  1
3912500 2352500  9  6  8  10.9  972 346  0.8 0  6.8  88  150   84 257 -366  1
3912500 2352500  9  6  9  12.5  972  59  1.1 0  7.1  80  292  112 263 -382  1
3912500 2352500  9  6 10  14.1  973  91  1.5 1  7.3  73  432  128 273 -405  1
3912500 2352500  9  6 11  15.7  972 101  2.0 1  7.2  66  544  136 284 -431  1
3912500 2352500  9  6 12  16.7  972 119  2.3 1  6.7  56  611  138 288 -454  1
3912500 2352500  9  6 13  18.1  972 149  1.8 1  6.1  47  644  130 292 -471  1
3912500 2352500  9  6 14  18.4  972 154  2.6 1  5.9  43  607  132 294 -478  1
3912500 2352500  9  6 15  19.1  972 159  1.6 1  5.7  40  533  124 295 -480  1
3912500 2352500  9  6 16  19.2  971 161  1.6 1  5.5  38  414  117 296 -478  1
3912500 2352500  9  6 17  19.0  970 175  1.7 1  5.6  39  264  101 296 -468  1
3912500 2352500  9  6 18  17.6  970 209  1.5 2  6.0  44  112   76 298 -452  1
3912500 2352500  9  6 19  14.7  969 134  1.5 2  6.6  55   13   19 294 -435  1
3912500 2352500  9  6 20  12.5  969  34  1.1 2  6.8  67    0    0 286 -419  1
3912500 2352500  9  6 21  12.3  970   5  1.7 4  6.8  72    0    0 284 -408  1
3912500 2352500  9  6 22  11.4  970 335  1.9 3  6.8  76    0    0 283 -401  1
3912500 2352500  9  6 23   9.9  969  16  1.0 4  6.7  81    0    0 278 -395  1
3912500 2352500  9  6 24  10.0  969  28  1.4 6  6.7  84    0    0 279 -391  1
3912500 2352500  9  7  1   9.5  969  28  1.4 5  6.7  85    0    0 281 -387  1
3912500 2352500  9  7  2   7.7  969  49  0.9 4  6.6  90    0    0 275 -383  1
3912500 2352500  9  7  3   8.6  969  17  1.1 3  6.4  90    0    0 271 -379  1
3912500 2352500  9  7  4   7.8  968 353  1.4 4  6.3  88    0    0 271 -376  1
3912500 2352500  9  7  5   8.1  968  16  1.1 5  6.2  90    0    0 275 -373  1
3912500 2352500  9  7  6   8.0  968  12  1.2 4  6.3  89    0    0 276 -371  1
3912500 2352500  9  7  7   8.8  968  89  1.2 1  6.4  89   21   41 268 -369  1
3912500 2352500  9  7  8  11.3  969  86  1.1 1  6.9  86  128   95 267 -373  1
3912500 2352500  9  7  9  13.5  969 103  0.9 3  7.4  79  259  133 279 -390  1
3912500 2352500  9  7 10  15.2  969 142  1.3 4  7.6  71  364  169 294 -414  1
3912500 2352500  9  7 11  17.1  969 152  1.5 5  7.8  65  379  232 307 -441  1
3912500 2352500  9  7 12  18.5  970 153  1.6 6  7.9  59  351  288 319 -465  1
3912500 2352500  9  7 13  19.6  969 177  2.0 5  7.8  54  410  267 325 -483  1
3912500 2352500  9  7 14  21.0  969 173  1.4 5  7.9  50  483  201 328 -495  1
3912500 2352500  9  7 15  22.2  970 190  1.3 6  7.9  47  482  153 336 -501  1
3912500 2352500  9  7 16  22.7  969 157  1.5 5  8.1  46  360  141 339 -497  1
3912500 2352500  9  7 17  22.2  969 150  1.6 6  8.5  48  141  147 341 -487  1
3912500 2352500  9  7 18  20.4  969 156  1.2 6  9.2  56   44   84 341 -471  1
3912500 2352500  9  7 19  17.3  968 133  1.5 5  9.3  65    1   15 332 -452  1
3912500 2352500  9  7 20  16.8  968  44  1.4 5  8.9  70    0    0 324 -434  1
3912500 2352500  9  7 21  14.5  968  31  2.1 5  8.7  75    0    0 318 -420  1
3912500 2352500  9  7 22  14.0  968  65  2.1 3  8.5  80    0    0 308 -411  1
3912500 2352500  9  7 23  11.1  969 193  1.6 2  8.2  86    0    0 294 -403  1
3912500 2352500  9  7 24  11.9  969 113  2.3 2  7.9  89    0    0 288 -397  1
3912500 2352500  9  8  1  10.1  969  74  2.3 1  7.8  91    0    0 285 -394  1
3912500 2352500  9  8  2  10.9  968  60  1.4 0  7.8  94    0    0 277 -392  1
3912500 2352500  9  8  3  10.9  969  91  1.4 0  7.8  91    0    0 275 -387  1
3912500 2352500  9  8  4   9.4  968  87  1.3 0  7.5  93    0    0 272 -382  1
3912500 2352500  9  8  5   9.5  969  64  1.4 0  7.3  94    0    0 269 -379  1
3912500 2352500  9  8  6   8.6  969  65  1.0 0  7.1  94    0    0 268 -376  1
3912500 2352500  9  8  7  10.4  969  52  2.4 0  7.2  94   18   40 268 -377  1
3912500 2352500  9  8  8  12.7  970  43  1.9 0  7.9  88  125   92 274 -384  1
3912500 2352500  9  8  9  14.9  970  69  2.1 0  8.2  80  269  119 281 -400  1
3912500 2352500  9  8 10  16.8  969  75  2.1 0  8.2  70  414  130 287 -424  1
3912500 2352500  9  8 11  19.2  970  85  1.6 0  8.5  63  536  132 296 -450  1
3912500 2352500  9  8 12  20.7  970  70  1.4 0  8.6  56  611  131 306 -476  1
3912500 2352500  9  8 13  23.1  970 102  2.2 0  8.3  49  649  121 314 -496  1
3912500 2352500  9  8 14  24.5  969  87  2.2 0  8.2  42  610  123 322 -508  1
3912500 2352500  9  8 15  25.6  968  49  2.7 0  7.9  38  520  123 326 -512  1
3912500 2352500  9  8 16  25.5  968  61  3.0 0  7.7  36  399  115 327 -504  1
3912500 2352500  9  8 17  24.4  968  62  3.2 0  7.7  37  247  102 325 -488  1
3912500 2352500  9  8 18  22.8  967  61  2.5 0  7.6  40   93   76 321 -473  1
3912500 2352500  9  8 19  20.8  967  51  2.9 0  7.6  44    8   18 315 -455  1
3912500 2352500  9  8 20  18.2  967  44  2.9 0  7.8  53    0    0 307 -439  1
3912500 2352500  9  8 21  18.0  967  39  3.4 0  7.9  58    0    0 301 -428  1
3912500 2352500  9  8 22  16.8  968  34  2.1 0  7.9  61    0    0 298 -420  1
3912500 2352500  9  8 23  14.8  968  24  2.7 0  7.8  67    0    0 293 -414  1
3912500 2352500  9  8 24  14.7  967  20  3.6 0  7.7  70    0    0 289 -408  1
3912500 2352500  9  9  1  12.5  967  32  1.9 1  7.7  76    0    0 288 -405  1
3912500 2352500  9  9  2  12.5  967  32  1.8 1  7.7  82    0    0 288 -400  1
3912500 2352500  9  9  3  12.2  967  22  2.5 0  7.7  82    0    0 284 -395  1
3912500 2352500  9  9  4  10.2  967   5  1.8 0  7.5  87    0    0 277 -391  1
3912500 2352500  9  9  5  11.0  967 350  1.6 1  7.5  90    0    0 279 -388  1
3912500 2352500  9  9  6  10.3  967 349  2.0 1  7.5  89    0    0 282 -384  1
3912500 2352500  9  9  7  11.7  968 345  2.0 0  7.6  88   27   37 279 -382  1
3912500 2352500  9  9  8  13.9  968 358  2.3 0  7.9  82  147   80 279 -386  1
3912500 2352500  9  9  9  15.9  968  65  2.7 0  8.1  73  296  103 285 -399  1
3912500 2352500  9  9 10  17.6  969  61  3.1 1  8.2  66  444  111 294 -420  1
3912500 2352500  9  9 11  19.3  969 102  2.9 1  8.5  61  566  113 304 -441  1
3912500 2352500  9  9 12  21.6  968  92  3.3 1  8.2  52  642  109 311 -462  1
3912500 2352500  9  9 13  22.8  969  81  3.4 1  7.4  42  674  101 317 -481  1
3912500 2352500  9  9 14  23.3  968  94  2.7 1  6.9  37  636  103 319 -492  1
3912500 2352500  9  9 15  23.6  968  78  3.0 1  6.4  34  545  107 320 -496  1
3912500 2352500  9  9 16  23.9  968  78  2.9 1  6.1  32  405  106 320 -491  1
3912500 2352500  9  9 17  23.0  968  71  3.2 1  6.0  32  253   96 319 -479  1
3912500 2352500  9  9 18  21.1  968  56  2.3 1  6.3  36   97   74 314 -463  1
3912500 2352500  9  9 19  18.4  968  32  1.7 0  6.7  44    9   18 306 -445  1
3912500 2352500  9  9 20  16.1  968  13  1.4 0  6.8  53    0    0 295 -428  1
3912500 2352500  9  9 21  14.9  968 349  2.0 0  7.1  62    0    0 290 -417  1
3912500 2352500  9  9 22  13.9  969 355  1.8 0  7.1  66    0    0 287 -410  1
3912500 2352500  9  9 23  12.2  969 352  1.4 1  7.1  72    0    0 285 -405  1
3912500 2352500  9  9 24  12.6  969 336  1.1 3  7.2  77    0    0 291 -401  1
3912500 2352500  9 10  1  11.5  970   2  1.3 1  7.2  79    0    0 289 -396  1
3912500 2352500  9 10  2  11.3  970 353  0.6 1  7.1  81    0    0 281 -393  1
3912500 2352500  9 10  3  10.9  969   2  0.7 1  7.0  81    0    0 280 -391  1
3912500 2352500  9 10  4  10.2  969 351  0.7 1  6.9  82    0    0 278 -388  1
3912500 2352500  9 10  5   9.9  969 360  1.0 1  6.9  85    0    0 277 -383  1
3912500 2352500  9 10  6   9.7  969  68  1.4 1  6.8  86    0    0 277 -378  1
3912500 2352500  9 10  7  10.2  969  92  1.6 0  6.9  87   19   39 275 -376  1
3912500 2352500  9 10  8  12.9  971  47  1.7 0  7.5  84  112   98 277 -381  1
3912500 2352500  9 10  9  15.0  971  84  1.4 0  8.1  78  248  132 284 -398  1
3912500 2352500  9 10 10  17.5  971 105  1.6 0  8.3  69  405  139 291 -424  1
3912500 2352500  9 10 11  19.4  971 129  2.0 0  8.3  60  528  142 300 -451  1
3912500 2352500  9 10 12  21.1  971 121  2.6 0  8.1  52  603  143 308 -477  1
3912500 2352500  9 10 13  22.4  970 114  2.8 0  8.0  47  627  139 313 -498  1
3912500 2352500  9 10 14  23.4  971 110  3.9 0  8.2  45  584  141 320 -509  1
3912500 2352500  9 10 15  23.9  971 123  3.3 0  8.1  43  485  141 322 -507  1
3912500 2352500  9 10 16  23.4  970  77  3.5 4  7.9  41  152  216 330 -500  1
3912500 2352500  9 10 17  22.6  970 168  2.7 7  7.9  43   35  145 341 -490  1
3912500 2352500  9 10 18  21.5  970  92  2.7 0  7.9  46   48   77 330 -474  1
3912500 2352500  9 10 19  18.1  970   3  2.0 3  8.2  55    4   16 314 -455  1
3912500 2352500  9 10 20  18.2  970   3  2.1 4  8.5  62    0    0 318 -439  1
3912500 2352500  9 10 21  17.6  971   4  2.1 2  8.5  64    0    0 314 -430  1
3912500 2352500  9 10 22  16.9  972 354  1.7 4  8.8  69    0    0 312 -426  1
3912500 2352500  9 10 23  16.5  972   7  1.8 5  9.0  73    0    0 318 -422  1
3912500 2352500  9 10 24  16.2  971  10  1.4 3  9.0  74    0    0 314 -419  1
3912500 2352500  9 11  1  15.1  972  13  0.8 1  8.9  77    0    0 298 -415  1
3912500 2352500  9 11  2  15.2  972   8  0.8 1  8.7  78    0    0 290 -411  1
3912500 2352500  9 11  3  15.1  971   9  1.5 3  8.7  77    0    0 296 -407  1
3912500 2352500  9 11  4  13.7  971   8  1.7 3  8.6  80    0    0 300 -404  1
3912500 2352500  9 11  5  13.7  971   7  1.9 4  8.5  84    0    0 302 -402  1
3912500 2352500  9 11  6  13.7  971  39  1.7 4  8.6  84    0    0 305 -398  1
3912500 2352500  9 11  7  14.3  971  73  1.7 5  8.7  84    6   35 309 -394  1
3912500 2352500  9 11  8  14.9  972  53  2.1 3  8.9  82   14  102 306 -398  1
3912500 2352500  9 11  9  15.6  972  44  3.1 5  9.0  80    2  132 308 -413  1
3912500 2352500  9 11 10  15.6  972  39  4.0 5  9.2  79    0  139 314 -433  1
3912500 2352500  9 11 11  15.8  972  61  3.8 7  9.2  79    0  136 321 -453  1
3912500 2352500  9 11 12  15.8  972  36  4.4 7  9.2  79    1  208 328 -470  1
3912500 2352500  9 11 13  17.9  973  35  4.2 5  9.3  74  138  322 326 -481  1
3912500 2352500  9 11 14  19.5  972  32  5.3 3  9.4  66  437  190 325 -486  1
3912500 2352500  9 11 15  20.3  971  27  4.5 4  9.3  61  261  229 329 -487  1
3912500 2352500  9 11 16  19.1  971  31  5.0 4  9.0  60  170  193 330 -483  1
3912500 2352500  9 11 17  19.2  970  28  3.9 3  8.8  61  129  131 327 -475  1
3912500 2352500  9 11 18  18.0  970  38  3.1 3  8.8  63   52   70 324 -463  1
3912500 2352500  9 11 19  16.8  970  24  2.3 5  8.8  68    3   13 323 -450  1
3912500 2352500  9 11 20  16.1  971  18  2.3 5  8.7  72    0    0 323 -437  1
3912500 2352500  9 11 21  15.8  970  12  2.4 6  8.8  74    0    0 322 -428  1
3912500 2352500  9 11 22  15.8  970  27  2.8 7  8.8  75    0    0 325 -422  1
3912500 2352500  9 11 23  15.6  970  28  3.1 8  8.8  76    0    0 329 -419  1
3912500 2352500  9 11 24  15.3  970  32  3.5 7  8.8  76    0    0 330 -416  1
3912500 2352500  9 12  1  15.0  969  40  3.9 6  8.6  76    0    0 325 -413  1
3912500 2352500  9 12  2  14.3  969  36  3.6 5  8.3  76    0    0 318 -410  1
3912500 2352500  9 12  3  14.0  968  51  4.0 4  8.1  77    0    0 309 -407  1
3912500 2352500  9 12  4  13.2  968  41  4.0 4  7.8  77    0    0 303 -404  1
3912500 2352500  9 12  5  13.1  968  27  3.4 6  7.7  78    0    0 308 -402  1
3912500 2352500  9 12  6  13.0  968  61  4.0 5  7.6  77    0    0 311 -400  1
3912500 2352500  9 12  7  13.5  968  45  3.5 5  7.7  77    1   32 309 -398  1
3912500 2352500  9 12  8  14.1  968  60  4.2 7  7.7  75    9  106 317 -401  1
3912500 2352500  9 12  9  14.9  967  64  4.3 8  7.9  73   20  182 330 -413  1
3912500 2352500  9 12 10  16.4  968  84  4.9 6  8.1  70  126  287 332 -429  1
3912500 2352500  9 12 11  17.5  968  76  4.5 5  8.4  67  192  341 329 -447  1
3912500 2352500  9 12 12  18.1  967  71  5.2 4  8.5  64  181  380 326 -462  1
3912500 2352500  9 12 13  18.6  966  61  5.1 3  8.7  63  155  386 324 -472  1
3912500 2352500  9 12 14  19.1  966  55  5.6 3  8.7  61   80  350 325 -478  1
3912500 2352500  9 12 15  19.2  966  63  5.1 6  8.7  60   29  267 333 -479  1
3912500 2352500  9 12 16  19.1  966  57  4.7 8  8.6  59    6  173 345 -474  1
3912500 2352500  9 12 17  18.5  965  57  3.2 6  8.4  59   19  148 345 -462  1
3912500 2352500  9 12 18  18.4  965  34  3.5 7  8.4  60   19   81 341 -450  1
3912500 2352500  9 12 19  17.8  966  33  3.0 8  8.4  61    1   13 345 -442  1
3912500 2352500  9 12 20  17.3  966  20  2.6 8  8.3  63    0    0 347 -432  1
3912500 2352500  9 12 21  16.8  967  35  2.2 8  8.3  65    0    0 348 -424  1
3912500 2352500  9 12 22  16.1  967  19  2.0 7  8.3  67    0    0 343 -419  1
3912500 2352500  9 12 23  15.2  967  23  1.9 5  8.1  70    0    0 332 -415  1
3912500 2352500  9 12 24  14.5  966  46  2.6 6  8.1  73    0    0 327 -412  1
3912500 2352500  9 13  1  13.7  966  19  1.4 5  7.9  74    0    0 324 -409  1
3912500 2352500  9 13  2  13.3  966  31  1.5 3  7.6  75    0    0 312 -407  1
3912500 2352500  9 13  3  12.8  966  30  1.4 0  7.4  75    0    0 291 -405  1
3912500 2352500  9 13  4  13.3  966  29  1.0 3  7.2  73    0    0 289 -403  1
3912500 2352500  9 13  5  13.1  966   3  0.6 5  7.1  71    0    0 309 -400  1
3912500 2352500  9 13  6  12.7  966   8  0.4 5  7.2  74    0    0 316 -396  1
3912500 2352500  9 13  7  13.0  966   0  0.5 6  7.2  74    0   19 321 -394  1
3912500 2352500  9 13  8  13.8  966  33  0.6 6  7.1  70   13   95 328 -396  1
3912500 2352500  9 13  9  14.3  966  16  1.0 3  7.1  68  169  137 318 -406  1
3912500 2352500  9 13 10  16.1  966 349  1.6 2  7.2  64  285  160 305 -421  1
3912500 2352500  9 13 11  17.1  966  12  1.5 1  7.2  58  571   63 302 -438  1
3912500 2352500  9 13 12  18.4  965 336  1.9 2  7.2  54  624   66 308 -454  1
3912500 2352500  9 13 13  19.3  964 313  2.7 2  7.5  52  394  206 319 -468  1
3912500 2352500  9 13 14  20.4  964 327  3.1 2  7.6  50  257  251 323 -473  1
3912500 2352500  9 13 15  20.0  964 333  2.4 3  7.6  49  300  184 329 -471  1
3912500 2352500  9 13 16  19.7  963 339  3.3 5  7.6  50   68  197 340 -466  1
3912500 2352500  9 13 17  18.5  962   8  2.4 7  7.8  54    0   56 354 -455  1
3912500 2352500  9 13 18  17.4  962   0  2.8 5  7.7  57    3   54 351 -440  1
3912500 2352500  9 13 19  15.8  962 332  3.2 6  7.1  57    0    9 343 -424  1
3912500 2352500  9 13 20  14.0  962 335  2.1 5  6.8  61    0    0 337 -410  1
3912500 2352500  9 13 21  13.3  962 325  1.8 4  6.8  67    0    0 324 -402  1
3912500 2352500  9 13 22  13.2  963 340  2.4 6  6.8  68    0    0 327 -397  1
3912500 2352500  9 13 23  12.5  963 333  2.5 7  6.8  70    0    0 339 -396  1
3912500 2352500  9 13 24  11.4  963 329  1.6 7  6.9  75    0    0 339 -397  1
3912500 2352500  9 14  1  11.5  962 344  1.3 7  6.8  76    0    0 339 -396  1
3912500 2352500  9 14  2  11.4  962   3  1.9 7  6.7  76    0    0 339 -395  1
3912500 2352500  9 14  3  11.0  962 349  2.5 7  6.6  76    0    0 338 -394  1
3912500 2352500  9 14  4  10.2  962  27  2.1 7  6.4  76    0    0 336 -393  1
3912500 2352500  9 14  5   9.8  962   9  1.7 5  6.4  79    0    0 325 -391  1
3912500 2352500  9 14  6   9.3  961  26  1.5 4  6.6  84    0    0 310 -387  1
3912500 2352500  9 14  7  10.0  962 360  1.3 7  6.7  85    1   31 319 -383  1
3912500 2352500  9 14  8  10.5  962  27  1.8 7  6.7  82   10  104 336 -384  1
3912500 2352500  9 14  9  11.1  962  28  1.9 6  6.8  80   14  171 334 -391  1
3912500 2352500  9 14 10  11.7  961  55  2.1 4  6.9  77   98  276 321 -397  1
3912500 2352500  9 14 11  11.7  961  24  2.7 5  6.8  75   16  262 316 -406  1
3912500 2352500  9 14 12  11.8  961  24  3.2 7  6.8  75    0  126 331 -421  1
3912500 2352500  9 14 13  12.2  960  36  3.6 8  6.9  75    0  121 345 -434  1
3912500 2352500  9 14 14  12.5  960  58  2.6 7  7.1  75    0  177 345 -441  1
3912500 2352500  9 14 15  13.2  959  69  2.1 5  6.9  71   33  266 332 -440  1
3912500 2352500  9 14 16  13.7  959   9  2.8 4  6.9  68  117  239 321 -436  1
3912500 2352500  9 14 17  13.4  960  50  2.2 6  7.0  68   56  160 326 -430  1
3912500 2352500  9 14 18  12.5  959  66  1.2 4  6.8  70   13   67 325 -421  1
3912500 2352500  9 14 19  11.2  959  41  1.5 3  6.9  75    2   14 308 -412  1
3912500 2352500  9 14 20   9.3  959  80  1.9 4  7.0  84    0    0 304 -404  1
3912500 2352500  9 14 21   9.4  959  66  2.9 4  6.9  89    0    0 306 -398  1
3912500 2352500  9 14 22   8.9  960  70  3.3 4  6.8  88    0    0 305 -396  1
3912500 2352500  9 14 23   8.9  960  71  2.8 5  6.7  89    0    0 309 -393  1
3912500 2352500  9 14 24   9.0  960  76  3.0 6  6.8  90    0    0 319 -392  1
3912500 2352500  9 15  1   9.5  960  72  2.3 5  6.8  89    0    0 320 -390  1
3912500 2352500  9 15  2   8.8  960  84  2.1 5  6.8  89    0    0 315 -388  1
3912500 2352500  9 15  3   9.4  960  74  2.7 6  6.8  89    0    0 320 -388  1
3912500 2352500  9 15  4   9.4  960  68  2.1 6  6.7  86    0    0 325 -389  1
3912500 2352500  9 15  5   9.8  960  92  2.0 6  6.7  85    0    0 324 -389  1
3912500 2352500  9 15  6   9.9  960  94  1.9 7  6.7  84    0    0 329 -388  1
3912500 2352500  9 15  7   9.9  960  61  1.6 8  6.8  84    0   23 337 -387  1
3912500 2352500  9 15  8  10.4  960  44  2.3 5  6.8  83    5   92 327 -389  1
3912500 2352500  9 15  9  11.0  960  79  2.5 6  6.8  80    0   95 320 -398  1
3912500 2352500  9 15 10  11.7  960  60  1.9 6  6.8  77    0  121 325 -414  1
3912500 2352500  9 15 11  12.9  961  62  1.6 6  6.9  74    4  216 327 -436  1
3912500 2352500  9 15 12  14.2  960  95  1.6 6  7.1  70  141  343 329 -456  1
3912500 2352500  9 15 13  15.8  960 343  1.6 4  7.3  65  407  259 326 -467  1
3912500 2352500  9 15 14  16.9  960 355  1.3 4  7.6  62  433  235 324 -475  1
3912500 2352500  9 15 15  18.1  960 271  1.5 5  7.7  59  348  222 331 -484  1
3912500 2352500  9 15 16  17.6  959  18  1.3 5  8.1  60  241  192 336 -483  1
3912500 2352500  9 15 17  16.7  959  67  1.8 7  8.3  64   76  146 339 -474  1
3912500 2352500  9 15 18  16.2  959  61  2.3 6  8.3  67    1   52 340 -462  1
3912500 2352500  9 15 19  14.8  959  39  1.9 5  8.4  72    0    2 333 -448  1
3912500 2352500  9 15 20  14.3  960  64  2.0 5  8.5  78    0    0 328 -438  1
3912500 2352500  9 15 21  13.5  960  53  2.0 8  8.4  80    0    0 332 -431  1
3912500 2352500  9 15 22  13.1  960  62  1.6 8  8.3  83    0    0 336 -423  1
3912500 2352500  9 15 23  12.6  959  50  1.4 8  8.3  85    0    0 334 -415  1
3912500 2352500  9 15 24  11.5  959   4  1.3 4  8.2  89    0    0 321 -409  1
3912500 2352500  9 16  1  11.6  959   5  2.3 5  8.3  92    0    0 311 -404  1
3912500 2352500  9 16  2  11.5  958  34  1.6 7  8.3  93    0    0 318 -400  1
3912500 2352500  9 16  3  12.5  958  59  0.9 8  8.5  91    0    0 328 -398  1
3912500 2352500  9 16  4  12.3  958  29  1.8 8  8.7  91    0    0 333 -394  1
3912500 2352500  9 16  5  12.9  958  24  2.4 8  8.8  92    0    0 335 -392  1
3912500 2352500  9 16  6  12.8  958  25  1.9 7  9.0  92    0    0 334 -391  1
3912500 2352500  9 16  7  13.7  957  35  2.5 7  9.2  92    0   16 333 -390  1
3912500 2352500  9 16  8  14.7  957  26  2.4 7  9.5  88   11  107 335 -393  1
3912500 2352500  9 16  9  15.3  956  43  3.3 5  9.5  84   22  188 330 -405  1
3912500 2352500  9 16 10  16.2  956  42  4.3 5  9.5  80   27  254 325 -423  1
3912500 2352500  9 16 11  16.1  956  55  3.9 5  9.5  78   25  291 325 -442  1
3912500 2352500  9 16 12  17.0  956  56  4.9 6  9.5  76    0  203 329 -460  1
3912500 2352500  9 16 13  17.5  956  62  4.3 6  9.6  73    4  248 336 -473  1
3912500 2352500  9 16 14  18.4  955  62  4.3 6  9.7  71   12  265 338 -481  1
3912500 2352500  9 16 15  17.9  955  61  4.1 7 10.0  72    0  137 342 -484  1
3912500 2352500  9 16 16  17.6  955  90  3.0 7 10.3  76    0   92 344 -480  1
3912500 2352500  9 16 17  16.5  955  67  3.8 6 10.5  81    0   68 340 -472  1
3912500 2352500  9 16 18  16.1  954  57  2.8 5 10.6  86    0   31 334 -459  1
3912500 2352500  9 16 19  16.3  955  48  1.6 8 10.8  88    0    2 340 -446  1
3912500 2352500  9 16 20  15.6  955  34  1.7 8 11.0  91    0    0 348 -435  1
3912500 2352500  9 16 21  14.9  955  38  2.6 8 11.0  95    0    0 344 -427  1
3912500 2352500  9 16 22  14.5  956  33  2.7 7 11.0  98    0    0 339 -423  1
3912500 2352500  9 16 23  15.0  956  32  2.7 7 10.8  97    0    0 336 -420  1
3912500 2352500  9 16 24  14.7  956  31  2.9 7 10.8  96    0    0 336 -417  1
3912500 2352500  9 17  1  14.9  956  16  2.3 7 10.9  97    0    0 335 -414  1
3912500 2352500  9 17  2  14.8  957  11  1.1 7 11.0  97    0    0 335 -410  1
3912500 2352500  9 17  3  14.9  957   0  0.4 8 10.9  97    0    0 337 -406  1
3912500 2352500  9 17  4  14.8  957  10  0.7 6 10.9  97    0    0 336 -403  1
3912500 2352500  9 17  5  14.9  957   9  1.3 6 11.0  98    0    0 332 -400  1
3912500 2352500  9 17  6  14.8  957 359  0.8 6 11.0  98    0    0 332 -398  1
3912500 2352500  9 17  7  14.8  957  20  0.0 7 10.9  98    0   21 335 -396  1
3912500 2352500  9 17  8  14.9  958  21  1.1 7 10.9  97    0   57 335 -397  1
3912500 2352500  9 17  9  15.2  958   9  2.4 6 11.0  97    0   92 332 -408  1
3912500 2352500  9 17 10  15.7  958  19  2.6 6 11.1  95    0  125 329 -424  1
3912500 2352500  9 17 11  16.0  959  37  2.7 7 11.1  93    0  123 332 -441  1
3912500 2352500  9 17 12  17.0  959  29  1.5 6 11.2  90    0  139 334 -458  1
3912500 2352500  9 17 13  17.8  959  18  1.6 6 11.3  86    0  188 335 -471  1
3912500 2352500  9 17 14  18.5  960  10  1.7 6 11.5  83    5  214 338 -480  1
3912500 2352500  9 17 15  18.0  961  17  1.5 5 11.6  83   17  218 337 -482  1
3912500 2352500  9 17 16  18.0  960  28  2.1 7 11.4  84    0  108 338 -478  1
3912500 2352500  9 17 17  17.2  960  23  0.7 7 11.4  85    0   89 340 -470  1
3912500 2352500  9 17 18  17.1  960  10  0.3 5 11.6  89   32   52 337 -459  1
3912500 2352500  9 17 19  16.6  961   9  0.3 6 11.7  92    0    4 336 -446  1
3912500 2352500  9 17 20  15.9  961 348  0.8 6 11.5  94    0    0 335 -435  1
3912500 2352500  9 17 21  15.9  962   4  0.6 5 11.2  94    0    0 333 -428  1
3912500 2352500  9 17 22  15.9  962  34  2.2 5 11.0  92    0    0 332 -425  1
3912500 2352500  9 17 23  15.6  963  40  1.8 6 10.8  92    0    0 335 -421  1
3912500 2352500  9 17 24  15.3  963  47  1.6 6 10.7  93    0    0 338 -417  1
3912500 2352500  9 18  1  15.1  963  29  1.5 6 10.7  93    0    0 338 -413  1
3912500 2352500  9 18  2  15.2  963  29  0.9 7 10.6  93    0    0 342 -408  1
3912500 2352500  9 18  3  15.2  962  22  1.8 7 10.6  92    0    0 347 -404  1
3912500 2352500  9 18  4  15.0  962  22  1.2 8 10.6  93    0    0 351 -401  1
3912500 2352500  9 18  5  14.9  962  23  1.8 7 10.7  95    0    0 351 -399  1
3912500 2352500  9 18  6  15.2  962  36  2.5 7 10.7  94    0    0 349 -398  1
3912500 2352500  9 18  7  15.3  962  33  1.9 8 10.6  93    0   12 352 -398  1
3912500 2352500  9 18  8  15.5  962  46  1.9 8 10.7  92    0   52 355 -400  1
3912500 2352500  9 18  9  16.2  962  57  2.3 7 10.8  91    0   89 351 -411  1
3912500 2352500  9 18 10  17.0  962  72  1.8 6 11.0  88    0  134 347 -428  1
3912500 2352500  9 18 11  17.8  962  76  1.9 7 11.1  84    0  148 349 -450  1
3912500 2352500  9 18 12  18.2  962  84  0.9 7 11.1  81    0  137 353 -474  1
3912500 2352500  9 18 13  19.3  962  48  1.0 8 11.0  77    0  150 357 -493  1
3912500 2352500  9 18 14  19.9  962 122  1.3 7 11.2  74    4  233 358 -504  1
3912500 2352500  9 18 15  19.8  961 106  2.1 6 11.2  73   29  280 355 -508  1
3912500 2352500  9 18 16  20.3  961  88  2.4 5 11.0  71   34  235 351 -504  1
3912500 2352500  9 18 17  19.8  961  85  3.0 5 11.0  71   37  162 349 -490  1
3912500 2352500  9 18 18  19.1  960  61  2.5 6 11.2  75    9   58 349 -473  1
3912500 2352500  9 18 19  17.9  960  57  2.5 7 11.3  80    0    4 351 -458  1
3912500 2352500  9 18 20  17.7  960 100  1.3 7 11.5  85    0    0 353 -449  1
3912500 2352500  9 18 21  17.0  960 353  0.5 6 11.5  88    0    0 350 -443  1
3912500 2352500  9 18 22  15.7  960  20  1.1 4 11.2  91    0    0 338 -435  1
3912500 2352500  9 18 23  15.6  960  52  1.0 5 10.9  92    0    0 333 -426  1
3912500 2352500  9 18 24  15.1  960  47  1.2 6 10.9  94    0    0 337 -420  1
3912500 2352500  9 19  1  15.3  960  78  0.9 7 11.0  96    0    0 340 -414  1
3912500 2352500  9 19  2  15.7  960  54  1.5 6 11.1  95    0    0 341 -410  1
3912500 2352500  9 19  3  15.6  960  45  1.3 5 11.0  94    0    0 336 -405  1
3912500 2352500  9 19  4  15.9  960  32  0.5 5 11.0  93    0    0 334 -402  1
3912500 2352500  9 19  5  15.8  960  36  0.9 5 11.0  92    0    0 334 -400  1
3912500 2352500  9 19  6  15.7  961 105  0.7 7 10.9  92    0    0 340 -398  1
3912500 2352500  9 19  7  15.6  961 350  0.4 7 10.9  93    0   24 347 -395  1
3912500 2352500  9 19  8  16.6  961 341  0.6 6 11.0  90   24   83 344 -397  1
3912500 2352500  9 19  9  17.3  961 332  0.9 6 11.1  87   60  146 343 -409  1
3912500 2352500  9 19 10  18.1  962 329  0.8 6 11.3  84   55  205 345 -430  1
3912500 2352500  9 19 11  18.8  962  17  1.0 5 11.3  80  337  122 344 -454  1
3912500 2352500  9 19 12  19.9  963   6  1.1 4 11.1  75  476   75 342 -476  1
3912500 2352500  9 19 13  20.5  962 327  1.7 2 11.1  71  490   75 339 -494  1
3912500 2352500  9 19 14  21.5  962 325  2.2 3 10.9  66  385  112 341 -505  1
3912500 2352500  9 19 15  22.6  962 322  2.0 3 10.7  61  295  120 347 -507  1
3912500 2352500  9 19 16  21.7  962 314  2.6 3 10.8  62  325   66 349 -500  1
3912500 2352500  9 19 17  21.6  962 321  2.4 3 11.1  65  211   56 347 -485  1
3912500 2352500  9 19 18  20.4  962 327  1.7 6 11.0  67   54   34 351 -470  1
3912500 2352500  9 19 19  17.7  962 360  1.7 4 10.9  75    0    4 348 -454  1
3912500 2352500  9 19 20  17.0  962   6  1.4 4 11.0  84    0    0 338 -441  1
3912500 2352500  9 19 21  16.8  962 359  1.1 5 10.9  86    0    0 339 -432  1
3912500 2352500  9 19 22  16.3  963 279  1.6 6 11.0  88    0    0 344 -425  1
3912500 2352500  9 19 23  16.2  963 335  1.6 6 10.9  89    0    0 344 -418  1
3912500 2352500  9 19 24  15.9  963   9  1.3 7 10.8  90    0    0 345 -414  1
3912500 2352500  9 20  1  15.7  963 326  1.4 7 10.9  92    0    0 345 -410  1
3912500 2352500  9 20  2  15.5  964 313  1.5 8 11.0  94    0    0 347 -405  1
3912500 2352500  9 20  3  15.5  964 318  1.1 8 11.0  94    0    0 347 -403  1
3912500 2352500  9 20  4  15.3  964   0  1.4 8 10.9  94    0    0 346 -400  1
3912500 2352500  9 20  5  15.0  964 154  1.3 8 10.8  95    0    0 344 -396  1
3912500 2352500  9 20  6  14.9  964  50  2.4 8 10.7  96    0    0 342 -393  1
3912500 2352500  9 20  7  15.1  964  49  1.3 7 10.7  95    0    9 339 -390  1
3912500 2352500  9 20  8  15.2  964 349  1.1 8 10.7  94    0   17 339 -392  1
3912500 2352500  9 20  9  15.7  965  92  1.0 8 10.8  93    0   75 341 -404  1
3912500 2352500  9 20 10  16.8  965 176  1.2 7 10.8  89    5  189 341 -425  1
3912500 2352500  9 20 11  18.2  965 153  1.2 6 11.0  83  131  277 341 -449  1
3912500 2352500  9 20 12  18.9  965 191  1.5 4 10.8  77  146  306 338 -471  1
3912500 2352500  9 20 13  20.5  965 175  1.1 4 10.7  70   83  310 337 -490  1
3912500 2352500  9 20 14  20.7  965 125  1.5 3 10.7  67  403  183 340 -503  1
3912500 2352500  9 20 15  21.7  965 114  1.6 3 10.6  64  439  118 341 -507  1
3912500 2352500  9 20 16  21.6  964 122  1.4 4 10.4  61  290  113 344 -501  1
3912500 2352500  9 20 17  21.0  964 150  1.2 4 10.4  62  150   95 344 -488  1
3912500 2352500  9 20 18  18.9  964 187  0.9 2 10.8  70   50   57 337 -471  1
3912500 2352500  9 20 19  17.0  964 299  1.3 1 11.0  81    0    4 325 -453  1
3912500 2352500  9 20 20  16.7  964  96  1.4 2 10.9  84    0    0 319 -439  1
3912500 2352500  9 20 21  16.0  965  52  1.5 3 10.9  89    0    0 319 -431  1
3912500 2352500  9 20 22  15.6  966   5  1.5 4 10.8  91    0    0 325 -425  1
3912500 2352500  9 20 23  15.0  966  33  1.8 5 10.5  92    0    0 328 -421  1
3912500 2352500  9 20 24  14.2  967  74  2.0 6 10.1  93    0    0 328 -417  1
3912500 2352500  9 21  1  13.3  952 124  2.4 7  9.6  93    0    0 356 -388  1
3912500 2352500  9 21  2  12.5  952 165  2.5 7  9.2  94    0    0 347 -387  1
3912500 2352500  9 21  3  11.8  952 197  2.8 6  8.8  94    0    0 336 -385  1
3912500 2352500  9 21  4  11.5  952 198  2.5 6  8.7  95    0    0 331 -384  1
3912500 2352500  9 21  5  11.6  952 194  2.5 6  8.7  95    0    0 329 -383  1
3912500 2352500  9 21  6  11.3  952 196  1.8 6  8.6  96    0    0 328 -383  1
3912500 2352500  9 21  7  11.4  952 192  1.6 7  8.6  96    0    7 333 -382  1
3912500 2352500  9 21  8  11.7  953 157  1.9 6  8.7  96    0   63 333 -384  1
3912500 2352500  9 21  9  12.2  953 171  2.1 5  8.6  92   41  171 326 -390  1
3912500 2352500  9 21 10  13.5  953 183  2.6 6  8.6  88   49  234 330 -402  1
3912500 2352500  9 21 11  15.3  953 202  2.9 5  9.0  82  211  282 336 -416  1
3912500 2352500  9 21 12  17.4  953 223  3.5 3  9.5  77  393  245 331 -429  1
3912500 2352500  9 21 13  19.5  954 230  4.3 3  9.4  67  261  307 327 -439  1
3912500 2352500  9 21 14  19.3  954 225  4.5 3  8.8  59  257  285 329 -441  1
3912500 2352500  9 21 15  19.0  954 244  4.0 2  8.5  58  307  215 324 -441  1
3912500 2352500  9 21 16  19.5  954 233  3.6 2  8.3  56  235  173 319 -439  1
3912500 2352500  9 21 17  19.0  954 259  3.4 3  8.2  55  138  123 322 -432  1
3912500 2352500  9 21 18  16.9  954 216  1.2 6  8.5  62   42   60 337 -422  1
3912500 2352500  9 21 19  14.9  953 162  1.0 7  8.8  74    0    6 350 -412  1
3912500 2352500  9 21 20  14.9  953 190  1.1 8  9.1  80    0    0 358 -406  1
3912500 2352500  9 21 21  14.5  954 212  1.0 8  9.2  83    0    0 364 -404  1
3912500 2352500  9 21 22  14.3  954 183  1.9 8  9.2  85    0    0 363 -402  1
3912500 2352500  9 21 23  14.7  955 202  1.9 8  9.6  88    0    0 364 -401  1
3912500 2352500  9 21 24  14.3  955 189  1.6 7  9.7  88    0    0 359 -401  1
3912500 2352500  9 22  1  14.5  956 187  2.2 8  9.6  88    0    0 358 -400  1
3912500 2352500  9 22  2  14.3  956 251  2.3 8  9.6  88    0    0 362 -399  1
3912500 2352500  9 22  3  14.1  956 244  2.8 8  9.5  88    0    0 362 -398  1
3912500 2352500  9 22  4  13.9  957 271  2.1 8  9.6  90    0    0 362 -397  1
3912500 2352500  9 22  5  13.5  957 217  1.6 8  9.5  91    0    0 362 -397  1
3912500 2352500  9 22  6  13.3  957 198  1.3 7  9.3  91    0    0 356 -396  1
3912500 2352500  9 22  7  13.4  957 215  0.9 5  9.3  92    0   13 342 -396  1
3912500 2352500  9 22  8  14.5  957 112  0.6 4  9.7  92   55   90 329 -397  1
3912500 2352500  9 22  9  15.8  957 111  1.2 3 10.2  89  179  138 323 -401  1
3912500 2352500  9 22 10  17.6  957 117  1.6 5 10.5  83  178  219 331 -409  1
3912500 2352500  9 22 11  19.1  958 133  1.5 4 10.8  77  254  250 341 -422  1
3912500 2352500  9 22 12  18.4  958 192  1.8 5 10.6  74  405  217 343 -438  1
3912500 2352500  9 22 13  20.3  958 197  2.5 5 10.6  71  245  295 350 -453  1
3912500 2352500  9 22 14  20.5  958 225  2.5 7 10.9  68    9  221 363 -465  1
3912500 2352500  9 22 15  19.9  958 229  1.8 8 10.8  69    0   95 374 -468  1
3912500 2352500  9 22 16  19.7  958 248  1.0 7 10.7  70    0  110 371 -466  1
3912500 2352500  9 22 17  19.8  958 202  0.5 6 10.6  69    5  100 362 -458  1
3912500 2352500  9 22 18  18.9  958 249  1.1 8 10.8  72    6   45 364 -448  1
3912500 2352500  9 22 19  17.6  958 265  1.1 7 10.9  78    0    3 365 -438  1
3912500 2352500  9 22 20  16.6  958 134  0.8 6 10.7  83    0    0 352 -430  1
3912500 2352500  9 22 21  15.7  959 360  0.2 5 10.4  85    0    0 338 -425  1
3912500 2352500  9 22 22  14.8  959 345  1.2 4 10.4  91    0    0 327 -421  1
3912500 2352500  9 22 23  14.3  959  75  1.5 4 10.6  96    0    0 319 -415  1
3912500 2352500  9 22 24  14.3  959  58  1.3 6 10.6  98    0    0 326 -411  1
3912500 2352500  9 23  1  14.4  959 330  1.4 5 10.5  97    0    0 329 -408  1
3912500 2352500  9 23  2  14.3  959  59  1.9 4 10.4  96    0    0 318 -404  1
3912500 2352500  9 23  3  14.0  959  80  1.8 3 10.2  95    0    0 306 -401  1
3912500 2352500  9 23  4  13.3  959 211  1.8 3  9.9  96    0    0 300 -398  1
3912500 2352500  9 23  5  13.1  959 191  2.0 5  9.7  96    0    0 310 -396  1
3912500 2352500  9 23  6  13.8  959 289  1.9 6  9.8  96    0    0 324 -393  1
3912500 2352500  9 23  7  13.8  959 277  1.0 7 10.0  96    0   15 333 -393  1
3912500 2352500  9 23  8  14.4  959 248  1.4 7 10.2  96    2   72 337 -396  1
3912500 2352500  9 23  9  15.6  960 221  1.5 5 10.6  94   34  173 333 -406  1
3912500 2352500  9 23 10  16.6  960 199  2.2 6 11.2  92    9  184 334 -422  1
3912500 2352500  9 23 11  18.9  961 200  2.9 6 11.3  84   31  270 344 -442  1
3912500 2352500  9 23 12  21.0  963 206  1.9 3 11.2  73  205  341 344 -462  1
3912500 2352500  9 23 13  22.9  963 256  2.2 4 11.1  64  150  350 346 -477  1
3912500 2352500  9 23 14  23.4  962 232  2.2 4 10.7  57  130  329 355 -482  1
3912500 2352500  9 23 15  22.5  962 264  2.2 5 10.7  58   74  269 359 -480  1
3912500 2352500  9 23 16  22.6  962 239  2.2 4 10.6  59  175  208 360 -474  1
3912500 2352500  9 23 17  22.4  961 239  2.3 3 10.6  59  100  139 354 -463  1
3912500 2352500  9 23 18  19.3  961 203  1.2 6 10.9  67   13   50 355 -450  1
3912500 2352500  9 23 19  18.4  962 279  1.4 5 11.2  78    0    6 355 -438  1
3912500 2352500  9 23 20  17.6  961 288  1.6 7 11.1  81    0    0 355 -431  1
3912500 2352500  9 23 21  17.0  962 304  1.8 8 11.3  86    0    0 363 -429  1
3912500 2352500  9 23 22  16.1  963 232  1.5 8 11.4  91    0    0 365 -427  1
3912500 2352500  9 23 23  15.9  964 230  1.7 8 11.4  95    0    0 362 -425  1
3912500 2352500  9 23 24  15.7  965 279  1.8 7 11.3  95    0    0 356 -423  1
3912500 2352500  9 24  1  15.8  965 310  1.7 5 11.2  95    0    0 344 -419  1
3912500 2352500  9 24  2  15.7  965 207  1.7 7 11.3  96    0    0 342 -414  1
3912500 2352500  9 24  3  15.6  965 294  1.7 7 11.2  95    0    0 347 -412  1
3912500 2352500  9 24  4  15.7  966 227  2.0 7 11.0  94    0    0 346 -412  1
3912500 2352500  9 24  5  15.3  966 223  1.9 5 10.8  94    0    0 338 -410  1
3912500 2352500  9 24  6  15.6  966 219  1.8 4 10.6  92    0    0 327 -409  1
3912500 2352500  9 24  7  14.5  966 167  2.1 6 10.4  92    1   19 328 -406  1
3912500 2352500  9 24  8  15.2  966  18  1.4 5 10.6  95   45   90 330 -405  1
3912500 2352500  9 24  9  16.3  967 162  0.7 5 11.1  94   99  164 329 -414  1
3912500 2352500  9 24 10  18.0  967 148  1.2 6 11.7  91  169  222 338 -430  1
3912500 2352500  9 24 11  19.2  967 210  1.9 6 11.8  84  223  262 345 -449  1
3912500 2352500  9 24 12  20.2  966 162  1.7 6 11.4  76  250  285 349 -466  1
3912500 2352500  9 24 13  21.5  967 165  2.0 6 11.2  69  312  271 352 -479  1
3912500 2352500  9 24 14  22.3  966 169  1.6 5 10.9  63  285  257 354 -486  1
3912500 2352500  9 24 15  22.4  965 194  2.2 3 10.9  61  285  206 350 -486  1
3912500 2352500  9 24 16  22.5  965 190  2.0 4 11.0  61   99  186 348 -478  1
3912500 2352500  9 24 17  22.1  964 197  2.6 6 11.1  62   69  116 354 -468  1
3912500 2352500  9 24 18  21.9  964 206  2.0 7 11.0  63   11   43 360 -455  1
3912500 2352500  9 24 19  19.0  964 223  1.7 6 11.0  70    0    4 354 -441  1
3912500 2352500  9 24 20  17.4  963 255  2.1 6 11.3  82    0    0 346 -430  1
3912500 2352500  9 24 21  16.8  963 285  2.0 6 11.5  89    0    0 344 -424  1
3912500 2352500  9 24 22  17.1  964 306  1.2 5 11.7  92    0    0 341 -420  1
3912500 2352500  9 24 23  16.9  964 345  0.5 5 11.9  93    0    0 339 -417  1
3912500 2352500  9 24 24  16.5  964  69  0.9 7 11.8  94    0    0 343 -414  1
3912500 2352500  9 25  1  16.4  964  63  1.4 8 11.7  94    0    0 351 -411  1
3912500 2352500  9 25  2  16.4  963 253  1.7 8 11.7  95    0    0 354 -409  1
3912500 2352500  9 25  3  16.3  963 263  2.1 8 11.6  94    0    0 354 -407  1
3912500 2352500  9 25  4  16.5  963 240  1.6 8 11.5  93    0    0 354 -405  1
3912500 2352500  9 25  5  16.2  962 235  1.5 8 11.5  94    0    0 354 -403  1
3912500 2352500  9 25  6  16.6  962 266  2.1 8 11.5  93    0    0 355 -401  1
3912500 2352500  9 25  7  16.2  962 196  1.7 8 11.5  93    0    2 356 -401  1
3912500 2352500  9 25  8  16.3  961 245  1.7 8 11.5  94    0   15 356 -404  1
3912500 2352500  9 25  9  16.7  961 196  2.2 8 11.5  92    0   31 359 -412  1
3912500 2352500  9 25 10  16.8  962 184  2.4 6 11.6  92    0   56 351 -420  1
3912500 2352500  9 25 11  16.5  962 111  2.6 6 11.7  93    0   75 342 -426  1
3912500 2352500  9 25 12  16.3  962  50  1.3 7 11.6  94    0   97 348 -428  1
3912500 2352500  9 25 13  17.1  962 210  2.6 7 11.8  94    8  236 357 -428  1
3912500 2352500  9 25 14  17.6  961 248  3.3 6 12.0  92   22  258 357 -428  1
3912500 2352500  9 25 15  17.6  960 258  2.9 7 12.1  91   10  204 359 -426  1
3912500 2352500  9 25 16  17.3  959 279  2.3 8 12.0  91    0   69 371 -421  1
3912500 2352500  9 25 17  16.9  959 274  1.6 8 12.0  92    0   63 376 -416  1
3912500 2352500  9 25 18  16.6  958 256  1.5 7 12.1  95    1   36 370 -412  1
3912500 2352500  9 25 19  16.3  958 183  1.5 8 12.1  97    0    1 369 -408  1
3912500 2352500  9 25 20  16.1  957 200  1.9 8 11.8  96    0    0 374 -404  1
3912500 2352500  9 25 21  16.2  957 196  2.4 8 11.6  95    0    0 374 -401  1
3912500 2352500  9 25 22  16.3  958 209  2.2 8 11.6  94    0    0 375 -399  1
3912500 2352500  9 25 23  16.0  957 212  2.1 8 11.5  94    0    0 376 -397  1
3912500 2352500  9 25 24  15.6  957 161  2.0 7 11.3  95    0    0 368 -396  1
3912500 2352500  9 26  1  15.6  957 166  2.4 8 11.3  96    0    0 367 -395  1
3912500 2352500  9 26  2  15.3  957 167  3.2 8 11.2  96    0    0 373 -394  1
3912500 2352500  9 26  3  15.1  956 153  3.3 8 10.9  95    0    0 372 -393  1
3912500 2352500  9 26  4  15.1  956 165  2.5 8 10.7  94    0    0 372 -392  1
3912500 2352500  9 26  5  14.7  956  38  2.1 8 10.7  95    0    0 371 -392  1
3912500 2352500  9 26  6  14.6  955 171  2.0 8 10.6  95    0    0 369 -393  1
3912500 2352500  9 26  7  14.7  955  35  2.2 8 10.5  94    0    7 369 -393  1
3912500 2352500  9 26  8  14.9  955 328  2.3 7 10.4  93    0   29 362 -395  1
3912500 2352500  9 26  9  14.8  956 138  1.8 8 10.4  93    0   46 361 -400  1
3912500 2352500  9 26 10  14.8  956 186  2.7 7 10.4  93    0   56 361 -406  1
3912500 2352500  9 26 11  14.9  957 224  4.0 6 10.5  93    0   97 348 -412  1
3912500 2352500  9 26 12  14.9  957 249  4.9 7 10.5  93    0  119 348 -415  1
3912500 2352500  9 26 13  15.0  957 264  3.3 8 10.5  93    0  131 361 -414  1
3912500 2352500  9 26 14  15.0  957 252  4.3 8 10.5  92    0  114 368 -418  1
3912500 2352500  9 26 15  14.9  957 250  4.8 8 10.4  92    0  129 368 -418  1
3912500 2352500  9 26 16  14.4  957 241  4.3 7 10.2  92    0  103 361 -413  1
3912500 2352500  9 26 17  14.2  957 244  4.5 8  9.9  92    0   41 359 -409  1
3912500 2352500  9 26 18  14.3  957 252  4.1 6  9.7  90   20   20 353 -404  1
3912500 2352500  9 26 19  13.6  957 245  3.8 6  9.5  90    0    1 344 -400  1
3912500 2352500  9 26 20  13.3  958 227  3.0 4  9.4  92    0    0 334 -396  1
3912500 2352500  9 26 21  12.7  959 230  1.7 3  9.3  94    0    0 321 -393  1
3912500 2352500  9 26 22  12.8  958 226  1.4 3  9.1  94    0    0 316 -390  1
3912500 2352500  9 26 23  12.5  959 226  2.1 3  9.0  93    0    0 316 -387  1
3912500 2352500  9 26 24  11.5  959 213  1.3 5  8.8  94    0    0 323 -386  1
3912500 2352500  9 27  1  11.2  959 219  1.2 2  8.5  96    0    0 317 -386  1
3912500 2352500  9 27  2  10.8  959 189  1.3 1  8.3  96    0    0 297 -385  1
3912500 2352500  9 27  3  10.6  959 183  1.9 3  8.2  96    0    0 299 -384  1
3912500 2352500  9 27  4   9.8  959 163  2.6 4  7.9  96    0    0 308 -384  1
3912500 2352500  9 27  5  10.7  959 187  1.8 3  7.9  96    0    0 307 -384  1
3912500 2352500  9 27  6  11.1  958 195  1.4 6  8.2  95    0    0 316 -383  1
3912500 2352500  9 27  7  10.6  958 221  2.0 4  8.4  97    0    7 318 -383  1
3912500 2352500  9 27  8  11.1  958 235  1.5 7  8.5  99    3   63 320 -385  1
3912500 2352500  9 27  9  12.1  958 304  1.1 8  8.8  98   23  135 337 -390  1
3912500 2352500  9 27 10  12.9  958 202  0.5 7  9.2  96   45  189 338 -396  1
3912500 2352500  9 27 11  14.1  958 175  1.0 5  9.4  92  180  230 330 -409  1
3912500 2352500  9 27 12  14.7  958 212  2.7 4  9.6  89  379  170 322 -429  1
3912500 2352500  9 27 13  16.0  958 212  3.2 4  9.8  85  450  137 321 -445  1
3912500 2352500  9 27 14  17.6  957 233  2.8 4  9.9  78  369  159 327 -450  1
3912500 2352500  9 27 15  18.1  957 206  4.7 3  9.7  71  297  144 326 -450  1
3912500 2352500  9 27 16  17.9  956 192  4.1 4  9.4  68   93  154 326 -443  1
3912500 2352500  9 27 17  17.8  956 204  3.5 5  9.2  68   79   93 332 -433  1
3912500 2352500  9 27 18  16.2  955 224  1.4 6  9.3  73   36   35 337 -422  1
3912500 2352500  9 27 19  15.4  955 216  0.8 6  9.7  81    0    2 338 -410  1
3912500 2352500  9 27 20  14.6  955 269  1.8 6  9.6  85    0    0 336 -400  1
3912500 2352500  9 27 21  13.8  955 261  1.4 6  9.4  88    0    0 333 -394  1
3912500 2352500  9 27 22  13.6  955 250  1.5 7  9.3  90    0    0 336 -390  1
3912500 2352500  9 27 23  13.7  955 254  2.0 7  9.2  88    0    0 341 -387  1
3912500 2352500  9 27 24  14.0  955 249  1.7 7  8.8  84    0    0 342 -384  1
3912500 2352500  9 28  1  14.2  955 248  1.5 7  8.7  81    0    0 342 -382  1
3912500 2352500  9 28  2  14.5  955 257  1.3 8  8.8  81    0    0 347 -380  1
3912500 2352500  9 28  3  13.4  955 237  2.0 8  9.0  85    0    0 351 -381  1
3912500 2352500  9 28  4  14.0  955 228  2.2 8  9.2  89    0    0 352 -383  1
3912500 2352500  9 28  5  13.7  954 242  2.9 8  9.4  90    0    0 354 -384  1
3912500 2352500  9 28  6  13.3  954 244  2.4 8  9.5  92    0    0 354 -381  1
3912500 2352500  9 28  7  13.0  955 207  2.0 7  9.6  95    0    3 349 -380  1
3912500 2352500  9 28  8  13.4  955 196  2.0 8  9.7  96    0   37 349 -383  1
3912500 2352500  9 28  9  13.5  955 217  2.3 5  9.5  93   74  135 341 -389  1
3912500 2352500  9 28 10  14.5  955 218  3.1 6  9.4  89   47  184 334 -397  1
3912500 2352500  9 28 11  14.9  955 233  4.2 6  9.6  86   12  196 343 -404  1
3912500 2352500  9 28 12  14.3  956 254  5.3 7  9.4  86    0  168 347 -409  1
3912500 2352500  9 28 13  13.6  956 262  6.0 7  9.0  85    6  203 349 -412  1
3912500 2352500  9 28 14  14.2  957 270  5.7 8  8.9  85    0  117 353 -416  1
3912500 2352500  9 28 15  14.9  956 273  4.8 4  9.1  83  182  180 345 -417  1
3912500 2352500  9 28 16  14.5  956 261  5.6 5  8.9  81  101  147 334 -414  1
3912500 2352500  9 28 17  14.4  957 266  4.6 4  8.8  81   85   86 334 -409  1
3912500 2352500  9 28 18  13.4  957 275  3.4 6  8.9  85   31   33 338 -405  1
3912500 2352500  9 28 19  12.7  958 278  2.6 3  8.8  89    0    3 331 -401  1
3912500 2352500  9 28 20  12.5  958 262  3.3 5  8.8  91    0    0 326 -398  1
3912500 2352500  9 28 21  12.7  959 224  3.7 6  8.6  89    0    0 338 -398  1
3912500 2352500  9 28 22  13.1  960 222  2.7 5  8.6  87    0    0 339 -397  1
3912500 2352500  9 28 23  12.2  960 227  1.7 5  8.5  88    0    0 333 -396  1
3912500 2352500  9 28 24  11.0  960 215  1.6 4  8.3  93    0    0 325 -395  1
3912500 2352500  9 29  1  11.8  960 216  2.5 5  8.2  93    0    0 324 -393  1
3912500 2352500  9 29  2  12.4  960 219  2.5 6  8.3  89    0    0 336 -391  1
3912500 2352500  9 29  3  12.7  960 216  2.5 7  8.4  88    0    0 347 -388  1
3912500 2352500  9 29  4  12.9  960 217  2.2 6  8.5  87    0    0 348 -386  1
3912500 2352500  9 29  5  12.4  959 238  1.7 7  8.5  88    0    0 349 -383  1
3912500 2352500  9 29  6  12.4  959 223  2.2 7  8.6  91    0    0 353 -379  1
3912500 2352500  9 29  7  13.1  958 226  2.3 7  8.6  88    0    6 354 -376  1
3912500 2352500  9 29  8  13.5  959 221  2.6 5  8.7  86    6   77 345 -376  1
3912500 2352500  9 29  9  13.4  959 222  2.9 4  8.6  85   38  174 329 -383  1
3912500 2352500  9 29 10  15.0  959 206  3.5 6  8.7  81   18  199 336 -396  1
3912500 2352500  9 29 11  16.1  958 224  3.9 6  8.8  76   12  224 349 -412  1
3912500 2352500  9 29 12  17.0  958 221  5.6 6  8.9  71    4  211 352 -425  1
3912500 2352500  9 29 13  16.6  958 215  4.9 6  9.0  71    5  219 353 -435  1
3912500 2352500  9 29 14  15.6  958 223  4.9 8  9.3  77    0  116 360 -441  1
3912500 2352500  9 29 15  14.7  957 228  3.7 8  9.7  85    0   71 364 -442  1
3912500 2352500  9 29 16  14.4  957 226  2.8 8 10.0  91    0   57 363 -436  1
3912500 2352500  9 29 17  14.0  957 235  2.6 8  9.9  92    0   28 364 -428  1
3912500 2352500  9 29 18  13.7  956 215  4.0 8  9.9  94    0    9 364 -422  1
3912500 2352500  9 29 19  13.6  956 214  4.2 8  9.8  94    0    0 365 -417  1
3912500 2352500  9 29 20  13.6  956 215  3.1 8  9.6  93    0    0 365 -413  1
3912500 2352500  9 29 21  13.4  956 184  2.3 8  9.6  93    0    0 364 -411  1
3912500 2352500  9 29 22  13.3  954 190  1.6 8  9.7  95    0    0 365 -409  1
3912500 2352500  9 29 23  13.5  954 234  2.0 7  9.8  96    0    0 359 -407  1
3912500 2352500  9 29 24  13.6  953 292  2.8 8 10.0  96    0    0 359 -405  1
3912500 2352500  9 30  1  13.6  952 275  1.5 7 10.0  97    0    0 359 -404  1
3912500 2352500  9 30  2  13.6  952 264  0.3 8 10.0  96    0    0 358 -402  1
3912500 2352500  9 30  3  13.4  952 155  1.6 8  9.9  96    0    0 362 -400  1
3912500 2352500  9 30  4  13.6  951 227  1.4 7  9.8  95    0    0 356 -398  1
3912500 2352500  9 30  5  13.5  950 202  1.3 7  9.7  94    0    0 349 -396  1
3912500 2352500  9 30  6  13.4  949 250  1.4 7  9.7  94    0    0 349 -394  1
3912500 2352500  9 30  7  13.2  949 250  2.1 6  9.7  95    0    7 342 -392  1
3912500 2352500  9 30  8  13.5  948 227  2.6 8  9.8  95    0   51 348 -393  1
3912500 2352500  9 30  9  13.9  948 187  2.2 8 10.1  96    0   97 359 -398  1
3912500 2352500  9 30 10  14.2  948 202  1.8 8 10.3  96    0  101 361 -405  1
3912500 2352500  9 30 11  14.2  948 207  1.8 8 10.4  96    0   63 362 -412  1
3912500 2352500  9 30 12  14.4  948 217  2.2 7 10.5  96    0   62 359 -417  1
3912500 2352500  9 30 13  14.2  948 214  4.1 7 10.2  94    0   67 354 -417  1
3912500 2352500  9 30 14  13.4  949 225  3.6 8  9.8  93    0   69 358 -413  1
3912500 2352500  9 30 15  13.3  949 213  5.1 7  9.6  94    0   83 357 -408  1
3912500 2352500  9 30 16  12.8  950 223  4.7 8  9.4  93    0   92 356 -406  1
3912500 2352500  9 30 17  12.5  950 224  5.5 7  9.1  93    0   65 354 -403  1
3912500 2352500  9 30 18  12.2  950 217  4.0 5  8.9  93    0   29 339 -399  1
3912500 2352500  9 30 19  12.4  950 227  4.9 6  8.8  92    0    0 335 -393  1
3912500 2352500  9 30 20  11.1  951 233  2.8 7  8.4  91    0    0 342 -389  1
3912500 2352500  9 30 21  11.1  952 216  3.3 5  8.1  92    0    0 334 -387  1
3912500 2352500  9 30 22  11.3  952 229  3.5 5  8.0  90    0    0 325 -384  1
3912500 2352500  9 30 23  11.6  953 230  4.2 5  7.9  88    0    0 326 -381  1
3912500 2352500  9 30 24  11.4  953 214  4.2 6  7.9  88    0    0 330 -380  1
3912500 2352500 10  1  1  11.6  954 222  3.9 7  7.9  88    0    0 343 -382  1
3912500 2352500 10  1  2  11.7  954 225  4.4 8  7.9  87    0    0 348 -381  1
3912500 2352500 10  1  3  11.8  954 217  5.5 8  7.8  85    0    0 354 -381  1
3912500 2352500 10  1  4  11.9  954 226  4.9 6  7.7  84    0    0 344 -381  1
3912500 2352500 10  1  5  11.8  955 213  5.1 6  7.9  86    0    0 333 -381  1
3912500 2352500 10  1  6  11.6  954 223  4.6 6  8.1  89    0    0 333 -380  1
3912500 2352500 10  1  7  11.7  955 243  3.3 6  8.2  90    0    5 332 -377  1
3912500 2352500 10  1  8  11.8  955 223  4.9 7  8.1  89   28   84 336 -378  1
3912500 2352500 10  1  9  11.6  956 237  5.4 4  8.2  90   60  176 326 -382  1
3912500 2352500 10  1 10  13.4  957 249  7.1 3  8.1  84  165  256 309 -388  1
3912500 2352500 10  1 11  14.0  959 261  6.3 6  7.9  76   67  299 322 -395  1
3912500 2352500 10  1 12  14.2  959 262  6.6 5  7.7  72   21  266 332 -402  1
3912500 2352500 10  1 13  14.7  959 267  6.8 4  7.5  69   65  318 324 -406  1
3912500 2352500 10  1 14  15.3  960 257  5.6 4  7.3  65  128  330 323 -410  1
3912500 2352500 10  1 15  15.1  960 258  5.7 3  7.3  64  155  278 320 -410  1
3912500 2352500 10  1 16  15.3  960 262  6.7 4  7.3  64   62  196 322 -405  1
3912500 2352500 10  1 17  15.1  960 279  4.7 5  7.3  64   50  116 331 -401  1
3912500 2352500 10  1 18  14.0  960 260  4.0 4  7.3  67    4   23 329 -396  1
3912500 2352500 10  1 19  12.6  959 252  3.0 6  7.3  72    0    0 328 -390  1
3912500 2352500 10  1 20  12.0  960 206  2.3 6  7.4  78    0    0 332 -383  1
3912500 2352500 10  1 21  11.7  960 239  2.0 6  7.4  81    0    0 329 -378  1
3912500 2352500 10  1 22  11.0  960 241  1.9 4  7.3  83    0    0 319 -374  1
3912500 2352500 10  1 23   9.9  960 240  2.0 3  7.2  86    0    0 302 -370  1
3912500 2352500 10  1 24  10.3  960 254  2.3 7  7.2  88    0    0 310 -365  1
3912500 2352500 10  2  1  10.5  959 259  1.7 7  7.2  87    0    0 325 -362  1
3912500 2352500 10  2  2  10.1  958 241  2.3 7  7.3  88    0    0 322 -360  1
3912500 2352500 10  2  3  10.5  958 243  2.4 7  7.5  90    0    0 323 -359  1
3912500 2352500 10  2  4  10.2  957 221  2.1 7  7.6  91    0    0 323 -360  1
3912500 2352500 10  2  5  10.1  957 238  2.2 7  7.5  92    0    0 323 -360  1
3912500 2352500 10  2  6  10.2  956 245  2.3 7  7.5  91    0    0 324 -358  1
3912500 2352500 10  2  7   9.9  956 246  1.8 7  7.4  91    2   10 324 -357  1
3912500 2352500 10  2  8  10.5  956 228  1.7 4  7.4  90   60   56 314 -359  1
3912500 2352500 10  2  9  12.2  955 223  2.5 5  7.8  87  144  108 312 -368  1
3912500 2352500 10  2 10  13.6  956 226  3.2 4  8.1  82  353   86 318 -381  1
3912500 2352500 10  2 11  16.0  956 217  3.9 3  8.3  75  496   77 318 -395  1
3912500 2352500 10  2 12  17.6  955 217  4.5 4  8.2  65  381  167 324 -408  1
3912500 2352500 10  2 13  16.3  955 232  4.1 6  8.0  62  133  256 335 -420  1
3912500 2352500 10  2 14  17.9  955 224  4.4 6  8.1  62  128  237 342 -427  1
3912500 2352500 10  2 15  17.8  955 206  3.0 6  8.1  60   20  177 347 -429  1
3912500 2352500 10  2 16  17.7  955 212  2.9 6  8.3  61   20  132 349 -425  1
3912500 2352500 10  2 17  17.5  954 210  1.5 5  8.6  64   48   82 346 -418  1
3912500 2352500 10  2 18  15.9  954 203  1.3 6  8.8  70   12   20 345 -410  1
3912500 2352500 10  2 19  15.0  953 210  2.7 6  9.0  77    0    0 345 -403  1
3912500 2352500 10  2 20  14.6  953 226  1.7 7  9.0  80    0    0 346 -398  1
3912500 2352500 10  2 21  14.0  953 204  1.9 8  9.2  85    0    0 354 -395  1
3912500 2352500 10  2 22  13.5  953 231  2.7 7  9.4  90    0    0 352 -393  1
3912500 2352500 10  2 23  14.4  952 218  4.8 7  9.1  86    0    0 347 -394  1
3912500 2352500 10  2 24  13.9  952 222  5.4 7  8.7  81    0    0 347 -395  1
3912500 2352500 10  3  1  13.5  952 203  4.0 8  8.6  82    0    0 350 -395  1
3912500 2352500 10  3  2  13.8  952 189  2.8 8  8.5  82    0    0 355 -394  1
3912500 2352500 10  3  3  13.3  951 240  2.8 7  8.4  82    0    0 351 -392  1
3912500 2352500 10  3  4  14.0  952 232  4.3 7  8.5  82    0    0 348 -390  1
3912500 2352500 10  3  5  13.4  953 215  2.8 8  8.8  85    0    0 353 -389  1
3912500 2352500 10  3  6  12.9  953 300  1.6 8  9.1  90    0    0 357 -387  1
3912500 2352500 10  3  7  12.7  953 308  1.7 8  9.1  92    0    5 355 -384  1
3912500 2352500 10  3  8  11.6  954 265  2.2 8  8.6  92    6   65 351 -380  1
3912500 2352500 10  3  9  11.0  953 296  2.9 7  8.1  91    0   76 343 -376  1
3912500 2352500 10  3 10  10.2  954 309  3.0 8  7.8  92    0   59 340 -374  1
3912500 2352500 10  3 11  10.0  955 292  2.9 8  7.6  93    0   50 342 -374  1
3912500 2352500 10  3 12   9.6  956 275  3.4 8  7.5  93    0   57 341 -377  1
3912500 2352500 10  3 13   9.2  957 272  3.5 8  7.3  93    0   56 338 -381  1
3912500 2352500 10  3 14   9.1  957 259  3.8 7  7.1  92    0   52 331 -382  1
3912500 2352500 10  3 15   8.6  957 262  3.9 8  6.9  92    0   49 329 -381  1
3912500 2352500 10  3 16   8.4  957 240  4.0 8  6.9  94    0   53 331 -383  1
3912500 2352500 10  3 17   9.0  957 207  3.3 7  6.9  92    0   53 328 -382  1
3912500 2352500 10  3 18   8.3  957 214  3.6 7  6.7  91    0   10 324 -377  1
3912500 2352500 10  3 19   8.6  957 214  3.8 7  6.6  91    0    0 323 -370  1
3912500 2352500 10  3 20   8.3  958 219  3.6 6  6.7  92    0    0 318 -364  1
3912500 2352500 10  3 21   8.5  958 261  1.7 7  6.7  92    0    0 318 -360  1
3912500 2352500 10  3 22   8.6  959 257  2.0 8  6.7  92    0    0 326 -358  1
3912500 2352500 10  3 23   8.6  959 258  1.9 8  6.8  92    0    0 331 -357  1
3912500 2352500 10  3 24   8.7  959 250  2.1 8  6.8  92    0    0 332 -355  1
3912500 2352500 10  4  1   8.3  960 212  1.5 6  6.7  92    0    0 322 -354  1
3912500 2352500 10  4  2   8.2  959 200  2.5 7  6.6  92    0    0 317 -352  1
3912500 2352500 10  4  3   8.0  959 247  2.5 6  6.5  92    0    0 318 -351  1
3912500 2352500 10  4  4   8.0  959 250  2.8 6  6.4  91    0    0 312 -353  1
3912500 2352500 10  4  5   7.7  959 249  2.7 7  6.3  90    0    0 316 -354  1
3912500 2352500 10  4  6   7.2  959 240  3.4 7  6.2  90    0    0 319 -353  1
3912500 2352500 10  4  7   7.5  959 211  2.9 6  6.1  90    0    1 313 -353  1
3912500 2352500 10  4  8   8.0  959 192  3.1 8  6.1  88    6   55 320 -355  1
3912500 2352500 10  4  9   9.0  959 200  3.8 6  6.3  86   53  125 322 -360  1
3912500 2352500 10  4 10  10.4  960 210  3.9 4  6.4  81  223  120 306 -368  1
3912500 2352500 10  4 11  12.2  960 195  3.9 4  6.4  72  303  133 300 -373  1
3912500 2352500 10  4 12  12.7  959 217  6.0 5  6.3  66  175  212 309 -383  1
3912500 2352500 10  4 13  12.4  959 242  4.9 5  6.2  65  119  223 315 -394  1
3912500 2352500 10  4 14  11.4  958 269  3.9 5  6.4  69   56  205 314 -396  1
3912500 2352500 10  4 15  10.9  958 288  3.8 7  6.3  72    0  129 319 -394  1
3912500 2352500 10  4 16   9.6  959 261  2.9 7  6.4  78   24  124 323 -391  1
3912500 2352500 10  4 17   9.5  959 222  3.2 8  6.6  84    5   65 324 -386  1
3912500 2352500 10  4 18   8.3  960 253  2.6 8  6.4  85    0    8 325 -376  1
3912500 2352500 10  4 19   7.9  960 239  2.0 7  6.3  88    0    0 318 -367  1
3912500 2352500 10  4 20   7.6  960 241  2.5 7  6.3  90    0    0 314 -363  1
3912500 2352500 10  4 21   7.8  961 239  2.2 6  6.2  90    0    0 311 -362  1
3912500 2352500 10  4 22   7.3  962 235  2.6 6  6.1  90    0    0 307 -361  1
3912500 2352500 10  4 23   6.8  962 233  2.1 6  6.0  91    0    0 306 -360  1
3912500 2352500 10  4 24   6.8  962 240  2.2 5  5.9  90    0    0 301 -359  1
3912500 2352500 10  5  1   6.4  963 250  2.4 8  5.8  91    0    0 308 -359  1
3912500 2352500 10  5  2   6.3  963 223  2.1 7  5.7  91    0    0 315 -358  1
3912500 2352500 10  5  3   6.2  964 225  2.7 8  5.6  90    0    0 314 -358  1
3912500 2352500 10  5  4   6.2  964 247  2.6 8  5.6  90    0    0 319 -357  1
3912500 2352500 10  5  5   6.0  964 229  2.2 8  5.6  90    0    0 319 -357  1
3912500 2352500 10  5  6   5.8  964 176  1.3 8  5.5  90    0    0 317 -359  1
3912500 2352500 10  5  7   6.2  965 231  2.4 7  5.5  90    0    5 312 -358  1
3912500 2352500 10  5  8   6.7  965 242  2.9 6  5.5  88    2   53 305 -357  1
3912500 2352500 10  5  9   7.1  966 234  3.6 6  5.6  86   20  136 301 -360  1
3912500 2352500 10  5 10   7.2  966 246  3.3 5  5.6  85   49  212 298 -369  1
3912500 2352500 10  5 11   7.7  966 254  3.3 6  5.7  84   37  240 299 -380  1
3912500 2352500 10  5 12   8.4  966 299  2.3 4  5.6  80   62  273 296 -390  1
3912500 2352500 10  5 13  10.3  966 312  2.8 6  5.8  75    1  172 300 -393  1
3912500 2352500 10  5 14   9.5  966 285  3.1 6  5.8  73   24  217 307 -397  1
3912500 2352500 10  5 15   9.3  966 309  3.6 6  5.8  76   15  179 304 -398  1
3912500 2352500 10  5 16   8.7  966 335  1.8 8  6.0  80    0   56 308 -391  1
3912500 2352500 10  5 17   7.9  967 329  2.8 6  6.1  85   12   81 304 -386  1
3912500 2352500 10  5 18   6.7  967 317  1.2 8  6.0  89    4   20 301 -379  1
3912500 2352500 10  5 19   6.9  968 315  1.2 8  5.9  91    0    0 307 -370  1
3912500 2352500 10  5 20   6.7  969 322  1.2 7  5.9  92    0    0 304 -364  1
3912500 2352500 10  5 21   6.6  969 320  1.0 6  5.9  93    0    0 306 -362  1
3912500 2352500 10  5 22   6.4  970 317  0.9 5  5.9  93    0    0 291 -361  1
3912500 2352500 10  5 23   6.9  969 303  1.0 5  6.2  94    0    0 270 -358  1
3912500 2352500 10  5 24   7.5  969 285  1.4 5  6.5  95    0    0 280 -355  1
3912500 2352500 10  6  1   8.3  965 262  2.0 6  7.0  96    0    0 310 -396  1
3912500 2352500 10  6  2   9.0  964 241  2.2 6  7.3  97    0    0 310 -395  1
3912500 2352500 10  6  3   9.6  964 222  2.3 7  7.6  97    0    0 320 -394  1
3912500 2352500 10  6  4   9.6  964 214  2.1 7  7.7  98    0    0 322 -393  1
3912500 2352500 10  6  5   9.8  964 218  2.2 7  7.7  98    0    0 325 -392  1
3912500 2352500 10  6  6   9.9  964 211  1.8 7  7.8  98    0    0 326 -392  1
3912500 2352500 10  6  7  10.0  964 209  2.6 8  7.9  98    0    6 333 -392  1
3912500 2352500 10  6  8  11.0  964 196  2.8 8  8.2  98    1   48 340 -392  1
3912500 2352500 10  6  9  12.2  963 191  2.3 8  8.7  97   12  127 346 -396  1
3912500 2352500 10  6 10  14.6  964 207  2.3 6  9.2  91   43  205 344 -405  1
3912500 2352500 10  6 11  16.4  964 226  2.7 5  9.4  82  220  238 338 -418  1
3912500 2352500 10  6 12  18.3  964 208  4.0 4  9.5  73  376  208 334 -433  1
3912500 2352500 10  6 13  18.7  963 236  4.5 4  9.3  66  397  204 331 -445  1
3912500 2352500 10  6 14  19.5  963 228  4.5 3  9.3  64  387  184 328 -452  1
3912500 2352500 10  6 15  19.7  963 229  4.9 4  9.4  62  312  164 330 -453  1
3912500 2352500 10  6 16  18.9  963 236  4.8 4  9.5  64  205  134 334 -449  1
3912500 2352500 10  6 17  18.6  962 229  3.4 6  9.7  68   69   89 341 -441  1
3912500 2352500 10  6 18  16.7  962 249  2.6 6  9.9  74    9   19 345 -429  1
3912500 2352500 10  6 19  15.0  962 278  3.2 2  9.8  82    0    0 323 -416  1
3912500 2352500 10  6 20  14.3  963 281  4.0 1  9.6  88    0    0 299 -406  1
3912500 2352500 10  6 21  13.2  962 276  3.4 0  9.4  90    0    0 287 -399  1
3912500 2352500 10  6 22  12.0  963 241  2.5 1  9.1  95    0    0 283 -394  1
3912500 2352500 10  6 23  13.7  963 221  2.3 0  8.8  90    0    0 284 -387  1
3912500 2352500 10  6 24  12.2  963 223  2.4 0  8.6  87    0    0 280 -382  1
3912500 2352500 10  7  1  11.1  963 242  2.9 0  8.3  92    0    0 276 -379  1
3912500 2352500 10  7  2  11.5  963 216  2.6 0  8.1  92    0    0 275 -377  1
3912500 2352500 10  7  3  10.6  963 220  3.0 0  8.0  92    0    0 275 -375  1
3912500 2352500 10  7  4  10.3  963 233  1.8 0  7.8  94    0    0 273 -372  1
3912500 2352500 10  7  5   9.2  962 266  2.0 1  7.5  95    0    0 273 -370  1
3912500 2352500 10  7  6   8.8  962 273  1.8 2  7.4  98    0    0 279 -368  1
3912500 2352500 10  7  7   9.3  962 251  2.0 2  7.5  99    0   11 282 -367  1
3912500 2352500 10  7  8   9.4  962 255  1.9 1  7.6  99   38   67 277 -369  1
3912500 2352500 10  7  9  12.6  962 134  2.1 1  8.3  96  177  103 277 -379  1
3912500 2352500 10  7 10  15.3  962 187  2.7 2  9.1  86  302  129 291 -395  1
3912500 2352500 10  7 11  17.4  962 199  2.9 4  9.3  76  236  215 311 -416  1
3912500 2352500 10  7 12  19.9  962 209  3.2 5  9.5  67  306  217 331 -436  1
3912500 2352500 10  7 13  21.7  963 229  6.8 5  9.2  57  478  141 343 -450  1
3912500 2352500 10  7 14  21.3  962 263  6.5 6  8.8  52  104  252 349 -457  1
3912500 2352500 10  7 15  20.8  962 266  5.9 7  9.0  55   12  175 358 -454  1
3912500 2352500 10  7 16  19.9  963 265  3.2 7  9.3  59   10  122 362 -447  1
3912500 2352500 10  7 17  18.4  963 250  3.1 6  9.7  66   11   72 357 -439  1
3912500 2352500 10  7 18  16.7  961 248  2.6 6  9.9  75    0   12 348 -432  1
3912500 2352500 10  7 19  15.7  962 279  2.8 8  9.9  81    0    0 354 -426  1
3912500 2352500 10  7 20  15.6  962 280  1.9 7  9.8  84    0    0 358 -420  1
3912500 2352500 10  7 21  14.9  962 281  1.6 6  9.7  85    0    0 348 -418  1
3912500 2352500 10  7 22  14.3  962 282  1.2 6  9.6  88    0    0 342 -416  1
3912500 2352500 10  7 23  14.8  962 269  1.1 7  9.7  89    0    0 349 -416  1
3912500 2352500 10  7 24  14.5  962 242  1.8 7  9.8  89    0    0 357 -415  1
3912500 2352500 10  8  1  14.0  962 247  2.6 6  9.9  92    0    0 352 -414  1
3912500 2352500 10  8  2  13.9  962 238  3.1 7 10.1  96    0    0 352 -413  1
3912500 2352500 10  8  3  13.8  961 219  3.2 8 10.2  97    0    0 364 -411  1
3912500 2352500 10  8  4  13.5  961 208  2.7 8 10.1  98    0    0 370 -409  1
3912500 2352500 10  8  5  13.7  960 235  5.6 7 10.1  98    0    0 365 -408  1
3912500 2352500 10  8  6  13.9  960 242  4.5 7 10.0  96    0    0 360 -409  1
3912500 2352500 10  8  7  13.9  960 236  4.5 7 10.0  95    0    7 359 -411  1
3912500 2352500 10  8  8  14.1  960 243  3.6 8 10.0  94    0   26 365 -411  1
3912500 2352500 10  8  9  14.2  960 228  3.3 7 10.0  94    0   82 365 -410  1
3912500 2352500 10  8 10  14.8  961 252  3.6 5 10.1  92    0  102 348 -409  1
3912500 2352500 10  8 11  14.8  962 297  3.8 5 10.1  91    0  110 338 -408  1
3912500 2352500 10  8 12  15.3  963 341  3.3 7 10.1  89    0  105 350 -406  1
3912500 2352500 10  8 13  15.8  964 349  3.3 7 10.2  87    0   72 360 -403  1
3912500 2352500 10  8 14  14.4  965   3  3.5 4  9.6  85    5  187 339 -405  1
3912500 2352500 10  8 15  15.1  965 358  2.6 3  8.7  79   74  227 315 -411  1
3912500 2352500 10  8 16  13.1  965 352  3.0 3  8.1  77   62  162 306 -412  1
3912500 2352500 10  8 17  12.1  966 355  3.2 8  7.7  81   50   90 322 -404  1
3912500 2352500 10  8 18  11.0  967  43  2.2 7  7.2  81    6   19 337 -392  1
3912500 2352500 10  8 19   9.9  967  42  2.1 6  6.7  81    0    0 321 -380  1
3912500 2352500 10  8 20   9.2  967  18  2.4 5  6.4  82    0    0 305 -372  1
3912500 2352500 10  8 21   8.2  968 359  2.3 5  6.3  86    0    0 293 -366  1
3912500 2352500 10  8 22   7.5  969 351  2.0 2  6.1  88    0    0 274 -361  1
3912500 2352500 10  8 23   7.5  969 259  1.6 3  6.0  89    0    0 262 -357  1
3912500 2352500 10  8 24   6.8  969 340  1.0 6  6.0  91    0    0 273 -353  1
3912500 2352500 10  9  1   6.3  969  10  2.8 5  5.9  93    0    0 274 -351  1
3912500 2352500 10  9  2   5.6  968  36  2.1 3  5.7  94    0    0 261 -348  1
3912500 2352500 10  9  3   5.8  968  23  2.2 6  5.6  94    0    0 262 -346  1
3912500 2352500 10  9  4   5.3  967  41  1.6 6  5.5  93    0    0 272 -345  1
3912500 2352500 10  9  5   5.3  967  49  1.5 4  5.6  96    0    0 267 -343  1
3912500 2352500 10  9  6   5.7  967  49  1.6 2  5.7  97    0    0 252 -341  1
3912500 2352500 10  9  7   6.7  967  51  1.9 3  5.8  94    0    6 249 -340  1
3912500 2352500 10  9  8   7.7  967  59  1.8 5  6.1  92    4   42 266 -341  1
3912500 2352500 10  9  9   8.4  967  82  2.1 5  6.3  89   17   96 279 -349  1
3912500 2352500 10  9 10   9.4  966  93  1.9 5  6.5  88   73  144 283 -364  1
3912500 2352500 10  9 11  10.1  966  94  2.2 7  6.8  86   43  180 299 -382  1
3912500 2352500 10  9 12  10.6  966 185  2.0 6  6.9  84  186  156 309 -397  1
3912500 2352500 10  9 13  11.2  965 109  1.8 6  7.2  84   91  193 308 -410  1
3912500 2352500 10  9 14  11.6  965 172  1.5 7  7.4  84    8  169 317 -418  1
3912500 2352500 10  9 15  11.6  964 181  1.7 7  7.5  84   15  148 324 -418  1
3912500 2352500 10  9 16  11.5  963 222  3.0 7  7.7  86    0   69 325 -410  1
3912500 2352500 10  9 17  11.3  963 243  2.2 7  8.0  90    0   48 326 -400  1
3912500 2352500 10  9 18  10.9  962 228  2.5 8  8.2  94    0    9 330 -391  1
3912500 2352500 10  9 19  10.8  962 254  1.7 8  8.3  97    0    0 335 -386  1
3912500 2352500 10  9 20  10.9  962 218  1.8 8  8.3  97    0    0 337 -384  1
3912500 2352500 10  9 21  10.6  961 215  1.9 8  8.4  98    0    0 339 -383  1
3912500 2352500 10  9 22  11.1  960 186  2.2 8  8.5  99    0    0 341 -382  1
3912500 2352500 10  9 23  11.4  960 207  2.6 7  8.7  99    0    0 342 -381  1
3912500 2352500 10  9 24  11.1  959 234  2.2 8  8.8  99    0    0 344 -379  1
3912500 2352500 10 10  1  11.9  958 223  2.2 8  8.9  99    0    0 350 -377  1
3912500 2352500 10 10  2  12.1  957 326  2.3 8  9.1  98    0    0 354 -376  1
3912500 2352500 10 10  3  12.5  957 235  2.3 8  9.3  98    0    0 357 -375  1
3912500 2352500 10 10  4  13.0  956 245  2.1 7  9.6  98    0    0 356 -374  1
3912500 2352500 10 10  5  13.2  956 264  3.1 6  9.8  97    0    0 350 -375  1
3912500 2352500 10 10  6  13.5  956 252  4.4 7  9.9  97    0    0 351 -375  1
3912500 2352500 10 10  7  13.5  956 166  3.0 8  9.9  96    0    4 361 -375  1
3912500 2352500 10 10  8  13.4  957 183  2.8 7  9.8  96    1   39 362 -377  1
3912500 2352500 10 10  9  13.7  957 229  2.9 6 10.0  97    0   66 352 -380  1
3912500 2352500 10 10 10  14.1  958 225  3.2 7 10.2  96    3  133 354 -385  1
3912500 2352500 10 10 11  14.4  958 222  2.2 8 10.4  96    0   70 366 -393  1
3912500 2352500 10 10 12  15.1  958 243  3.6 8 10.6  95    0   85 374 -401  1
3912500 2352500 10 10 13  15.6  959 230  3.0 6 10.9  94    0  131 367 -404  1
3912500 2352500 10 10 14  16.8  958 264  3.5 6 11.2  92    0  121 359 -406  1
3912500 2352500 10 10 15  16.2  958 248  2.4 7 11.3  90    0   57 366 -405  1
3912500 2352500 10 10 16  15.3  959 258  2.9 3 11.1  93   87  128 345 -401  1
3912500 2352500 10 10 17  15.1  959 263  2.0 6 11.0  96   29   65 335 -400  1
3912500 2352500 10 10 18  14.9  959 297  2.3 8 10.8  96    0   11 362 -398  1
3912500 2352500 10 10 19  14.5  960 359  1.4 6 10.6  95    0    0 360 -395  1
3912500 2352500 10 10 20  14.2  960 346  0.9 5 10.4  96    0    0 339 -393  1
3912500 2352500 10 10 21  13.3  961  61  1.3 4 10.1  97    0    0 324 -392  1
3912500 2352500 10 10 22  12.4  960  94  1.7 5  9.6  98    0    0 319 -390  1
3912500 2352500 10 10 23  12.3  961 121  1.3 7  9.3  98    0    0 336 -388  1
3912500 2352500 10 10 24  11.7  961 140  1.6 6  9.0  97    0    0 340 -388  1
3912500 2352500 10 11  1  11.4  961 114  1.3 7  8.7  97    0    0 338 -387  1
3912500 2352500 10 11  2  11.2  960 181  1.8 7  8.6  98    0    0 344 -387  1
3912500 2352500 10 11  3  11.0  960 201  1.3 7  8.5  98    0    0 344 -387  1
3912500 2352500 10 11  4  10.9  960 173  1.8 8  8.5  99    0    0 350 -386  1
3912500 2352500 10 11  5  10.7  959 168  1.6 8  8.5  99    0    0 355 -385  1
3912500 2352500 10 11  6  11.0  959 177  1.2 8  8.5  99    0    0 354 -383  1
3912500 2352500 10 11  7  10.9  959 180  1.7 7  8.5  99    0    1 349 -381  1
3912500 2352500 10 11  8  11.3  958 189  1.5 7  8.5  97    0   16 343 -382  1
3912500 2352500 10 11  9  11.3  959 233  1.7 8  8.6  97    0   37 349 -386  1
3912500 2352500 10 11 10  11.2  959 204  1.6 7  8.6  98    0   60 349 -393  1
3912500 2352500 10 11 11  11.8  959 234  1.2 6  8.8  98    3  143 339 -400  1
3912500 2352500 10 11 12  12.6  959 263  1.9 7  9.0  96   25  178 342 -406  1
3912500 2352500 10 11 13  13.2  959 310  1.7 5  9.4  95   43  180 340 -408  1
3912500 2352500 10 11 14  13.6  959 359  1.6 6  9.6  94   21  168 338 -409  1
3912500 2352500 10 11 15  14.2  959 340  1.6 8  9.7  92    0   92 353 -406  1
3912500 2352500 10 11 16  13.3  959 343  2.0 5  9.9  95   43   88 348 -403  1
3912500 2352500 10 11 17  13.5  959   1  1.6 7  9.8  96   52   28 342 -400  1
3912500 2352500 10 11 18  13.4  960  35  1.6 7  9.7  95    0   10 350 -395  1
3912500 2352500 10 11 19  12.9  960  30  0.9 8  9.6  96    0    0 352 -390  1
3912500 2352500 10 11 20  12.5  959  83  1.4 8  9.4  97    0    0 354 -388  1
3912500 2352500 10 11 21  12.2  960  78  1.5 6  9.3  98    0    0 343 -387  1
3912500 2352500 10 11 22  11.8  960  78  1.4 5  9.1  98    0    0 328 -383  1
3912500 2352500 10 11 23  11.4  960  63  1.1 7  8.8  98    0    0 329 -381  1
3912500 2352500 10 11 24  11.0  960  66  0.7 8  8.5  97    0    0 341 -382  1
3912500 2352500 10 12  1  10.8  960 123  1.2 7  8.3  97    0    0 339 -383  1
3912500 2352500 10 12  2  10.6  960 137  1.7 6  8.3  98    0    0 328 -383  1
3912500 2352500 10 12  3  10.7  959 168  1.3 6  8.3  98    0    0 323 -384  1
3912500 2352500 10 12  4  10.7  959 125  1.9 4  8.3  98    0    0 314 -384  1
3912500 2352500 10 12  5  10.8  958 122  2.0 6  8.3  98    0    0 314 -384  1
3912500 2352500 10 12  6  10.7  958 136  1.7 5  8.3  97    0    0 319 -385  1
3912500 2352500 10 12  7  10.4  958 147  1.6 6  8.2  97    0    4 318 -385  1
3912500 2352500 10 12  8  10.9  958 129  1.8 6  8.3  98   13   34 322 -386  1
3912500 2352500 10 12  9  11.2  958 132  1.9 6  8.4  96   40   72 324 -388  1
3912500 2352500 10 12 10  11.9  957 125  2.5 6  8.5  94   80  102 325 -392  1
3912500 2352500 10 12 11  12.0  957 146  1.8 7  8.5  92   31  153 333 -403  1
3912500 2352500 10 12 12  12.5  957 123  2.4 7  8.7  92   80  160 340 -415  1
3912500 2352500 10 12 13  12.6  957 142  2.2 7  8.8  92   35  171 341 -425  1
3912500 2352500 10 12 14  13.1  956 153  2.3 8  8.9  91    0  141 349 -432  1
3912500 2352500 10 12 15  13.2  956 116  2.8 7  8.9  89    0   86 351 -433  1
3912500 2352500 10 12 16  13.3  955 145  2.0 8  8.9  88    0   79 353 -429  1
3912500 2352500 10 12 17  13.0  955 150  1.9 6  8.9  89   22   38 349 -421  1
3912500 2352500 10 12 18  12.5  955 176  1.6 8  8.9  91    0    3 349 -413  1
3912500 2352500 10 12 19  12.3  955 176  1.1 7  8.9  93    0    0 353 -407  1
3912500 2352500 10 12 20  11.8  955 149  1.8 7  8.7  93    0    0 347 -403  1
3912500 2352500 10 12 21  12.0  955 160  1.8 7  8.6  93    0    0 347 -399  1
3912500 2352500 10 12 22  11.8  955 147  1.4 8  8.7  94    0    0 354 -397  1
3912500 2352500 10 12 23  11.8  955 151  2.5 8  8.7  95    0    0 359 -396  1
3912500 2352500 10 12 24  11.6  955 145  2.6 8  8.7  95    0    0 359 -395  1
3912500 2352500 10 13  1  11.6  954 155  1.7 8  8.7  96    0    0 360 -394  1
3912500 2352500 10 13  2  11.7  954 167  1.7 8  8.8  97    0    0 360 -393  1
3912500 2352500 10 13  3  11.7  955 163  1.7 5  8.9  98    0    0 343 -393  1
3912500 2352500 10 13  4  11.7  955 156  1.3 7  9.0  98    0    0 337 -393  1
3912500 2352500 10 13  5  11.6  954 175  1.2 7  9.0  99    0    0 349 -393  1
3912500 2352500 10 13  6  11.7  954 176  1.4 7  8.9  98    0    0 349 -392  1
3912500 2352500 10 13  7  11.7  954 202  1.7 6  8.9  98    0    5 343 -389  1
3912500 2352500 10 13  8  12.0  954 191  2.2 6  9.0  98   11   52 338 -385  1
3912500 2352500 10 13  9  12.4  955 196  1.8 6  9.3  98    5   98 338 -387  1
3912500 2352500 10 13 10  13.6  955 214  2.9 5  9.6  96    0  115 334 -390  1
3912500 2352500 10 13 11  14.0  955 228  3.4 6  9.8  94    1  156 337 -394  1
3912500 2352500 10 13 12  14.4  956 237  4.1 7 10.0  93    1  174 351 -397  1
3912500 2352500 10 13 13  14.1  956 217  5.0 8 10.0  92    0   99 362 -397  1
3912500 2352500 10 13 14  13.3  956 279  3.6 6  9.3  90    1  160 353 -400  1
3912500 2352500 10 13 15  13.2  957 294  4.9 7  8.8  87    0  128 346 -396  1
3912500 2352500 10 13 16  12.9  958 264  6.5 4  8.3  83   12  123 333 -390  1
3912500 2352500 10 13 17  12.6  958 248  5.6 8  7.9  81   31   68 337 -387  1
3912500 2352500 10 13 18  11.4  959 261  4.0 6  7.6  82    0    7 344 -381  1
3912500 2352500 10 13 19  10.4  960 245  4.7 5  7.2  84    0    0 321 -374  1
3912500 2352500 10 13 20   9.8  961 250  3.0 4  7.0  86    0    0 305 -366  1
3912500 2352500 10 13 21   9.3  962 282  3.4 3  6.9  88    0    0 292 -359  1
3912500 2352500 10 13 22   9.3  963 254  2.4 2  6.9  90    0    0 279 -354  1
3912500 2352500 10 13 23   7.5  962 275  2.7 3  6.6  92    0    0 274 -350  1
3912500 2352500 10 13 24   6.6  963 265  2.2 3  6.3  96    0    0 271 -347  1
3912500 2352500 10 14  1   7.2  963 258  1.9 5  6.3  96    0    0 278 -345  1
3912500 2352500 10 14  2   6.8  963 284  1.3 4  6.2  95    0    0 280 -342  1
3912500 2352500 10 14  3   5.9  963 299  1.1 5  6.1  97    0    0 277 -340  1
3912500 2352500 10 14  4   6.3  963 319  1.3 4  6.1  98    0    0 275 -338  1
3912500 2352500 10 14  5   5.5  962 316  0.6 4  5.9  97    0    0 269 -337  1
3912500 2352500 10 14  6   5.7  962  18  1.1 5  5.9  98    0    0 273 -337  1
3912500 2352500 10 14  7   5.8  962  64  1.7 7  6.0  99    0    5 288 -336  1
3912500 2352500 10 14  8   6.4  961  29  1.9 7  6.2 100   24   50 299 -337  1
3912500 2352500 10 14  9   7.4  961  23  2.2 6  6.4  98   96  114 297 -342  1
3912500 2352500 10 14 10   8.7  961  81  2.4 7  6.7  94  133  177 301 -355  1
3912500 2352500 10 14 11  10.6  961 116  2.3 6  6.9  87  245  192 306 -372  1
3912500 2352500 10 14 12  12.3  960 117  2.1 6  6.9  78  267  217 305 -389  1
3912500 2352500 10 14 13  12.5  958 141  1.4 7  6.5  69  206  245 311 -402  1
3912500 2352500 10 14 14  13.0  957 209  1.5 7  6.2  64  101  244 317 -409  1
3912500 2352500 10 14 15  12.9  957 151  2.0 7  6.3  64   46  197 320 -410  1
3912500 2352500 10 14 16  12.5  957 167  2.5 6  6.5  67   59  131 316 -403  1
3912500 2352500 10 14 17  11.6  956 184  2.9 6  6.7  72   68   69 309 -392  1
3912500 2352500 10 14 18   8.8  955 184  3.1 5  6.7  82    4   12 300 -381  1
3912500 2352500 10 14 19   8.6  955 242  3.0 4  6.8  91    0    0 286 -372  1
3912500 2352500 10 14 20   8.5  956 243  3.2 5  6.7  91    0    0 284 -366  1
3912500 2352500 10 14 21   8.2  955 257  2.9 6  6.6  90    0    0 294 -361  1
3912500 2352500 10 14 22   7.8  955 242  3.0 6  6.4  90    0    0 300 -356  1
3912500 2352500 10 14 23   7.3  955 247  2.7 5  6.3  92    0    0 295 -353  1
3912500 2352500 10 14 24   7.3  955 241  2.3 5  6.3  93    0    0 291 -351  1
3912500 2352500 10 15  1   8.2  955 229  3.0 4  6.2  90    0    0 287 -350  1
3912500 2352500 10 15  2   7.9  954 224  3.1 5  6.1  86    0    0 289 -349  1
3912500 2352500 10 15  3   7.0  954 224  3.3 6  6.0  87    0    0 298 -347  1
3912500 2352500 10 15  4   7.6  954 222  2.7 6  5.7  85    0    0 304 -347  1
3912500 2352500 10 15  5   7.1  954 216  2.8 7  5.7  84    0    0 309 -346  1
3912500 2352500 10 15  6   7.2  953 333  1.8 7  5.8  86    0    0 314 -346  1
3912500 2352500 10 15  7   7.1  953 239  2.1 8  5.9  88    0    1 318 -347  1
3912500 2352500 10 15  8   8.4  953 200  2.4 7  6.1  87    4   42 318 -350  1
3912500 2352500 10 15  9   9.9  952 138  1.5 6  6.3  82   30  113 312 -354  1
3912500 2352500 10 15 10  10.5  951 119  1.9 6  6.3  77   26  165 311 -363  1
3912500 2352500 10 15 11  11.6  951  85  2.2 6  6.4  74   81  212 314 -377  1
3912500 2352500 10 15 12  12.3  950  74  1.5 6  6.6  71  131  232 316 -391  1
3912500 2352500 10 15 13  12.2  949  94  1.9 5  6.6  70  187  218 311 -402  1
3912500 2352500 10 15 14  12.9  948 106  2.7 7  6.4  66  120  219 316 -406  1
3912500 2352500 10 15 15  13.1  947 131  3.0 6  6.2  62   86  179 322 -398  1
3912500 2352500 10 15 16  12.9  946 143  2.1 7  6.4  64   19  120 323 -389  1
3912500 2352500 10 15 17  11.6  945 193  2.0 8  6.7  70    2   46 331 -387  1
3912500 2352500 10 15 18  10.5  945 281  1.9 7  6.8  78    0    3 328 -382  1
3912500 2352500 10 15 19  10.5  946 282  1.2 7  7.0  82    0    0 325 -375  1
3912500 2352500 10 15 20  10.2  946 313  2.3 7  7.1  84    0    0 326 -370  1
3912500 2352500 10 15 21  11.0  946  84  2.8 7  7.0  82    0    0 328 -368  1
3912500 2352500 10 15 22   9.2  946 118  2.9 8  6.9  84    0    0 331 -367  1
3912500 2352500 10 15 23   9.6  946 190  2.8 8  7.1  90    0    0 335 -366  1
3912500 2352500 10 15 24   9.7  945 222  2.9 8  7.1  89    0    0 337 -365  1
3912500 2352500 10 16  1   9.6  946 195  3.5 8  7.2  89    0    0 337 -364  1
3912500 2352500 10 16  2   9.2  946 201  2.6 8  7.1  90    0    0 336 -364  1
3912500 2352500 10 16  3   8.9  946 355  3.2 7  7.0  91    0    0 330 -364  1
3912500 2352500 10 16  4   8.3  947 308  3.7 7  6.8  91    0    0 322 -364  1
3912500 2352500 10 16  5   6.8  948 281  5.3 6  6.3  91    0    0 310 -364  1
3912500 2352500 10 16  6   5.7  949 292  3.9 6  5.8  92    0    0 299 -363  1
3912500 2352500 10 16  7   5.4  950 288  3.9 6  5.6  93    0    2 296 -362  1
3912500 2352500 10 16  8   5.2  951 279  3.7 7  5.5  93    0   24 303 -361  1
3912500 2352500 10 16  9   5.3  953 244  5.1 7  5.4  92    0   60 312 -361  1
3912500 2352500 10 16 10   5.5  954 238  4.2 7  5.4  91    0   85 313 -363  1
3912500 2352500 10 16 11   6.2  955 222  4.7 6  5.3  87    5  184 309 -365  1
3912500 2352500 10 16 12   6.8  955 206  6.1 6  5.1  80   24  258 304 -368  1
3912500 2352500 10 16 13   7.2  955 213  4.8 6  5.1  76   15  241 303 -369  1
3912500 2352500 10 16 14   7.3  955 208  3.1 6  5.0  75    2  182 303 -371  1
3912500 2352500 10 16 15   7.8  956 224  4.3 7  5.0  73    0  106 309 -371  1
3912500 2352500 10 16 16   7.7  956 220  3.9 8  5.0  73    0   57 320 -368  1
3912500 2352500 10 16 17   7.2  957 199  2.3 8  5.1  74    0   26 321 -367  1
3912500 2352500 10 16 18   6.9  957 196  2.2 8  5.2  78    0    1 318 -364  1
3912500 2352500 10 16 19   6.4  958 224  2.2 7  5.3  82    0    0 313 -359  1
3912500 2352500 10 16 20   6.1  958 242  1.9 6  5.3  85    0    0 304 -353  1
3912500 2352500 10 16 21   5.6  958 246  1.6 5  5.4  88    0    0 296 -348  1
3912500 2352500 10 16 22   5.5  959 266  1.5 5  5.3  89    0    0 291 -345  1
3912500 2352500 10 16 23   3.9  959 246  1.1 4  5.2  92    0    0 283 -342  1
3912500 2352500 10 16 24   4.5  959 237  1.1 4  5.1  94    0    0 277 -340  1
3912500 2352500 10 17  1   4.0  959 219  1.5 5  5.1  93    0    0 280 -339  1
3912500 2352500 10 17  2   4.0  959 209  2.3 6  5.0  94    0    0 288 -339  1
3912500 2352500 10 17  3   2.8  958 199  2.4 6  4.9  96    0    0 290 -339  1
3912500 2352500 10 17  4   2.2  958 215  2.1 3  4.6  96    0    0 274 -336  1
3912500 2352500 10 17  5   1.9  958 239  2.0 1  4.4  96    0    0 248 -333  1
3912500 2352500 10 17  6   1.6  958 232  2.0 0  4.4  98    0    0 232 -334  1
3912500 2352500 10 17  7   2.6  958 241  1.9 2  4.5  96    0    2 238 -335  1
3912500 2352500 10 17  8   3.0  958 204  1.8 4  4.8  97    1   40 260 -336  1
3912500 2352500 10 17  9   4.3  959 173  1.7 5  5.0  96    5   98 278 -339  1
3912500 2352500 10 17 10   5.0  959 203  2.0 5  5.2  93    2  130 287 -348  1
3912500 2352500 10 17 11   6.6  959 219  2.4 4  5.4  88  110  221 285 -357  1
3912500 2352500 10 17 12   8.8  959 198  2.6 3  5.5  79  405  138 280 -367  1
3912500 2352500 10 17 13  10.3  959 220  2.2 4  5.5  70  402  140 286 -376  1
3912500 2352500 10 17 14  10.1  958 204  2.4 6  5.2  64  100  236 303 -380  1
3912500 2352500 10 17 15  10.4  958 203  3.1 7  5.2  63    7  152 319 -376  1
3912500 2352500 10 17 16  10.4  958 191  2.6 8  5.5  66    1   85 330 -371  1
3912500 2352500 10 17 17  10.1  958 189  2.5 7  5.6  68    1   43 329 -367  1
3912500 2352500 10 17 18   9.2  958 189  2.5 7  5.8  74    0    5 321 -365  1
3912500 2352500 10 17 19   8.5  959 191  1.8 8  6.1  81    0    0 326 -363  1
3912500 2352500 10 17 20   7.9  959 212  2.0 7  6.1  85    0    0 324 -362  1
3912500 2352500 10 17 21   7.7  959 260  1.6 6  6.1  88    0    0 310 -362  1
3912500 2352500 10 17 22   8.1  959 269  0.8 5  6.3  90    0    0 299 -361  1
3912500 2352500 10 17 23   7.8  959  72  0.7 6  6.5  92    0    0 298 -361  1
3912500 2352500 10 17 24   7.4  959  55  1.5 7  6.4  93    0    0 308 -361  1
3912500 2352500 10 18  1   7.0  959  19  1.5 7  6.2  93    0    0 312 -361  1
3912500 2352500 10 18  2   6.6  959  43  1.4 7  6.1  93    0    0 311 -362  1
3912500 2352500 10 18  3   6.3  959  46  1.9 7  6.0  95    0    0 309 -362  1
3912500 2352500 10 18  4   6.8  959  57  1.0 7  6.0  94    0    0 308 -362  1
3912500 2352500 10 18  5   7.0  958  44  1.0 7  6.1  93    0    0 308 -360  1
3912500 2352500 10 18  6   7.7  958  59  1.2 6  6.3  93    0    0 304 -358  1
3912500 2352500 10 18  7   7.2  958   9  1.4 6  6.2  92    0    3 298 -355  1
3912500 2352500 10 18  8   7.7  958  35  1.4 5  6.2  90   32   36 292 -353  1
3912500 2352500 10 18  9   9.4  959  93  2.2 6  6.4  87   86   96 293 -355  1
3912500 2352500 10 18 10  10.2  959 204  1.8 8  6.4  81   18  151 312 -367  1
3912500 2352500 10 18 11  12.1  959 239  2.4 8  6.4  74   33  198 326 -384  1
3912500 2352500 10 18 12  13.8  959 260  1.8 6  6.6  67  236  187 321 -400  1
3912500 2352500 10 18 13  14.6  960 253  2.5 7  6.9  64  242  190 320 -411  1
3912500 2352500 10 18 14  14.9  959 327  2.4 7  7.0  64   84  208 328 -419  1
3912500 2352500 10 18 15  15.9  959 317  2.1 6  7.1  62  101  169 325 -420  1
3912500 2352500 10 18 16  14.9  959 360  1.8 7  7.6  66   81  104 326 -415  1
3912500 2352500 10 18 17  14.0  959  16  1.3 7  8.1  75   24   45 328 -405  1
3912500 2352500 10 18 18  11.8  958 312  1.0 7  7.9  81    0    5 322 -393  1
3912500 2352500 10 18 19  10.4  958 298  1.3 7  7.6  87    0    0 315 -382  1
3912500 2352500 10 18 20   9.7  958 335  1.8 6  7.3  90    0    0 307 -375  1
3912500 2352500 10 18 21   9.0  958 356  2.8 4  7.2  92    0    0 291 -370  1
3912500 2352500 10 18 22   8.9  959  71  2.9 5  7.1  94    0    0 285 -366  1
3912500 2352500 10 18 23   8.9  959  31  3.0 7  7.0  93    0    0 297 -364  1
3912500 2352500 10 18 24   8.5  959  28  2.8 7  6.9  93    0    0 304 -363  1
3912500 2352500 10 19  1   8.1  959  38  2.7 4  6.8  94    0    0 291 -363  1
3912500 2352500 10 19  2   7.2  958  22  1.9 1  6.5  94    0    0 263 -362  1
3912500 2352500 10 19  3   6.5  958   4  1.7 2  6.2  95    0    0 250 -359  1
3912500 2352500 10 19  4   6.9  958   9  1.4 4  6.2  96    0    0 263 -358  1
3912500 2352500 10 19  5   6.5  958 360  1.3 6  6.2  96    0    0 280 -357  1
3912500 2352500 10 19  6   6.5  958  20  1.2 7  6.2  97    0    0 291 -357  1
3912500 2352500 10 19  7   6.5  957  29  1.9 6  6.2  97    0    1 291 -356  1
3912500 2352500 10 19  8   6.8  958  30  2.0 5  6.3  98    0   31 283 -357  1
3912500 2352500 10 19  9   9.3  958  33  1.8 7  6.7  94   22  109 291 -362  1
3912500 2352500 10 19 10  11.1  959  26  1.4 6  7.3  89  105  169 301 -374  1
3912500 2352500 10 19 11  13.9  959   4  1.4 6  7.7  81  165  203 304 -391  1
3912500 2352500 10 19 12  14.7  960  24  1.6 6  7.9  73  226  213 309 -410  1
3912500 2352500 10 19 13  16.3  960  50  1.7 5  7.9  68  334  157 310 -426  1
3912500 2352500 10 19 14  17.9  959  60  1.6 6  8.0  62  199  198 316 -435  1
3912500 2352500 10 19 15  18.4  959  69  1.7 6  8.2  59  201  135 325 -436  1
3912500 2352500 10 19 16  17.1  959  75  0.8 5  8.4  62  166   89 322 -431  1
3912500 2352500 10 19 17  14.8  959  28  1.0 4  8.6  72   55   54 312 -418  1
3912500 2352500 10 19 18  13.1  959  46  1.4 5  8.5  80    0    5 305 -403  1
3912500 2352500 10 19 19  11.6  959  57  1.3 7  8.3  88    0    0 308 -391  1
3912500 2352500 10 19 20  11.3  960  48  2.0 7  8.1  91    0    0 309 -384  1
3912500 2352500 10 19 21  10.7  960  39  2.6 6  7.9  91    0    0 305 -379  1
3912500 2352500 10 19 22  10.3  960  45  2.9 5  7.7  92    0    0 297 -374  1
3912500 2352500 10 19 23   9.3  960  38  2.9 4  7.5  94    0    0 288 -369  1
3912500 2352500 10 19 24   9.3  960  33  3.1 5  7.3  94    0    0 287 -365  1
3912500 2352500 10 20  1   7.9  960  33  2.5 3  7.1  97    0    0 280 -361  1
3912500 2352500 10 20  2   7.6  959  29  2.5 4  6.9 100    0    0 273 -359  1
3912500 2352500 10 20  3   8.3  960  18  2.3 5  6.9  98    0    0 281 -358  1
3912500 2352500 10 20  4   7.6  959  22  2.3 4  6.8  97    0    0 281 -358  1
3912500 2352500 10 20  5   7.4  959  40  2.2 2  6.7  98    0    0 267 -357  1
3912500 2352500 10 20  6   6.9  959  27  2.2 0  6.6  98    0    0 250 -355  1
3912500 2352500 10 20  7   6.4  959  33  1.5 1  6.4  99    0    2 242 -354  1
3912500 2352500 10 20  8   8.0  960  17  1.1 1  6.6  98   29   36 248 -354  1
3912500 2352500 10 20  9   9.9  961 354  0.5 1  7.2  95  146   67 255 -359  1
3912500 2352500 10 20 10  12.6  961 356  0.6 1  7.8  89  276   78 266 -371  1
3912500 2352500 10 20 11  14.8  961  44  0.8 1  8.3  80  394   75 279 -390  1
3912500 2352500 10 20 12  16.2  961  48  0.6 1  8.2  71  451   75 290 -411  1
3912500 2352500 10 20 13  18.4  960  52  0.4 2  8.1  63  451   75 300 -428  1
3912500 2352500 10 20 14  19.8  960   9  1.1 2  8.3  57  400   78 310 -440  1
3912500 2352500 10 20 15  20.3  960  24  1.5 2  8.2  53  308   77 314 -442  1
3912500 2352500 10 20 16  19.9  960   5  1.6 2  8.5  54  191   66 317 -436  1
3912500 2352500 10 20 17  17.7  960 354  1.5 2  8.8  62   54   41 315 -425  1
3912500 2352500 10 20 18  16.4  960 350  2.5 3  9.1  71    0    0 310 -412  1
3912500 2352500 10 20 19  13.7  961   4  1.9 0  9.1  81    0    0 299 -402  1
3912500 2352500 10 20 20  12.4  961   7  0.8 0  8.7  88    0    0 285 -395  1
3912500 2352500 10 20 21  11.7  962  16  1.2 1  8.5  91    0    0 281 -388  1
3912500 2352500 10 20 22  10.8  962  28  0.9 1  8.3  95    0    0 279 -381  1
3912500 2352500 10 20 23  10.1  963  30  1.3 0  8.1  98    0    0 274 -377  1
3912500 2352500 10 20 24   9.2  963  35  1.3 0  7.8  99    0    0 270 -373  1
3912500 2352500 10 21  1   9.1  962  37  1.5 0  7.5  98    0    0 269 -369  1
3912500 2352500 10 21  2   8.1  963  43  2.2 0  7.1  97    0    0 265 -365  1
3912500 2352500 10 21  3   8.2  963  43  1.5 4  6.9  98    0    0 272 -364  1
3912500 2352500 10 21  4   7.8  963  45  1.5 5  6.9  98    0    0 282 -364  1
3912500 2352500 10 21  5   8.1  963  36  1.7 6  6.8  97    0    0 287 -364  1
3912500 2352500 10 21  6   8.1  963  25  2.3 7  6.8  96    0    0 293 -363  1
3912500 2352500 10 21  7   7.0  963  29  1.8 6  6.7  98    0    1 292 -361  1
3912500 2352500 10 21  8   8.3  964  53  1.5 5  6.8  99   21   39 287 -361  1
3912500 2352500 10 21  9   8.6  965  21  1.3 3  7.2  99  102   98 281 -366  1
3912500 2352500 10 21 10  10.4  965  39  1.5 3  7.6  98  202  136 278 -379  1
3912500 2352500 10 21 11  11.5  965  41  1.3 2  8.2  95  294  157 279 -397  1
3912500 2352500 10 21 12  14.4  965  36  1.2 3  8.6  88  360  163 286 -418  1
3912500 2352500 10 21 13  16.2  965  18  1.3 4  9.0  79  372  161 301 -435  1
3912500 2352500 10 21 14  18.5  964  49  2.0 3  9.3  72  325  156 309 -445  1
3912500 2352500 10 21 15  19.7  964  64  2.2 2  9.6  66  240  138 308 -447  1
3912500 2352500 10 21 16  19.9  964  38  1.5 1  9.9  65  146  105 303 -440  1
3912500 2352500 10 21 17  17.9  963  29  2.6 0  9.8  68   40   50 295 -426  1
3912500 2352500 10 21 18  15.8  963  31  1.6 0  9.2  73    0    0 287 -411  1
3912500 2352500 10 21 19  14.3  963  52  2.6 0  8.8  78    0    0 282 -398  1
3912500 2352500 10 21 20  13.5  963  41  2.3 0  8.5  81    0    0 279 -389  1
3912500 2352500 10 21 21  12.5  963  42  2.4 0  8.2  83    0    0 277 -384  1
3912500 2352500 10 21 22  11.6  963  43  2.2 1  7.9  86    0    0 277 -380  1
3912500 2352500 10 21 23  11.0  963  74  2.2 2  7.8  88    0    0 280 -375  1
3912500 2352500 10 21 24  10.5  963 116  2.2 3  7.8  92    0    0 286 -370  1
3912500 2352500 10 22  1  10.3  963 164  2.3 4  7.9  95    0    0 322 -381  1
3912500 2352500 10 22  2  10.0  962 198  2.3 5  8.0  97    0    0 327 -382  1
3912500 2352500 10 22  3  10.3  962 220  2.3 5  8.0  97    0    0 330 -382  1
3912500 2352500 10 22  4  10.5  962 217  2.3 4  7.9  96    0    0 321 -382  1
3912500 2352500 10 22  5  11.0  961 216  2.4 4  8.0  94    0    0 309 -382  1
3912500 2352500 10 22  6  11.0  961 219  2.4 4  7.9  89    0    0 312 -381  1
3912500 2352500 10 22  7  10.8  961 211  2.8 7  8.1  94    0    0 330 -381  1
3912500 2352500 10 22  8  11.6  960 217  2.2 7  8.3  94    1   30 343 -382  1
3912500 2352500 10 22  9  12.6  960 208  2.8 7  8.5  91    3   89 346 -383  1
3912500 2352500 10 22 10  12.0  960 223  2.7 8  8.8  94    0   83 351 -385  1
3912500 2352500 10 22 11  13.7  960 204  2.1 7  9.1  93    9  188 352 -386  1
3912500 2352500 10 22 12  14.9  961 179  2.8 7  8.9  83   23  237 351 -389  1
3912500 2352500 10 22 13  16.5  960 151  2.5 6  8.6  73   25  242 350 -391  1
3912500 2352500 10 22 14  16.4  959 132  3.0 6  8.7  71    7  176 346 -392  1
3912500 2352500 10 22 15  16.6  959 105  1.9 5  8.7  70   38  198 339 -394  1
3912500 2352500 10 22 16  16.4  959  23  1.1 5  8.8  71   20  123 329 -395  1
3912500 2352500 10 22 17  15.7  959  76  0.8 7  9.0  74    8   46 338 -395  1
3912500 2352500 10 22 18  13.9  959 342  1.6 8  9.0  81    0    0 356 -393  1
3912500 2352500 10 22 19  14.3  959 161  1.7 8  9.4  88    0    0 363 -390  1
3912500 2352500 10 22 20  14.0  960 124  2.1 8  9.8  92    0    0 364 -388  1
3912500 2352500 10 22 21  13.6  960  93  1.2 8 10.0  96    0    0 364 -388  1
3912500 2352500 10 22 22  13.3  961 304  0.8 8  9.8  96    0    0 361 -388  1
3912500 2352500 10 22 23  12.6  960 316  0.9 8  9.6  97    0    0 358 -387  1
3912500 2352500 10 22 24  12.2  961 319  0.7 8  9.4  99    0    0 355 -387  1
3912500 2352500 10 23  1  12.1  961  30  0.0 7  9.3  99    0    0 342 -386  1
3912500 2352500 10 23  2  11.3  961 298  0.8 7  9.0  99    0    0 331 -386  1
3912500 2352500 10 23  3  11.8  961   5  1.8 8  9.0 100    0    0 340 -386  1
3912500 2352500 10 23  4  12.5  961  49  2.6 8  9.2  99    0    0 353 -386  1
3912500 2352500 10 23  5  12.1  961   9  2.4 8  9.3  98    0    0 353 -383  1
3912500 2352500 10 23  6  11.5  962  15  2.2 8  8.8  96    0    0 351 -380  1
3912500 2352500 10 23  7  11.2  962 358  2.3 8  8.3  94    0    0 347 -376  1
3912500 2352500 10 23  8   9.4  963   3  3.1 8  7.9  95    0   12 343 -374  1
3912500 2352500 10 23  9   9.0  963  23  3.2 6  7.3  95    0   44 319 -372  1
3912500 2352500 10 23 10   8.6  964 344  3.1 6  7.0  94    0   44 304 -370  1
3912500 2352500 10 23 11   8.3  965 348  3.5 6  6.8  93    0   78 304 -368  1
3912500 2352500 10 23 12   8.2  965 354  3.8 8  6.7  94    0   65 318 -366  1
3912500 2352500 10 23 13   8.1  966   8  4.5 8  6.7  94    0   53 331 -365  1
3912500 2352500 10 23 14   8.1  966 357  3.8 8  6.6  94    0   54 331 -364  1
3912500 2352500 10 23 15   7.6  966 354  3.4 8  6.6  95    0   58 330 -363  1
3912500 2352500 10 23 16   7.1  967 349  2.7 7  6.5  96    0   38 323 -361  1
3912500 2352500 10 23 17   6.4  968 348  3.2 8  6.1  95    0   16 321 -360  1
3912500 2352500 10 23 18   6.0  968 346  2.5 7  5.7  93    0    0 319 -358  1
3912500 2352500 10 23 19   5.2  970 356  3.1 8  5.5  92    0    0 316 -356  1
3912500 2352500 10 23 20   5.0  971 357  1.9 7  5.3  93    0    0 315 -354  1
3912500 2352500 10 23 21   4.7  972   5  1.4 7  5.3  95    0    0 309 -352  1
3912500 2352500 10 23 22   4.7  972  43  0.9 8  5.3  95    0    0 314 -351  1
3912500 2352500 10 23 23   4.6  974  51  0.9 7  5.3  96    0    0 314 -351  1
3912500 2352500 10 23 24   4.5  974  66  0.8 7  5.2  96    0    0 310 -350  1
3912500 2352500 10 24  1   4.6  974  71  1.4 8  5.2  94    0    0 316 -350  1
3912500 2352500 10 24  2   4.6  974  81  2.1 8  5.1  94    0    0 321 -350  1
3912500 2352500 10 24  3   4.7  974  90  3.1 8  5.1  92    0    0 322 -349  1
3912500 2352500 10 24  4   4.5  974  29  3.5 8  5.0  91    0    0 322 -348  1
3912500 2352500 10 24  5   4.6  974  75  3.3 8  5.0  91    0    0 322 -347  1
3912500 2352500 10 24  6   4.8  974  73  3.5 8  5.0  90    0    0 324 -347  1
3912500 2352500 10 24  7   5.4  974  73  4.0 5  5.0  88    0    0 310 -346  1
3912500 2352500 10 24  8   5.3  974  86  4.5 5  5.0  86   32   24 295 -345  1
3912500 2352500 10 24  9   6.7  974  84  4.0 3  5.0  83  139   55 287 -345  1
3912500 2352500 10 24 10   8.0  974  94  4.9 2  5.2  78  234   72 274 -348  1
3912500 2352500 10 24 11   8.8  974  84  5.6 3  5.2  72  257   82 275 -353  1
3912500 2352500 10 24 12   9.0  975  71  4.9 5  5.1  70   57  188 294 -357  1
3912500 2352500 10 24 13   8.5  974  76  4.8 6  5.1  71    3  151 311 -361  1
3912500 2352500 10 24 14   8.4  973  73  4.5 6  5.2  72    0  111 317 -365  1
3912500 2352500 10 24 15   8.2  972  83  4.2 8  5.2  73    0   70 328 -365  1
3912500 2352500 10 24 16   7.7  972  84  3.8 8  5.2  75    0   53 338 -363  1
3912500 2352500 10 24 17   7.6  972  82  3.0 8  5.2  76    1   29 337 -360  1
3912500 2352500 10 24 18   7.4  971  64  2.7 8  5.2  77    0    0 337 -357  1
3912500 2352500 10 24 19   7.3  971  65  1.9 8  5.2  78    0    0 337 -356  1
3912500 2352500 10 24 20   7.3  971  63  1.9 7  5.3  79    0    0 331 -356  1
3912500 2352500 10 24 21   7.1  971  80  1.6 6  5.3  80    0    0 320 -356  1
3912500 2352500 10 24 22   7.0  971  58  1.3 7  5.3  81    0    0 320 -356  1
3912500 2352500 10 24 23   7.1  971  27  1.1 8  5.4  82    0    0 330 -356  1
3912500 2352500 10 24 24   6.9  971 336  1.0 8  5.5  84    0    0 336 -356  1
3912500 2352500 10 25  1   7.1  971  30  0.6 2  5.5  85    0    0 303 -356  1
3912500 2352500 10 25  2   6.8  970 333  1.2 3  5.6  87    0    0 277 -356  1
3912500 2352500 10 25  3   6.9  970 298  1.0 6  5.6  87    0    0 297 -356  1
3912500 2352500 10 25  4   6.8  970 223  1.2 8  5.5  86    0    0 323 -356  1
3912500 2352500 10 25  5   6.8  970 138  1.8 8  5.4  85    0    0 333 -356  1
3912500 2352500 10 25  6   6.6  970 162  1.8 7  5.4  85    0    0 327 -354  1
3912500 2352500 10 25  7   6.8  970 266  2.0 7  5.4  85    0    0 322 -354  1
3912500 2352500 10 25  8   6.9  970 292  1.7 7  5.5  86    0   21 323 -355  1
3912500 2352500 10 25  9   7.2  970  34  1.2 7  5.6  86    1   74 324 -358  1
3912500 2352500 10 25 10   7.1  971 133  1.2 7  5.7  86    0  102 324 -365  1
3912500 2352500 10 25 11   7.4  971 152  1.4 6  5.7  87    0  129 320 -373  1
3912500 2352500 10 25 12   8.7  971 158  1.2 5  5.8  83   62  216 312 -379  1
3912500 2352500 10 25 13   9.8  971 161  1.6 2  6.0  78  280  162 295 -384  1
3912500 2352500 10 25 14  10.9  970 199  1.4 2  6.1  74  337  110 281 -388  1
3912500 2352500 10 25 15  11.3  970 195  1.7 1  6.1  72  251  101 276 -388  1
3912500 2352500 10 25 16  11.0  970 212  1.7 1  6.3  73  138   83 270 -384  1
3912500 2352500 10 25 17  10.4  970 215  1.5 2  6.4  76   33   38 272 -379  1
3912500 2352500 10 25 18   8.2  970 128  1.2 2  6.3  83    0    0 273 -375  1
3912500 2352500 10 25 19   6.7  971 273  1.1 2  6.2  93    0    0 267 -373  1
3912500 2352500 10 25 20   6.5  971 233  1.5 1  6.1  96    0    0 261 -371  1
3912500 2352500 10 25 21   5.1  972 264  1.8 1  5.8  97    0    0 254 -366  1
3912500 2352500 10 25 22   4.6  973 313  2.4 1  5.5  99    0    0 249 -363  1
3912500 2352500 10 25 23   5.6  973 345  1.8 1  5.4  95    0    0 249 -363  1
3912500 2352500 10 25 24   4.4  974 358  1.9 5  5.4  95    0    0 270 -361  1
3912500 2352500 10 26  1   4.8  974 345  1.4 4  5.3  97    0    0 284 -359  1
3912500 2352500 10 26  2   4.4  975  44  0.6 1  5.2  96    0    0 263 -357  1
3912500 2352500 10 26  3   4.3  975  62  1.5 5  5.2  97    0    0 268 -354  1
3912500 2352500 10 26  4   3.9  976  73  1.7 3  5.2  99    0    0 278 -352  1
3912500 2352500 10 26  5   3.0  975  36  1.5 2  5.1 100    0    0 258 -348  1
3912500 2352500 10 26  6   5.0  976   6  2.1 5  5.2  99    0    0 271 -346  1
3912500 2352500 10 26  7   4.6  976  18  2.4 4  5.4  97    0    0 287 -344  1
3912500 2352500 10 26  8   4.3  977  27  2.7 3  5.3  97   16   30 275 -342  1
3912500 2352500 10 26  9   5.0  977  36  2.0 2  5.2  95   98   78 264 -343  1
3912500 2352500 10 26 10   6.4  978  51  2.2 2  5.2  88  203  103 262 -351  1
3912500 2352500 10 26 11   8.7  977  63  2.4 1  5.4  81  303  107 265 -362  1
3912500 2352500 10 26 12   9.4  978  72  2.8 1  5.5  74  346  117 265 -372  1
3912500 2352500 10 26 13  10.5  978  89  2.9 1  5.5  70  364  109 269 -380  1
3912500 2352500 10 26 14   9.6  977  75  2.9 1  5.7  71  326  102 270 -385  1
3912500 2352500 10 26 15   9.4  976  40  2.4 0  5.8  76  243   94 265 -385  1
3912500 2352500 10 26 16   9.0  975  52  1.6 0  6.0  79  138   73 260 -380  1
3912500 2352500 10 26 17   8.7  975  39  1.3 0  5.9  81   32   35 259 -370  1
3912500 2352500 10 26 18   6.3  975  14  1.3 0  5.8  87    0    0 255 -360  1
3912500 2352500 10 26 19   5.4  975   1  2.2 1  5.6  94    0    0 253 -352  1
3912500 2352500 10 26 20   5.4  975   7  1.3 1  5.4  94    0    0 254 -348  1
3912500 2352500 10 26 21   4.7  976 321  0.8 0  5.3  94    0    0 247 -345  1
3912500 2352500 10 26 22   5.2  976 338  0.8 0  5.3  94    0    0 241 -341  1
3912500 2352500 10 26 23   4.2  976  34  0.7 3  5.2  94    0    0 253 -338  1
3912500 2352500 10 26 24   5.6  976  63  0.8 5  5.3  94    0    0 277 -338  1
3912500 2352500 10 27  1   2.9  975  34  0.6 1  5.2  97    0    0 265 -338  1
3912500 2352500 10 27  2   3.4  974 346  0.5 1  4.9 100    0    0 242 -335  1
3912500 2352500 10 27  3   4.8  975  42  0.9 0  5.2  98    0    0 238 -333  1
3912500 2352500 10 27  4   5.3  975 110  1.2 1  5.4  96    0    0 238 -331  1
3912500 2352500 10 27  5   5.3  974   3  1.0 3  5.5  96    0    0 252 -327  1
3912500 2352500 10 27  6   5.5  974 129  1.3 4  5.6  96    0    0 266 -324  1
3912500 2352500 10 27  7   5.6  973 172  1.8 8  5.7  97    0    0 289 -323  1
3912500 2352500 10 27  8   5.9  973 231  2.3 8  5.8  97    0   22 308 -324  1
3912500 2352500 10 27  9   6.3  973 232  1.3 7  5.9  97    2   67 304 -329  1
3912500 2352500 10 27 10   6.8  973 248  1.6 7  6.1  97    0   78 299 -341  1
3912500 2352500 10 27 11   7.5  972 188  1.4 8  6.3  96    0   77 302 -357  1
3912500 2352500 10 27 12   8.5  973 166  1.8 8  6.4  92    0   98 300 -372  1
3912500 2352500 10 27 13  10.2  972 158  2.3 5  6.4  84  114  202 287 -384  1
3912500 2352500 10 27 14  11.0  971 157  2.4 4  6.5  78  382   78 281 -390  1
3912500 2352500 10 27 15  11.3  969 219  2.1 3  6.5  76  293   60 281 -390  1
3912500 2352500 10 27 16  11.3  969 248  1.3 4  6.6  76  127   66 282 -385  1
3912500 2352500 10 27 17  10.0  968 251  1.6 5  6.6  80   30   31 284 -375  1
3912500 2352500 10 27 18   8.8  967 284  1.5 6  6.5  85    0    0 285 -363  1
3912500 2352500 10 27 19   8.2  967 260  1.7 4  6.5  90    0    0 284 -356  1
3912500 2352500 10 27 20   7.7  967 230  2.0 4  6.5  93    0    0 279 -353  1
3912500 2352500 10 27 21   7.4  967 235  2.4 6  6.4  95    0    0 283 -350  1
3912500 2352500 10 27 22   7.2  966 227  2.1 8  6.4  95    0    0 293 -348  1
3912500 2352500 10 27 23   6.6  965 258  2.1 7  6.3  97    0    0 296 -346  1
3912500 2352500 10 27 24   6.1  965 282  2.0 7  6.1  98    0    0 294 -345  1
3912500 2352500 10 28  1   5.6  964 281  2.0 6  5.9  98    0    0 291 -343  1
3912500 2352500 10 28  2   6.6  963 258  2.4 6  6.0  97    0    0 288 -340  1
3912500 2352500 10 28  3   6.8  962 229  2.3 5  6.1  94    0    0 284 -337  1
3912500 2352500 10 28  4   6.8  961 252  1.6 8  6.1  94    0    0 293 -334  1
3912500 2352500 10 28  5   6.8  959 259  2.1 8  6.2  96    0    0 309 -331  1
3912500 2352500 10 28  6   7.2  958 243  2.4 8  6.4  97    0    0 310 -329  1
3912500 2352500 10 28  7   7.8  958 254  2.3 7  6.4  94    0    0 307 -330  1
3912500 2352500 10 28  8   7.2  957 174  1.8 7  6.4  94    0   26 300 -331  1
3912500 2352500 10 28  9   9.0  957 118  1.7 7  6.7  94    1   68 301 -333  1
3912500 2352500 10 28 10   8.6  957  46  2.2 4  7.1  95    5  126 278 -342  1
3912500 2352500 10 28 11  10.0  957  86  2.6 7  7.4  95    1  146 279 -357  1
3912500 2352500 10 28 12  11.7  957 203  4.0 7  7.5  87    0  116 310 -372  1
3912500 2352500 10 28 13  12.9  956 233  3.8 8  7.1  75    0  102 324 -381  1
3912500 2352500 10 28 14  12.7  957 219  4.0 8  6.7  68    0   60 333 -381  1
3912500 2352500 10 28 15  11.8  955 202  4.3 8  6.5  69    0   68 332 -381  1
3912500 2352500 10 28 16  11.1  955 208  2.9 7  6.6  74    1   69 323 -381  1
3912500 2352500 10 28 17  11.2  955 226  1.8 8  6.7  77    0   18 324 -377  1
3912500 2352500 10 28 18  10.5  954 231  2.4 8  6.7  78    0    0 331 -372  1
3912500 2352500 10 28 19  10.5  954 225  3.3 8  6.8  81    0    0 331 -367  1
3912500 2352500 10 28 20   9.7  955 215  3.1 8  7.1  86    0    0 331 -364  1
3912500 2352500 10 28 21   9.4  955 215  2.6 8  7.5  95    0    0 330 -363  1
3912500 2352500 10 28 22   9.3  955 200  2.8 8  7.7  99    0    0 330 -362  1
3912500 2352500 10 28 23   9.1  955 199  2.0 8  7.7  99    0    0 330 -362  1
3912500 2352500 10 28 24   9.3  955 192  2.1 7  7.6  99    0    0 324 -361  1
3912500 2352500 10 29  1   9.2  955 201  1.6 7  7.7  99    0    0 317 -361  1
3912500 2352500 10 29  2   9.2  954 226  1.5 6  7.7 100    0    0 311 -361  1
3912500 2352500 10 29  3   9.1  954 325  2.0 7  7.7 100    0    0 312 -360  1
3912500 2352500 10 29  4   9.3  954 317  2.3 6  7.7 100    0    0 314 -360  1
3912500 2352500 10 29  5   8.9  954 322  2.8 8  7.4  97    0    0 320 -358  1
3912500 2352500 10 29  6   7.3  954 300  2.4 8  6.8  95    0    0 329 -355  1
3912500 2352500 10 29  7   7.0  955  24  1.0 7  6.4  96    0    0 320 -352  1
3912500 2352500 10 29  8   6.8  954 308  1.7 7  6.3  96    0   22 312 -349  1
3912500 2352500 10 29  9   7.1  955 318  1.8 6  6.3  96    2   74 304 -348  1
3912500 2352500 10 29 10   7.3  955 252  1.2 6  6.4  95    2  112 298 -350  1
3912500 2352500 10 29 11   7.5  956 161  1.3 8  6.3  92    0   75 310 -354  1
3912500 2352500 10 29 12   7.6  956  29  1.3 8  6.3  91    0   46 324 -359  1
3912500 2352500 10 29 13   7.5  956 171  1.3 8  6.3  92    0   51 325 -363  1
3912500 2352500 10 29 14   7.4  955 215  1.6 7  6.3  92    0  108 319 -365  1
3912500 2352500 10 29 15   7.3  955 180  1.5 7  6.4  94    0   96 314 -363  1
3912500 2352500 10 29 16   7.0  955 180  1.9 7  6.3  94    0   62 313 -360  1
3912500 2352500 10 29 17   6.6  954 168  1.8 8  6.2  95    2   31 317 -356  1
3912500 2352500 10 29 18   6.5  954 160  1.6 8  6.2  96    0    0 320 -353  1
3912500 2352500 10 29 19   6.2  955 189  1.3 8  6.2  98    0    0 318 -350  1
3912500 2352500 10 29 20   6.1  955 216  1.2 8  6.2 100    0    0 316 -348  1
3912500 2352500 10 29 21   6.1  955 216  1.3 8  6.2 100    0    0 316 -347  1
3912500 2352500 10 29 22   6.0  954 180  1.3 8  6.2  99    0    0 316 -345  1
3912500 2352500 10 29 23   5.9  954 346  1.5 8  6.1  99    0    0 317 -344  1
3912500 2352500 10 29 24   5.4  954 330  1.7 8  5.8  96    0    0 316 -342  1
3912500 2352500 10 30  1   4.6  953   0  1.6 7  5.5  96    0    0 310 -340  1
3912500 2352500 10 30  2   4.4  953 357  2.0 7  5.4  97    0    0 304 -339  1
3912500 2352500 10 30  3   3.9  952 353  1.9 5  5.2  96    0    0 294 -339  1
3912500 2352500 10 30  4   3.7  952 335  1.8 6  5.1  97    0    0 288 -338  1
3912500 2352500 10 30  5   3.7  951 324  1.8 8  5.1  98    0    0 302 -338  1
3912500 2352500 10 30  6   3.7  951 358  1.9 8  5.1  96    0    0 312 -338  1
3912500 2352500 10 30  7   3.3  952 346  1.6 7  5.0  96    0    0 306 -337  1
3912500 2352500 10 30  8   3.5  952 348  1.6 7  5.0  97    0   10 300 -337  1
3912500 2352500 10 30  9   3.6  953   6  1.2 6  4.9  94    1   66 293 -338  1
3912500 2352500 10 30 10   3.9  953  34  1.3 7  4.9  93    0   71 295 -339  1
3912500 2352500 10 30 11   3.5  952  57  1.3 8  4.9  94    0   47 308 -340  1
3912500 2352500 10 30 12   3.2  952  55  1.6 7  4.8  94    0   48 308 -342  1
3912500 2352500 10 30 13   2.8  952  39  1.4 8  4.8  95    0   52 307 -343  1
3912500 2352500 10 30 14   2.6  951  26  1.8 7  4.7  96    0   61 306 -343  1
3912500 2352500 10 30 15   2.8  951   6  1.2 7  4.7  96    0   67 301 -344  1
3912500 2352500 10 30 16   2.4  950 338  0.4 8  4.7  96    0   50 305 -343  1
3912500 2352500 10 30 17   2.7  950  38  1.3 8  4.7  97    0    8 310 -336  1
3912500 2352500 10 30 18   2.9  949   3  0.4 8  4.7  96    0    0 311 -328  1
3912500 2352500 10 30 19   2.5  948  23  0.9 8  4.7  94    0    0 311 -324  1
3912500 2352500 10 30 20   2.3  948  27  1.1 8  4.6  95    0    0 311 -323  1
3912500 2352500 10 30 21   1.0  947 105  0.8 8  4.4  97    0    0 309 -323  1
3912500 2352500 10 30 22   0.5  947 355  0.9 8  4.2  98    0    0 306 -323  1
3912500 2352500 10 30 23   0.8  946 342  0.9 8  4.1  96    0    0 306 -323  1
3912500 2352500 10 30 24   0.4  946 328  0.7 8  4.1  96    0    0 305 -323  1
3912500 2352500 10 31  1   0.3  945 300  0.7 8  4.1  98    0    0 305 -323  1
3912500 2352500 10 31  2   0.6  944 267  1.3 7  4.1  98    0    0 299 -323  1
3912500 2352500 10 31  3   0.4  943 273  0.6 6  4.1  97    0    0 287 -323  1
3912500 2352500 10 31  4   0.5  943 205  1.3 8  4.1  98    0    0 293 -323  1
3912500 2352500 10 31  5   0.4  943 217  2.2 8  4.1  97    0    0 305 -323  1
3912500 2352500 10 31  6   0.3  942 222  2.0 8  4.1  97    0    0 304 -323  1
3912500 2352500 10 31  7   0.3  942 208  2.7 8  4.1  98    0    0 303 -323  1
3912500 2352500 10 31  8   0.7  942 215  2.9 8  4.1  98    0    6 303 -323  1
3912500 2352500 10 31  9   0.8  942 218  3.1 8  4.2  98    0   46 303 -323  1
3912500 2352500 10 31 10   1.4  943 231  2.3 8  4.2  96    0   59 304 -323  1
3912500 2352500 10 31 11   1.7  943 207  2.8 8  4.3  94    0   86 305 -323  1
3912500 2352500 10 31 12   2.1  943 198  2.9 7  4.3  93    0  126 300 -323  1
3912500 2352500 10 31 13   2.4  943 184  3.5 7  4.4  92    0   95 295 -323  1
3912500 2352500 10 31 14   2.7  943 209  3.0 7  4.4  90    0   94 296 -323  1
3912500 2352500 10 31 15   3.6  944 199  2.2 7  4.3  85    0   98 298 -323  1
3912500 2352500 10 31 16   3.1  943 132  1.6 7  4.3  82   36   94 297 -323  1
3912500 2352500 10 31 17   2.3  943 124  2.3 6  4.3  88    8   30 288 -323  1
3912500 2352500 10 31 18   2.4  944  77  2.1 7  4.4  92    0    0 286 -323  1
3912500 2352500 10 31 19   1.7  944  94  2.2 8  4.4  93    0    0 293 -323  1
3912500 2352500 10 31 20   1.6  945 210  2.3 8  4.3  95    0    0 296 -323  1
3912500 2352500 10 31 21   1.7  945  71  1.5 8  4.3  95    0    0 297 -323  1
3912500 2352500 10 31 22   1.2  945 359  0.5 7  4.3  96    0    0 291 -322  1
3912500 2352500 10 31 23   1.2  946   0  1.7 6  4.3  96    0    0 280 -322  1
3912500 2352500 10 31 24   0.3  946  19  1.3 5  4.1  96    0    0 269 -321  1
3912500 2352500 11  1  1   0.9  947  37  1.5 4  4.1  96    0    0 258 -321  1
3912500 2352500 11  1  2   0.8  947  55  2.3 4  4.2  96    0    0 253 -321  1
3912500 2352500 11  1  3   1.0  948  63  1.7 6  4.2  97    0    0 265 -322  1
3912500 2352500 11  1  4   1.1  948  26  1.8 8  4.3  97    0    0 285 -322  1
3912500 2352500 11  1  5   1.5  949  34  1.8 8  4.3  96    0    0 297 -323  1
3912500 2352500 11  1  6   1.6  949  13  1.0 8  4.3  96    0    0 300 -323  1
3912500 2352500 11  1  7   1.4  949  32  1.6 8  4.3  96    0    0 300 -323  1
3912500 2352500 11  1  8   1.8  950  33  1.9 8  4.4  96    0    5 301 -323  1
3912500 2352500 11  1  9   1.8  950  58  1.5 8  4.4  95    0   45 300 -323  1
3912500 2352500 11  1 10   2.3  950  14  1.1 7  4.4  94    0   93 294 -324  1
3912500 2352500 11  1 11   2.4  951 315  0.7 7  4.5  93    0   72 290 -333  1
3912500 2352500 11  1 12   2.6  952 348  0.0 7  4.5  93    0   88 291 -346  1
3912500 2352500 11  1 13   3.0  953   2  0.4 7  4.5  92    0  117 292 -352  1
3912500 2352500 11  1 14   3.4  952  34  0.4 7  4.5  90    1  127 293 -355  1
3912500 2352500 11  1 15   3.9  952  30  1.1 7  4.7  89    5  111 295 -356  1
3912500 2352500 11  1 16   4.0  952  36  1.7 8  4.8  89    5   71 300 -355  1
3912500 2352500 11  1 17   3.1  952  16  2.1 8  4.8  92    1   28 304 -351  1
3912500 2352500 11  1 18   3.5  952  19  1.0 8  4.8  94    0    0 303 -346  1
3912500 2352500 11  1 19   2.8  952  35  2.2 7  4.7  94    0    0 299 -342  1
3912500 2352500 11  1 20   2.0  952  26  2.3 7  4.6  96    0    0 293 -339  1
3912500 2352500 11  1 21   1.2  951  22  1.8 4  4.5  99    0    0 278 -338  1
3912500 2352500 11  1 22   1.8  951  22  2.4 2  4.5 100    0    0 257 -337  1
3912500 2352500 11  1 23   2.1  951  35  2.8 3  4.6  99    0    0 254 -335  1
3912500 2352500 11  1 24   2.2  951  32  2.6 6  4.7  99    0    0 273 -334  1
3912500 2352500 11  2  1   1.6  951  27  1.9 6  4.5 100    0    0 286 -333  1
3912500 2352500 11  2  2   0.9  950  34  1.0 6  4.4 100    0    0 285 -333  1
3912500 2352500 11  2  3   1.6  950  36  1.3 6  4.4 100    0    0 286 -333  1
3912500 2352500 11  2  4   2.4  951  25  1.0 6  4.6  99    0    0 290 -332  1
3912500 2352500 11  2  5   2.0  951 328  0.5 6  4.7  99    0    0 292 -332  1
3912500 2352500 11  2  6   1.7  951 314  0.3 6  4.6 100    0    0 292 -331  1
3912500 2352500 11  2  7   1.5  951  20  0.1 8  4.5 100    0    0 301 -331  1
3912500 2352500 11  2  8   2.0  951 334  0.1 8  4.6 100    0    5 312 -331  1
3912500 2352500 11  2  9   1.1  951 342  0.3 7  4.5 100    4   65 308 -334  1
3912500 2352500 11  2 10   1.7  951 341  1.1 7  4.5 100    7  113 303 -342  1
3912500 2352500 11  2 11   2.2  952  21  0.3 7  4.7 100    1  123 304 -354  1
3912500 2352500 11  2 12   3.4  952  50  1.1 7  4.8  98    3  144 307 -368  1
3912500 2352500 11  2 13   3.5  952  62  1.4 7  5.0  96    7  160 309 -380  1
3912500 2352500 11  2 14   3.6  952  41  1.2 7  5.1  97    2  124 309 -387  1
3912500 2352500 11  2 15   3.7  952  32  1.2 7  5.1  98   11  123 308 -387  1
3912500 2352500 11  2 16   3.8  952 347  0.9 8  5.2  98   18   78 313 -382  1
3912500 2352500 11  2 17   3.4  952  11  0.8 8  5.2  99   18   20 316 -373  1
3912500 2352500 11  2 18   3.4  953 331  0.7 8  5.1 100    0    0 314 -361  1
3912500 2352500 11  2 19   3.0  954 331  1.3 7  5.1 100    0    0 307 -354  1
3912500 2352500 11  2 20   3.1  955 251  1.6 7  5.0 100    0    0 301 -350  1
3912500 2352500 11  2 21   2.9  955 291  1.4 5  5.0 100    0    0 291 -347  1
3912500 2352500 11  2 22   2.6  956 276  1.9 6  4.9 100    0    0 284 -345  1
3912500 2352500 11  2 23   2.2  956 314  1.4 5  4.8 100    0    0 282 -344  1
3912500 2352500 11  2 24   2.1  957 326  1.4 5  4.7 100    0    0 274 -341  1
3912500 2352500 11  3  1   2.2  958 319  1.4 3  4.7 100    0    0 261 -338  1
3912500 2352500 11  3  2   2.4  959 322  0.9 7  4.7 100    0    0 273 -339  1
3912500 2352500 11  3  3   2.0  959   2  1.0 6  4.7 100    0    0 290 -341  1
3912500 2352500 11  3  4   2.2  960   2  0.9 5  4.7 100    0    0 277 -342  1
3912500 2352500 11  3  5   1.6  960  22  0.9 4  4.6 100    0    0 262 -342  1
3912500 2352500 11  3  6   1.6  960  45  1.6 4  4.5 100    0    0 252 -343  1
3912500 2352500 11  3  7   2.2  960  40  1.6 7  4.6 100    0    0 274 -345  1
3912500 2352500 11  3  8   3.2  961  46  2.2 7  4.8  99    0    9 298 -346  1
3912500 2352500 11  3  9   3.4  961  27  2.2 7  5.0  98    0   46 300 -349  1
3912500 2352500 11  3 10   4.3  961  34  1.9 5  5.1  96   28  155 286 -354  1
3912500 2352500 11  3 11   4.6  961  38  2.7 4  5.3  96   52  214 265 -363  1
3912500 2352500 11  3 12   5.4  961  44  2.5 8  5.5  97    0  132 287 -372  1
3912500 2352500 11  3 13   6.4  960  58  2.5 6  5.8  96   18  201 303 -381  1
3912500 2352500 11  3 14   7.5  959  59  2.4 6  6.1  93   28  197 289 -386  1
3912500 2352500 11  3 15   8.2  958  64  1.8 7  6.4  91    3  114 300 -387  1
3912500 2352500 11  3 16   8.1  958  64  1.7 8  6.5  91    7   81 317 -384  1
3912500 2352500 11  3 17   7.2  957  58  1.4 7  6.5  94    4   20 314 -377  1
3912500 2352500 11  3 18   6.4  957  72  1.7 8  6.4  98    0    0 311 -368  1
3912500 2352500 11  3 19   6.4  957  60  1.3 8  6.3  99    0    0 315 -361  1
3912500 2352500 11  3 20   6.9  957  61  1.6 8  6.3  97    0    0 314 -357  1
3912500 2352500 11  3 21   6.9  956  76  1.0 8  6.3  96    0    0 314 -355  1
3912500 2352500 11  3 22   7.1  956  80  1.8 8  6.4  96    0    0 314 -355  1
3912500 2352500 11  3 23   6.3  956  62  0.8 8  6.3  98    0    0 313 -357  1
3912500 2352500 11  3 24   6.1  956  67  0.9 6  6.2  99    0    0 298 -358  1
3912500 2352500 11  4  1   6.4  956  58  0.3 7  6.1  98    0    0 289 -358  1
3912500 2352500 11  4  2   6.1  956  72  0.6 2  6.1  97    0    0 253 -357  1
3912500 2352500 11  4  3   5.8  956  70  0.5 8  6.0  98    0    0 261 -356  1
3912500 2352500 11  4  4   5.6  957 336  1.3 7  6.0  99    0    0 308 -356  1
3912500 2352500 11  4  5   5.5  957 334  0.7 7  5.9  99    0    0 300 -357  1
3912500 2352500 11  4  6   5.2  957   6  0.4 6  5.9 100    0    0 293 -359  1
3912500 2352500 11  4  7   5.6  957   6  0.4 8  5.8  99    0    0 302 -358  1
3912500 2352500 11  4  8   6.0  957   6  0.4 8  5.9  98    1   16 317 -357  1
3912500 2352500 11  4  9   6.5  958 294  0.6 5  6.1  98   36   76 300 -357  1
3912500 2352500 11  4 10   7.3  958  34  1.0 4  6.3  97  107  135 279 -363  1
3912500 2352500 11  4 11   8.0  958  22  1.2 3  6.5  94  139  180 270 -373  1
3912500 2352500 11  4 12   8.3  958  45  1.6 1  6.6  93  240  183 258 -385  1
3912500 2352500 11  4 13   8.6  959  94  1.7 2  6.9  94  253  186 257 -394  1
3912500 2352500 11  4 14   9.1  958 275  1.4 2  7.1  95  116  189 266 -400  1
3912500 2352500 11  4 15   9.1  958 290  1.4 3  7.2  95   38  144 274 -400  1
3912500 2352500 11  4 16   9.1  958 345  1.8 6  7.3  96    0   48 295 -393  1
3912500 2352500 11  4 17   9.1  958  19  2.4 6  7.3  96    0    5 311 -385  1
3912500 2352500 11  4 18   9.1  959  26  2.4 7  7.4  96    0    0 316 -377  1
3912500 2352500 11  4 19   9.4  959 308  2.2 7  7.4  96    0    0 322 -371  1
3912500 2352500 11  4 20   8.9  959 335  2.8 6  7.4  97    0    0 317 -367  1
3912500 2352500 11  4 21   9.0  960   1  2.1 6  7.4  98    0    0 313 -365  1
3912500 2352500 11  4 22   8.8  960  15  1.4 8  7.4  98    0    0 322 -363  1
3912500 2352500 11  4 23   7.9  960  53  1.9 8  7.1  99    0    0 329 -360  1
3912500 2352500 11  4 24   8.7  960  26  1.9 8  7.0  97    0    0 326 -360  1
3912500 2352500 11  5  1   8.4  960 330  0.6 8  6.9  95    0    0 327 -359  1
3912500 2352500 11  5  2   7.0  960  11  0.7 5  6.7  97    0    0 310 -355  1
3912500 2352500 11  5  3   6.0  961  32  2.1 4  6.2  98    0    0 288 -352  1
3912500 2352500 11  5  4   6.2  961  41  2.5 3  6.0  97    0    0 278 -352  1
3912500 2352500 11  5  5   6.3  961  49  2.1 2  6.1  97    0    0 272 -352  1
3912500 2352500 11  5  6   5.3  961  51  5.0 1  6.0  99    0    0 262 -353  1
3912500 2352500 11  5  7   6.1  962  41  2.1 5  5.9  98    0    0 274 -355  1
3912500 2352500 11  5  8   4.7  961  39  2.6 4  5.8  98    5   20 286 -354  1
3912500 2352500 11  5  9   5.2  962  37  3.0 2  5.7 100   47  101 266 -354  1
3912500 2352500 11  5 10   6.5  961  48  3.2 1  6.1 100   59  169 252 -359  1
3912500 2352500 11  5 11   8.1  961  67  3.4 5  6.6  99    9  166 274 -368  1
3912500 2352500 11  5 12   9.4  961  43  3.8 6  7.1  96    0  136 305 -376  1
3912500 2352500 11  5 13  10.3  961  64  3.5 7  7.6  94    0  137 318 -382  1
3912500 2352500 11  5 14  10.9  961  54  2.5 7  7.7  92   18  186 324 -385  1
3912500 2352500 11  5 15  11.2  960  55  2.2 5  7.6  88   38  166 316 -384  1
3912500 2352500 11  5 16  10.6  959  58  4.0 8  7.5  88    6   79 321 -382  1
3912500 2352500 11  5 17  10.0  958  48  4.4 8  7.4  89    0   16 333 -377  1
3912500 2352500 11  5 18   9.9  958  56  4.0 8  7.2  90    0    0 332 -373  1
3912500 2352500 11  5 19   9.6  957  43  3.7 7  7.1  89    0    0 327 -370  1
3912500 2352500 11  5 20   9.3  956  21  1.3 7  7.0  89    0    0 322 -368  1
3912500 2352500 11  5 21   9.4  955  45  2.2 7  7.0  90    0    0 322 -368  1
3912500 2352500 11  5 22   8.8  955  41  2.2 8  6.9  91    0    0 327 -368  1
3912500 2352500 11  5 23   8.5  954  58  4.4 8  6.8  92    0    0 333 -368  1
3912500 2352500 11  5 24   8.2  953  82  3.3 8  6.8  93    0    0 333 -370  1
3912500 2352500 11  6  1   8.0  953  93  3.6 7  6.8  95    0    0 327 -370  1
3912500 2352500 11  6  2   7.2  953  54  3.1 4  6.7  97    0    0 303 -369  1
3912500 2352500 11  6  3   7.5  953  64  2.2 4  6.7  98    0    0 286 -367  1
3912500 2352500 11  6  4   7.7  954  86  3.1 5  6.8  98    0    0 292 -366  1
3912500 2352500 11  6  5   7.8  954 113  2.9 7  6.7  97    0    0 309 -367  1
3912500 2352500 11  6  6   7.1  954 130  1.9 7  6.6  97    0    0 319 -368  1
3912500 2352500 11  6  7   7.5  955 119  1.8 8  6.7  98    0    0 324 -369  1
3912500 2352500 11  6  8   7.5  955 145  1.9 8  6.7  98    0   13 329 -369  1
3912500 2352500 11  6  9   7.5  956 151  2.2 5  6.7  98    0   42 311 -370  1
3912500 2352500 11  6 10   8.3  956  91  0.7 6  6.9  97    0   41 299 -372  1
3912500 2352500 11  6 11   8.4  957 347  0.2 7  6.9  95    0   38 311 -378  1
3912500 2352500 11  6 12   9.0  958  45  1.2 7  7.0  94    0  133 318 -388  1
3912500 2352500 11  6 13   9.2  957  53  1.3 5  7.0  92   47  232 309 -396  1
3912500 2352500 11  6 14   9.4  957 360  2.5 4  7.1  91  101  227 296 -401  1
3912500 2352500 11  6 15   9.7  957  20  3.6 3  7.2  91   85  176 290 -399  1
3912500 2352500 11  6 16   9.4  957 135  2.8 7  7.2  92   34   99 306 -391  1
3912500 2352500 11  6 17   9.2  958 115  2.2 6  7.1  92    5   22 320 -386  1
3912500 2352500 11  6 18   8.2  959 141  2.0 6  7.0  95    0    0 313 -380  1
3912500 2352500 11  6 19   7.5  959 176  1.9 3  6.9  99    0    0 296 -376  1
3912500 2352500 11  6 20   6.8  959 103  1.3 2  6.6  99    0    0 273 -373  1
3912500 2352500 11  6 21   6.5  959  42  1.5 0  6.3  98    0    0 255 -372  1
3912500 2352500 11  6 22   5.4  960  21  1.6 0  6.1 100    0    0 243 -370  1
3912500 2352500 11  6 23   5.7  961 323  1.4 3  5.9 100    0    0 257 -368  1
3912500 2352500 11  6 24   5.1  961 341  1.7 3  5.9 100    0    0 271 -366  1
3912500 2352500 11  7  1   4.9  961 351  1.6 5  5.7 100    0    0 277 -363  1
3912500 2352500 11  7  2   5.3  961   9  1.5 5  5.8 100    0    0 287 -360  1
3912500 2352500 11  7  3   5.9  961   3  1.4 5  5.9  99    0    0 288 -358  1
3912500 2352500 11  7  4   5.2  961   5  1.9 8  5.9  99    0    0 301 -357  1
3912500 2352500 11  7  5   5.1  961  22  1.8 7  5.8 100    0    0 309 -357  1
3912500 2352500 11  7  6   5.5  961  50  1.5 8  5.8 100    0    0 308 -357  1
3912500 2352500 11  7  7   5.7  961  53  0.9 8  5.9  99    0    0 313 -357  1
3912500 2352500 11  7  8   5.4  961  49  1.5 7  5.9  99    0   11 309 -355  1
3912500 2352500 11  7  9   5.3  961  54  2.5 5  5.8 100    0   46 294 -355  1
3912500 2352500 11  7 10   5.5  961  54  1.8 7  5.9 100    0   81 293 -360  1
3912500 2352500 11  7 11   6.1  961  51  1.3 7  5.9  98    0  105 303 -369  1
3912500 2352500 11  7 12   6.3  961 333  1.1 7  6.0  97    0   81 303 -378  1
3912500 2352500 11  7 13   6.5  961   4  1.6 8  6.1  97    0   83 308 -385  1
3912500 2352500 11  7 14   6.8  960 341  1.6 8  6.2  97   10  108 313 -389  1
3912500 2352500 11  7 15   6.9  960 335  1.9 8  6.3  97    0   45 315 -390  1
3912500 2352500 11  7 16   6.9  960 333  1.4 8  6.3  96    0   18 315 -386  1
3912500 2352500 11  7 17   7.0  960 346  1.2 7  6.2  94    0    3 311 -378  1
3912500 2352500 11  7 18   7.0  960  68  0.8 5  6.1  93    0    0 295 -368  1
3912500 2352500 11  7 19   6.8  960 109  1.4 7  6.1  94    0    0 293 -362  1
3912500 2352500 11  7 20   6.7  960 198  0.9 7  6.2  95    0    0 306 -358  1
3912500 2352500 11  7 21   6.5  961 175  1.3 5  6.1  96    0    0 292 -355  1
3912500 2352500 11  7 22   6.5  961 203  1.7 6  6.1  97    0    0 284 -355  1
3912500 2352500 11  7 23   6.7  961  92  1.0 7  6.2  97    0    0 300 -356  1
3912500 2352500 11  7 24   6.8  960  33  1.2 7  6.3  97    0    0 307 -357  1
3912500 2352500 11  8  1   6.7  960 163  1.3 5  6.3  98    0    0 294 -358  1
3912500 2352500 11  8  2   6.9  960  65  1.6 6  6.4  98    0    0 289 -357  1
3912500 2352500 11  8  3   7.0  960  41  1.5 6  6.4  97    0    0 296 -356  1
3912500 2352500 11  8  4   7.0  960 337  1.2 6  6.4  97    0    0 298 -355  1
3912500 2352500 11  8  5   7.3  960 300  0.7 7  6.4  96    0    0 307 -354  1
3912500 2352500 11  8  6   6.5  960 319  1.0 8  6.3  97    0    0 317 -353  1
3912500 2352500 11  8  7   5.9  960  16  1.0 8  6.2  99    0    0 321 -352  1
3912500 2352500 11  8  8   6.9  960  24  0.4 7  6.1  97    0   12 316 -351  1
3912500 2352500 11  8  9   7.7  961 258  0.3 7  6.3  93   19   66 313 -352  1
3912500 2352500 11  8 10   8.9  961 340  0.6 8  6.4  89   12  112 322 -359  1
3912500 2352500 11  8 11  10.2  962 122  1.2 8  6.5  83   24  152 331 -370  1
3912500 2352500 11  8 12  10.7  962 151  1.6 7  6.6  79   41  181 328 -381  1
3912500 2352500 11  8 13  11.2  962 184  1.7 5  6.5  76  179  153 315 -389  1
3912500 2352500 11  8 14  11.6  962  91  1.5 4  6.4  72  268   87 301 -392  1
3912500 2352500 11  8 15  11.8  961 241  1.5 3  6.3  69  134   99 292 -391  1
3912500 2352500 11  8 16  10.7  961 194  1.7 2  6.2  70  107   52 283 -387  1
3912500 2352500 11  8 17   8.8  961 137  2.0 2  6.2  78   18   14 275 -382  1
3912500 2352500 11  8 18   7.1  961 201  1.6 3  6.0  86    0    0 272 -375  1
3912500 2352500 11  8 19   6.8  962 238  1.7 2  5.8  89    0    0 268 -371  1
3912500 2352500 11  8 20   5.5  962 267  1.6 2  5.8  93    0    0 258 -369  1
3912500 2352500 11  8 21   4.8  962 275  1.3 2  5.7  99    0    0 251 -368  1
3912500 2352500 11  8 22   5.0  963 244  1.7 0  5.5  98    0    0 234 -366  1
3912500 2352500 11  8 23   4.8  963 243  1.7 0  5.4  95    0    0 216 -365  1
3912500 2352500 11  8 24   3.9  963 249  1.6 0  5.2  96    0    0 209 -364  1
3912500 2352500 11  9  1   4.5  963 270  1.3 2  5.2  97    0    0 219 -364  1
3912500 2352500 11  9  2   3.7  964 150  1.7 2  5.2  98    0    0 232 -364  1
3912500 2352500 11  9  3   3.3  964 175  1.8 1  5.1  99    0    0 227 -363  1
3912500 2352500 11  9  4   3.6  964 211  1.8 2  5.1  99    0    0 228 -363  1
3912500 2352500 11  9  5   3.8  965 230  1.5 6  5.2 100    0    0 259 -363  1
3912500 2352500 11  9  6   3.4  965 195  0.6 6  5.2 100    0    0 282 -363  1
3912500 2352500 11  9  7   3.4  965 227  1.2 7  5.1 100    0    0 286 -364  1
3912500 2352500 11  9  8   3.0  966 353  0.8 7  5.0 100    2   14 290 -364  1
3912500 2352500 11  9  9   3.8  966  29  0.6 4  5.1 100   40   66 271 -365  1
3912500 2352500 11  9 10   4.7  967  64  1.0 3  5.4 100   54  128 249 -368  1
3912500 2352500 11  9 11   6.1  967 182  0.8 5  5.8  99   70  170 261 -373  1
3912500 2352500 11  9 12   7.6  968 160  1.4 4  6.3  98  157  180 274 -379  1
3912500 2352500 11  9 13   9.2  967 343  1.6 3  6.6  92  259  144 270 -384  1
3912500 2352500 11  9 14  10.7  966 241  1.6 3  6.6  82  229  132 270 -386  1
3912500 2352500 11  9 15  11.7  967 155  2.1 2  6.5  75  144  113 271 -385  1
3912500 2352500 11  9 16  10.2  967 125  2.2 1  6.5  76   83   73 263 -382  1
3912500 2352500 11  9 17   7.1  966 128  1.9 1  6.3  86   11   16 253 -377  1
3912500 2352500 11  9 18   7.0  966 155  1.5 2  6.2  94    0    0 253 -372  1
3912500 2352500 11  9 19   6.0  967 220  1.0 4  6.0  95    0    0 265 -368  1
3912500 2352500 11  9 20   5.6  967 237  0.7 4  5.9  98    0    0 274 -367  1
3912500 2352500 11  9 21   4.8  967 263  1.6 3  5.7  98    0    0 268 -365  1
3912500 2352500 11  9 22   4.4  967 267  1.0 1  5.5  99    0    0 251 -362  1
3912500 2352500 11  9 23   5.4  968 260  1.7 2  5.4  96    0    0 246 -358  1
3912500 2352500 11  9 24   3.2  968 286  1.2 3  5.2  96    0    0 255 -355  1
3912500 2352500 11 10  1   3.6  968 285  1.7 8  5.1 100    0    0 285 -354  1
3912500 2352500 11 10  2   2.9  969 283  1.0 7  5.0 100    0    0 305 -355  1
3912500 2352500 11 10  3   3.5  968 271  1.1 8  5.0  99    0    0 305 -357  1
3912500 2352500 11 10  4   2.7  968 240  2.0 8  4.9  98    0    0 309 -358  1
3912500 2352500 11 10  5   3.1  968 241  2.5 8  4.8  97    0    0 308 -358  1
3912500 2352500 11 10  6   2.8  968 232  3.4 8  4.8  97    0    0 309 -356  1
3912500 2352500 11 10  7   3.2  968 224  3.5 8  4.9  99    0    0 310 -355  1
3912500 2352500 11 10  8   4.1  968 236  3.3 8  5.1  99    0    8 314 -353  1
3912500 2352500 11 10  9   4.9  969 230  3.5 7  5.4  98   12   47 312 -354  1
3912500 2352500 11 10 10   5.6  969 232  3.2 7  5.7  99   32   84 311 -356  1
3912500 2352500 11 10 11   7.5  970 222  2.9 8  6.1  96   12  116 320 -360  1
3912500 2352500 11 10 12   8.5  970 229  3.7 7  6.3  90    9  134 324 -365  1
3912500 2352500 11 10 13  10.0  970 229  3.6 8  6.3  84    0  119 328 -369  1
3912500 2352500 11 10 14  11.7  969 231  2.8 6  6.3  75   83   97 325 -372  1
3912500 2352500 11 10 15  12.1  970 209  3.8 5  6.2  68  148   37 311 -373  1
3912500 2352500 11 10 16  12.0  970 207  3.4 7  6.1  66   65   31 317 -372  1
3912500 2352500 11 10 17  11.0  970 208  3.3 7  6.1  69    3   11 325 -369  1
3912500 2352500 11 10 18  11.1  970 206  2.2 6  6.1  71    0    0 318 -365  1
3912500 2352500 11 10 19  10.9  970 213  2.9 4  6.1  71    0    0 300 -362  1
3912500 2352500 11 10 20  10.5  970 230  2.4 4  6.1  73    0    0 287 -359  1
3912500 2352500 11 10 21   8.5  970 216  2.8 8  6.2  80    0    0 306 -357  1
3912500 2352500 11 10 22   9.5  970 198  3.3 8  6.2  83    0    0 326 -354  1
3912500 2352500 11 10 23   8.7  970 190  3.7 8  6.1  82    0    0 326 -352  1
3912500 2352500 11 10 24   6.9  970 242  2.6 7  6.0  87    0    0 317 -351  1
3912500 2352500 11 11  1   7.9  970 233  2.4 7  5.8  87    0    0 310 -350  1
3912500 2352500 11 11  2   7.9  970 246  2.7 8  5.6  81    0    0 320 -350  1
3912500 2352500 11 11  3   7.8  969 283  2.5 6  5.5  79    0    0 317 -348  1
3912500 2352500 11 11  4   7.0  969 282  2.4 6  5.4  80    0    0 306 -346  1
3912500 2352500 11 11  5   6.8  969 285  3.2 7  5.4  83    0    0 314 -344  1
3912500 2352500 11 11  6   7.9  969 279  3.0 6  5.4  82    0    0 316 -343  1
3912500 2352500 11 11  7   7.4  969 251  2.6 3  5.4  80    0    0 295 -341  1
3912500 2352500 11 11  8   7.1  969 252  2.2 2  5.3  81    1   13 273 -340  1
3912500 2352500 11 11  9   9.7  970 240  3.0 4  5.6  78   42   66 282 -342  1
3912500 2352500 11 11 10  11.5  970 199  2.8 5  5.9  71  115  118 303 -348  1
3912500 2352500 11 11 11  12.8  971 193  2.0 5  6.1  66  187  155 313 -360  1
3912500 2352500 11 11 12  13.6  971 218  3.1 5  6.1  61  230  174 316 -371  1
3912500 2352500 11 11 13  14.8  970 206  2.7 5  6.0  57  158  195 319 -378  1
3912500 2352500 11 11 14  14.7  969 179  2.4 4  5.9  54  201  158 317 -381  1
3912500 2352500 11 11 15  15.1  968 196  2.8 7  5.9  53   57  139 326 -381  1
3912500 2352500 11 11 16  14.1  967 182  2.2 6  5.9  54   11   70 333 -378  1
3912500 2352500 11 11 17  11.9  967 198  2.5 6  5.9  60    1   13 324 -372  1
3912500 2352500 11 11 18  11.2  967 194  2.2 6  5.9  66    0    0 319 -364  1
3912500 2352500 11 11 19  10.6  967 140  2.3 3  5.8  68    0    0 306 -359  1
3912500 2352500 11 11 20  10.1  966 178  1.9 3  5.8  70    0    0 291 -356  1
3912500 2352500 11 11 21   9.4  966 193  1.8 3  5.8  73    0    0 293 -355  1
3912500 2352500 11 11 22   8.7  966 218  1.8 3  5.8  77    0    0 294 -354  1
3912500 2352500 11 11 23   7.8  966 213  1.7 4  5.7  81    0    0 287 -352  1
3912500 2352500 11 11 24   6.9  965 196  1.5 4  5.6  85    0    0 288 -352  1
3912500 2352500 11 12  1   6.2  971 161  1.3 5  5.4  88    0    0 281 -324  1
3912500 2352500 11 12  2   5.8  972 121  1.2 5  5.3  89    0    0 280 -321  1
3912500 2352500 11 12  3   5.5  972  95  1.2 4  5.2  89    0    0 278 -320  1
3912500 2352500 11 12  4   5.4  973  93  1.2 4  5.2  90    0    0 270 -319  1
3912500 2352500 11 12  5   5.4  973  98  1.1 5  5.2  90    0    0 263 -317  1
3912500 2352500 11 12  6   5.3  973 110  1.2 3  5.2  90    0    0 262 -315  1
3912500 2352500 11 12  7   5.2  974  60  0.6 8  5.3  91    0    0 280 -313  1
3912500 2352500 11 12  8   5.2  974  33  1.3 8  5.2  92    0    7 298 -313  1
3912500 2352500 11 12  9   5.4  975 350  1.6 8  5.2  91    1   49 299 -314  1
3912500 2352500 11 12 10   5.7  975 349  1.2 7  5.3  90    1   83 299 -321  1
3912500 2352500 11 12 11   6.2  975   8  1.8 5  5.3  88    6  132 288 -337  1
3912500 2352500 11 12 12   6.1  975 111  2.2 5  5.4  88   24  168 279 -355  1
3912500 2352500 11 12 13   6.0  975  71  2.1 2  5.4  90  182  126 263 -370  1
3912500 2352500 11 12 14   8.5  975  76  2.6 1  5.5  84  282   57 253 -378  1
3912500 2352500 11 12 15   8.6  975 331  3.3 0  5.6  78  210   43 253 -380  1
3912500 2352500 11 12 16   8.3  975  54  3.6 2  5.7  80  104   33 255 -374  1
3912500 2352500 11 12 17   7.7  975  30  2.9 3  5.7  83    7   12 260 -364  1
3912500 2352500 11 12 18   5.5  975  42  3.1 2  5.6  89    0    0 256 -353  1
3912500 2352500 11 12 19   5.4  976  32  2.9 2  5.5  94    0    0 249 -347  1
3912500 2352500 11 12 20   4.4  976  20  2.8 2  5.3  95    0    0 246 -343  1
3912500 2352500 11 12 21   3.7  976  27  1.7 3  5.1  97    0    0 245 -340  1
3912500 2352500 11 12 22   4.7  976  16  3.5 3  5.1  96    0    0 245 -335  1
3912500 2352500 11 12 23   5.3  976  28  3.5 4  5.3  95    0    0 248 -332  1
3912500 2352500 11 12 24   5.4  976  53  4.3 5  5.5  95    0    0 250 -331  1
3912500 2352500 11 13  1   5.5  976  45  3.3 6  5.5  95    0    0 252 -331  1
3912500 2352500 11 13  2   5.3  976 100  1.6 5  5.5  95    0    0 251 -330  1
3912500 2352500 11 13  3   4.7  976  36  1.9 4  5.4  97    0    0 247 -326  1
3912500 2352500 11 13  4   4.9  976  15  2.4 5  5.4  97    0    0 245 -322  1
3912500 2352500 11 13  5   4.8  976  41  2.4 5  5.3  96    0    0 245 -321  1
3912500 2352500 11 13  6   4.7  976 220  1.2 6  5.3  96    0    0 247 -320  1
3912500 2352500 11 13  7   4.3  976  32  2.6 8  5.3  97    0    0 252 -317  1
3912500 2352500 11 13  8   4.6  976  62  1.7 8  5.3  98    0    4 261 -314  1
3912500 2352500 11 13  9   4.5  977 212  1.0 8  5.3  97    0   40 266 -313  1
3912500 2352500 11 13 10   5.3  977 293  1.0 8  5.3  95    0   61 269 -319  1
3912500 2352500 11 13 11   5.4  977 102  1.7 7  5.4  93    0   61 265 -332  1
3912500 2352500 11 13 12   5.7  977  60  1.4 6  5.4  92    0   64 253 -350  1
3912500 2352500 11 13 13   5.9  976 115  1.7 8  5.4  91    0   62 250 -366  1
3912500 2352500 11 13 14   6.1  976 127  1.3 8  5.4  90    0   58 253 -375  1
3912500 2352500 11 13 15   6.1  976 137  1.4 8  5.4  89    0   50 254 -376  1
3912500 2352500 11 13 16   6.2  975  82  1.8 7  5.4  89    0   33 254 -370  1
3912500 2352500 11 13 17   5.8  976  61  2.1 8  5.4  89    0    6 255 -358  1
3912500 2352500 11 13 18   5.5  976  30  2.0 8  5.3  90    0    0 255 -346  1
3912500 2352500 11 13 19   5.6  976  22  2.0 8  5.3  90    0    0 255 -339  1
3912500 2352500 11 13 20   4.4  976  20  2.1 8  5.2  93    0    0 252 -334  1
3912500 2352500 11 13 21   5.2  975  41  1.9 8  5.2  94    0    0 252 -330  1
3912500 2352500 11 13 22   5.1  975  56  1.3 7  5.1  90    0    0 252 -325  1
3912500 2352500 11 13 23   4.8  975 357  1.6 7  5.1  91    0    0 251 -319  1
3912500 2352500 11 13 24   4.7  974 147  1.2 8  5.0  91    0    0 251 -316  1
3912500 2352500 11 14  1   4.8  974 197  0.8 6  5.0  90    0    0 249 -314  1
3912500 2352500 11 14  2   4.5  974 142  1.4 7  5.0  91    0    0 248 -311  1
3912500 2352500 11 14  3   4.5  974 117  1.7 6  5.0  91    0    0 246 -310  1
3912500 2352500 11 14  4   4.4  974 133  1.3 4  4.9  91    0    0 242 -308  1
3912500 2352500 11 14  5   4.3  973 103  1.9 5  4.9  90    0    0 240 -307  1
3912500 2352500 11 14  6   4.3  973 104  1.9 4  4.9  90    0    0 239 -306  1
3912500 2352500 11 14  7   3.7  973  98  1.3 8  4.8  92    0    0 244 -305  1
3912500 2352500 11 14  8   3.7  972 108  1.2 8  4.8  92    0    4 247 -303  1
3912500 2352500 11 14  9   3.6  972  78  0.9 3  4.7  92    0   33 238 -303  1
3912500 2352500 11 14 10   3.3  972  56  1.1 5  4.7  92    0   50 232 -307  1
3912500 2352500 11 14 11   3.5  972  40  0.5 5  4.7  92    0   48 233 -317  1
3912500 2352500 11 14 12   3.9  971  37  0.6 7  4.7  91    0   54 234 -332  1
3912500 2352500 11 14 13   3.9  971  27  0.8 8  4.7  90    0   53 237 -351  1
3912500 2352500 11 14 14   4.2  970  35  0.9 8  4.7  89    0   55 239 -363  1
3912500 2352500 11 14 15   4.3  969 161  1.1 7  4.7  87    0   51 241 -366  1
3912500 2352500 11 14 16   3.9  969  93  1.1 6  4.7  88    0   37 240 -360  1
3912500 2352500 11 14 17   3.8  968  80  1.3 7  4.7  89    0    6 240 -347  1
3912500 2352500 11 14 18   3.5  968  39  1.1 6  4.7  91    0    0 240 -334  1
3912500 2352500 11 14 19   3.1  969  46  0.7 8  4.7  92    0    0 241 -324  1
3912500 2352500 11 14 20   4.0  968  56  1.5 8  4.6  90    0    0 247 -319  1
3912500 2352500 11 14 21   2.8  968  60  1.2 6  4.6  90    0    0 244 -316  1
3912500 2352500 11 14 22   3.0  968  69  1.0 6  4.6  94    0    0 240 -314  1
3912500 2352500 11 14 23   3.3  968  66  1.6 5  4.6  92    0    0 238 -314  1
3912500 2352500 11 14 24   3.1  967  81  1.7 6  4.6  92    0    0 236 -313  1
3912500 2352500 11 15  1   2.5  967  82  1.6 5  4.5  94    0    0 235 -311  1
3912500 2352500 11 15  2   2.4  967  88  1.3 5  4.5  94    0    0 233 -310  1
3912500 2352500 11 15  3   2.3  967 104  1.6 5  4.4  94    0    0 235 -308  1
3912500 2352500 11 15  4   1.8  967  74  1.9 5  4.4  95    0    0 235 -307  1
3912500 2352500 11 15  5   1.6  966  91  1.6 4  4.3  96    0    0 232 -306  1
3912500 2352500 11 15  6   1.7  966  90  1.5 4  4.3  96    0    0 231 -304  1
3912500 2352500 11 15  7   2.1  966  78  1.7 7  4.4  95    0    0 236 -303  1
3912500 2352500 11 15  8   1.5  966  80  1.8 7  4.3  96    0    4 241 -303  1
3912500 2352500 11 15  9   1.5  966  32  1.4 2  4.3  97   10   40 233 -305  1
3912500 2352500 11 15 10   2.1  966 353  1.3 5  4.3  94    0   73 229 -311  1
3912500 2352500 11 15 11   2.2  966 340  0.9 5  4.3  92    0   75 234 -321  1
3912500 2352500 11 15 12   2.2  966  59  1.1 6  4.2  91    0   85 236 -335  1
3912500 2352500 11 15 13   2.4  966  22  1.5 8  4.2  90    0   84 241 -351  1
3912500 2352500 11 15 14   2.5  965 351  1.0 8  4.2  89    0   97 246 -362  1
3912500 2352500 11 15 15   2.5  964 355  0.7 7  4.2  88    5   78 246 -364  1
3912500 2352500 11 15 16   2.5  964  48  1.3 7  4.2  89    0   39 246 -359  1
3912500 2352500 11 15 17   2.3  964  39  1.2 7  4.2  90    0    5 248 -348  1
3912500 2352500 11 15 18   2.0  964  23  1.5 8  4.2  90    0    0 251 -337  1
3912500 2352500 11 15 19   1.6  965  26  1.9 8  4.1  91    0    0 255 -330  1
3912500 2352500 11 15 20   1.2  965  32  1.7 8  4.1  92    0    0 256 -327  1
3912500 2352500 11 15 21   1.2  965  46  1.6 8  4.0  92    0    0 258 -325  1
3912500 2352500 11 15 22   1.1  965  38  0.9 8  3.9  91    0    0 261 -323  1
3912500 2352500 11 15 23   0.9  965  61  1.5 8  3.9  92    0    0 262 -320  1
3912500 2352500 11 15 24   0.6  965  39  1.7 6  3.9  93    0    0 256 -317  1
3912500 2352500 11 16  1   0.8  964  40  1.9 7  3.9  93    0    0 252 -315  1
3912500 2352500 11 16  2   0.5  964  59  1.1 8  3.9  93    0    0 259 -314  1
3912500 2352500 11 16  3   0.5  964  40  1.6 8  3.9  94    0    0 264 -313  1
3912500 2352500 11 16  4   0.5  965  60  1.4 8  3.8  93    0    0 266 -312  1
3912500 2352500 11 16  5   0.6  964  67  1.8 8  3.8  92    0    0 269 -312  1
3912500 2352500 11 16  6   0.9  965  60  1.7 8  3.9  92    0    0 271 -312  1
3912500 2352500 11 16  7   0.0  965  59  1.9 8  3.9  94    0    0 273 -311  1
3912500 2352500 11 16  8   1.2  965  76  1.0 8  3.9  94    0    3 273 -310  1
3912500 2352500 11 16  9   1.2  966  50  1.7 7  3.9  89    0   38 269 -309  1
3912500 2352500 11 16 10   1.7  966  99  1.0 8  3.9  88    0   63 262 -312  1
3912500 2352500 11 16 11   2.3  966  84  1.5 8  3.9  84    0   66 259 -320  1
3912500 2352500 11 16 12   2.4  966  76  1.3 7  3.9  82    0   80 249 -335  1
3912500 2352500 11 16 13   3.4  966 119  1.9 8  3.9  80    0   89 245 -349  1
3912500 2352500 11 16 14   4.1  966 124  1.8 7  4.0  78    8  127 245 -358  1
3912500 2352500 11 16 15   4.2  966 182  1.4 3  4.1  76  171   47 240 -359  1
3912500 2352500 11 16 16   4.1  965  77  1.7 1  4.1  77  112   41 234 -353  1
3912500 2352500 11 16 17   1.5  966  43  1.2 0  4.1  84    7   10 227 -343  1
3912500 2352500 11 16 18   0.8  966 295  1.1 0  4.0  92    0    0 222 -333  1
3912500 2352500 11 16 19   0.1  965 303  0.8 5  3.9  95    0    0 226 -326  1
3912500 2352500 11 16 20  -0.1  966 310  1.4 5  3.8  96    0    0 231 -321  1
3912500 2352500 11 16 21  -1.1  966 311  0.8 1  3.7  98    0    0 226 -318  1
3912500 2352500 11 16 22  -0.4  966 313  0.4 2  3.8 100    0    0 221 -315  1
3912500 2352500 11 16 23  -0.1  967 332  0.4 2  3.9 100    0    0 225 -313  1
3912500 2352500 11 16 24  -1.3  967 348  0.3 4  3.7  98    0    0 227 -310  1
3912500 2352500 11 17  1  -0.1  967 209  1.5 7  3.7  98    0    0 237 -309  1
3912500 2352500 11 17  2  -1.1  967 180  1.6 7  3.7  98    0    0 246 -307  1
3912500 2352500 11 17  3  -0.2  968 175  2.1 6  3.7  97    0    0 245 -306  1
3912500 2352500 11 17  4  -0.1  968 202  1.7 5  3.8  98    0    0 244 -303  1
3912500 2352500 11 17  5   0.3  968 300  1.7 6  3.9  98    0    0 246 -302  1
3912500 2352500 11 17  6  -0.2  968 310  1.6 4  3.9  98    0    0 246 -301  1
3912500 2352500 11 17  7   0.5  968 276  2.4 8  3.9  98    0    0 253 -303  1
3912500 2352500 11 17  8   0.3  969 276  2.0 8  3.9  96    0    4 267 -305  1
3912500 2352500 11 17  9  -0.6  969 268  2.2 7  3.9  98    2   44 265 -305  1
3912500 2352500 11 17 10   0.7  969 235  2.6 5  3.9  99    9   99 258 -309  1
3912500 2352500 11 17 11   2.3  969 186  2.4 5  4.2  94   26  147 257 -317  1
3912500 2352500 11 17 12   3.8  970 148  1.8 4  4.4  89   82  171 259 -329  1
3912500 2352500 11 17 13   5.7  969 136  1.7 1  4.6  83  270   86 253 -342  1
3912500 2352500 11 17 14   7.1  969 127  1.7 0  4.7  75  257   78 249 -350  1
3912500 2352500 11 17 15   6.8  969  69  1.6 1  4.7  73  176   70 252 -352  1
3912500 2352500 11 17 16   6.8  969  44  1.3 1  4.8  75   74   52 256 -348  1
3912500 2352500 11 17 17   5.7  968  41  0.5 2  4.9  78    3   11 258 -337  1
3912500 2352500 11 17 18   3.3  969  64  0.7 2  4.7  86    0    0 254 -326  1
3912500 2352500 11 17 19   3.7  969  98  1.6 1  4.6  90    0    0 249 -320  1
3912500 2352500 11 17 20   2.0  970 119  2.4 0  4.6  94    0    0 241 -317  1
3912500 2352500 11 17 21   1.6  969 128  1.6 2  4.4  98    0    0 241 -315  1
3912500 2352500 11 17 22   1.7  969  93  0.9 1  4.4  98    0    0 243 -314  1
3912500 2352500 11 17 23   1.7  969  74  1.4 0  4.3  96    0    0 237 -314  1
3912500 2352500 11 17 24   0.3  969  79  1.5 0  4.1  96    0    0 231 -313  1
3912500 2352500 11 18  1   0.7  969  22  1.4 0  4.1  99    0    0 228 -312  1
3912500 2352500 11 18  2   0.1  969 349  0.9 3  4.1 100    0    0 237 -313  1
3912500 2352500 11 18  3  -1.4  969  55  1.2 5  3.8 100    0    0 252 -315  1
3912500 2352500 11 18  4  -0.3  969  82  1.3 6  3.7 100    0    0 263 -315  1
3912500 2352500 11 18  5   1.3  969  99  1.4 8  4.1 100    0    0 279 -315  1
3912500 2352500 11 18  6   0.7  969 123  1.4 8  4.3 100    0    0 289 -316  1
3912500 2352500 11 18  7   1.7  969 343  0.8 8  4.3  99    0    0 291 -316  1
3912500 2352500 11 18  8   1.1  969 303  0.9 8  4.2  96    0    7 291 -316  1
3912500 2352500 11 18  9   0.5  969 299  0.9 8  4.1  97   33   39 289 -316  1
3912500 2352500 11 18 10   1.3  969 186  1.4 5  4.1  98   69   94 277 -319  1
3912500 2352500 11 18 11   1.3  969 133  1.2 3  4.3  99  106  129 257 -329  1
3912500 2352500 11 18 12   1.7  969 155  1.3 4  4.4 100   62  167 253 -343  1
3912500 2352500 11 18 13   3.3  969 126  2.0 2  4.6  97   64  167 251 -356  1
3912500 2352500 11 18 14   3.1  969 169  2.1 1  4.9  97  101  135 243 -364  1
3912500 2352500 11 18 15   4.7  968  91  2.2 4  5.1  96  145   65 252 -365  1
3912500 2352500 11 18 16   3.8  967  65  3.1 7  5.1  95   67   43 271 -359  1
3912500 2352500 11 18 17   2.8  967  29  2.7 6  5.0  99    1   10 272 -349  1
3912500 2352500 11 18 18   1.6  967  11  2.5 8  4.7 100    0    0 270 -339  1
3912500 2352500 11 18 19   1.3  967   8  1.8 5  4.4 100    0    0 264 -333  1
3912500 2352500 11 18 20   0.8  966  14  1.9 5  4.3 100    0    0 252 -330  1
3912500 2352500 11 18 21   0.9  966  22  1.8 6  4.2 100    0    0 254 -326  1
3912500 2352500 11 18 22  -0.2  966  22  2.1 6  4.1 100    0    0 255 -324  1
3912500 2352500 11 18 23   0.5  966  26  1.4 6  4.0 100    0    0 254 -321  1
3912500 2352500 11 18 24  -1.0  966  11  1.3 6  3.9 100    0    0 253 -319  1
3912500 2352500 11 19  1   0.8  967  24  1.1 7  3.9  99    0    0 256 -317  1
3912500 2352500 11 19  2  -0.8  966  19  1.0 8  3.9  99    0    0 264 -316  1
3912500 2352500 11 19  3  -0.2  966  19  1.1 8  3.8 100    0    0 267 -314  1
3912500 2352500 11 19  4   1.7  966 321  1.5 7  4.1  98    0    0 268 -313  1
3912500 2352500 11 19  5  -0.2  966 319  1.5 6  4.1  98    0    0 261 -313  1
3912500 2352500 11 19  6   1.9  967  25  1.6 6  4.1  96    0    0 258 -311  1
3912500 2352500 11 19  7   0.4  966  73  1.9 8  4.1  95    0    0 269 -309  1
3912500 2352500 11 19  8   1.2  966  21  1.2 8  4.1  98    0    3 278 -307  1
3912500 2352500 11 19  9   1.6  967  18  1.2 8  4.3  98    0   39 282 -307  1
3912500 2352500 11 19 10   2.4  968 111  1.2 8  4.4  96    0   81 285 -311  1
3912500 2352500 11 19 11   2.0  968  57  0.5 8  4.5  96    0  109 287 -318  1
3912500 2352500 11 19 12   1.2  967  41  1.4 8  4.4  99    0  104 284 -331  1
3912500 2352500 11 19 13   3.0  967 109  1.1 7  4.5  98    0  116 281 -346  1
3912500 2352500 11 19 14   2.7  966 126  1.5 7  4.7  96    2  125 278 -355  1
3912500 2352500 11 19 15   3.0  965 147  1.5 7  4.7  96    4  102 279 -357  1
3912500 2352500 11 19 16   2.2  965 123  1.9 7  4.7  98    3   55 280 -352  1
3912500 2352500 11 19 17   2.2  965 131  1.6 8  4.6  99    0    6 283 -341  1
3912500 2352500 11 19 18   1.2  966 118  1.2 7  4.5  99    0    0 283 -329  1
3912500 2352500 11 19 19   1.6  966  67  0.8 6  4.4  99    0    0 271 -322  1
3912500 2352500 11 19 20   1.5  966  42  1.0 6  4.4  98    0    0 266 -318  1
3912500 2352500 11 19 21   1.4  966  77  1.0 6  4.3  98    0    0 265 -315  1
3912500 2352500 11 19 22   2.2  966  58  2.3 7  4.4  97    0    0 270 -313  1
3912500 2352500 11 19 23   1.4  966  61  1.7 8  4.4  98    0    0 280 -312  1
3912500 2352500 11 19 24   2.3  967  71  1.8 6  4.4  97    0    0 275 -311  1
3912500 2352500 11 20  1   1.4  967  45  1.5 7  4.4  96    0    0 269 -310  1
3912500 2352500 11 20  2   1.4  967  74  1.6 7  4.3  98    0    0 272 -310  1
3912500 2352500 11 20  3   1.2  967  97  1.8 7  4.3  98    0    0 272 -310  1
3912500 2352500 11 20  4   1.2  966 101  2.1 8  4.2  97    0    0 278 -310  1
3912500 2352500 11 20  5   1.4  967  77  2.1 7  4.2  97    0    0 278 -310  1
3912500 2352500 11 20  6   1.1  967  71  1.3 6  4.3  99    0    0 267 -310  1
3912500 2352500 11 20  7   1.5  967 102  2.5 7  4.3  99    0    0 267 -310  1
3912500 2352500 11 20  8   1.4  967 100  1.5 7  4.4  99    0    5 275 -311  1
3912500 2352500 11 20  9   1.3  967  91  2.3 7  4.4  99    7   48 274 -312  1
3912500 2352500 11 20 10   2.0  967  73  2.8 7  4.4  98    8  102 275 -315  1
3912500 2352500 11 20 11   1.9  967  90  1.8 5  4.4  97   50  162 264 -324  1
3912500 2352500 11 20 12   2.1  967  67  1.6 5  4.5  98   70  189 252 -338  1
3912500 2352500 11 20 13   3.5  967  91  1.7 5  4.5  94   22  176 255 -353  1
3912500 2352500 11 20 14   4.6  966 106  2.0 6  4.6  86    7  134 263 -362  1
3912500 2352500 11 20 15   4.8  965 106  1.5 7  4.7  84   12  113 276 -365  1
3912500 2352500 11 20 16   4.7  965 104  1.9 7  4.8  86   15   57 281 -361  1
3912500 2352500 11 20 17   4.0  965 109  1.8 6  4.9  90    0    8 275 -351  1
3912500 2352500 11 20 18   3.1  965 123  2.0 7  4.8  94    0    0 271 -341  1
3912500 2352500 11 20 19   2.2  965  69  1.9 4  4.6  95    0    0 257 -336  1
3912500 2352500 11 20 20   2.1  965  59  1.8 4  4.5  96    0    0 239 -334  1
3912500 2352500 11 20 21   1.6  965  66  2.1 5  4.4  96    0    0 245 -332  1
3912500 2352500 11 20 22   1.2  965  76  2.9 6  4.2  96    0    0 257 -329  1
3912500 2352500 11 20 23   2.1  965  61  1.8 5  4.3  95    0    0 259 -327  1
3912500 2352500 11 20 24   2.6  965  30  1.9 5  4.4  94    0    0 255 -325  1
3912500 2352500 11 21  1   3.3  965  28  1.3 5  4.6  94    0    0 257 -324  1
3912500 2352500 11 21  2   2.8  965  21  1.6 5  4.7  94    0    0 257 -325  1
3912500 2352500 11 21  3   2.8  965  10  0.9 7  4.6  94    0    0 267 -324  1
3912500 2352500 11 21  4   2.1  965 291  1.4 8  4.5  95    0    0 283 -324  1
3912500 2352500 11 21  5   2.3  964 290  1.6 8  4.5  96    0    0 288 -322  1
3912500 2352500 11 21  6   2.4  964 297  1.1 7  4.4  94    0    0 283 -320  1
3912500 2352500 11 21  7   2.6  964 291  0.9 8  4.4  93    0    0 284 -320  1
3912500 2352500 11 21  8   1.7  964 277  0.9 8  4.4  96    0    4 287 -320  1
3912500 2352500 11 21  9   2.4  964 287  1.2 5  4.5  97   43   17 272 -321  1
3912500 2352500 11 21 10   2.9  964 255  0.9 7  4.6  95   23   83 269 -326  1
3912500 2352500 11 21 11   3.2  964 260  1.1 6  4.7  94   21  118 275 -336  1
3912500 2352500 11 21 12   3.0  964 259  1.3 5  4.7  95   12  134 266 -349  1
3912500 2352500 11 21 13   4.0  963 281  1.5 5  4.9  95   25  137 263 -361  1
3912500 2352500 11 21 14   5.2  962 299  1.6 5  5.1  93   54  114 267 -368  1
3912500 2352500 11 21 15   5.6  962 310  1.7 4  5.3  90   99   55 266 -368  1
3912500 2352500 11 21 16   6.1  962 325  0.8 4  5.3  88   61   26 265 -362  1
3912500 2352500 11 21 17   4.8  962   7  1.3 4  5.2  88    2    7 264 -352  1
3912500 2352500 11 21 18   2.5  961   4  1.3 2  4.9  94    0    0 252 -341  1
3912500 2352500 11 21 19   1.8  962   1  1.5 3  4.6  99    0    0 244 -332  1
3912500 2352500 11 21 20   2.0  962  30  1.8 4  4.5  97    0    0 252 -327  1
3912500 2352500 11 21 21   2.2  962  23  1.9 4  4.4  96    0    0 256 -326  1
3912500 2352500 11 21 22   1.7  963   6  1.1 5  4.4  96    0    0 261 -326  1
3912500 2352500 11 21 23   1.6  963 360  1.2 6  4.4  99    0    0 268 -325  1
3912500 2352500 11 21 24   0.4  963  28  0.9 6  4.3 100    0    0 270 -323  1
3912500 2352500 11 22  1   0.3  963  57  0.9 3  4.1 100    0    0 255 -323  1
3912500 2352500 11 22  2   0.8  963  22  1.2 3  4.2 100    0    0 243 -321  1
3912500 2352500 11 22  3   1.1  963  55  1.3 3  4.3 100    0    0 244 -320  1
3912500 2352500 11 22  4   0.6  962  33  1.4 5  4.2  99    0    0 251 -321  1
3912500 2352500 11 22  5   0.9  962  26  1.0 6  4.2  99    0    0 263 -321  1
3912500 2352500 11 22  6   1.7  962 358  0.5 6  4.4 100    0    0 269 -320  1
3912500 2352500 11 22  7   0.9  962  27  0.8 7  4.3  99    0    0 274 -318  1
3912500 2352500 11 22  8   1.2  963 151  2.0 7  4.3  99    0    4 278 -317  1
3912500 2352500 11 22  9   2.7  963  31  2.3 4  4.5  97   30   26 269 -315  1
3912500 2352500 11 22 10   0.7  964 354  0.9 3  4.3  96   68   68 249 -317  1
3912500 2352500 11 22 11   1.7  964  47  0.9 4  4.2  98   88  101 249 -327  1
3912500 2352500 11 22 12   2.3  964  72  0.9 4  4.5  98   41  140 256 -342  1
3912500 2352500 11 22 13   3.1  964  57  1.2 4  4.7  97   37  142 260 -354  1
3912500 2352500 11 22 14   2.3  963  49  1.5 5  4.7  98   43  122 265 -361  1
3912500 2352500 11 22 15   3.3  963  48  1.6 7  4.9 100   39   89 279 -362  1
3912500 2352500 11 22 16   3.8  963 348  1.5 7  5.1  99   14   41 292 -357  1
3912500 2352500 11 22 17   3.8  963   6  0.7 7  5.1  96    0    2 294 -347  1
3912500 2352500 11 22 18   2.8  964 332  0.6 8  4.9  98    0    0 298 -337  1
3912500 2352500 11 22 19   3.2  964 336  1.1 7  4.9  99    0    0 298 -330  1
3912500 2352500 11 22 20   2.2  965 340  0.5 6  4.8  99    0    0 288 -326  1
3912500 2352500 11 22 21   1.9  965 350  0.2 4  4.6 100    0    0 271 -322  1
3912500 2352500 11 22 22   2.6  966 345  0.1 7  4.7 100    0    0 278 -319  1
3912500 2352500 11 22 23   1.8  966 358  0.7 7  4.7 100    0    0 293 -317  1
3912500 2352500 11 22 24   2.0  967 330  0.3 7  4.6 100    0    0 293 -316  1
3912500 2352500 11 23  1   1.3  967 320  0.3 6  4.5 100    0    0 286 -315  1
3912500 2352500 11 23  2   1.0  966 331  0.1 7  4.3 100    0    0 285 -314  1
3912500 2352500 11 23  3   1.6  967 353  0.3 6  4.4 100    0    0 286 -313  1
3912500 2352500 11 23  4   1.3  967 337  0.3 4  4.4 100    0    0 272 -313  1
3912500 2352500 11 23  5   1.5  967 334  0.6 2  4.3  98    0    0 251 -311  1
3912500 2352500 11 23  6   1.1  967   7  1.7 5  4.2  96    0    0 257 -311  1
3912500 2352500 11 23  7   1.0  968  33  1.0 7  4.2  98    0    0 282 -310  1
3912500 2352500 11 23  8   0.9  968  43  1.3 7  4.2  99    0    2 292 -309  1
3912500 2352500 11 23  9   0.5  969  22  1.0 6  4.1  99   10   28 286 -309  1
3912500 2352500 11 23 10   0.6  970  86  0.5 4  4.1  99   15   69 270 -312  1
3912500 2352500 11 23 11   1.1  970 156  1.6 5  4.1  98    5   99 265 -318  1
3912500 2352500 11 23 12   1.4  971 170  1.7 5  4.2  97    0  105 272 -330  1
3912500 2352500 11 23 13   1.4  970 106  1.7 7  4.3  97    0   91 283 -344  1
3912500 2352500 11 23 14   1.6  970 135  1.7 7  4.3  96    0   75 294 -353  1
3912500 2352500 11 23 15   1.7  970 116  1.7 6  4.3  95    0   64 289 -354  1
3912500 2352500 11 23 16   1.5  970  76  1.9 6  4.3  96    0   33 284 -349  1
3912500 2352500 11 23 17   1.4  971  91  1.6 6  4.2  96    0    2 283 -340  1
3912500 2352500 11 23 18   1.5  971  60  1.4 6  4.2  95    0    0 282 -331  1
3912500 2352500 11 23 19   1.3  972  62  1.6 7  4.2  95    0    0 286 -325  1
3912500 2352500 11 23 20   1.1  973  51  1.8 7  4.1  96    0    0 289 -321  1
3912500 2352500 11 23 21   1.1  974  30  1.7 5  4.1  95    0    0 279 -317  1
3912500 2352500 11 23 22   1.0  974   7  2.8 5  4.0  95    0    0 269 -315  1
3912500 2352500 11 23 23   1.0  975   7  2.3 5  4.0  95    0    0 268 -314  1
3912500 2352500 11 23 24   0.6  975   9  1.6 6  4.0  95    0    0 271 -313  1
3912500 2352500 11 24  1   0.3  976  21  1.8 5  3.9  96    0    0 270 -312  1
3912500 2352500 11 24  2  -0.2  976  42  2.6 6  3.9  98    0    0 269 -311  1
3912500 2352500 11 24  3   0.2  976  28  1.8 6  3.9  99    0    0 274 -311  1
3912500 2352500 11 24  4  -0.1  976 345  0.8 6  3.9  98    0    0 275 -310  1
3912500 2352500 11 24  5  -0.1  976 132  2.5 6  3.8  98    0    0 275 -307  1
3912500 2352500 11 24  6  -0.2  976  39  1.1 7  3.8  98    0    0 278 -306  1
3912500 2352500 11 24  7  -0.2  977  32  2.4 8  3.8  98    0    0 286 -306  1
3912500 2352500 11 24  8  -0.3  977  59  2.5 7  3.8  98    0    0 285 -306  1
3912500 2352500 11 24  9  -0.3  978  13  3.3 6  3.8  98    0   24 275 -308  1
3912500 2352500 11 24 10  -0.2  978 122  1.1 8  3.7  97    0   50 278 -309  1
3912500 2352500 11 24 11   0.0  978  54  2.7 8  3.8  96    0   76 285 -315  1
3912500 2352500 11 24 12   0.2  978  95  2.7 8  3.8  96    0  100 281 -324  1
3912500 2352500 11 24 13   0.3  978  59  2.3 8  3.8  95    0   57 276 -335  1
3912500 2352500 11 24 14   0.2  977  60  2.4 8  3.8  95    0   48 272 -342  1
3912500 2352500 11 24 15   0.4  977  54  1.8 8  3.8  94    0   46 271 -342  1
3912500 2352500 11 24 16   0.1  976  47  2.6 7  3.8  94    0   35 268 -337  1
3912500 2352500 11 24 17   0.3  976  59  1.9 7  3.8  94    0    3 264 -329  1
3912500 2352500 11 24 18   0.2  976  41  2.1 7  3.8  94    0    0 262 -321  1
3912500 2352500 11 24 19   0.2  976  33  2.8 7  3.8  95    0    0 261 -317  1
3912500 2352500 11 24 20  -0.1  977  18  2.0 7  3.8  95    0    0 259 -316  1
3912500 2352500 11 24 21  -0.2  977   9  1.6 8  3.8  96    0    0 261 -315  1
3912500 2352500 11 24 22  -0.1  977 360  1.7 6  3.8  96    0    0 257 -314  1
3912500 2352500 11 24 23  -0.3  976  24  1.7 6  3.7  96    0    0 250 -314  1
3912500 2352500 11 24 24  -0.3  976  60  1.8 6  3.7  97    0    0 248 -313  1
3912500 2352500 11 25  1  -0.5  976  69  1.2 6  3.7  98    0    0 249 -313  1
3912500 2352500 11 25  2  -0.3  975  64  0.8 5  3.8  99    0    0 246 -313  1
3912500 2352500 11 25  3  -0.2  975 332  0.9 5  3.8  98    0    0 245 -312  1
3912500 2352500 11 25  4  -0.3  975 307  0.7 6  3.7  97    0    0 250 -309  1
3912500 2352500 11 25  5  -0.2  974 207  0.7 6  3.7  96    0    0 255 -305  1
3912500 2352500 11 25  6  -0.3  974 233  1.4 6  3.7  97    0    0 255 -302  1
3912500 2352500 11 25  7   0.0  974 215  1.6 7  3.8  98    0    0 259 -300  1
3912500 2352500 11 25  8   0.3  974 248  1.8 7  3.9  97    0    0 264 -299  1
3912500 2352500 11 25  9   0.6  975 293  1.9 4  3.8  94    4   26 253 -300  1
3912500 2352500 11 25 10   1.0  975 290  1.5 7  3.9  92    4   63 253 -304  1
3912500 2352500 11 25 11   1.9  975 179  1.5 8  3.9  90    0   73 270 -313  1
3912500 2352500 11 25 12   1.8  975 152  1.6 8  4.0  89    0   88 275 -323  1
3912500 2352500 11 25 13   2.1  974 134  1.6 8  4.1  90    0  107 274 -334  1
3912500 2352500 11 25 14   3.2  973 129  2.0 8  4.2  88   16   96 276 -341  1
3912500 2352500 11 25 15   2.9  973 106  2.5 8  4.3  87   52   57 279 -342  1
3912500 2352500 11 25 16   2.9  973 163  1.9 7  4.3  88   45   23 275 -338  1
3912500 2352500 11 25 17   2.4  973 178  1.5 7  4.3  90    0    5 272 -330  1
3912500 2352500 11 25 18   0.8  973 200  1.5 7  4.1  93    0    0 268 -322  1
3912500 2352500 11 25 19   0.8  973 256  2.0 7  4.0  94    0    0 267 -317  1
3912500 2352500 11 25 20  -0.1  974 220  1.5 7  3.9  95    0    0 266 -315  1
3912500 2352500 11 25 21   0.8  974 265  1.6 5  3.9  96    0    0 258 -313  1
3912500 2352500 11 25 22   1.5  975 228  2.0 5  4.0  94    0    0 253 -311  1
3912500 2352500 11 25 23   1.1  976  88  0.9 6  4.0  93    0    0 258 -309  1
3912500 2352500 11 25 24  -0.4  976  88  1.0 7  3.9  97    0    0 265 -307  1
3912500 2352500 11 26  1  -0.2  976  77  0.8 8  3.8 100    0    0 274 -307  1
3912500 2352500 11 26  2   0.0  976  91  1.1 8  3.9  99    0    0 279 -307  1
3912500 2352500 11 26  3   0.6  976 120  0.6 8  3.9  96    0    0 282 -308  1
3912500 2352500 11 26  4   0.8  977 135  0.9 8  3.9  95    0    0 285 -308  1
3912500 2352500 11 26  5   0.4  977 268  1.8 8  4.0  97    0    0 287 -308  1
3912500 2352500 11 26  6   0.8  977 286  1.9 7  4.1  99    0    0 283 -311  1
3912500 2352500 11 26  7   1.0  977 272  1.5 8  4.2  99    0    0 284 -315  1
3912500 2352500 11 26  8   1.5  977  51  1.0 8  4.2  98    0    1 292 -317  1
3912500 2352500 11 26  9   1.9  978 234  1.3 8  4.3  97   19   33 296 -318  1
3912500 2352500 11 26 10   2.4  978 137  1.1 5  4.4  97   79   73 282 -319  1
3912500 2352500 11 26 11   3.0  978 165  1.4 6  4.6  96   71  125 274 -325  1
3912500 2352500 11 26 12   4.1  978 156  1.6 8  4.8  94   22  147 295 -337  1
3912500 2352500 11 26 13   4.8  978 138  2.0 6  4.9  91   28  151 296 -348  1
3912500 2352500 11 26 14   5.3  977  93  1.4 6  5.0  88   33  136 286 -354  1
3912500 2352500 11 26 15   5.8  977 117  1.2 5  5.1  87  101   76 280 -354  1
3912500 2352500 11 26 16   5.0  976 121  1.7 5  5.2  89   47   40 273 -348  1
3912500 2352500 11 26 17   3.5  976 244  1.2 5  5.0  94    0    3 268 -338  1
3912500 2352500 11 26 18   3.0  975 261  1.4 4  4.8  97    0    0 260 -328  1
3912500 2352500 11 26 19   2.8  975 275  1.7 5  4.8  98    0    0 259 -322  1
3912500 2352500 11 26 20   2.4  975 280  1.6 5  4.6  97    0    0 264 -320  1
3912500 2352500 11 26 21   2.1  975 279  1.9 4  4.5  96    0    0 259 -318  1
3912500 2352500 11 26 22   1.8  975 280  1.4 6  4.5  98    0    0 262 -317  1
3912500 2352500 11 26 23   2.1  975 256  1.4 7  4.5  99    0    0 274 -316  1
3912500 2352500 11 26 24   0.8  974 262  1.8 8  4.3  99    0    0 281 -315  1
3912500 2352500 11 27  1   0.2  974 251  1.8 7  4.1 100    0    0 281 -315  1
3912500 2352500 11 27  2   0.2  974 247  1.6 8  4.0 100    0    0 283 -314  1
3912500 2352500 11 27  3   1.0  974 238  2.0 7  4.1 100    0    0 286 -314  1
3912500 2352500 11 27  4   1.9  973 233  1.7 7  4.3  99    0    0 283 -314  1
3912500 2352500 11 27  5   1.3  972 211  1.7 7  4.3  98    0    0 283 -313  1
3912500 2352500 11 27  6  -0.3  972 221  1.3 4  4.1  99    0    0 265 -312  1
3912500 2352500 11 27  7  -0.4  971 207  1.1 8  3.9 100    0    0 269 -311  1
3912500 2352500 11 27  8  -0.3  971 220  1.1 8  3.9 100    0    0 290 -311  1
3912500 2352500 11 27  9   0.8  971 220  1.6 4  4.0 100    0   27 272 -311  1
3912500 2352500 11 27 10   1.7  971 223  1.9 7  4.3  99    1   64 271 -313  1
3912500 2352500 11 27 11   2.8  971 205  2.5 7  4.5  97    2  100 291 -319  1
3912500 2352500 11 27 12   4.8  972 188  2.5 6  4.8  92   18  141 293 -331  1
3912500 2352500 11 27 13   7.2  971 211  3.1 3  4.9  81  157  107 278 -343  1
3912500 2352500 11 27 14   8.2  971 217  4.2 1  4.9  72  255   50 252 -351  1
3912500 2352500 11 27 15   8.0  971 238  3.8 1  5.0  71  185   45 243 -353  1
3912500 2352500 11 27 16   7.7  971 222  4.5 1  4.9  71   72   36 244 -349  1
3912500 2352500 11 27 17   6.3  970 251  3.2 1  4.5  69    0    8 242 -342  1
3912500 2352500 11 27 18   6.3  971 282  2.0 2  4.2  67    0    0 245 -335  1
3912500 2352500 11 27 19   5.6  971 271  3.7 1  4.2  69    0    0 244 -334  1
3912500 2352500 11 27 20   4.2  972 267  2.8 1  4.4  78    0    0 237 -336  1
3912500 2352500 11 27 21   3.2  972 239  2.3 3  4.4  85    0    0 248 -335  1
3912500 2352500 11 27 22   2.8  973 276  2.0 4  4.4  90    0    0 264 -333  1
3912500 2352500 11 27 23   3.2  973 289  1.4 4  4.5  92    0    0 271 -333  1
3912500 2352500 11 27 24   3.7  974 223  1.2 6  4.7  92    0    0 284 -336  1
3912500 2352500 11 28  1   4.0  974 326  0.9 6  4.7  91    0    0 297 -338  1
3912500 2352500 11 28  2   3.8  973  73  1.0 5  4.7  91    0    0 290 -338  1
3912500 2352500 11 28  3   4.2  973  59  0.6 6  4.8  91    0    0 291 -338  1
3912500 2352500 11 28  4   3.8  973  74  1.1 7  4.8  91    0    0 299 -338  1
3912500 2352500 11 28  5   3.6  973  75  1.8 7  4.7  92    0    0 304 -338  1
3912500 2352500 11 28  6   3.6  973  72  1.3 8  4.8  94    0    0 307 -338  1
3912500 2352500 11 28  7   4.4  973  83  2.4 7  4.9  92    0    0 307 -339  1
3912500 2352500 11 28  8   3.3  973  19  2.1 7  4.8  92    0    0 300 -339  1
3912500 2352500 11 28  9   3.5  973  35  2.3 6  4.8  94    5   36 293 -339  1
3912500 2352500 11 28 10   5.5  973  39  3.7 7  5.0  91   21   95 296 -344  1
3912500 2352500 11 28 11   7.2  973  35  2.9 4  5.1  82   96  134 292 -350  1
3912500 2352500 11 28 12   7.7  972  52  2.4 4  5.2  78  144  148 278 -358  1
3912500 2352500 11 28 13   8.5  972  54  3.1 3  5.3  76  162  144 275 -365  1
3912500 2352500 11 28 14   9.4  971  48  3.0 4  5.3  72  110  141 277 -370  1
3912500 2352500 11 28 15  10.0  970  49  3.3 4  5.4  70   98   97 284 -369  1
3912500 2352500 11 28 16   8.4  969  36  2.7 5  5.4  71   40   54 286 -364  1
3912500 2352500 11 28 17   7.1  969  22  3.6 4  5.2  76    0    5 280 -355  1
3912500 2352500 11 28 18   5.8  969   6  2.5 4  5.1  82    0    0 270 -346  1
3912500 2352500 11 28 19   5.0  969   5  2.1 1  5.1  88    0    0 253 -340  1
3912500 2352500 11 28 20   4.2  969   5  1.8 1  5.1  92    0    0 236 -335  1
3912500 2352500 11 28 21   4.4  969  11  1.5 2  5.1  94    0    0 239 -332  1
3912500 2352500 11 28 22   4.5  969 351  0.7 5  5.1  93    0    0 258 -330  1
3912500 2352500 11 28 23   3.2  969  23  0.3 6  4.9  94    0    0 276 -327  1
3912500 2352500 11 28 24   3.3  969  34  0.5 7  4.7  94    0    0 284 -325  1
3912500 2352500 11 29  1   2.9  969  13  1.0 8  4.7  95    0    0 294 -323  1
3912500 2352500 11 29  2   2.1  969 143  1.0 8  4.7  98    0    0 297 -322  1
3912500 2352500 11 29  3   1.0  968 136  0.9 7  4.4 100    0    0 289 -321  1
3912500 2352500 11 29  4   1.4  968 345  0.6 6  4.3  98    0    0 278 -323  1
3912500 2352500 11 29  5   0.6  968 337  1.1 7  4.1  97    0    0 278 -328  1
3912500 2352500 11 29  6   1.3  968 325  1.2 5  4.1  96    0    0 273 -331  1
3912500 2352500 11 29  7   1.4  968 273  1.2 7  4.2  96    0    0 273 -332  1
3912500 2352500 11 29  8   1.1  968 241  1.5 8  4.3  98    0    0 286 -332  1
3912500 2352500 11 29  9   0.9  967 232  1.5 6  4.2  99    0   21 278 -333  1
3912500 2352500 11 29 10   1.5  968 230  1.6 6  4.3 100    2   72 266 -334  1
3912500 2352500 11 29 11   2.3  968 179  1.5 6  4.5  99   10  121 266 -338  1
3912500 2352500 11 29 12   3.3  968 211  2.0 6  4.8  98   21  151 268 -346  1
3912500 2352500 11 29 13   4.2  967 183  1.7 3  4.9  95   63  162 255 -353  1
3912500 2352500 11 29 14   5.8  967 200  1.7 5  5.0  89   62  143 254 -357  1
3912500 2352500 11 29 15   5.2  965 211  1.5 5  5.1  87   26  105 262 -357  1
3912500 2352500 11 29 16   4.9  965 205  1.4 4  5.1  89   38   46 257 -352  1
3912500 2352500 11 29 17   4.5  965 235  1.4 4  5.0  90    0    5 253 -343  1
3912500 2352500 11 29 18   3.4  965 262  1.8 3  4.9  92    0    0 248 -334  1
3912500 2352500 11 29 19   3.2  966 266  1.9 2  4.7  94    0    0 242 -329  1
3912500 2352500 11 29 20   3.1  966 260  2.0 1  4.7  94    0    0 238 -325  1
3912500 2352500 11 29 21   2.3  967 245  2.1 1  4.6  95    0    0 235 -323  1
3912500 2352500 11 29 22   2.2  967 254  3.5 2  4.4  95    0    0 238 -321  1
3912500 2352500 11 29 23   2.0  968 243  3.0 2  4.3  94    0    0 241 -320  1
3912500 2352500 11 29 24   1.0  968 251  3.0 6  4.3  96    0    0 253 -320  1
3912500 2352500 11 30  1   1.6  968 233  1.5 8  4.4 100    0    0 274 -320  1
3912500 2352500 11 30  2   2.3  968 242  1.7 7  4.5  98    0    0 283 -319  1
3912500 2352500 11 30  3   2.1  969 236  2.1 7  4.5  97    0    0 284 -318  1
3912500 2352500 11 30  4   0.8  968 239  2.6 7  4.4  99    0    0 285 -318  1
3912500 2352500 11 30  5   2.5  968 246  3.7 8  4.3  97    0    0 292 -318  1
3912500 2352500 11 30  6   1.8  970 254  2.2 8  4.4  95    0    0 301 -318  1
3912500 2352500 11 30  7   1.1  969 197  3.6 6  4.3  98    0    0 290 -320  1
3912500 2352500 11 30  8   2.1  970 195  2.2 7  4.3  96    0    0 284 -323  1
3912500 2352500 11 30  9   4.7  971 211  2.3 7  4.6  92    0   15 296 -327  1
3912500 2352500 11 30 10   3.9  972  97  1.6 5  5.1  94   22   72 290 -330  1
3912500 2352500 11 30 11   5.8  973 237  1.8 7  5.4  97    0   80 295 -333  1
3912500 2352500 11 30 12   6.6  973  35  1.3 8  5.8  94    0   40 322 -337  1
3912500 2352500 11 30 13   7.7  973 196  1.4 7  6.1  92    6  119 326 -338  1
3912500 2352500 11 30 14   9.2  973 127  1.0 7  6.4  89   37  111 323 -342  1
3912500 2352500 11 30 15   8.9  973  69  1.1 7  6.6  88    0   67 326 -346  1
3912500 2352500 11 30 16   8.8  973  77  0.9 5  6.6  90   26   30 312 -347  1
3912500 2352500 11 30 17   8.1  973  60  0.9 5  6.5  91    0    3 300 -344  1
3912500 2352500 11 30 18   7.2  973 120  0.8 6  6.4  94    0    0 302 -342  1
3912500 2352500 11 30 19   6.5  972  97  1.8 7  6.3  97    0    0 309 -341  1
3912500 2352500 11 30 20   6.0  972  73  1.8 6  6.1  98    0    0 304 -341  1
3912500 2352500 11 30 21   5.5  972 108  2.0 5  5.9  98    0    0 286 -340  1
3912500 2352500 11 30 22   5.0  972 112  2.0 4  5.7  99    0    0 274 -339  1
3912500 2352500 11 30 23   4.0  972 129  2.4 4  5.3  97    0    0 270 -339  1
3912500 2352500 11 30 24   2.8  971 113  3.0 4  4.7  94    0    0 254 -338  1
3912500 2352500 12  1  1   1.6  969 106  3.6 5  4.1  90    0    0 272 -306  1
3912500 2352500 12  1  2   0.9  969  63  4.0 5  3.7  87    0    0 267 -307  1
3912500 2352500 12  1  3   0.3  969  68  4.2 6  3.4  84    0    0 263 -308  1
3912500 2352500 12  1  4   0.5  969  68  4.1 6  3.4  84    0    0 263 -308  1
3912500 2352500 12  1  5   0.5  969  66  4.2 7  3.4  84    0    0 268 -308  1
3912500 2352500 12  1  6   0.7  969  63  4.3 8  3.5  83    0    0 279 -307  1
3912500 2352500 12  1  7   0.5  969  59  3.9 8  3.5  85    0    0 283 -306  1
3912500 2352500 12  1  8   0.7  970  64  4.0 8  3.5  85    0    0 283 -306  1
3912500 2352500 12  1  9   0.5  970  65  3.9 8  3.5  84    0   17 282 -306  1
3912500 2352500 12  1 10   0.5  971  72  3.8 8  3.4  84    0   37 281 -308  1
3912500 2352500 12  1 11   0.7  971  68  4.2 7  3.4  83    0   38 277 -311  1
3912500 2352500 12  1 12   0.6  971  66  4.2 8  3.4  82    0   43 278 -314  1
3912500 2352500 12  1 13   0.4  971  69  4.0 8  3.4  83    0   39 282 -316  1
3912500 2352500 12  1 14   0.4  971  54  4.1 7  3.4  83    0   36 277 -317  1
3912500 2352500 12  1 15   0.2  970  56  5.0 7  3.3  83    0   30 274 -317  1
3912500 2352500 12  1 16  -0.2  970  58  4.7 8  3.3  83    0   22 278 -315  1
3912500 2352500 12  1 17  -0.2  970  55  4.8 7  3.2  83    0    4 276 -311  1
3912500 2352500 12  1 18  -0.6  970  63  4.6 7  3.2  83    0    0 269 -307  1
3912500 2352500 12  1 19  -0.7  970  69  4.3 8  3.2  84    0    0 273 -304  1
3912500 2352500 12  1 20  -1.1  970  69  4.8 8  3.1  84    0    0 276 -302  1
3912500 2352500 12  1 21  -1.3  970  73  4.1 8  3.1  85    0    0 275 -302  1
3912500 2352500 12  1 22  -1.8  970  62  4.8 8  3.0  86    0    0 274 -303  1
3912500 2352500 12  1 23  -1.8  970  60  5.6 8  3.0  86    0    0 274 -303  1
3912500 2352500 12  1 24  -1.7  970  53  4.7 8  3.0  85    0    0 273 -302  1
3912500 2352500 12  2  1  -2.0  970  48  3.6 8  2.9  85    0    0 273 -299  1
3912500 2352500 12  2  2  -2.1  970  55  3.1 7  2.9  85    0    0 268 -295  1
3912500 2352500 12  2  3  -2.4  970  66  3.3 7  2.9  85    0    0 264 -292  1
3912500 2352500 12  2  4  -2.7  969  60  3.4 6  2.8  85    0    0 259 -290  1
3912500 2352500 12  2  5  -2.8  968  52  3.1 7  2.7  84    0    0 259 -289  1
3912500 2352500 12  2  6  -2.8  968  61  3.1 8  2.7  84    0    0 267 -288  1
3912500 2352500 12  2  7  -2.8  968  49  2.5 5  2.7  84    0    0 258 -287  1
3912500 2352500 12  2  8  -2.9  968  67  3.1 7  2.7  85    0    0 253 -286  1
3912500 2352500 12  2  9  -2.7  968  52  2.1 7  2.7  84   25    4 259 -285  1
3912500 2352500 12  2 10  -3.1  968  63  2.6 7  2.7  85   29   40 257 -287  1
3912500 2352500 12  2 11  -2.9  968  66  2.5 6  2.7  85   14   74 253 -292  1
3912500 2352500 12  2 12  -2.5  968  78  2.6 7  2.7  84    0   76 254 -299  1
3912500 2352500 12  2 13  -2.2  969  97  2.4 7  2.7  82    0   91 259 -305  1
3912500 2352500 12  2 14  -2.1  969  74  2.6 8  2.7  81    0   28 265 -308  1
3912500 2352500 12  2 15  -2.1  969  63  2.6 8  2.7  80    0   21 271 -309  1
3912500 2352500 12  2 16  -2.1  968  76  2.0 7  2.7  80    0   14 267 -307  1
3912500 2352500 12  2 17  -2.5  968  75  2.0 6  2.7  82    0    4 259 -305  1
3912500 2352500 12  2 18  -2.6  969  67  2.1 6  2.7  83    0    0 253 -304  1
3912500 2352500 12  2 19  -2.5  969  64  1.9 7  2.7  83    0    0 257 -302  1
3912500 2352500 12  2 20  -2.6  969  44  1.8 7  2.7  84    0    0 259 -301  1
3912500 2352500 12  2 21  -2.5  969  33  1.6 7  2.7  83    0    0 258 -299  1
3912500 2352500 12  2 22  -2.6  969  31  0.7 8  2.8  84    0    0 260 -297  1
3912500 2352500 12  2 23  -2.8  968   5  0.7 8  2.8  85    0    0 263 -294  1
3912500 2352500 12  2 24  -3.1  968   2  1.1 6  2.8  86    0    0 254 -293  1
3912500 2352500 12  3  1  -2.7  968   5  0.8 6  2.8  87    0    0 249 -291  1
3912500 2352500 12  3  2  -2.7  968  23  0.8 6  2.8  86    0    0 248 -291  1
3912500 2352500 12  3  3  -3.2  968   1  0.7 5  2.8  88    0    0 245 -291  1
3912500 2352500 12  3  4  -3.4  967  23  0.6 4  2.8  89    0    0 238 -291  1
3912500 2352500 12  3  5  -3.2  967  19  0.7 4  2.8  90    0    0 235 -290  1
3912500 2352500 12  3  6  -3.1  966 348  0.7 5  2.8  90    0    0 238 -289  1
3912500 2352500 12  3  7  -3.1  967   1  0.8 5  2.8  90    0    0 241 -287  1
3912500 2352500 12  3  8  -3.2  966   8  1.0 8  2.9  91    0    0 251 -286  1
3912500 2352500 12  3  9  -3.4  966  12  1.0 8  2.9  93    5   14 260 -286  1
3912500 2352500 12  3 10  -3.3  966   3  1.3 6  2.9  93   10   49 254 -288  1
3912500 2352500 12  3 11  -2.9  967  30  1.3 5  2.9  92    0   61 247 -295  1
3912500 2352500 12  3 12  -2.8  966  40  1.6 5  3.0  92    0   64 246 -303  1
3912500 2352500 12  3 13  -2.8  965 129  1.6 5  3.0  92    0   60 249 -311  1
3912500 2352500 12  3 14  -2.3  964 150  1.7 5  3.0  91    0   62 249 -316  1
3912500 2352500 12  3 15  -2.5  963  49  1.5 4  3.0  90    0   55 247 -317  1
3912500 2352500 12  3 16  -2.9  962  56  1.2 4  3.0  91    0   29 242 -315  1
3912500 2352500 12  3 17  -3.0  962   6  1.6 6  3.0  93    0    2 250 -309  1
3912500 2352500 12  3 18  -3.0  962   5  1.4 7  3.0  94    0    0 263 -304  1
3912500 2352500 12  3 19  -3.2  961 331  1.0 8  3.0  95    0    0 270 -300  1
3912500 2352500 12  3 20  -3.4  961  25  2.2 8  3.0  97    0    0 272 -298  1
3912500 2352500 12  3 21  -3.4  961 328  1.2 7  3.0  97    0    0 264 -296  1
3912500 2352500 12  3 22  -3.6  960   5  1.5 4  3.0  97    0    0 247 -295  1
3912500 2352500 12  3 23  -4.0  960 349  1.3 4  2.9  97    0    0 233 -293  1
3912500 2352500 12  3 24  -4.3  959 297  1.4 6  2.9  98    0    0 239 -292  1
3912500 2352500 12  4  1  -4.3  959 354  2.5 5  2.9  98    0    0 243 -292  1
3912500 2352500 12  4  2  -4.2  958  49  1.9 7  2.8  97    0    0 248 -293  1
3912500 2352500 12  4  3  -4.3  957  69  1.1 6  2.8  97    0    0 253 -294  1
3912500 2352500 12  4  4  -4.3  957  22  1.0 6  2.8  96    0    0 248 -293  1
3912500 2352500 12  4  5  -4.2  956  12  0.8 5  2.8  95    0    0 245 -293  1
3912500 2352500 12  4  6  -4.5  955 335  1.3 6  2.8  96    0    0 245 -293  1
3912500 2352500 12  4  7  -4.9  954 347  1.1 8  2.8  97    0    0 259 -293  1
3912500 2352500 12  4  8  -4.7  954 343  0.9 8  2.8  98    0    0 270 -293  1
3912500 2352500 12  4  9  -5.1  954 288  0.9 8  2.8  98    2   16 271 -295  1
3912500 2352500 12  4 10  -5.1  953 203  1.2 7  2.7  98    2   53 266 -298  1
3912500 2352500 12  4 11  -4.8  953 180  1.7 7  2.7  96    0   58 261 -304  1
3912500 2352500 12  4 12  -4.3  953 223  1.8 7  2.7  94    0   68 263 -310  1
3912500 2352500 12  4 13  -3.7  953 257  1.6 8  2.8  93    0   53 270 -315  1
3912500 2352500 12  4 14  -3.7  952 220  2.3 5  2.8  92    0   51 262 -318  1
3912500 2352500 12  4 15  -3.2  952 204  2.1 7  2.9  91    0   32 258 -318  1
3912500 2352500 12  4 16  -3.1  952 248  2.6 8  2.9  91    0   17 276 -317  1
3912500 2352500 12  4 17  -2.9  951 244  2.4 8  2.9  91    0    4 284 -314  1
3912500 2352500 12  4 18  -2.5  952 252  3.3 8  3.0  91    0    0 287 -310  1
3912500 2352500 12  4 19  -2.3  952 226  3.8 8  3.0  89    0    0 289 -308  1
3912500 2352500 12  4 20  -1.9  953 223  4.3 6  3.0  87    0    0 277 -306  1
3912500 2352500 12  4 21  -2.1  953 237  4.6 6  3.1  88    0    0 266 -303  1
3912500 2352500 12  4 22  -1.7  954 252  4.1 8  3.1  88    0    0 277 -300  1
3912500 2352500 12  4 23  -1.6  954 263  3.5 8  3.1  87    0    0 289 -298  1
3912500 2352500 12  4 24  -1.4  955 248  3.7 8  3.1  86    0    0 288 -299  1
3912500 2352500 12  5  1  -1.7  955 245  4.0 5  3.0  85    0    0 270 -298  1
3912500 2352500 12  5  2  -1.6  955 223  3.9 7  3.0  84    0    0 262 -298  1
3912500 2352500 12  5  3  -1.4  955 219  4.4 6  3.0  83    0    0 269 -299  1
3912500 2352500 12  5  4  -1.3  956 216  2.9 6  3.0  82    0    0 263 -299  1
3912500 2352500 12  5  5  -1.3  955 206  3.8 7  3.0  82    0    0 267 -297  1
3912500 2352500 12  5  6  -1.3  955 208  4.1 8  3.0  83    0    0 276 -296  1
3912500 2352500 12  5  7  -1.3  954 238  4.5 7  3.2  86    0    0 276 -296  1
3912500 2352500 12  5  8  -1.3  954 256  4.5 8  3.3  89    0    0 275 -296  1
3912500 2352500 12  5  9  -1.0  954 237  4.2 8  3.3  88    0   10 280 -296  1
3912500 2352500 12  5 10  -0.6  954 248  5.2 6  3.3  86   19   77 267 -298  1
3912500 2352500 12  5 11  -0.1  955 264  4.9 6  3.2  83   20  113 257 -303  1
3912500 2352500 12  5 12   0.0  955 266  5.8 5  3.3  82   11  129 252 -309  1
3912500 2352500 12  5 13   0.5  955 283  6.2 6  3.3  80   13  133 253 -313  1
3912500 2352500 12  5 14   0.7  955 278  6.4 6  3.2  77    0   68 259 -314  1
3912500 2352500 12  5 15   0.2  956 269  6.1 8  3.1  75    0   53 267 -312  1
3912500 2352500 12  5 16  -0.4  956 265  6.8 8  3.0  76    0   23 274 -309  1
3912500 2352500 12  5 17  -0.7  956 263  6.6 8  3.1  80    0    3 272 -305  1
3912500 2352500 12  5 18  -0.8  957 257  6.7 7  3.1  81    0    0 265 -301  1
3912500 2352500 12  5 19  -0.9  957 252  7.1 8  3.1  82    0    0 264 -300  1
3912500 2352500 12  5 20  -1.1  957 254  5.9 8  3.1  82    0    0 266 -299  1
3912500 2352500 12  5 21  -1.3  957 257  6.2 7  3.1  85    0    0 261 -298  1
3912500 2352500 12  5 22  -1.3  957 250  6.0 8  3.1  84    0    0 262 -298  1
3912500 2352500 12  5 23  -1.4  957 229  5.4 8  3.0  83    0    0 266 -298  1
3912500 2352500 12  5 24  -1.3  957 247  4.9 8  3.0  83    0    0 266 -298  1
3912500 2352500 12  6  1  -1.3  957 253  6.4 8  3.0  82    0    0 266 -297  1
3912500 2352500 12  6  2  -1.6  956 249  5.1 8  3.1  86    0    0 265 -297  1
3912500 2352500 12  6  3  -1.5  956 266  4.2 7  3.2  90    0    0 261 -296  1
3912500 2352500 12  6  4  -1.1  957 269  5.2 7  3.2  88    0    0 259 -295  1
3912500 2352500 12  6  5  -1.3  957 274  5.6 8  3.2  88    0    0 264 -294  1
3912500 2352500 12  6  6  -1.5  957 289  4.3 7  3.1  87    0    0 264 -294  1
3912500 2352500 12  6  7  -1.9  958 288  5.2 5  3.1  86    0    0 248 -293  1
3912500 2352500 12  6  8  -2.3  959 290  4.4 4  3.0  87    0    0 233 -293  1
3912500 2352500 12  6  9  -2.2  960 281  4.0 4  2.9  85    8   26 229 -292  1
3912500 2352500 12  6 10  -1.6  961 255  4.2 5  2.8  82   47   83 233 -293  1
3912500 2352500 12  6 11  -0.8  961 258  4.2 5  2.8  77   39  132 240 -295  1
3912500 2352500 12  6 12  -0.3  962 270  4.6 5  2.8  74   19  143 240 -298  1
3912500 2352500 12  6 13   0.2  962 273  5.1 5  2.8  71    0   85 241 -301  1
3912500 2352500 12  6 14  -0.6  962 265  5.7 7  2.9  73    5  106 251 -302  1
3912500 2352500 12  6 15  -0.3  963 260  4.9 6  3.0  78   21   93 257 -303  1
3912500 2352500 12  6 16  -1.0  963 259  5.1 6  3.1  81    1   31 252 -302  1
3912500 2352500 12  6 17  -1.2  964 251  4.5 6  3.0  83    0    4 251 -300  1
3912500 2352500 12  6 18  -1.4  965 257  3.9 7  3.0  84    0    0 254 -298  1
3912500 2352500 12  6 19  -1.3  965 254  3.9 8  3.0  84    0    0 264 -297  1
3912500 2352500 12  6 20  -1.2  966 264  3.6 8  3.0  83    0    0 268 -295  1
3912500 2352500 12  6 21  -1.5  967 257  4.2 8  3.0  83    0    0 267 -293  1
3912500 2352500 12  6 22  -1.7  967 266  4.2 8  3.0  85    0    0 267 -292  1
3912500 2352500 12  6 23  -2.0  967 267  3.4 8  3.1  88    0    0 266 -292  1
3912500 2352500 12  6 24  -2.1  968 259  4.0 6  3.0  88    0    0 255 -293  1
3912500 2352500 12  7  1  -2.0  969 267  3.4 8  2.9  86    0    0 254 -293  1
3912500 2352500 12  7  2  -2.2  969 263  3.3 7  2.9  86    0    0 257 -292  1
3912500 2352500 12  7  3  -2.3  969 252  2.7 6  2.9  86    0    0 247 -288  1
3912500 2352500 12  7  4  -2.5  969 228  2.8 7  2.9  86    0    0 246 -286  1
3912500 2352500 12  7  5  -2.3  969 226  3.4 8  2.9  87    0    0 256 -288  1
3912500 2352500 12  7  6  -2.3  970 219  3.8 8  2.9  87    0    0 262 -291  1
3912500 2352500 12  7  7  -2.0  970 215  3.8 6  2.9  86    0    0 254 -291  1
3912500 2352500 12  7  8  -1.8  970 218  3.9 7  2.9  84    0    0 249 -292  1
3912500 2352500 12  7  9  -1.9  970 220  4.0 7  2.9  84    0   17 255 -291  1
3912500 2352500 12  7 10  -1.5  970 226  4.1 6  2.9  84    0   35 251 -293  1
3912500 2352500 12  7 11  -1.3  970 245  3.8 7  3.0  83    0   43 254 -298  1
3912500 2352500 12  7 12  -1.2  971 274  3.4 7  3.0  84    0   47 261 -304  1
3912500 2352500 12  7 13  -1.1  971 276  3.0 7  3.0  83    0   62 263 -305  1
3912500 2352500 12  7 14  -1.0  970 328  3.9 7  3.0  82    0   63 263 -301  1
3912500 2352500 12  7 15  -0.7  970 310  3.3 7  3.0  81    0   55 264 -296  1
3912500 2352500 12  7 16  -1.1  971 318  3.5 8  3.1  82    0   31 268 -289  1
3912500 2352500 12  7 17  -1.0  971 317  3.4 8  3.1  85    0    7 269 -283  1
3912500 2352500 12  7 18  -1.1  972 320  3.4 7  3.1  85    0    0 263 -279  1
3912500 2352500 12  7 19  -1.3  972 320  2.1 5  3.2  87    0    0 249 -275  1
3912500 2352500 12  7 20  -1.6  973 327  2.3 6  3.1  88    0    0 244 -272  1
3912500 2352500 12  7 21  -1.5  972 323  3.2 8  3.1  87    0    0 257 -270  1
3912500 2352500 12  7 22  -1.3  973 337  2.2 6  3.0  85    0    0 256 -269  1
3912500 2352500 12  7 23  -1.6  973 336  1.3 6  3.0  85    0    0 247 -261  1
3912500 2352500 12  7 24  -1.5  973 324  2.9 6  3.1  87    0    0 247 -256  1
3912500 2352500 12  8  1  -1.5  974 336  1.6 6  3.1  88    0    0 248 -261  1
3912500 2352500 12  8  2  -1.8  974 346  1.8 7  3.1  88    0    0 252 -263  1
3912500 2352500 12  8  3  -2.2  974 344  1.4 7  3.0  88    0    0 254 -261  1
3912500 2352500 12  8  4  -1.8  975 331  1.6 8  3.0  87    0    0 257 -259  1
3912500 2352500 12  8  5  -1.4  975 313  1.8 6  2.9  84    0    0 251 -258  1
3912500 2352500 12  8  6  -1.9  975 317  1.8 1  2.9  83    0    0 224 -258  1
3912500 2352500 12  8  7  -3.1  975 321  1.8 2  2.8  86    0    0 208 -259  1
3912500 2352500 12  8  8  -3.9  975 325  1.5 3  2.7  89    0    0 212 -260  1
3912500 2352500 12  8  9  -4.2  976 326  1.3 3  2.6  90    1   18 212 -259  1
3912500 2352500 12  8 10  -4.2  976 324  1.1 1  2.6  90   45   59 204 -260  1
3912500 2352500 12  8 11  -2.5  976 322  1.8 1  2.7  87  116   78 199 -265  1
3912500 2352500 12  8 12  -1.9  976 323  2.2 2  2.7  81  142   91 203 -270  1
3912500 2352500 12  8 13  -0.9  975 309  1.6 1  2.7  77  128  102 204 -274  1
3912500 2352500 12  8 14  -0.4  976 336  1.7 1  2.7  73  148   74 203 -274  1
3912500 2352500 12  8 15  -0.6  975 344  2.3 2  2.7  71  140   39 206 -270  1
3912500 2352500 12  8 16  -1.7  974 343  2.3 1  2.7  73   78   17 205 -259  1
3912500 2352500 12  8 17  -3.4  974 339  1.7 1  2.6  80    1    7 199 -246  1
3912500 2352500 12  8 18  -4.1  974 355  1.8 0  2.6  87    0    0 193 -235  1
3912500 2352500 12  8 19  -4.1  975  33  1.8 1  2.5  88    0    0 192 -230  1
3912500 2352500 12  8 20  -5.7  975   6  1.4 2  2.4  87    0    0 195 -230  1
3912500 2352500 12  8 21  -7.6  974 351  1.5 3  2.1  90    0    0 195 -241  1
3912500 2352500 12  8 22  -6.1  975 344  1.5 4  2.1  88    0    0 201 -254  1
3912500 2352500 12  8 23  -7.9  975 333  1.9 4  2.0  88    0    0 203 -253  1
3912500 2352500 12  8 24  -7.8  975 344  1.8 7  1.9  88    0    0 212 -252  1
3912500 2352500 12  9  1  -9.0  974 345  1.3 8  1.9  89    0    0 223 -256  1
3912500 2352500 12  9  2  -7.6  974 328  1.5 8  1.9  90    0    0 227 -258  1
3912500 2352500 12  9  3  -7.6  973 333  1.1 8  1.9  87    0    0 230 -261  1
3912500 2352500 12  9  4  -7.2  973   3  1.2 8  2.0  87    0    0 232 -265  1
3912500 2352500 12  9  5  -7.1  973 349  1.3 5  2.0  87    0    0 224 -267  1
3912500 2352500 12  9  6  -6.4  973 355  1.3 8  2.1  89    0    0 227 -268  1
3912500 2352500 12  9  7  -6.4  972 345  1.7 8  2.2  90    0    0 240 -268  1
3912500 2352500 12  9  8  -6.5  972 330  1.1 8  2.2  92    0    0 241 -269  1
3912500 2352500 12  9  9  -6.3  972 355  1.1 8  2.3  93    0    9 243 -269  1
3912500 2352500 12  9 10  -5.0  973 352  1.2 7  2.4  93    0   36 241 -270  1
3912500 2352500 12  9 11  -4.9  973 326  1.5 7  2.5  91    0   63 240 -271  1
3912500 2352500 12  9 12  -4.8  972 288  0.6 6  2.5  90    2  107 237 -277  1
3912500 2352500 12  9 13  -5.2  972 188  1.0 7  2.5  91    0   84 237 -288  1
3912500 2352500 12  9 14  -3.5  971 261  1.5 6  2.5  89    4  109 240 -297  1
3912500 2352500 12  9 15  -4.1  971 257  1.0 6  2.5  85   12   98 241 -300  1
3912500 2352500 12  9 16  -3.7  971 279  0.5 7  2.6  86    8   48 245 -299  1
3912500 2352500 12  9 17  -4.0  971 269  0.4 7  2.6  87    0    7 251 -294  1
3912500 2352500 12  9 18  -3.1  971 262  0.9 8  2.7  87    0    0 256 -291  1
3912500 2352500 12  9 19  -3.6  971 230  1.3 8  2.7  89    0    0 260 -291  1
3912500 2352500 12  9 20  -3.9  971 227  1.3 8  2.8  92    0    0 260 -291  1
3912500 2352500 12  9 21  -3.1  971 221  1.0 7  2.8  92    0    0 259 -290  1
3912500 2352500 12  9 22  -3.1  970 182  1.2 8  2.9  91    0    0 263 -289  1
3912500 2352500 12  9 23  -2.2  970 152  0.8 8  2.9  90    0    0 266 -287  1
3912500 2352500 12  9 24  -2.3  970 165  0.6 7  3.0  89    0    0 268 -287  1
3912500 2352500 12 10  1  -2.7  970 233  0.5 8  3.0  92    0    0 269 -287  1
3912500 2352500 12 10  2  -2.1  969 286  1.4 8  3.1  93    0    0 273 -288  1
3912500 2352500 12 10  3  -1.8  970 245  1.1 8  3.1  91    0    0 276 -291  1
3912500 2352500 12 10  4  -2.4  970 224  1.6 8  3.1  92    0    0 277 -295  1
3912500 2352500 12 10  5  -2.3  969 227  1.1 7  3.1  94    0    0 275 -297  1
3912500 2352500 12 10  6  -2.1  969 244  1.6 7  3.2  94    0    0 274 -296  1
3912500 2352500 12 10  7  -1.6  968 235  1.2 8  3.2  92    0    0 279 -296  1
3912500 2352500 12 10  8  -1.6  968 203  0.7 7  3.3  93    0    0 282 -296  1
3912500 2352500 12 10  9  -0.9  968 202  1.0 7  3.4  95    0   14 280 -297  1
3912500 2352500 12 10 10  -0.9  968 194  1.0 7  3.6  96    0   38 281 -302  1
3912500 2352500 12 10 11   0.3  967 209  0.8 7  3.7  95    2   77 283 -311  1
3912500 2352500 12 10 12   0.6  967 171  1.8 7  3.8  93    0   60 286 -319  1
3912500 2352500 12 10 13   1.1  966 205  1.8 8  3.9  93    0   33 293 -322  1
3912500 2352500 12 10 14   1.2  966 221  1.7 8  4.0  93    0   29 299 -323  1
3912500 2352500 12 10 15   1.7  966 249  2.4 6  4.1  92    0   53 292 -323  1
3912500 2352500 12 10 16   1.6  966 253  2.3 7  4.1  92   20   36 288 -322  1
3912500 2352500 12 10 17   1.7  965 259  2.1 7  4.2  93    0    6 295 -320  1
3912500 2352500 12 10 18   1.9  965 221  1.7 7  4.2  92    0    0 295 -318  1
3912500 2352500 12 10 19   1.0  965 179  1.1 8  4.2  95    0    0 301 -318  1
3912500 2352500 12 10 20   1.3  965 168  1.6 8  4.2  98    0    0 306 -318  1
3912500 2352500 12 10 21   1.1  965 153  1.7 8  4.2  97    0    0 309 -318  1
3912500 2352500 12 10 22   1.5  965 105  1.1 8  4.2  95    0    0 309 -318  1
3912500 2352500 12 10 23   1.2  964 165  1.2 8  4.2  96    0    0 309 -318  1
3912500 2352500 12 10 24   1.3  964  44  1.3 8  4.2  96    0    0 309 -317  1
3912500 2352500 12 11  1   1.3  963 175  1.2 6  4.2  96    0    0 295 -317  1
3912500 2352500 12 11  2   0.9  963 155  1.5 3  4.2  98    0    0 257 -317  1
3912500 2352500 12 11  3   0.9  962 180  1.3 4  4.2  99    0    0 246 -318  1
3912500 2352500 12 11  4   0.9  961 152  0.9 5  4.2  98    0    0 262 -320  1
3912500 2352500 12 11  5   1.0  961 196  1.1 0  4.2  99    0    0 236 -321  1
3912500 2352500 12 11  6   1.0  960 178  1.0 7  4.2  98    0    0 255 -321  1
3912500 2352500 12 11  7   0.8  960 192  0.9 7  4.1  96    0    0 300 -322  1
3912500 2352500 12 11  8   0.8  960 174  1.2 7  4.1  96    0    0 300 -323  1
3912500 2352500 12 11  9   1.2  960 183  1.3 7  4.2  97    0    9 301 -323  1
3912500 2352500 12 11 10   1.9  961 184  1.4 6  4.3  95   15   54 297 -323  1
3912500 2352500 12 11 11   2.4  961 217  2.7 6  4.4  93    0   53 290 -323  1
3912500 2352500 12 11 12   3.0  961 236  2.5 8  4.5  92    0   43 305 -323  1
3912500 2352500 12 11 13   3.5  961 225  3.3 8  4.6  91    0   53 319 -323  1
3912500 2352500 12 11 14   3.4  962 235  3.8 8  4.7  92    0   49 320 -323  1
3912500 2352500 12 11 15   4.0  962 246  4.0 7  4.8  93    0   48 314 -323  1
3912500 2352500 12 11 16   4.6  962 265  4.0 7  5.0  92   21   32 307 -323  1
3912500 2352500 12 11 17   4.5  963 259  3.6 7  5.0  90    3    5 307 -323  1
3912500 2352500 12 11 18   4.4  964 259  3.7 7  5.0  91    0    0 306 -323  1
3912500 2352500 12 11 19   4.1  965 232  3.4 8  5.0  92    0    0 313 -323  1
3912500 2352500 12 11 20   4.1  966 245  3.7 8  4.9  92    0    0 318 -323  1
3912500 2352500 12 11 21   4.1  967 265  3.5 8  4.9  92    0    0 318 -323  1
3912500 2352500 12 11 22   4.2  967 277  3.6 7  4.9  92    0    0 312 -322  1
3912500 2352500 12 11 23   4.0  968 272  3.4 7  4.9  92    0    0 307 -322  1
3912500 2352500 12 11 24   4.0  968 251  2.8 7  4.8  92    0    0 307 -322  1
3912500 2352500 12 12  1   4.0  968 227  2.8 6  4.8  90    0    0 301 -321  1
3912500 2352500 12 12  2   3.8  969 232  2.6 8  4.7  90    0    0 306 -322  1
3912500 2352500 12 12  3   3.7  969 227  2.7 8  4.7  91    0    0 317 -322  1
3912500 2352500 12 12  4   3.7  970 245  2.0 7  4.7  91    0    0 310 -322  1
3912500 2352500 12 12  5   3.9  970 236  2.4 7  4.7  90    0    0 305 -322  1
3912500 2352500 12 12  6   2.0  970 233  2.1 7  4.5  92    0    0 302 -322  1
3912500 2352500 12 12  7   2.6  970 216  1.5 8  4.4  93    0    0 305 -321  1
3912500 2352500 12 12  8   2.3  971 188  1.4 7  4.3  92    0    0 306 -321  1
3912500 2352500 12 12  9   1.6  970 200  1.6 7  4.3  94    0   10 299 -320  1
3912500 2352500 12 12 10   2.2  970 193  2.1 7  4.3  95    5   67 300 -321  1
3912500 2352500 12 12 11   3.3  971 204  2.4 7  4.5  93    5   99 302 -322  1
3912500 2352500 12 12 12   3.9  971 223  2.1 7  4.6  90    0   91 305 -322  1
3912500 2352500 12 12 13   3.8  970 230  1.9 7  4.6  89    0   65 307 -323  1
3912500 2352500 12 12 14   3.8  969 208  2.2 7  4.7  90    0   48 309 -323  1
3912500 2352500 12 12 15   3.8  969 224  2.9 8  4.7  90    0   35 316 -323  1
3912500 2352500 12 12 16   3.6  969 192  2.5 8  4.7  90    0   16 322 -323  1
3912500 2352500 12 12 17   3.5  969 190  2.5 8  4.7  91    0    2 322 -323  1
3912500 2352500 12 12 18   3.6  969 205  2.9 7  4.7  92    0    0 317 -323  1
3912500 2352500 12 12 19   4.0  969 234  3.2 7  4.7  91    0    0 312 -323  1
3912500 2352500 12 12 20   3.9  969 232  3.1 7  4.8  91    0    0 312 -323  1
3912500 2352500 12 12 21   4.0  969 225  2.5 8  4.9  94    0    0 320 -323  1
3912500 2352500 12 12 22   4.6  969 213  2.7 8  5.1  95    0    0 329 -323  1
3912500 2352500 12 12 23   5.0  969 234  3.9 8  5.3  95    0    0 332 -323  1
3912500 2352500 12 12 24   5.2  969 228  3.7 8  5.4  95    0    0 333 -324  1
3912500 2352500 12 13  1   5.7  969 221  3.5 8  5.5  94    0    0 334 -324  1
3912500 2352500 12 13  2   6.2  969 201  3.8 7  5.7  94    0    0 328 -323  1
3912500 2352500 12 13  3   6.3  969 233  4.0 8  5.8  94    0    0 330 -323  1
3912500 2352500 12 13  4   6.5  969 237  4.1 8  5.8  93    0    0 337 -327  1
3912500 2352500 12 13  5   7.8  969 241  4.9 8  6.1  92    0    0 340 -331  1
3912500 2352500 12 13  6   8.0  970 235  5.9 8  6.5  93    0    0 342 -331  1
3912500 2352500 12 13  7   8.9  970 239  4.5 6  6.7  92    0    0 331 -333  1
3912500 2352500 12 13  8   8.8  971 225  5.6 7  6.7  91    0    0 325 -335  1
3912500 2352500 12 13  9   9.1  972 209  5.8 7  6.7  91    1   17 331 -337  1
3912500 2352500 12 13 10   9.3  973 210  5.5 4  6.8  89   18   83 312 -338  1
3912500 2352500 12 13 11  10.7  973 211  4.1 4  6.8  85   11  117 297 -341  1
3912500 2352500 12 13 12  10.4  974 221  5.4 4  6.6  80   43  173 296 -345  1
3912500 2352500 12 13 13  10.8  975 226  6.8 4  6.2  75   64  189 293 -347  1
3912500 2352500 12 13 14  10.8  975 250  7.3 5  5.9  70   47  165 297 -348  1
3912500 2352500 12 13 15  10.4  976 224  5.8 4  5.5  66   44  121 291 -348  1
3912500 2352500 12 13 16   9.8  977 239  5.4 6  5.2  65   21   59 290 -343  1
3912500 2352500 12 13 17   9.1  977 255  5.6 7  5.1  67    0    6 299 -336  1
3912500 2352500 12 13 18   8.2  977 264  4.3 6  5.1  70    0    0 293 -329  1
3912500 2352500 12 13 19   7.9  978 271  3.1 4  5.0  72    0    0 275 -325  1
3912500 2352500 12 13 20   7.6  979 265  4.3 6  5.0  74    0    0 273 -322  1
3912500 2352500 12 13 21   7.5  979 280  4.5 7  5.1  76    0    0 288 -322  1
3912500 2352500 12 13 22   6.7  980 248  4.3 6  5.0  78    0    0 283 -322  1
3912500 2352500 12 13 23   6.8  979 255  2.9 6  4.9  78    0    0 276 -322  1
3912500 2352500 12 13 24   6.2  979 192  1.7 7  4.9  79    0    0 285 -322  1
3912500 2352500 12 14  1   5.3  979 228  1.7 7  4.9  84    0    0 293 -322  1
3912500 2352500 12 14  2   5.5  979 266  1.2 7  4.9  85    0    0 293 -322  1
3912500 2352500 12 14  3   5.4  978 276  0.6 7  4.9  84    0    0 292 -322  1
3912500 2352500 12 14  4   5.0  978 271  0.5 8  4.9  86    0    0 300 -323  1
3912500 2352500 12 14  5   5.3  978 261  0.6 8  4.9  87    0    0 308 -323  1
3912500 2352500 12 14  6   4.9  978 277  2.5 7  4.9  86    0    0 303 -324  1
3912500 2352500 12 14  7   5.4  977 269  2.4 8  4.9  86    0    0 303 -326  1
3912500 2352500 12 14  8   5.5  978 219  2.4 8  4.9  84    0    0 313 -327  1
3912500 2352500 12 14  9   5.7  978 221  2.5 8  4.9  84    0    4 315 -326  1
3912500 2352500 12 14 10   6.0  978 241  2.4 8  4.9  82    0   37 316 -327  1
3912500 2352500 12 14 11   6.3  978 218  2.3 6  5.0  81    1   78 303 -330  1
3912500 2352500 12 14 12   7.1  978 225  2.8 7  5.0  79    0   81 299 -335  1
3912500 2352500 12 14 13   7.6  977 225  3.1 6  5.0  75    6  118 303 -343  1
3912500 2352500 12 14 14   7.9  976 213  3.0 5  4.9  72   15  122 291 -347  1
3912500 2352500 12 14 15   8.9  976 223  2.9 3  4.7  66   41  105 270 -348  1
3912500 2352500 12 14 16   8.5  976 260  3.0 6  4.5  62   30   55 279 -345  1
3912500 2352500 12 14 17   9.2  977 272  2.6 7  4.5  61    1    9 310 -340  1
3912500 2352500 12 14 18   8.5  977 278  2.4 7  4.4  61    0    0 317 -336  1
3912500 2352500 12 14 19   7.7  976 261  2.8 7  4.6  66    0    0 315 -332  1
3912500 2352500 12 14 20   7.5  977 232  1.6 8  4.8  72    0    0 322 -328  1
3912500 2352500 12 14 21   7.2  977 246  1.3 7  4.9  74    0    0 322 -325  1
3912500 2352500 12 14 22   6.7  977 250  1.0 6  4.9  76    0    0 307 -323  1
3912500 2352500 12 14 23   6.7  977 247  1.0 6  4.8  76    0    0 300 -323  1
3912500 2352500 12 14 24   5.3  977 236  0.8 5  4.7  78    0    0 293 -322  1
3912500 2352500 12 15  1   3.4  977 216  0.9 1  4.5  84    0    0 261 -321  1
3912500 2352500 12 15  2   3.1  976 182  0.9 0  4.4  88    0    0 232 -320  1
3912500 2352500 12 15  3   3.5  976 215  1.0 0  4.4  87    0    0 230 -318  1
3912500 2352500 12 15  4   3.3  976 236  1.3 0  4.3  86    0    0 231 -317  1
3912500 2352500 12 15  5   1.6  976 248  1.7 0  4.2  89    0    0 228 -316  1
3912500 2352500 12 15  6   0.9  976 266  1.2 0  4.0  92    0    0 223 -317  1
3912500 2352500 12 15  7   0.6  976 256  1.5 0  3.9  94    0    0 222 -317  1
3912500 2352500 12 15  8   0.2  976 256  1.3 2  3.9  95    0    0 231 -316  1
3912500 2352500 12 15  9  -0.9  975 246  1.4 3  3.7  98    9   14 244 -315  1
3912500 2352500 12 15 10   1.3  976 249  1.9 3  3.9  96   94   41 251 -316  1
3912500 2352500 12 15 11   3.1  975 247  1.6 1  4.2  91  187   54 247 -318  1
3912500 2352500 12 15 12   4.5  976 257  1.2 1  4.4  86  244   62 242 -320  1
3912500 2352500 12 15 13   6.2  975 238  1.1 1  4.5  78  255   63 246 -324  1
3912500 2352500 12 15 14   7.4  974 248  1.3 1  4.6  72  223   61 249 -328  1
3912500 2352500 12 15 15   8.4  974 264  1.4 0  4.6  67  161   50 247 -328  1
3912500 2352500 12 15 16   5.8  973 274  1.3 2  4.6  70   65   33 249 -325  1
3912500 2352500 12 15 17   4.2  973 272  1.5 1  4.5  80    4    8 247 -322  1
3912500 2352500 12 15 18   5.1  973 274  1.1 1  4.5  81    0    0 241 -321  1
3912500 2352500 12 15 19   3.7  973 260  1.2 1  4.4  82    0    0 240 -321  1
3912500 2352500 12 15 20   2.7  973 290  1.8 0  4.2  85    0    0 230 -321  1
3912500 2352500 12 15 21   0.6  972 267  1.3 1  4.0  90    0    0 224 -320  1
3912500 2352500 12 15 22   1.9  972 291  1.6 1  4.0  92    0    0 227 -319  1
3912500 2352500 12 15 23   0.4  972 261  1.8 1  3.9  91    0    0 227 -317  1
3912500 2352500 12 15 24   0.8  972 231  1.6 1  3.8  93    0    0 223 -316  1
3912500 2352500 12 16  1   2.9  972 242  2.8 2  3.9  86    0    0 229 -317  1
3912500 2352500 12 16  2   1.9  973 250  1.9 2  3.9  84    0    0 234 -317  1
3912500 2352500 12 16  3   2.1  973 239  2.2 2  3.9  86    0    0 232 -318  1
3912500 2352500 12 16  4   1.6  974 264  2.7 1  3.9  86    0    0 223 -318  1
3912500 2352500 12 16  5   2.4  974  19  2.1 3  3.9  86    0    0 227 -318  1
3912500 2352500 12 16  6   4.2  975  71  1.9 7  4.0  81    0    0 269 -318  1
3912500 2352500 12 16  7   2.9  976 256  1.4 7  4.3  84    0    0 293 -319  1
3912500 2352500 12 16  8   3.5  978 293  1.5 7  4.6  92    0    0 293 -322  1
3912500 2352500 12 16  9   3.1  979 244  1.0 6  4.7  94    1   15 291 -322  1
3912500 2352500 12 16 10   3.6  979 214  1.2 2  4.8  95    9   76 264 -322  1
3912500 2352500 12 16 11   4.1  980 222  0.9 6  4.9  96    4  100 267 -322  1
3912500 2352500 12 16 12   4.7  980  96  1.0 8  5.1  96    0   73 297 -327  1
3912500 2352500 12 16 13   5.1  980  91  1.2 8  5.2  94    6  131 304 -331  1
3912500 2352500 12 16 14   5.5  979 142  1.3 8  5.3  93   14  138 302 -333  1
3912500 2352500 12 16 15   4.0  978 162  0.8 5  5.3  96    8   94 280 -334  1
3912500 2352500 12 16 16   4.4  978 112  1.0 6  5.2  98   14   60 264 -333  1
3912500 2352500 12 16 17   3.9  978  36  1.3 7  5.1  97    2   11 274 -327  1
3912500 2352500 12 16 18   3.4  978 353  1.6 6  5.1  99    0    0 271 -323  1
3912500 2352500 12 16 19   3.2  978  43  0.9 4  5.0 100    0    0 249 -320  1
3912500 2352500 12 16 20   2.6  979  40  1.1 4  4.8 100    0    0 230 -318  1
3912500 2352500 12 16 21   2.1  979  18  0.3 5  4.6 100    0    0 234 -317  1
3912500 2352500 12 16 22   2.0  979 356  1.9 4  4.5 100    0    0 234 -316  1
3912500 2352500 12 16 23   0.8  979   8  1.6 4  4.3 100    0    0 230 -315  1
3912500 2352500 12 16 24   0.9  979   3  0.6 7  4.2 100    0    0 252 -316  1
3912500 2352500 12 17  1   1.5  979   8  0.9 8  4.3 100    0    0 277 -318  1
3912500 2352500 12 17  2   1.3  978   1  1.5 7  4.3 100    0    0 277 -318  1
3912500 2352500 12 17  3   0.2  978   5  0.9 8  4.1 100    0    0 272 -317  1
3912500 2352500 12 17  4   0.5  978 355  1.9 8  4.0 100    0    0 274 -317  1
3912500 2352500 12 17  5   0.3  977 101  2.1 6  4.0 100    0    0 264 -317  1
3912500 2352500 12 17  6  -0.1  977 122  1.5 8  4.0 100    0    0 263 -316  1
3912500 2352500 12 17  7   0.0  977 350  1.1 6  3.9 100    0    0 263 -314  1
3912500 2352500 12 17  8  -0.1  976 342  1.7 8  3.9 100    0    0 264 -313  1
3912500 2352500 12 17  9  -0.1  977 169  1.3 7  3.8  98   11   11 267 -312  1
3912500 2352500 12 17 10   0.1  976 280  1.0 7  3.7  94   87   38 263 -313  1
3912500 2352500 12 17 11   0.3  976 341  1.4 5  3.8  95  127   72 255 -316  1
3912500 2352500 12 17 12   0.9  976  61  1.4 4  3.9  94  197   68 242 -320  1
3912500 2352500 12 17 13   2.5  975  31  1.9 4  3.9  88  212   67 239 -323  1
3912500 2352500 12 17 14   3.1  974  97  1.3 4  4.0  82  154   77 241 -328  1
3912500 2352500 12 17 15   4.1  974 110  1.8 3  4.0  79  105   59 240 -329  1
3912500 2352500 12 17 16   4.1  974 111  1.3 3  4.0  76   62   28 239 -325  1
3912500 2352500 12 17 17   2.5  973  22  0.6 4  4.0  80    6    7 240 -322  1
3912500 2352500 12 17 18   1.4  972  42  0.7 3  3.9  86    0    0 237 -321  1
3912500 2352500 12 17 19   0.9  972  18  1.3 1  3.8  88    0    0 224 -319  1
3912500 2352500 12 17 20   0.4  972 343  1.5 2  3.7  89    0    0 219 -318  1
3912500 2352500 12 17 21   0.0  971 340  1.4 2  3.6  89    0    0 221 -318  1
3912500 2352500 12 17 22   0.2  971 296  1.7 6  3.5  89    0    0 234 -318  1
3912500 2352500 12 17 23   0.1  971 261  1.2 6  3.5  88    0    0 245 -319  1
3912500 2352500 12 17 24  -1.1  971 260  1.5 5  3.5  93    0    0 239 -319  1
3912500 2352500 12 18  1  -0.4  971 265  0.9 1  3.6  96    0    0 225 -318  1
3912500 2352500 12 18  2  -0.4  971 283  1.7 4  3.6  94    0    0 224 -317  1
3912500 2352500 12 18  3  -0.3  971 275  2.1 5  3.6  94    0    0 231 -316  1
3912500 2352500 12 18  4  -0.3  971 280  1.4 3  3.6  93    0    0 229 -315  1
3912500 2352500 12 18  5  -0.9  970 260  1.5 3  3.6  94    0    0 225 -314  1
3912500 2352500 12 18  6  -1.0  970 265  2.0 4  3.5  96    0    0 226 -311  1
3912500 2352500 12 18  7  -1.0  970 237  2.3 8  3.6  97    0    0 238 -310  1
3912500 2352500 12 18  8  -0.7  970 257  1.9 8  3.5  95    0    0 252 -311  1
3912500 2352500 12 18  9  -1.0  970 264  2.8 8  3.5  94    0   12 256 -312  1
3912500 2352500 12 18 10  -0.3  970 259  2.6 6  3.5  93   54   19 254 -312  1
3912500 2352500 12 18 11  -0.5  970 248  2.0 4  3.6  94   57   52 243 -316  1
3912500 2352500 12 18 12  -0.1  970 223  2.1 5  3.8  97   28   86 240 -320  1
3912500 2352500 12 18 13   1.0  969 229  2.7 5  3.8  94   54   78 248 -325  1
3912500 2352500 12 18 14   2.2  969  44  2.7 6  4.0  89  126   25 255 -329  1
3912500 2352500 12 18 15   0.7  968 135  2.5 4  4.1  92  106   21 253 -327  1
3912500 2352500 12 18 16   0.7  968 252  2.3 4  4.1  98   51   10 246 -323  1
3912500 2352500 12 18 17   0.7  967 242  1.1 3  4.0  95   11    3 243 -321  1
3912500 2352500 12 18 18   0.1  967 246  1.4 6  3.9  95    0    0 250 -320  1
3912500 2352500 12 18 19   0.1  967 262  2.1 6  3.8  95    0    0 261 -318  1
3912500 2352500 12 18 20  -0.4  967 251  2.2 6  3.8  97    0    0 263 -316  1
3912500 2352500 12 18 21   0.0  966 241  2.7 5  3.7  96    0    0 261 -317  1
3912500 2352500 12 18 22  -1.2  966 232  2.5 4  3.5  93    0    0 252 -318  1
3912500 2352500 12 18 23  -1.2  965 229  2.8 4  3.4  92    0    0 246 -319  1
3912500 2352500 12 18 24  -1.7  965 231  2.9 7  3.3  92    0    0 257 -320  1
3912500 2352500 12 19  1  -1.9  964 214  2.9 8  3.3  95    0    0 272 -321  1
3912500 2352500 12 19  2  -2.1  963 231  3.2 8  3.4  97    0    0 277 -321  1
3912500 2352500 12 19  3  -1.3  962 235  3.6 8  3.4  97    0    0 283 -322  1
3912500 2352500 12 19  4  -0.8  961 246  4.2 8  3.5  94    0    0 289 -323  1
3912500 2352500 12 19  5   1.1  962 244  4.7 4  3.6  89    0    0 276 -326  1
3912500 2352500 12 19  6   1.3  961 237  4.7 8  3.7  85    0    0 279 -328  1
3912500 2352500 12 19  7   0.7  961 227  4.2 8  3.8  88    0    0 300 -329  1
3912500 2352500 12 19  8   1.6  960 232  5.6 8  3.9  90    0    0 303 -331  1
3912500 2352500 12 19  9   4.8  960 233  6.4 8  4.1  82    1   13 309 -335  1
3912500 2352500 12 19 10   4.4  961 220  7.4 7  4.4  79    0   46 309 -337  1
3912500 2352500 12 19 11   5.3  961 218  7.3 7  4.8  84    0   65 304 -339  1
3912500 2352500 12 19 12   7.7  961 221  6.7 5  5.0  78   28  137 296 -342  1
3912500 2352500 12 19 13   7.7  961 259  5.9 5  5.1  74    5  113 287 -345  1
3912500 2352500 12 19 14   6.9  961 293  1.8 0  5.0  74   69  134 259 -344  1
3912500 2352500 12 19 15   6.0  962 239  6.9 1  4.7  74  107   88 237 -341  1
3912500 2352500 12 19 16   5.9  962 252  5.7 5  4.6  75   32   46 258 -336  1
3912500 2352500 12 19 17   4.9  962 275  4.7 3  4.5  76    0    5 264 -329  1
3912500 2352500 12 19 18   4.2  962 285  4.9 5  4.3  79    0    0 259 -323  1
3912500 2352500 12 19 19   4.0  962 259  4.5 3  4.2  78    0    0 256 -321  1
3912500 2352500 12 19 20   3.5  963 241  5.0 2  4.1  79    0    0 239 -320  1
3912500 2352500 12 19 21   3.0  963 260  4.6 5  4.1  81    0    0 247 -319  1
3912500 2352500 12 19 22   3.0  962 213  4.3 5  4.0  80    0    0 262 -318  1
3912500 2352500 12 19 23   2.8  962 200  4.1 5  3.9  79    0    0 262 -317  1
3912500 2352500 12 19 24   2.4  961 221  3.9 4  3.8  79    0    0 255 -316  1
3912500 2352500 12 20  1   2.1  961 239  3.8 3  3.7  80    0    0 242 -316  1
3912500 2352500 12 20  2   1.3  960 246  3.2 3  3.7  81    0    0 233 -316  1
3912500 2352500 12 20  3   1.4  959 192  2.6 3  3.6  82    0    0 232 -316  1
3912500 2352500 12 20  4   0.7  958 226  2.5 5  3.6  83    0    0 241 -318  1
3912500 2352500 12 20  5   1.0  957 260  1.8 6  3.6  85    0    0 258 -318  1
3912500 2352500 12 20  6   0.9  956 158  2.1 5  3.6  84    0    0 257 -318  1
3912500 2352500 12 20  7   1.4  955 123  2.4 6  3.6  82    0    0 255 -317  1
3912500 2352500 12 20  8   0.7  954  83  1.7 7  3.6  82    0    0 267 -317  1
3912500 2352500 12 20  9   1.1  953  78  1.1 6  3.7  86    0   11 269 -317  1
3912500 2352500 12 20 10   1.1  953  65  1.0 7  3.8  87    0   34 270 -318  1
3912500 2352500 12 20 11   1.5  953  83  1.3 8  4.0  90    0   46 282 -320  1
3912500 2352500 12 20 12   1.8  952  85  1.1 8  4.1  91    0   71 287 -322  1
3912500 2352500 12 20 13   2.4  953  74  1.2 8  4.2  88    0   84 289 -325  1
3912500 2352500 12 20 14   2.0  952  95  1.7 7  4.1  87    3   98 285 -328  1
3912500 2352500 12 20 15   2.5  951  86  2.2 7  4.1  86    9   86 281 -327  1
3912500 2352500 12 20 16   2.5  951  70  2.3 7  4.1  85    3   35 281 -325  1
3912500 2352500 12 20 17   2.2  952  32  1.5 7  4.0  84    1    7 281 -323  1
3912500 2352500 12 20 18   1.9  952  73  2.0 7  4.0  85    0    0 279 -322  1
3912500 2352500 12 20 19   1.8  952  40  2.7 8  4.0  86    0    0 281 -321  1
3912500 2352500 12 20 20   1.4  952  51  3.5 8  4.0  88    0    0 284 -319  1
3912500 2352500 12 20 21   2.1  952  51  3.9 8  4.0  86    0    0 283 -318  1
3912500 2352500 12 20 22   1.9  953  30  2.6 8  3.9  84    0    0 285 -317  1
3912500 2352500 12 20 23   1.8  954  24  2.3 8  4.0  86    0    0 285 -317  1
3912500 2352500 12 20 24   1.6  955  16  1.7 8  4.0  88    0    0 285 -318  1
3912500 2352500 12 21  1   1.6  955   5  2.0 8  4.0  89    0    0 285 -319  1
3912500 2352500 12 21  2   1.6  957   2  2.0 8  4.0  89    0    0 285 -318  1
3912500 2352500 12 21  3   1.3  957  16  1.9 7  3.9  86    0    0 280 -318  1
3912500 2352500 12 21  4   1.1  958  28  1.7 7  3.5  80    0    0 273 -317  1
3912500 2352500 12 21  5   0.8  958 351  3.0 7  3.3  77    0    0 272 -316  1
3912500 2352500 12 21  6   0.3  959 345  3.5 6  3.1  75    0    0 265 -314  1
3912500 2352500 12 21  7   0.0  960 335  2.8 6  2.9  73    0    0 259 -311  1
3912500 2352500 12 21  8  -0.4  961 359  2.5 5  2.9  72    0    0 253 -308  1
3912500 2352500 12 21  9  -1.3  961 354  1.6 5  2.9  77    6   13 247 -306  1
3912500 2352500 12 21 10  -0.8  962  27  1.0 2  2.9  79   73   50 233 -307  1
3912500 2352500 12 21 11   0.7  963 291  1.4 2  2.8  71  152   71 221 -310  1
3912500 2352500 12 21 12   1.2  964 261  1.4 2  2.8  65  169   96 222 -315  1
3912500 2352500 12 21 13   1.3  965 291  2.2 3  2.7  62   83  135 227 -319  1
3912500 2352500 12 21 14   1.8  965 337  2.2 4  2.6  59   36  118 236 -320  1
3912500 2352500 12 21 15   1.3  965 303  3.0 4  2.6  59   60   85 240 -320  1
3912500 2352500 12 21 16   1.3  966 306  2.2 5  2.8  63   22   39 243 -317  1
3912500 2352500 12 21 17   0.3  966 266  1.6 8  2.9  69    0    7 256 -313  1
3912500 2352500 12 21 18  -0.5  967 269  1.2 8  3.1  78    0    0 266 -310  1
3912500 2352500 12 21 19  -0.8  968 331  1.1 7  3.3  87    0    0 262 -308  1
3912500 2352500 12 21 20  -0.9  968 326  2.0 3  3.3  89    0    0 242 -306  1
3912500 2352500 12 21 21  -1.9  969 349  0.8 2  3.3  91    0    0 220 -303  1
3912500 2352500 12 21 22  -2.6  969 216  0.9 1  3.1  92    0    0 209 -301  1
3912500 2352500 12 21 23  -3.0  969 242  1.7 1  3.0  92    0    0 205 -300  1
3912500 2352500 12 21 24  -3.5  970 225  1.1 5  2.9  93    0    0 219 -300  1
3912500 2352500 12 22  1  -2.2  970 234  1.6 3  3.0  92    0    0 230 -300  1
3912500 2352500 12 22  2  -2.5  970 241  1.4 5  3.0  91    0    0 232 -299  1
3912500 2352500 12 22  3  -2.1  970 219  1.5 6  3.1  92    0    0 245 -299  1
3912500 2352500 12 22  4  -2.4  970 216  1.5 7  3.0  91    0    0 254 -299  1
3912500 2352500 12 22  5  -3.1  970 212  1.8 5  2.9  91    0    0 249 -299  1
3912500 2352500 12 22  6  -3.7  970 203  2.8 1  2.8  92    0    0 224 -298  1
3912500 2352500 12 22  7  -3.8  971 217  2.2 3  2.8  93    0    0 216 -297  1
3912500 2352500 12 22  8  -4.0  970 238  1.3 4  2.8  95    0    0 228 -296  1
3912500 2352500 12 22  9  -3.6  971 234  1.3 4  2.9  96    0    8 234 -295  1
3912500 2352500 12 22 10  -2.9  971 222  1.1 7  2.9  94    7   66 248 -296  1
3912500 2352500 12 22 11  -2.4  972 194  1.7 5  3.0  92   12  111 256 -300  1
3912500 2352500 12 22 12  -2.1  972 181  1.5 4  3.0  90   27  155 244 -306  1
3912500 2352500 12 22 13  -1.0  972 190  2.3 3  3.0  86   41  174 236 -312  1
3912500 2352500 12 22 14  -0.3  971 197  2.9 1  3.0  80   81  166 224 -315  1
3912500 2352500 12 22 15  -0.5  971 212  2.7 1  3.0  78   78  132 214 -316  1
3912500 2352500 12 22 16  -0.6  971 260  2.2 3  3.0  78   34   68 224 -314  1
3912500 2352500 12 22 17  -1.1  971 261  1.8 6  3.0  80    1   10 249 -310  1
3912500 2352500 12 22 18  -1.3  972 281  1.4 7  3.0  82    0    0 269 -306  1
3912500 2352500 12 22 19  -1.2  972 287  0.9 7  3.0  83    0    0 275 -304  1
3912500 2352500 12 22 20  -1.0  972 306  0.5 8  3.0  83    0    0 281 -301  1
3912500 2352500 12 22 21  -1.1  973  75  0.3 6  3.1  83    0    0 277 -299  1
3912500 2352500 12 22 22  -1.2  973  25  0.8 4  3.0  83    0    0 256 -297  1
3912500 2352500 12 22 23  -1.8  973  10  0.7 5  2.9  83    0    0 249 -297  1
3912500 2352500 12 22 24  -2.6  972  17  1.1 4  2.8  85    0    0 246 -296  1
3912500 2352500 12 23  1  -3.1  972   8  1.6 0  2.8  87    0    0 214 -293  1
3912500 2352500 12 23  2  -2.9  971  25  1.3 0  2.8  89    0    0 189 -290  1
3912500 2352500 12 23  3  -5.0  971  41  0.6 0  2.7  92    0    0 185 -288  1
3912500 2352500 12 23  4  -3.9  971   7  0.7 0  2.6  92    0    0 184 -287  1
3912500 2352500 12 23  5  -4.4  971   7  1.4 2  2.7  92    0    0 196 -286  1
3912500 2352500 12 23  6  -5.0  970  52  1.0 0  2.6  92    0    0 195 -287  1
3912500 2352500 12 23  7  -4.8  970  30  1.5 1  2.5  89    0    0 188 -288  1
3912500 2352500 12 23  8  -5.4  970  29  1.4 2  2.4  90    0    0 198 -289  1
3912500 2352500 12 23  9  -4.9  970  27  1.5 3  2.5  93    4   12 208 -290  1
3912500 2352500 12 23 10  -3.4  970  40  1.8 2  2.7  92   66   47 209 -293  1
3912500 2352500 12 23 11  -1.1  970  43  1.9 0  2.8  85  153   62 199 -298  1
3912500 2352500 12 23 12   0.2  970  41  2.0 0  2.9  76  227   59 192 -305  1
3912500 2352500 12 23 13   0.7  969  37  2.3 0  2.9  71  249   58 194 -312  1
3912500 2352500 12 23 14   2.7  968  38  2.2 1  2.8  64  225   56 202 -316  1
3912500 2352500 12 23 15   1.8  968  42  1.7 2  2.9  62  148   51 214 -317  1
3912500 2352500 12 23 16   0.7  967  53  1.7 4  2.9  68   45   36 224 -316  1
3912500 2352500 12 23 17  -0.2  967  55  1.4 4  3.0  73    2    7 230 -312  1
3912500 2352500 12 23 18  -1.4  967  76  1.0 5  3.0  80    0    0 231 -306  1
3912500 2352500 12 23 19  -1.7  967 127  1.4 4  3.0  84    0    0 229 -302  1
3912500 2352500 12 23 20  -2.2  967 325  1.7 4  2.9  85    0    0 225 -300  1
3912500 2352500 12 23 21  -2.4  967 183  2.1 5  3.0  88    0    0 227 -300  1
3912500 2352500 12 23 22  -3.1  967 257  2.6 2  2.9  90    0    0 220 -299  1
3912500 2352500 12 23 23  -3.6  966 234  2.7 2  2.8  90    0    0 208 -298  1
3912500 2352500 12 23 24  -3.0  966 252  2.3 5  2.8  89    0    0 219 -297  1
3912500 2352500 12 24  1  -3.7  966 258  2.1 6  2.8  90    0    0 234 -298  1
3912500 2352500 12 24  2  -4.2  966 226  2.3 6  2.8  93    0    0 238 -297  1
3912500 2352500 12 24  3  -3.8  965 224  2.7 6  2.8  95    0    0 240 -296  1
3912500 2352500 12 24  4  -3.7  965 245  2.5 7  2.9  95    0    0 248 -297  1
3912500 2352500 12 24  5  -2.7  966 241  2.4 7  2.9  93    0    0 255 -299  1
3912500 2352500 12 24  6  -3.1  965 229  2.5 8  2.9  91    0    0 263 -302  1
3912500 2352500 12 24  7  -2.8  965 211  2.4 8  2.9  91    0    0 271 -305  1
3912500 2352500 12 24  8  -2.5  965 173  2.6 8  2.9  90    0    0 276 -306  1
3912500 2352500 12 24  9  -3.0  965 185  1.6 8  3.0  93    0    9 279 -307  1
3912500 2352500 12 24 10  -1.3  966 187  2.0 7  3.1  91    5   51 276 -309  1
3912500 2352500 12 24 11  -0.6  966 191  1.9 7  3.2  86    8   83 271 -313  1
3912500 2352500 12 24 12  -0.7  966 202  1.7 6  3.3  88   12  112 263 -317  1
3912500 2352500 12 24 13   0.3  966 194  2.7 5  3.6  91    7  111 251 -320  1
3912500 2352500 12 24 14   0.9  966 206  2.4 6  3.8  92    2   86 256 -321  1
3912500 2352500 12 24 15   1.2  966 204  2.2 7  4.0  92    4   70 270 -322  1
3912500 2352500 12 24 16   1.1  966 224  1.4 8  4.0  93    2   32 284 -322  1
3912500 2352500 12 24 17   1.0  966 205  1.4 7  4.0  94    0    2 283 -321  1
3912500 2352500 12 24 18   0.8  967 226  2.1 8  4.0  95    0    0 282 -317  1
3912500 2352500 12 24 19   0.9  968 250  2.8 8  4.0  95    0    0 289 -313  1
3912500 2352500 12 24 20   1.1  969 290  2.6 8  4.0  93    0    0 292 -311  1
3912500 2352500 12 24 21   1.0  970 296  2.7 8  3.9  91    0    0 295 -311  1
3912500 2352500 12 24 22   1.0  970 300  3.0 7  3.9  91    0    0 289 -313  1
3912500 2352500 12 24 23   1.0  971 292  2.0 8  3.9  91    0    0 290 -315  1
3912500 2352500 12 24 24   1.3  972 300  2.2 8  3.8  89    0    0 297 -316  1
3912500 2352500 12 25  1   0.9  972 259  2.2 8  3.8  89    0    0 298 -315  1
3912500 2352500 12 25  2   1.0  973 239  2.2 8  3.8  90    0    0 299 -315  1
3912500 2352500 12 25  3   1.0  973 242  1.9 8  3.8  90    0    0 300 -315  1
3912500 2352500 12 25  4   0.6  973 231  1.8 7  3.8  91    0    0 294 -316  1
3912500 2352500 12 25  5   0.5  974 225  1.9 7  3.8  91    0    0 289 -316  1
3912500 2352500 12 25  6  -0.2  973 205  1.7 3  3.7  92    0    0 264 -316  1
3912500 2352500 12 25  7  -0.3  974 212  2.5 0  3.6  92    0    0 224 -316  1
3912500 2352500 12 25  8  -0.7  974 224  2.1 5  3.5  92    0    0 235 -316  1
3912500 2352500 12 25  9  -0.8  974 210  2.3 5  3.5  93    0    9 264 -317  1
3912500 2352500 12 25 10  -0.4  974 210  2.8 4  3.5  93   66   49 259 -318  1
3912500 2352500 12 25 11   1.3  974 206  3.4 1  3.6  89  149   69 239 -319  1
3912500 2352500 12 25 12   1.5  974 217  2.6 3  3.6  83   77  130 232 -320  1
3912500 2352500 12 25 13   1.5  974 218  2.9 4  3.5  80   67  140 247 -321  1
3912500 2352500 12 25 14   1.8  973 199  2.4 6  3.5  79   16  115 265 -322  1
3912500 2352500 12 25 15   2.3  973 205  2.6 6  3.6  78    7   78 276 -322  1
3912500 2352500 12 25 16   2.1  972 211  2.9 7  3.6  78    1   34 281 -322  1
3912500 2352500 12 25 17   1.5  972 197  2.4 8  3.6  79    0    7 290 -322  1
3912500 2352500 12 25 18   1.4  972 192  2.2 8  3.5  80    0    0 295 -323  1
3912500 2352500 12 25 19   1.1  972 176  1.3 6  3.5  81    0    0 282 -322  1
3912500 2352500 12 25 20   0.9  971 170  2.3 5  3.5  83    0    0 262 -322  1
3912500 2352500 12 25 21   0.7  971  77  2.6 6  3.5  84    0    0 260 -321  1
3912500 2352500 12 25 22   0.7  971 342  2.9 7  3.5  85    0    0 270 -320  1
3912500 2352500 12 25 23   1.2  971 316  3.1 7  3.5  82    0    0 275 -318  1
3912500 2352500 12 25 24   0.6  971 260  2.6 7  3.4  81    0    0 273 -316  1
3912500 2352500 12 26  1   0.8  970 261  4.4 4  3.4  82    0    0 259 -315  1
3912500 2352500 12 26  2   0.5  970 231  3.7 5  3.4  81    0    0 250 -314  1
3912500 2352500 12 26  3   0.5  970 232  3.0 5  3.3  81    0    0 257 -312  1
3912500 2352500 12 26  4   0.6  970 236  3.4 6  3.3  81    0    0 265 -310  1
3912500 2352500 12 26  5   0.9  970 256  4.1 8  3.4  82    0    0 283 -310  1
3912500 2352500 12 26  6   2.1  970 266  4.1 8  3.4  78    0    0 295 -309  1
3912500 2352500 12 26  7   1.8  970 265  4.6 8  3.5  76    0    0 295 -307  1
3912500 2352500 12 26  8   2.3  970 249  3.4 8  3.5  76    0    0 297 -306  1
3912500 2352500 12 26  9   2.9  971 256  2.2 8  3.5  74    0    2 299 -305  1
3912500 2352500 12 26 10   3.5  971 243  1.1 8  3.5  71    0   30 300 -305  1
3912500 2352500 12 26 11   4.1  971 259  1.4 6  3.5  68    3   79 290 -309  1
3912500 2352500 12 26 12   5.0  971 246  1.8 5  3.5  64   55  131 275 -315  1
3912500 2352500 12 26 13   6.0  970 261  1.8 6  3.6  62   15  125 277 -319  1
3912500 2352500 12 26 14   5.2  968 260  2.5 7  3.8  64    3   96 289 -321  1
3912500 2352500 12 26 15   4.8  968 255  3.4 5  3.7  66   40   91 283 -322  1
3912500 2352500 12 26 16   5.0  967 252  2.8 6  3.7  65   15   43 279 -322  1
3912500 2352500 12 26 17   3.7  967 217  2.5 6  3.7  69    0    6 284 -322  1
3912500 2352500 12 26 18   3.4  966 221  3.1 7  3.8  74    0    0 289 -322  1
3912500 2352500 12 26 19   3.6  966 237  2.9 7  3.8  75    0    0 296 -321  1
3912500 2352500 12 26 20   3.1  965 247  3.0 7  3.8  75    0    0 297 -321  1
3912500 2352500 12 26 21   2.8  965 240  2.7 7  3.8  78    0    0 298 -321  1
3912500 2352500 12 26 22   2.3  964 253  2.7 5  3.9  81    0    0 289 -321  1
3912500 2352500 12 26 23   3.8  963 240  3.5 5  3.9  78    0    0 279 -321  1
3912500 2352500 12 26 24   4.6  963 255  3.8 8  3.9  73    0    0 297 -321  1
3912500 2352500 12 27  1   5.2  962 256  3.9 8  3.8  68    0    0 317 -322  1
3912500 2352500 12 27  2   4.8  962 249  3.8 7  3.7  65    0    0 311 -322  1
3912500 2352500 12 27  3   6.4  961 241  5.1 7  3.7  62    0    0 304 -322  1
3912500 2352500 12 27  4   6.6  961 226  3.5 7  3.7  58    0    0 306 -322  1
3912500 2352500 12 27  5   7.0  961  91  3.9 6  3.7  57    0    0 299 -322  1
3912500 2352500 12 27  6   7.7  961  84  4.0 7  3.7  55    0    0 300 -321  1
3912500 2352500 12 27  7   7.2  961 143  3.7 7  3.7  55    0    0 307 -321  1
3912500 2352500 12 27  8   6.2  961 137  3.1 6  3.8  59    0    0 295 -321  1
3912500 2352500 12 27  9   7.1  960  92  3.6 6  3.8  59    0   12 285 -320  1
3912500 2352500 12 27 10   8.1  960  63  2.5 7  3.8  55    5   56 298 -320  1
3912500 2352500 12 27 11   9.4  960  34  3.2 7  3.8  52   16  102 312 -321  1
3912500 2352500 12 27 12   9.6  961  76  4.8 4  3.9  50   82  138 289 -322  1
3912500 2352500 12 27 13  12.5  960  27  5.2 4  3.9  45   50  148 272 -323  1
3912500 2352500 12 27 14  11.3  960  32  5.5 7  3.9  42    0   82 299 -328  1
3912500 2352500 12 27 15  11.4  959 321  5.2 7  3.9  45    5   77 322 -330  1
3912500 2352500 12 27 16  11.0  959 297  4.4 8  4.0  46   34   45 331 -327  1
3912500 2352500 12 27 17  10.2  959 248  3.1 7  4.0  48    6    9 329 -324  1
3912500 2352500 12 27 18   9.4  959 191  3.7 7  4.0  50    0    0 320 -323  1
3912500 2352500 12 27 19   8.6  959 161  3.5 7  3.9  51    0    0 316 -321  1
3912500 2352500 12 27 20   7.4  958 344  3.7 6  3.9  55    0    0 305 -319  1
3912500 2352500 12 27 21   6.2  958  76  1.6 6  3.9  61    0    0 295 -317  1
3912500 2352500 12 27 22   4.6  959 262  1.2 3  4.0  67    0    0 274 -316  1
3912500 2352500 12 27 23   3.7  959 265  2.0 3  3.9  72    0    0 254 -316  1
3912500 2352500 12 27 24   4.2  959 256  1.8 6  3.9  73    0    0 267 -317  1
3912500 2352500 12 28  1   4.8  959 272  2.1 6  3.9  70    0    0 281 -317  1
3912500 2352500 12 28  2   1.9  958 292  1.7 7  3.8  74    0    0 280 -317  1
3912500 2352500 12 28  3   3.2  958 259  1.7 6  3.7  78    0    0 275 -317  1
3912500 2352500 12 28  4   1.7  959 300  2.1 4  3.7  78    0    0 260 -315  1
3912500 2352500 12 28  5   1.4  959 280  2.1 3  3.7  83    0    0 244 -313  1
3912500 2352500 12 28  6   1.0  959 277  2.4 4  3.7  85    0    0 242 -314  1
3912500 2352500 12 28  7   3.2  960 200  1.7 3  3.8  81    0    0 244 -315  1
3912500 2352500 12 28  8   0.8  960 241  2.2 6  3.8  83    0    0 253 -316  1
3912500 2352500 12 28  9   1.5  960 251  1.5 6  3.8  87    2   12 266 -318  1
3912500 2352500 12 28 10   2.4  960 149  1.5 7  3.8  83   16   62 273 -319  1
3912500 2352500 12 28 11   5.6  960  99  1.5 6  4.1  78   89  100 277 -321  1
3912500 2352500 12 28 12   7.2  961   2  1.5 6  4.5  71  114  127 278 -323  1
3912500 2352500 12 28 13   9.4  960  52  1.5 5  4.5  63  155  120 275 -328  1
3912500 2352500 12 28 14   9.3  960 340  1.7 6  4.5  58  161   98 278 -332  1
3912500 2352500 12 28 15   9.3  960 295  1.7 2  4.4  57  134   76 260 -331  1
3912500 2352500 12 28 16   8.7  960 305  1.8 3  4.3  57   63   44 241 -328  1
3912500 2352500 12 28 17   6.9  959 269  1.4 4  4.2  61   10   12 252 -326  1
3912500 2352500 12 28 18   6.9  960 299  2.4 3  4.2  65    0    0 251 -324  1
3912500 2352500 12 28 19   5.8  960 241  2.0 2  4.3  68    0    0 239 -322  1
3912500 2352500 12 28 20   4.6  961 299  1.4 3  4.3  74    0    0 235 -321  1
3912500 2352500 12 28 21   4.1  961   4  1.6 5  4.3  79    0    0 251 -320  1
3912500 2352500 12 28 22   5.4  962 328  1.4 4  4.4  78    0    0 259 -318  1
3912500 2352500 12 28 23   3.9  962 304  3.0 5  4.5  80    0    0 260 -318  1
3912500 2352500 12 28 24   4.5  963  81  2.4 7  4.5  84    0    0 277 -320  1
3912500 2352500 12 29  1   4.9  963  50  1.4 8  4.5  80    0    0 296 -322  1
3912500 2352500 12 29  2   4.3  963 335  1.3 7  4.4  80    0    0 297 -322  1
3912500 2352500 12 29  3   2.8  963 322  1.7 6  4.4  85    0    0 283 -322  1
3912500 2352500 12 29  4   3.2  964 344  1.2 5  4.3  88    0    0 271 -322  1
3912500 2352500 12 29  5   2.5  964 330  1.1 5  4.4  89    0    0 267 -322  1
3912500 2352500 12 29  6   3.4  964 355  1.2 7  4.4  89    0    0 278 -322  1
3912500 2352500 12 29  7   2.6  964 340  2.2 4  4.4  88    0    0 273 -322  1
3912500 2352500 12 29  8   2.0  964 331  1.6 3  4.2  90    0    0 252 -320  1
3912500 2352500 12 29  9   1.3  964  87  1.4 3  4.0  90    5   12 245 -319  1
3912500 2352500 12 29 10   2.6  964  35  2.3 2  4.1  88   69   53 241 -318  1
3912500 2352500 12 29 11   5.3  964  46  2.1 2  4.2  80  161   75 242 -320  1
3912500 2352500 12 29 12   6.7  964  72  1.5 2  4.3  70  212   91 245 -323  1
3912500 2352500 12 29 13   7.7  963  26  1.5 2  4.2  63  229   94 247 -327  1
3912500 2352500 12 29 14   8.8  962  43  2.8 1  4.1  58  209   90 246 -330  1
3912500 2352500 12 29 15   9.2  960  43  2.8 0  4.3  57  156   72 242 -329  1
3912500 2352500 12 29 16   7.9  960  31  2.3 0  4.4  60   69   45 238 -327  1
3912500 2352500 12 29 17   5.4  960  27  2.3 0  4.3  68    6    9 233 -324  1
3912500 2352500 12 29 18   4.9  960  39  2.8 0  4.3  74    0    0 229 -321  1
3912500 2352500 12 29 19   3.2  960  50  2.6 1  4.2  79    0    0 229 -321  1
3912500 2352500 12 29 20   2.6  960  55  2.2 2  4.2  84    0    0 233 -320  1
3912500 2352500 12 29 21   2.1  960  56  1.9 2  4.1  86    0    0 235 -319  1
3912500 2352500 12 29 22   2.0  960 119  1.5 0  4.1  88    0    0 227 -318  1
3912500 2352500 12 29 23   1.7  960  18  1.7 0  4.1  89    0    0 220 -316  1
3912500 2352500 12 29 24   1.0  960  31  1.1 2  4.0  90    0    0 226 -316  1
3912500 2352500 12 30  1  -0.4  960 356  0.7 2  3.8  94    0    0 230 -316  1
3912500 2352500 12 30  2  -0.4  960 348  0.9 0  3.8  98    0    0 221 -315  1
3912500 2352500 12 30  3  -0.7  960 272  0.6 1  3.7  97    0    0 217 -314  1
3912500 2352500 12 30  4  -0.7  960 317  1.0 2  3.7  97    0    0 224 -312  1
3912500 2352500 12 30  5  -0.9  960 348  1.1 6  3.6  96    0    0 248 -311  1
3912500 2352500 12 30  6  -1.8  960   2  1.0 6  3.5  98    0    0 267 -311  1
3912500 2352500 12 30  7  -1.6  960  39  1.3 7  3.5 100    0    0 270 -309  1
3912500 2352500 12 30  8  -1.8  960  69  0.8 7  3.5 100    0    0 273 -307  1
3912500 2352500 12 30  9  -1.2  961  63  0.3 7  3.5  98    4    9 273 -306  1
3912500 2352500 12 30 10  -1.1  961  55  0.6 7  3.6  98   65   21 272 -306  1
3912500 2352500 12 30 11  -0.8  961 325  0.5 4  3.6  98   93   48 257 -310  1
3912500 2352500 12 30 12   0.0  962 170  1.7 4  3.7  95   82   82 245 -316  1
3912500 2352500 12 30 13  -0.2  962  91  0.4 3  3.8  95  122   66 240 -320  1
3912500 2352500 12 30 14   0.4  962  53  1.0 2  3.9  96  122   52 232 -323  1
3912500 2352500 12 30 15   0.8  962 137  1.9 2  3.9  94  116   23 229 -325  1
3912500 2352500 12 30 16   0.3  961 130  1.3 3  3.9  94   66   13 233 -323  1
3912500 2352500 12 30 17   0.0  961  56  1.2 3  3.8  95    7    4 235 -321  1
3912500 2352500 12 30 18  -0.8  960  25  0.5 3  3.7  96    0    0 233 -320  1
3912500 2352500 12 30 19  -1.2  961  55  0.7 5  3.6  98    0    0 238 -318  1
3912500 2352500 12 30 20  -1.0  961  45  1.2 4  3.6  97    0    0 245 -316  1
3912500 2352500 12 30 21  -1.2  961  44  1.7 5  3.5  96    0    0 247 -315  1
3912500 2352500 12 30 22  -1.3  961  38  2.1 5  3.5  96    0    0 242 -314  1
3912500 2352500 12 30 23  -1.4  961  66  2.5 5  3.4  93    0    0 237 -313  1
3912500 2352500 12 30 24  -1.6  961 108  2.6 6  3.2  90    0    0 244 -312  1
3912500 2352500 12 31  1  -1.6  969 162  2.7 6  3.1  87    0    0 267 -301  1
3912500 2352500 12 31  2  -1.9  969 203  2.7 6  3.0  86    0    0 262 -299  1
3912500 2352500 12 31  3  -2.2  969 237  2.7 6  2.9  85    0    0 248 -298  1
3912500 2352500 12 31  4  -2.5  968 244  2.4 7  2.9  86    0    0 251 -297  1
3912500 2352500 12 31  5  -2.3  967 254  2.3 7  2.9  85    0    0 259 -296  1
3912500 2352500 12 31  6  -2.4  967 281  1.5 8  2.8  84    0    0 264 -295  1
3912500 2352500 12 31  7  -2.9  967 260  1.7 7  2.8  85    0    0 266 -293  1
3912500 2352500 12 31  8  -3.3  967 274  1.2 7  2.8  90    0    0 261 -292  1
3912500 2352500 12 31  9  -2.5  967 250  1.3 7  2.9  90    1   12 263 -292  1
3912500 2352500 12 31 10  -1.7  967 229  2.0 6  2.9  86   19   72 262 -294  1
3912500 2352500 12 31 11  -0.9  967 169  0.8 7  2.9  80    2   77 265 -298  1
3912500 2352500 12 31 12  -0.5  967 204  1.9 8  2.9  77    0   69 277 -306  1
3912500 2352500 12 31 13   0.0  967 215  2.5 8  2.9  75    0   93 285 -312  1
3912500 2352500 12 31 14   0.1  966 201  2.0 8  3.0  74    2   94 287 -316  1
3912500 2352500 12 31 15   0.3  966 247  1.4 7  3.0  74    0   55 284 -317  1
3912500 2352500 12 31 16   0.0  966 229  0.6 8  3.1  76    0   21 285 -316  1
3912500 2352500 12 31 17  -0.5  966 198  1.1 8  3.3  84    0    4 291 -313  1
3912500 2352500 12 31 18  -0.6  967 190  1.6 8  3.4  90    0    0 292 -309  1
3912500 2352500 12 31 19  -1.1  967 221  1.8 8  3.4  92    0    0 292 -307  1
3912500 2352500 12 31 20  -0.6  967 193  1.2 8  3.4  91    0    0 292 -308  1
3912500 2352500 12 31 21  -0.6  968 193  1.0 8  3.5  91    0    0 294 -309  1
3912500 2352500 12 31 22  -0.5  968 194  0.9 8  3.5  92    0    0 290 -310  1
3912500 2352500 12 31 23  -1.5  968 200  1.0 7  3.3  90    0    0 291 -311  1
3912500 2352500 12 31 24  -2.9  968 196  1.1 5  2.9  89    0    0 296 -312  1
