Koordinatensystem : Lambert konform konisch
Rechtswert        : 4184500 Meter
Hochwert          : 2653500 Meter
Hoehenlage        : 391 Meter ueber NN
Erstellung des Datensatzes im Mai 2016

Art des TRY       : extremer Winter
Bezugszeitraum    : 2031-2060
Datenbasis 1      : Beobachtungsdaten Zeitraum 1995-2012
Datenbasis 2      : Klimasimulationen Zeitraum 1971-2000 (Basis RCP-historical / CORDEX-Europa Laeufe)
Datenbasis 3      : Klimasimulationen Zeitraum 2031-2060 (Basis RCP-4.5 und RCP-8.5 / CORDEX-Europa Laeufe)

Format: (i7,1x,i7,1x,i2,1x,i2,1x,i2,1x,f5.1,1x,i4,1x,3i,1x,f4.1,1x,i1,1x,f4.1,1x,i3,1x,i4,1x,i4,1x,i3,1x,i4,2x,i1)

Reihenfolge der Parameter:
RW Rechtswert                                                    [m]       {3670500;3671500..4389500}
HW Hochwert                                                      [m]       {2242500;2243500..3179500}
MM Monat                                                                   {1..12}
DD Tag                                                                     {1..28,30,31}
HH Stunde (MEZ)                                                            {1..24}
t  Lufttemperatur in 2m Hoehe ueber Grund                        [GradC]
p  Luftdruck in Standorthoehe                                    [hPa]
WR Windrichtung in 10 m Hoehe ueber Grund                        [Grad]    {0..360;999}
WG Windgeschwindigkeit in 10 m Hoehe ueber Grund                 [m/s]
N  Bedeckungsgrad                                                [Achtel]  {0..8;9}
x  Wasserdampfgehalt, Mischungsverhaeltnis                       [g/kg]
RF Relative Feuchte in 2 m Hoehe ueber Grund                     [Prozent] {1..100}
B  Direkte Sonnenbestrahlungsstaerke (horiz. Ebene)              [W/m^2]   abwaerts gerichtet: positiv
D  Diffuse Sonnenbetrahlungsstaerke (horiz. Ebene)               [W/m^2]   abwaerts gerichtet: positiv
A  Bestrahlungsstaerke d. atm. Waermestrahlung (horiz. Ebene)    [W/m^2]   abwaerts gerichtet: positiv
E  Bestrahlungsstaerke d. terr. Waermestrahlung                  [W/m^2]   aufwaerts gerichtet: negativ
IL Qualitaetsbit bezueglich der Auswahlkriterien                           {0;1;2;3;4}


     RW      HW MM DD HH     t    p  WR   WG N    x  RF    B    D   A    E IL
*** 
4184500 2653500  1  1  1  -1.5  945 254  4.7 7  3.4  87    0    0 284 -314  2
4184500 2653500  1  1  2   0.8  945 253  5.0 7  3.9  86    0    0 286 -314  2
4184500 2653500  1  1  3   2.4  945 252  5.1 7  4.2  85    0    0 280 -312  2
4184500 2653500  1  1  4   2.2  946 252  4.7 7  4.1  85    0    0 266 -309  2
4184500 2653500  1  1  5   2.0  946 250  4.2 6  4.0  84    0    0 260 -309  2
4184500 2653500  1  1  6   1.9  946 248  3.8 7  3.9  83    0    0 267 -309  2
4184500 2653500  1  1  7   1.8  946 247  3.9 7  3.9  85    0    0 274 -309  2
4184500 2653500  1  1  8   1.6  946 270  3.2 7  3.9  86    0    0 275 -309  2
4184500 2653500  1  1  9   1.3  947 278  4.5 7  3.8  85    4   11 274 -309  2
4184500 2653500  1  1 10   1.2  948 277  2.9 7  3.7  83   46   47 272 -310  2
4184500 2653500  1  1 11   1.5  949 263  6.0 5  3.6  80   87   81 262 -311  2
4184500 2653500  1  1 12   1.5  950 262  6.5 7  3.6  79   17  107 261 -312  2
4184500 2653500  1  1 13   1.6  950 271  5.9 7  3.5  78    0   82 269 -312  2
4184500 2653500  1  1 14   1.3  950 288  5.7 6  3.5  78    0   72 263 -312  2
4184500 2653500  1  1 15   0.5  950 274  8.0 5  3.4  79    2   60 252 -311  2
4184500 2653500  1  1 16   0.7  951 267  6.6 5  3.2  76    0    9 247 -309  2
4184500 2653500  1  1 17   0.0  951 269  6.5 7  3.1  75    0    0 253 -308  2
4184500 2653500  1  1 18  -0.7  952 249  6.0 6  3.1  80    0    0 255 -308  2
4184500 2653500  1  1 19  -0.8  952 243  4.2 5  3.1  82    0    0 246 -307  2
4184500 2653500  1  1 20  -0.6  952 239  7.7 6  3.1  80    0    0 247 -306  2
4184500 2653500  1  1 21  -0.4  951 249  7.3 7  3.1  81    0    0 257 -304  2
4184500 2653500  1  1 22  -0.7  951 262  8.2 6  3.0  78    0    0 257 -303  2
4184500 2653500  1  1 23  -1.4  951 252  6.9 5  2.8  76    0    0 247 -303  2
4184500 2653500  1  1 24  -1.3  951 252  8.2 6  2.8  76    0    0 247 -302  2
4184500 2653500  1  2  1  -1.5  950 243  7.9 8  2.8  76    0    0 260 -301  2
4184500 2653500  1  2  2  -1.4  950 243  8.6 8  2.8  76    0    0 270 -301  2
4184500 2653500  1  2  3  -2.2  949 240  8.5 8  2.9  82    0    0 271 -302  2
4184500 2653500  1  2  4  -2.2  950 252  8.9 8  3.1  89    0    0 271 -302  2
4184500 2653500  1  2  5  -1.9  950 251  9.4 7  3.1  89    0    0 269 -302  2
4184500 2653500  1  2  6  -1.4  950 259  8.8 7  3.1  88    0    0 266 -302  2
4184500 2653500  1  2  7  -0.5  951 254  9.7 7  3.2  84    0    0 269 -303  2
4184500 2653500  1  2  8  -0.4  951 254  9.3 8  3.2  81    0    0 275 -304  2
4184500 2653500  1  2  9   0.0  952 260  9.0 8  3.1  79    0    1 280 -305  2
4184500 2653500  1  2 10  -0.2  952 255  9.4 8  3.1  77   24   25 281 -306  2
4184500 2653500  1  2 11  -1.0  952 245  9.1 7  3.1  81   20   57 275 -307  2
4184500 2653500  1  2 12  -1.5  953 253  5.7 6  3.2  88    0   51 263 -308  2
4184500 2653500  1  2 13  -1.2  954 294  7.2 8  3.3  90    0   51 270 -309  2
4184500 2653500  1  2 14  -1.5  955 292  7.2 8  3.2  88    0   37 282 -310  2
4184500 2653500  1  2 15  -1.4  956 311  6.8 8  3.0  84    0   29 281 -310  2
4184500 2653500  1  2 16  -2.2  957 305  6.4 7  2.8  79    0    7 274 -310  2
4184500 2653500  1  2 17  -2.7  959 291  5.0 6  2.8  83    0    0 262 -309  2
4184500 2653500  1  2 18  -2.8  960 306  5.5 7  2.9  89    0    0 261 -308  2
4184500 2653500  1  2 19  -2.8  962 307  6.1 8  2.9  90    0    0 272 -308  2
4184500 2653500  1  2 20  -3.0  963 307  5.6 6  2.9  90    0    0 265 -307  2
4184500 2653500  1  2 21  -2.9  964 308  4.6 8  2.9  91    0    0 265 -306  2
4184500 2653500  1  2 22  -2.9  965 334  4.9 8  2.9  90    0    0 277 -306  2
4184500 2653500  1  2 23  -3.2  966 330  5.0 8  2.9  90    0    0 276 -305  2
4184500 2653500  1  2 24  -3.1  968 328  5.0 8  2.9  92    0    0 275 -305  2
4184500 2653500  1  3  1  -3.1  969 325  5.6 8  2.9  93    0    0 276 -305  2
4184500 2653500  1  3  2  -2.9  969 337  5.0 8  2.9  92    0    0 276 -305  2
4184500 2653500  1  3  3  -3.0  970 340  4.6 8  2.9  92    0    0 276 -305  2
4184500 2653500  1  3  4  -3.0  972 333  4.2 8  3.0  93    0    0 276 -305  2
4184500 2653500  1  3  5  -2.9  973 332  3.8 8  3.0  94    0    0 275 -305  2
4184500 2653500  1  3  6  -2.7  973 324  3.3 8  3.0  93    0    0 276 -304  2
4184500 2653500  1  3  7  -2.5  974 325  3.7 8  3.0  92    0    0 276 -304  2
4184500 2653500  1  3  8  -2.4  975 332  3.4 8  3.0  92    0    0 275 -305  2
4184500 2653500  1  3  9  -2.4  976 331  3.6 8  3.0  91    6   12 273 -305  2
4184500 2653500  1  3 10  -2.4  977 331  3.5 8  3.0  91   46   53 272 -305  2
4184500 2653500  1  3 11  -2.1  978 332  3.2 5  3.0  91   55   98 256 -306  2
4184500 2653500  1  3 12  -2.1  979 336  4.9 4  3.1  92   54  125 236 -308  2
4184500 2653500  1  3 13  -2.0  979   3  6.8 6  3.1  91    0   86 241 -309  2
4184500 2653500  1  3 14  -2.1  979   4  6.3 7  2.9  86    0   38 256 -310  2
4184500 2653500  1  3 15  -2.5  980 360  4.7 7  2.7  82    0   27 259 -308  2
4184500 2653500  1  3 16  -2.6  981 345  3.5 7  2.6  81    0   10 256 -305  2
4184500 2653500  1  3 17  -4.2  981 338  2.6 7  2.5  83    0    0 251 -301  2
4184500 2653500  1  3 18  -4.1  981 359  2.7 6  2.5  87    0    0 242 -298  2
4184500 2653500  1  3 19  -4.2  982 354  2.7 8  2.5  89    0    0 245 -297  2
4184500 2653500  1  3 20  -4.3  982 360  2.8 8  2.5  88    0    0 252 -296  2
4184500 2653500  1  3 21  -4.6  983 354  2.9 8  2.5  89    0    0 252 -294  2
4184500 2653500  1  3 22  -5.1  983 357  2.5 7  2.5  91    0    0 246 -293  2
4184500 2653500  1  3 23  -5.6  983 341  1.9 7  2.4  92    0    0 240 -292  2
4184500 2653500  1  3 24  -5.7  984 354  1.9 6  2.4  93    0    0 234 -291  2
4184500 2653500  1  4  1  -6.5  984   8  0.7 4  2.3  93    0    0 220 -289  2
4184500 2653500  1  4  2  -6.7  984 339  1.0 4  2.2  93    0    0 211 -287  2
4184500 2653500  1  4  3  -6.7  984 330  1.5 5  2.2  93    0    0 215 -286  2
4184500 2653500  1  4  4  -6.7  984 337  1.0 6  2.2  93    0    0 222 -284  2
4184500 2653500  1  4  5  -6.9  984  10  0.1 6  2.2  93    0    0 223 -280  2
4184500 2653500  1  4  6  -7.2  984 349  0.2 8  2.2  94    0    0 228 -270  2
4184500 2653500  1  4  7  -6.6  984  62  0.5 8  2.2  94    0    0 233 -256  2
4184500 2653500  1  4  8  -6.9  984  43  0.3 8  2.2  93    0    0 232 -244  2
4184500 2653500  1  4  9  -7.0  985  49  0.1 8  2.2  93    1   12 230 -235  2
4184500 2653500  1  4 10  -7.0  985  61  0.0 5  2.1  92   25   68 220 -231  2
4184500 2653500  1  4 11  -6.5  985 180  0.5 5  2.1  91   32  115 211 -240  2
4184500 2653500  1  4 12  -6.5  985 287  0.6 5  2.2  91   17  131 214 -257  2
4184500 2653500  1  4 13  -6.4  985 312  0.4 5  2.2  90    0   71 215 -271  2
4184500 2653500  1  4 14  -6.4  985 326  0.2 6  2.2  90    0   48 220 -275  2
4184500 2653500  1  4 15  -6.1  985  40  0.0 7  2.2  88    0   40 228 -273  2
4184500 2653500  1  4 16  -6.6  985  74  0.9 6  2.1  88    0   22 227 -262  2
4184500 2653500  1  4 17  -7.7  985  73  2.3 6  2.1  91    0    0 220 -245  2
4184500 2653500  1  4 18  -7.0  985 112  1.8 6  2.0  90    0    0 216 -230  2
4184500 2653500  1  4 19  -8.5  985 123  2.4 6  1.9  90    0    0 213 -224  2
4184500 2653500  1  4 20  -9.1  985  98  2.4 5  1.9  93    0    0 206 -221  2
4184500 2653500  1  4 21 -10.8  985 142  2.3 4  1.7  95    0    0 196 -220  2
4184500 2653500  1  4 22 -10.1  985 130  2.2 4  1.7  95    0    0 192 -219  2
4184500 2653500  1  4 23 -10.5  985  82  0.9 3  1.7  94    0    0 188 -219  2
4184500 2653500  1  4 24 -10.2  986  65  0.8 5  1.6  92    0    0 190 -218  2
4184500 2653500  1  5  1 -10.2  986 111  1.5 4  1.6  88    0    0 191 -219  2
4184500 2653500  1  5  2 -11.1  985 105  1.4 4  1.5  88    0    0 186 -220  2
4184500 2653500  1  5  3 -11.0  985 100  1.4 4  1.5  89    0    0 185 -220  2
4184500 2653500  1  5  4 -10.4  986 104  1.9 4  1.5  87    0    0 186 -221  2
4184500 2653500  1  5  5 -11.3  986 100  2.0 3  1.5  86    0    0 184 -241  2
4184500 2653500  1  5  6 -11.7  985  84  1.7 2  1.4  86    0    0 178 -264  2
4184500 2653500  1  5  7 -12.2  985  83  1.5 4  1.4  88    0    0 179 -266  2
4184500 2653500  1  5  8 -12.1  985  78  0.9 3  1.4  88    0    0 179 -267  2
4184500 2653500  1  5  9 -12.1  985  94  1.3 3  1.3  86   11   10 177 -268  2
4184500 2653500  1  5 10 -11.3  985 102  1.7 3  1.4  86  117   24 177 -270  2
4184500 2653500  1  5 11  -9.4  985 102  1.8 0  1.5  87  212   43 176 -274  2
4184500 2653500  1  5 12  -8.6  984 106  1.7 0  1.7  84  225   48 173 -279  2
4184500 2653500  1  5 13  -8.4  982 119  1.8 0  1.7  82  171   80 174 -284  2
4184500 2653500  1  5 14  -7.4  982 112  1.7 0  1.7  80  118   87 174 -285  2
4184500 2653500  1  5 15  -7.4  981 121  2.9 0  1.8  79   86   65 177 -284  2
4184500 2653500  1  5 16  -7.3  981 133  2.9 0  1.7  78   21   35 177 -280  2
4184500 2653500  1  5 17  -8.6  980 120  1.3 2  1.7  78    0    1 181 -276  2
4184500 2653500  1  5 18  -9.4  980 124  2.1 2  1.6  81    0    0 184 -272  2
4184500 2653500  1  5 19  -9.3  979 106  1.0 1  1.6  81    0    0 180 -270  2
4184500 2653500  1  5 20 -10.1  979  94  0.2 1  1.5  82    0    0 177 -268  2
4184500 2653500  1  5 21  -9.7  979 109  1.2 1  1.5  82    0    0 177 -268  2
4184500 2653500  1  5 22  -8.1  979 128  1.6 0  1.5  77    0    0 176 -268  2
4184500 2653500  1  5 23  -8.3  978 142  1.5 0  1.6  74    0    0 175 -268  2
4184500 2653500  1  5 24  -7.6  977 144  1.2 0  1.6  74    0    0 175 -268  2
4184500 2653500  1  6  1 -10.0  977 138  2.0 0  1.6  80    0    0 175 -269  2
4184500 2653500  1  6  2  -9.7  976 124  1.5 0  1.6  85    0    0 172 -269  2
4184500 2653500  1  6  3 -10.3  976 128  1.2 0  1.6  86    0    0 172 -268  2
4184500 2653500  1  6  4  -9.8  975 115  2.6 0  1.6  87    0    0 172 -267  2
4184500 2653500  1  6  5  -9.4  974 114  2.7 0  1.6  86    0    0 173 -267  2
4184500 2653500  1  6  6 -10.6  974 115  2.1 1  1.6  87    0    0 175 -267  2
4184500 2653500  1  6  7 -10.7  973 126  1.7 0  1.6  90    0    0 174 -266  2
4184500 2653500  1  6  8 -11.3  972  86  1.9 0  1.6  92    0    0 170 -265  2
4184500 2653500  1  6  9 -10.3  973 109  2.3 0  1.6  90   10   11 169 -266  2
4184500 2653500  1  6 10  -8.9  973  68  2.6 0  1.7  90  111   33 172 -268  2
4184500 2653500  1  6 11  -8.0  973 121  2.6 0  1.8  86  213   43 173 -272  2
4184500 2653500  1  6 12  -6.5  972 125  2.2 0  1.8  79  243   55 174 -278  2
4184500 2653500  1  6 13  -5.9  972 171  0.5 0  1.9  75  159   93 176 -283  2
4184500 2653500  1  6 14  -6.7  971 155  1.4 0  1.8  74  145   85 175 -285  2
4184500 2653500  1  6 15  -7.0  971 108  1.1 0  1.8  76  100   66 173 -284  2
4184500 2653500  1  6 16  -6.9  972 160  1.2 1  1.8  78   23   39 179 -278  2
4184500 2653500  1  6 17  -8.2  972  23  0.9 1  1.8  79    0    2 182 -272  2
4184500 2653500  1  6 18  -9.0  973 154  0.4 1  1.7  82    0    0 180 -268  2
4184500 2653500  1  6 19 -10.1  974 198  1.1 0  1.6  84    0    0 173 -265  2
4184500 2653500  1  6 20 -10.3  975 171  1.0 0  1.6  86    0    0 167 -263  2
4184500 2653500  1  6 21 -10.4  974 175  0.8 0  1.5  85    0    0 167 -262  2
4184500 2653500  1  6 22 -10.8  975 185  0.9 0  1.5  86    0    0 167 -263  2
4184500 2653500  1  6 23 -11.0  975 201  1.1 1  1.5  89    0    0 172 -262  2
4184500 2653500  1  6 24 -10.3  976 205  1.0 3  1.5  88    0    0 185 -261  2
4184500 2653500  1  7  1  -9.3  977  93  0.1 5  1.6  86    0    0 204 -257  2
4184500 2653500  1  7  2  -9.3  977 354  0.6 5  1.7  88    0    0 213 -251  2
4184500 2653500  1  7  3  -8.9  978 180  0.5 4  1.7  88    0    0 210 -250  2
4184500 2653500  1  7  4  -8.7  979 232  0.9 5  1.7  86    0    0 211 -250  2
4184500 2653500  1  7  5  -8.5  979 192  0.8 6  1.8  86    0    0 218 -252  2
4184500 2653500  1  7  6  -8.5  979 261  0.8 6  1.8  86    0    0 222 -255  2
4184500 2653500  1  7  7  -8.3  980 272  1.0 6  1.8  86    0    0 222 -257  2
4184500 2653500  1  7  8  -8.3  981 291  1.2 7  1.8  85    0    0 226 -263  2
4184500 2653500  1  7  9  -8.3  982 244  0.8 7  1.8  86    1    9 229 -268  2
4184500 2653500  1  7 10  -8.1  982 237  0.1 4  1.8  84   12   46 219 -271  2
4184500 2653500  1  7 11  -8.2  983 268  0.7 6  1.8  84   24   85 217 -277  2
4184500 2653500  1  7 12  -8.1  983 299  0.8 4  1.8  84   77  107 220 -282  2
4184500 2653500  1  7 13  -8.1  983 289  1.5 4  1.8  84   37  119 213 -286  2
4184500 2653500  1  7 14  -7.3  985 306  1.1 5  1.8  82   16  103 219 -288  2
4184500 2653500  1  7 15  -8.3  984 335  1.0 4  1.8  83   16   75 217 -288  2
4184500 2653500  1  7 16  -8.0  984   4  1.4 7  1.8  86    6   34 221 -286  2
4184500 2653500  1  7 17  -7.8  985  47  1.3 7  1.8  84    0    2 225 -281  2
4184500 2653500  1  7 18  -7.5  986 106  1.3 7  1.8  83    0    0 222 -275  2
4184500 2653500  1  7 19  -7.7  986  38  1.5 8  1.8  84    0    0 223 -271  2
4184500 2653500  1  7 20  -8.2  987  44  0.9 8  1.8  85    0    0 224 -269  2
4184500 2653500  1  7 21  -7.9  987  99  0.8 8  1.8  86    0    0 224 -267  2
4184500 2653500  1  7 22  -7.7  988  92  1.3 8  1.9  86    0    0 226 -266  2
4184500 2653500  1  7 23  -8.0  988  89  0.6 8  1.9  87    0    0 228 -266  2
4184500 2653500  1  7 24  -8.1  988  90  1.3 8  1.9  88    0    0 230 -266  2
4184500 2653500  1  8  1  -8.4  988 105  0.7 7  1.8  89    0    0 228 -266  2
4184500 2653500  1  8  2  -8.6  988 100  1.0 7  1.8  89    0    0 227 -265  2
4184500 2653500  1  8  3  -9.0  988 116  1.3 3  1.8  89    0    0 213 -265  2
4184500 2653500  1  8  4 -10.0  988 132  1.1 1  1.7  89    0    0 190 -266  2
4184500 2653500  1  8  5 -10.3  988 137  1.5 0  1.6  91    0    0 177 -266  2
4184500 2653500  1  8  6 -11.1  989 151  1.5 1  1.6  93    0    0 176 -266  2
4184500 2653500  1  8  7 -10.9  988 152  0.7 1  1.6  93    0    0 179 -267  2
4184500 2653500  1  8  8 -10.6  988 124  1.0 0  1.6  93    0    0 176 -267  2
4184500 2653500  1  8  9 -10.7  987 121  1.4 1  1.6  91   14    9 175 -266  2
4184500 2653500  1  8 10  -9.0  987 148  0.9 1  1.6  86  119   24 180 -269  2
4184500 2653500  1  8 11  -7.4  987 134  0.9 0  1.8  84  209   42 178 -274  2
4184500 2653500  1  8 12  -5.9  987 113  1.8 0  1.9  80  226   46 175 -280  2
4184500 2653500  1  8 13  -5.2  987 135  2.2 0  1.9  75  231   47 178 -285  2
4184500 2653500  1  8 14  -3.7  985 137  1.4 0  2.0  72  119   82 182 -289  2
4184500 2653500  1  8 15  -4.4  984 150  1.0 0  2.0  71   87   61 186 -289  2
4184500 2653500  1  8 16  -5.6  983 157  1.7 1  2.0  73   27   35 191 -286  2
4184500 2653500  1  8 17  -6.9  983 148  2.7 1  1.9  78    0    3 196 -283  2
4184500 2653500  1  8 18  -7.6  982 151  2.7 2  1.8  81    0    0 201 -282  2
4184500 2653500  1  8 19  -7.8  982 151  3.4 1  1.8  81    0    0 202 -281  2
4184500 2653500  1  8 20  -7.6  981 148  2.2 1  1.8  82    0    0 202 -281  2
4184500 2653500  1  8 21  -8.1  981 151  2.5 2  1.8  82    0    0 205 -281  2
4184500 2653500  1  8 22 -10.4  979 148  4.5 2  1.7  85    0    0 204 -281  2
4184500 2653500  1  8 23 -10.2  979 145  4.0 3  1.6  90    0    0 206 -283  2
4184500 2653500  1  8 24  -9.0  978 134  2.9 6  1.7  88    0    0 217 -285  2
4184500 2653500  1  9  1  -8.1  978 128  2.4 6  1.7  85    0    0 230 -286  2
4184500 2653500  1  9  2  -7.6  978 118  2.7 6  1.8  83    0    0 233 -286  2
4184500 2653500  1  9  3  -6.6  977  92  3.2 7  1.9  81    0    0 240 -283  2
4184500 2653500  1  9  4  -5.8  977 234  2.4 7  2.0  79    0    0 247 -279  2
4184500 2653500  1  9  5  -5.2  976 221  3.3 7  2.0  78    0    0 252 -275  2
4184500 2653500  1  9  6  -4.3  976 216  3.0 6  2.1  78    0    0 252 -274  2
4184500 2653500  1  9  7  -4.1  975 233  4.7 8  2.3  79    0    0 260 -277  2
4184500 2653500  1  9  8  -4.2  976 222  4.1 8  2.4  83    0    0 270 -283  2
4184500 2653500  1  9  9  -4.3  976 228  3.6 8  2.5  87    0    5 271 -289  2
4184500 2653500  1  9 10  -4.4  976 256  3.7 8  2.6  90    0   22 273 -293  2
4184500 2653500  1  9 11  -4.1  976 257  3.6 8  2.6  91    4   80 275 -297  2
4184500 2653500  1  9 12  -3.2  976 250  3.4 6  2.7  89   10  114 266 -299  2
4184500 2653500  1  9 13  -2.9  976 255  2.9 7  2.8  88    0   64 261 -301  2
4184500 2653500  1  9 14  -2.7  975 248  3.0 7  2.9  89    0   74 268 -303  2
4184500 2653500  1  9 15  -2.2  974 244  2.9 8  2.9  89    0   51 276 -303  2
4184500 2653500  1  9 16  -1.7  974 243  3.1 7  3.0  87    0   21 279 -304  2
4184500 2653500  1  9 17  -1.5  973 241  3.4 8  3.0  87    0    2 282 -304  2
4184500 2653500  1  9 18  -1.4  973 232  3.4 8  3.0  86    0    0 289 -304  2
4184500 2653500  1  9 19  -1.0  972 226  3.6 7  3.1  85    0    0 286 -303  2
4184500 2653500  1  9 20  -0.8  972 217  4.1 8  3.2  85    0    0 288 -300  2
4184500 2653500  1  9 21  -1.1  971 219  4.2 8  3.3  88    0    0 294 -298  2
4184500 2653500  1  9 22  -0.8  970 225  6.4 8  3.4  91    0    0 295 -301  2
4184500 2653500  1  9 23  -0.2  968 229  6.9 8  3.5  91    0    0 296 -304  2
4184500 2653500  1  9 24  -0.3  966 228  7.5 8  3.6  91    0    0 297 -306  2
4184500 2653500  1 10  1   0.0  964 235  8.0 7  3.7  93    0    0 293 -307  2
4184500 2653500  1 10  2   0.2  961 235  8.1 7  3.8  94    0    0 286 -309  2
4184500 2653500  1 10  3   0.3  959 237  7.9 6  3.8  94    0    0 281 -310  2
4184500 2653500  1 10  4   0.7  957 237  8.8 7  3.9  94    0    0 283 -311  2
4184500 2653500  1 10  5   0.9  957 246  8.2 7  3.9  93    0    0 291 -312  2
4184500 2653500  1 10  6   1.3  956 252  9.1 8  4.0  91    0    0 297 -313  2
4184500 2653500  1 10  7   0.9  955 260  8.8 6  4.0  92    0    0 291 -313  2
4184500 2653500  1 10  8   1.4  955 253  8.8 6  4.0  91    0    0 277 -314  2
4184500 2653500  1 10  9   1.7  954 258  8.7 6  3.9  86    0    7 278 -315  2
4184500 2653500  1 10 10   1.8  954 264 10.9 7  3.8  84   12   38 285 -316  2
4184500 2653500  1 10 11   1.8  954 273 11.9 6  3.8  84    0   43 284 -316  2
4184500 2653500  1 10 12   1.8  955 278 12.0 8  3.8  82    0   48 288 -317  2
4184500 2653500  1 10 13   1.9  955 282 12.3 8  3.6  79    0   43 299 -317  2
4184500 2653500  1 10 14   1.0  955 288 11.7 7  3.5  78    0   55 290 -318  2
4184500 2653500  1 10 15   0.6  956 282 10.0 5  3.4  80    7   61 266 -317  2
4184500 2653500  1 10 16   0.8  956 286  9.7 7  3.3  79   30   21 266 -316  2
4184500 2653500  1 10 17   0.0  956 280  9.2 7  3.3  80    0    1 277 -315  2
4184500 2653500  1 10 18  -0.2  956 293  8.7 6  3.3  83    0    0 269 -314  2
4184500 2653500  1 10 19  -0.4  956 283  7.5 7  3.2  82    0    0 268 -312  2
4184500 2653500  1 10 20  -0.7  956 270  7.1 8  3.1  81    0    0 280 -310  2
4184500 2653500  1 10 21  -0.3  955 300  9.5 8  3.2  82    0    0 286 -308  2
4184500 2653500  1 10 22  -0.3  955 271  6.9 7  3.2  82    0    0 279 -308  2
4184500 2653500  1 10 23  -0.8  954 273  6.3 7  3.2  82    0    0 273 -308  2
4184500 2653500  1 10 24  -0.6  953 261  5.7 8  3.2  84    0    0 277 -307  2
4184500 2653500  1 11  1  -0.7  952 265  4.0 7  3.3  85    0    0 277 -306  2
4184500 2653500  1 11  2  -1.0  951 261  3.6 6  3.3  87    0    0 264 -305  2
4184500 2653500  1 11  3  -1.0  950 266  3.0 7  3.4  90    0    0 264 -304  2
4184500 2653500  1 11  4  -1.1  950 268  2.3 7  3.5  93    0    0 269 -302  2
4184500 2653500  1 11  5  -1.0  949 272  2.2 7  3.5  94    0    0 269 -301  2
4184500 2653500  1 11  6  -1.0  948 283  2.2 8  3.5  94    0    0 274 -301  2
4184500 2653500  1 11  7  -0.6  948 301  3.1 8  3.6  94    0    0 279 -301  2
4184500 2653500  1 11  8  -0.9  949 316  5.0 7  3.6  94    0    0 275 -301  2
4184500 2653500  1 11  9  -1.0  950 309  6.0 7  3.5  92   18    9 269 -301  2
4184500 2653500  1 11 10  -1.6  950 297  7.0 7  3.3  90   94   21 266 -301  2
4184500 2653500  1 11 11  -1.1  950 279  9.1 8  3.2  88   14   80 271 -302  2
4184500 2653500  1 11 12  -0.9  951 294  9.3 6  3.3  88    2   87 267 -303  2
4184500 2653500  1 11 13  -0.8  951 293  9.7 6  3.3  88    0   61 254 -304  2
4184500 2653500  1 11 14  -0.4  952 292 10.3 7  3.3  86    0   54 259 -305  2
4184500 2653500  1 11 15  -0.1  952 281  9.4 7  3.3  84    0   49 263 -306  2
4184500 2653500  1 11 16  -0.3  953 290  9.7 7  3.3  84    0   21 263 -307  2
4184500 2653500  1 11 17  -0.6  953 298  9.3 8  3.4  87    0    3 269 -307  2
4184500 2653500  1 11 18  -0.5  953 290  9.9 8  3.4  87    0    0 274 -307  2
4184500 2653500  1 11 19  -0.5  954 297  9.9 7  3.3  86    0    0 271 -307  2
4184500 2653500  1 11 20  -0.7  954 299  9.2 7  3.3  85    0    0 267 -307  2
4184500 2653500  1 11 21  -1.0  955 295  8.2 7  3.2  85    0    0 267 -306  2
4184500 2653500  1 11 22  -0.9  955 295  8.7 7  3.2  85    0    0 268 -307  2
4184500 2653500  1 11 23  -0.8  956 293  8.7 7  3.2  86    0    0 269 -307  2
4184500 2653500  1 11 24  -0.8  956 295  7.5 8  3.3  87    0    0 277 -307  2
4184500 2653500  1 12  1  -0.6  957 294  7.9 8  3.4  88    0    0 285 -308  2
4184500 2653500  1 12  2  -0.6  956 294  7.6 8  3.4  88    0    0 286 -309  2
4184500 2653500  1 12  3  -0.6  956 299  6.5 8  3.4  88    0    0 286 -309  2
4184500 2653500  1 12  4  -0.8  956 292  7.3 8  3.5  91    0    0 287 -310  2
4184500 2653500  1 12  5  -0.8  956 290  8.6 8  3.5  92    0    0 287 -310  2
4184500 2653500  1 12  6  -0.8  956 294  8.4 8  3.5  91    0    0 287 -311  2
4184500 2653500  1 12  7  -1.0  957 282  6.8 8  3.4  91    0    0 286 -312  2
4184500 2653500  1 12  8  -1.0  957 292  7.6 7  3.4  92    0    0 279 -312  2
4184500 2653500  1 12  9  -1.1  957 285  5.1 8  3.4  93    0    9 278 -311  2
4184500 2653500  1 12 10  -0.9  958 294  4.8 8  3.5  93   29   40 285 -310  2
4184500 2653500  1 12 11  -0.8  959 281  4.6 8  3.5  93    0   54 286 -308  2
4184500 2653500  1 12 12  -1.0  959 301  5.7 6  3.5  94    0   73 274 -306  2
4184500 2653500  1 12 13  -1.3  960 344  6.5 7  3.5  94    1   88 266 -304  2
4184500 2653500  1 12 14  -1.8  962 329  6.7 6  3.2  90    0   36 264 -304  2
4184500 2653500  1 12 15  -2.2  963 324  5.6 8  3.0  87    0   24 269 -304  2
4184500 2653500  1 12 16  -2.7  964 334  6.1 8  3.0  89    0   12 279 -302  2
4184500 2653500  1 12 17  -2.7  965 334  6.9 8  3.0  91    0    1 279 -301  2
4184500 2653500  1 12 18  -2.8  966 328  7.1 8  3.0  91    0    0 279 -300  2
4184500 2653500  1 12 19  -2.9  968 339  7.1 8  2.9  91    0    0 278 -299  2
4184500 2653500  1 12 20  -3.0  969 337  7.3 8  2.9  91    0    0 278 -299  2
4184500 2653500  1 12 21  -3.0  971 333  6.3 8  2.9  90    0    0 277 -298  2
4184500 2653500  1 12 22  -3.2  972 335  6.9 8  2.8  89    0    0 275 -297  2
4184500 2653500  1 12 23  -3.2  973 328  7.5 8  2.7  88    0    0 274 -295  2
4184500 2653500  1 12 24  -3.3  974 339  7.8 8  2.7  87    0    0 274 -295  2
4184500 2653500  1 13  1  -3.4  975 318  4.2 7  2.7  86    0    0 266 -293  2
4184500 2653500  1 13  2  -3.4  977 326  6.6 7  2.7  87    0    0 258 -292  2
4184500 2653500  1 13  3  -3.4  978 332  5.4 7  2.7  87    0    0 256 -292  2
4184500 2653500  1 13  4  -3.4  980 326  5.1 7  2.6  86    0    0 254 -292  2
4184500 2653500  1 13  5  -3.5  981 326  4.4 8  2.6  85    0    0 259 -292  2
4184500 2653500  1 13  6  -3.6  981 323  5.3 8  2.6  85    0    0 264 -292  2
4184500 2653500  1 13  7  -3.7  981 320  4.9 8  2.6  86    0    0 264 -291  2
4184500 2653500  1 13  8  -3.7  981 327  4.6 8  2.6  87    0    0 264 -291  2
4184500 2653500  1 13  9  -3.8  982 318  4.2 7  2.5  86    3   12 258 -290  2
4184500 2653500  1 13 10  -3.8  983 311  3.5 6  2.5  85   35   55 247 -290  2
4184500 2653500  1 13 11  -3.8  984 308  3.3 8  2.5  86   24   94 253 -290  2
4184500 2653500  1 13 12  -3.5  985 293  3.7 7  2.6  88    4   94 259 -292  2
4184500 2653500  1 13 13  -3.3  985 287  4.0 7  2.7  88    0   67 256 -292  2
4184500 2653500  1 13 14  -3.4  985 284  4.2 7  2.6  87    0   49 258 -292  2
4184500 2653500  1 13 15  -3.5  985 283  4.2 5  2.6  86    0   51 249 -292  2
4184500 2653500  1 13 16  -3.7  986 292  4.2 6  2.6  86    0   32 242 -291  2
4184500 2653500  1 13 17  -3.9  986 275  3.8 7  2.5  86    0    1 251 -290  2
4184500 2653500  1 13 18  -4.3  987 267  3.0 6  2.4  85    0    0 250 -289  2
4184500 2653500  1 13 19  -5.2  987 242  2.0 5  2.3  86    0    0 241 -284  2
4184500 2653500  1 13 20  -6.7  988 201  1.3 4  2.2  88    0    0 231 -276  2
4184500 2653500  1 13 21  -7.1  988 192  0.7 4  2.1  91    0    0 226 -271  2
4184500 2653500  1 13 22  -8.4  987 192  1.4 4  2.0  93    0    0 224 -270  2
4184500 2653500  1 13 23  -8.4  987 185  1.9 3  1.9  92    0    0 218 -272  2
4184500 2653500  1 13 24  -8.5  987 204  1.5 0  1.8  90    0    0 202 -278  2
4184500 2653500  1 14  1  -8.3  987 244  2.2 0  1.8  88    0    0 190 -287  2
4184500 2653500  1 14  2  -8.6  986 253  2.6 0  1.8  86    0    0 191 -294  2
4184500 2653500  1 14  3  -8.8  986 232  3.5 0  1.7  85    0    0 190 -300  2
4184500 2653500  1 14  4  -8.1  986 246  3.7 1  1.7  85    0    0 195 -304  2
4184500 2653500  1 14  5  -7.3  986 245  3.4 5  1.9  85    0    0 221 -305  2
4184500 2653500  1 14  6  -6.0  986 239  3.0 6  2.0  85    0    0 249 -306  2
4184500 2653500  1 14  7  -5.5  986 225  2.5 5  2.2  85    0    0 253 -306  2
4184500 2653500  1 14  8  -5.2  985 218  2.4 7  2.3  86    0    0 259 -307  2
4184500 2653500  1 14  9  -4.4  985 236  2.3 7  2.4  86    7   13 272 -308  2
4184500 2653500  1 14 10  -3.7  985 226  2.7 7  2.5  85   36   58 275 -311  2
4184500 2653500  1 14 11  -3.1  984 238  3.7 7  2.6  84   31   99 278 -314  2
4184500 2653500  1 14 12  -2.3  984 245  3.5 7  2.6  82   16  116 281 -317  2
4184500 2653500  1 14 13  -1.9  985 246  4.4 5  2.7  80   31  136 271 -319  2
4184500 2653500  1 14 14  -1.3  984 240  4.9 3  2.8  80   39  127 250 -320  2
4184500 2653500  1 14 15  -1.2  983 244  4.6 3  2.8  80   23   92 240 -320  2
4184500 2653500  1 14 16  -1.7  983 244  4.3 6  2.9  81    0   35 258 -320  2
4184500 2653500  1 14 17  -1.8  982 250  4.4 8  2.9  85    0    1 286 -320  2
4184500 2653500  1 14 18  -1.4  982 247  4.2 8  3.0  86    0    0 299 -320  2
4184500 2653500  1 14 19  -1.4  982 251  4.0 7  3.0  85    0    0 293 -320  2
4184500 2653500  1 14 20  -1.4  982 248  3.5 8  3.0  85    0    0 293 -320  2
4184500 2653500  1 14 21  -1.5  982 241  2.8 8  3.0  86    0    0 299 -321  2
4184500 2653500  1 14 22  -1.4  982 223  3.3 8  3.1  88    0    0 300 -321  2
4184500 2653500  1 14 23  -1.5  982 210  2.7 8  3.1  89    0    0 301 -321  2
4184500 2653500  1 14 24  -1.7  982 190  3.1 8  3.1  89    0    0 299 -321  2
4184500 2653500  1 15  1  -1.4  982 196  3.0 8  3.1  88    0    0 299 -321  2
4184500 2653500  1 15  2  -1.6  982 207  2.1 8  3.1  88    0    0 298 -321  2
4184500 2653500  1 15  3  -1.3  981 202  2.4 8  3.1  90    0    0 298 -321  2
4184500 2653500  1 15  4  -0.9  981 223  2.1 8  3.2  88    0    0 299 -321  2
4184500 2653500  1 15  5  -1.2  981 235  2.9 8  3.2  88    0    0 299 -321  2
4184500 2653500  1 15  6  -0.8  981 237  2.4 8  3.2  88    0    0 298 -321  2
4184500 2653500  1 15  7  -1.0  981 223  3.5 7  3.2  88    0    0 293 -321  2
4184500 2653500  1 15  8  -0.7  981 218  3.7 8  3.2  88    0    0 294 -320  2
4184500 2653500  1 15  9  -0.4  981 220  3.7 8  3.3  88    0    3 300 -317  2
4184500 2653500  1 15 10   0.0  981 233  3.3 8  3.4  87    4   41 301 -314  2
4184500 2653500  1 15 11   0.1  982 241  3.8 8  3.4  87    0   56 301 -313  2
4184500 2653500  1 15 12   0.9  982 244  3.6 6  3.5  86    0   78 290 -315  2
4184500 2653500  1 15 13   0.9  982 232  3.6 7  3.6  86   10   98 284 -318  2
4184500 2653500  1 15 14   1.3  981 250  2.9 7  3.6  85    2   82 292 -320  2
4184500 2653500  1 15 15   1.0  981 235  2.9 7  3.6  85    2   59 291 -320  2
4184500 2653500  1 15 16   1.0  981 227  2.7 7  3.6  86    0   29 290 -321  2
4184500 2653500  1 15 17   0.6  982 211  3.0 7  3.6  87    0    4 290 -321  2
4184500 2653500  1 15 18   0.8  982 210  2.6 8  3.7  89    0    0 296 -321  2
4184500 2653500  1 15 19   0.8  982 216  2.2 8  3.7  90    0    0 302 -321  2
4184500 2653500  1 15 20   0.9  982 206  2.2 7  3.8  92    0    0 297 -321  2
4184500 2653500  1 15 21   0.9  983 207  1.6 7  3.9  93    0    0 292 -321  2
4184500 2653500  1 15 22   0.9  983 215  1.5 7  3.9  93    0    0 293 -321  2
4184500 2653500  1 15 23   1.1  983 204  1.2 7  3.9  93    0    0 293 -321  2
4184500 2653500  1 15 24   0.7  983 207  1.6 6  3.8  92    0    0 289 -321  2
4184500 2653500  1 16  1   1.4  983 242  1.5 8  3.9  92    0    0 293 -321  2
4184500 2653500  1 16  2   1.1  983 332  1.2 7  4.0  93    0    0 299 -320  2
4184500 2653500  1 16  3   1.1  983 173  1.8 8  3.9  92    0    0 299 -320  2
4184500 2653500  1 16  4   1.0  983 152  1.0 5  3.8  90    0    0 288 -320  2
4184500 2653500  1 16  5   0.7  983 150  1.0 6  3.8  91    0    0 278 -320  2
4184500 2653500  1 16  6   1.3  983 171  0.7 4  3.9  92    0    0 272 -316  2
4184500 2653500  1 16  7   1.1  983 171  1.4 6  3.9  92    0    0 272 -304  2
4184500 2653500  1 16  8   1.1  983 100  0.9 5  3.8  90    0    0 275 -289  2
4184500 2653500  1 16  9   0.0  983 114  0.8 5  3.6  88   20   14 267 -278  2
4184500 2653500  1 16 10   1.2  983 115  1.5 3  3.6  89  119   36 256 -288  2
4184500 2653500  1 16 11   3.5  984 109  0.8 0  4.0  86  223   45 236 -306  2
4184500 2653500  1 16 12   4.3  984 107  3.5 0  4.1  79  244   57 225 -314  2
4184500 2653500  1 16 13   3.1  983 109  3.3 0  4.0  78  216   77 224 -317  2
4184500 2653500  1 16 14   3.3  982 114  2.9 0  3.9  78  154   89 223 -319  2
4184500 2653500  1 16 15   3.6  982 109  2.7 0  3.8  75  105   75 223 -318  2
4184500 2653500  1 16 16   2.8  981 109  2.3 0  3.7  75   39   47 222 -315  2
4184500 2653500  1 16 17   1.7  981 111  2.8 0  3.5  76    0    8 220 -309  2
4184500 2653500  1 16 18   1.8  981 117  2.6 0  3.3  74    0    0 218 -304  2
4184500 2653500  1 16 19   2.0  980 121  3.5 0  3.2  71    0    0 218 -303  2
4184500 2653500  1 16 20   1.7  980 128  5.3 0  3.1  70    0    0 218 -304  2
4184500 2653500  1 16 21   0.6  979 129  4.5 0  3.1  73    0    0 215 -304  2
4184500 2653500  1 16 22   1.2  978 131  5.9 0  3.1  73    0    0 214 -305  2
4184500 2653500  1 16 23   1.0  978 136  4.0 0  3.0  71    0    0 214 -305  2
4184500 2653500  1 16 24   0.1  977 138  2.5 0  3.0  74    0    0 212 -305  2
4184500 2653500  1 17  1  -0.5  977 140  3.9 0  3.0  77    0    0 209 -305  2
4184500 2653500  1 17  2  -1.0  977 146  4.2 0  3.0  80    0    0 207 -306  2
4184500 2653500  1 17  3  -1.3  976 145  4.7 0  3.0  82    0    0 205 -306  2
4184500 2653500  1 17  4  -1.9  976 151  3.6 0  3.0  85    0    0 203 -306  2
4184500 2653500  1 17  5  -2.0  976 153  3.0 0  2.9  86    0    0 202 -307  2
4184500 2653500  1 17  6  -2.4  975 143  4.2 0  2.9  86    0    0 200 -307  2
4184500 2653500  1 17  7  -2.6  975 143  3.9 0  2.8  86    0    0 199 -307  2
4184500 2653500  1 17  8  -2.8  975 145  4.0 0  2.7  84    0    0 197 -308  2
4184500 2653500  1 17  9  -2.6  975 147  4.1 0  2.7  82   23   12 197 -308  2
4184500 2653500  1 17 10  -1.8  975 150  5.0 0  2.7  80  139   28 197 -309  2
4184500 2653500  1 17 11   0.5  975 144  5.1 0  2.8  74  234   48 200 -312  2
4184500 2653500  1 17 12   0.1  975 145  5.9 0  2.8  69  258   52 202 -315  2
4184500 2653500  1 17 13   1.0  975 149  4.7 0  2.8  69  204   74 202 -318  2
4184500 2653500  1 17 14  -0.1  974 137  5.2 0  2.9  70  171   76 202 -319  2
4184500 2653500  1 17 15  -0.4  973 139  5.3 0  2.8  73  128   63 201 -318  2
4184500 2653500  1 17 16  -0.2  973 131  6.2 0  2.8  72   48   45 202 -317  2
4184500 2653500  1 17 17  -1.5  972 131  6.1 1  2.7  73    0    9 203 -314  2
4184500 2653500  1 17 18  -2.5  972 128  6.4 1  2.6  76    0    0 204 -311  2
4184500 2653500  1 17 19  -2.3  972 128  6.9 0  2.5  75    0    0 198 -309  2
4184500 2653500  1 17 20  -2.4  971 122  6.5 0  2.4  73    0    0 193 -309  2
4184500 2653500  1 17 21  -2.3  971 126  6.4 0  2.4  72    0    0 192 -310  2
4184500 2653500  1 17 22  -2.2  970 121  6.6 0  2.4  71    0    0 192 -309  2
4184500 2653500  1 17 23  -3.1  970 120  5.8 0  2.4  72    0    0 192 -308  2
4184500 2653500  1 17 24  -3.2  969 124  4.1 0  2.4  75    0    0 192 -307  2
4184500 2653500  1 18  1  -2.9  969 113  2.5 1  2.3  74    0    0 198 -307  2
4184500 2653500  1 18  2  -3.4  968 123  4.9 0  2.3  75    0    0 201 -308  2
4184500 2653500  1 18  3  -4.1  968 127  4.5 0  2.4  78    0    0 199 -308  2
4184500 2653500  1 18  4  -3.8  967 141  4.7 0  2.4  80    0    0 200 -307  2
4184500 2653500  1 18  5  -4.1  967 135  6.2 0  2.3  79    0    0 203 -306  2
4184500 2653500  1 18  6  -3.7  966 132  6.7 0  2.3  78    0    0 205 -307  2
4184500 2653500  1 18  7  -3.9  966 136  7.1 2  2.3  78    0    0 213 -309  2
4184500 2653500  1 18  8  -4.1  966 158  3.7 4  2.3  78    0    0 224 -311  2
4184500 2653500  1 18  9  -3.9  966 145  6.6 5  2.3  78    9   15 234 -314  2
4184500 2653500  1 18 10  -3.4  966 149  5.5 6  2.3  77  101   53 242 -318  2
4184500 2653500  1 18 11  -3.4  966 144  5.5 5  2.4  77  153   80 244 -319  2
4184500 2653500  1 18 12  -2.5  966 143  3.9 5  2.4  74   51  135 242 -319  2
4184500 2653500  1 18 13  -2.5  965 138  3.8 4  2.4  73   98  139 239 -319  2
4184500 2653500  1 18 14  -2.7  965 134  5.5 4  2.4  74   74  130 234 -319  2
4184500 2653500  1 18 15  -2.3  965 119  5.3 5  2.4  74   43  100 239 -319  2
4184500 2653500  1 18 16  -2.9  965 146  3.8 7  2.4  74   22   53 253 -319  2
4184500 2653500  1 18 17  -3.2  964 128  3.6 7  2.4  77    0   11 264 -317  2
4184500 2653500  1 18 18  -3.2  965 120  2.6 7  2.4  78    0    0 265 -313  2
4184500 2653500  1 18 19  -3.0  965 120  4.1 8  2.5  78    0    0 273 -311  2
4184500 2653500  1 18 20  -3.2  965 118  4.2 7  2.5  78    0    0 275 -312  2
4184500 2653500  1 18 21  -3.1  964 119  3.9 8  2.5  79    0    0 276 -313  2
4184500 2653500  1 18 22  -3.2  963 134  5.3 8  2.5  79    0    0 283 -313  2
4184500 2653500  1 18 23  -2.9  963 123  6.3 8  2.5  79    0    0 282 -317  2
4184500 2653500  1 18 24  -3.0  963 151  2.5 6  2.5  78    0    0 268 -316  2
4184500 2653500  1 19  1  -2.8  964 143  1.0 8  2.5  79    0    0 269 -316  2
4184500 2653500  1 19  2  -3.7  964 166  2.2 8  2.5  80    0    0 280 -320  2
4184500 2653500  1 19  3  -3.5  964 136  2.2 8  2.5  82    0    0 279 -320  2
4184500 2653500  1 19  4  -3.5  965 182  2.7 6  2.5  81    0    0 268 -320  2
4184500 2653500  1 19  5  -3.3  964 199  2.2 7  2.5  81    0    0 263 -319  2
4184500 2653500  1 19  6  -2.9  965 160  2.6 8  2.6  82    0    0 277 -319  2
4184500 2653500  1 19  7  -3.1  965 226  2.7 8  2.7  85    0    0 284 -320  2
4184500 2653500  1 19  8  -3.1  966 206  3.2 7  2.9  92    0    0 280 -320  2
4184500 2653500  1 19  9  -2.9  966 218  4.1 8  3.0  94    8    9 280 -320  2
4184500 2653500  1 19 10  -3.0  967 228  4.0 7  3.0  95   15   46 280 -320  2
4184500 2653500  1 19 11  -2.1  968 231  3.6 8  3.1  93    4   70 281 -320  2
4184500 2653500  1 19 12  -1.8  969 251  3.6 8  3.1  92    4   92 288 -320  2
4184500 2653500  1 19 13  -0.7  970 249  3.3 7  3.3  91    6   99 286 -320  2
4184500 2653500  1 19 14  -0.2  970 225  3.3 8  3.4  90    0   83 289 -320  2
4184500 2653500  1 19 15   0.4  971 235  3.3 6  3.5  89   10   72 286 -320  2
4184500 2653500  1 19 16   0.8  971 213  2.5 6  3.6  87    8   40 276 -319  2
4184500 2653500  1 19 17   0.5  972 211  4.4 8  3.6  87    0    1 286 -316  2
4184500 2653500  1 19 18   0.7  973 187  3.3 7  3.6  86    0    0 290 -310  2
4184500 2653500  1 19 19  -0.2  974 185  3.2 5  3.5  87    0    0 273 -304  2
4184500 2653500  1 19 20  -0.3  974 161  2.8 4  3.4  87    0    0 256 -302  2
4184500 2653500  1 19 21  -0.5  973 128  3.8 4  3.2  85    0    0 251 -300  2
4184500 2653500  1 19 22  -1.2  973 134  2.5 4  3.1  85    0    0 247 -299  2
4184500 2653500  1 19 23  -2.0  974 123  5.1 4  3.0  86    0    0 244 -299  2
4184500 2653500  1 19 24  -2.1  974 117  3.6 2  2.9  86    0    0 232 -300  2
4184500 2653500  1 20  1  -1.3  974 127  4.7 4  3.0  87    0    0 234 -302  2
4184500 2653500  1 20  2  -0.7  973 132  3.8 4  3.2  87    0    0 247 -303  2
4184500 2653500  1 20  3  -0.5  973 129  4.2 4  3.2  85    0    0 248 -302  2
4184500 2653500  1 20  4  -0.8  973 127  5.3 1  3.2  84    0    0 232 -302  2
4184500 2653500  1 20  5  -1.4  972 131  5.7 1  3.0  83    0    0 214 -302  2
4184500 2653500  1 20  6  -1.8  972 128  5.5 3  2.9  83    0    0 221 -303  2
4184500 2653500  1 20  7  -1.6  972 125  6.1 5  2.9  82    0    0 240 -303  2
4184500 2653500  1 20  8  -2.5  972 128  4.4 5  2.8  83    0    0 248 -305  2
4184500 2653500  1 20  9  -1.8  972 128  6.7 5  2.7  81    8   17 244 -308  2
4184500 2653500  1 20 10  -1.4  971 141  5.9 7  2.7  77   52   68 256 -310  2
4184500 2653500  1 20 11  -1.0  971 142  4.8 5  2.7  76  114  107 257 -314  2
4184500 2653500  1 20 12  -0.7  971 161  6.6 6  2.8  75   30  140 252 -317  2
4184500 2653500  1 20 13  -0.5  971 160  4.5 6  2.8  74    4  116 258 -319  2
4184500 2653500  1 20 14   0.3  971 168  2.7 6  2.8  71    0   87 261 -320  2
4184500 2653500  1 20 15   1.1  970 163  2.7 6  2.8  68    6   88 263 -320  2
4184500 2653500  1 20 16   0.6  970 156  3.1 7  2.8  68    2   45 270 -320  2
4184500 2653500  1 20 17   0.8  971 163  4.0 7  2.8  68    0    7 277 -319  2
4184500 2653500  1 20 18  -0.5  972 147  2.6 7  2.8  71    0    0 274 -317  2
4184500 2653500  1 20 19  -0.5  972 150  3.0 7  2.8  74    0    0 273 -315  2
4184500 2653500  1 20 20   0.9  972 160  4.0 8  3.0  74    0    0 282 -315  2
4184500 2653500  1 20 21   0.4  972 155  4.3 8  3.1  74    0    0 290 -316  2
4184500 2653500  1 20 22  -0.2  973 147  3.8 8  3.1  77    0    0 289 -316  2
4184500 2653500  1 20 23  -1.2  972 151  3.7 8  3.1  82    0    0 287 -315  2
4184500 2653500  1 20 24  -1.0  973 161  3.5 8  3.2  88    0    0 288 -316  2
4184500 2653500  1 21  1  -0.1  973 155  2.4 7  3.3  88    0    0 280 -317  2
4184500 2653500  1 21  2  -0.6  973 150  2.2 7  3.3  85    0    0 271 -319  2
4184500 2653500  1 21  3  -0.6  973 170  2.0 7  3.2  86    0    0 271 -319  2
4184500 2653500  1 21  4  -0.8  973 180  2.3 7  3.2  87    0    0 275 -320  2
4184500 2653500  1 21  5  -0.6  973 186  2.7 7  3.3  87    0    0 278 -320  2
4184500 2653500  1 21  6  -0.1  973 189  3.0 8  3.3  85    0    0 287 -319  2
4184500 2653500  1 21  7   0.5  973 189  2.8 8  3.3  84    0    0 295 -319  2
4184500 2653500  1 21  8   0.3  973 191  2.9 8  3.4  84    0    0 296 -319  2
4184500 2653500  1 21  9   0.4  974 198  2.2 7  3.4  84    9   18 290 -319  2
4184500 2653500  1 21 10   0.1  974 214  2.4 5  3.4  85   72   64 271 -319  2
4184500 2653500  1 21 11   1.2  974 222  3.9 6  3.5  84  105   99 267 -319  2
4184500 2653500  1 21 12   2.4  974 228  6.2 4  3.6  80  162  118 266 -320  2
4184500 2653500  1 21 13   2.6  974 228  5.6 4  3.7  78  104  144 259 -320  2
4184500 2653500  1 21 14   2.4  973 214  3.6 4  3.7  79   39  136 260 -320  2
4184500 2653500  1 21 15   2.8  973 163  3.2 2  3.7  77   54  104 251 -320  2
4184500 2653500  1 21 16   2.6  973 175  3.3 2  3.7  76   17   55 240 -319  2
4184500 2653500  1 21 17   2.2  973 162  3.5 7  3.7  78    0   10 265 -318  2
4184500 2653500  1 21 18   2.3  973 154  3.6 6  3.7  79    0    0 286 -315  2
4184500 2653500  1 21 19   1.8  972 152  2.9 7  3.7  80    0    0 285 -313  2
4184500 2653500  1 21 20   1.5  971 158  2.8 5  3.6  80    0    0 277 -313  2
4184500 2653500  1 21 21   1.2  971 169  4.2 6  3.5  79    0    0 269 -313  2
4184500 2653500  1 21 22   0.7  969 173  3.7 4  3.4  79    0    0 260 -312  2
4184500 2653500  1 21 23   1.6  969 156  4.3 4  3.4  79    0    0 249 -311  2
4184500 2653500  1 21 24   2.3  967 167  5.4 8  3.5  76    0    0 271 -311  2
4184500 2653500  1 22  1   2.4  966 175  7.5 8  3.5  75    0    0 293 -313  2
4184500 2653500  1 22  2   2.2  964 173  7.4 8  3.5  75    0    0 294 -316  2
4184500 2653500  1 22  3   2.0  962 162  5.8 8  3.6  77    0    0 294 -316  2
4184500 2653500  1 22  4   3.2  962 186  8.4 8  3.6  75    0    0 296 -317  2
4184500 2653500  1 22  5   2.6  961 183  8.0 8  3.8  76    0    0 299 -319  2
4184500 2653500  1 22  6   2.8  959 180  9.1 8  3.9  80    0    0 301 -321  2
4184500 2653500  1 22  7   2.9  958 183  8.4 8  4.0  81    0    0 304 -321  2
4184500 2653500  1 22  8   2.9  956 189  7.8 8  4.0  81    0    0 306 -321  2
4184500 2653500  1 22  9   3.1  956 194  7.8 7  4.1  83    4   15 302 -321  2
4184500 2653500  1 22 10   4.1  956 209  7.4 7  4.3  82    8   58 297 -321  2
4184500 2653500  1 22 11   4.3  956 214  9.3 5  4.4  81    1   80 283 -320  2
4184500 2653500  1 22 12   4.7  956 222  8.0 7  4.6  82    0   76 284 -320  2
4184500 2653500  1 22 13   5.0  956 221  7.6 8  4.7  82    0   58 311 -321  2
4184500 2653500  1 22 14   5.4  955 219  6.4 7  4.8  82    0   64 313 -321  2
4184500 2653500  1 22 15   5.5  955 216  5.5 5  4.9  82    9   91 285 -321  2
4184500 2653500  1 22 16   5.6  955 211  5.2 6  4.9  82    6   52 278 -320  2
4184500 2653500  1 22 17   5.5  955 208  5.4 8  4.9  83    0    3 307 -321  2
4184500 2653500  1 22 18   5.8  955 205  6.3 8  5.0  82    0    0 327 -321  2
4184500 2653500  1 22 19   6.1  953 209  7.6 8  5.0  82    0    0 328 -322  2
4184500 2653500  1 22 20   7.0  952 214  9.6 8  5.2  81    0    0 331 -322  2
4184500 2653500  1 22 21   7.0  951 221  9.7 8  5.4  81    0    0 333 -325  2
4184500 2653500  1 22 22   7.8  950 225 10.8 7  5.5  80    0    0 326 -331  2
4184500 2653500  1 22 23   7.7  948 225 11.6 7  5.6  79    0    0 319 -333  2
4184500 2653500  1 22 24   8.3  947 222 12.0 8  5.7  79    0    0 327 -335  2
4184500 2653500  1 23  1   8.8  946 230 11.6 7  5.7  77    0    0 329 -338  2
4184500 2653500  1 23  2   8.8  946 224 12.0 7  5.7  75    0    0 322 -339  2
4184500 2653500  1 23  3   9.3  945 228 12.8 8  5.8  76    0    0 331 -340  2
4184500 2653500  1 23  4   9.4  945 231 14.4 7  6.0  76    0    0 332 -341  2
4184500 2653500  1 23  5   7.6  945 246  9.6 7  6.0  80    0    0 320 -341  2
4184500 2653500  1 23  6   6.0  948 260  5.8 8  5.7  86    0    0 322 -341  2
4184500 2653500  1 23  7   5.7  949 245  4.4 8  5.4  87    0    0 327 -341  2
4184500 2653500  1 23  8   5.2  948 251  5.1 8  5.3  88    0    0 324 -341  2
4184500 2653500  1 23  9   5.0  948 237  5.3 8  5.2  89    3   14 322 -340  2
4184500 2653500  1 23 10   6.0  948 250  7.8 8  5.1  86    0   27 323 -338  2
4184500 2653500  1 23 11   5.4  950 262  7.9 6  4.9  81    1   71 309 -336  2
4184500 2653500  1 23 12   4.9  951 250  9.7 7  4.6  78    0   81 300 -333  2
4184500 2653500  1 23 13   3.9  951 243  8.4 7  4.4  79    6  112 302 -333  2
4184500 2653500  1 23 14   4.5  952 245  8.2 4  4.3  78   56  121 280 -335  2
4184500 2653500  1 23 15   4.8  952 256  8.1 5  4.2  74   34   95 266 -334  2
4184500 2653500  1 23 16   4.0  952 246  6.6 5  4.1  74   23   55 270 -331  2
4184500 2653500  1 23 17   4.4  953 238  4.5 6  4.0  73    0    9 274 -328  2
4184500 2653500  1 23 18   3.8  953 240  6.1 6  3.8  71    0    0 279 -323  2
4184500 2653500  1 23 19   3.6  953 233  5.9 6  3.7  71    0    0 276 -321  2
4184500 2653500  1 23 20   3.7  953 234  5.7 7  3.7  71    0    0 282 -321  2
4184500 2653500  1 23 21   3.1  954 226  4.7 7  3.7  71    0    0 288 -321  2
4184500 2653500  1 23 22   3.4  954 232  6.8 7  3.6  71    0    0 288 -321  2
4184500 2653500  1 23 23   3.5  954 226  7.9 6  3.6  70    0    0 281 -321  2
4184500 2653500  1 23 24   3.5  954 223  8.3 5  3.7  72    0    0 270 -321  2
4184500 2653500  1 24  1   3.8  954 231  7.8 8  3.8  72    0    0 283 -321  2
4184500 2653500  1 24  2   3.8  954 241  7.7 6  3.8  72    0    0 290 -322  2
4184500 2653500  1 24  3   3.8  954 236  8.1 6  3.8  72    0    0 276 -323  2
4184500 2653500  1 24  4   3.7  954 239  9.9 4  3.8  72    0    0 264 -323  2
4184500 2653500  1 24  5   3.7  954 240 10.2 4  3.7  70    0    0 252 -322  2
4184500 2653500  1 24  6   3.4  954 238  7.9 6  3.6  70    0    0 269 -321  2
4184500 2653500  1 24  7   3.4  954 244  8.7 7  3.6  70    0    0 287 -321  2
4184500 2653500  1 24  8   2.9  954 243  8.4 7  3.7  72    0    0 293 -322  2
4184500 2653500  1 24  9   2.8  955 245  7.7 7  3.7  74    7   15 292 -322  2
4184500 2653500  1 24 10   3.2  955 248  9.3 7  3.8  75    2   50 294 -323  2
4184500 2653500  1 24 11   3.4  956 243  9.1 8  3.9  77    1   71 300 -325  2
4184500 2653500  1 24 12   3.4  957 250  9.2 8  4.0  77    0   50 305 -326  2
4184500 2653500  1 24 13   3.6  958 250  9.6 8  4.0  77    0   61 305 -326  2
4184500 2653500  1 24 14   4.3  958 252  8.8 8  3.9  74    0   51 306 -326  2
4184500 2653500  1 24 15   4.0  958 260  9.1 2  3.8  71   11   84 272 -325  2
4184500 2653500  1 24 16   4.5  959 256  8.6 1  3.8  69   69   39 234 -324  2
4184500 2653500  1 24 17   3.6  960 252  7.5 7  3.7  69    7   14 260 -323  2
4184500 2653500  1 24 18   3.0  960 253  8.3 6  3.7  74    0    0 284 -323  2
4184500 2653500  1 24 19   2.9  961 252  6.7 7  3.8  76    0    0 282 -323  2
4184500 2653500  1 24 20   3.0  962 253  8.1 8  3.7  76    0    0 293 -323  2
4184500 2653500  1 24 21   2.9  962 248  7.7 7  3.8  76    0    0 293 -322  2
4184500 2653500  1 24 22   3.0  962 246  7.8 6  3.8  76    0    0 281 -322  2
4184500 2653500  1 24 23   2.6  962 242  6.2 6  3.7  75    0    0 276 -321  2
4184500 2653500  1 24 24   2.1  962 249  5.4 3  3.6  76    0    0 255 -320  2
4184500 2653500  1 25  1   2.3  962 243  5.1 3  3.7  79    0    0 231 -319  2
4184500 2653500  1 25  2   1.7  961 242  4.1 6  3.9  84    0    0 253 -319  2
4184500 2653500  1 25  3   2.0  961 240  5.1 7  4.1  89    0    0 282 -319  2
4184500 2653500  1 25  4   2.3  960 238  5.5 8  4.1  87    0    0 296 -319  2
4184500 2653500  1 25  5   2.3  959 228  5.4 8  4.0  85    0    0 303 -319  2
4184500 2653500  1 25  6   2.3  958 220  3.9 8  3.9  83    0    0 302 -318  2
4184500 2653500  1 25  7   2.0  957 223  5.2 7  3.8  81    0    0 295 -318  2
4184500 2653500  1 25  8   2.0  956 202  4.6 7  3.7  80    0    0 287 -319  2
4184500 2653500  1 25  9   2.0  955 154  4.2 7  3.6  78    4   15 288 -320  2
4184500 2653500  1 25 10   1.8  955 136  3.3 8  3.6  78    2   50 295 -320  2
4184500 2653500  1 25 11   1.1  954 130  1.9 6  3.8  85    8   86 287 -321  2
4184500 2653500  1 25 12   2.0  954 128  1.7 8  3.9  86    0   82 287 -324  2
4184500 2653500  1 25 13   1.8  953 131  1.3 7  3.9  85    0   73 296 -328  2
4184500 2653500  1 25 14   1.6  952 163  0.2 7  4.0  89    0   65 288 -332  2
4184500 2653500  1 25 15   1.8  951 168  0.0 7  4.2  92    0   62 289 -334  2
4184500 2653500  1 25 16   1.5  951 181  0.4 8  4.2  93    0   40 297 -333  2
4184500 2653500  1 25 17   2.1  951 262  0.3 8  4.2  92    0    6 304 -331  2
4184500 2653500  1 25 18   2.4  952 299  1.1 8  4.3  91    0    0 305 -328  2
4184500 2653500  1 25 19   2.5  953 236  2.4 8  4.4  92    0    0 307 -326  2
4184500 2653500  1 25 20   2.7  953 202  2.8 8  4.5  93    0    0 308 -325  2
4184500 2653500  1 25 21   3.3  953 209  2.1 8  4.6  92    0    0 309 -324  2
4184500 2653500  1 25 22   3.7  953 182  2.9 8  4.9  94    0    0 311 -324  2
4184500 2653500  1 25 23   5.0  952 200  3.6 8  5.2  94    0    0 314 -325  2
4184500 2653500  1 25 24   6.8  952 230  5.8 7  5.7  93    0    0 309 -327  2
4184500 2653500  1 26  1   8.1  952 245  8.3 8  6.2  90    0    0 314 -332  2
4184500 2653500  1 26  2   8.3  952 240  6.4 8  6.4  88    0    0 328 -340  2
4184500 2653500  1 26  3   8.6  952 242  6.3 8  6.4  87    0    0 331 -347  2
4184500 2653500  1 26  4   8.7  952 241  6.8 7  6.3  84    0    0 322 -350  2
4184500 2653500  1 26  5   9.0  952 237  5.5 6  6.2  82    0    0 307 -351  2
4184500 2653500  1 26  6   8.9  952 238  6.9 7  6.3  83    0    0 309 -351  2
4184500 2653500  1 26  7   9.2  952 235  8.1 7  6.5  85    0    0 318 -351  2
4184500 2653500  1 26  8   9.3  952 238  8.6 7  6.5  84    0    0 319 -351  2
4184500 2653500  1 26  9   9.5  951 233  8.5 7  6.4  82    6   19 319 -351  2
4184500 2653500  1 26 10   9.6  951 235  8.8 8  6.4  80    1   51 327 -350  2
4184500 2653500  1 26 11  10.0  951 238 10.0 7  6.3  78   28  115 328 -351  2
4184500 2653500  1 26 12  10.4  951 239 10.3 8  6.2  75   50  149 329 -352  2
4184500 2653500  1 26 13  11.0  950 229 10.9 8  6.0  70   16  137 338 -353  2
4184500 2653500  1 26 14  11.5  948 234  7.9 7  5.9  66   24  133 331 -353  2
4184500 2653500  1 26 15  11.6  947 230  7.3 6  5.6  62   10   98 317 -351  2
4184500 2653500  1 26 16  11.4  945 216  6.2 7  5.3  59   11   63 317 -349  2
4184500 2653500  1 26 17  10.9  945 212  6.8 8  5.2  59    0   13 329 -346  2
4184500 2653500  1 26 18  10.4  944 207  7.2 8  5.2  61    0    0 332 -344  2
4184500 2653500  1 26 19   9.9  942 205  8.3 7  5.3  64    0    0 324 -343  2
4184500 2653500  1 26 20  10.0  942 210  9.0 7  5.3  64    0    0 318 -340  2
4184500 2653500  1 26 21  10.3  940 221 10.7 7  5.2  63    0    0 318 -335  2
4184500 2653500  1 26 22   9.4  938 197 10.5 5  5.2  64    0    0 306 -329  2
4184500 2653500  1 26 23   7.6  938 225 12.6 5  5.2  69    0    0 291 -324  2
4184500 2653500  1 26 24   6.1  939 228 12.6 8  4.9  73    0    0 302 -321  2
4184500 2653500  1 27  1   4.5  940 240 11.4 7  4.6  77    0    0 306 -320  2
4184500 2653500  1 27  2   0.0  942 300 10.6 8  4.2  86    0    0 296 -319  2
4184500 2653500  1 27  3  -1.1  946 302  9.3 8  3.7  94    0    0 292 -318  2
4184500 2653500  1 27  4  -0.1  951 285  9.0 7  3.5  91    0    0 285 -317  2
4184500 2653500  1 27  5   0.1  954 287  8.6 6  3.6  88    0    0 272 -316  2
4184500 2653500  1 27  6   0.0  955 277  9.7 7  3.5  88    0    0 271 -315  2
4184500 2653500  1 27  7  -0.2  956 274  8.9 7  3.5  87    0    0 276 -314  2
4184500 2653500  1 27  8  -0.1  957 273  9.6 6  3.4  85    0    0 269 -314  2
4184500 2653500  1 27  9  -0.2  958 265  9.0 6  3.3  84    0   10 264 -313  2
4184500 2653500  1 27 10   0.1  959 272  9.1 7  3.3  81    6   60 267 -314  2
4184500 2653500  1 27 11  -0.2  960 263  8.9 8  3.3  82    0   64 276 -316  2
4184500 2653500  1 27 12   0.5  961 272 10.3 8  3.3  82    0   52 280 -318  2
4184500 2653500  1 27 13   0.6  961 275  8.4 8  3.2  77    0   51 280 -319  2
4184500 2653500  1 27 14   0.8  962 276  8.2 8  3.2  76    0   44 277 -318  2
4184500 2653500  1 27 15   0.8  963 278  8.2 8  3.2  75    0   30 275 -318  2
4184500 2653500  1 27 16   0.7  963 267  6.9 8  3.2  75    0   18 274 -317  2
4184500 2653500  1 27 17   0.5  964 258  5.6 8  3.2  76    0    3 273 -316  2
4184500 2653500  1 27 18   0.3  966 257  6.3 8  3.1  76    0    0 272 -314  2
4184500 2653500  1 27 19   0.1  967 250  6.0 7  3.0  75    0    0 267 -311  2
4184500 2653500  1 27 20  -0.4  967 245  4.2 6  3.0  76    0    0 257 -308  2
4184500 2653500  1 27 21  -0.5  967 230  4.8 6  2.9  75    0    0 251 -306  2
4184500 2653500  1 27 22  -1.3  967 218  3.9 5  2.7  73    0    0 245 -304  2
4184500 2653500  1 27 23  -1.6  967 210  3.5 5  2.6  74    0    0 241 -304  2
4184500 2653500  1 27 24  -1.2  965 202  4.8 5  2.7  75    0    0 244 -306  2
4184500 2653500  1 28  1  -0.9  964 198  4.8 4  2.8  75    0    0 241 -309  2
4184500 2653500  1 28  2  -0.2  962 186  4.6 6  2.8  74    0    0 247 -311  2
4184500 2653500  1 28  3  -0.3  960 193  3.8 7  2.9  73    0    0 266 -313  2
4184500 2653500  1 28  4   0.4  958 193  7.3 7  2.8  71    0    0 276 -316  2
4184500 2653500  1 28  5   0.2  956 195  7.5 7  2.9  71    0    0 280 -319  2
4184500 2653500  1 28  6   0.0  955 207  6.3 8  3.2  80    0    0 290 -320  2
4184500 2653500  1 28  7   0.4  953 213  6.1 8  3.6  88    0    0 301 -321  2
4184500 2653500  1 28  8   1.0  952 216  5.8 8  3.8  90    0    0 305 -321  2
4184500 2653500  1 28  9   1.9  951 218  6.6 7  4.0  89    0   14 301 -322  2
4184500 2653500  1 28 10   2.1  951 225  6.7 8  4.1  87    0   29 304 -325  2
4184500 2653500  1 28 11   2.6  950 234  6.4 7  4.2  88    7   80 306 -328  2
4184500 2653500  1 28 12   3.0  951 237  6.2 8  4.3  87    0   43 308 -329  2
4184500 2653500  1 28 13   3.7  951 234  7.9 6  4.4  86    0   70 303 -331  2
4184500 2653500  1 28 14   5.4  951 238  7.6 6  4.8  85    2   90 292 -334  2
4184500 2653500  1 28 15   6.2  950 241  6.8 4  5.1  84    0   59 282 -335  2
4184500 2653500  1 28 16   6.5  950 242  8.6 3  5.2  82   77   18 262 -335  2
4184500 2653500  1 28 17   6.3  951 240  8.2 7  5.1  79    5   11 283 -334  2
4184500 2653500  1 28 18   5.9  951 246  6.2 7  4.9  79    0    0 309 -332  2
4184500 2653500  1 28 19   5.8  952 247  7.5 8  5.0  81    0    0 314 -333  2
4184500 2653500  1 28 20   5.8  953 241  5.9 8  4.9  80    0    0 319 -334  2
4184500 2653500  1 28 21   5.5  953 263  6.3 8  4.8  79    0    0 319 -332  2
4184500 2653500  1 28 22   5.3  954 262  3.6 6  4.7  80    0    0 307 -330  2
4184500 2653500  1 28 23   5.2  954 267  6.6 6  4.7  81    0    0 297 -330  2
4184500 2653500  1 28 24   5.3  953 245  6.9 6  4.7  80    0    0 297 -332  2
4184500 2653500  1 29  1   5.2  954 242  6.5 5  4.7  81    0    0 291 -333  2
4184500 2653500  1 29  2   5.3  954 246  6.8 5  4.7  81    0    0 285 -334  2
4184500 2653500  1 29  3   5.0  954 232  6.8 6  4.7  81    0    0 290 -334  2
4184500 2653500  1 29  4   4.7  954 230  7.1 7  4.7  83    0    0 298 -333  2
4184500 2653500  1 29  5   4.8  954 231  7.2 7  4.7  83    0    0 303 -334  2
4184500 2653500  1 29  6   3.8  953 225  6.3 7  4.7  85    0    0 302 -334  2
4184500 2653500  1 29  7   3.7  953 234  5.4 7  4.7  88    0    0 300 -335  2
4184500 2653500  1 29  8   4.0  954 243  4.7 7  4.6  87    0    0 302 -335  2
4184500 2653500  1 29  9   4.2  954 223  5.1 7  4.6  86    8   23 304 -335  2
4184500 2653500  1 29 10   4.7  954 222  5.1 8  4.7  86   13   73 312 -335  2
4184500 2653500  1 29 11   5.6  955 237  7.1 5  4.9  85   30  122 303 -338  2
4184500 2653500  1 29 12   6.3  956 238  7.8 5  5.1  82   29  148 284 -342  2
4184500 2653500  1 29 13   6.8  956 242  7.3 7  5.1  80    2  111 298 -345  2
4184500 2653500  1 29 14   7.1  955 242  7.0 7  5.2  79    0   83 312 -347  2
4184500 2653500  1 29 15   7.3  955 240  7.4 6  5.2  78    4   90 307 -347  2
4184500 2653500  1 29 16   7.3  955 235  5.5 6  5.2  76   13   68 301 -346  2
4184500 2653500  1 29 17   6.8  955 222  5.8 7  5.1  77    1   16 306 -344  2
4184500 2653500  1 29 18   6.4  955 226  7.5 8  5.2  81    0    0 320 -343  2
4184500 2653500  1 29 19   6.1  954 257  8.3 8  5.3  84    0    0 327 -343  2
4184500 2653500  1 29 20   6.6  954 263  7.9 7  5.4  85    0    0 320 -344  2
4184500 2653500  1 29 21   6.6  953 257  7.7 7  5.3  83    0    0 314 -342  2
4184500 2653500  1 29 22   6.6  952 241 11.1 7  5.2  81    0    0 313 -340  2
4184500 2653500  1 29 23   6.7  951 238 11.1 7  5.2  80    0    0 313 -339  2
4184500 2653500  1 29 24   6.9  951 229 11.6 8  5.3  80    0    0 320 -338  2
4184500 2653500  1 30  1   6.9  951 241  9.4 7  5.3  81    0    0 319 -337  2
4184500 2653500  1 30  2   7.1  950 226 11.4 7  5.3  80    0    0 312 -335  2
4184500 2653500  1 30  3   7.1  950 233  8.8 8  5.4  80    0    0 318 -335  2
4184500 2653500  1 30  4   6.5  950 227  8.2 8  5.3  81    0    0 323 -333  2
4184500 2653500  1 30  5   5.7  950 228  7.3 8  5.2  84    0    0 320 -331  2
4184500 2653500  1 30  6   5.6  949 235  8.5 8  5.2  86    0    0 318 -330  2
4184500 2653500  1 30  7   5.8  949 243  7.7 8  5.3  86    0    0 316 -328  2
4184500 2653500  1 30  8   5.6  950 236  6.5 8  5.3  87    0    0 315 -323  2
4184500 2653500  1 30  9   5.5  950 246  6.2 8  5.3  89   14   20 313 -321  2
4184500 2653500  1 30 10   5.5  951 249  4.3 8  5.4  91    0   46 312 -320  2
4184500 2653500  1 30 11   5.6  952 269  5.5 8  5.5  92    0   32 311 -319  2
4184500 2653500  1 30 12   4.5  953 292  6.1 8  5.3  91    0   39 307 -318  2
4184500 2653500  1 30 13   2.5  954 316  6.7 8  4.7  92    0   45 300 -319  2
4184500 2653500  1 30 14   1.7  956 329  6.0 7  4.3  91    0   32 287 -319  2
4184500 2653500  1 30 15   0.8  958 325  7.2 8  4.0  90    0   32 281 -320  2
4184500 2653500  1 30 16   0.4  958 321  5.7 7  3.8  90    0   32 276 -319  2
4184500 2653500  1 30 17   0.3  960 327  6.5 8  3.7  90    0   10 275 -318  2
4184500 2653500  1 30 18  -0.1  962 332  6.5 8  3.6  90    0    0 278 -316  2
4184500 2653500  1 30 19  -0.3  964 334  6.7 8  3.6  90    0    0 277 -315  2
4184500 2653500  1 30 20  -0.7  966 330  5.0 7  3.4  88    0    0 267 -314  2
4184500 2653500  1 30 21  -1.0  967 325  4.2 6  3.3  87    0    0 260 -313  2
4184500 2653500  1 30 22  -1.2  969 315  3.5 6  3.2  86    0    0 254 -314  2
4184500 2653500  1 30 23  -1.6  970 301  3.5 6  3.1  86    0    0 244 -315  2
4184500 2653500  1 30 24  -1.8  971 286  4.0 6  3.0  87    0    0 244 -315  2
4184500 2653500  1 31  1  -2.1  977 274  4.8 7  3.0  88    0    0 293 -320  2
4184500 2653500  1 31  2  -2.1  977 266  5.2 8  3.0  89    0    0 296 -320  2
4184500 2653500  1 31  3  -2.0  976 265  5.6 8  3.0  90    0    0 297 -321  2
4184500 2653500  1 31  4  -1.7  976 267  5.8 8  3.1  90    0    0 298 -321  2
4184500 2653500  1 31  5  -1.6  975 270  5.9 8  3.1  90    0    0 294 -321  2
4184500 2653500  1 31  6  -1.1  974 276  6.6 8  3.3  90    0    0 295 -321  2
4184500 2653500  1 31  7  -1.4  974 278  5.7 8  3.3  91    0    0 302 -321  2
4184500 2653500  1 31  8  -0.7  974 274  4.8 8  3.3  91    0    0 302 -321  2
4184500 2653500  1 31  9  -1.0  973 274  6.0 8  3.4  90   25   48 303 -321  2
4184500 2653500  1 31 10  -0.7  973 266  6.0 6  3.3  90   12   76 289 -321  2
4184500 2653500  1 31 11  -0.7  972 262  6.7 8  3.4  90    0   64 290 -321  2
4184500 2653500  1 31 12  -0.1  972 260  7.1 8  3.5  91    0   70 304 -321  2
4184500 2653500  1 31 13   0.1  972 254  6.7 8  3.6  91    0   53 306 -321  2
4184500 2653500  1 31 14   0.6  971 252  6.9 8  3.7  91    0   51 308 -321  2
4184500 2653500  1 31 15   0.9  969 258  7.1 8  3.8  91    0   33 309 -321  2
4184500 2653500  1 31 16   0.6  968 256  6.7 8  3.9  92    0   22 309 -321  2
4184500 2653500  1 31 17   0.8  968 256  6.3 8  3.9  93    0    4 308 -321  2
4184500 2653500  1 31 18   0.9  967 268  6.0 8  3.9  93    0    0 307 -321  2
4184500 2653500  1 31 19   0.9  966 272  4.9 8  3.9  93    0    0 305 -321  2
4184500 2653500  1 31 20   1.3  966 304  4.6 8  4.0  93    0    0 305 -320  2
4184500 2653500  1 31 21   0.6  966 293  3.4 8  4.0  93    0    0 303 -319  2
4184500 2653500  1 31 22   0.2  966 313  4.1 8  3.8  94    0    0 300 -317  2
4184500 2653500  1 31 23   0.2  966 313  3.9 8  3.8  94    0    0 299 -317  2
4184500 2653500  1 31 24   0.1  966 306  3.7 8  3.8  94    0    0 299 -318  2
4184500 2653500  2  1  1   0.2  966 313  4.1 7  3.7  92    0    0 287 -317  2
4184500 2653500  2  1  2   0.0  966 305  3.3 7  3.7  91    0    0 287 -317  2
4184500 2653500  2  1  3   0.0  966 298  4.2 8  3.5  89    0    0 292 -316  2
4184500 2653500  2  1  4   0.0  965 296  4.2 8  3.5  87    0    0 297 -315  2
4184500 2653500  2  1  5   0.0  965 301  4.2 8  3.5  89    0    0 296 -315  2
4184500 2653500  2  1  6  -0.3  965 305  4.5 6  3.6  92    0    0 284 -314  2
4184500 2653500  2  1  7  -0.6  966 313  4.3 8  3.6  94    0    0 282 -313  2
4184500 2653500  2  1  8  -0.4  966 330  4.7 8  3.6  94    0    0 290 -312  2
4184500 2653500  2  1  9  -0.4  967 323  4.9 8  3.6  92    3   30 289 -310  2
4184500 2653500  2  1 10  -0.3  969 334  4.5 8  3.5  90   50   87 289 -310  2
4184500 2653500  2  1 11  -0.2  970 325  4.4 8  3.4  88    0   67 289 -309  2
4184500 2653500  2  1 12   0.1  971 319  4.6 8  3.4  85    0   71 289 -309  2
4184500 2653500  2  1 13   0.6  971 312  4.7 6  3.3  82    0  110 279 -309  2
4184500 2653500  2  1 14   0.6  971 302  4.7 6  3.3  80   16  144 267 -310  2
4184500 2653500  2  1 15   0.8  972 294  4.3 5  3.2  78   49  133 261 -311  2
4184500 2653500  2  1 16   0.6  972 294  4.9 5  3.2  77   32   85 254 -311  2
4184500 2653500  2  1 17   0.2  973 289  4.3 5  3.2  78    0   19 253 -308  2
4184500 2653500  2  1 18   0.0  974 295  3.8 5  3.2  80    0    0 253 -302  2
4184500 2653500  2  1 19   0.1  974 295  4.4 5  3.2  81    0    0 252 -300  2
4184500 2653500  2  1 20  -0.5  974 290  4.1 6  3.1  80    0    0 256 -301  2
4184500 2653500  2  1 21  -1.9  974 289  3.0 6  2.9  81    0    0 255 -302  2
4184500 2653500  2  1 22  -1.4  975 292  2.7 7  2.9  83    0    0 259 -303  2
4184500 2653500  2  1 23  -1.1  975 293  3.1 7  3.0  83    0    0 268 -305  2
4184500 2653500  2  1 24  -1.5  975 288  2.9 6  3.1  85    0    0 264 -307  2
4184500 2653500  2  2  1  -0.9  975 287  3.2 7  3.2  88    0    0 265 -308  2
4184500 2653500  2  2  2  -1.1  975 289  3.2 6  3.2  88    0    0 266 -309  2
4184500 2653500  2  2  3  -1.1  975 278  3.7 6  3.2  88    0    0 261 -310  2
4184500 2653500  2  2  4  -1.0  975 282  3.6 7  3.2  88    0    0 268 -310  2
4184500 2653500  2  2  5  -1.0  975 276  4.1 7  3.2  87    0    0 275 -312  2
4184500 2653500  2  2  6  -1.0  975 283  4.6 7  3.2  87    0    0 277 -313  2
4184500 2653500  2  2  7  -0.7  974 283  4.0 8  3.2  88    0    0 282 -313  2
4184500 2653500  2  2  8  -0.7  974 285  4.1 8  3.4  90    0    0 289 -313  2
4184500 2653500  2  2  9  -0.2  974 296  4.6 8  3.5  93    6   29 291 -314  2
4184500 2653500  2  2 10   0.4  975 315  4.1 8  3.7  92    1   64 294 -315  2
4184500 2653500  2  2 11   0.7  975 323  3.5 8  3.7  89    0   63 296 -316  2
4184500 2653500  2  2 12   0.8  975 300  3.9 8  3.7  88    0   79 298 -318  2
4184500 2653500  2  2 13   1.0  974 296  3.1 8  3.7  88    0   92 299 -320  2
4184500 2653500  2  2 14   1.0  974 291  3.4 8  3.7  88    0   66 301 -320  2
4184500 2653500  2  2 15   0.7  973 284  2.7 8  3.8  91    0   65 301 -320  2
4184500 2653500  2  2 16   0.6  974 288  2.4 7  3.9  93    0   32 293 -319  2
4184500 2653500  2  2 17   0.7  973 286  3.0 7  3.9  95    0    5 286 -318  2
4184500 2653500  2  2 18   0.7  973 290  3.5 8  4.0  96    0    0 291 -318  2
4184500 2653500  2  2 19   1.1  973 293  3.6 8  4.0  95    0    0 297 -318  2
4184500 2653500  2  2 20   1.4  974 301  4.5 8  4.1  95    0    0 298 -318  2
4184500 2653500  2  2 21   1.8  974 302  4.7 7  4.2  94    0    0 295 -318  2
4184500 2653500  2  2 22   1.3  974 301  5.5 7  4.2  94    0    0 289 -318  2
4184500 2653500  2  2 23   1.3  974 313  4.6 8  4.1  95    0    0 295 -318  2
4184500 2653500  2  2 24   1.3  975 308  5.3 8  4.2  96    0    0 301 -318  2
4184500 2653500  2  3  1   1.3  975 308  5.2 8  4.1  96    0    0 302 -317  2
4184500 2653500  2  3  2   1.4  974 309  4.7 8  4.1  95    0    0 302 -316  2
4184500 2653500  2  3  3   1.4  975 314  4.1 8  4.1  94    0    0 301 -315  2
4184500 2653500  2  3  4   1.5  975 312  4.2 8  4.1  94    0    0 300 -315  2
4184500 2653500  2  3  5   1.8  975 317  4.7 8  4.1  93    0    0 302 -315  2
4184500 2653500  2  3  6   1.3  975 315  4.5 8  4.1  93    0    0 301 -315  2
4184500 2653500  2  3  7   1.3  976 312  3.9 8  4.1  94    0    0 301 -314  2
4184500 2653500  2  3  8   1.4  976 318  3.7 8  4.1  95    0    0 299 -314  2
4184500 2653500  2  3  9   1.5  977 321  3.1 7  4.1  94    2   31 293 -313  2
4184500 2653500  2  3 10   1.2  978 337  4.3 8  4.1  94    1   74 293 -313  2
4184500 2653500  2  3 11   0.8  978  16  4.7 7  4.0  96    0   60 292 -314  2
4184500 2653500  2  3 12   0.6  978   2  3.9 8  4.0  96    0   47 291 -313  2
4184500 2653500  2  3 13   0.6  979 349  3.5 8  3.9  95    0   68 296 -312  2
4184500 2653500  2  3 14   0.7  979   3  2.9 8  3.9  94    0   62 296 -311  2
4184500 2653500  2  3 15   0.5  980  21  2.7 8  3.8  93    0   40 293 -310  2
4184500 2653500  2  3 16   0.5  980  51  1.7 7  3.7  92    0   29 285 -306  2
4184500 2653500  2  3 17   0.3  981  30  1.9 8  3.7  92    0    6 281 -303  2
4184500 2653500  2  3 18   0.1  982  42  2.3 8  3.6  92    0    0 282 -301  2
4184500 2653500  2  3 19  -0.5  983  29  1.1 7  3.6  93    0    0 275 -296  2
4184500 2653500  2  3 20  -0.5  983  27  0.9 7  3.5  93    0    0 269 -288  2
4184500 2653500  2  3 21  -0.9  984  28  1.0 7  3.4  92    0    0 269 -283  2
4184500 2653500  2  3 22  -1.2  984 192  0.9 7  3.4  94    0    0 269 -280  2
4184500 2653500  2  3 23  -1.4  985 135  1.0 7  3.3  94    0    0 268 -278  2
4184500 2653500  2  3 24  -1.6  985 137  0.6 6  3.3  94    0    0 263 -276  2
4184500 2653500  2  4  1  -2.4  985 140  1.0 6  3.2  95    0    0 258 -276  2
4184500 2653500  2  4  2  -2.3  986 107  1.1 6  3.1  96    0    0 256 -276  2
4184500 2653500  2  4  3  -2.9  985  74  1.6 6  3.1  96    0    0 254 -276  2
4184500 2653500  2  4  4  -2.8  984 360  1.6 5  3.0  95    0    0 247 -277  2
4184500 2653500  2  4  5  -4.2  984 340  1.2 5  2.8  94    0    0 240 -278  2
4184500 2653500  2  4  6  -4.5  985 312  1.8 4  2.7  97    0    0 233 -279  2
4184500 2653500  2  4  7  -4.2  985 159  1.5 5  2.7  97    0    0 233 -279  2
4184500 2653500  2  4  8  -4.0  985 139  1.7 6  2.7  94    0    0 244 -279  2
4184500 2653500  2  4  9  -3.0  985 180  2.0 6  2.8  92   16   49 250 -280  2
4184500 2653500  2  4 10  -2.2  985 188  1.8 6  2.9  89   31  119 254 -283  2
4184500 2653500  2  4 11  -1.4  987 158  0.9 6  3.0  88    9  139 257 -289  2
4184500 2653500  2  4 12  -0.6  986 127  1.1 7  3.1  85    2  134 266 -298  2
4184500 2653500  2  4 13   0.1  986 114  1.3 6  3.0  78    6  163 267 -307  2
4184500 2653500  2  4 14   0.8  986  69  1.0 6  2.9  72   14  174 263 -312  2
4184500 2653500  2  4 15   0.6  986  64  1.3 6  2.8  69    8  132 265 -313  2
4184500 2653500  2  4 16   0.5  985 105  1.1 6  2.8  69    1   74 266 -309  2
4184500 2653500  2  4 17   0.1  985  91  0.6 7  2.8  70    0   17 273 -299  2
4184500 2653500  2  4 18  -0.6  985 142  0.8 8  2.9  76    0    0 284 -284  2
4184500 2653500  2  4 19  -1.1  985 118  1.5 7  2.9  80    0    0 285 -271  2
4184500 2653500  2  4 20  -1.3  985 122  1.1 6  2.8  79    0    0 274 -263  2
4184500 2653500  2  4 21  -2.0  985 156  0.8 4  2.7  80    0    0 256 -262  2
4184500 2653500  2  4 22  -2.5  985 117  1.3 5  2.6  79    0    0 248 -261  2
4184500 2653500  2  4 23  -3.1  984 124  1.0 3  2.4  77    0    0 240 -270  2
4184500 2653500  2  4 24  -4.2  984 112  0.3 0  2.4  81    0    0 207 -283  2
4184500 2653500  2  5  1  -4.4  984 110  1.1 4  2.4  85    0    0 211 -285  2
4184500 2653500  2  5  2  -5.0  984 110  1.4 2  2.4  87    0    0 222 -286  2
4184500 2653500  2  5  3  -4.6  984 108  1.3 2  2.3  84    0    0 209 -287  2
4184500 2653500  2  5  4  -5.5  983 107  1.3 3  2.2  82    0    0 213 -287  2
4184500 2653500  2  5  5  -6.2  983 107  0.7 3  2.2  85    0    0 215 -287  2
4184500 2653500  2  5  6  -7.5  983 110  1.5 1  2.1  89    0    0 201 -287  2
4184500 2653500  2  5  7  -7.1  983 103  1.5 0  2.0  90    0    0 185 -287  2
4184500 2653500  2  5  8  -5.8  982 113  1.8 0  2.0  83    0    0 183 -287  2
4184500 2653500  2  5  9  -5.7  982 102  2.0 1  2.0  80   62   32 189 -288  2
4184500 2653500  2  5 10  -3.9  982 109  2.1 0  2.1  75  204   47 189 -291  2
4184500 2653500  2  5 11  -1.9  983 116  2.0 0  2.1  67  305   51 189 -296  2
4184500 2653500  2  5 12  -0.5  982 118  2.9 0  2.2  61  361   74 192 -304  2
4184500 2653500  2  5 13  -0.7  981 125  2.8 0  2.2  58  381   61 193 -312  2
4184500 2653500  2  5 14   0.0  981 209  3.1 0  2.1  56  300   80 193 -317  2
4184500 2653500  2  5 15  -0.3  980 338  3.4 0  2.1  54  247   70 194 -318  2
4184500 2653500  2  5 16  -0.9  980 359  3.1 0  2.1  56  135   61 193 -314  2
4184500 2653500  2  5 17  -2.1  980 126  2.4 1  2.1  60   18   31 195 -303  2
4184500 2653500  2  5 18  -3.3  980 123  2.1 0  2.1  64    0    0 193 -291  2
4184500 2653500  2  5 19  -4.2  980 126  2.4 0  2.1  70    0    0 188 -289  2
4184500 2653500  2  5 20  -4.9  979 117  2.4 0  2.1  74    0    0 187 -290  2
4184500 2653500  2  5 21  -5.2  979 132  2.3 0  2.0  76    0    0 187 -289  2
4184500 2653500  2  5 22  -5.6  979 121  2.8 0  2.0  77    0    0 188 -288  2
4184500 2653500  2  5 23  -6.2  980 120  2.7 0  2.0  81    0    0 187 -287  2
4184500 2653500  2  5 24  -6.5  980 123  2.1 0  2.0  83    0    0 185 -287  2
4184500 2653500  2  6  1  -7.1  980 122  1.6 1  2.0  85    0    0 186 -286  2
4184500 2653500  2  6  2  -7.3  980 123  1.9 2  1.9  85    0    0 188 -286  2
4184500 2653500  2  6  3  -7.3  981 125  2.8 1  1.9  84    0    0 188 -286  2
4184500 2653500  2  6  4  -7.3  981 124  2.4 1  1.9  82    0    0 186 -286  2
4184500 2653500  2  6  5  -7.3  980 118  3.7 1  1.8  81    0    0 185 -286  2
4184500 2653500  2  6  6  -7.3  980 105  2.4 1  1.8  80    0    0 185 -285  2
4184500 2653500  2  6  7  -7.9  981 103  2.3 0  1.8  81    0    0 181 -285  2
4184500 2653500  2  6  8  -8.0  980 101  2.1 0  1.8  82    0    0 178 -285  2
4184500 2653500  2  6  9  -7.0  981 104  2.4 0  1.8  80   55   36 179 -285  2
4184500 2653500  2  6 10  -4.7  981 118  1.9 0  1.9  73  178   64 182 -287  2
4184500 2653500  2  6 11  -4.0  981 105  2.5 0  1.9  69  291   72 185 -293  2
4184500 2653500  2  6 12  -2.8  981 105  3.0 0  2.0  66  353   79 186 -301  2
4184500 2653500  2  6 13  -1.9  982  89  2.7 0  2.1  64  354   89 189 -310  2
4184500 2653500  2  6 14  -1.7  982  18  3.2 0  2.2  63  321   88 191 -316  2
4184500 2653500  2  6 15  -2.0  981 317  3.2 0  2.2  64  235   87 191 -318  2
4184500 2653500  2  6 16  -2.0  981 184  2.0 0  2.2  65  112   75 191 -313  2
4184500 2653500  2  6 17  -3.2  982 128  3.7 0  2.2  68   15   33 191 -302  2
4184500 2653500  2  6 18  -4.1  981 125  3.6 0  2.2  72    0    0 189 -292  2
4184500 2653500  2  6 19  -4.7  981 128  3.6 0  2.1  75    0    0 188 -289  2
4184500 2653500  2  6 20  -5.0  982 108  3.2 1  2.1  77    0    0 189 -286  2
4184500 2653500  2  6 21  -4.7  982 138  2.5 1  2.1  77    0    0 191 -283  2
4184500 2653500  2  6 22  -5.3  982 122  2.9 1  2.1  76    0    0 191 -281  2
4184500 2653500  2  6 23  -4.9  982 122  4.2 1  2.0  76    0    0 190 -280  2
4184500 2653500  2  6 24  -5.5  982 124  4.6 0  2.0  75    0    0 189 -279  2
4184500 2653500  2  7  1  -5.6  982 119  5.4 0  1.9  74    0    0 186 -278  2
4184500 2653500  2  7  2  -6.0  982 132  5.1 0  1.8  71    0    0 185 -277  2
4184500 2653500  2  7  3  -6.2  982 116  4.3 0  1.7  68    0    0 184 -277  2
4184500 2653500  2  7  4  -6.7  982 115  3.8 0  1.6  67    0    0 183 -277  2
4184500 2653500  2  7  5  -7.2  982 113  2.1 0  1.5  67    0    0 181 -278  2
4184500 2653500  2  7  6  -7.5  982 127  2.4 0  1.5  67    0    0 179 -278  2
4184500 2653500  2  7  7  -7.2  982 127  3.6 0  1.5  66    0    0 179 -277  2
4184500 2653500  2  7  8  -7.1  982 126  4.1 0  1.5  64    0    2 179 -277  2
4184500 2653500  2  7  9  -6.9  982 121  3.2 0  1.5  64   54   38 180 -277  2
4184500 2653500  2  7 10  -6.0  982 132  4.1 0  1.5  63  164   71 180 -278  2
4184500 2653500  2  7 11  -4.0  982 129  2.2 0  1.5  57  267   85 182 -283  2
4184500 2653500  2  7 12  -3.3  982 123  2.1 0  1.5  51  328   95 184 -293  2
4184500 2653500  2  7 13  -3.0  982 127  3.2 0  1.5  49  351   99 184 -300  2
4184500 2653500  2  7 14  -2.5  982 134  2.9 0  1.6  50  327   96 185 -303  2
4184500 2653500  2  7 15  -3.2  982 137  3.9 0  1.7  53  244   93 186 -301  2
4184500 2653500  2  7 16  -2.8  982 135  2.5 0  1.8  56  122   76 188 -297  2
4184500 2653500  2  7 17  -4.1  981 134  4.3 0  1.8  59   19   35 188 -291  2
4184500 2653500  2  7 18  -4.8  981 122  3.0 0  1.8  62    0    0 186 -283  2
4184500 2653500  2  7 19  -5.3  981 126  4.6 0  1.7  63    0    0 185 -277  2
4184500 2653500  2  7 20  -4.9  981 125  2.7 0  1.6  61    0    0 185 -275  2
4184500 2653500  2  7 21  -6.2  981 135  3.5 0  1.6  61    0    0 184 -274  2
4184500 2653500  2  7 22  -6.3  981 131  4.8 0  1.6  65    0    0 182 -273  2
4184500 2653500  2  7 23  -6.4  981 139  3.8 0  1.6  66    0    0 182 -274  2
4184500 2653500  2  7 24  -6.4  981 123  3.3 0  1.6  65    0    0 183 -272  2
4184500 2653500  2  8  1  -6.3  981 130  4.1 0  1.5  64    0    0 183 -270  2
4184500 2653500  2  8  2  -7.0  981 126  4.4 0  1.5  64    0    0 182 -272  2
4184500 2653500  2  8  3  -7.1  982 136  5.0 0  1.5  65    0    0 182 -274  2
4184500 2653500  2  8  4  -7.1  982 132  4.1 0  1.5  64    0    0 182 -276  2
4184500 2653500  2  8  5  -7.1  982 131  3.6 1  1.4  63    0    0 185 -277  2
4184500 2653500  2  8  6  -7.5  981 132  3.8 2  1.4  63    0    0 192 -278  2
4184500 2653500  2  8  7  -7.3  982 130  5.0 2  1.4  63    0    0 196 -280  2
4184500 2653500  2  8  8  -7.2  981 120  4.9 2  1.4  62    0    1 197 -280  2
4184500 2653500  2  8  9  -6.4  982 117  5.6 2  1.4  61   53   46 198 -280  2
4184500 2653500  2  8 10  -4.9  982 128  4.2 1  1.5  58  148   91 197 -283  2
4184500 2653500  2  8 11  -2.9  982 136  4.1 1  1.6  54  206  119 196 -289  2
4184500 2653500  2  8 12  -2.7  983 120  2.1 2  1.6  52  268  136 204 -297  2
4184500 2653500  2  8 13  -1.8  983 134  2.6 2  1.7  52  285  142 210 -304  2
4184500 2653500  2  8 14  -0.1  983 144  3.1 5  1.9  52   29  166 227 -310  2
4184500 2653500  2  8 15  -1.2  983 133  2.1 8  2.1  56    0   55 254 -314  2
4184500 2653500  2  8 16  -1.8  983 137  1.9 8  2.2  63    0   24 265 -313  2
4184500 2653500  2  8 17  -2.5  983 138  2.9 8  2.2  67    0    7 262 -309  2
4184500 2653500  2  8 18  -3.2  983 121  3.4 8  2.1  66    0    0 259 -304  2
4184500 2653500  2  8 19  -3.8  983 120  2.6 7  2.0  65    0    0 254 -300  2
4184500 2653500  2  8 20  -4.8  983 128  3.0 7  1.9  67    0    0 248 -299  2
4184500 2653500  2  8 21  -4.7  983 129  1.9 7  1.9  68    0    0 248 -299  2
4184500 2653500  2  8 22  -5.2  983 114  2.2 4  1.9  71    0    0 237 -298  2
4184500 2653500  2  8 23  -5.2  983 155  2.6 3  2.0  74    0    0 221 -299  2
4184500 2653500  2  8 24  -5.7  983 157  2.6 4  1.9  74    0    0 220 -302  2
4184500 2653500  2  9  1  -4.9  984 147  1.6 4  1.9  71    0    0 224 -302  2
4184500 2653500  2  9  2  -6.2  983 145  2.1 4  1.8  71    0    0 223 -298  2
4184500 2653500  2  9  3  -4.6  984 154  2.6 5  1.9  71    0    0 228 -294  2
4184500 2653500  2  9  4  -5.0  983 147  2.1 3  1.9  70    0    0 225 -295  2
4184500 2653500  2  9  5  -5.0  983 162  2.7 1  1.9  72    0    0 211 -295  2
4184500 2653500  2  9  6  -4.6  983 155  2.3 1  2.0  73    0    0 204 -296  2
4184500 2653500  2  9  7  -3.9  983 134  1.4 0  2.1  74    0    0 203 -295  2
4184500 2653500  2  9  8  -3.9  983 143  1.8 0  2.2  76    0    4 201 -295  2
4184500 2653500  2  9  9  -3.0  984 136  3.0 0  2.3  77   69   38 203 -297  2
4184500 2653500  2  9 10  -1.4  985 141  2.8 1  2.6  78  189   64 211 -302  2
4184500 2653500  2  9 11   0.4  984 138  3.3 2  2.9  77  232   86 222 -311  2
4184500 2653500  2  9 12   0.3  984 152  3.0 5  3.0  75   62  175 239 -317  2
4184500 2653500  2  9 13   0.9  984 181  3.2 7  2.8  70    6  148 257 -320  2
4184500 2653500  2  9 14   3.1  983 185  3.3 3  3.1  68  129  165 254 -320  2
4184500 2653500  2  9 15   3.6  984 169  3.2 3  3.5  70  268   83 245 -319  2
4184500 2653500  2  9 16   3.0  983 162  2.8 5  3.4  69   91   79 253 -319  2
4184500 2653500  2  9 17   2.6  983 152  2.9 6  3.4  71    7   33 263 -316  2
4184500 2653500  2  9 18   2.3  983 148  3.4 6  3.4  74    0    1 266 -311  2
4184500 2653500  2  9 19   2.3  983 149  3.7 6  3.4  74    0    0 266 -307  2
4184500 2653500  2  9 20   1.8  983 155  4.3 5  3.3  73    0    0 262 -304  2
4184500 2653500  2  9 21   1.9  983 145  4.7 4  3.2  72    0    0 254 -303  2
4184500 2653500  2  9 22   1.8  983 132  4.3 5  3.2  72    0    0 254 -302  2
4184500 2653500  2  9 23   2.0  983 131  4.3 5  3.2  72    0    0 258 -302  2
4184500 2653500  2  9 24   1.4  983 120  4.2 4  3.3  74    0    0 254 -302  2
4184500 2653500  2 10  1   1.2  983 127  3.3 3  3.2  74    0    0 246 -300  2
4184500 2653500  2 10  2  -0.2  983 130  3.9 4  3.1  75    0    0 243 -299  2
4184500 2653500  2 10  3   1.2  983 135  3.8 5  3.0  75    0    0 250 -298  2
4184500 2653500  2 10  4   1.2  982 137  3.0 6  3.1  72    0    0 259 -297  2
4184500 2653500  2 10  5   0.7  982 140  2.9 5  3.1  74    0    0 259 -297  2
4184500 2653500  2 10  6   2.1  981 147  2.7 7  3.2  74    0    0 265 -298  2
4184500 2653500  2 10  7   2.2  982 156  3.6 7  3.3  73    0    0 275 -301  2
4184500 2653500  2 10  8   2.5  981 180  3.1 7  3.4  74    0    1 278 -304  2
4184500 2653500  2 10  9   2.6  981 206  3.5 7  3.4  72    4   39 281 -307  2
4184500 2653500  2 10 10   2.9  981 217  4.7 6  3.4  72   18  106 278 -313  2
4184500 2653500  2 10 11   3.3  980 217  5.6 7  3.6  73   50  166 281 -319  2
4184500 2653500  2 10 12   3.8  979 220  5.1 7  3.7  74   21  177 287 -320  2
4184500 2653500  2 10 13   3.8  979 227  4.8 8  3.8  74    1  126 293 -321  2
4184500 2653500  2 10 14   3.2  979 231  5.3 8  4.0  79    0   70 298 -321  2
4184500 2653500  2 10 15   2.8  978 228  5.6 8  4.1  85    0   49 299 -321  2
4184500 2653500  2 10 16   3.4  977 225  7.0 8  4.2  86    0   29 303 -321  2
4184500 2653500  2 10 17   3.2  976 223  6.2 8  4.3  86    0   13 305 -321  2
4184500 2653500  2 10 18   3.4  975 235  5.7 8  4.3  86    0    1 307 -321  2
4184500 2653500  2 10 19   3.3  975 240  5.4 8  4.3  86    0    0 309 -321  2
4184500 2653500  2 10 20   3.3  976 241  5.8 8  4.3  87    0    0 309 -321  2
4184500 2653500  2 10 21   3.2  975 241  5.3 8  4.4  89    0    0 311 -321  2
4184500 2653500  2 10 22   3.4  975 238  5.2 8  4.4  89    0    0 311 -321  2
4184500 2653500  2 10 23   3.3  975 238  5.4 8  4.4  89    0    0 311 -321  2
4184500 2653500  2 10 24   3.1  975 242  5.0 8  4.4  90    0    0 311 -321  2
4184500 2653500  2 11  1   2.9  975 243  5.0 7  4.4  90    0    0 303 -321  2
4184500 2653500  2 11  2   3.0  974 237  5.0 7  4.4  91    0    0 295 -321  2
4184500 2653500  2 11  3   3.2  974 236  4.6 7  4.5  91    0    0 296 -321  2
4184500 2653500  2 11  4   3.4  974 236  4.9 7  4.5  91    0    0 298 -321  2
4184500 2653500  2 11  5   3.3  973 243  4.7 8  4.6  91    0    0 306 -321  2
4184500 2653500  2 11  6   3.2  973 238  3.8 8  4.6  92    0    0 313 -321  2
4184500 2653500  2 11  7   3.2  973 245  3.3 8  4.6  92    0    0 313 -321  2
4184500 2653500  2 11  8   3.1  973 256  2.2 8  4.6  93    0    3 313 -321  2
4184500 2653500  2 11  9   3.0  973 257  2.6 8  4.7  94    1   35 313 -321  2
4184500 2653500  2 11 10   3.1  974 248  3.0 8  4.6  94   12  110 313 -321  2
4184500 2653500  2 11 11   3.3  974 239  2.6 8  4.6  92    6  138 314 -321  2
4184500 2653500  2 11 12   3.6  974 231  2.5 8  4.6  92    0   78 316 -321  2
4184500 2653500  2 11 13   3.6  973 228  2.9 8  4.7  92    0   74 317 -321  2
4184500 2653500  2 11 14   4.0  973 244  1.9 8  4.8  92    0   50 318 -321  2
4184500 2653500  2 11 15   3.8  972 241  1.2 7  4.8  92    0   41 310 -321  2
4184500 2653500  2 11 16   3.3  972 238  0.9 7  4.8  93    0   33 299 -321  2
4184500 2653500  2 11 17   2.9  972 229  0.3 8  4.7  95    0   13 301 -321  2
4184500 2653500  2 11 18   3.3  972 206  0.1 8  4.7  94    0    1 303 -321  2
4184500 2653500  2 11 19   2.9  972 189  0.2 8  4.6  94    0    0 302 -321  2
4184500 2653500  2 11 20   2.9  972 161  0.2 8  4.6  95    0    0 302 -321  2
4184500 2653500  2 11 21   2.6  972 184  0.5 6  4.7  98    0    0 292 -321  2
4184500 2653500  2 11 22   2.9  972 200  0.7 6  4.8  99    0    0 283 -320  2
4184500 2653500  2 11 23   2.9  971 203  1.1 8  4.8  98    0    0 296 -320  2
4184500 2653500  2 11 24   2.7  971 201  1.4 8  4.7  97    0    0 308 -321  2
4184500 2653500  2 12  1   2.9  970 191  1.2 7  4.7  97    0    0 302 -321  2
4184500 2653500  2 12  2   2.9  969 188  0.9 7  4.7  97    0    0 293 -321  2
4184500 2653500  2 12  3   3.0  968 179  1.6 8  4.7  96    0    0 299 -321  2
4184500 2653500  2 12  4   3.0  967 176  1.3 8  4.6  94    0    0 308 -321  2
4184500 2653500  2 12  5   3.1  966 179  2.2 7  4.7  94    0    0 301 -321  2
4184500 2653500  2 12  6   3.4  966 179  2.3 8  4.8  95    0    0 303 -321  2
4184500 2653500  2 12  7   3.7  964 181  2.4 8  4.8  94    0    0 316 -321  2
4184500 2653500  2 12  8   4.0  963 198  2.2 8  4.9  93    0    1 319 -321  2
4184500 2653500  2 12  9   4.3  961 206  2.8 8  5.0  92    0   27 321 -324  2
4184500 2653500  2 12 10   4.6  959 218  3.5 8  5.1  92    0   53 324 -330  2
4184500 2653500  2 12 11   5.3  958 217  3.7 8  5.3  92    0   59 327 -334  2
4184500 2653500  2 12 12   6.3  956 219  5.6 8  5.6  92    0   46 331 -336  2
4184500 2653500  2 12 13   7.4  954 213  6.0 8  5.8  89    0   56 336 -339  2
4184500 2653500  2 12 14   7.5  951 226  7.1 8  6.1  89    0   49 339 -343  2
4184500 2653500  2 12 15   8.5  949 232  7.3 8  6.3  89    0   34 341 -344  2
4184500 2653500  2 12 16   9.0  948 236  8.2 8  6.4  86    0   32 343 -343  2
4184500 2653500  2 12 17   9.0  947 237  8.2 8  6.4  84    0   16 344 -342  2
4184500 2653500  2 12 18   8.8  946 239  8.0 7  6.4  84    0    1 337 -341  2
4184500 2653500  2 12 19   8.2  945 236  6.5 5  6.3  85    0    0 320 -342  2
4184500 2653500  2 12 20   7.6  945 245  6.6 6  6.1  85    0    0 312 -342  2
4184500 2653500  2 12 21   6.0  944 262  8.3 8  5.6  85    0    0 323 -342  2
4184500 2653500  2 12 22   4.7  945 264  7.2 8  5.1  85    0    0 326 -342  2
4184500 2653500  2 12 23   3.8  946 275  8.8 7  4.5  82    0    0 315 -339  2
4184500 2653500  2 12 24   3.1  947 264  7.6 4  4.2  80    0    0 289 -334  2
4184500 2653500  2 13  1   2.9  946 268  8.7 6  4.1  81    0    0 279 -330  2
4184500 2653500  2 13  2   2.9  946 262  8.8 7  3.9  79    0    0 294 -327  2
4184500 2653500  2 13  3   2.7  946 251  8.6 7  3.9  78    0    0 297 -324  2
4184500 2653500  2 13  4   2.5  946 247  6.3 6  3.9  79    0    0 290 -322  2
4184500 2653500  2 13  5   2.7  946 260  6.8 6  4.0  81    0    0 284 -322  2
4184500 2653500  2 13  6   2.5  945 249  5.7 8  4.0  82    0    0 293 -321  2
4184500 2653500  2 13  7   2.4  945 254  8.9 8  4.0  83    0    0 302 -321  2
4184500 2653500  2 13  8   1.7  945 262  7.9 8  4.0  85    0    2 300 -321  2
4184500 2653500  2 13  9   1.8  945 257  9.5 7  3.9  84    7   49 292 -321  2
4184500 2653500  2 13 10   1.6  945 260  8.4 7  3.6  78   60  121 284 -321  2
4184500 2653500  2 13 11   1.9  945 254  8.7 6  3.5  76   77  176 275 -320  2
4184500 2653500  2 13 12   2.3  945 266  8.9 5  3.5  74  167  196 263 -322  2
4184500 2653500  2 13 13   1.5  944 242  7.6 6  3.6  77   73  219 262 -324  2
4184500 2653500  2 13 14   0.8  943 283  7.4 7  3.8  85   27  183 271 -324  2
4184500 2653500  2 13 15   2.1  943 262  7.6 6  3.7  82   10  136 269 -322  2
4184500 2653500  2 13 16   2.0  943 249  5.7 8  3.6  76    0   28 272 -320  2
4184500 2653500  2 13 17   1.8  943 272  6.5 7  3.5  75    0   17 275 -320  2
4184500 2653500  2 13 18   1.0  943 250  6.9 7  3.5  77    0    4 266 -320  2
4184500 2653500  2 13 19   0.2  943 251  5.6 7  3.5  82    0    0 265 -320  2
4184500 2653500  2 13 20   0.0  944 251  6.9 8  3.5  86    0    0 269 -319  2
4184500 2653500  2 13 21  -0.3  944 259  6.8 7  3.6  88    0    0 270 -317  2
4184500 2653500  2 13 22  -0.4  944 278  6.3 8  3.6  91    0    0 271 -316  2
4184500 2653500  2 13 23  -0.7  945 277  6.0 8  3.6  93    0    0 278 -316  2
4184500 2653500  2 13 24  -1.3  945 277  8.5 8  3.6  95    0    0 277 -315  2
4184500 2653500  2 14  1  -1.7  946 282  6.4 7  3.4  94    0    0 271 -314  2
4184500 2653500  2 14  2  -1.6  946 279  7.1 7  3.4  94    0    0 266 -314  2
4184500 2653500  2 14  3  -1.9  947 283  7.5 8  3.3  94    0    0 271 -313  2
4184500 2653500  2 14  4  -2.0  947 283  6.7 8  3.3  95    0    0 277 -313  2
4184500 2653500  2 14  5  -2.1  947 306  6.6 8  3.3  95    0    0 276 -312  2
4184500 2653500  2 14  6  -2.1  947 301  7.1 8  3.2  93    0    0 275 -311  2
4184500 2653500  2 14  7  -2.3  948 297  5.8 8  3.2  93    0    0 274 -309  2
4184500 2653500  2 14  8  -2.5  948 297  6.7 8  3.1  91    3   10 273 -309  2
4184500 2653500  2 14  9  -2.6  949 294  7.4 8  3.0  90   64   56 272 -308  2
4184500 2653500  2 14 10  -2.7  950 298  7.6 8  3.0  89   43  115 272 -308  2
4184500 2653500  2 14 11  -2.4  951 297  7.3 8  2.9  88   16  147 272 -308  2
4184500 2653500  2 14 12  -2.4  952 294  6.6 8  2.9  86    6  151 272 -309  2
4184500 2653500  2 14 13  -1.5  952 280  8.2 5  2.9  82   48  202 256 -309  2
4184500 2653500  2 14 14  -1.6  952 283  7.1 5  2.8  78    6  144 239 -310  2
4184500 2653500  2 14 15  -0.4  952 285  5.4 3  2.7  73   50  159 227 -311  2
4184500 2653500  2 14 16  -0.6  952 281  4.8 5  2.7  70   44  109 229 -311  2
4184500 2653500  2 14 17  -0.5  952 272  3.8 5  2.8  73   12   46 242 -311  2
4184500 2653500  2 14 18  -1.3  952 289  3.1 8  3.0  81    0    5 258 -309  2
4184500 2653500  2 14 19  -1.0  953 291  2.1 6  3.1  84    0    0 262 -307  2
4184500 2653500  2 14 20  -1.9  953 281  2.3 6  3.1  86    0    0 243 -307  2
4184500 2653500  2 14 21  -2.3  953 284  2.0 6  3.1  89    0    0 240 -306  2
4184500 2653500  2 14 22  -2.7  954 292  1.9 6  3.1  91    0    0 239 -306  2
4184500 2653500  2 14 23  -3.4  954 289  1.7 6  3.0  92    0    0 236 -305  2
4184500 2653500  2 14 24  -4.1  955 282  1.6 6  2.8  93    0    0 241 -305  2
4184500 2653500  2 15  1  -5.0  977 263  1.7 5  2.6  92    0    0 246 -303  2
4184500 2653500  2 15  2  -5.8  978 245  1.9 5  2.4  91    0    0 234 -297  2
4184500 2653500  2 15  3  -6.7  977 231  2.3 4  2.2  90    0    0 226 -289  2
4184500 2653500  2 15  4  -7.3  977 233  2.5 3  2.1  90    0    0 212 -285  2
4184500 2653500  2 15  5  -7.5  977 236  2.5 3  2.0  89    0    0 191 -285  2
4184500 2653500  2 15  6  -8.5  977 245  2.7 3  1.9  89    0    0 185 -288  2
4184500 2653500  2 15  7  -8.2  977 238  2.3 2  1.8  87    0    0 181 -291  2
4184500 2653500  2 15  8  -8.3  977 229  2.9 2  1.8  86    4   11 167 -293  2
4184500 2653500  2 15  9  -7.8  977 232  2.5 3  1.8  86   94   50 175 -297  2
4184500 2653500  2 15 10  -5.5  977 233  2.9 3  1.9  81  206   76 178 -301  2
4184500 2653500  2 15 11  -3.5  977 232  3.8 4  2.1  75  315   84 183 -304  2
4184500 2653500  2 15 12  -2.1  977 232  3.7 5  2.2  70  314  114 207 -307  2
4184500 2653500  2 15 13  -0.9  977 235  4.7 5  2.3  67  297  134 220 -309  2
4184500 2653500  2 15 14  -0.7  977 244  5.5 4  2.4  64  352  104 211 -311  2
4184500 2653500  2 15 15  -0.7  976 229  5.1 2  2.4  63  308   94 170 -314  2
4184500 2653500  2 15 16  -1.1  975 237  5.8 2  2.3  63  205   74 160 -314  2
4184500 2653500  2 15 17  -1.7  974 235  5.5 4  2.3  65   38   61 185 -314  2
4184500 2653500  2 15 18  -2.1  974 226  5.8 5  2.3  68    0    5 224 -313  2
4184500 2653500  2 15 19  -2.6  974 233  5.6 5  2.4  71    0    0 238 -313  2
4184500 2653500  2 15 20  -2.0  973 221  5.8 5  2.5  75    0    0 243 -313  2
4184500 2653500  2 15 21  -2.0  972 227  4.7 5  2.5  75    0    0 245 -313  2
4184500 2653500  2 15 22  -1.9  972 229  5.2 7  2.5  74    0    0 261 -312  2
4184500 2653500  2 15 23  -1.7  971 223  5.1 7  2.6  74    0    0 276 -312  2
4184500 2653500  2 15 24  -1.8  970 227  4.3 6  2.6  74    0    0 271 -311  2
4184500 2653500  2 16  1  -2.3  969 227  4.5 5  2.6  75    0    0 255 -310  2
4184500 2653500  2 16  2  -2.4  968 227  6.1 7  2.5  76    0    0 260 -311  2
4184500 2653500  2 16  3  -2.3  967 239  4.9 5  2.6  77    0    0 260 -311  2
4184500 2653500  2 16  4  -1.5  967 237  4.9 7  2.7  78    0    0 264 -312  2
4184500 2653500  2 16  5  -1.5  965 231  3.6 8  2.8  80    0    0 287 -313  2
4184500 2653500  2 16  6  -2.2  964 230  5.0 8  2.9  85    0    0 294 -313  2
4184500 2653500  2 16  7  -1.4  962 225  4.4 7  3.0  87    0    0 288 -314  2
4184500 2653500  2 16  8  -1.1  960 225  4.8 8  3.2  87    0    6 289 -314  2
4184500 2653500  2 16  9  -0.7  959 229  6.4 8  3.2  86    0   19 297 -315  2
4184500 2653500  2 16 10  -0.4  959 238  5.7 7  3.3  86    0   43 290 -317  2
4184500 2653500  2 16 11   0.1  958 241  6.4 7  3.5  87    0   64 284 -319  2
4184500 2653500  2 16 12   0.7  957 247  7.3 7  3.6  86    0   89 284 -320  2
4184500 2653500  2 16 13   0.2  956 245  7.8 7  3.7  88    0   76 285 -320  2
4184500 2653500  2 16 14   0.4  956 259  7.5 7  3.8  92    0   72 286 -320  2
4184500 2653500  2 16 15   1.0  956 264  7.2 7  3.9  93    0   62 287 -321  2
4184500 2653500  2 16 16   1.5  956 260  7.6 8  4.0  91    0   32 292 -320  2
4184500 2653500  2 16 17   1.4  955 258  6.5 6  3.9  88    0   34 285 -319  2
4184500 2653500  2 16 18   0.7  956 294 10.7 8  3.8  87    0    0 282 -315  2
4184500 2653500  2 16 19   0.2  956 274  9.3 7  3.5  85    0    0 281 -312  2
4184500 2653500  2 16 20   0.0  957 270  8.4 6  3.3  81    0    0 270 -310  2
4184500 2653500  2 16 21  -0.7  958 269  8.9 8  3.2  82    0    0 271 -308  2
4184500 2653500  2 16 22  -0.4  958 260  7.9 8  3.2  83    0    0 280 -309  2
4184500 2653500  2 16 23  -0.7  958 261  8.0 7  3.2  83    0    0 275 -310  2
4184500 2653500  2 16 24  -0.9  958 250  7.6 6  3.3  88    0    0 263 -309  2
4184500 2653500  2 17  1  -0.6  957 278  7.4 8  3.4  89    0    0 266 -308  2
4184500 2653500  2 17  2  -0.7  955 295 10.0 8  3.4  88    0    0 276 -308  2
4184500 2653500  2 17  3  -0.2  954 283 11.1 8  3.4  89    0    0 276 -308  2
4184500 2653500  2 17  4  -0.2  953 241 11.5 8  3.5  89    0    0 276 -308  2
4184500 2653500  2 17  5   0.2  951 266 11.4 8  3.5  87    0    0 275 -308  2
4184500 2653500  2 17  6   0.2  950 237 11.9 8  3.6  87    0    0 276 -305  2
4184500 2653500  2 17  7  -0.3  950 263 11.0 8  3.6  90    0    0 274 -302  2
4184500 2653500  2 17  8  -1.8  949 276  8.6 8  3.4  92    0    4 271 -302  2
4184500 2653500  2 17  9  -1.7  949 272  9.1 8  3.2  90    3   45 269 -301  2
4184500 2653500  2 17 10  -1.8  949 270 10.4 7  3.1  88   13  102 262 -301  2
4184500 2653500  2 17 11  -2.1  950 271 11.0 6  3.2  90    3  118 249 -301  2
4184500 2653500  2 17 12  -2.1  951 287 12.1 8  3.1  90    0   90 255 -302  2
4184500 2653500  2 17 13  -1.9  952 289  9.7 7  3.1  88    0  113 259 -303  2
4184500 2653500  2 17 14  -1.6  954 288 10.8 6  3.0  84    2  135 249 -303  2
4184500 2653500  2 17 15  -1.9  954 273 11.4 7  2.9  81    0   49 248 -303  2
4184500 2653500  2 17 16  -2.1  955 287  9.7 7  2.8  81    0   37 250 -301  2
4184500 2653500  2 17 17  -2.0  956 279  9.7 6  2.8  80    1   39 246 -299  2
4184500 2653500  2 17 18  -2.0  957 264  8.7 7  2.7  79    0    6 245 -296  2
4184500 2653500  2 17 19  -2.2  957 254  8.0 6  2.6  76    0    0 244 -294  2
4184500 2653500  2 17 20  -2.4  958 248  5.9 7  2.6  76    0    0 243 -294  2
4184500 2653500  2 17 21  -2.5  958 250  7.4 6  2.6  78    0    0 243 -294  2
4184500 2653500  2 17 22  -2.5  958 258  5.8 8  2.6  78    0    0 248 -296  2
4184500 2653500  2 17 23  -2.3  958 256  5.5 8  2.6  78    0    0 257 -298  2
4184500 2653500  2 17 24  -2.2  959 258  6.8 7  2.6  77    0    0 254 -299  2
4184500 2653500  2 18  1  -2.3  959 258  5.2 7  2.6  77    0    0 252 -299  2
4184500 2653500  2 18  2  -2.4  959 265  6.7 5  2.7  79    0    0 244 -299  2
4184500 2653500  2 18  3  -2.5  959 279  7.1 7  2.8  84    0    0 245 -299  2
4184500 2653500  2 18  4  -2.3  960 285  7.3 7  2.9  88    0    0 255 -299  2
4184500 2653500  2 18  5  -2.3  960 280  5.6 7  3.0  87    0    0 255 -299  2
4184500 2653500  2 18  6  -2.1  961 279  6.4 8  2.9  86    0    0 259 -299  2
4184500 2653500  2 18  7  -2.1  962 277  5.0 7  2.9  83    0    0 259 -299  2
4184500 2653500  2 18  8  -2.4  963 284  4.0 7  2.8  83    0   11 254 -298  2
4184500 2653500  2 18  9  -2.3  964 286  4.1 7  2.8  84   25   68 254 -298  2
4184500 2653500  2 18 10  -1.8  964 289  5.6 7  2.9  84   14  117 256 -299  2
4184500 2653500  2 18 11  -1.4  965 284  5.0 7  3.0  84    9  145 258 -301  2
4184500 2653500  2 18 12  -0.9  966 286  5.3 6  3.1  84   11  175 256 -304  2
4184500 2653500  2 18 13  -0.1  966 291  5.6 5  3.1  82   20  200 250 -305  2
4184500 2653500  2 18 14   0.4  966 292  6.1 6  3.2  80    7  164 253 -306  2
4184500 2653500  2 18 15   0.0  967 290  5.4 6  3.3  82    0  113 258 -309  2
4184500 2653500  2 18 16   0.1  967 296  5.5 6  3.3  82    4   93 258 -310  2
4184500 2653500  2 18 17  -0.2  968 301  5.7 7  3.3  84    2   47 261 -309  2
4184500 2653500  2 18 18  -0.8  968 289  3.7 8  3.4  88    0    5 268 -308  2
4184500 2653500  2 18 19  -1.0  969 279  4.0 7  3.3  90    0    0 268 -307  2
4184500 2653500  2 18 20  -1.2  970 272  3.4 7  3.3  90    0    0 264 -305  2
4184500 2653500  2 18 21  -2.0  969 254  1.7 7  3.2  90    0    0 263 -304  2
4184500 2653500  2 18 22  -1.7  970 237  1.9 6  3.1  90    0    0 258 -303  2
4184500 2653500  2 18 23  -2.1  970 231  1.9 6  3.0  88    0    0 255 -301  2
4184500 2653500  2 18 24  -2.2  970 219  2.2 6  2.9  87    0    0 255 -300  2
4184500 2653500  2 19  1  -2.3  970 227  2.9 8  2.9  86    0    0 264 -300  2
4184500 2653500  2 19  2  -2.5  971 236  2.7 8  2.8  84    0    0 273 -302  2
4184500 2653500  2 19  3  -2.3  971 226  2.7 8  2.8  84    0    0 275 -304  2
4184500 2653500  2 19  4  -2.3  970 240  3.3 8  2.9  86    0    0 276 -306  2
4184500 2653500  2 19  5  -1.7  970 244  4.0 7  3.0  87    0    0 274 -308  2
4184500 2653500  2 19  6  -1.3  969 225  2.4 8  3.2  90    0    0 278 -311  2
4184500 2653500  2 19  7  -0.2  969 239  3.7 7  3.4  92    0    0 283 -313  2
4184500 2653500  2 19  8   0.4  969 233  3.4 8  3.6  91    0    3 288 -316  2
4184500 2653500  2 19  9   0.9  968 256  4.6 8  3.8  92    0   24 298 -319  2
4184500 2653500  2 19 10   1.6  968 242  3.8 8  4.0  93    0   34 300 -321  2
4184500 2653500  2 19 11   2.3  968 240  3.5 8  4.2  91    0   73 302 -321  2
4184500 2653500  2 19 12   2.7  968 238  2.9 7  4.3  90    0  126 298 -321  2
4184500 2653500  2 19 13   3.2  967 230  4.1 7  4.4  90    0  128 295 -321  2
4184500 2653500  2 19 14   3.3  967 225  5.1 8  4.5  90    0   98 306 -321  2
4184500 2653500  2 19 15   3.6  966 219  5.7 7  4.6  90    3  106 307 -321  2
4184500 2653500  2 19 16   3.5  965 234  5.1 8  4.7  91    0   71 310 -321  2
4184500 2653500  2 19 17   3.3  965 238  5.5 7  4.7  92    0   35 311 -321  2
4184500 2653500  2 19 18   3.7  964 238  5.9 8  4.7  92    0    5 314 -321  2
4184500 2653500  2 19 19   3.9  963 250  6.1 8  4.8  92    0    0 322 -321  2
4184500 2653500  2 19 20   4.0  963 249  5.0 8  4.9  92    0    0 323 -321  2
4184500 2653500  2 19 21   4.1  963 247  4.8 8  5.0  93    0    0 325 -321  2
4184500 2653500  2 19 22   4.2  963 252  5.2 8  5.0  94    0    0 326 -321  2
4184500 2653500  2 19 23   4.3  964 248  5.0 8  5.1  94    0    0 327 -321  2
4184500 2653500  2 19 24   4.2  964 263  3.7 7  5.1  95    0    0 319 -321  2
4184500 2653500  2 20  1   4.2  964 279  4.1 8  5.2  96    0    0 318 -321  2
4184500 2653500  2 20  2   4.4  964 284  3.9 8  5.2  96    0    0 324 -321  2
4184500 2653500  2 20  3   4.2  964 287  3.0 8  5.2  96    0    0 323 -321  2
4184500 2653500  2 20  4   3.9  964 281  2.4 8  5.2  96    0    0 321 -321  2
4184500 2653500  2 20  5   3.5  964 272  1.5 8  5.1  98    0    0 319 -321  2
4184500 2653500  2 20  6   3.7  964 293  2.5 7  5.1  99    0    0 310 -321  2
4184500 2653500  2 20  7   3.7  964 259  2.7 8  5.1  99    0    0 310 -321  2
4184500 2653500  2 20  8   3.9  964 259  2.4 7  5.1  98    0    6 310 -321  2
4184500 2653500  2 20  9   3.9  965 255  2.8 7  5.2  98    0   24 301 -321  2
4184500 2653500  2 20 10   4.3  965 263  2.8 8  5.2  98    0   55 310 -321  2
4184500 2653500  2 20 11   4.6  964 257  2.8 7  5.3  97    0   98 310 -321  2
4184500 2653500  2 20 12   4.4  964 271  2.8 8  5.3  97    0  106 309 -321  2
4184500 2653500  2 20 13   4.4  964 273  3.0 8  5.3  96    0  100 316 -321  2
4184500 2653500  2 20 14   4.2  964 294  3.8 8  5.1  94    0   69 313 -321  2
4184500 2653500  2 20 15   4.1  964 298  3.3 8  4.8  89    0   46 311 -321  2
4184500 2653500  2 20 16   4.1  965 313  3.2 8  4.3  80    0   73 308 -321  2
4184500 2653500  2 20 17   3.3  965 295  2.8 8  4.0  78    1   52 304 -321  2
4184500 2653500  2 20 18   2.6  965 286  3.2 7  3.9  80    0    9 293 -320  2
4184500 2653500  2 20 19   1.8  965 273  2.7 7  3.9  83    0    0 282 -320  2
4184500 2653500  2 20 20   1.5  966 278  2.0 7  3.8  85    0    0 280 -319  2
4184500 2653500  2 20 21   1.5  966 267  2.2 6  3.8  86    0    0 273 -316  2
4184500 2653500  2 20 22   1.4  967 258  2.4 7  3.8  87    0    0 273 -310  2
4184500 2653500  2 20 23   1.3  967 228  1.5 7  3.8  86    0    0 279 -306  2
4184500 2653500  2 20 24   1.4  967 235  2.8 7  3.8  87    0    0 280 -308  2
4184500 2653500  2 21  1   1.4  966 237  2.3 8  3.8  87    0    0 287 -311  2
4184500 2653500  2 21  2   1.5  966 243  2.3 8  3.8  86    0    0 293 -314  2
4184500 2653500  2 21  3   1.4  966 239  2.2 8  3.7  84    0    0 294 -315  2
4184500 2653500  2 21  4   1.4  965 243  1.5 7  3.7  83    0    0 288 -315  2
4184500 2653500  2 21  5   1.4  964 247  2.4 6  3.6  83    0    0 276 -314  2
4184500 2653500  2 21  6   1.2  964 247  2.8 7  3.7  83    0    0 277 -315  2
4184500 2653500  2 21  7   1.2  963 247  3.4 8  3.7  84    0    0 292 -315  2
4184500 2653500  2 21  8   1.3  962 244  2.8 8  3.7  84    0    2 300 -316  2
4184500 2653500  2 21  9   1.3  962 232  2.7 8  3.7  84    3   50 301 -317  2
4184500 2653500  2 21 10   1.9  961 233  3.8 8  3.7  82    5   96 302 -319  2
4184500 2653500  2 21 11   2.5  961 239  5.0 8  3.7  79    0  106 304 -321  2
4184500 2653500  2 21 12   3.0  960 239  5.2 6  3.8  78    0  116 292 -321  2
4184500 2653500  2 21 13   3.0  960 239  5.4 7  3.9  79    3  149 286 -320  2
4184500 2653500  2 21 14   3.1  958 250  4.9 6  3.9  79    4  142 288 -320  2
4184500 2653500  2 21 15   3.3  958 244  4.5 8  3.9  78   14  139 298 -321  2
4184500 2653500  2 21 16   3.3  957 240  4.3 7  4.0  78    5   93 306 -321  2
4184500 2653500  2 21 17   3.0  955 223  3.9 8  4.0  79    0   37 306 -321  2
4184500 2653500  2 21 18   2.7  954 221  5.6 8  4.0  81    0    6 313 -321  2
4184500 2653500  2 21 19   1.6  953 202  4.2 8  4.0  86    0    0 311 -321  2
4184500 2653500  2 21 20   2.3  951 225  6.5 8  4.1  89    0    0 311 -321  2
4184500 2653500  2 21 21   2.9  949 231  6.2 8  4.2  87    0    0 312 -321  2
4184500 2653500  2 21 22   2.9  948 232  4.7 6  4.3  86    0    0 298 -321  2
4184500 2653500  2 21 23   3.1  947 237  5.3 6  4.3  86    0    0 283 -321  2
4184500 2653500  2 21 24   2.0  946 249  2.2 7  4.3  88    0    0 287 -320  2
4184500 2653500  2 22  1   2.5  946 268  4.3 7  4.3  90    0    0 292 -321  2
4184500 2653500  2 22  2   2.2  944 260  4.4 6  4.3  90    0    0 285 -321  2
4184500 2653500  2 22  3   2.2  944 254  5.4 7  4.2  88    0    0 283 -320  2
4184500 2653500  2 22  4   2.2  944 249  6.5 7  4.1  85    0    0 287 -320  2
4184500 2653500  2 22  5   2.0  943 278  7.0 8  4.0  84    0    0 293 -320  2
4184500 2653500  2 22  6   1.8  943 264  6.8 8  3.9  84    0    0 299 -319  2
4184500 2653500  2 22  7   1.1  943 258  6.2 8  3.8  84    0    0 297 -316  2
4184500 2653500  2 22  8   0.9  943 261  5.7 8  3.7  83    0    6 294 -314  2
4184500 2653500  2 22  9  -0.1  944 258  6.2 8  3.6  86    8   45 290 -314  2
4184500 2653500  2 22 10   0.1  944 251  6.7 6  3.6  88  108   55 273 -314  2
4184500 2653500  2 22 11   0.6  945 270  7.6 8  3.5  84   28  123 272 -314  2
4184500 2653500  2 22 12   1.3  945 284  6.8 7  3.3  77   40  149 279 -315  2
4184500 2653500  2 22 13   1.6  946 260  7.3 7  3.3  72    0  133 272 -316  2
4184500 2653500  2 22 14   1.3  946 250  7.7 7  3.3  74    0  107 272 -316  2
4184500 2653500  2 22 15   2.1  946 248  8.1 7  3.3  73    0   99 272 -317  2
4184500 2653500  2 22 16   1.9  946 233  6.8 8  3.3  71    0   43 276 -317  2
4184500 2653500  2 22 17   0.8  947 253  6.2 8  3.4  77    2   42 277 -315  2
4184500 2653500  2 22 18   0.5  947 261  5.9 5  3.4  80    0    6 258 -314  2
4184500 2653500  2 22 19   0.4  947 250  6.0 5  3.3  78    0    0 239 -312  2
4184500 2653500  2 22 20   0.2  948 256  7.2 5  3.2  78    0    0 238 -311  2
4184500 2653500  2 22 21   0.2  948 253  5.5 8  3.2  78    0    0 258 -311  2
4184500 2653500  2 22 22  -0.2  949 248  6.3 7  3.2  80    0    0 271 -311  2
4184500 2653500  2 22 23  -0.5  949 258  5.5 7  3.3  83    0    0 264 -311  2
4184500 2653500  2 22 24  -0.7  949 251  5.5 7  3.3  85    0    0 265 -311  2
4184500 2653500  2 23  1  -1.0  949 258  6.8 8  3.3  87    0    0 271 -311  2
4184500 2653500  2 23  2  -1.0  949 243  6.0 8  3.3  88    0    0 278 -312  2
4184500 2653500  2 23  3  -1.0  949 253  5.8 7  3.3  88    0    0 273 -311  2
4184500 2653500  2 23  4  -0.9  949 251  6.0 8  3.3  87    0    0 274 -311  2
4184500 2653500  2 23  5  -0.8  948 250  6.3 6  3.3  86    0    0 268 -310  2
4184500 2653500  2 23  6  -0.8  948 255  7.2 7  3.3  87    0    0 264 -310  2
4184500 2653500  2 23  7  -0.6  948 268  8.4 8  3.3  85    0    0 277 -310  2
4184500 2653500  2 23  8  -0.8  948 274  7.1 8  3.2  84    0    4 283 -310  2
4184500 2653500  2 23  9  -1.0  949 271  6.5 8  3.3  87   18   85 283 -311  2
4184500 2653500  2 23 10  -0.7  950 269  6.4 7  3.3  88    3  109 277 -312  2
4184500 2653500  2 23 11  -0.2  950 286  6.5 8  3.4  86    0   78 279 -312  2
4184500 2653500  2 23 12  -0.1  951 270  4.3 8  3.4  86    0  100 286 -313  2
4184500 2653500  2 23 13   0.1  951 279  3.8 7  3.6  89    1  151 281 -314  2
4184500 2653500  2 23 14   0.2  952 279  4.0 8  3.7  91    0  118 283 -315  2
4184500 2653500  2 23 15   0.2  952 279  4.1 7  3.7  91    5  146 284 -316  2
4184500 2653500  2 23 16   0.1  952 309  4.6 8  3.7  91    0   86 284 -315  2
4184500 2653500  2 23 17  -0.2  953 319  6.1 8  3.6  90    0   23 287 -314  2
4184500 2653500  2 23 18  -0.5  953 318  6.0 8  3.5  89    0    6 285 -312  2
4184500 2653500  2 23 19  -0.7  955 309  6.5 7  3.4  89    0    0 278 -310  2
4184500 2653500  2 23 20  -0.5  956 315  8.2 7  3.4  89    0    0 273 -309  2
4184500 2653500  2 23 21  -1.2  957 309  6.3 7  3.3  89    0    0 272 -309  2
4184500 2653500  2 23 22  -1.6  958 303  7.5 8  3.2  90    0    0 274 -307  2
4184500 2653500  2 23 23  -1.4  958 295  6.0 8  3.1  87    0    0 276 -307  2
4184500 2653500  2 23 24  -1.7  959 305  5.7 8  3.0  85    0    0 275 -307  2
4184500 2653500  2 24  1  -2.1  959 300  4.5 7  3.0  86    0    0 268 -305  2
4184500 2653500  2 24  2  -2.5  959 294  5.0 6  2.9  87    0    0 256 -305  2
4184500 2653500  2 24  3  -2.2  959 283  5.7 8  2.9  86    0    0 258 -306  2
4184500 2653500  2 24  4  -2.2  959 279  4.5 8  2.9  86    0    0 268 -306  2
4184500 2653500  2 24  5  -1.9  959 255  6.0 8  3.1  89    0    0 269 -307  2
4184500 2653500  2 24  6  -1.2  958 259  5.8 8  3.2  90    0    0 273 -306  2
4184500 2653500  2 24  7  -0.9  958 273  4.4 7  3.3  90    0    0 269 -307  2
4184500 2653500  2 24  8  -0.9  958 263  4.7 8  3.4  90    0    3 271 -309  2
4184500 2653500  2 24  9  -0.7  958 271  6.3 8  3.4  90    8   68 278 -309  2
4184500 2653500  2 24 10  -0.3  958 274  7.9 5  3.4  89   39  145 262 -308  2
4184500 2653500  2 24 11   0.2  958 282  7.8 6  3.3  84    7  151 251 -308  2
4184500 2653500  2 24 12   0.3  958 280  7.6 6  3.2  77   10  182 255 -309  2
4184500 2653500  2 24 13   0.0  958 280  6.7 8  3.1  78    0  107 263 -311  2
4184500 2653500  2 24 14   0.3  958 286  6.7 6  3.2  80    0  124 263 -313  2
4184500 2653500  2 24 15   0.7  958 305  4.9 8  3.2  77    0  101 263 -313  2
4184500 2653500  2 24 16   0.2  958 279  7.1 8  3.2  78    0   45 272 -314  2
4184500 2653500  2 24 17  -0.3  958 305  5.1 8  3.4  85    0   42 273 -314  2
4184500 2653500  2 24 18  -0.4  959 292  3.2 7  3.4  88    0   11 268 -313  2
4184500 2653500  2 24 19  -0.4  959 279  3.5 7  3.4  87    0    0 263 -312  2
4184500 2653500  2 24 20  -0.5  961 297  4.3 7  3.4  87    0    0 264 -311  2
4184500 2653500  2 24 21  -0.7  961 286  4.1 8  3.4  88    0    0 268 -311  2
4184500 2653500  2 24 22  -1.0  962 299  3.3 7  3.4  90    0    0 269 -311  2
4184500 2653500  2 24 23  -1.1  963 307  3.6 8  3.3  90    0    0 268 -310  2
4184500 2653500  2 24 24  -1.2  964 301  3.2 7  3.3  89    0    0 267 -309  2
4184500 2653500  2 25  1  -1.5  965 286  4.2 7  3.2  90    0    0 259 -307  2
4184500 2653500  2 25  2  -1.8  966 297  3.6 6  3.2  90    0    0 252 -304  2
4184500 2653500  2 25  3  -2.1  967 299  3.4 5  3.1  89    0    0 240 -300  2
4184500 2653500  2 25  4  -2.5  966 291  3.9 5  3.0  90    0    0 233 -295  2
4184500 2653500  2 25  5  -2.7  967 284  3.7 4  2.9  89    0    0 228 -291  2
4184500 2653500  2 25  6  -2.5  968 291  3.7 4  2.9  88    0    0 224 -287  2
4184500 2653500  2 25  7  -3.8  969 267  3.7 6  2.8  88    0    0 228 -284  2
4184500 2653500  2 25  8  -3.9  970 249  3.6 6  2.6  89    0    5 232 -282  2
4184500 2653500  2 25  9  -3.1  970 247  4.5 6  2.7  89   49   66 233 -283  2
4184500 2653500  2 25 10  -2.0  970 266  5.2 5  2.8  86   87  123 233 -289  2
4184500 2653500  2 25 11  -1.1  971 265  5.3 6  2.9  81   60  177 236 -298  2
4184500 2653500  2 25 12   0.1  972 270  4.8 6  2.9  76  145  203 243 -306  2
4184500 2653500  2 25 13   0.5  972 275  6.3 7  2.9  72  104  222 247 -311  2
4184500 2653500  2 25 14   1.1  972 276  5.7 5  2.9  70   48  198 245 -314  2
4184500 2653500  2 25 15   1.2  972 265  5.0 4  2.9  68  117  172 238 -314  2
4184500 2653500  2 25 16   1.3  971 264  4.3 3  2.9  66  184   95 234 -314  2
4184500 2653500  2 25 17   0.6  971 262  3.3 4  2.9  68   93   61 235 -313  2
4184500 2653500  2 25 18   0.3  971 248  2.9 3  2.9  70    7   14 236 -310  2
4184500 2653500  2 25 19  -1.2  972 242  3.2 6  2.8  74    0    0 243 -309  2
4184500 2653500  2 25 20  -1.7  971 224  2.5 7  2.8  78    0    0 257 -310  2
4184500 2653500  2 25 21  -0.9  971 240  3.9 6  2.8  78    0    0 260 -310  2
4184500 2653500  2 25 22  -1.0  971 242  3.8 7  2.9  78    0    0 265 -311  2
4184500 2653500  2 25 23  -0.7  971 244  3.8 7  2.9  77    0    0 273 -311  2
4184500 2653500  2 25 24  -0.5  971 244  3.9 7  2.8  75    0    0 278 -312  2
4184500 2653500  2 26  1  -0.3  971 248  4.7 8  2.8  74    0    0 286 -313  2
4184500 2653500  2 26  2  -0.4  971 247  5.1 8  2.9  75    0    0 292 -313  2
4184500 2653500  2 26  3  -0.2  971 238  4.9 8  2.9  75    0    0 293 -314  2
4184500 2653500  2 26  4  -0.1  970 244  5.1 7  2.9  75    0    0 290 -314  2
4184500 2653500  2 26  5  -0.2  970 244  4.7 8  3.0  78    0    0 291 -315  2
4184500 2653500  2 26  6  -0.1  970 240  4.5 8  3.2  82    0    0 297 -316  2
4184500 2653500  2 26  7   0.2  969 238  4.4 8  3.3  84    0    0 299 -316  2
4184500 2653500  2 26  8   0.4  969 238  4.5 7  3.4  85   16    9 296 -316  2
4184500 2653500  2 26  9   0.8  969 241  3.7 8  3.6  86    0   36 298 -317  2
4184500 2653500  2 26 10   1.2  969 241  4.3 8  3.7  87    0   45 305 -318  2
4184500 2653500  2 26 11   1.7  969 229  2.9 8  3.9  88    0   55 306 -320  2
4184500 2653500  2 26 12   2.0  969 226  3.1 8  4.0  88    0   67 307 -321  2
4184500 2653500  2 26 13   2.6  969 227  3.9 8  4.1  87    0   85 306 -321  2
4184500 2653500  2 26 14   3.9  969 238  3.9 7  4.1  83    0  128 304 -321  2
4184500 2653500  2 26 15   4.6  969 239  4.3 6  4.1  77    0  106 297 -321  2
4184500 2653500  2 26 16   4.8  969 222  5.1 7  4.1  74   14   94 296 -321  2
4184500 2653500  2 26 17   5.0  969 230  5.0 8  4.0  72   12   50 301 -321  2
4184500 2653500  2 26 18   4.7  969 226  3.0 5  4.0  71    0    1 293 -319  2
4184500 2653500  2 26 19   4.5  969 218  3.2 7  4.0  72    0    0 289 -316  2
4184500 2653500  2 26 20   4.2  969 222  5.7 7  3.9  73    0    0 292 -312  2
4184500 2653500  2 26 21   3.9  969 236  5.5 4  3.8  72    0    0 282 -312  2
4184500 2653500  2 26 22   3.4  968 218  4.6 5  3.7  72    0    0 273 -313  2
4184500 2653500  2 26 23   3.3  968 222  5.2 5  3.6  72    0    0 273 -314  2
4184500 2653500  2 26 24   3.0  968 215  4.0 4  3.6  72    0    0 268 -313  2
4184500 2653500  2 27  1   2.6  968 216  3.1 4  3.6  73    0    0 263 -313  2
4184500 2653500  2 27  2   2.2  968 199  2.6 2  3.5  75    0    0 253 -312  2
4184500 2653500  2 27  3   1.7  968 195  1.8 2  3.4  75    0    0 245 -311  2
4184500 2653500  2 27  4   1.4  967 186  1.3 1  3.4  78    0    0 241 -311  2
4184500 2653500  2 27  5   1.0  967 182  0.2 0  3.5  80    0    0 235 -311  2
4184500 2653500  2 27  6   1.6  967 197  0.1 0  3.5  80    0    0 235 -311  2
4184500 2653500  2 27  7   1.7  966 194  0.5 3  3.4  77    0    0 243 -310  2
4184500 2653500  2 27  8   0.7  966 192  2.8 2  3.3  77   24   14 245 -309  2
4184500 2653500  2 27  9   3.3  966 190  2.0 2  3.2  69  137   51 239 -312  2
4184500 2653500  2 27 10   5.1  967 199  1.3 0  3.2  59  282   60 236 -317  2
4184500 2653500  2 27 11   6.5  967 209  1.9 0  3.4  57  366   76 232 -319  2
4184500 2653500  2 27 12   8.5  967 224  2.0 1  3.6  53  419   88 239 -319  2
4184500 2653500  2 27 13   9.3  966 222  4.3 2  3.7  50  429   98 250 -319  2
4184500 2653500  2 27 14   9.4  967 223  4.6 1  3.9  51  460   71 252 -320  2
4184500 2653500  2 27 15   9.9  966 220  4.6 3  4.1  52  386   68 258 -320  2
4184500 2653500  2 27 16   9.8  966 222  4.8 3  4.1  52  256   70 266 -320  2
4184500 2653500  2 27 17   9.3  966 222  5.2 4  4.1  53  108   58 269 -320  2
4184500 2653500  2 27 18   8.4  966 214  4.3 7  4.1  56    9   15 281 -320  2
4184500 2653500  2 27 19   7.8  966 210  5.5 4  4.2  60    0    0 280 -320  2
4184500 2653500  2 27 20   7.2  966 215  4.7 5  4.2  62    0    0 270 -320  2
4184500 2653500  2 27 21   6.8  967 217  4.6 5  4.3  65    0    0 276 -320  2
4184500 2653500  2 27 22   6.6  967 218  4.4 5  4.3  67    0    0 276 -320  2
4184500 2653500  2 27 23   6.5  967 222  4.8 6  4.3  69    0    0 271 -320  2
4184500 2653500  2 27 24   6.4  968 227  5.0 6  4.4  70    0    0 278 -320  2
4184500 2653500  2 28  1   6.3  966 233  5.6 7  4.4  70    0    0 312 -336  2
4184500 2653500  2 28  2   6.4  965 238  6.2 7  4.3  70    0    0 311 -337  2
4184500 2653500  2 28  3   6.4  964 242  6.7 7  4.3  69    0    0 305 -335  2
4184500 2653500  2 28  4   6.5  963 242  6.6 7  4.3  69    0    0 305 -333  2
4184500 2653500  2 28  5   6.4  962 242  6.8 8  4.4  69    0    0 312 -332  2
4184500 2653500  2 28  6   6.5  962 241  6.1 8  4.4  69    0    0 318 -332  2
4184500 2653500  2 28  7   6.4  960 241  7.6 8  4.4  70    0    0 318 -333  2
4184500 2653500  2 28  8   6.5  960 238  6.6 8  4.4  70    0    8 316 -334  2
4184500 2653500  2 28  9   6.6  959 242  7.3 8  4.6  72    0   21 316 -334  2
4184500 2653500  2 28 10   6.8  959 245  7.1 8  4.7  72    0   60 314 -336  2
4184500 2653500  2 28 11   6.6  959 245  8.3 8  4.6  72    0   96 313 -338  2
4184500 2653500  2 28 12   7.0  958 246  8.9 6  4.6  71    5  137 301 -341  2
4184500 2653500  2 28 13   7.3  959 244 12.4 6  4.6  70    0   96 290 -341  2
4184500 2653500  2 28 14   1.5  958 297  8.4 7  4.2  77    0   61 286 -338  2
4184500 2653500  2 28 15   1.2  960 268  5.3 8  3.9  88    0   41 285 -332  2
4184500 2653500  2 28 16   1.3  960 250  4.5 8  3.9  89    0   37 288 -327  2
4184500 2653500  2 28 17   1.7  960 245  3.4 8  4.0  89    0   24 286 -325  2
4184500 2653500  2 28 18   1.7  961 257  5.3 8  3.9  86    0    9 285 -323  2
4184500 2653500  2 28 19   1.3  961 266  7.5 6  3.7  83    0    0 271 -322  2
4184500 2653500  2 28 20   1.1  963 285  4.6 5  3.6  82    0    0 252 -320  2
4184500 2653500  2 28 21   0.8  963 247  4.9 3  3.5  82    0    0 233 -317  2
4184500 2653500  2 28 22   0.4  964 250  3.8 2  3.4  82    0    0 214 -314  2
4184500 2653500  2 28 23   0.1  965 250  4.1 2  3.4  83    0    0 210 -313  2
4184500 2653500  2 28 24   0.2  965 259  5.1 3  3.3  81    0    0 219 -312  2
4184500 2653500  3  1  1  -0.3  966 255  6.0 4  3.1  81    0    0 236 -313  2
4184500 2653500  3  1  2  -0.3  966 248  6.4 7  3.1  80    0    0 248 -312  2
4184500 2653500  3  1  3  -0.3  966 248  4.7 6  3.0  78    0    0 258 -310  2
4184500 2653500  3  1  4  -0.5  966 253  4.4 4  3.0  78    0    0 245 -311  2
4184500 2653500  3  1  5  -0.5  966 253  4.1 7  3.0  78    0    0 247 -309  2
4184500 2653500  3  1  6  -0.5  966 239  4.4 7  3.1  80    0    0 260 -306  2
4184500 2653500  3  1  7  -0.5  966 243  4.7 7  3.1  81    0    0 259 -304  2
4184500 2653500  3  1  8  -0.4  966 256  4.3 8  3.1  81    3   24 263 -305  2
4184500 2653500  3  1  9   0.1  966 256  4.9 7  3.2  82    1   60 262 -308  2
4184500 2653500  3  1 10   0.2  966 284  5.4 7  3.3  81    2  109 258 -312  2
4184500 2653500  3  1 11   0.8  967 243  6.1 7  3.3  81    6  152 260 -315  2
4184500 2653500  3  1 12   1.7  967 255  6.7 7  3.4  78    0  134 262 -318  2
4184500 2653500  3  1 13   2.2  968 242  7.7 5  3.2  71    8  181 255 -320  2
4184500 2653500  3  1 14   2.9  967 238  8.0 5  3.2  67   34  206 249 -321  2
4184500 2653500  3  1 15   3.2  967 235  8.4 6  3.2  64   74  202 253 -322  2
4184500 2653500  3  1 16   3.3  967 237  8.8 5  3.1  62   63  153 250 -321  2
4184500 2653500  3  1 17   3.2  967 248  4.4 6  3.1  61   38   78 247 -320  2
4184500 2653500  3  1 18   3.2  967 247  6.8 7  3.1  62    3   24 254 -318  2
4184500 2653500  3  1 19   2.7  967 247  5.1 8  3.1  63    0    0 261 -314  2
4184500 2653500  3  1 20   2.6  967 251  6.1 8  3.1  65    0    0 266 -313  2
4184500 2653500  3  1 21   1.6  968 254  7.1 8  3.2  70    0    0 266 -313  2
4184500 2653500  3  1 22   1.1  969 251  4.7 8  3.4  77    0    0 266 -312  2
4184500 2653500  3  1 23   1.0  970 267  4.2 8  3.5  81    0    0 269 -312  2
4184500 2653500  3  1 24   1.2  970 244  3.7 8  3.5  82    0    0 270 -312  2
4184500 2653500  3  2  1   0.8  970 232  3.1 8  3.6  84    0    0 272 -311  2
4184500 2653500  3  2  2   0.4  970 221  2.1 8  3.6  88    0    0 273 -307  2
4184500 2653500  3  2  3   0.4  970 225  2.6 8  3.7  90    0    0 274 -307  2
4184500 2653500  3  2  4   0.3  970 226  3.5 8  3.7  92    0    0 275 -308  2
4184500 2653500  3  2  5   0.4  970 243  4.1 8  3.8  93    0    0 278 -311  2
4184500 2653500  3  2  6   0.9  969 235  4.3 8  3.8  91    0    0 282 -313  2
4184500 2653500  3  2  7   1.0  969 228  4.9 8  3.8  89    0    0 285 -317  2
4184500 2653500  3  2  8   1.1  968 237  4.3 8  3.8  89    0    8 288 -319  2
4184500 2653500  3  2  9   2.0  968 234  5.4 7  4.0  89    0   41 287 -320  2
4184500 2653500  3  2 10   2.8  968 234  7.5 7  4.1  88    5   96 285 -320  2
4184500 2653500  3  2 11   3.9  967 233  9.1 7  4.3  85    5  126 290 -323  2
4184500 2653500  3  2 12   4.4  968 241  8.7 8  4.4  83    0   81 300 -327  2
4184500 2653500  3  2 13   5.0  968 247  9.1 8  4.5  81    0   61 308 -330  2
4184500 2653500  3  2 14   5.9  968 247  9.4 8  4.6  78    0   91 312 -331  2
4184500 2653500  3  2 15   6.4  967 248  8.4 7  4.6  75    0   70 308 -332  2
4184500 2653500  3  2 16   6.4  967 248  7.7 7  4.6  74    0   61 303 -333  2
4184500 2653500  3  2 17   6.6  968 249  8.1 7  4.6  74    0   24 303 -333  2
4184500 2653500  3  2 18   6.0  968 254  6.9 7  4.6  74    0    4 300 -332  2
4184500 2653500  3  2 19   6.1  969 252  6.9 7  4.5  74    0    0 298 -332  2
4184500 2653500  3  2 20   6.0  969 248  7.5 7  4.4  73    0    0 297 -332  2
4184500 2653500  3  2 21   6.0  969 248  7.1 8  4.4  73    0    0 302 -333  2
4184500 2653500  3  2 22   6.2  970 246  7.2 8  4.4  72    0    0 307 -334  2
4184500 2653500  3  2 23   6.2  970 248  6.7 8  4.4  72    0    0 308 -335  2
4184500 2653500  3  2 24   6.2  971 250  6.7 7  4.4  71    0    0 304 -335  2
4184500 2653500  3  3  1   5.9  971 247  7.4 6  4.4  72    0    0 293 -335  2
4184500 2653500  3  3  2   6.0  971 247  6.7 8  4.3  72    0    0 298 -335  2
4184500 2653500  3  3  3   6.0  971 246  5.4 7  4.3  72    0    0 307 -335  2
4184500 2653500  3  3  4   6.0  971 242  5.4 8  4.4  72    0    0 309 -335  2
4184500 2653500  3  3  5   5.8  970 240  6.8 8  4.4  73    0    0 317 -335  2
4184500 2653500  3  3  6   5.7  970 235  6.7 8  4.5  75    0    0 319 -335  2
4184500 2653500  3  3  7   5.2  970 234  6.8 8  4.6  78    0    0 322 -337  2
4184500 2653500  3  3  8   5.4  969 230  5.7 8  4.6  80    0    6 322 -338  2
4184500 2653500  3  3  9   5.9  969 229  7.4 8  4.6  77    0   37 325 -340  2
4184500 2653500  3  3 10   6.3  968 230  7.6 8  4.5  74    0   61 327 -341  2
4184500 2653500  3  3 11   6.5  968 228  9.1 7  4.6  73    0  109 320 -343  2
4184500 2653500  3  3 12   6.5  967 226  7.6 8  4.8  76    0  125 322 -345  2
4184500 2653500  3  3 13   7.1  966 225  7.9 8  4.8  75    0  124 331 -346  2
4184500 2653500  3  3 14   8.0  965 223  8.2 7  4.8  71    0   93 327 -348  2
4184500 2653500  3  3 15   7.4  964 225  8.2 8  4.9  72    0   52 329 -350  2
4184500 2653500  3  3 16   7.9  964 229  6.8 7  5.0  73    0   46 330 -351  2
4184500 2653500  3  3 17   8.1  963 235  6.2 8  5.1  73    0   23 332 -352  2
4184500 2653500  3  3 18   8.1  963 230  7.6 8  5.4  76    0    7 341 -353  2
4184500 2653500  3  3 19   9.3  962 238  8.6 8  5.5  75    0    0 343 -355  2
4184500 2653500  3  3 20   9.5  962 238  9.0 6  5.6  72    0    0 332 -356  2
4184500 2653500  3  3 21  10.5  962 234  8.5 6  5.5  69    0    0 321 -358  2
4184500 2653500  3  3 22  11.1  961 239  7.0 7  5.3  63    0    0 328 -359  2
4184500 2653500  3  3 23  10.9  961 243  6.5 7  5.1  59    0    0 333 -359  2
4184500 2653500  3  3 24  11.7  961 238  9.5 5  4.9  56    0    0 322 -359  2
4184500 2653500  3  4  1  11.6  960 247  9.5 6  5.0  56    0    0 315 -359  2
4184500 2653500  3  4  2  11.2  961 244  9.5 6  5.5  62    0    0 321 -359  2
4184500 2653500  3  4  3  11.0  962 244  8.1 5  5.9  68    0    0 313 -358  2
4184500 2653500  3  4  4  10.5  962 244  7.9 6  6.1  72    0    0 310 -358  2
4184500 2653500  3  4  5  10.8  962 243  7.2 7  6.0  71    0    0 322 -357  2
4184500 2653500  3  4  6  11.2  962 238  8.3 5  5.6  66    0    0 315 -356  2
4184500 2653500  3  4  7  11.2  962 235  8.7 7  5.3  61    0    0 314 -356  2
4184500 2653500  3  4  8  10.9  961 230  7.9 7  5.1  59    4   24 324 -356  2
4184500 2653500  3  4  9  12.1  961 225  9.0 7  5.0  56    0   54 323 -357  2
4184500 2653500  3  4 10  13.2  960 222  9.2 7  4.8  50   21  139 324 -361  2
4184500 2653500  3  4 11  14.9  960 224  9.9 7  4.7  45   10  158 326 -365  2
4184500 2653500  3  4 12  15.9  958 236 12.3 8  4.9  42    0  127 337 -368  2
4184500 2653500  3  4 13  16.4  957 240 11.0 8  5.1  42    0  139 346 -373  2
4184500 2653500  3  4 14  17.5  957 245 10.7 6  5.2  41   82  222 335 -376  2
4184500 2653500  3  4 15  16.0  957 249 11.3 7  5.3  42   58  182 329 -377  2
4184500 2653500  3  4 16  16.1  957 234  8.6 8  5.4  45    2  102 341 -375  2
4184500 2653500  3  4 17  16.1  956 234  8.9 5  5.3  44   98   68 328 -373  2
4184500 2653500  3  4 18  15.2  955 226  8.4 5  5.2  44   10   25 307 -369  2
4184500 2653500  3  4 19  15.1  954 229  8.3 3  5.1  45    0    0 291 -366  2
4184500 2653500  3  4 20  15.3  954 230 10.0 4  5.1  44    0    0 284 -365  2
4184500 2653500  3  4 21  15.3  954 234 10.4 5  5.1  45    0    0 299 -365  2
4184500 2653500  3  4 22  15.1  953 243 10.4 7  5.2  46    0    0 320 -364  2
4184500 2653500  3  4 23  12.0  954 256  8.6 7  5.8  57    0    0 330 -363  2
4184500 2653500  3  4 24  10.7  955 250  9.3 8  6.7  75    0    0 329 -362  2
4184500 2653500  3  5  1   9.4  956 283  8.0 5  6.9  85    0    0 314 -357  2
4184500 2653500  3  5  2   8.8  956 262  6.3 8  6.8  89    0    0 309 -349  2
4184500 2653500  3  5  3   8.0  956 257  6.6 8  6.6  91    0    0 326 -343  2
4184500 2653500  3  5  4   6.5  956 291  6.5 8  6.0  90    0    0 322 -341  2
4184500 2653500  3  5  5   6.0  957 260  3.6 8  5.5  87    0    0 319 -339  2
4184500 2653500  3  5  6   5.1  956 249  2.6 8  5.1  86    0    0 314 -334  2
4184500 2653500  3  5  7   4.8  957 249  3.7 8  5.0  88    0    0 310 -328  2
4184500 2653500  3  5  8   4.8  957 251  7.6 5  5.0  88    7   24 294 -324  2
4184500 2653500  3  5  9   5.2  958 248  8.1 2  4.7  82  198   40 264 -321  2
4184500 2653500  3  5 10   5.7  958 244  9.6 4  4.5  76  135  111 256 -322  2
4184500 2653500  3  5 11   4.0  958 254  8.8 5  4.4  77   41  168 264 -324  2
4184500 2653500  3  5 12   5.7  959 254 13.7 5  4.3  75  134  189 267 -325  2
4184500 2653500  3  5 13   6.3  960 253 12.9 7  4.1  68   18  183 279 -326  2
4184500 2653500  3  5 14   6.7  962 269 15.0 7  3.9  62    4  149 285 -327  2
4184500 2653500  3  5 15   6.8  963 266 13.8 7  3.7  58   43  156 280 -328  2
4184500 2653500  3  5 16   6.5  963 260 12.3 7  3.6  57    0   93 275 -327  2
4184500 2653500  3  5 17   3.0  964 292 11.5 6  3.8  68    4   61 264 -324  2
4184500 2653500  3  5 18   2.6  965 274  8.3 8  4.0  82    1   19 261 -321  2
4184500 2653500  3  5 19   2.6  966 265  8.1 6  3.9  82    0    0 259 -319  2
4184500 2653500  3  5 20   1.7  968 271  6.8 7  3.9  83    0    0 254 -316  2
4184500 2653500  3  5 21   1.4  969 267  7.3 6  3.8  85    0    0 250 -313  2
4184500 2653500  3  5 22   1.6  971 266  6.4 6  3.7  84    0    0 245 -312  2
4184500 2653500  3  5 23   1.2  972 269  6.2 5  3.7  84    0    0 241 -311  2
4184500 2653500  3  5 24   1.0  973 256  6.3 4  3.6  84    0    0 235 -311  2
4184500 2653500  3  6  1   1.1  973 257  3.8 4  3.6  84    0    0 234 -311  2
4184500 2653500  3  6  2   1.1  974 243  3.2 4  3.5  83    0    0 236 -312  2
4184500 2653500  3  6  3   1.3  973 241  3.2 5  3.5  82    0    0 239 -313  2
4184500 2653500  3  6  4   1.6  973 237  4.3 7  3.6  81    0    0 251 -313  2
4184500 2653500  3  6  5   2.1  972 237  5.5 8  3.6  80    0    0 267 -313  2
4184500 2653500  3  6  6   0.7  970 228  4.7 8  3.7  85    0    0 278 -315  2
4184500 2653500  3  6  7   1.7  969 245  7.4 8  3.9  90    0    0 284 -317  2
4184500 2653500  3  6  8   2.4  969 252  7.7 8  4.0  87    0    7 290 -318  2
4184500 2653500  3  6  9   2.6  969 251  7.5 7  4.1  86    0   45 288 -319  2
4184500 2653500  3  6 10   2.9  970 272  5.5 8  4.3  88    0   58 288 -320  2
4184500 2653500  3  6 11   3.0  970 277  5.4 8  4.4  90    0   81 294 -321  2
4184500 2653500  3  6 12   3.5  971 270  6.1 8  4.5  90    0   90 294 -323  2
4184500 2653500  3  6 13   3.7  970 268  4.6 8  4.6  89    0   97 296 -324  2
4184500 2653500  3  6 14   3.9  970 233  3.8 8  4.6  89    0  104 298 -323  2
4184500 2653500  3  6 15   4.5  970 249  5.4 8  4.8  89    0   84 301 -326  2
4184500 2653500  3  6 16   4.5  969 239  4.9 8  4.8  88    0   59 304 -329  2
4184500 2653500  3  6 17   4.7  968 238  4.3 7  4.8  88    5   54 299 -331  2
4184500 2653500  3  6 18   4.6  968 235  5.8 8  4.8  86    5   17 300 -329  2
4184500 2653500  3  6 19   4.3  967 236  4.8 7  4.7  86    0    0 301 -327  2
4184500 2653500  3  6 20   4.4  967 239  6.2 8  4.7  87    0    0 302 -327  2
4184500 2653500  3  6 21   4.8  967 241  6.0 8  4.8  86    0    0 312 -329  2
4184500 2653500  3  6 22   4.9  966 236  5.1 8  4.8  86    0    0 314 -330  2
4184500 2653500  3  6 23   4.9  966 238  5.5 8  4.9  88    0    0 315 -332  2
4184500 2653500  3  6 24   5.2  966 236  5.9 7  5.1  89    0    0 309 -334  2
4184500 2653500  3  7  1   5.7  965 234  6.3 8  5.3  90    0    0 312 -336  2
4184500 2653500  3  7  2   6.3  964 236  6.0 8  5.5  90    0    0 320 -338  2
4184500 2653500  3  7  3   6.7  964 247  7.0 8  5.6  89    0    0 323 -340  2
4184500 2653500  3  7  4   7.0  963 244  6.6 8  5.8  89    0    0 325 -342  2
4184500 2653500  3  7  5   7.2  962 250  6.7 8  5.9  90    0    0 327 -344  2
4184500 2653500  3  7  6   7.4  962 248  6.1 8  6.0  90    0    0 328 -345  2
4184500 2653500  3  7  7   7.5  962 253  5.6 8  6.0  89    0    0 330 -345  2
4184500 2653500  3  7  8   7.6  962 251  5.8 8  5.9  87    0   16 331 -345  2
4184500 2653500  3  7  9   7.9  962 245  6.3 7  5.9  86    3   78 325 -345  2
4184500 2653500  3  7 10   8.0  961 238  6.2 7  5.9  84    0   98 320 -345  2
4184500 2653500  3  7 11   8.4  961 241  6.9 7  5.7  80   17  188 322 -345  2
4184500 2653500  3  7 12   8.7  961 242  7.8 8  5.6  77    1  157 330 -347  2
4184500 2653500  3  7 13   8.8  960 251 10.2 8  5.5  75    0  116 337 -352  2
4184500 2653500  3  7 14   9.0  960 245  8.9 8  5.6  75    0   66 339 -354  2
4184500 2653500  3  7 15   8.9  960 245  8.9 7  5.7  75    0   48 332 -355  2
4184500 2653500  3  7 16   8.7  960 245  8.4 8  5.7  76    0   41 333 -355  2
4184500 2653500  3  7 17   8.5  960 240  6.9 7  5.7  78    0   40 332 -354  2
4184500 2653500  3  7 18   8.2  959 241  7.7 8  5.8  80    1   24 331 -353  2
4184500 2653500  3  7 19   8.3  959 239  8.4 7  5.7  80    0    0 329 -353  2
4184500 2653500  3  7 20   8.1  959 243  6.6 8  5.6  78    0    0 328 -353  2
4184500 2653500  3  7 21   8.0  958 241  7.4 7  5.6  79    0    0 326 -351  2
4184500 2653500  3  7 22   7.6  958 247  5.8 6  5.6  80    0    0 315 -349  2
4184500 2653500  3  7 23   7.2  958 239  4.7 6  5.5  81    0    0 306 -348  2
4184500 2653500  3  7 24   7.1  958 252  5.0 6  5.4  81    0    0 304 -346  2
4184500 2653500  3  8  1   6.8  957 250  5.4 5  5.3  80    0    0 297 -345  2
4184500 2653500  3  8  2   6.4  957 247  6.4 4  5.3  82    0    0 282 -344  2
4184500 2653500  3  8  3   6.2  957 244  6.2 5  5.2  82    0    0 278 -343  2
4184500 2653500  3  8  4   6.1  957 240  6.7 7  5.1  81    0    0 296 -342  2
4184500 2653500  3  8  5   6.2  957 244  5.6 7  5.1  81    0    0 310 -341  2
4184500 2653500  3  8  6   5.9  956 242  6.5 8  5.0  81    0    0 316 -341  2
4184500 2653500  3  8  7   5.7  956 241  6.9 8  5.0  82    0    0 321 -340  2
4184500 2653500  3  8  8   5.7  955 246  6.8 7  4.9  82   46   22 312 -340  2
4184500 2653500  3  8  9   6.0  956 266  6.1 6  5.0  82   74   86 298 -339  2
4184500 2653500  3  8 10   6.6  956 256  6.4 7  5.1  80   55  147 298 -333  2
4184500 2653500  3  8 11   7.1  956 254  7.0 7  5.2  79   17  165 306 -327  2
4184500 2653500  3  8 12   7.1  956 258  6.9 8  5.3  79    0  132 313 -326  2
4184500 2653500  3  8 13   7.2  956 258  6.1 6  5.3  80   18  194 306 -328  2
4184500 2653500  3  8 14   8.0  956 262  6.7 6  5.5  79   12  176 295 -328  2
4184500 2653500  3  8 15   7.4  956 260  7.1 6  5.4  77    0   70 294 -328  2
4184500 2653500  3  8 16   7.3  955 265  5.1 6  5.2  77    0   70 290 -327  2
4184500 2653500  3  8 17   6.5  956 265  6.5 8  5.2  79    0   48 298 -323  2
4184500 2653500  3  8 18   6.1  956 262  5.6 7  5.1  82    8   25 299 -321  2
4184500 2653500  3  8 19   3.3  955 297  4.3 8  4.9  86    0    0 292 -320  2
4184500 2653500  3  8 20   0.8  957 348  4.8 8  4.3  91    0    0 288 -318  2
4184500 2653500  3  8 21   0.7  958 359  5.1 8  3.9  93    0    0 282 -315  2
4184500 2653500  3  8 22  -0.3  959 347  7.4 8  3.9  95    0    0 280 -312  2
4184500 2653500  3  8 23  -1.3  960   5  7.1 8  3.6  95    0    0 275 -311  2
4184500 2653500  3  8 24  -1.6  962   1  6.0 8  3.4  93    0    0 269 -311  2
4184500 2653500  3  9  1  -2.6  963   2  7.6 8  3.2  93    0    0 265 -310  2
4184500 2653500  3  9  2  -3.1  964 347  6.4 8  3.0  92    0    0 261 -308  2
4184500 2653500  3  9  3  -3.6  964 346  6.0 8  2.7  88    0    0 258 -305  2
4184500 2653500  3  9  4  -3.9  965 345  5.5 8  2.6  86    0    0 256 -301  2
4184500 2653500  3  9  5  -4.4  966 344  4.9 7  2.5  87    0    0 251 -297  2
4184500 2653500  3  9  6  -4.3  967 335  4.7 6  2.5  87    0    0 242 -294  2
4184500 2653500  3  9  7  -4.4  968 337  4.9 7  2.5  88    0    0 242 -292  2
4184500 2653500  3  9  8  -4.5  969 333  5.0 7  2.5  89   10   22 246 -292  2
4184500 2653500  3  9  9  -4.1  970 323  5.0 7  2.6  89   45   55 247 -295  2
4184500 2653500  3  9 10  -3.5  971 316  5.5 7  2.6  87   40  102 247 -301  2
4184500 2653500  3  9 11  -2.7  971 310  6.4 5  2.6  82   90  108 238 -307  2
4184500 2653500  3  9 12  -1.8  972 308  5.4 6  2.6  76  210   58 235 -312  2
4184500 2653500  3  9 13  -0.9  973 306  5.0 6  2.5  70  145  108 240 -315  2
4184500 2653500  3  9 14   0.1  973 288  4.5 5  2.5  65  160   85 239 -314  2
4184500 2653500  3  9 15  -0.4  974 301  4.2 7  2.5  64   15  126 244 -316  2
4184500 2653500  3  9 16  -0.1  974 321  4.0 6  2.5  65  110   54 248 -316  2
4184500 2653500  3  9 17   0.3  974 313  4.4 4  2.6  64  107   21 238 -313  2
4184500 2653500  3  9 18   0.3  975 332  4.9 6  2.5  62   29   12 237 -309  2
4184500 2653500  3  9 19  -0.6  975 304  4.3 6  2.5  63    0    0 240 -305  2
4184500 2653500  3  9 20  -0.7  976 292  1.5 6  2.5  67    0    0 236 -302  2
4184500 2653500  3  9 21  -1.6  977 315  2.6 4  2.5  69    0    0 227 -300  2
4184500 2653500  3  9 22  -2.1  977 291  2.9 3  2.5  72    0    0 214 -298  2
4184500 2653500  3  9 23  -2.4  978 284  2.2 3  2.5  75    0    0 210 -296  2
4184500 2653500  3  9 24  -1.9  978 281  4.4 6  2.5  75    0    0 218 -296  2
4184500 2653500  3 10  1  -1.9  978 284  4.2 6  2.5  75    0    0 227 -295  2
4184500 2653500  3 10  2  -2.0  979 289  3.6 5  2.6  76    0    0 224 -294  2
4184500 2653500  3 10  3  -1.9  979 291  3.5 6  2.7  78    0    0 224 -293  2
4184500 2653500  3 10  4  -1.5  979 292  4.7 7  2.8  80    0    0 231 -292  2
4184500 2653500  3 10  5  -1.7  979 303  5.5 8  2.8  81    0    0 237 -291  2
4184500 2653500  3 10  6  -2.0  979 302  5.0 8  2.9  84    0    0 241 -289  2
4184500 2653500  3 10  7  -1.9  980 298  5.4 8  2.9  85    0    0 242 -287  2
4184500 2653500  3 10  8  -1.9  980 300  6.2 7  3.0  87   11   26 238 -286  2
4184500 2653500  3 10  9  -1.3  981 312  5.9 7  3.1  88   36   75 234 -289  2
4184500 2653500  3 10 10  -1.0  981 325  6.4 8  3.0  84    0   94 239 -294  2
4184500 2653500  3 10 11  -1.2  981 323  7.5 7  2.9  81    0  122 240 -300  2
4184500 2653500  3 10 12  -0.7  981 318  7.6 8  2.9  78    0  154 240 -305  2
4184500 2653500  3 10 13   0.1  981 330  6.4 8  2.8  74    0  125 244 -309  2
4184500 2653500  3 10 14   0.9  981 322  5.6 7  2.8  68   11  159 242 -311  2
4184500 2653500  3 10 15   0.9  980 328  4.1 6  2.7  66  133  116 238 -312  2
4184500 2653500  3 10 16   0.7  980 332  3.8 6  2.8  67  175   49 236 -310  2
4184500 2653500  3 10 17   0.5  980 334  3.3 6  2.8  69  127   26 236 -307  2
4184500 2653500  3 10 18   0.1  980 324  2.3 6  2.8  71   32   12 235 -303  2
4184500 2653500  3 10 19   0.0  980 339  2.0 6  2.9  73    0    0 231 -299  2
4184500 2653500  3 10 20  -0.4  980  51  0.0 5  3.0  78    0    0 226 -295  2
4184500 2653500  3 10 21  -0.6  979 249  1.0 6  3.2  85    0    0 225 -293  2
4184500 2653500  3 10 22  -0.9  979 229  2.0 6  3.3  89    0    0 228 -293  2
4184500 2653500  3 10 23  -1.0  979 208  1.3 7  3.3  89    0    0 230 -292  2
4184500 2653500  3 10 24  -1.0  978 179  2.3 7  3.2  88    0    0 233 -291  2
4184500 2653500  3 11  1  -1.3  977 181  2.3 8  3.1  87    0    0 236 -289  2
4184500 2653500  3 11  2  -1.1  977 186  2.1 7  3.1  86    0    0 237 -287  2
4184500 2653500  3 11  3  -1.1  976 205  2.5 6  3.1  85    0    0 232 -284  2
4184500 2653500  3 11  4  -1.1  975 213  2.1 6  3.0  82    0    0 229 -279  2
4184500 2653500  3 11  5  -1.6  974 186  1.7 5  2.9  82    0    0 226 -274  2
4184500 2653500  3 11  6  -2.1  973 166  2.3 4  2.8  82    0    0 218 -271  2
4184500 2653500  3 11  7  -2.1  972 152  3.3 6  2.8  81    0    1 220 -269  2
4184500 2653500  3 11  8  -1.9  972 167  3.0 4  2.7  80   46   37 220 -270  2
4184500 2653500  3 11  9  -1.4  971 231  3.8 2  2.7  77  196   58 207 -279  2
4184500 2653500  3 11 10  -0.3  971 140  4.8 4  2.7  72  257   93 208 -292  2
4184500 2653500  3 11 11   0.3  971 160  5.6 4  2.6  66  240  167 216 -302  2
4184500 2653500  3 11 12   1.1  971 149  5.4 6  2.5  61  189  227 224 -309  2
4184500 2653500  3 11 13   1.5  970 154  4.6 6  2.5  58  229  223 234 -312  2
4184500 2653500  3 11 14   1.8  970 149  4.9 6  2.6  57  296  178 237 -313  2
4184500 2653500  3 11 15   2.6  969 139  4.8 3  2.5  54  313  122 229 -312  2
4184500 2653500  3 11 16   2.5  968 131  5.3 2  2.4  51  250   89 217 -310  2
4184500 2653500  3 11 17   1.9  967 134  4.1 5  2.3  50  121   73 223 -307  2
4184500 2653500  3 11 18   1.4  967 136  3.3 5  2.2  49    9   34 230 -303  2
4184500 2653500  3 11 19   0.0  967 133  3.1 7  2.2  52    0    0 232 -297  2
4184500 2653500  3 11 20  -0.4  968 141  3.0 7  2.1  55    0    0 236 -292  2
4184500 2653500  3 11 21  -0.7  968 144  1.9 6  2.1  55    0    0 232 -289  2
4184500 2653500  3 11 22  -0.7  968 218  1.6 6  2.1  55    0    0 229 -286  2
4184500 2653500  3 11 23  -1.3  968 214  2.7 6  2.0  55    0    0 229 -282  2
4184500 2653500  3 11 24  -1.6  968 216  3.0 5  1.9  55    0    0 223 -279  2
4184500 2653500  3 12  1  -2.1  967 210  0.9 4  1.9  54    0    0 217 -280  2
4184500 2653500  3 12  2  -2.4  967 209  2.8 3  1.8  55    0    0 210 -282  2
4184500 2653500  3 12  3  -2.6  967 204  3.4 3  1.8  54    0    0 207 -283  2
4184500 2653500  3 12  4  -2.8  967 203  3.5 3  1.8  54    0    0 207 -285  2
4184500 2653500  3 12  5  -3.1  967 209  3.4 4  1.8  55    0    0 210 -285  2
4184500 2653500  3 12  6  -3.3  967 202  2.9 6  1.8  58    0    0 219 -287  2
4184500 2653500  3 12  7  -2.9  967 199  2.6 7  1.9  59    0    1 230 -289  2
4184500 2653500  3 12  8  -2.7  968 203  2.1 7  1.9  59    2   40 234 -290  2
4184500 2653500  3 12  9  -1.6  968 208  2.5 7  2.0  59   22  122 236 -294  2
4184500 2653500  3 12 10  -0.4  969 213  3.0 6  2.1  57  145  191 236 -299  2
4184500 2653500  3 12 11   1.0  969 240  4.1 7  2.3  56   66  252 240 -304  2
4184500 2653500  3 12 12   1.6  969 249  4.7 6  2.5  58  121  295 246 -309  2
4184500 2653500  3 12 13   1.7  969 267  4.0 7  2.8  62   51  280 252 -312  2
4184500 2653500  3 12 14   1.3  969 270  4.4 8  3.0  68    0  127 263 -313  2
4184500 2653500  3 12 15   0.7  969 277  4.9 7  3.2  75    0  114 266 -313  2
4184500 2653500  3 12 16   0.3  970 267  4.2 8  3.4  83    0   57 266 -312  2
4184500 2653500  3 12 17   0.4  970 278  3.6 7  3.5  86    0   41 266 -310  2
4184500 2653500  3 12 18   0.5  970 292  4.3 8  3.6  88    0   19 266 -306  2
4184500 2653500  3 12 19   0.5  970 282  6.6 8  3.6  89    0    0 267 -301  2
4184500 2653500  3 12 20   0.5  971 299  4.6 8  3.7  90    0    0 265 -297  2
4184500 2653500  3 12 21   0.1  972 311  3.4 8  3.6  90    0    0 264 -295  2
4184500 2653500  3 12 22  -0.3  973 307  3.1 8  3.5  90    0    0 262 -293  2
4184500 2653500  3 12 23  -0.5  973 303  4.3 8  3.4  88    0    0 261 -291  2
4184500 2653500  3 12 24  -0.8  973 303  4.9 8  3.1  83    0    0 260 -289  2
4184500 2653500  3 13  1  -1.4  974 303  3.8 8  2.9  78    0    0 258 -287  2
4184500 2653500  3 13  2  -1.4  974 298  3.5 8  2.7  76    0    0 255 -285  2
4184500 2653500  3 13  3  -1.5  975 283  3.5 8  2.7  75    0    0 254 -284  2
4184500 2653500  3 13  4  -1.7  975 289  4.1 7  2.7  76    0    0 249 -282  2
4184500 2653500  3 13  5  -2.0  975 274  4.3 7  2.7  78    0    0 248 -280  2
4184500 2653500  3 13  6  -2.2  975 273  4.0 7  2.7  79    0    0 250 -279  2
4184500 2653500  3 13  7  -2.8  976 250  3.6 7  2.6  80    0    6 252 -278  2
4184500 2653500  3 13  8  -3.0  977 230  3.4 5  2.6  81   44   54 244 -279  2
4184500 2653500  3 13  9  -2.1  977 271  4.1 2  2.6  80  116  106 223 -286  2
4184500 2653500  3 13 10  -0.9  977 296  4.7 7  2.7  77   18  171 235 -297  2
4184500 2653500  3 13 11  -0.5  977 301  4.8 7  2.8  74   12  196 259 -307  2
4184500 2653500  3 13 12   0.5  977 289  4.6 7  2.8  72   18  226 261 -314  2
4184500 2653500  3 13 13   1.0  977 269  5.8 6  2.9  69   22  237 259 -317  2
4184500 2653500  3 13 14   1.8  977 264  6.3 7  2.9  66   35  242 263 -322  2
4184500 2653500  3 13 15   2.4  976 280  6.0 6  2.9  63   80  238 266 -325  2
4184500 2653500  3 13 16   2.8  976 272  7.8 6  2.9  60   31  165 264 -324  2
4184500 2653500  3 13 17   2.7  975 274  6.2 6  2.8  59   32  109 265 -322  2
4184500 2653500  3 13 18   2.4  974 254  6.1 7  2.8  60   11   39 268 -319  2
4184500 2653500  3 13 19   1.8  974 242  4.3 7  2.9  62    0    0 272 -315  2
4184500 2653500  3 13 20   1.0  973 236  4.8 8  3.0  69    0    0 277 -311  2
4184500 2653500  3 13 21   1.3  973 242  4.5 7  3.2  74    0    0 280 -311  2
4184500 2653500  3 13 22   1.7  973 252  5.1 8  3.3  74    0    0 284 -312  2
4184500 2653500  3 13 23   2.0  972 251  5.8 8  3.4  74    0    0 294 -313  2
4184500 2653500  3 13 24   2.2  972 258  5.7 8  3.5  75    0    0 298 -314  2
4184500 2653500  3 14  1   2.2  972 261  6.7 7  3.6  78    0    0 295 -314  2
4184500 2653500  3 14  2   2.2  971 259  6.6 7  3.8  82    0    0 292 -315  2
4184500 2653500  3 14  3   2.6  971 262  6.7 7  4.0  84    0    0 294 -316  2
4184500 2653500  3 14  4   2.9  970 273  8.2 8  4.1  85    0    0 301 -317  2
4184500 2653500  3 14  5   3.2  970 284  6.8 8  4.2  85    0    0 309 -319  2
4184500 2653500  3 14  6   3.4  970 280  8.0 8  4.2  85    0    0 310 -319  2
4184500 2653500  3 14  7   3.5  970 284  8.4 8  4.3  85    0    2 310 -320  2
4184500 2653500  3 14  8   3.5  970 294  9.0 8  4.3  85    0   31 309 -320  2
4184500 2653500  3 14  9   3.6  971 304  7.4 7  4.3  84    0   69 302 -320  2
4184500 2653500  3 14 10   3.5  971 300  9.3 7  4.3  84    0  118 295 -320  2
4184500 2653500  3 14 11   3.7  971 299  7.5 7  4.3  84    0   97 292 -320  2
4184500 2653500  3 14 12   3.5  971 302  7.6 7  4.4  85    0  109 289 -322  2
4184500 2653500  3 14 13   2.8  972 307  8.0 8  4.2  85    0  105 292 -324  2
4184500 2653500  3 14 14   3.2  973 324  8.8 8  3.9  80    0   97 296 -325  2
4184500 2653500  3 14 15   3.6  973 307  8.2 8  3.9  77    0   73 298 -328  2
4184500 2653500  3 14 16   3.7  973 304  9.9 8  3.9  77    0   92 301 -329  2
4184500 2653500  3 14 17   4.0  973 303  8.9 8  3.9  75    0   53 302 -329  2
4184500 2653500  3 14 18   3.9  973 302  8.1 7  3.8  73    0   17 296 -326  2
4184500 2653500  3 14 19   3.7  973 311  7.1 8  3.8  73    0    2 296 -322  2
4184500 2653500  3 14 20   3.8  974 315  7.4 7  3.8  74    0    0 296 -321  2
4184500 2653500  3 14 21   2.9  975 316  6.7 7  3.9  77    0    0 290 -321  2
4184500 2653500  3 14 22   2.4  975 327  5.7 8  3.9  82    0    0 296 -322  2
4184500 2653500  3 14 23   2.0  975 322  5.7 8  4.0  86    0    0 302 -326  2
4184500 2653500  3 14 24   2.1  976 322  4.8 8  4.0  88    0    0 302 -330  2
4184500 2653500  3 15  1   1.6  976 308  3.7 8  4.0  88    0    0 302 -331  2
4184500 2653500  3 15  2   1.9  976 341  5.4 8  4.0  89    0    0 302 -331  2
4184500 2653500  3 15  3   1.7  977 343  4.8 8  4.1  91    0    0 302 -325  2
4184500 2653500  3 15  4   1.5  977 348  3.3 8  4.1  92    0    0 301 -321  2
4184500 2653500  3 15  5   1.1  976 311  3.4 8  4.0  93    0    0 299 -320  2
4184500 2653500  3 15  6   1.3  976 315  2.6 8  4.0  93    0    0 298 -319  2
4184500 2653500  3 15  7   0.8  976 299  1.6 8  4.0  94    0    1 297 -318  2
4184500 2653500  3 15  8   1.1  976 266  2.4 8  4.0  95    0   39 295 -317  2
4184500 2653500  3 15  9   1.5  976 252  2.2 8  4.1  95    0   64 297 -318  2
4184500 2653500  3 15 10   2.0  976 254  3.4 8  4.3  96    0  112 299 -319  2
4184500 2653500  3 15 11   3.0  975 259  3.9 8  4.5  96    0  113 303 -320  2
4184500 2653500  3 15 12   4.3  975 286  4.6 8  4.8  94    0  106 308 -321  2
4184500 2653500  3 15 13   5.2  974 317  5.7 8  5.1  93    0   90 310 -321  2
4184500 2653500  3 15 14   5.6  975 294  6.4 8  5.1  87    0   96 310 -321  2
4184500 2653500  3 15 15   4.7  974 317  5.5 8  4.9  86    0   70 307 -325  2
4184500 2653500  3 15 16   5.5  974 314  6.3 8  4.9  87    0   39 307 -330  2
4184500 2653500  3 15 17   5.0  974 333  4.4 8  5.0  87    0   37 306 -328  2
4184500 2653500  3 15 18   4.5  975 326  3.8 8  5.0  90    0   18 305 -324  2
4184500 2653500  3 15 19   4.1  975 327  3.7 8  4.9  91    0    0 302 -321  2
4184500 2653500  3 15 20   4.0  976 341  3.2 8  4.8  92    0    0 300 -319  2
4184500 2653500  3 15 21   3.7  976 335  2.8 8  4.8  92    0    0 299 -316  2
4184500 2653500  3 15 22   3.3  976 325  2.3 8  4.7  93    0    0 297 -313  2
4184500 2653500  3 15 23   3.1  977 329  3.0 8  4.6  94    0    0 297 -313  2
4184500 2653500  3 15 24   2.7  977 331  2.1 7  4.5  94    0    0 292 -312  2
4184500 2653500  3 16  1   2.6  977 333  2.2 8  4.5  94    0    0 292 -311  2
4184500 2653500  3 16  2   2.1  977 321  1.7 8  4.4  94    0    0 299 -310  2
4184500 2653500  3 16  3   2.1  978 294  2.4 7  4.3  94    0    0 294 -307  2
4184500 2653500  3 16  4   2.0  977 285  2.7 8  4.3  93    0    0 294 -305  2
4184500 2653500  3 16  5   2.1  977 289  2.4 8  4.3  94    0    0 300 -302  2
4184500 2653500  3 16  6   2.4  977 277  2.5 8  4.4  95    0    0 301 -300  2
4184500 2653500  3 16  7   2.8  978 277  2.2 8  4.5  94    0    2 302 -298  2
4184500 2653500  3 16  8   2.8  978 292  1.3 7  4.6  96    0   37 297 -300  2
4184500 2653500  3 16  9   3.1  978 288  1.4 8  4.7  98    0   70 298 -305  2
4184500 2653500  3 16 10   4.1  979 284  2.2 8  4.9  97    0   88 306 -313  2
4184500 2653500  3 16 11   2.0  979 281  1.3 8  4.7  96    0   85 305 -319  2
4184500 2653500  3 16 12   2.4  979 280  1.7 7  4.3  94    0   81 297 -325  2
4184500 2653500  3 16 13   2.4  979 280  2.3 7  4.4  94    0   92 292 -332  2
4184500 2653500  3 16 14   2.3  979 287  1.6 7  4.4  95    0   87 292 -335  2
4184500 2653500  3 16 15   2.3  978 300  2.0 7  4.5  96    0   75 292 -336  2
4184500 2653500  3 16 16   2.7  978 303  1.7 7  4.5  96    0   80 293 -337  2
4184500 2653500  3 16 17   2.6  978 304  1.4 6  4.5  96    0   44 287 -337  2
4184500 2653500  3 16 18   3.0  978 297  1.4 7  4.6  96    0   11 289 -332  2
4184500 2653500  3 16 19   3.0  978 296  1.0 7  4.7  96    0    0 296 -328  2
4184500 2653500  3 16 20   3.2  978 302  0.8 7  4.8  97    0    0 297 -326  2
4184500 2653500  3 16 21   3.3  978 297  0.5 7  4.8  97    0    0 299 -326  2
4184500 2653500  3 16 22   3.6  978 293  0.5 8  4.9  97    0    0 306 -326  2
4184500 2653500  3 16 23   3.9  978 296  0.6 8  5.0  97    0    0 314 -326  2
4184500 2653500  3 16 24   3.8  978 299  0.8 7  5.1  98    0    0 310 -327  2
4184500 2653500  3 17  1   4.0  978 305  3.2 8  5.1  97    0    0 311 -327  2
4184500 2653500  3 17  2   4.0  977 309  3.7 8  5.1  96    0    0 318 -329  2
4184500 2653500  3 17  3   3.9  977 309  3.8 8  5.1  97    0    0 319 -331  2
4184500 2653500  3 17  4   4.1  976 286  4.6 8  5.1  96    0    0 321 -334  2
4184500 2653500  3 17  5   4.0  976 298  4.0 8  5.1  96    0    0 322 -336  2
4184500 2653500  3 17  6   3.8  976 297  4.6 6  5.1  98    0    0 311 -337  2
4184500 2653500  3 17  7   4.2  976 299  4.2 7  5.2  99    0    1 307 -338  2
4184500 2653500  3 17  8   4.8  976 290  4.5 8  5.3  98    0   25 320 -339  2
4184500 2653500  3 17  9   4.2  976 292  4.8 8  5.3  98    0   36 326 -340  2
4184500 2653500  3 17 10   4.6  976 304  5.5 8  5.3  99    0   39 326 -340  2
4184500 2653500  3 17 11   5.0  977 306  5.5 7  5.4  97    0   76 321 -341  2
4184500 2653500  3 17 12   5.0  977 303  5.7 7  5.4  96    0   76 316 -340  2
4184500 2653500  3 17 13   6.3  977 308  6.6 8  5.6  95    0   61 324 -341  2
4184500 2653500  3 17 14   6.4  978 308  5.4 8  5.8  94    0   63 331 -342  2
4184500 2653500  3 17 15   6.5  978 312  6.3 8  5.9  95    0   52 332 -343  2
4184500 2653500  3 17 16   6.6  978 311  6.1 8  5.9  95    0   43 332 -344  2
4184500 2653500  3 17 17   6.6  979 322  5.8 8  6.0  95    0   36 332 -345  2
4184500 2653500  3 17 18   6.5  979 318  5.5 8  5.9  95    0   18 332 -345  2
4184500 2653500  3 17 19   6.5  979 315  5.2 8  5.9  95    0    1 332 -346  2
4184500 2653500  3 17 20   6.5  980 323  4.9 8  5.9  95    0    0 332 -346  2
4184500 2653500  3 17 21   6.3  980 304  4.0 8  5.9  95    0    0 333 -346  2
4184500 2653500  3 17 22   6.2  981 304  3.9 8  5.8  94    0    0 332 -346  2
4184500 2653500  3 17 23   6.1  981 301  3.7 8  5.7  94    0    0 332 -346  2
4184500 2653500  3 17 24   6.0  981 302  4.6 8  5.6  94    0    0 331 -346  2
4184500 2653500  3 18  1   5.9  982 290  4.5 8  5.6  94    0    0 331 -346  2
4184500 2653500  3 18  2   5.7  982 294  3.8 8  5.6  94    0    0 330 -346  2
4184500 2653500  3 18  3   5.6  982 287  3.7 8  5.5  94    0    0 330 -346  2
4184500 2653500  3 18  4   5.7  982 280  4.4 8  5.5  94    0    0 329 -346  2
4184500 2653500  3 18  5   5.6  982 284  4.3 8  5.5  93    0    0 329 -346  2
4184500 2653500  3 18  6   5.4  982 293  4.3 8  5.4  93    0    0 328 -346  2
4184500 2653500  3 18  7   5.5  982 292  4.6 8  5.4  93    0    3 327 -346  2
4184500 2653500  3 18  8   5.6  983 281  4.0 8  5.3  91    0   38 327 -346  2
4184500 2653500  3 18  9   5.7  983 283  4.6 7  5.3  91    0   72 321 -346  2
4184500 2653500  3 18 10   6.2  983 283  5.2 8  5.4  90    0  105 321 -347  2
4184500 2653500  3 18 11   6.8  983 279  5.2 8  5.5  88    0   88 328 -348  2
4184500 2653500  3 18 12   7.7  983 288  6.2 7  5.5  84    0  131 323 -353  2
4184500 2653500  3 18 13   8.0  984 285  6.1 7  5.4  80    0  131 318 -357  2
4184500 2653500  3 18 14   7.9  984 283  5.6 8  5.4  78    0   74 322 -359  2
4184500 2653500  3 18 15   7.9  983 287  4.7 8  5.3  78    0   56 325 -361  2
4184500 2653500  3 18 16   7.8  983 266  5.6 8  5.4  79    0   43 322 -360  2
4184500 2653500  3 18 17   7.6  983 276  5.8 8  5.3  79    0   44 318 -357  2
4184500 2653500  3 18 18   7.4  982 267  5.0 8  5.3  79    0   33 314 -353  2
4184500 2653500  3 18 19   7.0  982 280  4.9 8  5.2  80    0    2 311 -347  2
4184500 2653500  3 18 20   6.7  982 279  5.4 8  5.2  82    0    0 309 -344  2
4184500 2653500  3 18 21   6.4  982 312  5.8 8  5.2  84    0    0 308 -343  2
4184500 2653500  3 18 22   6.3  982 296  5.5 8  5.1  83    0    0 308 -339  2
4184500 2653500  3 18 23   5.3  982 300  3.9 8  4.9  84    0    0 307 -334  2
4184500 2653500  3 18 24   4.6  983 314  5.4 8  4.8  87    0    0 302 -332  2
4184500 2653500  3 19  1   3.9  983 323  4.3 8  4.6  87    0    0 298 -331  2
4184500 2653500  3 19  2   3.5  984 312  4.4 7  4.3  84    0    0 289 -329  2
4184500 2653500  3 19  3   2.7  984 312  4.5 7  4.0  83    0    0 282 -326  2
4184500 2653500  3 19  4   2.3  984 304  5.1 7  3.9  84    0    0 279 -324  2
4184500 2653500  3 19  5   2.1  983 312  4.4 7  3.9  84    0    0 279 -324  2
4184500 2653500  3 19  6   1.8  983 309  4.6 8  3.9  86    0    0 283 -323  2
4184500 2653500  3 19  7   1.7  984 320  5.4 8  3.8  86    0    7 285 -322  2
4184500 2653500  3 19  8   1.8  984 315  5.4 7  3.8  86    0   41 279 -321  2
4184500 2653500  3 19  9   2.1  984 310  6.6 7  3.9  86    0   81 273 -323  2
4184500 2653500  3 19 10   2.8  985 315  7.4 7  3.9  83   51  179 272 -325  2
4184500 2653500  3 19 11   3.3  986 318  7.6 5  3.7  76  155  197 263 -327  2
4184500 2653500  3 19 12   3.6  987 312  6.6 5  3.5  70   82  241 255 -330  2
4184500 2653500  3 19 13   2.6  986 312  5.6 8  3.6  74    0  157 270 -333  2
4184500 2653500  3 19 14   3.2  986 325  6.3 7  3.7  77    0  101 280 -334  2
4184500 2653500  3 19 15   4.0  987 317  6.7 5  3.5  69   15  185 269 -335  2
4184500 2653500  3 19 16   4.0  987 321  7.1 5  3.2  61  150  138 260 -338  2
4184500 2653500  3 19 17   3.9  987 320  6.9 4  2.9  57  139   73 254 -335  2
4184500 2653500  3 19 18   3.5  987 308  7.1 5  2.9  56   43   41 251 -331  2
4184500 2653500  3 19 19   2.5  986 310  4.5 5  2.8  59    0    5 252 -330  2
4184500 2653500  3 19 20   2.1  986 306  4.0 4  2.9  62    0    0 246 -328  2
4184500 2653500  3 19 21   1.2  986 293  3.5 6  3.0  68    0    0 248 -327  2
4184500 2653500  3 19 22   1.0  986 280  3.0 6  3.0  72    0    0 255 -326  2
4184500 2653500  3 19 23   0.9  985 286  3.8 6  3.1  74    0    0 255 -325  2
4184500 2653500  3 19 24   1.0  985 282  3.8 8  3.1  75    0    0 264 -325  2
4184500 2653500  3 20  1   1.4  984 282  4.8 8  3.2  76    0    0 274 -324  2
4184500 2653500  3 20  2   1.3  983 275  5.3 7  3.3  76    0    0 273 -323  2
4184500 2653500  3 20  3   1.6  982 278  5.3 8  3.3  77    0    0 278 -322  2
4184500 2653500  3 20  4   1.2  981 276  5.7 8  3.4  78    0    0 285 -321  2
4184500 2653500  3 20  5   1.5  980 275  6.3 8  3.4  79    0    0 287 -321  2
4184500 2653500  3 20  6   1.5  980 281  6.9 8  3.4  79    0    0 288 -321  2
4184500 2653500  3 20  7   1.3  980 272  7.7 8  3.5  82    0    3 289 -321  2
4184500 2653500  3 20  8   0.8  979 270  7.7 8  3.7  86    0   33 289 -321  2
4184500 2653500  3 20  9   1.1  978 281  8.5 7  3.8  90    0   56 283 -321  2
4184500 2653500  3 20 10   1.2  979 340  7.4 8  3.7  87    0   82 282 -323  2
4184500 2653500  3 20 11   1.1  979 302  4.8 8  3.5  83    0   84 285 -323  2
4184500 2653500  3 20 12   1.4  979 314  5.8 8  3.4  79    0   67 284 -325  2
4184500 2653500  3 20 13   1.7  979 311  6.1 8  3.2  72    0   67 281 -330  2
4184500 2653500  3 20 14   1.6  979 334  7.5 8  3.0  69    0   62 280 -329  2
4184500 2653500  3 20 15   2.1  979 320  6.3 8  3.0  68    0   77 280 -332  2
4184500 2653500  3 20 16   1.1  978 335  6.7 7  3.2  72    3  148 275 -333  2
4184500 2653500  3 20 17   2.1  978 298  4.5 7  3.2  72    5  114 270 -330  2
4184500 2653500  3 20 18   1.6  978 320  5.9 8  3.1  69    0   40 276 -324  2
4184500 2653500  3 20 19   1.1  978 322  4.2 6  3.1  71    0    4 267 -321  2
4184500 2653500  3 20 20   0.7  978 334  4.2 7  3.0  72    0    0 258 -319  2
4184500 2653500  3 20 21   0.3  977 341  3.8 7  3.0  74    0    0 262 -316  2
4184500 2653500  3 20 22  -0.2  977 347  3.7 7  2.9  75    0    0 266 -312  2
4184500 2653500  3 20 23  -0.3  978 347  3.3 6  3.0  78    0    0 270 -311  2
4184500 2653500  3 20 24  -0.4  978 342  2.9 5  3.1  80    0    0 246 -311  2
4184500 2653500  3 21  1  -0.4  981 327  2.5 4  3.3  84    0    0 256 -326  2
4184500 2653500  3 21  2  -0.6  981 311  2.2 3  3.4  87    0    0 239 -327  2
4184500 2653500  3 21  3  -0.7  981 295  2.0 2  3.4  90    0    0 215 -327  2
4184500 2653500  3 21  4  -1.1  981 284  2.1 2  3.4  91    0    0 206 -327  2
4184500 2653500  3 21  5  -1.1  981 286  1.8 3  3.4  92    0    0 211 -327  2
4184500 2653500  3 21  6  -1.7  981 274  1.8 2  3.3  94    0    0 218 -327  2
4184500 2653500  3 21  7  -1.7  981 282  1.0 6  3.3  94    0    5 242 -328  2
4184500 2653500  3 21  8  -0.7  981 286  1.8 7  3.4  94    5   65 277 -329  2
4184500 2653500  3 21  9   0.1  980 284  1.9 6  3.6  94   31  156 280 -329  2
4184500 2653500  3 21 10   1.8  980 285  2.6 8  3.8  91   16  201 291 -330  2
4184500 2653500  3 21 11   3.1  981 284  3.0 7  4.0  86   22  245 302 -331  2
4184500 2653500  3 21 12   3.8  980 276  3.7 7  4.1  81   13  244 297 -332  2
4184500 2653500  3 21 13   4.4  980 279  4.0 8  4.1  77    1  203 306 -336  2
4184500 2653500  3 21 14   4.6  980 282  4.5 8  4.0  74    0  145 314 -340  2
4184500 2653500  3 21 15   5.3  979 308  4.1 8  4.0  72    0  105 316 -346  2
4184500 2653500  3 21 16   5.7  978 284  3.5 7  3.9  68    2  138 312 -353  2
4184500 2653500  3 21 17   6.2  978 304  3.2 7  3.8  64   17  131 306 -354  2
4184500 2653500  3 21 18   5.8  977 323  2.7 7  4.0  66    4   52 308 -351  2
4184500 2653500  3 21 19   4.6  977 286  2.3 4  4.0  70    0    6 283 -347  2
4184500 2653500  3 21 20   3.3  977 315  2.0 2  4.0  76    0    0 244 -344  2
4184500 2653500  3 21 21   3.0  978 325  1.7 3  4.2  84    0    0 236 -342  2
4184500 2653500  3 21 22   2.9  978 316  1.6 7  4.3  89    0    0 272 -342  2
4184500 2653500  3 21 23   2.5  978 327  1.7 8  4.4  91    0    0 307 -342  2
4184500 2653500  3 21 24   2.2  978 341  2.2 7  4.4  94    0    0 306 -342  2
4184500 2653500  3 22  1   2.4  978 214  2.1 8  4.5  96    0    0 306 -342  2
4184500 2653500  3 22  2   1.8  978 271  2.0 2  4.4  97    0    0 271 -342  2
4184500 2653500  3 22  3   2.2  978 272  2.3 6  4.4  96    0    0 256 -342  2
4184500 2653500  3 22  4   1.9  977 324  1.9 6  4.4  97    0    0 284 -342  2
4184500 2653500  3 22  5   2.0  977 289  2.4 6  4.5  99    0    0 284 -343  2
4184500 2653500  3 22  6   2.0  977 307  2.4 5  4.5  98    0    0 276 -342  2
4184500 2653500  3 22  7   1.8  977 226  2.5 8  4.5  99    0    3 292 -342  2
4184500 2653500  3 22  8   1.9  977 270  1.9 8  4.5 100    1   52 313 -342  2
4184500 2653500  3 22  9   2.0  977 269  1.8 8  4.5 100    3  107 313 -342  2
4184500 2653500  3 22 10   2.7  977 273  1.8 7  4.5  98    3  150 309 -345  2
4184500 2653500  3 22 11   2.9  977 285  3.4 6  4.6  96    4  192 297 -348  2
4184500 2653500  3 22 12   4.3  977 284  2.5 4  4.7  93  172  276 281 -351  2
4184500 2653500  3 22 13   6.0  976 280  1.6 2  5.0  88  464  163 261 -353  2
4184500 2653500  3 22 14  10.6  977 289  1.8 2  5.2  74  484  136 259 -354  2
4184500 2653500  3 22 15   8.2  976 283  1.4 1  5.3  70  414  125 260 -356  2
4184500 2653500  3 22 16   8.4  975 312  1.7 0  5.3  75  304  111 248 -359  2
4184500 2653500  3 22 17   9.2  975 333  1.4 1  5.3  73  158  100 249 -356  2
4184500 2653500  3 22 18   8.1  974   2  1.3 1  5.3  72   36   58 254 -352  2
4184500 2653500  3 22 19   7.0  974  77  0.5 0  5.1  76    1    8 245 -346  2
4184500 2653500  3 22 20   6.4  974  16  0.7 0  5.0  79    0    0 237 -338  2
4184500 2653500  3 22 21   4.9  975 197  1.9 0  4.9  84    0    0 233 -334  2
4184500 2653500  3 22 22   3.7  974 201  1.8 0  4.7  88    0    0 229 -332  2
4184500 2653500  3 22 23   3.5  974 214  1.7 0  4.5  89    0    0 226 -330  2
4184500 2653500  3 22 24   3.4  974 191  1.2 0  4.4  87    0    0 225 -328  2
4184500 2653500  3 23  1   1.6  974 199  2.3 0  4.3  90    0    0 222 -326  2
4184500 2653500  3 23  2   2.7  974 187  2.1 1  4.1  90    0    0 225 -325  2
4184500 2653500  3 23  3   2.1  973 178  2.2 0  4.1  87    0    0 224 -325  2
4184500 2653500  3 23  4   2.7  973 185  1.1 1  4.0  85    0    0 224 -324  2
4184500 2653500  3 23  5   3.1  973 182  2.1 0  4.0  82    0    0 225 -324  2
4184500 2653500  3 23  6   1.9  972 180  3.1 0  4.1  86    0    0 222 -324  2
4184500 2653500  3 23  7   1.3  973 155  3.2 1  4.0  90   10   15 223 -323  2
4184500 2653500  3 23  8   2.7  973  49  2.7 1  4.1  90  107   63 227 -326  2
4184500 2653500  3 23  9   5.5  972  70  2.3 0  4.6  86  245   89 229 -335  2
4184500 2653500  3 23 10   8.6  973 234  2.2 0  5.1  78  372  103 234 -349  2
4184500 2653500  3 23 11  10.8  972 256  2.7 1  5.3  68  471  114 247 -363  2
4184500 2653500  3 23 12  12.1  973 244  3.1 1  5.3  60  534  119 258 -372  2
4184500 2653500  3 23 13  12.9  972 229  2.9 1  5.1  55  562  114 265 -377  2
4184500 2653500  3 23 14  13.8  972 230  3.2 1  5.1  51  518  119 271 -380  2
4184500 2653500  3 23 15  14.7  971 232  3.9 1  5.0  47  422  125 277 -381  2
4184500 2653500  3 23 16  15.1  970 252  3.7 1  4.8  44  293  121 278 -380  2
4184500 2653500  3 23 17  14.5  970 265  3.6 2  4.7  43  162  101 278 -375  2
4184500 2653500  3 23 18  13.0  969 214  3.3 1  4.9  48   43   59 275 -368  2
4184500 2653500  3 23 19  10.9  969 215  2.6 2  5.0  55    0    8 267 -360  2
4184500 2653500  3 23 20   9.1  970 213  2.2 2  4.9  62    0    0 261 -352  2
4184500 2653500  3 23 21   8.6  970 210  2.3 1  4.8  65    0    0 251 -347  2
4184500 2653500  3 23 22   7.4  970 200  1.3 1  4.7  67    0    0 242 -343  2
4184500 2653500  3 23 23   6.7  970 191  1.2 0  4.6  70    0    0 233 -340  2
4184500 2653500  3 23 24   5.3  970 211  1.6 2  4.5  74    0    0 233 -336  2
4184500 2653500  3 24  1   3.7  970 216  1.5 0  4.4  81    0    0 228 -335  2
4184500 2653500  3 24  2   4.3  969 206  1.0 1  4.4  82    0    0 222 -335  2
4184500 2653500  3 24  3   4.3  969 184  1.5 3  4.3  80    0    0 236 -334  2
4184500 2653500  3 24  4   4.9  969 185  1.4 4  4.3  79    0    0 251 -330  2
4184500 2653500  3 24  5   4.5  969 173  1.6 5  4.3  77    0    0 260 -327  2
4184500 2653500  3 24  6   5.1  969 177  2.5 6  4.2  76    0    0 270 -327  2
4184500 2653500  3 24  7   5.4  968 166  2.4 7  4.2  73    4   16 282 -327  2
4184500 2653500  3 24  8   5.5  969 156  2.0 2  4.3  74   77   78 258 -331  2
4184500 2653500  3 24  9   8.3  969 247  2.2 2  4.6  71  198  128 228 -342  2
4184500 2653500  3 24 10  10.3  968 292  3.3 2  4.9  64  300  164 234 -355  2
4184500 2653500  3 24 11  11.7  969 304  3.6 2  5.1  59  373  197 238 -366  2
4184500 2653500  3 24 12  12.7  969 306  3.9 1  5.3  57  423  216 237 -372  2
4184500 2653500  3 24 13  13.3  969 318  3.4 1  5.4  56  422  230 234 -375  2
4184500 2653500  3 24 14  13.8  969 328  3.7 1  5.4  54  378  231 238 -379  2
4184500 2653500  3 24 15  13.5  969 351  3.2 2  5.3  52  293  220 242 -380  2
4184500 2653500  3 24 16  13.9  968 349  3.2 2  5.1  50  172  199 247 -377  2
4184500 2653500  3 24 17  12.8  968   5  3.6 4  5.1  51   81  142 259 -371  2
4184500 2653500  3 24 18  11.4  968  29  2.5 4  5.4  58   21   66 269 -366  2
4184500 2653500  3 24 19  10.1  968  77  1.5 5  5.5  65    0   11 272 -362  2
4184500 2653500  3 24 20   9.2  968  72  1.6 6  5.4  70    0    0 282 -358  2
4184500 2653500  3 24 21   8.1  967 109  1.3 5  5.3  72    0    0 280 -356  2
4184500 2653500  3 24 22   7.3  968  99  1.5 6  5.2  76    0    0 278 -354  2
4184500 2653500  3 24 23   6.1  967 108  1.0 7  5.1  81    0    0 289 -352  2
4184500 2653500  3 24 24   6.0  967  86  2.5 8  5.1  84    0    0 302 -351  2
4184500 2653500  3 25  1   5.8  967 154  1.9 8  5.1  84    0    0 308 -350  2
4184500 2653500  3 25  2   5.9  967 147  2.0 8  5.0  83    0    0 308 -349  2
4184500 2653500  3 25  3   6.4  966 159  1.8 8  5.0  81    0    0 310 -349  2
4184500 2653500  3 25  4   6.5  966 146  1.8 8  5.0  79    0    0 311 -347  2
4184500 2653500  3 25  5   7.0  965 132  1.8 8  5.0  78    0    0 311 -345  2
4184500 2653500  3 25  6   7.6  965 180  1.8 8  5.1  76    0    0 312 -342  2
4184500 2653500  3 25  7   7.5  965 171  1.8 8  5.2  76    0   10 313 -342  2
4184500 2653500  3 25  8   7.0  965 134  1.9 8  5.4  81    0   37 313 -343  2
4184500 2653500  3 25  9   7.4  966 170  1.4 8  5.7  86    0   63 312 -348  2
4184500 2653500  3 25 10   7.9  966 145  2.0 7  6.0  88    0  103 306 -356  2
4184500 2653500  3 25 11   8.5  966 169  1.9 6  6.3  89    0  109 296 -366  2
4184500 2653500  3 25 12   8.4  966 162  2.5 8  6.6  91    0  134 303 -373  2
4184500 2653500  3 25 13   9.8  967 150  2.6 7  6.7  89    5  196 310 -376  2
4184500 2653500  3 25 14   9.7  966 149  3.3 7  6.7  85  155  134 306 -378  2
4184500 2653500  3 25 15  11.2  966 157  3.1 7  6.6  80   15  168 307 -378  2
4184500 2653500  3 25 16  11.8  965 151  3.2 8  6.8  76    0   86 315 -375  2
4184500 2653500  3 25 17  12.0  965 142  3.3 8  6.9  75    0   77 320 -370  2
4184500 2653500  3 25 18  11.1  965 158  2.6 6  6.8  76    0   40 310 -363  2
4184500 2653500  3 25 19   9.4  965 158  1.7 7  6.7  82    5    6 303 -354  2
4184500 2653500  3 25 20   8.8  966 182  2.3 7  6.8  90    0    0 306 -348  2
4184500 2653500  3 25 21   8.7  966 188  3.9 6  6.7  91    0    0 301 -345  2
4184500 2653500  3 25 22   8.7  966 193  2.1 7  6.5  88    0    0 301 -344  2
4184500 2653500  3 25 23   8.5  966 196  3.0 6  6.3  87    0    0 301 -343  2
4184500 2653500  3 25 24   8.5  966 207  4.5 8  6.4  88    0    0 308 -342  2
4184500 2653500  3 26  1   8.3  966 223  3.3 8  6.5  90    0    0 320 -341  2
4184500 2653500  3 26  2   8.0  966 222  3.2 8  6.4  91    0    0 321 -341  2
4184500 2653500  3 26  3   8.1  966 221  3.4 7  6.5  92    0    0 315 -343  2
4184500 2653500  3 26  4   7.9  967 232  3.2 8  6.4  92    0    0 315 -345  2
4184500 2653500  3 26  5   7.9  967 228  3.1 8  6.3  90    0    0 323 -346  2
4184500 2653500  3 26  6   7.7  967 222  3.3 8  6.1  89    0    0 323 -345  2
4184500 2653500  3 26  7   7.5  967 245  2.8 8  6.0  89   12   22 323 -345  2
4184500 2653500  3 26  8   7.4  968 244  3.8 6  6.0  89   10   79 309 -346  2
4184500 2653500  3 26  9   7.7  968 255  4.4 8  6.0  88    0   72 310 -350  2
4184500 2653500  3 26 10   7.7  969 283  3.8 8  5.9  86    0   78 324 -356  2
4184500 2653500  3 26 11   8.1  969 273  4.2 8  5.8  84    0   87 325 -358  2
4184500 2653500  3 26 12   8.4  969 260  4.6 8  5.8  82    0   90 327 -362  2
4184500 2653500  3 26 13   9.6  969 259  4.7 8  5.9  79    0  140 330 -364  2
4184500 2653500  3 26 14  10.4  970 257  3.9 4  5.9  74   64  301 306 -368  2
4184500 2653500  3 26 15  11.1  969 241  3.9 4  6.0  71  134  279 279 -373  2
4184500 2653500  3 26 16  11.3  969 245  3.8 5  6.0  69   91  224 287 -372  2
4184500 2653500  3 26 17  11.4  969 250  3.2 7  5.9  68   20  138 309 -369  2
4184500 2653500  3 26 18  10.7  968 247  3.4 7  5.9  69    9   66 323 -366  2
4184500 2653500  3 26 19   9.8  968 198  2.4 4  5.9  73    0    6 294 -362  2
4184500 2653500  3 26 20   8.4  968 184  2.4 3  5.8  78    0    0 252 -358  2
4184500 2653500  3 26 21   7.7  968 155  1.5 2  5.7  81    0    0 223 -356  2
4184500 2653500  3 26 22   6.7  968 160  2.3 1  5.5  84    0    0 198 -355  2
4184500 2653500  3 26 23   6.4  968 181  2.3 2  5.5  86    0    0 200 -355  2
4184500 2653500  3 26 24   6.7  968 179  2.8 5  5.4  85    0    0 224 -355  2
4184500 2653500  3 27  1   6.7  968 166  2.7 3  5.3  83    0    0 239 -355  2
4184500 2653500  3 27  2   6.3  967 174  3.4 0  5.2  82    0    0 207 -354  2
4184500 2653500  3 27  3   6.1  967 162  2.6 0  5.1  83    0    0 207 -353  2
4184500 2653500  3 27  4   6.3  966 178  2.3 0  5.0  82    0    0 208 -353  2
4184500 2653500  3 27  5   6.1  966 162  2.5 1  4.9  80    0    0 222 -352  2
4184500 2653500  3 27  6   6.3  965 152  3.4 4  4.8  78    0    0 255 -350  2
4184500 2653500  3 27  7   6.1  965 135  3.0 3  4.8  77   17   21 272 -348  2
4184500 2653500  3 27  8   7.5  964 154  2.9 3  5.0  77  128   66 269 -350  2
4184500 2653500  3 27  9   9.7  965 173  4.7 3  5.3  73  241   92 275 -355  2
4184500 2653500  3 27 10  11.8  964 176  7.8 5  5.5  65  271  158 292 -359  2
4184500 2653500  3 27 11  10.8  964 217  7.2 6  5.5  63  140  266 311 -363  2
4184500 2653500  3 27 12  10.6  964 226  6.3 7  5.6  67    4  224 321 -371  2
4184500 2653500  3 27 13   9.9  965 253  5.2 7  5.6  68    0  195 326 -379  2
4184500 2653500  3 27 14   9.5  965 257  5.2 7  5.4  69    0  184 324 -380  2
4184500 2653500  3 27 15   9.2  964 273  4.9 7  5.4  70    0  145 324 -376  2
4184500 2653500  3 27 16   8.7  964 265  3.9 7  5.4  72    0   84 323 -372  2
4184500 2653500  3 27 17   7.3  963 260  3.0 8  5.3  76    0   60 327 -370  2
4184500 2653500  3 27 18   7.0  963 263  2.2 8  5.3  80    0   25 331 -369  2
4184500 2653500  3 27 19   6.2  963 240  1.6 8  5.3  83    0    3 330 -366  2
4184500 2653500  3 27 20   5.8  963 336  1.1 6  5.3  86    0    0 315 -362  2
4184500 2653500  3 27 21   5.2  963 251  1.5 8  5.2  89    0    0 315 -357  2
4184500 2653500  3 27 22   4.4  963 283  1.5 8  5.2  92    0    0 325 -353  2
4184500 2653500  3 27 23   4.7  963 248  1.6 8  5.2  93    0    0 325 -351  2
4184500 2653500  3 27 24   4.7  962 247  2.0 8  5.1  92    0    0 325 -348  2
4184500 2653500  3 28  1   4.0  962 315  1.9 8  5.1  94    0    0 323 -347  2
4184500 2653500  3 28  2   3.3  961 347  1.9 8  5.1  98    0    0 321 -346  2
4184500 2653500  3 28  3   3.6  961 342  1.5 8  5.0  98    0    0 321 -344  2
4184500 2653500  3 28  4   3.0  961  16  1.7 8  4.9  97    0    0 320 -343  2
4184500 2653500  3 28  5   3.1  960  21  2.2 8  4.9  98    0    0 318 -341  2
4184500 2653500  3 28  6   3.2  960  27  1.5 8  4.9  97    0    0 318 -339  2
4184500 2653500  3 28  7   3.6  960  22  1.8 8  4.9  95    0   14 319 -337  2
4184500 2653500  3 28  8   3.9  960  13  2.2 8  4.9  93    0   41 320 -336  2
4184500 2653500  3 28  9   3.9  960 359  3.0 8  4.9  93    0   70 319 -336  2
4184500 2653500  3 28 10   4.2  960 357  3.8 8  5.0  93    0  111 319 -338  2
4184500 2653500  3 28 11   4.1  960   2  4.1 8  5.0  93    0   92 319 -339  2
4184500 2653500  3 28 12   4.3  960 358  4.1 8  5.1  94    0   68 320 -341  2
4184500 2653500  3 28 13   4.3  960   4  4.3 8  5.1  94    0   91 320 -343  2
4184500 2653500  3 28 14   4.5  960 358  4.7 8  5.1  93    0   61 320 -344  2
4184500 2653500  3 28 15   4.3  960 355  4.1 8  5.1  92    0   58 319 -343  2
4184500 2653500  3 28 16   4.0  960  14  4.8 8  5.0  93    0   58 318 -342  2
4184500 2653500  3 28 17   3.9  960 360  4.7 8  5.0  94    0   34 317 -341  2
4184500 2653500  3 28 18   3.8  961   4  4.5 8  5.0  94    0   20 316 -340  2
4184500 2653500  3 28 19   3.4  961 333  4.7 8  4.9  94    0    6 315 -338  2
4184500 2653500  3 28 20   3.1  961 339  4.7 8  4.8  94    0    0 315 -338  2
4184500 2653500  3 28 21   3.0  962 346  3.6 8  4.7  95    0    0 315 -337  2
4184500 2653500  3 28 22   2.9  962 356  3.2 8  4.7  95    0    0 315 -337  2
4184500 2653500  3 28 23   2.9  962 342  2.2 8  4.7  95    0    0 315 -337  2
4184500 2653500  3 28 24   2.9  962 321  2.7 8  4.7  95    0    0 315 -337  2
4184500 2653500  3 29  1   2.7  962 315  2.9 8  4.6  95    0    0 315 -337  2
4184500 2653500  3 29  2   2.6  962 289  3.1 8  4.6  96    0    0 313 -338  2
4184500 2653500  3 29  3   2.5  962 329  2.1 8  4.6  96    0    0 313 -338  2
4184500 2653500  3 29  4   2.4  962 328  3.5 8  4.6  96    0    0 313 -338  2
4184500 2653500  3 29  5   2.4  962 348  2.8 7  4.6  96    0    0 307 -338  2
4184500 2653500  3 29  6   2.4  963 325  3.0 8  4.6  96    0    0 307 -338  2
4184500 2653500  3 29  7   1.9  963 338  3.6 8  4.5  96   16   13 312 -339  2
4184500 2653500  3 29  8   1.7  962 330  3.0 8  4.4  96    4   62 309 -341  2
4184500 2653500  3 29  9   1.5  963 328  2.8 8  4.3  96    6  116 308 -345  2
4184500 2653500  3 29 10   1.4  963 305  3.4 8  4.2  96    0  103 307 -352  2
4184500 2653500  3 29 11   1.6  964 311  3.8 8  4.2  95    0   74 307 -360  2
4184500 2653500  3 29 12   1.9  964 332  3.7 8  4.3  94    0   74 308 -363  2
4184500 2653500  3 29 13   2.1  964 334  3.3 8  4.3  93    0   85 310 -363  2
4184500 2653500  3 29 14   2.4  965 324  2.5 8  4.3  92    0   70 312 -365  2
4184500 2653500  3 29 15   2.7  965 316  3.1 8  4.4  91    0   61 313 -366  2
4184500 2653500  3 29 16   2.6  965 330  3.1 8  4.4  90    0   52 313 -365  2
4184500 2653500  3 29 17   2.7  965 329  1.7 8  4.4  91    0   59 313 -364  2
4184500 2653500  3 29 18   2.5  965 332  1.8 8  4.4  92    0   42 313 -361  2
4184500 2653500  3 29 19   2.4  966 359  1.6 8  4.4  93    0    7 312 -358  2
4184500 2653500  3 29 20   2.4  966  14  1.2 8  4.4  93    0    0 312 -356  2
4184500 2653500  3 29 21   2.2  967  41  0.0 7  4.4  94    0    0 305 -354  2
4184500 2653500  3 29 22   2.5  967  60  0.0 8  4.4  94    0    0 306 -352  2
4184500 2653500  3 29 23   2.4  967  75  0.0 8  4.4  93    0    0 312 -351  2
4184500 2653500  3 29 24   2.3  967 127  0.9 7  4.4  94    0    0 305 -350  2
4184500 2653500  3 30  1   2.1  968  42  0.6 8  4.4  95    0    0 304 -350  2
4184500 2653500  3 30  2   2.1  967  59  0.7 8  4.4  96    0    0 311 -349  2
4184500 2653500  3 30  3   2.3  967  67  1.4 8  4.5  96    0    0 311 -348  2
4184500 2653500  3 30  4   2.1  967  89  2.5 8  4.4  96    0    0 312 -346  2
4184500 2653500  3 30  5   2.3  967  74  2.3 8  4.4  95    0    0 312 -344  2
4184500 2653500  3 30  6   2.1  967  60  2.0 8  4.4  94    0    0 313 -344  2
4184500 2653500  3 30  7   2.1  966  78  2.7 8  4.4  96    0   15 312 -346  2
4184500 2653500  3 30  8   2.8  966  80  2.5 7  4.6  96   35   76 307 -348  2
4184500 2653500  3 30  9   3.9  967  86  4.6 7  4.8  94   19  145 303 -351  2
4184500 2653500  3 30 10   4.1  967  86  5.2 7  4.9  92    0  143 305 -355  2
4184500 2653500  3 30 11   5.1  967  77  5.3 7  5.0  91    0  160 307 -359  2
4184500 2653500  3 30 12   6.3  966  89  6.0 6  5.2  88    1  193 304 -360  2
4184500 2653500  3 30 13   6.6  966  95  5.4 6  5.3  85    6  227 301 -361  2
4184500 2653500  3 30 14   7.5  965  60  6.1 6  5.5  83   72  272 304 -363  2
4184500 2653500  3 30 15   8.2  964  60  7.4 7  5.5  79   25  225 313 -364  2
4184500 2653500  3 30 16   7.9  964  57  5.7 8  5.5  78    0   97 325 -361  2
4184500 2653500  3 30 17   7.6  963  54  4.9 8  5.7  82    0   68 331 -358  2
4184500 2653500  3 30 18   7.2  962  55  5.4 7  5.8  86    0   35 325 -355  2
4184500 2653500  3 30 19   7.2  962  60  4.7 8  5.9  89    0    9 325 -352  2
4184500 2653500  3 30 20   7.1  962  55  4.0 8  5.9  89    0    0 330 -350  2
4184500 2653500  3 30 21   7.9  962  58  4.4 8  5.9  86    0    0 330 -349  2
4184500 2653500  3 30 22   7.1  962  84  4.1 8  5.9  86    0    0 331 -350  2
4184500 2653500  3 30 23   6.6  961  84  5.1 8  5.9  90    0    0 330 -350  2
4184500 2653500  3 30 24   7.2  961  90  4.6 8  5.9  91    0    0 330 -350  2
4184500 2653500  3 31  1   6.8  960  81  5.5 8  6.0  91    0    0 331 -350  2
4184500 2653500  3 31  2   6.8  960  87  5.6 8  6.0  93    0    0 332 -350  2
4184500 2653500  3 31  3   6.3  959  85  4.9 8  6.0  94    0    0 331 -350  2
4184500 2653500  3 31  4   6.1  958  82  4.1 8  6.0  96    0    0 330 -351  2
4184500 2653500  3 31  5   6.0  957  81  5.7 8  6.0  97    0    0 331 -351  2
4184500 2653500  3 31  6   5.8  957  76  4.9 8  5.9  97    0    0 330 -351  2
4184500 2653500  3 31  7   5.4  956  65  4.8 8  5.8  96    0    9 328 -352  2
4184500 2653500  3 31  8   5.2  956  55  4.7 7  5.7  96    0   53 321 -353  2
4184500 2653500  3 31  9   4.9  956  49  5.3 8  5.5  96    0   78 320 -356  2
4184500 2653500  3 31 10   4.3  956  52  5.7 8  5.3  95    0   81 323 -360  2
4184500 2653500  3 31 11   3.9  956  45  5.1 8  5.1  95    0   90 319 -364  2
4184500 2653500  3 31 12   3.8  956  43  5.3 8  5.0  94    0   88 315 -364  2
4184500 2653500  3 31 13   3.4  955  30  5.1 8  4.9  94    0   77 314 -364  2
4184500 2653500  3 31 14   3.3  955  35  3.8 8  4.9  96    0   61 312 -366  2
4184500 2653500  3 31 15   3.2  956  15  4.4 8  4.9  96    0   68 311 -369  2
4184500 2653500  3 31 16   3.3  956   9  4.8 8  4.9  97    0   53 310 -370  2
4184500 2653500  3 31 17   3.3  956 357  4.3 7  4.9  96    0   42 305 -366  2
4184500 2653500  3 31 18   3.0  956   1  3.7 8  4.9  96    0   33 304 -359  2
4184500 2653500  3 31 19   3.2  956   4  3.1 8  4.9  97    0    6 309 -352  2
4184500 2653500  3 31 20   3.1  957 353  2.8 8  4.9  96    0    0 309 -345  2
4184500 2653500  3 31 21   3.3  957 344  2.9 8  4.9  96    0    0 309 -342  2
4184500 2653500  3 31 22   3.1  958 328  2.3 8  4.9  96    0    0 310 -340  2
4184500 2653500  3 31 23   3.1  958 321  2.3 8  4.8  96    0    0 310 -340  2
4184500 2653500  3 31 24   3.1  959 318  3.1 5  4.8  96    0    0 295 -339  2
4184500 2653500  4  1  1   3.0  959 305  3.6 8  4.8  97    0    0 295 -339  2
4184500 2653500  4  1  2   3.1  960 301  3.6 8  4.9  97    0    0 310 -339  2
4184500 2653500  4  1  3   3.1  960 294  3.7 8  4.8  96    0    0 310 -340  2
4184500 2653500  4  1  4   3.0  960 294  4.2 8  4.8  96    0    0 310 -340  2
4184500 2653500  4  1  5   2.9  960 292  3.7 8  4.8  96    0    0 310 -340  2
4184500 2653500  4  1  6   2.9  960 280  3.3 8  4.8  96    0    0 309 -340  2
4184500 2653500  4  1  7   2.9  960 277  3.1 8  4.7  96    1   17 308 -340  2
4184500 2653500  4  1  8   2.9  960 281  3.8 7  4.7  96    2   74 303 -342  2
4184500 2653500  4  1  9   3.0  960 277  3.3 6  4.7  96   10  155 293 -345  2
4184500 2653500  4  1 10   3.3  960 276  3.6 7  4.8  95    2  172 293 -347  2
4184500 2653500  4  1 11   4.1  961 269  3.8 8  4.9  94    0  124 302 -348  2
4184500 2653500  4  1 12   4.7  960 254  3.0 7  5.0  91    0  115 303 -350  2
4184500 2653500  4  1 13   4.9  960 257  2.9 7  4.9  87    0   97 301 -351  2
4184500 2653500  4  1 14   5.3  960 247  2.9 8  4.9  84    0   68 306 -352  2
4184500 2653500  4  1 15   6.1  960 237  2.6 8  4.9  81    0   86 312 -353  2
4184500 2653500  4  1 16   5.7  960 234  2.1 7  4.9  81    0  102 309 -355  2
4184500 2653500  4  1 17   4.8  959 237  1.6 6  5.0  86    3  115 299 -356  2
4184500 2653500  4  1 18   5.0  959 229  3.1 8  5.1  89    1   59 303 -353  2
4184500 2653500  4  1 19   5.1  959 234  4.6 7  5.0  87    0    7 308 -351  2
4184500 2653500  4  1 20   4.5  959 233  3.9 7  4.9  87    0    0 301 -349  2
4184500 2653500  4  1 21   4.4  959 236  4.0 8  4.9  89    0    0 305 -347  2
4184500 2653500  4  1 22   4.3  959 221  3.1 8  4.9  90    0    0 311 -346  2
4184500 2653500  4  1 23   4.2  959 229  3.0 8  4.9  90    0    0 310 -345  2
4184500 2653500  4  1 24   3.9  959 228  2.8 8  4.9  91    0    0 311 -345  2
4184500 2653500  4  2  1   3.6  959 237  2.3 7  4.8  92    0    0 296 -345  2
4184500 2653500  4  2  2   3.7  959 241  2.1 7  4.8  92    0    0 295 -345  2
4184500 2653500  4  2  3   3.4  959 226  2.8 7  4.8  93    0    0 296 -345  2
4184500 2653500  4  2  4   3.2  958 224  2.6 7  4.8  94    0    0 295 -344  2
4184500 2653500  4  2  5   3.5  958 225  2.3 8  4.8  94    0    0 303 -343  2
4184500 2653500  4  2  6   3.7  958 203  2.8 8  4.8  92    0    0 309 -341  2
4184500 2653500  4  2  7   3.6  958 213  2.4 8  4.8  92    0   28 309 -339  2
4184500 2653500  4  2  8   4.0  959 222  1.9 6  4.8  91   17  113 296 -341  2
4184500 2653500  4  2  9   4.6  959 254  2.5 4  4.8  87   59  194 272 -347  2
4184500 2653500  4  2 10   6.3  959 251  2.6 5  4.9  83  130  258 269 -352  2
4184500 2653500  4  2 11   7.0  959 233  1.6 6  4.9  77  120  309 285 -357  2
4184500 2653500  4  2 12   7.8  960 246  2.6 6  4.9  72  129  336 294 -361  2
4184500 2653500  4  2 13   8.6  960 268  3.1 6  4.9  68  135  344 299 -368  2
4184500 2653500  4  2 14   9.4  959 316  2.5 6  4.8  64  149  330 303 -373  2
4184500 2653500  4  2 15   9.6  959 350  3.4 6  4.8  61   78  286 304 -372  2
4184500 2653500  4  2 16   9.8  959 330  4.2 5  4.8  61   36  219 300 -371  2
4184500 2653500  4  2 17   9.6  959  69  2.4 5  4.8  61   57  168 294 -367  2
4184500 2653500  4  2 18   8.3  959  95  3.0 4  4.8  64   26   90 285 -362  2
4184500 2653500  4  2 19   6.8  960 212  2.6 5  4.9  71    0   19 278 -358  2
4184500 2653500  4  2 20   5.9  959 192  2.0 5  4.8  77    0    0 278 -353  2
4184500 2653500  4  2 21   5.4  960 225  2.4 7  4.9  81    0    0 285 -350  2
4184500 2653500  4  2 22   5.2  961 185  1.1 7  4.9  84    0    0 294 -348  2
4184500 2653500  4  2 23   4.8  961 153  2.3 6  4.9  85    0    0 288 -344  2
4184500 2653500  4  2 24   4.6  961 177  2.3 7  4.8  85    0    0 287 -340  2
4184500 2653500  4  3  1   3.5  961 179  2.5 5  4.7  87    0    0 279 -339  2
4184500 2653500  4  3  2   2.8  961 173  2.4 1  4.5  89    0    0 245 -339  2
4184500 2653500  4  3  3   2.6  961 197  2.5 2  4.3  88    0    0 228 -340  2
4184500 2653500  4  3  4   2.4  961 172  2.8 3  4.2  88    0    0 236 -340  2
4184500 2653500  4  3  5   2.1  961 173  1.7 3  4.2  89    0    0 242 -339  2
4184500 2653500  4  3  6   1.9  961 176  1.4 2  4.2  90    0    0 239 -339  2
4184500 2653500  4  3  7   2.2  961 188  1.4 4  4.1  90   17   42 246 -340  2
4184500 2653500  4  3  8   3.5  962 172  2.2 3  4.2  86  171   70 253 -345  2
4184500 2653500  4  3  9   5.8  961 220  3.3 3  4.4  80  366   62 253 -353  2
4184500 2653500  4  3 10   8.1  961 217  3.4 3  4.6  70  497  101 261 -360  2
4184500 2653500  4  3 11   9.8  962 214  3.8 2  4.6  61  649   57 262 -367  2
4184500 2653500  4  3 12  10.7  961 248  3.4 3  4.6  56  595  106 267 -372  2
4184500 2653500  4  3 13  11.5  961 243  2.2 5  4.5  52  186  310 284 -375  2
4184500 2653500  4  3 14  12.0  960 232  2.9 7  4.5  50   17  252 304 -376  2
4184500 2653500  4  3 15  12.1  960 203  1.1 6  4.4  48   25  238 307 -376  2
4184500 2653500  4  3 16  12.5  959 239  0.5 6  4.4  47   68  217 304 -379  2
4184500 2653500  4  3 17  12.6  959 177  2.2 6  4.3  46   66  155 305 -377  2
4184500 2653500  4  3 18  11.8  958 127  1.6 6  4.3  46   48   82 303 -370  2
4184500 2653500  4  3 19  10.7  958 114  2.0 6  4.3  49    2   18 301 -360  2
4184500 2653500  4  3 20   8.6  958 115  2.1 4  4.4  56    0    0 287 -351  2
4184500 2653500  4  3 21   7.2  959 113  2.1 4  4.4  63    0    0 271 -346  2
4184500 2653500  4  3 22   6.2  958 118  1.2 2  4.3  66    0    0 258 -343  2
4184500 2653500  4  3 23   5.4  958 107  1.9 2  4.2  70    0    0 247 -341  2
4184500 2653500  4  3 24   5.1  957 119  3.4 2  4.2  72    0    0 246 -341  2
4184500 2653500  4  4  1   5.0  957 108  3.2 4  4.2  73    0    0 251 -341  2
4184500 2653500  4  4  2   4.1  956 112  3.6 3  4.2  75    0    0 251 -342  2
4184500 2653500  4  4  3   4.3  956 113  2.7 2  4.2  76    0    0 237 -342  2
4184500 2653500  4  4  4   4.2  955 119  2.6 2  4.2  77    0    0 227 -342  2
4184500 2653500  4  4  5   4.2  955 115  2.7 1  4.3  78    0    0 216 -339  2
4184500 2653500  4  4  6   3.2  955 120  2.4 1  4.2  81    0    0 206 -336  2
4184500 2653500  4  4  7   4.3  954 119  3.2 2  4.3  82   31   45 209 -336  2
4184500 2653500  4  4  8   6.0  954 119  2.0 1  4.5  78  140   93 208 -339  2
4184500 2653500  4  4  9   8.8  953 121  4.3 1  4.9  72  285  119 202 -348  2
4184500 2653500  4  4 10  10.9  952 126  4.5 1  5.2  64  406  139 212 -360  2
4184500 2653500  4  4 11  11.0  953 140  5.7 1  5.3  61  495  157 225 -373  2
4184500 2653500  4  4 12  13.2  952 141  5.2 1  5.2  56  550  166 234 -383  2
4184500 2653500  4  4 13  14.5  951 149  4.8 1  5.2  49  524  190 242 -390  2
4184500 2653500  4  4 14  14.4  950 160  3.9 2  5.3  48  457  205 250 -395  2
4184500 2653500  4  4 15  15.7  950 137  4.3 3  5.4  48  392  189 263 -396  2
4184500 2653500  4  4 16  15.2  949 130  3.4 4  5.5  47  167  219 276 -394  2
4184500 2653500  4  4 17  13.5  948 129  5.0 4  5.7  52  128  153 279 -391  2
4184500 2653500  4  4 18  13.3  948 128  4.8 3  5.8  56   59   87 270 -386  2
4184500 2653500  4  4 19  11.7  948 118  2.9 4  5.8  60    4   22 272 -379  2
4184500 2653500  4  4 20  10.1  948 119  2.8 5  5.8  66    0    0 286 -374  2
4184500 2653500  4  4 21   9.8  948 122  3.1 5  5.7  70    0    0 292 -370  2
4184500 2653500  4  4 22   9.7  948 118  2.6 6  5.7  71    0    0 296 -368  2
4184500 2653500  4  4 23  10.3  948 111  3.1 6  5.7  70    0    0 303 -368  2
4184500 2653500  4  4 24   9.8  947  98  1.6 7  5.8  70    0    0 309 -367  2
4184500 2653500  4  5  1   9.9  947 148  2.4 7  5.9  72    0    0 316 -367  2
4184500 2653500  4  5  2   9.3  947 160  1.0 8  5.9  74    0    0 323 -367  2
4184500 2653500  4  5  3   8.9  947 157  1.1 8  5.8  75    0    0 328 -363  2
4184500 2653500  4  5  4   8.7  946 164  0.2 7  5.8  77    0    0 321 -357  2
4184500 2653500  4  5  5   8.7  946 158  1.3 7  5.8  77    0    0 313 -351  2
4184500 2653500  4  5  6   8.4  946 162  1.2 8  5.7  77    0    0 319 -348  2
4184500 2653500  4  5  7   8.5  946 206  2.3 7  5.8  78    0   13 319 -347  2
4184500 2653500  4  5  8   8.5  946 272  2.9 7  6.0  81    0   34 312 -352  2
4184500 2653500  4  5  9   8.9  947 281  2.3 8  6.2  83    0   57 318 -362  2
4184500 2653500  4  5 10   8.8  947 287  3.3 8  6.4  84    0   66 326 -372  2
4184500 2653500  4  5 11   8.6  948 281  4.2 8  6.2  83    0  106 326 -380  2
4184500 2653500  4  5 12   9.1  949 257  2.3 4  6.4  85  187  319 303 -388  2
4184500 2653500  4  5 13  11.2  950 258  2.7 5  6.9  83  408  248 292 -396  2
4184500 2653500  4  5 14  13.0  950 276  2.7 4  6.9  74  435  211 301 -401  2
4184500 2653500  4  5 15  13.8  949 260  3.6 4  6.7  66  206  267 302 -394  2
4184500 2653500  4  5 16  14.4  949 310  1.5 6  6.3  58   50  219 313 -387  2
4184500 2653500  4  5 17  14.9  949 126  0.3 3  5.9  54  158  139 307 -388  2
4184500 2653500  4  5 18  14.2  949  72  1.3 3  6.0  54   58   85 291 -386  2
4184500 2653500  4  5 19  12.7  949  99  1.8 2  6.0  59    0   11 279 -378  2
4184500 2653500  4  5 20  11.1  949  90  2.3 4  6.0  65    0    0 273 -369  2
4184500 2653500  4  5 21   9.7  950 174  2.5 4  5.9  71    0    0 275 -365  2
4184500 2653500  4  5 22   9.1  950 191  3.0 1  5.8  74    0    0 250 -365  2
4184500 2653500  4  5 23   7.6  950 204  3.2 1  5.6  77    0    0 230 -360  2
4184500 2653500  4  5 24   8.2  950 201  2.6 2  5.5  78    0    0 239 -351  2
4184500 2653500  4  6  1   6.6  950 197  2.0 5  5.4  80    0    0 264 -343  2
4184500 2653500  4  6  2   6.3  950 199  1.8 6  5.4  84    0    0 285 -337  2
4184500 2653500  4  6  3   6.6  950 289  1.2 6  5.3  83    0    0 291 -332  2
4184500 2653500  4  6  4   6.5  951 273  1.7 6  5.3  82    0    0 291 -325  2
4184500 2653500  4  6  5   6.6  951 291  1.3 7  5.2  81    0    0 299 -321  2
4184500 2653500  4  6  6   5.6  952 300  1.7 6  5.2  83    0    1 299 -321  2
4184500 2653500  4  6  7   5.2  952 311  1.6 6  5.2  88   41   40 291 -320  2
4184500 2653500  4  6  8   7.4  952 309  2.0 4  5.5  87  122   90 281 -320  2
4184500 2653500  4  6  9   8.3  953 339  3.3 4  5.9  83  222  132 274 -320  2
4184500 2653500  4  6 10   7.8  954 334  3.9 5  6.0  84  229  205 282 -320  2
4184500 2653500  4  6 11   7.5  955 354  4.8 7  6.1  87    1  195 299 -321  2
4184500 2653500  4  6 12   6.1  956 351  5.2 8  6.0  92    0  103 312 -321  2
4184500 2653500  4  6 13   5.2  956 341  4.9 8  5.8  96    0  105 311 -324  2
4184500 2653500  4  6 14   4.8  957 336  5.3 8  5.6  97    0   81 306 -331  2
4184500 2653500  4  6 15   4.0  958 329  5.5 8  5.4  98    0   75 300 -338  2
4184500 2653500  4  6 16   4.0  959 340  6.0 8  5.2  97    0   49 295 -339  2
4184500 2653500  4  6 17   3.2  960 347  5.8 8  5.0  96    0   53 293 -336  2
4184500 2653500  4  6 18   2.7  961 353  5.5 8  4.7  95    0   36 288 -333  2
4184500 2653500  4  6 19   2.3  962 339  6.1 8  4.5  93    0    8 285 -328  2
4184500 2653500  4  6 20   2.1  963 341  5.7 6  4.2  89    0    0 273 -324  2
4184500 2653500  4  6 21   1.2  964 349  3.9 5  3.9  86    0    0 259 -320  2
4184500 2653500  4  6 22   0.6  965 323  3.8 3  3.6  85    0    0 244 -319  2
4184500 2653500  4  6 23   0.5  966 352  5.0 4  3.4  81    0    0 237 -319  2
4184500 2653500  4  6 24  -0.5  967 342  4.9 5  3.1  78    0    0 243 -315  2
4184500 2653500  4  7  1  -0.7  968 323  4.1 7  2.9  77    0    0 254 -312  2
4184500 2653500  4  7  2  -0.8  969 330  4.8 6  2.9  76    0    0 260 -311  2
4184500 2653500  4  7  3  -1.3  970 330  5.3 6  2.9  78    0    0 257 -310  2
4184500 2653500  4  7  4  -1.4  970 325  4.4 6  2.8  78    0    0 257 -310  2
4184500 2653500  4  7  5  -1.5  970 329  4.6 5  2.8  77    0    0 251 -309  2
4184500 2653500  4  7  6  -1.9  971 333  4.2 4  2.8  80    0    1 240 -308  2
4184500 2653500  4  7  7  -2.0  972 336  4.0 6  2.9  83    0   32 243 -308  2
4184500 2653500  4  7  8  -1.4  973 354  4.1 6  2.9  85   30  109 253 -310  2
4184500 2653500  4  7  9  -0.3  974 350  4.8 4  3.0  82  144  159 246 -315  2
4184500 2653500  4  7 10   1.0  976  16  5.4 5  3.1  76  152  224 244 -322  2
4184500 2653500  4  7 11   1.7  977 352  6.1 6  3.0  69  164  272 256 -330  2
4184500 2653500  4  7 12   3.5  977 357  6.4 3  2.9  60  634   83 250 -332  2
4184500 2653500  4  7 13   4.2  977  10  5.9 1  2.7  52  710   62 228 -331  2
4184500 2653500  4  7 14   5.3  977 354  6.7 1  2.6  47  676   59 220 -335  2
4184500 2653500  4  7 15   6.0  977 349  6.2 1  2.5  42  589   52 223 -340  2
4184500 2653500  4  7 16   6.4  978 358  6.8 1  2.3  38  425   87 223 -343  2
4184500 2653500  4  7 17   6.1  978 351  7.5 0  2.3  38  289   61 219 -344  2
4184500 2653500  4  7 18   6.0  978 344  7.6 0  2.5  42  112   62 217 -343  2
4184500 2653500  4  7 19   5.2  978 336  5.2 0  2.5  44    9   23 219 -341  2
4184500 2653500  4  7 20   4.1  979 337  4.3 1  2.6  48    0    0 224 -338  2
4184500 2653500  4  7 21   3.3  980 332  3.6 2  2.7  53    0    0 232 -337  2
4184500 2653500  4  7 22   3.5  980 343  4.1 4  2.9  58    0    0 248 -336  2
4184500 2653500  4  7 23   2.9  981 349  4.2 4  3.1  63    0    0 259 -335  2
4184500 2653500  4  7 24   2.5  981 341  4.2 3  3.3  70    0    0 255 -332  2
4184500 2653500  4  8  1   2.5  982 340  3.1 7  3.5  75    0    0 270 -329  2
4184500 2653500  4  8  2   2.6  982 330  3.5 7  3.7  78    0    0 290 -328  2
4184500 2653500  4  8  3   2.8  982 318  2.7 8  3.8  79    0    0 297 -328  2
4184500 2653500  4  8  4   2.7  982 313  3.4 8  3.9  82    0    0 303 -329  2
4184500 2653500  4  8  5   3.0  982 309  3.8 8  4.0  84    0    0 303 -329  2
4184500 2653500  4  8  6   2.4  982 312  3.3 7  4.0  84    0    2 298 -329  2
4184500 2653500  4  8  7   1.9  982 298  3.2 4  3.8  84   50   48 276 -329  2
4184500 2653500  4  8  8   2.9  983 302  3.7 2  3.6  78  187   83 250 -330  2
4184500 2653500  4  8  9   4.1  982 298  3.1 1  3.5  70  336   97 236 -333  2
4184500 2653500  4  8 10   5.7  982 302  5.3 3  3.5  63  465  107 244 -338  2
4184500 2653500  4  8 11   6.5  981 310  5.7 3  3.5  58  553  120 257 -344  2
4184500 2653500  4  8 12   7.4  981 315  6.5 4  3.6  57  514  179 265 -347  2
4184500 2653500  4  8 13   7.2  981 312  6.4 4  3.8  58  335  282 271 -351  2
4184500 2653500  4  8 14   7.4  981 317  6.5 7  3.9  60   54  296 287 -354  2
4184500 2653500  4  8 15   7.6  981 310  6.7 8  4.2  62    0  163 306 -354  2
4184500 2653500  4  8 16   5.9  980 320  6.3 8  4.4  70    0   81 309 -354  2
4184500 2653500  4  8 17   5.9  980 317  5.0 8  4.7  79    0   59 306 -354  2
4184500 2653500  4  8 18   5.5  979 317  4.4 8  4.9  83    0   53 306 -351  2
4184500 2653500  4  8 19   5.5  979 307  3.4 8  4.9  85    0   12 306 -349  2
4184500 2653500  4  8 20   5.3  979 321  2.3 8  4.9  86    0    0 305 -347  2
4184500 2653500  4  8 21   4.8  980 325  2.7 8  4.9  87    0    0 304 -345  2
4184500 2653500  4  8 22   4.2  980 310  2.9 8  4.8  89    0    0 301 -345  2
4184500 2653500  4  8 23   4.2  980 301  2.5 8  4.8  90    0    0 299 -344  2
4184500 2653500  4  8 24   4.2  980 311  3.0 8  4.8  91    0    0 298 -344  2
4184500 2653500  4  9  1   4.4  980 313  3.8 8  4.8  91    0    0 298 -344  2
4184500 2653500  4  9  2   4.0  980 330  4.2 8  4.8  91    0    0 297 -343  2
4184500 2653500  4  9  3   3.4  979 318  3.7 8  4.8  93    0    0 296 -342  2
4184500 2653500  4  9  4   3.1  979 326  3.7 8  4.7  94    0    0 295 -341  2
4184500 2653500  4  9  5   3.0  979 315  3.0 8  4.6  93    0    0 293 -339  2
4184500 2653500  4  9  6   2.7  979 318  2.5 8  4.5  93    0    0 292 -338  2
4184500 2653500  4  9  7   2.7  979 306  2.8 8  4.5  94    2   37 290 -337  2
4184500 2653500  4  9  8   3.1  979 314  1.9 8  4.5  93    3   90 290 -339  2
4184500 2653500  4  9  9   4.2  979 305  2.8 8  4.5  88    3  141 291 -344  2
4184500 2653500  4  9 10   4.5  979 320  2.7 8  4.4  83   26  235 293 -352  2
4184500 2653500  4  9 11   5.2  978 314  2.6 6  4.3  78  229  274 284 -359  2
4184500 2653500  4  9 12   6.7  978 333  2.1 5  4.2  71  418  230 273 -367  2
4184500 2653500  4  9 13   7.3  978 341  1.9 5  3.9  61  183  323 271 -373  2
4184500 2653500  4  9 14   7.9  977 336  2.9 6  3.6  53   26  271 275 -378  2
4184500 2653500  4  9 15   7.5  977 327  2.1 7  3.6  53   43  259 282 -378  2
4184500 2653500  4  9 16   8.0  976   2  2.7 7  3.7  54   27  205 283 -376  2
4184500 2653500  4  9 17   7.7  976 353  2.0 7  3.6  53   32  157 281 -371  2
4184500 2653500  4  9 18   7.4  975 319  1.0 6  3.6  53   20   87 276 -363  2
4184500 2653500  4  9 19   6.1  974 115  1.1 8  3.6  56    0   10 276 -354  2
4184500 2653500  4  9 20   5.4  974  97  1.2 7  3.6  61    0    0 275 -344  2
4184500 2653500  4  9 21   5.0  973 133  1.0 8  3.7  64    0    0 271 -339  2
4184500 2653500  4  9 22   4.0  973 151  1.6 8  3.7  69    0    0 273 -336  2
4184500 2653500  4  9 23   4.4  973 160  1.2 8  3.7  69    0    0 273 -333  2
4184500 2653500  4  9 24   2.9  973 133  1.8 8  3.7  72    0    0 271 -331  2
4184500 2653500  4 10  1   2.5  973 159  2.3 6  3.7  77    0    0 262 -328  2
4184500 2653500  4 10  2   2.4  972 165  2.0 6  3.6  77    0    0 255 -325  2
4184500 2653500  4 10  3   2.0  972 146  1.8 6  3.6  77    0    0 255 -323  2
4184500 2653500  4 10  4   2.4  971 137  1.8 5  3.5  75    0    0 252 -322  2
4184500 2653500  4 10  5   2.8  971 137  1.6 6  3.4  72    0    0 253 -321  2
4184500 2653500  4 10  6   2.3  970 136  0.9 6  3.4  71    0    3 256 -320  2
4184500 2653500  4 10  7   2.3  970 136  1.4 8  3.5  74   16   50 265 -320  2
4184500 2653500  4 10  8   4.4  970 121  1.1 5  3.6  72   67  126 265 -324  2
4184500 2653500  4 10  9   5.5  971 114  1.5 6  3.7  66  143  191 261 -332  2
4184500 2653500  4 10 10   7.3  970 113  1.4 7  3.7  60  332  191 275 -341  2
4184500 2653500  4 10 11   7.9  970  66  2.4 6  3.7  55  435  204 279 -350  2
4184500 2653500  4 10 12   8.0  969  82  4.5 5  3.9  56  460  232 273 -356  2
4184500 2653500  4 10 13   8.3  969  88  4.2 6  4.1  59  224  335 277 -359  2
4184500 2653500  4 10 14   7.7  969  80  5.1 8  4.2  61   31  287 291 -360  2
4184500 2653500  4 10 15   8.6  969  88  5.7 8  4.3  62    5  212 299 -359  2
4184500 2653500  4 10 16   7.9  968  84  5.9 8  4.4  62   23  210 300 -355  2
4184500 2653500  4 10 17   8.3  967  85  5.1 6  4.3  61  119  164 292 -348  2
4184500 2653500  4 10 18   7.7  967  89  5.4 3  4.3  62   85   89 275 -339  2
4184500 2653500  4 10 19   6.5  967  93  4.2 4  4.3  66   10   28 266 -330  2
4184500 2653500  4 10 20   5.3  967  86  3.7 5  4.4  73    0    0 270 -323  2
4184500 2653500  4 10 21   4.8  967  79  3.7 4  4.5  79    0    0 269 -320  2
4184500 2653500  4 10 22   4.2  967  86  4.1 2  4.4  81    0    0 257 -319  2
4184500 2653500  4 10 23   3.9  967  80  3.0 2  4.3  81    0    0 246 -316  2
4184500 2653500  4 10 24   3.5  967  85  3.8 3  4.3  82    0    0 250 -314  2
4184500 2653500  4 11  1   2.9  966  91  4.2 3  4.2  84    0    0 253 -313  2
4184500 2653500  4 11  2   2.6  966  84  2.5 5  4.1  85    0    0 260 -312  2
4184500 2653500  4 11  3   2.5  966  65  1.7 6  4.0  84    0    0 272 -312  2
4184500 2653500  4 11  4   1.9  965  61  1.7 4  3.9  84    0    0 265 -311  2
4184500 2653500  4 11  5   1.4  965  70  2.0 3  3.8  85    0    0 250 -310  2
4184500 2653500  4 11  6   0.8  965  73  1.8 3  3.8  88    1    6 243 -309  2
4184500 2653500  4 11  7   0.8  965  54  1.7 2  3.8  90   67   44 237 -308  2
4184500 2653500  4 11  8   2.3  965  54  2.0 4  3.9  88  209   72 243 -311  2
4184500 2653500  4 11  9   3.6  965  62  2.6 4  4.0  82  411   56 257 -317  2
4184500 2653500  4 11 10   5.7  966  42  2.9 3  4.1  74  571   50 256 -325  2
4184500 2653500  4 11 11   6.9  965  61  4.5 5  4.2  68  239  257 267 -334  2
4184500 2653500  4 11 12   8.5  964  62  5.2 6  4.3  62   46  301 289 -342  2
4184500 2653500  4 11 13   8.7  964  77  5.2 7  4.1  56    1  224 303 -350  2
4184500 2653500  4 11 14   8.8  964  70  5.8 8  4.0  54    0  162 314 -355  2
4184500 2653500  4 11 15   8.9  963  75  5.7 7  4.0  54    7  213 313 -357  2
4184500 2653500  4 11 16   8.8  963  67  5.0 6  3.9  53    1  155 301 -355  2
4184500 2653500  4 11 17   8.7  962  66  3.8 7  3.9  54    2  118 300 -350  2
4184500 2653500  4 11 18   8.1  962  66  3.2 7  4.0  55   14   84 303 -342  2
4184500 2653500  4 11 19   7.6  962  90  3.5 6  4.0  58    3   25 295 -333  2
4184500 2653500  4 11 20   6.7  960  92  2.9 5  4.0  60    0    0 282 -325  2
4184500 2653500  4 11 21   5.4  960 107  2.0 5  4.0  66    0    0 273 -320  2
4184500 2653500  4 11 22   4.3  961 105  0.7 3  4.0  71    0    0 259 -319  2
4184500 2653500  4 11 23   3.7  960 132  0.7 2  3.9  74    0    0 242 -317  2
4184500 2653500  4 11 24   2.8  960 151  1.2 1  3.9  77    0    0 231 -313  2
4184500 2653500  4 12  1   1.6  960 155  1.4 0  3.8  81    0    0 219 -312  2
4184500 2653500  4 12  2   1.2  959  69  1.6 1  3.8  86    0    0 216 -311  2
4184500 2653500  4 12  3   0.7  958 117  0.9 1  3.8  88    0    0 218 -311  2
4184500 2653500  4 12  4   1.0  958 165  1.2 1  3.7  87    0    0 217 -311  2
4184500 2653500  4 12  5   1.0  957 189  0.7 2  3.7  86    0    0 220 -310  2
4184500 2653500  4 12  6  -0.1  956 170  1.5 3  3.7  88    0    7 228 -309  2
4184500 2653500  4 12  7   0.2  955 177  0.7 5  3.6  90   56   54 241 -309  2
4184500 2653500  4 12  8   1.5  956 157  0.8 4  3.9  90  165   90 247 -313  2
4184500 2653500  4 12  9   5.6  955 239  0.5 5  4.2  80  254  137 255 -320  2
4184500 2653500  4 12 10   7.3  955 131  1.4 6  4.3  68  193  245 275 -329  2
4184500 2653500  4 12 11   8.9  954 103  1.3 6  4.4  62  221  291 285 -334  2
4184500 2653500  4 12 12  10.0  953 196  1.8 6  4.4  56  191  327 289 -338  2
4184500 2653500  4 12 13   9.3  953 296  2.0 7  4.4  56   65  329 297 -349  2
4184500 2653500  4 12 14  10.9  952 333  1.4 8  4.6  57    0  195 310 -359  2
4184500 2653500  4 12 15   8.3  952 104  2.0 8  4.9  62    0  111 316 -362  2
4184500 2653500  4 12 16   7.5  951 359  1.5 7  5.2  74    0   90 306 -359  2
4184500 2653500  4 12 17   7.4  951 179  2.7 8  5.5  80    0   60 305 -352  2
4184500 2653500  4 12 18   6.6  951 268  1.3 8  5.6  84    0   19 310 -345  2
4184500 2653500  4 12 19   6.5  950 276  0.6 8  5.6  86    0   13 310 -336  2
4184500 2653500  4 12 20   5.9  950 183  1.1 4  5.5  87    0    0 288 -327  2
4184500 2653500  4 12 21   4.6  951 202  1.6 3  5.3  90    0    0 259 -321  2
4184500 2653500  4 12 22   4.5  950 189  2.0 4  5.2  93    0    0 258 -319  2
4184500 2653500  4 12 23   4.1  950 185  2.1 3  5.2  94    0    0 258 -318  2
4184500 2653500  4 12 24   4.1  950 190  2.2 2  5.0  93    0    0 247 -315  2
4184500 2653500  4 13  1   3.9  949 161  1.6 4  4.8  89    0    0 253 -313  2
4184500 2653500  4 13  2   3.7  948 141  2.2 4  4.7  89    0    0 263 -314  2
4184500 2653500  4 13  3   3.8  948 127  1.6 4  4.7  88    0    0 264 -314  2
4184500 2653500  4 13  4   4.1  948 129  2.7 4  4.6  86    0    0 266 -313  2
4184500 2653500  4 13  5   4.8  947 136  2.6 4  4.7  84    0    0 267 -312  2
4184500 2653500  4 13  6   4.7  947 133  2.7 7  4.8  84    0    3 286 -311  2
4184500 2653500  4 13  7   5.8  946 152  3.6 7  5.1  87    0   38 305 -312  2
4184500 2653500  4 13  8   7.4  946 149  3.2 7  5.5  85   11   89 310 -316  2
4184500 2653500  4 13  9   7.6  946 114  3.2 7  5.7  82    0  118 313 -324  2
4184500 2653500  4 13 10   8.1  946  23  3.1 8  5.7  81    0  131 319 -335  2
4184500 2653500  4 13 11   8.6  946 288  3.1 8  5.7  78    0  143 326 -350  2
4184500 2653500  4 13 12   8.1  946 294  5.7 8  5.8  79    0  137 328 -366  2
4184500 2653500  4 13 13   7.2  947 312  5.7 7  5.8  83    0  182 320 -376  2
4184500 2653500  4 13 14   7.7  947 307  5.5 8  5.7  83    7  210 318 -379  2
4184500 2653500  4 13 15   7.5  948 312  9.1 8  5.3  76    0  138 322 -380  2
4184500 2653500  4 13 16   6.4  949 319  8.0 8  4.7  71    3  150 319 -377  2
4184500 2653500  4 13 17   6.2  949 330  7.8 6  4.5  72   19  117 304 -372  2
4184500 2653500  4 13 18   7.3  950 334  5.5 6  4.4  67    0   65 292 -363  2
4184500 2653500  4 13 19   7.3  950 208  7.3 5  4.2  61   27   17 286 -354  2
4184500 2653500  4 13 20   5.8  951 220  6.1 3  4.0  62    0    0 267 -345  2
4184500 2653500  4 13 21   4.0  952 207  4.4 1  3.8  66    0    0 240 -336  2
4184500 2653500  4 13 22   3.3  952 198  4.5 0  3.8  72    0    0 220 -330  2
4184500 2653500  4 13 23   3.1  952 197  4.5 0  3.7  72    0    0 214 -328  2
4184500 2653500  4 13 24   3.0  952 197  1.7 1  3.6  72    0    0 218 -330  2
4184500 2653500  4 14  1   2.7  952 157  3.5 3  3.8  76    0    0 235 -331  2
4184500 2653500  4 14  2   3.4  953 174  4.0 4  4.1  82    0    0 253 -332  2
4184500 2653500  4 14  3   3.3  952 199  4.4 5  4.3  84    0    0 264 -333  2
4184500 2653500  4 14  4   3.7  952 188  4.0 6  4.3  83    0    0 275 -333  2
4184500 2653500  4 14  5   4.0  951 188  6.1 8  4.3  80    0    0 290 -334  2
4184500 2653500  4 14  6   4.0  951 196  6.0 8  4.4  81    1    9 301 -335  2
4184500 2653500  4 14  7   4.5  952 213  5.9 7  4.5  83    1   45 297 -335  2
4184500 2653500  4 14  8   4.9  952 221  6.0 7  4.5  80    2   96 293 -337  2
4184500 2653500  4 14  9   5.7  953 220  6.7 7  4.5  76    5  156 295 -341  2
4184500 2653500  4 14 10   6.5  954 231  8.1 5  4.5  72   20  228 287 -347  2
4184500 2653500  4 14 11   6.7  954 219  7.2 6  4.4  68   47  281 284 -353  2
4184500 2653500  4 14 12   8.1  955 226  7.9 6  4.3  63  158  306 292 -357  2
4184500 2653500  4 14 13   8.8  955 229  7.9 6  4.3  58  227  298 296 -361  2
4184500 2653500  4 14 14  10.5  955 207  8.4 3  4.3  54  368  220 288 -362  2
4184500 2653500  4 14 15  11.0  954 238  7.2 4  4.1  48  392  164 283 -362  2
4184500 2653500  4 14 16  10.7  953 209  7.4 4  3.9  45  168  199 282 -360  2
4184500 2653500  4 14 17  10.5  953 244  6.7 5  3.8  46   66  156 281 -354  2
4184500 2653500  4 14 18   9.6  954 176  6.2 5  4.0  50   50   87 281 -351  2
4184500 2653500  4 14 19   8.5  953 194  5.0 6  4.3  57    0   16 283 -346  2
4184500 2653500  4 14 20   6.6  954 192  4.8 3  4.6  67    0    0 269 -340  2
4184500 2653500  4 14 21   5.8  955 148  6.3 3  4.6  74    0    0 250 -334  2
4184500 2653500  4 14 22   5.7  955 151  5.9 4  4.6  76    0    0 253 -330  2
4184500 2653500  4 14 23   5.9  955 176  4.6 5  4.7  76    0    0 266 -328  2
4184500 2653500  4 14 24   6.6  955 175  6.0 7  4.7  75    0    0 282 -328  2
4184500 2653500  4 15  1   6.7  955 164  6.5 7  4.8  74    0    0 292 -330  2
4184500 2653500  4 15  2   6.4  955 205  5.8 7  4.9  76    0    0 291 -331  2
4184500 2653500  4 15  3   6.5  955 191  3.3 7  5.0  78    0    0 292 -332  2
4184500 2653500  4 15  4   5.5  955 163  5.5 7  5.0  81    0    0 291 -333  2
4184500 2653500  4 15  5   5.5  954 206  5.6 6  4.9  82    0    0 286 -330  2
4184500 2653500  4 15  6   5.1  955 186  4.1 7  4.9  83    6    9 286 -326  2
4184500 2653500  4 15  7   5.6  955 192  5.0 8  4.9  84   49   30 296 -327  2
4184500 2653500  4 15  8   6.3  956 213  5.0 7  5.0  81    0   70 296 -335  2
4184500 2653500  4 15  9   6.8  957 217  5.4 8  5.0  79    0  111 296 -345  2
4184500 2653500  4 15 10   7.3  957 195  4.9 8  5.1  77    0  144 300 -352  2
4184500 2653500  4 15 11   7.6  957 144  5.9 8  5.0  74    0  127 301 -353  2
4184500 2653500  4 15 12   8.0  957 208  6.5 7  5.0  72    0  122 300 -359  2
4184500 2653500  4 15 13   8.4  957 222  5.4 8  5.1  71    0  130 304 -371  2
4184500 2653500  4 15 14   8.4  957 225  5.2 8  5.1  70    0   96 313 -381  2
4184500 2653500  4 15 15   8.2  957 199  4.4 8  5.1  70    0  118 315 -386  2
4184500 2653500  4 15 16   7.5  957 204  1.9 8  5.3  75    0  154 314 -382  2
4184500 2653500  4 15 17   7.8  956 177  1.8 7  5.5  79   22  135 308 -378  2
4184500 2653500  4 15 18   7.8  956 231  0.7 6  5.6  80   51   71 299 -376  2
4184500 2653500  4 15 19   7.5  956 226  0.1 8  5.7  83    0   20 304 -372  2
4184500 2653500  4 15 20   6.8  956 235  0.3 7  5.7  85    0    0 310 -366  2
4184500 2653500  4 15 21   6.2  956 341  1.3 7  5.7  89    0    0 302 -362  2
4184500 2653500  4 15 22   6.1  957 319  1.5 7  5.7  92    0    0 302 -360  2
4184500 2653500  4 15 23   5.6  956 269  1.3 6  5.7  93    0    0 297 -359  2
4184500 2653500  4 15 24   4.7  956 196  1.2 3  5.5  94    0    0 271 -357  2
4184500 2653500  4 16  1   5.3  956 206  0.4 4  5.3  92    0    0 260 -355  2
4184500 2653500  4 16  2   4.2  956 134  1.5 3  5.2  92    0    0 260 -353  2
4184500 2653500  4 16  3   3.5  955 123  0.2 1  5.1  96    0    0 240 -351  2
4184500 2653500  4 16  4   4.1  955 134  2.1 1  5.1  96    0    0 227 -350  2
4184500 2653500  4 16  5   3.5  954 143  1.3 3  5.0  94    0    0 240 -350  2
4184500 2653500  4 16  6   3.2  954 143  1.9 2  4.9  95    3   13 245 -350  2
4184500 2653500  4 16  7   5.3  954 140  2.3 1  5.1  92   72   60 236 -352  2
4184500 2653500  4 16  8   7.0  954 147  3.7 1  5.6  90  231   75 237 -357  2
4184500 2653500  4 16  9  11.2  953 149  5.1 2  6.1  80  314  109 255 -363  2
4184500 2653500  4 16 10  13.8  953 155  5.0 7  6.4  67  198  239 296 -364  2
4184500 2653500  4 16 11  15.3  953 154  5.2 7  6.5  60  231  282 329 -363  2
4184500 2653500  4 16 12  16.3  953 165  3.3 6  6.6  56  306  286 329 -364  2
4184500 2653500  4 16 13  18.1  953 164  3.0 6  6.5  50  441  233 330 -363  2
4184500 2653500  4 16 14  18.9  953 186  5.3 6  6.4  46  490  185 336 -363  2
4184500 2653500  4 16 15  18.6  952 165  5.1 8  6.4  45  181  271 347 -366  2
4184500 2653500  4 16 16  17.8  952 209  5.1 7  6.6  47    3  175 349 -367  2
4184500 2653500  4 16 17  12.2  952 250  4.9 7  6.8  60    0  114 334 -365  2
4184500 2653500  4 16 18  10.9  953 266  5.2 6  6.9  76    0   49 320 -361  2
4184500 2653500  4 16 19   9.9  954 260  3.5 8  6.8  81    0    3 320 -356  2
4184500 2653500  4 16 20   8.8  955 248  4.0 6  6.3  81    0    0 314 -350  2
4184500 2653500  4 16 21   8.2  955 226  2.2 8  5.8  79    0    0 308 -344  2
4184500 2653500  4 16 22   7.8  956 245  2.6 8  5.6  79    0    0 314 -340  2
4184500 2653500  4 16 23   7.8  956 216  3.3 8  5.4  77    0    0 311 -337  2
4184500 2653500  4 16 24   7.4  957 214  3.0 6  5.2  75    0    0 300 -335  2
4184500 2653500  4 17  1   6.9  957 211  4.1 6  5.1  76    0    0 289 -333  2
4184500 2653500  4 17  2   6.7  957 205  4.9 4  5.0  77    0    0 279 -332  2
4184500 2653500  4 17  3   6.4  958 215  3.5 6  5.0  78    0    0 279 -330  2
4184500 2653500  4 17  4   5.9  957 213  2.4 4  4.9  78    0    0 276 -329  2
4184500 2653500  4 17  5   5.6  957 207  3.9 6  4.8  79    0    0 275 -327  2
4184500 2653500  4 17  6   5.3  957 173  3.3 6  4.7  80    0    6 280 -325  2
4184500 2653500  4 17  7   5.9  958 196  3.4 4  4.7  78   61   65 271 -327  2
4184500 2653500  4 17  8   7.5  959 179  5.3 1  4.7  73  234   81 253 -334  2
4184500 2653500  4 17  9   8.9  959 212  7.0 1  4.6  65  396   86 245 -346  2
4184500 2653500  4 17 10   9.9  959 223  7.9 1  4.5  58  514  100 249 -360  2
4184500 2653500  4 17 11  11.0  958 232  8.2 1  4.4  53  602  110 254 -373  2
4184500 2653500  4 17 12  11.9  958 233  6.9 1  4.2  48  659  113 258 -385  2
4184500 2653500  4 17 13  13.6  958 231  6.4 2  4.2  43  656  123 268 -393  2
4184500 2653500  4 17 14  14.4  958 220  5.5 1  4.1  40  633  113 273 -398  2
4184500 2653500  4 17 15  15.4  958 230  5.0 1  4.0  36  536  119 276 -399  2
4184500 2653500  4 17 16  15.6  958 192  3.7 2  4.1  35  277  182 282 -395  2
4184500 2653500  4 17 17  15.7  957 205  4.5 4  4.1  35  237  119 293 -389  2
4184500 2653500  4 17 18  15.3  957 166  4.0 5  4.3  37  111   85 303 -381  2
4184500 2653500  4 17 19  13.4  957 151  1.9 6  4.4  41   13   33 305 -370  2
4184500 2653500  4 17 20  12.1  957 136  1.3 6  4.4  46    0    0 303 -360  2
4184500 2653500  4 17 21  10.3  957 129  1.3 5  4.5  52    0    0 296 -353  2
4184500 2653500  4 17 22   9.5  957 134  1.2 1  4.5  56    0    0 274 -351  2
4184500 2653500  4 17 23   8.2  957 122  1.0 1  4.4  59    0    0 253 -351  2
4184500 2653500  4 17 24   8.0  957 132  2.3 2  4.2  59    0    0 254 -352  2
4184500 2653500  4 18  1   7.9  956 145  2.4 2  4.1  58    0    0 256 -352  2
4184500 2653500  4 18  2   7.9  955 137  2.1 2  4.1  58    0    0 255 -351  2
4184500 2653500  4 18  3   7.3  955 108  1.7 3  4.2  61    0    0 254 -351  2
4184500 2653500  4 18  4   6.9  954 142  2.0 4  4.4  66    0    0 258 -352  2
4184500 2653500  4 18  5   7.2  954 131  2.7 3  4.5  68    0    0 253 -352  2
4184500 2653500  4 18  6   7.0  954 149  3.7 4  4.8  72    0    6 246 -352  2
4184500 2653500  4 18  7   8.9  954 145  3.9 6  5.0  70    1   42 266 -353  2
4184500 2653500  4 18  8  10.6  954 140  3.3 5  5.1  64   59  139 278 -357  2
4184500 2653500  4 18  9  12.5  955 158  4.1 6  5.3  59   73  209 281 -365  2
4184500 2653500  4 18 10  14.3  955 167  2.0 7  5.4  53  162  263 306 -376  2
4184500 2653500  4 18 11  17.1  955 164  5.4 5  5.4  46  402  238 302 -386  2
4184500 2653500  4 18 12  18.5  955 296  5.3 5  5.5  41  456  247 287 -397  2
4184500 2653500  4 18 13  17.5  956 224  5.5 5  5.8  43  431  267 292 -407  2
4184500 2653500  4 18 14  17.6  956 245  5.8 6  6.1  46  319  293 311 -413  2
4184500 2653500  4 18 15  17.5  957 283  6.0 5  6.2  47  348  235 317 -414  2
4184500 2653500  4 18 16  16.5  958 262  6.3 4  6.5  51  137  238 300 -410  2
4184500 2653500  4 18 17  15.5  959 263  5.9 7  6.6  55   20  164 315 -405  2
4184500 2653500  4 18 18  14.0  960 282  4.4 7  6.7  60    4   84 335 -398  2
4184500 2653500  4 18 19  12.5  961 276  5.5 8  6.6  66    0   21 339 -390  2
4184500 2653500  4 18 20  11.5  961 268  4.9 8  6.3  68    0    0 343 -382  2
4184500 2653500  4 18 21  10.7  962 263  4.9 8  6.1  70    0    0 340 -375  2
4184500 2653500  4 18 22  10.1  962 259  4.5 8  6.0  73    0    0 338 -371  2
4184500 2653500  4 18 23   9.4  963 249  4.0 7  5.8  74    0    0 338 -371  2
4184500 2653500  4 18 24   8.4  964 234  3.3 6  5.5  74    0    0 336 -370  2
4184500 2653500  4 19  1   7.4  965 227  2.7 4  5.2  75    0    0 273 -361  2
4184500 2653500  4 19  2   6.5  964 224  2.0 3  4.9  75    0    0 260 -361  2
4184500 2653500  4 19  3   5.7  964 217  1.6 1  4.6  76    0    0 247 -359  2
4184500 2653500  4 19  4   5.1  965 224  1.5 0  4.6  78    0    0 236 -357  2
4184500 2653500  4 19  5   5.4  965 225  1.8 1  4.6  78    0    0 229 -358  2
4184500 2653500  4 19  6   4.3  965 239  2.1 0  4.5  83   12   21 228 -357  2
4184500 2653500  4 19  7   6.3  966 270  1.5 0  4.8  82   89   69 230 -358  2
4184500 2653500  4 19  8   7.7  966 295  2.7 0  5.0  77  217  110 235 -366  2
4184500 2653500  4 19  9   8.7  967 314  2.7 0  5.2  73  350  140 239 -373  2
4184500 2653500  4 19 10  10.6  968   1  2.4 0  5.3  68  462  165 244 -378  2
4184500 2653500  4 19 11  11.9  968   5  2.7 0  5.4  62  546  184 252 -377  2
4184500 2653500  4 19 12  12.7  968 242  2.8 0  5.5  59  591  198 260 -376  2
4184500 2653500  4 19 13  13.9  968   7  3.5 0  5.5  55  585  209 269 -381  2
4184500 2653500  4 19 14  14.1  968 353  4.1 0  5.5  52  539  211 273 -380  2
4184500 2653500  4 19 15  14.2  968 359  4.0 1  5.5  53  438  211 280 -369  2
4184500 2653500  4 19 16  14.1  967 350  3.9 1  5.5  53  313  199 284 -362  2
4184500 2653500  4 19 17  13.5  967 340  4.4 0  5.5  54  170  173 280 -358  2
4184500 2653500  4 19 18  12.3  967 341  4.1 0  5.7  58   71  111 272 -356  2
4184500 2653500  4 19 19  11.3  968   4  3.2 3  5.8  64    8   33 279 -356  2
4184500 2653500  4 19 20  10.0  968 345  2.5 5  5.7  69    0    0 293 -352  2
4184500 2653500  4 19 21   9.1  969  31  2.7 6  5.7  73    0    0 301 -345  2
4184500 2653500  4 19 22   8.7  968  38  2.4 7  5.5  74    0    0 306 -341  2
4184500 2653500  4 19 23   7.9  969  44  2.0 7  5.4  76    0    0 308 -340  2
4184500 2653500  4 19 24   7.9  969  68  2.0 8  5.4  78    0    0 310 -335  2
4184500 2653500  4 20  1   7.2  969 114  1.2 8  5.5  81    0    0 312 -329  2
4184500 2653500  4 20  2   6.8  969 104  1.4 7  5.3  82    0    0 303 -327  2
4184500 2653500  4 20  3   6.3  969  81  0.8 7  5.2  82    0    0 294 -327  2
4184500 2653500  4 20  4   5.8  969  95  1.4 6  5.1  83    0    0 286 -327  2
4184500 2653500  4 20  5   5.3  969  99  0.8 5  5.0  84    0    0 273 -325  2
4184500 2653500  4 20  6   4.7  968 117  0.4 7  4.9  87    0   13 276 -324  2
4184500 2653500  4 20  7   6.4  968  76  0.5 6  5.0  85   20   72 283 -327  2
4184500 2653500  4 20  8   7.4  968  96  0.9 6  5.1  79   42  150 281 -336  2
4184500 2653500  4 20  9   9.2  968   2  1.8 6  5.1  72   66  225 286 -346  2
4184500 2653500  4 20 10  10.7  969 334  2.1 5  5.2  66  213  273 289 -353  2
4184500 2653500  4 20 11  11.6  968  17  1.9 6  5.4  63   54  311 296 -361  2
4184500 2653500  4 20 12  12.6  968 253  2.5 6  5.5  60   28  308 304 -367  2
4184500 2653500  4 20 13  13.2  967 248  3.6 5  5.3  55  153  363 302 -365  2
4184500 2653500  4 20 14  14.4  966 260  3.5 5  5.1  49  164  346 300 -365  2
4184500 2653500  4 20 15  14.7  966 291  3.8 7  5.0  46  124  308 312 -366  2
4184500 2653500  4 20 16  14.3  965 304  3.8 7  4.9  45  104  255 321 -362  2
4184500 2653500  4 20 17  14.1  965 262  3.3 7  4.8  45   54  186 321 -359  2
4184500 2653500  4 20 18  14.1  965 310  2.4 6  4.8  45   11   97 315 -357  2
4184500 2653500  4 20 19  12.6  965 292  2.0 3  4.6  46    3   32 293 -356  2
4184500 2653500  4 20 20  10.1  965 248  3.1 3  4.7  53    0    0 272 -353  2
4184500 2653500  4 20 21   9.3  966 253  3.2 5  4.9  62    0    0 278 -351  2
4184500 2653500  4 20 22   8.4  966 281  3.7 7  5.2  71    0    0 297 -349  2
4184500 2653500  4 20 23   7.7  966 342  2.9 7  5.4  77    0    0 305 -348  2
4184500 2653500  4 20 24   7.5  967 317  2.6 8  5.2  76    0    0 308 -347  2
4184500 2653500  4 21  1   7.3  967 305  2.9 8  4.6  69    0    0 310 -343  2
4184500 2653500  4 21  2   6.7  968 309  3.4 8  4.1  62    0    0 305 -338  2
4184500 2653500  4 21  3   5.5  968 312  2.8 7  3.8  63    0    0 296 -332  2
4184500 2653500  4 21  4   4.2  968 291  3.4 7  3.8  67    0    0 289 -328  2
4184500 2653500  4 21  5   4.1  968 282  4.2 6  3.7  69    0    0 282 -328  2
4184500 2653500  4 21  6   3.7  968 270  4.1 7  3.6  69    4   16 282 -329  2
4184500 2653500  4 21  7   4.5  968 260  5.2 5  3.6  69  100   49 277 -329  2
4184500 2653500  4 21  8   4.8  968 275  7.3 6  3.7  66   99  135 273 -331  2
4184500 2653500  4 21  9   5.7  968 274  7.0 5  3.6  62  162  196 272 -332  2
4184500 2653500  4 21 10   5.6  968 307  6.7 6  3.6  60   64  269 274 -335  2
4184500 2653500  4 21 11   6.2  968 260  6.4 7  3.6  60   31  278 285 -341  2
4184500 2653500  4 21 12   6.0  968 276  5.5 7  3.8  61    0  183 290 -349  2
4184500 2653500  4 21 13   4.7  968 259  5.4 7  4.1  71    0  196 287 -351  2
4184500 2653500  4 21 14   6.6  968 262  6.3 8  4.3  72    0  145 291 -345  2
4184500 2653500  4 21 15   4.6  968 311  5.9 6  4.1  70    1  183 287 -344  2
4184500 2653500  4 21 16   5.8  968 274  5.5 7  4.1  71    1  145 281 -345  2
4184500 2653500  4 21 17   6.4  968 285  5.3 6  3.8  62    9  138 282 -339  2
4184500 2653500  4 21 18   6.3  968 283  6.1 5  3.3  52   26  103 273 -337  2
4184500 2653500  4 21 19   5.6  968 295  5.2 6  3.0  50   11   33 270 -336  2
4184500 2653500  4 21 20   2.5  969 291  3.1 6  3.3  62    0    0 268 -334  2
4184500 2653500  4 21 21   1.8  969 290  1.7 5  3.6  78    0    0 259 -331  2
4184500 2653500  4 21 22   1.3  970 270  2.3 5  3.6  81    0    0 254 -330  2
4184500 2653500  4 21 23   1.2  970 260  2.1 5  3.5  80    0    0 250 -329  2
4184500 2653500  4 21 24   0.7  970 265  2.2 3  3.4  79    0    0 242 -328  2
4184500 2653500  4 22  1  -0.1  971 267  2.4 1  3.3  80    0    0 227 -326  2
4184500 2653500  4 22  2  -0.3  971 267  2.3 1  3.2  82    0    0 220 -322  2
4184500 2653500  4 22  3  -0.7  971 256  2.4 2  3.2  84    0    0 221 -320  2
4184500 2653500  4 22  4  -0.6  971 264  2.8 4  3.2  85    0    0 228 -319  2
4184500 2653500  4 22  5  -1.0  971 253  2.9 3  3.2  86    0    0 229 -318  2
4184500 2653500  4 22  6  -0.6  971 244  2.7 2  3.2  86   20   25 222 -315  2
4184500 2653500  4 22  7   1.1  971 258  2.8 1  3.3  82  113   72 218 -314  2
4184500 2653500  4 22  8   2.8  971 273  3.7 1  3.4  75  236  109 219 -317  2
4184500 2653500  4 22  9   3.7  971 288  4.3 3  3.3  67  213  206 226 -325  2
4184500 2653500  4 22 10   4.6  971 291  4.0 5  3.3  62  345  228 239 -337  2
4184500 2653500  4 22 11   5.4  972 282  3.6 5  3.3  58  485  218 250 -345  2
4184500 2653500  4 22 12   7.3  972 264  2.3 4  3.2  51  608  188 254 -348  2
4184500 2653500  4 22 13   7.6  971 284  2.9 3  3.1  47  626  188 252 -352  2
4184500 2653500  4 22 14   8.4  971 307  3.0 4  3.0  44  575  193 254 -353  2
4184500 2653500  4 22 15   8.8  970 265  3.6 4  3.0  41  488  188 260 -352  2
4184500 2653500  4 22 16   9.2  970 299  3.6 4  2.9  39  371  174 262 -349  2
4184500 2653500  4 22 17   9.2  969  14  2.5 3  2.8  38  243  146 260 -346  2
4184500 2653500  4 22 18   8.6  969 296  1.9 3  2.9  39  112  106 256 -343  2
4184500 2653500  4 22 19   7.1  969  36  2.1 3  3.1  45   16   39 252 -339  2
4184500 2653500  4 22 20   5.7  969 139  1.5 3  3.2  52    0    0 248 -333  2
4184500 2653500  4 22 21   4.7  969 149  1.0 2  3.2  56    0    0 240 -328  2
4184500 2653500  4 22 22   3.8  970 184  0.2 0  3.2  60    0    0 226 -324  2
4184500 2653500  4 22 23   2.9  969 181  1.5 0  3.2  64    0    0 217 -322  2
4184500 2653500  4 22 24   2.0  969 172  1.3 0  3.2  68    0    0 215 -323  2
4184500 2653500  4 23  1   0.7  969 169  0.8 0  3.2  74    0    0 215 -322  2
4184500 2653500  4 23  2   1.4  969 160  1.3 1  3.2  75    0    0 218 -320  2
4184500 2653500  4 23  3  -0.4  969 149  0.9 1  3.2  77    0    0 219 -319  2
4184500 2653500  4 23  4   0.6  969 162  1.0 0  3.1  78    0    0 214 -319  2
4184500 2653500  4 23  5  -0.2  969 164  0.9 0  3.1  77    0    0 210 -318  2
4184500 2653500  4 23  6   0.6  969 176  0.8 0  3.1  77   25   24 209 -318  2
4184500 2653500  4 23  7   2.0  970 157  0.6 0  3.3  75  130   61 211 -319  2
4184500 2653500  4 23  8   5.6  969 153  1.2 0  3.4  65  276   85 216 -322  2
4184500 2653500  4 23  9   7.7  970 156  1.3 0  3.3  52  431   94 222 -329  2
4184500 2653500  4 23 10   9.6  970 158  2.1 0  3.2  44  565   98 228 -338  2
4184500 2653500  4 23 11  11.2  970  75  1.6 0  2.9  36  663  101 233 -348  2
4184500 2653500  4 23 12  12.0  970 268  2.1 0  2.8  32  710  106 239 -358  2
4184500 2653500  4 23 13  13.2  970 134  1.9 0  2.9  31  701  117 245 -366  2
4184500 2653500  4 23 14  13.3  969 143  2.9 1  3.0  30  599  153 252 -372  2
4184500 2653500  4 23 15  13.5  969 124  3.0 2  2.9  30  453  188 260 -374  2
4184500 2653500  4 23 16  14.1  969  31  2.0 3  3.0  30  361  163 269 -372  2
4184500 2653500  4 23 17  13.6  969  57  3.0 3  3.2  32  241  135 274 -368  2
4184500 2653500  4 23 18  13.0  969  42  3.4 2  3.5  35  116   99 271 -362  2
4184500 2653500  4 23 19  10.9  969  59  2.9 2  3.7  41   19   40 266 -353  2
4184500 2653500  4 23 20   9.8  970  78  2.9 1  3.8  46    0    0 259 -345  2
4184500 2653500  4 23 21   8.7  970  77  2.3 0  3.8  50    0    0 249 -339  2
4184500 2653500  4 23 22   7.1  971 133  2.3 0  3.8  55    0    0 243 -336  2
4184500 2653500  4 23 23   6.2  971 130  2.0 0  3.8  60    0    0 241 -336  2
4184500 2653500  4 23 24   5.3  972 157  1.5 0  3.8  64    0    0 238 -335  2
4184500 2653500  4 24  1   4.3  972 154  1.9 0  3.7  67    0    0 235 -335  2
4184500 2653500  4 24  2   4.3  971 152  1.9 0  3.7  68    0    0 233 -336  2
4184500 2653500  4 24  3   3.8  971 165  2.1 0  3.7  69    0    0 231 -335  2
4184500 2653500  4 24  4   2.4  972 178  2.4 0  3.6  74    0    0 228 -334  2
4184500 2653500  4 24  5   2.0  972 201  1.8 1  3.6  77    0    0 229 -334  2
4184500 2653500  4 24  6   4.1  972 206  1.6 2  3.6  73   21   27 238 -334  2
4184500 2653500  4 24  7   5.1  973 193  0.9 2  3.8  70  112   74 246 -337  2
4184500 2653500  4 24  8   8.7  974  39  1.3 2  4.1  64  239  110 251 -342  2
4184500 2653500  4 24  9  11.1  974  22  1.5 3  4.1  52  368  139 263 -349  2
4184500 2653500  4 24 10  13.1  975  35  2.4 3  4.0  44  484  162 274 -358  2
4184500 2653500  4 24 11  14.5  975  47  2.8 2  4.0  40  569  177 276 -368  2
4184500 2653500  4 24 12  15.7  975  64  2.6 1  4.0  36  613  190 273 -376  2
4184500 2653500  4 24 13  16.2  974 352  2.5 1  3.9  33  603  204 273 -382  2
4184500 2653500  4 24 14  16.8  974  20  2.7 2  3.8  32  559  205 278 -387  2
4184500 2653500  4 24 15  17.1  974  41  3.1 3  3.9  32  409  236 286 -390  2
4184500 2653500  4 24 16  17.0  974  31  3.8 4  4.0  32  339  194 294 -390  2
4184500 2653500  4 24 17  16.4  974  37  4.9 4  4.0  33  208  165 296 -388  2
4184500 2653500  4 24 18  15.1  975  37  4.7 4  4.1  36   95  115 292 -382  2
4184500 2653500  4 24 19  13.6  975  70  3.6 4  4.2  40   11   41 288 -372  2
4184500 2653500  4 24 20  12.6  976  87  2.9 4  4.2  44    0    0 283 -361  2
4184500 2653500  4 24 21  11.2  976  92  2.0 4  4.2  47    0    0 279 -353  2
4184500 2653500  4 24 22  10.2  976 113  1.9 4  4.3  52    0    0 274 -350  2
4184500 2653500  4 24 23   9.2  977 128  1.6 4  4.4  57    0    0 272 -346  2
4184500 2653500  4 24 24   8.6  977 114  1.8 4  4.4  60    0    0 270 -341  2
4184500 2653500  4 25  1   8.1  978 137  1.7 3  4.3  61    0    0 264 -338  2
4184500 2653500  4 25  2   7.0  978 132  1.8 4  4.2  63    0    0 262 -335  2
4184500 2653500  4 25  3   6.2  978 133  1.3 4  4.3  68    0    0 261 -333  2
4184500 2653500  4 25  4   5.3  977 128  1.6 4  4.3  73    0    0 258 -332  2
4184500 2653500  4 25  5   5.0  977 130  1.9 4  4.3  75    0    0 255 -331  2
4184500 2653500  4 25  6   6.6  977 128  1.3 4  4.4  73   22   25 256 -330  2
4184500 2653500  4 25  7   8.4  979 127  1.4 3  4.6  69  128   66 256 -334  2
4184500 2653500  4 25  8  12.0  979 132  1.0 3  4.9  61  273   93 259 -344  2
4184500 2653500  4 25  9  14.7  979 159  1.3 2  5.0  51  423  107 262 -361  2
4184500 2653500  4 25 10  16.8  979 155  2.4 1  4.9  42  545  118 266 -379  2
4184500 2653500  4 25 11  18.0  979 128  2.8 0  4.7  37  637  125 267 -396  2
4184500 2653500  4 25 12  19.2  978 140  3.7 0  4.5  33  688  131 269 -409  2
4184500 2653500  4 25 13  20.2  979 147  3.3 1  4.4  30  684  140 275 -418  2
4184500 2653500  4 25 14  20.4  978 137  3.4 1  4.5  29  649  137 280 -424  2
4184500 2653500  4 25 15  20.6  978 100  3.0 1  4.5  29  534  150 281 -425  2
4184500 2653500  4 25 16  20.2  977 132  2.9 4  4.6  30  206  243 288 -423  2
4184500 2653500  4 25 17  20.1  977 156  3.3 4  4.8  32  149  182 294 -416  2
4184500 2653500  4 25 18  19.5  977 144  2.9 3  4.9  33  120  101 289 -405  2
4184500 2653500  4 25 19  17.5  976 109  2.5 3  4.9  36   24   43 283 -391  2
4184500 2653500  4 25 20  15.5  976 117  2.1 4  5.0  41    0    0 279 -378  2
4184500 2653500  4 25 21  14.8  976 123  1.8 4  4.9  44    0    0 276 -369  2
4184500 2653500  4 25 22  12.9  977 116  0.9 4  5.0  49    0    0 273 -363  2
4184500 2653500  4 25 23  12.8  977 117  1.8 4  4.9  51    0    0 269 -360  2
4184500 2653500  4 25 24  11.6  976 111  1.7 4  4.8  52    0    0 268 -359  2
4184500 2653500  4 26  1  11.5  976 119  1.0 4  4.8  55    0    0 267 -358  2
4184500 2653500  4 26  2  11.9  976 125  1.3 6  4.8  54    0    0 267 -357  2
4184500 2653500  4 26  3  11.6  975 124  1.2 5  4.9  55    0    0 268 -356  2
4184500 2653500  4 26  4  10.5  974 121  1.9 4  5.0  59    0    0 270 -356  2
4184500 2653500  4 26  5  10.7  974 125  2.5 4  5.1  61    0    0 271 -356  2
4184500 2653500  4 26  6  11.1  974 123  1.9 4  5.2  62   29   22 274 -356  2
4184500 2653500  4 26  7  13.5  975 143  2.1 3  5.6  61  103   58 277 -359  2
4184500 2653500  4 26  8  13.6  975 269  4.4 2  5.9  59  256   74 278 -366  2
4184500 2653500  4 26  9  14.0  976 290  5.0 4  6.3  62  226  181 281 -380  2
4184500 2653500  4 26 10  13.1  976 276  4.8 7  6.6  66    0  144 288 -397  2
4184500 2653500  4 26 11  11.2  976 241  5.5 8  6.7  73    0   80 292 -412  2
4184500 2653500  4 26 12  11.2  976 241  3.8 7  7.1  82    5  242 295 -423  2
4184500 2653500  4 26 13  12.2  977 240  5.0 8  7.2  81   13  268 301 -430  2
4184500 2653500  4 26 14  14.1  977 263  4.4 5  7.2  74  531  181 303 -435  2
4184500 2653500  4 26 15  14.5  976 272  4.4 5  7.1  67  138  292 299 -436  2
4184500 2653500  4 26 16  15.9  976 263  4.7 5  6.8  61  114  243 302 -433  2
4184500 2653500  4 26 17  15.3  976 269  3.8 2  6.4  56  221  140 293 -426  2
4184500 2653500  4 26 18  14.9  976 324  2.7 4  6.2  56   71  110 287 -416  2
4184500 2653500  4 26 19  13.5  976 281  2.5 5  6.3  60    1   33 298 -404  2
4184500 2653500  4 26 20  12.7  976 270  1.7 6  6.5  66    0    0 304 -388  2
4184500 2653500  4 26 21  11.8  977 285  2.5 6  6.4  70    0    0 307 -378  2
4184500 2653500  4 26 22  10.2  977 237  2.2 6  6.4  76    0    0 304 -375  2
4184500 2653500  4 26 23   9.7  977  15  2.9 7  6.5  82    0    0 308 -372  2
4184500 2653500  4 26 24  10.3  978 276  3.2 8  6.5  82    0    0 319 -372  2
4184500 2653500  4 27  1   9.6  978 238  2.0 7  6.5  82    0    0 320 -371  2
4184500 2653500  4 27  2   9.2  978 274  1.8 6  6.4  84    0    0 309 -371  2
4184500 2653500  4 27  3   8.9  978 254  2.0 7  6.4  86    0    0 309 -372  2
4184500 2653500  4 27  4   9.0  978 271  2.8 8  6.4  87    0    0 322 -372  2
4184500 2653500  4 27  5   8.7  978 282  2.7 8  6.4  87    0    0 329 -371  2
4184500 2653500  4 27  6   8.7  978 314  2.3 8  6.4  89    0    7 329 -370  2
4184500 2653500  4 27  7   8.9  979 317  2.4 8  6.6  90    0   36 331 -369  2
4184500 2653500  4 27  8   9.9  979 288  3.1 8  6.6  87    0   79 334 -369  2
4184500 2653500  4 27  9  10.4  979 280  3.1 8  6.6  83    2  156 338 -371  2
4184500 2653500  4 27 10  11.4  980 282  3.3 7  6.6  79    6  209 335 -376  2
4184500 2653500  4 27 11  12.3  980 289  3.4 7  6.6  74   10  244 334 -382  2
4184500 2653500  4 27 12  12.3  980 298  3.5 6  6.4  70   59  321 329 -394  2
4184500 2653500  4 27 13  13.2  981 296  3.7 6  6.3  66   19  286 323 -402  2
4184500 2653500  4 27 14  13.1  980 317  4.5 6  6.3  64   44  305 322 -403  2
4184500 2653500  4 27 15  13.7  980 292  3.5 6  6.2  62   39  268 321 -408  2
4184500 2653500  4 27 16  14.0  980 330  3.9 7  6.0  59   47  238 323 -409  2
4184500 2653500  4 27 17  13.7  980   1  4.5 7  5.8  57   56  187 325 -405  2
4184500 2653500  4 27 18  13.3  980  28  4.0 4  5.5  55   90  110 313 -397  2
4184500 2653500  4 27 19  12.0  980  12  2.7 4  5.6  59   25   43 299 -386  2
4184500 2653500  4 27 20  11.0  980  54  1.9 3  5.6  64    0    0 290 -373  2
4184500 2653500  4 27 21  10.2  980 116  0.5 3  5.5  66    0    0 282 -363  2
4184500 2653500  4 27 22   9.2  981 142  1.1 2  5.4  70    0    0 273 -355  2
4184500 2653500  4 27 23   6.6  981 195  1.5 1  5.3  78    0    0 259 -348  2
4184500 2653500  4 27 24   6.4  981 190  1.9 0  5.2  84    0    0 245 -343  2
4184500 2653500  4 28  1   6.7  981 325  2.6 1  5.2  83    0    0 243 -339  2
4184500 2653500  4 28  2   5.4  981 307  1.8 1  5.2  86    0    0 245 -335  2
4184500 2653500  4 28  3   5.5  981 271  2.4 2  5.1  88    0    0 245 -332  2
4184500 2653500  4 28  4   5.1  981 222  2.1 2  5.0  87    0    0 247 -329  2
4184500 2653500  4 28  5   4.2  981 270  1.7 2  4.9  90    0    0 244 -326  2
4184500 2653500  4 28  6   5.3  981 249  1.8 1  4.9  89   29   28 237 -324  2
4184500 2653500  4 28  7   6.5  981 148  2.0 0  5.2  88  127   78 230 -330  2
4184500 2653500  4 28  8  10.9  982 164  1.7 1  5.7  79  245  114 236 -346  2
4184500 2653500  4 28  9  12.6  981 164  2.5 4  5.8  66  363  144 262 -366  2
4184500 2653500  4 28 10  13.8  982   5  2.9 3  5.6  57  469  173 275 -387  2
4184500 2653500  4 28 11  14.9  982 333  2.1 2  5.4  51  582  177 274 -404  2
4184500 2653500  4 28 12  15.5  981 299  2.3 1  5.1  46  646  179 274 -418  2
4184500 2653500  4 28 13  16.4  981 344  1.9 1  4.7  40  651  182 275 -423  2
4184500 2653500  4 28 14  17.3  980 168  1.8 1  4.7  38  606  183 279 -427  2
4184500 2653500  4 28 15  17.7  979 305  2.1 2  4.8  37  515  181 285 -430  2
4184500 2653500  4 28 16  18.4  978 312  1.9 3  4.7  36  392  171 293 -429  2
4184500 2653500  4 28 17  18.7  978 227  1.2 3  4.7  34  249  150 297 -424  2
4184500 2653500  4 28 18  17.9  978 198  1.4 3  4.9  36  121  108 297 -414  2
4184500 2653500  4 28 19  15.7  977  68  1.5 5  5.4  44   29   45 301 -401  2
4184500 2653500  4 28 20  14.6  977 119  1.2 5  5.6  50    0    0 302 -387  2
4184500 2653500  4 28 21  12.9  977 118  1.6 5  5.6  55    0    0 298 -377  2
4184500 2653500  4 28 22  12.1  977 125  1.5 4  5.6  60    0    0 292 -371  2
4184500 2653500  4 28 23  11.7  977 129  1.6 5  5.5  61    0    0 290 -367  2
4184500 2653500  4 28 24  10.9  975 134  1.9 5  5.4  62    0    0 291 -365  2
4184500 2653500  4 29  1  11.0  975 138  1.3 5  5.3  62    0    0 290 -363  2
4184500 2653500  4 29  2   9.9  975 142  1.2 5  5.1  63    0    0 288 -361  2
4184500 2653500  4 29  3  11.3  975 150  1.5 6  5.1  61    0    0 290 -361  2
4184500 2653500  4 29  4   8.3  974 130  0.6 6  5.0  64    0    0 290 -361  2
4184500 2653500  4 29  5   9.8  974 151  1.3 4  5.0  66    0    0 285 -361  2
4184500 2653500  4 29  6  11.0  973 154  2.3 5  5.1  63   22   28 288 -359  2
4184500 2653500  4 29  7  12.7  973 194  2.3 3  5.4  60  133   74 291 -364  2
4184500 2653500  4 29  8  16.4  973 214  3.8 3  5.6  52  247  109 296 -379  2
4184500 2653500  4 29  9  17.7  973 215  4.9 6  5.8  46  334  154 305 -397  2
4184500 2653500  4 29 10  19.8  973 221  5.8 5  5.9  42  507  152 312 -414  2
4184500 2653500  4 29 11  20.9  972 216  4.5 4  5.7  36  597  164 317 -429  2
4184500 2653500  4 29 12  22.1  971 223  4.4 4  5.5  33  579  208 321 -440  2
4184500 2653500  4 29 13  22.6  970 220  4.5 4  5.4  31  584  214 325 -448  2
4184500 2653500  4 29 14  23.1  971 229  4.3 4  5.5  30  533  220 329 -453  2
4184500 2653500  4 29 15  23.1  970 226  3.4 5  5.6  30  307  285 333 -453  2
4184500 2653500  4 29 16  23.4  969 223  3.9 6  5.6  30  205  252 335 -450  2
4184500 2653500  4 29 17  22.3  968 222  3.8 6  5.8  32  109  197 337 -444  2
4184500 2653500  4 29 18  21.3  968 204  3.1 7  6.0  35   28  120 336 -434  2
4184500 2653500  4 29 19  20.1  966 183  2.3 7  6.2  39    0   35 337 -422  2
4184500 2653500  4 29 20  17.9  966 182  2.8 6  6.2  43    0    0 330 -410  2
4184500 2653500  4 29 21  16.4  966 182  3.1 4  6.3  49    0    0 317 -400  2
4184500 2653500  4 29 22  15.8  966 174  2.4 4  6.3  52    0    0 309 -394  2
4184500 2653500  4 29 23  14.0  966 166  2.5 5  6.2  56    0    0 308 -390  2
4184500 2653500  4 29 24  15.7  966 176  2.8 4  6.2  56    0    0 309 -386  2
4184500 2653500  4 30  1  14.6  965 141  2.1 4  6.0  53    0    0 307 -384  2
4184500 2653500  4 30  2  14.6  965 168  2.8 4  5.9  54    0    0 304 -381  2
4184500 2653500  4 30  3  14.0  964 156  2.9 5  5.8  54    0    0 305 -381  2
4184500 2653500  4 30  4  15.6  964 177  2.7 5  5.6  51    0    0 308 -382  2
4184500 2653500  4 30  5  16.2  963 190  2.8 6  5.6  47    0    0 315 -384  2
4184500 2653500  4 30  6  17.1  963 182  1.7 6  5.9  48    0    5 321 -384  2
4184500 2653500  4 30  7  16.8  963 192  2.7 7  6.5  52    0   51 327 -385  2
4184500 2653500  4 30  8  18.3  963 233  4.2 6  7.4  56  155  139 330 -393  2
4184500 2653500  4 30  9  19.5  963 242  6.4 3  8.3  58  431  120 325 -405  2
4184500 2653500  4 30 10  20.5  964 251  7.3 1  8.4  54  526  143 316 -416  2
4184500 2653500  4 30 11  21.1  964 252  7.5 3  7.6  47  383  280 319 -426  2
4184500 2653500  4 30 12  21.4  965 255  6.9 3  7.1  43  472  270 327 -437  2
4184500 2653500  4 30 13  21.9  964 256  7.1 3  6.7  40  404  310 328 -446  2
4184500 2653500  4 30 14  22.2  964 249  6.9 3  6.5  37  310  329 330 -449  2
4184500 2653500  4 30 15  22.4  964 249  7.2 5  6.3  36  261  300 337 -449  2
4184500 2653500  4 30 16  21.0  964 260  5.9 6  6.0  35  112  263 344 -446  2
4184500 2653500  4 30 17  19.4  963 262  5.1 7  6.0  39    6  151 348 -440  2
4184500 2653500  4 30 18  18.0  963 228  3.8 5  6.4  46    6  100 341 -431  2
4184500 2653500  4 30 19  17.6  964 261  3.4 7  7.0  52   21   44 339 -421  2
4184500 2653500  4 30 20  16.5  964 258  2.4 7  7.4  58    0    0 349 -412  2
4184500 2653500  4 30 21  16.1  965 234  2.1 8  7.4  61    0    0 353 -403  2
4184500 2653500  4 30 22  14.2  966 257  1.2 7  7.6  68    0    0 349 -398  2
4184500 2653500  4 30 23  13.5  965 234  0.5 7  8.2  79    0    0 340 -395  2
4184500 2653500  4 30 24  13.0  965 241  0.3 7  8.4  84    0    0 338 -393  2
4184500 2653500  5  1  1  12.4  965 241  1.2 8  8.4  89    0    0 349 -391  2
4184500 2653500  5  1  2  12.2  965 232  0.7 8  8.5  90    0    0 350 -390  2
4184500 2653500  5  1  3  12.3  965 255  2.1 7  8.4  90    0    0 342 -389  2
4184500 2653500  5  1  4  11.9  965 254  1.6 8  8.2  89    0    0 342 -388  2
4184500 2653500  5  1  5  11.4  965 256  2.1 8  7.9  88    0    0 346 -388  2
4184500 2653500  5  1  6  11.5  965 246  2.6 7  8.0  90   28   42 339 -387  2
4184500 2653500  5  1  7  12.2  965 254  2.9 7  7.9  86    4   80 333 -386  2
4184500 2653500  5  1  8  12.4  965 241  2.8 7  7.6  81    3  138 334 -389  2
4184500 2653500  5  1  9  13.3  965 253  2.9 5  7.6  78  254  229 324 -389  2
4184500 2653500  5  1 10  13.8  965 253  2.5 5  7.7  76  247  287 315 -383  2
4184500 2653500  5  1 11  15.6  966 252  3.1 5  7.4  68   38  331 319 -378  2
4184500 2653500  5  1 12  15.6  965 270  2.1 6  7.0  60   23  321 328 -380  2
4184500 2653500  5  1 13  15.4  965 336  2.5 8  7.0  61    0  123 344 -389  2
4184500 2653500  5  1 14  14.2  965 123  2.6 8  7.4  67    0  119 352 -399  2
4184500 2653500  5  1 15  13.2  964 317  3.0 7  7.8  76    3  222 345 -401  2
4184500 2653500  5  1 16  12.6  964 340  1.2 8  8.0  82    0  126 343 -395  2
4184500 2653500  5  1 17  12.5  964 281  0.4 7  8.3  87    0   97 341 -389  2
4184500 2653500  5  1 18  11.9  964 155  1.4 6  8.3  89    0   54 329 -387  2
4184500 2653500  5  1 19  11.4  964 152  2.3 7  8.1  90    0   18 326 -384  2
4184500 2653500  5  1 20  10.6  964 144  1.6 7  7.9  91    0    0 329 -380  2
4184500 2653500  5  1 21  10.5  964 192  2.4 7  7.7  93    0    0 327 -377  2
4184500 2653500  5  1 22  10.8  965 203  2.5 6  7.7  92    0    0 322 -374  2
4184500 2653500  5  1 23  10.7  965 184  2.0 6  7.6  90    0    0 318 -372  2
4184500 2653500  5  1 24   9.9  965 157  2.4 6  7.4  90    0    0 317 -370  2
4184500 2653500  5  2  1   9.5  965 185  2.6 7  7.2  91    0    0 320 -370  2
4184500 2653500  5  2  2   9.1  965 226  1.9 7  7.1  93    0    0 323 -370  2
4184500 2653500  5  2  3   9.4  966 260  1.4 8  7.2  94    0    0 328 -369  2
4184500 2653500  5  2  4   9.2  966 242  0.9 7  7.1  93    0    0 329 -366  2
4184500 2653500  5  2  5   9.1  966  81  0.8 7  7.1  93    0    0 324 -362  2
4184500 2653500  5  2  6   9.3  966  75  0.6 7  7.1  93    1   30 324 -361  2
4184500 2653500  5  2  7   9.7  965  39  1.3 5  7.3  94   33  125 314 -364  2
4184500 2653500  5  2  8  10.6  965  65  2.0 6  7.4  91    7  162 311 -372  2
4184500 2653500  5  2  9  11.0  965  71  2.3 7  7.4  87    0  145 324 -383  2
4184500 2653500  5  2 10  12.1  965 115  2.1 7  7.5  84    0  159 332 -398  2
4184500 2653500  5  2 11  12.1  965 100  2.0 8  7.6  82    0  144 338 -411  2
4184500 2653500  5  2 12  11.8  965 144  2.1 7  7.7  84    0  211 339 -420  2
4184500 2653500  5  2 13  11.6  965  92  1.6 7  7.7  86    0  183 334 -425  2
4184500 2653500  5  2 14  11.4  964  90  2.4 8  7.8  88    0  132 338 -427  2
4184500 2653500  5  2 15  11.4  964  57  1.8 7  7.9  89    0  160 337 -424  2
4184500 2653500  5  2 16  12.3  963 107  1.4 7  8.0  88    0  103 332 -418  2
4184500 2653500  5  2 17  12.1  963 287  1.6 8  8.2  88    0   75 340 -413  2
4184500 2653500  5  2 18  11.5  963   6  2.5 7  8.3  91    0   38 339 -406  2
4184500 2653500  5  2 19  11.1  963  69  1.7 8  8.3  94    0   22 337 -398  2
4184500 2653500  5  2 20  10.9  963 343  1.6 8  8.2  95    0    0 343 -390  2
4184500 2653500  5  2 21  10.5  963 316  2.3 8  8.1  96    0    0 342 -384  2
4184500 2653500  5  2 22  10.3  963 330  1.1 8  8.0  97    0    0 341 -381  2
4184500 2653500  5  2 23  10.2  963 234  1.0 8  8.0  98    0    0 342 -379  2
4184500 2653500  5  2 24  10.0  963 258  1.3 8  8.0  98    0    0 341 -376  2
4184500 2653500  5  3  1  10.0  963 206  0.8 7  7.9  98    0    0 334 -372  2
4184500 2653500  5  3  2  10.0  962 280  0.0 8  7.9  98    0    0 335 -368  2
4184500 2653500  5  3  3   9.8  962 245  0.0 8  7.9  98    0    0 340 -367  2
4184500 2653500  5  3  4   9.7  962 248  1.4 7  7.8  99    0    0 336 -367  2
4184500 2653500  5  3  5   9.5  962 247  2.7 7  7.7  98    0    1 330 -365  2
4184500 2653500  5  3  6   9.4  962 246  2.1 7  7.5  97    0   15 331 -363  2
4184500 2653500  5  3  7   9.6  962 254  2.4 8  7.5  96    0   39 336 -363  2
4184500 2653500  5  3  8  10.0  962 262  2.6 8  7.5  94    0  112 340 -367  2
4184500 2653500  5  3  9  10.5  962 272  4.0 8  7.5  92    0  158 341 -376  2
4184500 2653500  5  3 10  11.6  962 273  3.9 8  7.4  85    5  226 343 -384  2
4184500 2653500  5  3 11  12.1  962 290  3.1 8  7.2  79    0  189 344 -392  2
4184500 2653500  5  3 12  13.0  962 280  4.9 7  7.1  75    0  109 339 -398  2
4184500 2653500  5  3 13  12.6  962 255  3.7 8  7.1  73    0  139 337 -398  2
4184500 2653500  5  3 14  12.2  963 265  3.2 8  7.1  75    0  131 338 -398  2
4184500 2653500  5  3 15  11.9  964 307  3.1 7  7.3  79    0  117 333 -403  2
4184500 2653500  5  3 16  11.3  964 273  2.4 6  7.0  78    3  181 323 -400  2
4184500 2653500  5  3 17  10.9  965 241  1.5 6  6.8  78   71  186 315 -394  2
4184500 2653500  5  3 18  11.1  965 341  2.1 6  6.9  80  130  102 315 -389  2
4184500 2653500  5  3 19  10.4  965 264  1.4 7  7.0  83   12   58 318 -381  2
4184500 2653500  5  3 20   9.5  966 254  2.6 7  7.1  88    0    0 319 -373  2
4184500 2653500  5  3 21   8.9  967 282  1.5 8  7.0  92    0    0 319 -365  2
4184500 2653500  5  3 22   8.6  967 340  1.9 8  6.9  93    0    0 320 -358  2
4184500 2653500  5  3 23   8.3  967 356  1.5 7  6.8  95    0    0 313 -353  2
4184500 2653500  5  3 24   8.2  968  56  0.9 8  6.8  96    0    0 311 -350  2
4184500 2653500  5  4  1   7.9  968  31  0.8 6  6.8  96    0    0 305 -349  2
4184500 2653500  5  4  2   7.9  968  32  1.5 6  6.8  98    0    0 298 -348  2
4184500 2653500  5  4  3   7.9  968  32  1.9 8  6.9  99    0    0 304 -346  2
4184500 2653500  5  4  4   7.8  969  49  2.0 8  6.8  99    0    0 311 -343  2
4184500 2653500  5  4  5   7.8  969  25  2.3 8  6.7  97    0    6 310 -340  2
4184500 2653500  5  4  6   7.9  969  47  1.4 8  6.6  95    1   32 311 -339  2
4184500 2653500  5  4  7   8.6  969  40  1.5 7  6.6  93    0   69 309 -342  2
4184500 2653500  5  4  8   8.8  969  67  1.9 7  6.5  89    0   98 308 -348  2
4184500 2653500  5  4  9   9.6  970  46  2.2 6  6.4  84   11  237 309 -354  2
4184500 2653500  5  4 10   9.3  970  31  3.3 8  6.4  83    0  157 315 -361  2
4184500 2653500  5  4 11   9.3  970  19  3.8 8  6.4  84    0  135 327 -367  2
4184500 2653500  5  4 12  10.3  971  18  4.3 7  6.5  82    0  125 325 -372  2
4184500 2653500  5  4 13   9.5  971  15  4.5 7  6.5  82    0  117 322 -376  2
4184500 2653500  5  4 14   9.6  970   4  4.5 8  6.4  83    0  128 325 -380  2
4184500 2653500  5  4 15   9.5  970  56  4.1 8  6.3  81    0   87 329 -381  2
4184500 2653500  5  4 16   8.6  970  12  4.3 8  6.2  83    0   67 328 -379  2
4184500 2653500  5  4 17   7.5  970   6  4.7 8  6.3  91    0   53 324 -377  2
4184500 2653500  5  4 18   6.9  970  23  4.9 8  6.2  94    0   36 321 -374  2
4184500 2653500  5  4 19   6.7  970  10  4.5 8  6.2  96    0    9 318 -371  2
4184500 2653500  5  4 20   6.7  970  10  4.0 8  6.1  96    0    0 316 -366  2
4184500 2653500  5  4 21   6.7  971  10  3.9 7  6.1  95    0    0 309 -360  2
4184500 2653500  5  4 22   6.6  971   3  4.5 8  6.0  94    0    0 308 -353  2
4184500 2653500  5  4 23   6.2  971  17  3.9 7  5.7  91    0    0 306 -347  2
4184500 2653500  5  4 24   6.1  971  19  3.9 7  5.4  88    0    0 302 -340  2
4184500 2653500  5  5  1   5.5  972  30  5.1 7  5.1  85    0    0 299 -334  2
4184500 2653500  5  5  2   4.6  972  23  4.9 7  4.6  81    0    0 294 -330  2
4184500 2653500  5  5  3   3.9  971 204  3.3 7  4.2  78    0    0 288 -326  2
4184500 2653500  5  5  4   3.2  971  27  3.6 7  4.0  78    0    0 285 -324  2
4184500 2653500  5  5  5   2.6  971  51  3.4 7  3.8  79    0    1 281 -323  2
4184500 2653500  5  5  6   2.4  972  51  3.4 6  3.9  81    3   30 275 -325  2
4184500 2653500  5  5  7   3.2  972  30  2.7 7  3.9  80   17   92 275 -330  2
4184500 2653500  5  5  8   4.0  971  67  3.5 5  3.9  76  163  145 272 -338  2
4184500 2653500  5  5  9   5.2  971  57  4.0 6  3.9  72  178  221 270 -344  2
4184500 2653500  5  5 10   6.5  972  47  4.1 7  4.1  69   27  269 284 -345  2
4184500 2653500  5  5 11   7.0  971  43  3.9 7  4.3  68   90  334 292 -345  2
4184500 2653500  5  5 12   7.6  971  45  4.3 7  4.4  67  118  353 293 -350  2
4184500 2653500  5  5 13   7.6  970  46  5.1 7  4.6  68   25  310 297 -362  2
4184500 2653500  5  5 14   8.6  970  51  4.9 7  4.7  67    6  251 300 -373  2
4184500 2653500  5  5 15   9.0  969  48  5.5 8  4.7  64    3  218 309 -379  2
4184500 2653500  5  5 16   9.2  968  48  5.7 7  4.8  63   13  212 313 -380  2
4184500 2653500  5  5 17   9.4  968  45  5.4 8  4.8  63    0   93 316 -377  2
4184500 2653500  5  5 18   9.3  968  47  4.2 8  4.8  63    0   36 323 -373  2
4184500 2653500  5  5 19   8.3  966  51  2.7 7  4.9  66    0   23 319 -368  2
4184500 2653500  5  5 20   7.8  965  49  3.0 8  5.1  72    0    1 319 -363  2
4184500 2653500  5  5 21   7.2  965  54  2.9 8  5.2  77    0    0 325 -360  2
4184500 2653500  5  5 22   6.6  964  62  3.4 8  5.3  82    0    0 324 -360  2
4184500 2653500  5  5 23   6.6  964  96  3.7 8  5.6  87    0    0 319 -362  2
4184500 2653500  5  5 24   6.8  963 138  3.9 8  6.0  91    0    0 313 -365  2
4184500 2653500  5  6  1   7.3  971 182  3.8 8  6.3  93    0    0 329 -359  2
4184500 2653500  5  6  2   7.9  970 215  3.7 8  6.6  94    0    0 330 -359  2
4184500 2653500  5  6  3   8.5  969 240  3.5 8  6.8  95    0    0 333 -360  2
4184500 2653500  5  6  4   8.8  968 240  4.0 8  6.9  94    0    0 336 -361  2
4184500 2653500  5  6  5   9.0  968 244  4.3 8  7.0  94    0    1 339 -362  2
4184500 2653500  5  6  6   9.4  968 242  5.4 8  7.1  94    0   10 342 -363  2
4184500 2653500  5  6  7   9.7  968 252  5.0 8  7.3  94    0   29 344 -364  2
4184500 2653500  5  6  8  10.1  968 246  5.1 8  7.4  93    0   65 347 -365  2
4184500 2653500  5  6  9  10.5  968 246  5.2 8  7.5  92    0   98 349 -366  2
4184500 2653500  5  6 10  10.6  968 246  6.0 8  7.6  91    0  134 350 -366  2
4184500 2653500  5  6 11  11.2  968 250  5.3 8  7.6  89    0  146 351 -366  2
4184500 2653500  5  6 12  11.4  968 253  6.7 8  7.6  87    0  158 351 -366  2
4184500 2653500  5  6 13  11.6  968 253  6.2 7  7.4  83    0  155 345 -366  2
4184500 2653500  5  6 14  11.3  968 262  7.2 8  6.9  78    0  108 343 -367  2
4184500 2653500  5  6 15  11.4  969 264  5.9 8  6.6  76    0   90 348 -368  2
4184500 2653500  5  6 16  11.0  969 264  6.6 8  6.5  75    0  103 347 -367  2
4184500 2653500  5  6 17  10.7  969 268  6.8 8  6.5  77    0   84 345 -366  2
4184500 2653500  5  6 18  10.7  970 272  6.2 8  6.6  79    0   58 344 -365  2
4184500 2653500  5  6 19  10.4  970 267  4.8 8  6.7  81    0   12 345 -365  2
4184500 2653500  5  6 20   9.8  970 265  4.1 8  6.8  85    0    1 342 -364  2
4184500 2653500  5  6 21   9.6  970 259  3.5 8  7.0  89    0    0 340 -364  2
4184500 2653500  5  6 22   9.5  971 231  3.0 8  7.1  91    0    0 339 -364  2
4184500 2653500  5  6 23   9.7  971 234  3.6 8  7.1  91    0    0 340 -364  2
4184500 2653500  5  6 24   9.5  971 229  2.8 8  7.2  93    0    0 340 -364  2
4184500 2653500  5  7  1   9.8  971 260  3.6 8  7.2  92    0    0 341 -365  2
4184500 2653500  5  7  2   9.7  971 238  3.8 8  7.1  90    0    0 341 -365  2
4184500 2653500  5  7  3   9.5  971 263  3.5 8  7.1  91    0    0 340 -366  2
4184500 2653500  5  7  4   9.5  971 247  1.9 8  7.1  91    0    0 339 -366  2
4184500 2653500  5  7  5   9.4  971 206  1.7 8  7.1  92    0    1 337 -366  2
4184500 2653500  5  7  6   9.7  971 204  2.1 7  7.1  92    0   15 331 -365  2
4184500 2653500  5  7  7  10.5  972 202  1.8 8  7.2  90    0   44 333 -365  2
4184500 2653500  5  7  8  11.4  973 211  2.4 7  7.3  86   33  166 336 -370  2
4184500 2653500  5  7  9  13.1  973 231  2.9 5  7.5  81  305  174 327 -377  2
4184500 2653500  5  7 10  14.2  973 242  3.3 4  7.7  76  351  233 319 -385  2
4184500 2653500  5  7 11  14.7  972 238  3.9 6  7.4  69  238  331 324 -397  2
4184500 2653500  5  7 12  16.1  972 235  4.3 6  7.3  64  162  370 332 -408  2
4184500 2653500  5  7 13  16.6  973 240  4.5 5  7.4  62  253  363 330 -416  2
4184500 2653500  5  7 14  17.3  972 236  3.7 4  7.3  58  555  199 325 -421  2
4184500 2653500  5  7 15  18.2  972 228  3.7 3  7.4  56  432  220 319 -420  2
4184500 2653500  5  7 16  18.4  971 228  3.8 2  7.3  53  325  205 314 -417  2
4184500 2653500  5  7 17  17.8  971 234  3.1 3  7.2  53  167  185 312 -414  2
4184500 2653500  5  7 18  18.4  971 245  2.2 4  7.2  53   51  124 319 -408  2
4184500 2653500  5  7 19  16.4  971 225  2.1 3  7.3  57   28   60 317 -402  2
4184500 2653500  5  7 20  15.3  971 187  1.2 4  7.3  62    0    4 312 -396  2
4184500 2653500  5  7 21  13.3  971 158  1.5 4  7.2  68    0    0 310 -391  2
4184500 2653500  5  7 22  12.6  971 161  1.3 3  7.1  73    0    0 301 -388  2
4184500 2653500  5  7 23  11.2  971 173  1.0 1  6.9  76    0    0 283 -387  2
4184500 2653500  5  7 24  10.8  971 167  1.1 1  6.8  80    0    0 270 -387  2
4184500 2653500  5  8  1  10.4  971 150  1.5 1  6.7  81    0    0 264 -387  2
4184500 2653500  5  8  2  10.2  971 142  1.1 1  6.6  80    0    0 260 -384  2
4184500 2653500  5  8  3  10.8  970 138  1.0 1  6.5  79    0    0 255 -380  2
4184500 2653500  5  8  4  10.8  970 147  0.8 2  6.5  77    0    0 256 -378  2
4184500 2653500  5  8  5  10.2  970 143  0.8 5  6.5  78    0    1 278 -379  2
4184500 2653500  5  8  6  12.5  970 139  0.9 6  6.6  76   55   33 307 -381  2
4184500 2653500  5  8  7  13.9  969 146  2.1 5  6.9  70   80   85 314 -386  2
4184500 2653500  5  8  8  16.8  969 155  2.9 6  7.3  64   56  162 321 -394  2
4184500 2653500  5  8  9  17.9  969 180  3.5 7  7.6  59   14  202 337 -404  2
4184500 2653500  5  8 10  16.0  969 202  5.1 8  7.7  61    0  167 344 -414  2
4184500 2653500  5  8 11  14.6  969 192  4.9 8  8.0  70    0  131 343 -424  2
4184500 2653500  5  8 12  15.4  969 166  3.4 8  8.7  78    0  169 343 -435  2
4184500 2653500  5  8 13  16.8  970 178  2.8 6  9.1  76  115  346 339 -444  2
4184500 2653500  5  8 14  19.4  969 190  3.9 6  9.2  68  537  172 337 -449  2
4184500 2653500  5  8 15  19.9  969 233  3.6 3  9.0  60  407  200 328 -452  2
4184500 2653500  5  8 16  19.8  968 190  3.3 4  8.7  57  200  229 319 -451  2
4184500 2653500  5  8 17  19.3  968 181  2.1 6  8.7  58   51  180 334 -447  2
4184500 2653500  5  8 18  17.3  967 174  1.5 8  8.8  64    0   78 349 -441  2
4184500 2653500  5  8 19  17.3  968 198  4.2 7  8.3  64    0   15 351 -432  2
4184500 2653500  5  8 20  15.2  968 203  3.3 7  7.7  63    0    1 342 -417  2
4184500 2653500  5  8 21  14.0  968 225  3.5 7  7.8  71    0    0 338 -400  2
4184500 2653500  5  8 22  13.6  970 244  2.3 5  8.0  78    0    0 323 -390  2
4184500 2653500  5  8 23  13.4  971 238  2.5 8  8.1  80    0    0 329 -386  2
4184500 2653500  5  8 24  13.2  972 228  2.2 8  8.2  83    0    0 348 -382  2
4184500 2653500  5  9  1  12.5  973 264  2.2 7  7.9  82    0    0 341 -382  2
4184500 2653500  5  9  2  11.3  974 275  3.4 8  7.1  79    0    0 337 -383  2
4184500 2653500  5  9  3   9.5  974  24  2.8 8  6.1  74    0    0 335 -380  2
4184500 2653500  5  9  4   8.4  975 335  1.8 6  5.3  71    0    0 311 -376  2
4184500 2653500  5  9  5   7.1  976   7  1.3 5  5.1  74    1    9 285 -371  2
4184500 2653500  5  9  6   7.8  976  61  1.2 3  5.1  77   28   42 267 -367  2
4184500 2653500  5  9  7   9.5  976  81  1.2 4  5.2  72   68  100 263 -368  2
4184500 2653500  5  9  8  11.4  976 111  1.2 4  5.2  64  105  171 272 -377  2
4184500 2653500  5  9  9  12.7  977  91  1.5 5  5.4  59  315  171 282 -393  2
4184500 2653500  5  9 10  13.9  976 109  2.6 6  5.8  58  251  272 299 -408  2
4184500 2653500  5  9 11  15.9  976  87  2.7 5  6.4  59  362  279 306 -417  2
4184500 2653500  5  9 12  16.7  975 112  2.5 5  7.0  59  237  356 308 -418  2
4184500 2653500  5  9 13  17.2  975 104  1.7 5  7.3  58  201  368 314 -416  2
4184500 2653500  5  9 14  18.8  974 114  2.8 6  7.7  57  253  340 325 -412  2
4184500 2653500  5  9 15  19.4  973  94  2.6 7  7.7  54  127  315 341 -410  2
4184500 2653500  5  9 16  18.8  973 104  2.0 6  7.9  55  157  262 343 -407  2
4184500 2653500  5  9 17  18.9  972 117  2.8 6  8.2  58  137  193 337 -404  2
4184500 2653500  5  9 18  18.4  971 109  2.6 5  8.4  60  144  107 328 -402  2
4184500 2653500  5  9 19  17.5  971  91  2.1 4  8.6  64   37   63 311 -398  2
4184500 2653500  5  9 20  16.6  970  44  1.9 4  8.6  68    0    4 302 -396  2
4184500 2653500  5  9 21  15.6  970  53  1.8 6  8.5  71    0    0 312 -394  2
4184500 2653500  5  9 22  15.4  970 117  2.0 6  8.3  72    0    0 326 -392  2
4184500 2653500  5  9 23  16.0  969 128  3.0 5  8.2  70    0    0 321 -390  2
4184500 2653500  5  9 24  16.2  969 145  3.2 6  8.2  68    0    0 324 -387  2
4184500 2653500  5 10  1  14.7  970 180  5.9 8  8.5  74    0    0 341 -384  2
4184500 2653500  5 10  2  13.9  969 181  5.3 8  8.7  82    0    0 351 -385  2
4184500 2653500  5 10  3  13.6  969 174  3.1 8  8.6  84    0    0 348 -386  2
4184500 2653500  5 10  4  13.4  969 180  3.9 7  8.6  85    0    0 340 -386  2
4184500 2653500  5 10  5  13.1  969 155  3.5 5  8.7  87    0    6 320 -384  2
4184500 2653500  5 10  6  13.2  970 149  2.6 4  8.9  90   25   41 300 -382  2
4184500 2653500  5 10  7  13.3  971 122  2.8 6  9.1  92   12   94 306 -384  2
4184500 2653500  5 10  8  11.8  972 358  3.6 8  9.0  95    0  105 324 -391  2
4184500 2653500  5 10  9  11.7  973 302  3.4 8  8.5  94    0   87 331 -401  2
4184500 2653500  5 10 10  12.1  974 292  2.4 8  8.0  89    0  147 332 -408  2
4184500 2653500  5 10 11  12.9  974 305  2.0 8  7.8  83    0  148 334 -420  2
4184500 2653500  5 10 12  14.0  975 287  2.5 8  7.8  78    0  231 339 -439  2
4184500 2653500  5 10 13  14.8  975 309  2.1 7  7.7  73   47  345 338 -452  2
4184500 2653500  5 10 14  16.2  975 302  1.5 6  7.7  67  315  320 333 -456  2
4184500 2653500  5 10 15  16.5  974 320  1.4 4  7.7  64  442  210 324 -456  2
4184500 2653500  5 10 16  17.0  974 312  1.8 4  7.7  62  375  176 317 -453  2
4184500 2653500  5 10 17  16.7  974 337  1.6 4  7.6  61  324  104 317 -448  2
4184500 2653500  5 10 18  16.1  973 336  1.9 3  7.5  62  179   95 310 -439  2
4184500 2653500  5 10 19  14.4  973 343  2.3 3  7.4  65   40   64 303 -428  2
4184500 2653500  5 10 20  13.0  973 356  1.7 2  7.2  71    0    2 295 -417  2
4184500 2653500  5 10 21  12.8  974  35  1.4 3  7.1  74    0    0 293 -410  2
4184500 2653500  5 10 22  12.0  974  49  1.3 3  7.0  75    0    0 294 -407  2
4184500 2653500  5 10 23  11.9  974  66  1.3 5  6.7  74    0    0 298 -406  2
4184500 2653500  5 10 24  11.3  974  86  1.4 7  6.7  76    0    0 311 -405  2
4184500 2653500  5 11  1  11.0  974  75  2.3 6  6.9  80    0    0 313 -405  2
4184500 2653500  5 11  2  10.9  973  87  1.8 7  6.9  82    0    0 311 -405  2
4184500 2653500  5 11  3  10.7  973  79  1.9 7  7.0  84    0    0 315 -402  2
4184500 2653500  5 11  4  10.4  972  90  1.3 7  7.2  87    0    0 313 -400  2
4184500 2653500  5 11  5  10.7  972  96  1.8 8  7.3  89    0    1 317 -398  2
4184500 2653500  5 11  6  10.2  972  77  1.4 7  7.5  91    0   12 318 -398  2
4184500 2653500  5 11  7  11.0  972  45  0.9 7  7.8  93    0   25 313 -398  2
4184500 2653500  5 11  8  10.9  972 176  1.5 8  7.9  93    0   39 319 -404  2
4184500 2653500  5 11  9  11.0  972  19  1.1 8  8.2  96    0  123 324 -414  2
4184500 2653500  5 11 10  12.0  971  28  1.7 7  8.5  96    5  249 322 -424  2
4184500 2653500  5 11 11  13.4  971 137  1.3 7  8.8  92   15  325 322 -435  2
4184500 2653500  5 11 12  14.4  971  44  1.3 7  8.9  86    0  240 326 -445  2
4184500 2653500  5 11 13  14.5  970 344  1.4 7  9.0  84    0  168 329 -452  2
4184500 2653500  5 11 14  14.0  970   5  2.2 7  9.1  86    0  109 331 -454  2
4184500 2653500  5 11 15  13.1  970   6  3.1 8  9.2  91    0   81 335 -453  2
4184500 2653500  5 11 16  12.6  970 291  3.1 7  9.2  95    0   72 334 -453  2
4184500 2653500  5 11 17  12.0  970 299  3.3 7  9.0  96    0   58 327 -448  2
4184500 2653500  5 11 18  10.9  970 285  3.6 7  8.6  97    0   40 323 -439  2
4184500 2653500  5 11 19  10.0  971 268  4.5 8  8.1  98    0   28 324 -429  2
4184500 2653500  5 11 20   9.4  971 329  4.4 8  7.6  97    0    7 326 -422  2
4184500 2653500  5 11 21   8.9  971  22  3.6 8  7.3  97    0    0 324 -410  2
4184500 2653500  5 11 22   8.9  972 167  2.6 8  7.2  97    0    0 324 -394  2
4184500 2653500  5 11 23   8.7  973  11  2.3 8  7.1  97    0    0 324 -387  2
4184500 2653500  5 11 24   8.7  973  85  1.8 8  7.1  98    0    0 322 -385  2
4184500 2653500  5 12  1   8.9  973 351  2.5 8  7.2  98    0    0 322 -383  2
4184500 2653500  5 12  2   8.7  973 350  3.3 8  7.2  98    0    0 321 -382  2
4184500 2653500  5 12  3   8.7  974  15  3.3 7  7.2  98    0    0 317 -382  2
4184500 2653500  5 12  4   8.2  974  31  3.1 6  7.0  98    0    0 306 -380  2
4184500 2653500  5 12  5   7.8  975  15  2.6 7  6.8  98    0    1 303 -377  2
4184500 2653500  5 12  6   7.3  975  23  2.4 7  6.4  95    0   13 305 -377  2
4184500 2653500  5 12  7   7.7  976  17  3.2 5  6.0  90   14  100 293 -382  2
4184500 2653500  5 12  8   8.5  976  46  2.8 4  5.8  83  197  160 277 -394  2
4184500 2653500  5 12  9   9.7  976  19  3.9 2  5.6  75  424  151 267 -408  2
4184500 2653500  5 12 10  10.9  976  18  3.9 3  5.4  66  497  187 267 -421  2
4184500 2653500  5 12 11  11.9  976  33  3.9 3  5.2  60  574  206 275 -434  2
4184500 2653500  5 12 12  12.7  977  38  3.8 3  5.1  56  498  283 278 -443  2
4184500 2653500  5 12 13  13.4  977  29  4.6 4  5.0  52  499  288 285 -448  2
4184500 2653500  5 12 14  14.0  976  24  5.2 4  5.0  50  385  320 292 -448  2
4184500 2653500  5 12 15  14.4  976  27  4.6 4  5.1  48  279  317 295 -446  2
4184500 2653500  5 12 16  14.6  976  66  4.2 4  5.1  48  207  274 296 -442  2
4184500 2653500  5 12 17  13.9  976  61  4.4 4  5.0  48  224  178 296 -437  2
4184500 2653500  5 12 18  13.6  975  61  4.0 4  4.8  48  101  133 293 -430  2
4184500 2653500  5 12 19  12.8  975  35  3.4 4  4.8  49   22   71 291 -422  2
4184500 2653500  5 12 20  11.5  975  40  3.0 4  4.9  53    0    7 287 -414  2
4184500 2653500  5 12 21   9.9  975  55  2.1 4  5.0  60    0    0 281 -406  2
4184500 2653500  5 12 22   8.6  975  59  2.0 2  5.0  66    0    0 264 -400  2
4184500 2653500  5 12 23   7.2  975  48  3.0 2  5.0  73    0    0 251 -396  2
4184500 2653500  5 12 24   7.8  976  49  2.6 2  5.0  74    0    0 251 -394  2
4184500 2653500  5 13  1   6.5  975  61  2.4 4  5.0  76    0    0 264 -393  2
4184500 2653500  5 13  2   6.6  975  62  2.7 4  5.0  80    0    0 274 -390  2
4184500 2653500  5 13  3   5.8  975  58  3.3 5  5.0  82    0    0 278 -389  2
4184500 2653500  5 13  4   5.3  975  57  2.7 6  5.1  87    0    0 288 -389  2
4184500 2653500  5 13  5   6.0  975  66  2.1 5  5.2  88    0    6 288 -388  2
4184500 2653500  5 13  6   7.3  975  61  2.7 5  5.3  84    8   39 286 -385  2
4184500 2653500  5 13  7  10.5  974  66  2.1 4  5.6  76  140   81 288 -386  2
4184500 2653500  5 13  8  12.5  975  67  3.4 3  5.6  64  336   73 284 -390  2
4184500 2653500  5 13  9  13.2  975  70  2.7 4  5.6  58  237  206 289 -397  2
4184500 2653500  5 13 10  14.5  974  83  2.6 6  5.8  57  187  289 308 -410  2
4184500 2653500  5 13 11  15.2  974  70  3.0 6  5.7  52  221  327 321 -426  2
4184500 2653500  5 13 12  15.4  974  74  3.1 5  5.5  49  265  342 317 -442  2
4184500 2653500  5 13 13  15.5  973  64  3.6 6  5.4  48   99  361 320 -455  2
4184500 2653500  5 13 14  14.9  973  59  3.6 7  5.4  48    5  261 329 -455  2
4184500 2653500  5 13 15  15.9  973  83  2.1 6  5.3  47   50  292 330 -448  2
4184500 2653500  5 13 16  15.5  972  92  2.5 6  5.1  44   69  259 325 -443  2
4184500 2653500  5 13 17  15.1  972  47  2.4 5  5.2  46  195  175 318 -429  2
4184500 2653500  5 13 18  15.1  971 117  2.6 6  5.4  48  110  123 318 -418  2
4184500 2653500  5 13 19  14.1  971 140  2.4 5  5.5  51   12   65 317 -415  2
4184500 2653500  5 13 20  12.8  971  59  1.4 4  5.5  55    0    5 302 -408  2
4184500 2653500  5 13 21  10.7  971  56  2.1 4  5.5  61    0    0 290 -401  2
4184500 2653500  5 13 22   9.5  971  73  2.2 3  5.5  68    0    0 278 -396  2
4184500 2653500  5 13 23   8.6  971  58  1.3 2  5.4  72    0    0 261 -393  2
4184500 2653500  5 13 24   8.4  970  80  2.5 2  5.2  72    0    0 252 -392  2
4184500 2653500  5 14  1   7.6  970  58  3.1 4  4.9  71    0    0 263 -391  2
4184500 2653500  5 14  2   7.7  970  65  3.0 6  4.8  70    0    0 287 -390  2
4184500 2653500  5 14  3   7.5  969  78  2.4 5  4.6  68    0    0 293 -389  2
4184500 2653500  5 14  4   7.6  969  81  2.4 6  4.6  68    0    0 291 -388  2
4184500 2653500  5 14  5   7.1  968  82  1.6 6  4.7  70    0    1 296 -387  2
4184500 2653500  5 14  6   8.0  968 102  0.5 6  4.8  71    1   33 296 -387  2
4184500 2653500  5 14  7   8.8  968  10  1.9 7  4.9  68    3   85 305 -391  2
4184500 2653500  5 14  8  11.1  969  23  2.9 7  5.1  64    9  159 316 -393  2
4184500 2653500  5 14  9  11.7  968  62  1.4 6  5.1  58   41  259 316 -396  2
4184500 2653500  5 14 10  12.8  968 102  4.6 6  4.8  52  108  338 313 -404  2
4184500 2653500  5 14 11  13.6  968 334  4.6 6  4.6  46  288  361 317 -412  2
4184500 2653500  5 14 12  15.0  967  17  4.5 6  4.6  43  544  281 322 -418  2
4184500 2653500  5 14 13  15.5  967  86  4.3 3  4.7  42  629  242 312 -419  2
4184500 2653500  5 14 14  15.8  967  47  4.5 3  4.8  41  602  234 298 -423  2
4184500 2653500  5 14 15  15.5  967  31  4.1 4  4.8  41  486  241 302 -425  2
4184500 2653500  5 14 16  16.0  966  68  4.3 4  4.9  42  293  260 308 -414  2
4184500 2653500  5 14 17  15.3  966  82  4.2 3  5.0  43  227  200 302 -406  2
4184500 2653500  5 14 18  14.5  966  63  3.8 3  5.4  48   85  153 295 -402  2
4184500 2653500  5 14 19  13.0  965   9  2.9 4  5.6  55   28   78 299 -399  2
4184500 2653500  5 14 20  11.2  965  82  3.2 5  5.5  60    0    6 306 -395  2
4184500 2653500  5 14 21  10.6  966  74  2.8 6  5.6  66    0    0 316 -388  2
4184500 2653500  5 14 22  10.1  966  75  2.4 6  6.0  73    0    0 321 -383  2
4184500 2653500  5 14 23   9.2  966  83  2.8 7  6.2  79    0    0 325 -380  2
4184500 2653500  5 14 24   9.4  966  10  1.8 7  6.3  83    0    0 331 -379  2
4184500 2653500  5 15  1   8.9  965 289  3.5 6  6.3  84    0    0 325 -378  2
4184500 2653500  5 15  2   8.6  965 353  2.6 7  6.4  86    0    0 324 -377  2
4184500 2653500  5 15  3   9.0  965  45  3.8 6  6.3  86    0    0 325 -376  2
4184500 2653500  5 15  4   8.4  965  21  2.6 6  6.4  87    0    0 318 -376  2
4184500 2653500  5 15  5   9.0  964  36  2.5 7  6.4  88    5   11 324 -375  2
4184500 2653500  5 15  6   9.5  965  67  1.8 6  6.5  86   51   49 325 -374  2
4184500 2653500  5 15  7  11.1  965  69  2.1 1  6.7  82  154   90 287 -371  2
4184500 2653500  5 15  8  12.2  964  87  2.9 2  7.0  78  302  109 263 -369  2
4184500 2653500  5 15  9  13.3  964  90  4.1 4  7.2  75  426  132 286 -369  2
4184500 2653500  5 15 10  14.3  964  80  3.6 4  7.5  73  521  158 304 -370  2
4184500 2653500  5 15 11  16.0  964  85  3.7 4  8.0  71  565  193 311 -370  2
4184500 2653500  5 15 12  16.5  964 104  3.3 4  8.2  68  484  274 318 -366  2
4184500 2653500  5 15 13  16.9  964  94  3.0 5  8.2  66  310  359 327 -364  2
4184500 2653500  5 15 14  16.2  964  97  3.7 4  8.3  67  383  308 326 -366  2
4184500 2653500  5 15 15  16.2  963  91  3.5 5  8.4  69  440  230 325 -367  2
4184500 2653500  5 15 16  15.9  963 107  4.2 5  8.3  69  225  260 329 -369  2
4184500 2653500  5 15 17  14.4  963  96  4.0 5  8.2  72   90  215 326 -368  2
4184500 2653500  5 15 18  14.1  963 108  4.5 5  8.1  76    9  120 322 -366  2
4184500 2653500  5 15 19  13.1  963 115  3.3 4  8.0  78   10   68 312 -363  2
4184500 2653500  5 15 20  12.1  962  94  3.1 7  7.8  82    0    9 318 -360  2
4184500 2653500  5 15 21  12.0  962 106  2.7 8  7.8  84    0    0 341 -358  2
4184500 2653500  5 15 22  12.1  962 148  2.7 8  7.7  84    0    0 345 -357  2
4184500 2653500  5 15 23  12.0  962 131  2.3 8  7.7  84    0    0 345 -356  2
4184500 2653500  5 15 24  11.8  962 154  2.0 8  7.9  86    0    0 344 -356  2
4184500 2653500  5 16  1  12.0  962 153  2.3 8  8.0  88    0    0 346 -356  2
4184500 2653500  5 16  2  11.9  963   1  2.9 8  8.2  90    0    0 345 -355  2
4184500 2653500  5 16  3  11.7  964 314  5.7 8  8.4  92    0    0 345 -355  2
4184500 2653500  5 16  4  10.6  965 329  4.4 8  8.2  94    0    0 343 -355  2
4184500 2653500  5 16  5  10.2  965 221  4.3 7  7.9  95    0    1 334 -355  2
4184500 2653500  5 16  6  10.3  966 227  3.9 7  7.7  94    0   16 328 -356  2
4184500 2653500  5 16  7  11.0  967 241  4.2 8  7.7  92    0   48 334 -357  2
4184500 2653500  5 16  8  11.4  967 237  5.1 7  7.7  89    1  124 336 -359  2
4184500 2653500  5 16  9  12.2  967 228  5.8 8  7.6  84    0  150 339 -362  2
4184500 2653500  5 16 10  12.7  968 244  5.2 5  7.5  80   90  312 329 -363  2
4184500 2653500  5 16 11  13.9  969 252  4.9 6  7.2  72  209  344 320 -364  2
4184500 2653500  5 16 12  15.4  969 240  5.5 6  6.8  63  210  369 331 -367  2
4184500 2653500  5 16 13  15.2  969 236  4.8 4  6.5  58  393  312 324 -367  2
4184500 2653500  5 16 14  16.3  970 229  5.1 4  6.4  55  480  247 317 -369  2
4184500 2653500  5 16 15  15.7  970 216  4.5 5  6.3  53  176  321 321 -372  2
4184500 2653500  5 16 16  16.1  970 216  5.3 4  6.0  51  195  261 321 -376  2
4184500 2653500  5 16 17  16.0  970 334  4.2 4  5.9  50  101  208 318 -375  2
4184500 2653500  5 16 18  14.7  970  24  3.2 6  5.9  52   16  129 324 -368  2
4184500 2653500  5 16 19  14.1  970  16  2.3 7  6.2  58    1   52 335 -366  2
4184500 2653500  5 16 20  13.4  971 200  1.9 5  6.4  63    0    3 330 -363  2
4184500 2653500  5 16 21  11.9  971  47  1.5 3  6.3  66    0    0 308 -361  2
4184500 2653500  5 16 22  10.0  972 343  1.8 3  6.2  73    0    0 294 -358  2
4184500 2653500  5 16 23   9.6  972 152  2.1 2  6.1  78    0    0 285 -356  2
4184500 2653500  5 16 24   9.0  972 198  1.5 1  6.0  79    0    0 274 -356  2
4184500 2653500  5 17  1   8.5  972 174  1.4 3  5.9  81    0    0 276 -356  2
4184500 2653500  5 17  2   7.8  972 159  1.5 3  5.9  84    0    0 282 -356  2
4184500 2653500  5 17  3   8.1  972 154  1.5 3  5.8  83    0    0 281 -354  2
4184500 2653500  5 17  4   7.6  972 137  0.8 4  5.7  83    0    0 284 -355  2
4184500 2653500  5 17  5   7.0  972 123  0.5 5  5.7  86    2   10 293 -357  2
4184500 2653500  5 17  6   9.3  972 118  1.0 5  5.9  84   53   52 301 -359  2
4184500 2653500  5 17  7  12.3  973 116  1.0 2  6.4  76  184   85 292 -362  2
4184500 2653500  5 17  8  15.0  972 112  2.0 2  6.9  68  334  104 286 -367  2
4184500 2653500  5 17  9  16.6  971 104  3.6 4  7.3  63  467  120 303 -374  2
4184500 2653500  5 17 10  17.9  971 140  3.7 4  7.5  58  586  130 320 -383  2
4184500 2653500  5 17 11  18.8  971 152  4.0 4  7.5  54  684  133 323 -385  2
4184500 2653500  5 17 12  20.9  971 149  2.5 4  7.6  50  720  147 329 -386  2
4184500 2653500  5 17 13  21.5  970 146  3.1 3  7.7  47  728  149 331 -387  2
4184500 2653500  5 17 14  23.1  970 147  3.8 2  7.5  42  683  153 325 -384  2
4184500 2653500  5 17 15  23.8  970 111  2.9 4  7.7  41  588  157 335 -384  2
4184500 2653500  5 17 16  24.2  969 129  2.5 3  7.9  41  465  153 343 -383  2
4184500 2653500  5 17 17  24.1  968  90  2.7 2  7.7  39  332  136 335 -381  2
4184500 2653500  5 17 18  23.3  968  49  2.8 1  7.6  40  183  116 324 -379  2
4184500 2653500  5 17 19  21.5  968 115  3.3 1  7.7  44   64   75 317 -378  2
4184500 2653500  5 17 20  19.5  967  98  2.3 1  8.0  51    3   16 311 -376  2
4184500 2653500  5 17 21  18.8  968  60  3.0 3  8.2  57    0    0 314 -373  2
4184500 2653500  5 17 22  18.3  969 183  2.8 4  8.5  61    0    0 328 -371  2
4184500 2653500  5 17 23  15.6  970 219  4.1 5  8.9  70    0    0 333 -367  2
4184500 2653500  5 17 24  14.7  970  43  1.5 6  9.2  82    0    0 337 -363  2
4184500 2653500  5 18  1  14.7  970 158  1.3 7  9.3  85    0    0 344 -361  2
4184500 2653500  5 18  2  14.2  970 187  1.2 6  9.5  88    0    0 343 -360  2
4184500 2653500  5 18  3  13.7  971 198  1.3 8  9.7  93    0    0 347 -360  2
4184500 2653500  5 18  4  13.3  972 249  1.5 8  9.7  96    0    0 354 -362  2
4184500 2653500  5 18  5  13.0  972  27  1.2 6  9.5  96    2   10 343 -363  2
4184500 2653500  5 18  6  13.3  971 168  1.3 6  9.3  95    2   38 332 -363  2
4184500 2653500  5 18  7  13.8  972 218  1.9 6  9.3  92    0   45 332 -365  2
4184500 2653500  5 18  8  14.2  972 234  3.5 6  9.3  90   13  161 334 -369  2
4184500 2653500  5 18  9  14.8  973 235  4.4 6  9.3  86   65  248 337 -376  2
4184500 2653500  5 18 10  15.5  973 255  3.8 7  9.1  81   27  273 343 -384  2
4184500 2653500  5 18 11  16.9  973 261  3.9 4  9.0  75  186  343 337 -390  2
4184500 2653500  5 18 12  17.1  974 231  3.9 5  8.8  70  203  362 331 -395  2
4184500 2653500  5 18 13  18.0  974 251  3.5 5  8.6  66  229  357 335 -395  2
4184500 2653500  5 18 14  18.3  974 260  3.0 6  8.3  61  119  349 338 -396  2
4184500 2653500  5 18 15  18.9  974 262  3.3 5  8.1  58  273  287 337 -395  2
4184500 2653500  5 18 16  18.7  974 289  2.3 4  8.0  57  303  211 331 -393  2
4184500 2653500  5 18 17  19.1  974 260  1.4 4  8.1  57  260  153 327 -392  2
4184500 2653500  5 18 18  17.5  974 343  1.8 6  8.1  60   47  137 331 -386  2
4184500 2653500  5 18 19  16.6  974 231  1.7 6  8.3  66    1   55 334 -378  2
4184500 2653500  5 18 20  16.2  973 231  1.5 7  8.3  68    0    9 337 -371  2
4184500 2653500  5 18 21  15.5  974 108  0.4 8  8.3  71    0    0 344 -364  2
4184500 2653500  5 18 22  14.7  975 296  0.8 8  8.3  74    0    0 347 -360  2
4184500 2653500  5 18 23  13.5  975 213  2.0 6  8.3  79    0    0 338 -358  2
4184500 2653500  5 18 24  12.7  975 201  2.2 6  8.3  84    0    0 328 -358  2
4184500 2653500  5 19  1  12.7  976 214  2.1 7  8.3  87    0    0 332 -357  2
4184500 2653500  5 19  2  12.6  976 215  1.7 7  8.2  87    0    0 336 -358  2
4184500 2653500  5 19  3  12.1  976 202  1.8 6  8.1  87    0    0 331 -359  2
4184500 2653500  5 19  4  11.0  976 212  1.9 6  7.9  90    0    0 325 -358  2
4184500 2653500  5 19  5  11.0  976 292  1.7 4  7.8  91    1   10 314 -357  2
4184500 2653500  5 19  6  12.1  977 298  1.2 4  7.9  90   84   41 305 -359  2
4184500 2653500  5 19  7  13.7  977 271  1.4 1  8.3  86  259   53 293 -362  2
4184500 2653500  5 19  8  15.8  977 309  1.4 0  8.2  75  448   51 277 -366  2
4184500 2653500  5 19  9  17.2  977 301  1.0 1  7.8  64  572   50 283 -371  2
4184500 2653500  5 19 10  17.6  976 290  1.5 2  7.4  57  572  104 299 -375  2
4184500 2653500  5 19 11  19.2  977 268  1.1 3  7.0  51  422  249 314 -384  2
4184500 2653500  5 19 12  19.3  977 256  2.2 3  6.5  45  330  320 320 -397  2
4184500 2653500  5 19 13  19.7  977 321  1.5 4  6.1  42  391  297 323 -404  2
4184500 2653500  5 19 14  20.0  976 341  1.4 3  6.2  42  493  226 322 -403  2
4184500 2653500  5 19 15  20.6  976 320  1.4 3  6.2  40  267  284 320 -404  2
4184500 2653500  5 19 16  20.5  976 340  2.5 4  6.2  40  156  255 323 -402  2
4184500 2653500  5 19 17  20.5  975 142  0.7 4  6.0  38  119  197 324 -392  2
4184500 2653500  5 19 18  19.2  975   5  1.2 4  6.1  40   77  135 323 -385  2
4184500 2653500  5 19 19  18.3  975  27  1.8 4  6.5  46   26   74 321 -383  2
4184500 2653500  5 19 20  16.9  976  68  1.8 5  6.2  48    2   16 320 -377  2
4184500 2653500  5 19 21  15.5  975 100  0.8 4  6.3  53    0    0 317 -372  2
4184500 2653500  5 19 22  14.4  976 131  0.6 3  6.7  61    0    0 306 -368  2
4184500 2653500  5 19 23  14.1  976 112  1.3 2  6.8  64    0    0 296 -364  2
4184500 2653500  5 19 24  13.5  976 134  1.2 1  7.1  69    0    0 288 -361  2
4184500 2653500  5 20  1  12.8  976 141  1.1 1  7.6  77    0    0 283 -359  2
4184500 2653500  5 20  2  14.5  976 147  1.8 1  7.9  78    0    0 285 -357  2
4184500 2653500  5 20  3  12.5  976 158  1.9 3  7.9  79    0    0 291 -354  2
4184500 2653500  5 20  4  12.5  976 158  2.0 4  7.6  81    0    0 299 -353  2
4184500 2653500  5 20  5  13.1  976 159  2.2 4  7.3  76    0   10 300 -353  2
4184500 2653500  5 20  6  14.0  976 132  1.1 2  7.5  75   79   39 294 -355  2
4184500 2653500  5 20  7  14.6  976 147  1.4 2  8.0  75  222   58 288 -361  2
4184500 2653500  5 20  8  16.8  976 148  1.8 2  8.2  71  348   62 291 -370  2
4184500 2653500  5 20  9  18.6  977 169  2.1 4  8.4  64  403  119 303 -381  2
4184500 2653500  5 20 10  20.1  977 211  2.8 5  8.8  61  460  162 321 -392  2
4184500 2653500  5 20 11  21.0  977 221  2.5 5  8.8  56  466  215 331 -403  2
4184500 2653500  5 20 12  21.8  977 220  2.5 6  8.4  51  512  221 340 -413  2
4184500 2653500  5 20 13  22.4  976 220  2.1 5  8.1  47  508  225 345 -418  2
4184500 2653500  5 20 14  22.7  976 236  2.6 4  7.8  44  496  211 340 -418  2
4184500 2653500  5 20 15  22.9  975 321  2.4 5  7.7  43  388  221 340 -419  2
4184500 2653500  5 20 16  22.7  974 224  2.7 5  8.0  44  191  240 344 -421  2
4184500 2653500  5 20 17  22.2  974 359  1.9 7  8.2  47   35  187 350 -416  2
4184500 2653500  5 20 18  21.5  974  72  2.3 8  8.4  49    0   67 361 -409  2
4184500 2653500  5 20 19  20.3  973  80  2.9 6  8.5  53    2   55 357 -401  2
4184500 2653500  5 20 20  19.0  973  99  1.9 4  8.8  59    3   17 339 -391  2
4184500 2653500  5 20 21  17.6  973 125  1.6 5  8.9  65    0    0 331 -381  2
4184500 2653500  5 20 22  17.3  973 126  2.7 4  8.8  67    0    0 328 -376  2
4184500 2653500  5 20 23  16.0  974 126  4.2 4  8.9  72    0    0 322 -372  2
4184500 2653500  5 20 24  14.2  973 104  2.3 4  9.2  82    0    0 318 -369  2
4184500 2653500  5 21  1  13.6  973 115  1.2 2  9.2  89    0    0 306 -365  2
4184500 2653500  5 21  2  13.2  973  91  2.3 3  9.2  92    0    0 299 -360  2
4184500 2653500  5 21  3  12.3  972 109  3.1 3  9.2  96    0    0 300 -359  2
4184500 2653500  5 21  4  12.4  971 108  3.3 3  8.9  95    0    0 298 -360  2
4184500 2653500  5 21  5  12.7  971 102  2.7 5  8.8  93    0   10 306 -360  2
4184500 2653500  5 21  6  12.9  971 109  1.9 5  8.8  92   22   53 316 -362  2
4184500 2653500  5 21  7  16.0  970  98  2.1 6  9.0  84   27  115 325 -369  2
4184500 2653500  5 21  8  18.2  971 127  2.1 6  9.2  72   35  185 338 -381  2
4184500 2653500  5 21  9  19.6  970 120  2.3 6  9.5  66   51  252 344 -395  2
4184500 2653500  5 21 10  20.7  970 156  2.3 5  9.7  63  104  321 344 -410  2
4184500 2653500  5 21 11  22.6  970 160  2.5 6  9.3  55   41  323 350 -424  2
4184500 2653500  5 21 12  21.1  969 192  5.3 7  9.0  52    3  240 360 -432  2
4184500 2653500  5 21 13  22.0  969 164  4.6 6  9.3  55   68  355 360 -432  2
4184500 2653500  5 21 14  23.6  968 165  5.5 5  9.4  52  574  238 356 -427  2
4184500 2653500  5 21 15  24.6  968 169  6.0 5  9.1  46  369  289 354 -420  2
4184500 2653500  5 21 16  23.6  967 192  4.4 6  9.0  46  132  284 359 -421  2
4184500 2653500  5 21 17  22.6  966 203  4.5 6  9.3  50   19  185 360 -423  2
4184500 2653500  5 21 18  21.6  966 196  3.4 5  9.5  54   27  137 350 -417  2
4184500 2653500  5 21 19  20.8  966 153  2.8 4  9.6  58   35   84 336 -410  2
4184500 2653500  5 21 20  19.0  965 135  2.5 6  9.5  62    2   19 336 -405  2
4184500 2653500  5 21 21  15.6  966 147  3.4 8  9.8  75    0    0 351 -400  2
4184500 2653500  5 21 22  14.8  967 125  3.9 8  9.6  84    0    0 356 -395  2
4184500 2653500  5 21 23  14.3  967 164  3.5 8  9.4  86    0    0 353 -392  2
4184500 2653500  5 21 24  14.3  967  65  2.8 8  9.4  88    0    0 352 -393  2
4184500 2653500  5 22  1  14.5  967 127  2.3 7  9.5  88    0    0 348 -391  2
4184500 2653500  5 22  2  14.3  967 159  2.2 7  9.7  90    0    0 343 -389  2
4184500 2653500  5 22  3  14.1  967 173  1.1 8  9.8  92    0    0 350 -389  2
4184500 2653500  5 22  4  14.1  967 164  0.6 5  9.7  92    0    0 339 -389  2
4184500 2653500  5 22  5  14.2  967 126  0.8 7  9.8  92    0    3 334 -390  2
4184500 2653500  5 22  6  14.5  967 195  1.3 7  9.9  92    0   20 348 -391  2
4184500 2653500  5 22  7  14.8  967 210  1.5 8 10.1  92    0   37 355 -392  2
4184500 2653500  5 22  8  14.6  967 221  2.2 8 10.1  92    0   55 361 -394  2
4184500 2653500  5 22  9  14.0  967 186  2.3 7  9.8  92    4  174 354 -400  2
4184500 2653500  5 22 10  12.8  967 144  4.0 7  9.3  92    0  176 346 -406  2
4184500 2653500  5 22 11  10.7  967 201  2.6 7  8.7  96    0  101 341 -408  2
4184500 2653500  5 22 12  11.8  969 179  2.1 5  8.4  96    3  236 329 -408  2
4184500 2653500  5 22 13  12.6  969 294  3.2 7  8.4  91    2  218 334 -408  2
4184500 2653500  5 22 14  13.5  969 317  2.9 8  8.5  86    0  200 351 -412  2
4184500 2653500  5 22 15  15.0  968 281  1.3 6  8.4  79   73  294 346 -415  2
4184500 2653500  5 22 16  15.4  969 287  1.4 4  8.2  72  393  174 330 -415  2
4184500 2653500  5 22 17  16.1  969 263  2.5 1  8.0  69  440   90 313 -415  2
4184500 2653500  5 22 18  14.8  969 250  2.3 4  7.8  68  228   87 310 -408  2
4184500 2653500  5 22 19  12.9  968 254  2.3 5  7.8  75   10   70 319 -399  2
4184500 2653500  5 22 20  11.4  969 230  2.6 5  7.8  84    4   18 318 -389  2
4184500 2653500  5 22 21  11.0  970 252  1.4 5  7.6  88    0    0 315 -379  2
4184500 2653500  5 22 22  11.0  972 258  2.2 5  7.5  88    0    0 315 -372  2
4184500 2653500  5 22 23  10.5  972 241  2.5 4  7.3  87    0    0 311 -369  2
4184500 2653500  5 22 24   9.1  972 251  2.2 7  7.0  88    0    0 315 -366  2
4184500 2653500  5 23  1   9.1  972 239  2.2 6  6.7  89    0    0 321 -363  2
4184500 2653500  5 23  2   8.2  973 227  2.5 6  6.7  92    0    0 314 -361  2
4184500 2653500  5 23  3   8.0  973 223  2.4 7  6.5  93    0    0 314 -358  2
4184500 2653500  5 23  4   7.2  973 235  2.3 6  6.3  94    0    0 310 -356  2
4184500 2653500  5 23  5   7.0  974 244  1.9 6  6.2  95    0    5 303 -354  2
4184500 2653500  5 23  6   8.7  974 237  1.9 7  6.3  92   29   54 311 -355  2
4184500 2653500  5 23  7  10.4  974 286  2.1 4  6.6  86   89  114 307 -359  2
4184500 2653500  5 23  8  11.7  975 298  2.9 4  6.6  77  127  183 297 -365  2
4184500 2653500  5 23  9  12.7  976 293  3.4 5  6.5  70  159  250 306 -374  2
4184500 2653500  5 23 10  12.8  976 285  3.5 5  6.5  68  374  245 311 -383  2
4184500 2653500  5 23 11  14.1  976 247  3.2 5  6.5  65  325  319 312 -393  2
4184500 2653500  5 23 12  15.2  976 243  3.1 4  6.6  61  434  301 311 -401  2
4184500 2653500  5 23 13  15.8  975 262  3.0 3  6.4  56  506  268 304 -407  2
4184500 2653500  5 23 14  17.0  975 253  3.1 3  6.2  51  602  194 302 -410  2
4184500 2653500  5 23 15  16.9  975 278  3.2 2  6.1  49  647  115 300 -411  2
4184500 2653500  5 23 16  17.4  975 247  2.5 1  6.0  48  530  111 291 -410  2
4184500 2653500  5 23 17  17.8  976 303  1.8 1  6.2  47  383  108 289 -407  2
4184500 2653500  5 23 18  17.2  975 315  1.8 1  6.3  48  219  102 289 -401  2
4184500 2653500  5 23 19  16.3  974 306  1.5 5  6.2  50   46   81 301 -392  2
4184500 2653500  5 23 20  14.4  974  38  2.1 4  6.3  56    0   10 306 -381  2
4184500 2653500  5 23 21  12.2  974 146  1.5 5  6.4  64    0    0 297 -371  2
4184500 2653500  5 23 22  11.9  974 137  1.3 6  6.4  70    0    0 299 -363  2
4184500 2653500  5 23 23  11.9  974 128  1.2 7  6.4  71    0    0 304 -360  2
4184500 2653500  5 23 24  12.2  974 126  2.0 7  6.5  71    0    0 305 -359  2
4184500 2653500  5 24  1  12.6  974 151  2.2 8  6.4  69    0    0 309 -357  2
4184500 2653500  5 24  2  12.7  973 146  1.3 8  6.5  69    0    0 313 -358  2
4184500 2653500  5 24  3  12.2  974 103  1.1 8  6.7  71    0    0 312 -358  2
4184500 2653500  5 24  4  12.3  974  95  1.5 8  6.7  73    0    0 310 -358  2
4184500 2653500  5 24  5  12.6  973 102  1.5 8  6.7  71    0    5 310 -358  2
4184500 2653500  5 24  6  13.0  973 105  1.9 6  6.6  69   11   53 304 -360  2
4184500 2653500  5 24  7  14.6  972 119  1.7 3  6.8  66  125  112 291 -365  2
4184500 2653500  5 24  8  16.9  972 191  1.7 2  7.2  62  348  113 285 -375  2
4184500 2653500  5 24  9  19.3  973 146  2.4 0  7.7  57  495  126 285 -389  2
4184500 2653500  5 24 10  20.7  973 183  3.2 0  8.3  54  629  128 287 -401  2
4184500 2653500  5 24 11  21.6  972 233  3.7 0  8.7  53  732  126 294 -410  2
4184500 2653500  5 24 12  22.3  972 231  3.3 0  8.8  51  781  131 301 -417  2
4184500 2653500  5 24 13  23.3  973 217  3.7 1  8.8  49  781  136 310 -421  2
4184500 2653500  5 24 14  23.8  972 249  3.9 1  9.0  48  730  142 319 -427  2
4184500 2653500  5 24 15  23.9  972 298  4.2 1  9.4  49  602  166 323 -433  2
4184500 2653500  5 24 16  23.7  972 268  4.0 1  9.7  50  469  166 326 -432  2
4184500 2653500  5 24 17  23.2  972 266  4.1 2  9.6  51  331  151 328 -426  2
4184500 2653500  5 24 18  22.7  972 278  4.4 2  9.6  52  173  132 329 -418  2
4184500 2653500  5 24 19  21.2  972 289  3.0 3  9.7  57   37   85 329 -407  2
4184500 2653500  5 24 20  20.1  972 274  2.8 3  9.9  62    1   20 328 -395  2
4184500 2653500  5 24 21  17.6  972 295  1.7 2  9.9  70    0    0 320 -385  2
4184500 2653500  5 24 22  17.0  973 309  1.7 2  9.9  77    0    0 312 -377  2
4184500 2653500  5 24 23  17.2  974 332  1.6 3  9.7  76    0    0 314 -372  2
4184500 2653500  5 24 24  16.1  974 327  1.9 2  9.4  76    0    0 311 -370  2
4184500 2653500  5 25  1  14.8  974 298  1.7 0  9.3  81    0    0 297 -367  2
4184500 2653500  5 25  2  14.4  974  32  1.0 0  9.1  84    0    0 289 -365  2
4184500 2653500  5 25  3  13.5  974 348  1.2 0  8.8  85    0    0 286 -364  2
4184500 2653500  5 25  4  12.4  974   2  1.3 0  8.6  89    0    0 284 -363  2
4184500 2653500  5 25  5  12.6  974 352  1.5 0  8.5  91    8   15 283 -363  2
4184500 2653500  5 25  6  13.2  974  18  1.8 0  8.6  88   80   57 284 -365  2
4184500 2653500  5 25  7  15.1  975   7  1.3 0  8.8  84  196   91 286 -371  2
4184500 2653500  5 25  8  16.9  974   6  1.3 0  8.9  75  339  114 290 -384  2
4184500 2653500  5 25  9  18.7  975   2  1.3 0  8.8  67  484  126 295 -401  2
4184500 2653500  5 25 10  20.6  975 176  1.3 0  8.6  58  616  129 302 -418  2
4184500 2653500  5 25 11  21.3  974 276  1.6 0  7.9  49  712  132 307 -432  2
4184500 2653500  5 25 12  22.4  974 229  1.8 0  7.2  42  757  140 311 -443  2
4184500 2653500  5 25 13  23.8  974 254  1.5 0  6.6  36  731  162 315 -453  2
4184500 2653500  5 25 14  23.7  974 314  1.9 0  6.8  36  676  172 319 -458  2
4184500 2653500  5 25 15  24.0  974 347  2.1 1  7.7  40  590  171 325 -460  2
4184500 2653500  5 25 16  24.0  973 329  2.2 1  8.2  42  453  175 329 -458  2
4184500 2653500  5 25 17  23.9  973 339  1.6 1  7.7  40  325  153 328 -452  2
4184500 2653500  5 25 18  23.7  972  10  2.0 0  7.5  39  180  129 323 -442  2
4184500 2653500  5 25 19  22.0  972  53  2.5 0  8.0  44   60   84 319 -430  2
4184500 2653500  5 25 20  20.1  971  50  2.1 1  8.8  54    1   20 319 -418  2
4184500 2653500  5 25 21  19.0  971  78  1.4 2  9.4  63    0    0 320 -408  2
4184500 2653500  5 25 22  18.2  971  88  1.6 2  9.3  66    0    0 319 -402  2
4184500 2653500  5 25 23  18.2  971  97  1.4 2  8.9  66    0    0 317 -398  2
4184500 2653500  5 25 24  17.9  970  95  2.5 1  8.7  64    0    0 314 -397  2
4184500 2653500  5 26  1  18.3  969  95  2.1 0  8.4  62    0    0 310 -397  2
4184500 2653500  5 26  2  18.5  969  96  1.9 1  8.0  58    0    0 312 -397  2
4184500 2653500  5 26  3  19.1  969  92  2.6 0  7.9  56    0    0 314 -397  2
4184500 2653500  5 26  4  19.2  968  99  3.1 0  7.8  54    0    0 314 -397  2
4184500 2653500  5 26  5  18.5  968  96  2.7 3  7.8  55    7   15 319 -397  2
4184500 2653500  5 26  6  18.8  968  92  3.0 2  8.2  58   76   62 321 -400  2
4184500 2653500  5 26  7  21.0  967  91  2.4 2  8.9  59  197   97 324 -404  2
4184500 2653500  5 26  8  23.0  967 113  3.0 2  9.8  56  322  129 333 -412  2
4184500 2653500  5 26  9  24.8  967 115  2.1 2 10.5  54  446  153 341 -426  2
4184500 2653500  5 26 10  26.5  967 129  1.4 2 10.9  50  543  177 350 -443  2
4184500 2653500  5 26 11  26.5  966 209  3.5 3 11.3  49  499  267 357 -462  2
4184500 2653500  5 26 12  26.3  966 204  6.1 3 11.4  50  432  332 361 -477  2
4184500 2653500  5 26 13  25.7  966 231  4.8 3 10.8  49  421  340 363 -482  2
4184500 2653500  5 26 14  26.6  966 245  5.1 2 10.0  45  545  260 363 -484  2
4184500 2653500  5 26 15  25.4  966 223  4.6 2  9.8  44  371  296 361 -484  2
4184500 2653500  5 26 16  25.4  966 236  4.4 3 10.0  47  351  238 361 -481  2
4184500 2653500  5 26 17  23.9  966 269  2.7 5  9.9  48  100  223 367 -474  2
4184500 2653500  5 26 18  22.5  965 335  2.4 7 10.1  54    0   73 375 -464  2
4184500 2653500  5 26 19  20.5  966 195  1.1 8 10.2  60    0   49 383 -454  2
4184500 2653500  5 26 20  19.1  965 211  3.1 7 10.3  68    0    2 378 -446  2
4184500 2653500  5 26 21  17.5  966 212  4.7 7 10.9  79    0    0 370 -436  2
4184500 2653500  5 26 22  16.5  967 228  3.5 7 11.1  87    0    0 365 -424  2
4184500 2653500  5 26 23  15.2  968 233  2.9 8 10.7  90    0    0 366 -412  2
4184500 2653500  5 26 24  15.0  969 237  3.0 8 10.6  94    0    0 368 -401  2
4184500 2653500  5 27  1  12.2  968 269  4.6 7  9.9  97    0    0 357 -392  2
4184500 2653500  5 27  2  11.4  969 281  4.4 8  8.8  97    0    0 351 -386  2
4184500 2653500  5 27  3  11.0  971 253  3.2 8  8.4  96    0    0 354 -381  2
4184500 2653500  5 27  4  10.8  971 293  3.5 7  8.1  95    0    0 346 -376  2
4184500 2653500  5 27  5  10.0  973 289  6.7 7  7.6  92    0    3 337 -373  2
4184500 2653500  5 27  6   9.1  973 280  6.0 6  6.9  89    3   45 328 -370  2
4184500 2653500  5 27  7   8.7  975 287  5.2 4  6.5  88  111   99 310 -367  2
4184500 2653500  5 27  8  10.1  976 289  5.4 3  6.3  82  366   75 296 -367  2
4184500 2653500  5 27  9  11.4  976 287  5.6 5  6.2  74  341  162 303 -369  2
4184500 2653500  5 27 10  12.1  977 288  5.5 4  6.2  69  353  225 308 -371  2
4184500 2653500  5 27 11  13.3  978 293  6.0 5  5.9  63  272  306 308 -379  2
4184500 2653500  5 27 12  13.2  979 292  5.0 4  5.5  56  425  266 305 -391  2
4184500 2653500  5 27 13  14.9  979 263  3.8 5  5.3  52  389  283 305 -398  2
4184500 2653500  5 27 14  15.0  979 244  3.7 5  5.2  48  234  314 310 -402  2
4184500 2653500  5 27 15  15.2  979 320  3.6 5  5.2  47  137  285 310 -405  2
4184500 2653500  5 27 16  15.7  979 291  4.5 7  5.2  46   51  237 320 -405  2
4184500 2653500  5 27 17  14.7  979 286  2.7 8  5.2  47   17  173 335 -402  2
4184500 2653500  5 27 18  14.8  978 263  2.0 7  5.4  50   12  119 337 -397  2
4184500 2653500  5 27 19  13.9  979 196  1.8 6  5.7  54   39   76 326 -389  2
4184500 2653500  5 27 20  12.2  979 156  1.3 6  6.0  62    6   21 319 -380  2
4184500 2653500  5 27 21  11.0  978 160  2.1 6  6.2  71    0    0 315 -371  2
4184500 2653500  5 27 22  11.1  978 196  2.4 6  6.2  73    0    0 314 -364  2
4184500 2653500  5 27 23  11.2  978 206  2.5 6  6.1  71    0    0 315 -362  2
4184500 2653500  5 27 24  10.8  978 204  3.2 6  6.0  71    0    0 315 -362  2
4184500 2653500  5 28  1  10.6  977 218  3.1 7  6.0  72    0    0 319 -364  2
4184500 2653500  5 28  2  10.2  977 223  2.7 7  6.0  73    0    0 324 -366  2
4184500 2653500  5 28  3   9.5  977 220  3.0 6  5.9  75    0    0 317 -367  2
4184500 2653500  5 28  4   9.5  977 230  3.3 5  5.9  76    0    0 306 -367  2
4184500 2653500  5 28  5  10.0  977 230  3.8 6  5.8  75    0    7 306 -367  2
4184500 2653500  5 28  6  10.6  976 229  5.2 7  5.9  73    0   24 319 -367  2
4184500 2653500  5 28  7  10.7  976 226  5.4 7  6.0  72    0   74 327 -368  2
4184500 2653500  5 28  8  10.3  977 249  4.7 7  6.2  76    4  133 328 -369  2
4184500 2653500  5 28  9  11.2  976 249  5.9 5  6.6  79   55  204 319 -372  2
4184500 2653500  5 28 10  10.9  976 250  5.8 8  6.9  80    0  150 324 -381  2
4184500 2653500  5 28 11  11.7  976 253  4.9 8  7.2  83    0  148 338 -390  2
4184500 2653500  5 28 12  12.7  977 260  6.0 6  7.6  82   22  256 327 -395  2
4184500 2653500  5 28 13  12.9  977 261  5.7 7  7.9  82   55  276 320 -399  2
4184500 2653500  5 28 14  13.2  977 271  5.2 7  8.1  84   20  248 322 -397  2
4184500 2653500  5 28 15  12.0  977 279  4.8 7  8.0  84    6  205 322 -392  2
4184500 2653500  5 28 16  10.9  977 318  4.5 6  7.6  87    0  114 315 -390  2
4184500 2653500  5 28 17  11.0  976 259  4.6 8  7.5  89    0   94 319 -389  2
4184500 2653500  5 28 18  13.0  978 258  4.0 6  7.4  81   24  111 324 -386  2
4184500 2653500  5 28 19  12.8  978 271  4.3 5  7.2  75    8   60 315 -383  2
4184500 2653500  5 28 20  11.3  978 304  4.5 5  6.2  68    0   14 306 -377  2
4184500 2653500  5 28 21  10.0  978 305  3.0 2  4.9  60    0    0 286 -370  2
4184500 2653500  5 28 22   9.2  979 296  4.7 3  4.4  57    0    0 273 -361  2
4184500 2653500  5 28 23   8.0  980 293  3.3 2  4.3  59    0    0 269 -355  2
4184500 2653500  5 28 24   6.6  981 283  2.7 1  4.4  67    0    0 256 -352  2
4184500 2653500  5 29  1   5.6  981 253  3.1 1  4.5  75    0    0 247 -351  2
4184500 2653500  5 29  2   5.5  981 249  2.6 2  4.6  80    0    0 251 -350  2
4184500 2653500  5 29  3   6.2  981 262  3.3 2  4.8  81    0    0 256 -349  2
4184500 2653500  5 29  4   6.2  981 267  3.5 6  5.0  82    0    0 276 -348  2
4184500 2653500  5 29  5   6.3  980 258  3.3 8  5.2  85    0    3 305 -349  2
4184500 2653500  5 29  6   6.5  980 267  4.4 8  5.3  86    0   25 314 -351  2
4184500 2653500  5 29  7   7.1  980 286  5.0 7  5.3  84   18   85 311 -351  2
4184500 2653500  5 29  8   7.6  981 283  5.4 8  5.5  83    3  126 311 -352  2
4184500 2653500  5 29  9   7.6  981 317  5.9 8  5.7  86    0  133 315 -356  2
4184500 2653500  5 29 10   8.9  981 320  5.9 7  6.1  87    9  213 310 -361  2
4184500 2653500  5 29 11   9.9  981 347  6.3 7  6.2  82   88  241 309 -363  2
4184500 2653500  5 29 12  11.1  981 328  5.7 5  6.3  78  280  172 303 -366  2
4184500 2653500  5 29 13  11.9  980 341  6.0 6  6.4  73  158  227 302 -380  2
4184500 2653500  5 29 14  11.5  980 345  5.1 8  6.2  70    0  156 314 -388  2
4184500 2653500  5 29 15  12.2  980 336  5.4 7  6.0  68    0  115 318 -389  2
4184500 2653500  5 29 16  12.3  979   6  4.4 8  5.8  63    0  102 317 -393  2
4184500 2653500  5 29 17  12.4  979 353  4.1 7  5.8  62    0   88 318 -394  2
4184500 2653500  5 29 18  12.2  979 350  3.8 7  5.9  64    0   59 315 -394  2
4184500 2653500  5 29 19  11.7  980 348  4.2 8  6.0  66    0   20 320 -389  2
4184500 2653500  5 29 20  11.4  980 134  3.8 8  6.1  69    0    4 324 -380  2
4184500 2653500  5 29 21  10.9  980  66  3.9 8  6.2  73    0    0 324 -370  2
4184500 2653500  5 29 22  10.4  981  67  3.9 8  6.3  77    0    0 314 -361  2
4184500 2653500  5 29 23   9.9  981 124  3.8 7  6.4  79    0    0 313 -354  2
4184500 2653500  5 29 24   9.4  981 190  3.4 6  6.4  81    0    0 319 -349  2
4184500 2653500  5 30  1   8.9  963 232  3.0 5  6.3  82    0    0 311 -371  2
4184500 2653500  5 30  2   8.4  964 258  2.5 4  6.2  83    0    0 282 -366  2
4184500 2653500  5 30  3   8.0  964 237  2.3 4  6.0  84    0    0 286 -361  2
4184500 2653500  5 30  4   7.7  964 233  2.4 4  5.9  85    0    0 303 -358  2
4184500 2653500  5 30  5   8.3  964 236  2.8 4  5.9  83    1   10 295 -356  2
4184500 2653500  5 30  6   8.0  964 231  3.0 3  5.7  83   76   53 279 -355  2
4184500 2653500  5 30  7   9.7  965 240  3.5 2  5.7  77  218   71 272 -358  2
4184500 2653500  5 30  8  10.7  965 245  4.5 4  5.6  69  193  164 281 -366  2
4184500 2653500  5 30  9  11.3  966 247  4.5 5  5.4  62  214  236 297 -376  2
4184500 2653500  5 30 10  12.5  965 245  6.4 4  5.0  55  522  154 298 -386  2
4184500 2653500  5 30 11  13.7  965 248  6.3 4  4.7  48  437  259 294 -396  2
4184500 2653500  5 30 12  13.3  965 245  5.7 5  4.6  45  303  348 298 -404  2
4184500 2653500  5 30 13  12.6  966 273  5.2 7  4.7  48   68  352 308 -410  2
4184500 2653500  5 30 14  12.7  966 239  6.7 5  4.7  49  166  348 305 -411  2
4184500 2653500  5 30 15  14.3  966 277  5.5 2  4.8  47  561  160 290 -409  2
4184500 2653500  5 30 16  12.9  966 275  6.3 3  4.9  48  121  271 284 -410  2
4184500 2653500  5 30 17  10.8  967 256  6.2 7  5.1  56    7  174 297 -407  2
4184500 2653500  5 30 18   9.7  968 239  4.1 5  5.5  68   35  147 302 -402  2
4184500 2653500  5 30 19   9.4  969 277  2.6 3  5.7  73  104   73 286 -397  2
4184500 2653500  5 30 20   7.9  968 216  4.2 5  5.7  78   14   29 282 -391  2
4184500 2653500  5 30 21   7.0  969 222  4.5 6  5.7  85    0    0 289 -386  2
4184500 2653500  5 30 22   6.9  970 276  2.6 4  5.7  87    0    0 284 -383  2
4184500 2653500  5 30 23   6.5  970 228  2.8 5  5.6  88    0    0 280 -379  2
4184500 2653500  5 30 24   6.0  970 239  2.5 7  5.5  88    0    0 291 -373  2
4184500 2653500  5 31  1   5.2  971 202  2.0 3  5.3  90    0    0 283 -367  2
4184500 2653500  5 31  2   4.5  971 241  2.4 3  5.2  92    0    0 267 -363  2
4184500 2653500  5 31  3   4.2  971 210  2.1 3  5.0  92    0    0 266 -361  2
4184500 2653500  5 31  4   3.9  970 215  3.4 1  4.9  93    0    0 258 -362  2
4184500 2653500  5 31  5   3.9  970 192  3.6 2  4.9  93    1   10 254 -363  2
4184500 2653500  5 31  6   5.0  971 163  3.7 3  5.1  93   76   52 263 -366  2
4184500 2653500  5 31  7   7.2  971 136  3.8 2  5.5  90  209   73 267 -370  2
4184500 2653500  5 31  8   9.1  972 351  3.6 4  5.8  82  258  132 277 -377  2
4184500 2653500  5 31  9  10.3  972 355  4.5 4  5.9  75  279  208 292 -383  2
4184500 2653500  5 31 10  11.8  972 329  4.1 5  5.7  66  301  268 302 -386  2
4184500 2653500  5 31 11  13.1  971 351  4.3 5  5.3  57  234  341 312 -387  2
4184500 2653500  5 31 12  13.6  971  80  4.4 6  5.2  52  191  367 322 -385  2
4184500 2653500  5 31 13  15.2  970  36  4.3 4  5.0  47  454  285 318 -392  2
4184500 2653500  5 31 14  14.0  970 320  4.2 5  5.0  46  168  346 313 -399  2
4184500 2653500  5 31 15  13.9  969 285  4.7 7  5.0  48    9  248 326 -394  2
4184500 2653500  5 31 16  12.3  969 290  3.9 7  5.1  52    5  203 334 -395  2
4184500 2653500  5 31 17  11.9  969 356  3.3 8  5.5  60    0  121 337 -398  2
4184500 2653500  5 31 18  10.6  969  43  3.3 7  5.9  68    1  105 335 -396  2
4184500 2653500  5 31 19  10.2  969 223  0.9 7  6.1  75    0   42 327 -393  2
4184500 2653500  5 31 20   9.8  968 150  0.9 7  6.1  76    0    8 326 -387  2
4184500 2653500  5 31 21   9.2  968 162  0.0 8  6.3  82    0    0 331 -381  2
4184500 2653500  5 31 22   9.1  968  96  0.0 7  6.5  86    0    0 330 -375  2
4184500 2653500  5 31 23   9.0  967 108  1.4 8  6.5  87    0    0 328 -372  2
4184500 2653500  5 31 24   8.4  967 107  1.2 8  6.5  89    0    0 332 -370  2
4184500 2653500  6  1  1   8.2  966  69  1.1 8  6.6  92    0    0 331 -367  2
4184500 2653500  6  1  2   8.2  965  97  1.6 8  6.7  94    0    0 331 -365  2
4184500 2653500  6  1  3   8.1  965  73  1.8 8  6.8  95    0    0 331 -364  2
4184500 2653500  6  1  4   8.1  965  72  0.9 8  6.8  96    0    0 332 -363  2
4184500 2653500  6  1  5   8.0  965  63  0.8 8  6.8  96    0    7 333 -363  2
4184500 2653500  6  1  6   8.1  965  31  0.6 8  6.7  95    0   32 333 -363  2
4184500 2653500  6  1  7   8.2  966  27  1.7 8  6.8  95    0   48 333 -364  2
4184500 2653500  6  1  8   8.5  966  24  2.2 8  6.9  95    0   78 334 -366  2
4184500 2653500  6  1  9   9.1  967   7  2.9 8  6.9  92    0  132 336 -370  2
4184500 2653500  6  1 10   9.9  969   4  3.4 8  6.9  88    1  205 338 -375  2
4184500 2653500  6  1 11  11.1  970   8  3.4 7  6.8  82   31  308 335 -380  2
4184500 2653500  6  1 12  11.7  970  10  3.5 6  6.6  76   26  313 325 -386  2
4184500 2653500  6  1 13  12.1  971   0  3.7 6  6.5  71   37  333 318 -393  2
4184500 2653500  6  1 14  12.6  972  24  1.1 6  6.5  70    7  265 313 -402  2
4184500 2653500  6  1 15  13.3  973 358  1.4 5  6.6  68   70  312 307 -405  2
4184500 2653500  6  1 16  13.4  973 344  1.9 4  6.4  64  153  275 298 -402  2
4184500 2653500  6  1 17  14.5  973 343  2.8 3  6.1  59  360  128 291 -395  2
4184500 2653500  6  1 18  14.1  974 356  2.6 3  5.9  56  229  105 286 -391  2
4184500 2653500  6  1 19  13.8  974   3  1.4 3  5.8  56   76   84 284 -389  2
4184500 2653500  6  1 20  13.3  975 338  0.9 3  5.9  58   10   29 282 -381  2
4184500 2653500  6  1 21  11.4  976 257  0.2 3  5.7  61    0    0 278 -372  2
4184500 2653500  6  1 22  10.2  976 179  1.2 2  5.7  68    0    0 270 -362  2
4184500 2653500  6  1 23   8.2  977 167  1.7 1  5.9  79    0    0 260 -353  2
4184500 2653500  6  1 24   7.5  977 163  1.5 2  5.8  84    0    0 256 -348  2
4184500 2653500  6  2  1   7.2  978 155  1.7 1  5.5  85    0    0 252 -346  2
4184500 2653500  6  2  2   6.8  978 151  1.7 1  5.5  86    0    0 253 -345  2
4184500 2653500  6  2  3   7.1  978 156  2.1 1  5.5  86    0    0 255 -345  2
4184500 2653500  6  2  4   7.0  978 148  2.3 2  5.6  86    0    0 260 -346  2
4184500 2653500  6  2  5   7.4  978 157  2.0 5  5.6  86    0    2 271 -348  2
4184500 2653500  6  2  6   8.5  978 134  2.0 6  5.9  85    8   57 286 -353  2
4184500 2653500  6  2  7  10.5  978 176  2.0 5  6.3  82  111  126 291 -364  2
4184500 2653500  6  2  8  12.7  978 205  2.8 6  6.7  76   86  208 300 -378  2
4184500 2653500  6  2  9  14.4  979 223  3.7 6  6.9  68  106  273 313 -392  2
4184500 2653500  6  2 10  15.5  979 215  4.2 6  6.9  63  248  313 322 -403  2
4184500 2653500  6  2 11  16.9  978 208  3.8 5  7.0  59  440  289 324 -406  2
4184500 2653500  6  2 12  18.3  978 198  3.2 4  6.6  51  412  334 321 -404  2
4184500 2653500  6  2 13  18.6  978 203  3.7 5  6.4  46  188  395 326 -402  2
4184500 2653500  6  2 14  18.7  978 229  5.6 6  6.4  46  127  362 339 -405  2
4184500 2653500  6  2 15  19.1  977 212  5.2 6  6.5  46  205  339 348 -403  2
4184500 2653500  6  2 16  19.6  977 212  3.8 6  6.6  46  174  287 352 -397  2
4184500 2653500  6  2 17  18.9  977 223  4.4 6  6.6  46  180  223 352 -401  2
4184500 2653500  6  2 18  19.4  977 216  2.5 6  6.7  46   92  165 353 -407  2
4184500 2653500  6  2 19  18.0  976 208  2.8 6  7.0  50   15   93 351 -406  2
4184500 2653500  6  2 20  17.0  976 208  3.0 6  7.3  56    3   35 348 -402  2
4184500 2653500  6  2 21  15.1  976 193  3.4 5  7.4  63    0    0 340 -397  2
4184500 2653500  6  2 22  13.9  976 197  3.1 5  7.5  70    0    0 333 -394  2
4184500 2653500  6  2 23  13.9  977 206  3.0 5  7.6  74    0    0 330 -393  2
4184500 2653500  6  2 24  13.7  977 206  2.3 2  7.7  75    0    0 321 -390  2
4184500 2653500  6  3  1  13.0  977 200  3.5 2  7.6  77    0    0 309 -388  2
4184500 2653500  6  3  2  12.8  976 197  3.2 2  7.6  79    0    0 307 -388  2
4184500 2653500  6  3  3  12.1  976 202  2.8 3  7.5  80    0    0 306 -388  2
4184500 2653500  6  3  4  11.9  976 200  2.5 5  7.4  82    0    0 312 -388  2
4184500 2653500  6  3  5  11.8  976 209  3.4 5  7.5  83    4   14 314 -389  2
4184500 2653500  6  3  6  13.5  976 211  3.2 4  7.8  82   77   61 312 -393  2
4184500 2653500  6  3  7  15.9  976 211  3.6 1  8.2  75  211   87 309 -402  2
4184500 2653500  6  3  8  17.8  976 215  4.5 1  8.4  68  359  102 309 -413  2
4184500 2653500  6  3  9  20.1  976 230  4.3 1  8.7  61  502  112 317 -425  2
4184500 2653500  6  3 10  21.8  976 203  3.8 3  9.1  57  615  123 329 -439  2
4184500 2653500  6  3 11  23.1  975 213  4.4 4  9.0  51  691  138 342 -454  2
4184500 2653500  6  3 12  24.5  976 233  4.9 4  8.6  45  770  126 350 -468  2
4184500 2653500  6  3 13  25.0  975 213  4.0 5  8.3  41  739  151 356 -477  2
4184500 2653500  6  3 14  25.6  975 213  2.9 5  8.1  39  591  220 361 -483  2
4184500 2653500  6  3 15  26.8  974 202  4.4 4  8.2  37  496  226 362 -486  2
4184500 2653500  6  3 16  27.1  974 231  4.5 3  7.9  34  495  153 359 -485  2
4184500 2653500  6  3 17  27.1  974 237  3.3 3  7.6  32  373  134 355 -480  2
4184500 2653500  6  3 18  26.7  973 240  2.8 2  7.8  34  192  134 350 -472  2
4184500 2653500  6  3 19  25.9  973 225  1.8 3  7.9  36   74   93 350 -462  2
4184500 2653500  6  3 20  22.9  973 222  1.6 3  8.1  41   13   35 349 -454  2
4184500 2653500  6  3 21  20.1  972 210  2.5 2  8.3  50    0    0 336 -448  2
4184500 2653500  6  3 22  18.9  973 214  3.0 1  8.2  56    0    0 324 -444  2
4184500 2653500  6  3 23  17.7  973 217  3.6 2  8.2  60    0    0 319 -441  2
4184500 2653500  6  3 24  17.2  974 215  2.8 4  8.4  65    0    0 328 -439  2
4184500 2653500  6  4  1  16.4  974 199  3.0 3  8.7  70    0    0 331 -438  2
4184500 2653500  6  4  2  16.4  974 216  2.2 2  8.7  72    0    0 323 -438  2
4184500 2653500  6  4  3  15.5  973 248  1.4 3  8.8  75    0    0 321 -438  2
4184500 2653500  6  4  4  14.6  973 236  1.7 4  8.7  78    0    0 324 -433  2
4184500 2653500  6  4  5  14.8  973 262  2.3 5  8.5  78    0    6 330 -430  2
4184500 2653500  6  4  6  16.1  974 329  1.6 4  8.4  74   42   59 330 -429  2
4184500 2653500  6  4  7  17.9  975  94  1.9 1  8.8  70  218   68 314 -430  2
4184500 2653500  6  4  8  19.3  975 192  1.9 1  9.3  67  307  108 301 -431  2
4184500 2653500  6  4  9  21.6  975   4  2.1 1  9.6  61  547   58 307 -433  2
4184500 2653500  6  4 10  23.3  975 265  2.5 1 10.1  57  677   59 317 -437  2
4184500 2653500  6  4 11  24.6  975 165  2.4 2 10.5  54  765   67 330 -441  2
4184500 2653500  6  4 12  25.9  975 272  1.6 2 10.5  50  708  131 342 -451  2
4184500 2653500  6  4 13  27.0  974 353  2.9 3 10.2  45  344  328 354 -463  2
4184500 2653500  6  4 14  27.2  974  14  3.4 6 10.2  44  104  328 375 -465  2
4184500 2653500  6  4 15  27.4  973  58  4.4 4 10.5  44  204  308 380 -466  2
4184500 2653500  6  4 16  26.5  973  71  2.2 4 10.5  45  317  221 370 -464  2
4184500 2653500  6  4 17  26.6  973  86  2.2 4 10.3  45   92  207 366 -453  2
4184500 2653500  6  4 18  26.4  972 128  2.7 1  9.8  44  247   92 351 -447  2
4184500 2653500  6  4 19  25.6  971  66  2.8 1  9.8  44  111   72 333 -444  2
4184500 2653500  6  4 20  23.9  971  66  1.1 3 10.0  49   21   33 336 -431  2
4184500 2653500  6  4 21  22.5  972 151  1.8 4 10.2  55    0    1 346 -419  2
4184500 2653500  6  4 22  21.3  971 136  1.9 3 10.1  59    0    0 341 -413  2
4184500 2653500  6  4 23  19.3  972 133  2.9 3 10.3  66    0    0 329 -411  2
4184500 2653500  6  4 24  18.8  972 151  0.9 3 10.6  73    0    0 324 -409  2
4184500 2653500  6  5  1  17.5  973  65  2.0 5 10.7  78    0    0 334 -407  2
4184500 2653500  6  5  2  16.2  973  47  1.8 3 10.8  86    0    0 333 -404  2
4184500 2653500  6  5  3  15.8  972 112  1.9 2 10.8  91    0    0 320 -400  2
4184500 2653500  6  5  4  16.3  972 133  1.8 4 10.7  89    0    0 324 -397  2
4184500 2653500  6  5  5  16.3  972 148  0.4 5 10.5  87    7   17 335 -396  2
4184500 2653500  6  5  6  17.1  971 119  1.4 4 10.5  84   13   57 336 -400  2
4184500 2653500  6  5  7  18.8  971 118  0.6 5 10.6  79  134  110 340 -408  2
4184500 2653500  6  5  8  20.1  970 125  3.0 5 11.1  75  160  183 350 -417  2
4184500 2653500  6  5  9  22.0  971 255  3.7 4 11.7  72  508   93 353 -431  2
4184500 2653500  6  5 10  24.1  971 253  5.5 2 11.7  63  713   63 345 -451  2
4184500 2653500  6  5 11  25.9  971 243  4.3 1 10.9  53  800   70 339 -455  2
4184500 2653500  6  5 12  26.5  971 264  4.5 2 10.5  47  839   74 346 -447  2
4184500 2653500  6  5 13  27.4  971 293  5.2 6 10.6  46  164  376 374 -448  2
4184500 2653500  6  5 14  25.9  971 260  4.4 5 10.8  47  157  351 386 -458  2
4184500 2653500  6  5 15  26.5  971 310  3.5 6 11.0  49  101  305 385 -458  2
4184500 2653500  6  5 16  26.3  971   5  2.6 6 11.2  50  108  266 390 -448  2
4184500 2653500  6  5 17  26.3  971 314  1.9 6 11.4  51  110  216 390 -445  2
4184500 2653500  6  5 18  25.8  971  15  2.8 4 11.4  52  168  139 379 -443  2
4184500 2653500  6  5 19  24.4  971  33  1.7 6 11.6  56   48   94 376 -436  2
4184500 2653500  6  5 20  22.8  972 108  1.0 4 11.9  62    5   34 371 -426  2
4184500 2653500  6  5 21  20.9  972  69  1.0 5 11.7  68    0    1 360 -416  2
4184500 2653500  6  5 22  19.5  972 139  0.9 4 11.5  74    0    0 352 -405  2
4184500 2653500  6  5 23  18.8  972 151  1.2 3 11.5  79    0    0 339 -398  2
4184500 2653500  6  5 24  18.1  973 144  0.5 3 11.3  82    0    0 329 -394  2
4184500 2653500  6  6  1  17.4  973 165  0.7 1 11.1  84    0    0 317 -390  2
4184500 2653500  6  6  2  16.9  973 180  1.5 0 10.9  85    0    0 298 -387  2
4184500 2653500  6  6  3  15.4  972 161  1.7 0 10.5  88    0    0 286 -388  2
4184500 2653500  6  6  4  15.5  971  18  0.9 1 10.2  89    0    0 284 -393  2
4184500 2653500  6  6  5  14.6  971 170  1.9 2 10.0  89   10   17 291 -396  2
4184500 2653500  6  6  6  16.2  971 146  0.6 4 10.3  90   63   59 307 -397  2
4184500 2653500  6  6  7  19.4  972 360  1.1 5 11.1  83   66  124 331 -400  2
4184500 2653500  6  6  8  20.2  971 119  1.6 4 11.8  78  298  118 336 -403  2
4184500 2653500  6  6  9  22.0  971 120  1.8 5 12.1  74  362  172 341 -401  2
4184500 2653500  6  6 10  23.8  972 147  2.0 6 12.2  66  335  258 360 -399  2
4184500 2653500  6  6 11  24.9  971 297  1.4 6 12.2  61  586  181 373 -400  2
4184500 2653500  6  6 12  25.9  970 140  2.2 5 12.0  56  417  303 375 -401  2
4184500 2653500  6  6 13  26.1  969  71  2.3 6 11.8  53  356  331 379 -403  2
4184500 2653500  6  6 14  26.6  969 103  3.5 7 11.6  52   21  297 391 -407  2
4184500 2653500  6  6 15  24.8  969  97  2.6 8 11.9  55    0  185 398 -412  2
4184500 2653500  6  6 16  22.3  968  41  2.2 8 12.3  65    0  153 396 -417  2
4184500 2653500  6  6 17  19.7  968  16  5.0 8 12.2  74    0   49 387 -419  2
4184500 2653500  6  6 18  18.2  967  65  3.0 8 11.9  82    0   36 380 -418  2
4184500 2653500  6  6 19  17.7  967  35  3.2 6 12.0  88    0   59 365 -414  2
4184500 2653500  6  6 20  17.2  968   5  2.7 7 12.0  91    0    7 356 -408  2
4184500 2653500  6  6 21  17.6  968 171  2.3 8 11.8  90    0    0 368 -402  2
4184500 2653500  6  6 22  17.0  968 105  2.4 7 11.6  89    0    0 367 -400  2
4184500 2653500  6  6 23  16.6  967 203  3.7 7 11.2  89    0    0 358 -401  2
4184500 2653500  6  6 24  16.9  967 244  2.9 5 11.0  88    0    0 344 -402  2
4184500 2653500  6  7  1  15.0  968 232  2.0 5 10.8  90    0    0 329 -403  2
4184500 2653500  6  7  2  15.3  968 211  2.2 6 10.6  94    0    0 334 -403  2
4184500 2653500  6  7  3  15.8  968 222  4.5 6 10.8  93    0    0 341 -403  2
4184500 2653500  6  7  4  15.9  968 211  3.3 7 10.8  91    0    0 348 -404  2
4184500 2653500  6  7  5  15.2  968 230  3.4 6 10.6  92    0   10 346 -402  2
4184500 2653500  6  7  6  15.5  968 244  4.7 7 10.6  93    3   51 345 -400  2
4184500 2653500  6  7  7  16.0  968 253  5.2 3 10.9  93   94  175 328 -398  2
4184500 2653500  6  7  8  17.4  968 269  4.8 6 11.1  89  103  259 326 -392  2
4184500 2653500  6  7  9  17.4  969 260  5.1 6 11.1  85   54  308 348 -384  2
4184500 2653500  6  7 10  16.3  969 272  4.7 7 10.6  84    3  241 352 -380  2
4184500 2653500  6  7 11  16.3  970 274  4.3 8 10.1  83    0  170 362 -379  2
4184500 2653500  6  7 12  15.5  970 268  4.5 8  9.8  83    0  111 366 -379  2
4184500 2653500  6  7 13  14.9  970 283  3.7 8  9.4  83    0  103 363 -380  2
4184500 2653500  6  7 14  15.3  970 292  3.4 8  9.0  80    0  102 362 -382  2
4184500 2653500  6  7 15  15.3  970 305  4.2 8  8.7  76    0  141 362 -384  2
4184500 2653500  6  7 16  14.1  970 298  5.0 8  8.4  77    0   86 359 -386  2
4184500 2653500  6  7 17  13.4  971 306  5.5 7  8.0  78    0  103 350 -390  2
4184500 2653500  6  7 18  13.4  971 299  4.3 8  7.7  77    0   56 349 -394  2
4184500 2653500  6  7 19  13.1  971 305  2.9 7  7.6  77    0   40 348 -393  2
4184500 2653500  6  7 20  12.6  971 277  3.3 8  7.5  78    0   28 347 -389  2
4184500 2653500  6  7 21  12.2  972 271  2.6 8  7.5  80    0    0 349 -384  2
4184500 2653500  6  7 22  11.9  972 276  3.3 5  7.4  81    0    0 337 -381  2
4184500 2653500  6  7 23  10.5  973 298  3.3 5  7.2  83    0    0 323 -379  2
4184500 2653500  6  7 24   9.1  972 316  3.2 4  6.8  87    0    0 313 -373  2
4184500 2653500  6  8  1   8.6  972 245  3.2 4  6.6  90    0    0 305 -369  2
4184500 2653500  6  8  2   8.9  972 248  2.7 5  6.6  90    0    0 308 -365  2
4184500 2653500  6  8  3   9.3  972 247  3.0 7  6.8  90    0    0 320 -362  2
4184500 2653500  6  8  4   9.7  972 238  4.1 7  7.0  91    0    0 330 -362  2
4184500 2653500  6  8  5   9.7  972 238  3.0 8  7.2  92    0    7 334 -365  2
4184500 2653500  6  8  6  10.2  972 245  3.0 7  7.4  92    7   51 335 -368  2
4184500 2653500  6  8  7  11.1  973 252  4.5 6  7.6  91   19  111 328 -371  2
4184500 2653500  6  8  8  12.4  973 251  5.3 7  7.7  86   32  179 332 -376  2
4184500 2653500  6  8  9  12.6  973 258  5.6 7  7.5  79   10  214 336 -384  2
4184500 2653500  6  8 10  13.4  973 265  4.9 6  7.6  78   71  303 333 -392  2
4184500 2653500  6  8 11  13.3  973 262  5.5 8  7.6  77    5  264 337 -402  2
4184500 2653500  6  8 12  11.8  973 278  4.1 8  7.4  78    1  249 341 -412  2
4184500 2653500  6  8 13  12.7  974 273  3.8 5  7.4  80  219  349 328 -420  2
4184500 2653500  6  8 14  13.8  973 280  7.3 7  7.5  76   82  317 326 -425  2
4184500 2653500  6  8 15  13.3  974 289  6.2 7  7.3  72   48  273 331 -429  2
4184500 2653500  6  8 16  12.8  974 287  7.3 4  7.0  71  182  253 317 -427  2
4184500 2653500  6  8 17  13.4  974 297  8.0 5  7.0  71  141  201 310 -421  2
4184500 2653500  6  8 18  13.6  975 266  6.2 7  7.2  71   59  150 322 -416  2
4184500 2653500  6  8 19  13.2  975 169  5.5 6  7.2  72    8   81 326 -408  2
4184500 2653500  6  8 20  12.0  976 177  4.2 7  6.9  73    0   14 324 -396  2
4184500 2653500  6  8 21  10.8  976 202  3.0 6  6.8  78    0    0 320 -384  2
4184500 2653500  6  8 22   9.6  976 175  2.2 6  6.9  86    0    0 310 -375  2
4184500 2653500  6  8 23   9.2  977 150  1.7 6  6.9  91    0    0 303 -371  2
4184500 2653500  6  8 24   8.8  977 154  2.0 4  6.8  92    0    0 293 -368  2
4184500 2653500  6  9  1   7.9  977 235  1.7 3  6.7  94    0    0 280 -364  2
4184500 2653500  6  9  2   7.8  977 167  1.9 3  6.5  94    0    0 274 -359  2
4184500 2653500  6  9  3   7.2  977 189  1.7 3  6.3  94    0    0 273 -355  2
4184500 2653500  6  9  4   7.6  978  15  1.0 6  6.5  97    0    0 282 -354  2
4184500 2653500  6  9  5   8.4  978  12  1.0 7  6.7  96    0    5 296 -355  2
4184500 2653500  6  9  6   8.6  978 125  1.1 7  6.7  94   23   60 300 -357  2
4184500 2653500  6  9  7   9.5  978 119  1.3 3  7.0  94  186   90 288 -366  2
4184500 2653500  6  9  8  10.5  978  30  1.0 2  7.1  89  387   73 275 -381  2
4184500 2653500  6  9  9  13.1  978 139  1.5 2  7.0  78  562   62 277 -398  2
4184500 2653500  6  9 10  14.6  978 230  1.5 4  6.8  67  662   75 288 -414  2
4184500 2653500  6  9 11  16.1  977 276  2.0 5  6.5  58  599  177 298 -427  2
4184500 2653500  6  9 12  17.4  977 300  2.7 5  6.4  52  543  244 307 -436  2
4184500 2653500  6  9 13  17.9  976 262  2.5 5  6.6  51  534  255 313 -441  2
4184500 2653500  6  9 14  19.2  977 347  2.5 4  6.6  48  534  235 316 -443  2
4184500 2653500  6  9 15  19.5  976  10  2.3 3  6.5  45  461  229 314 -443  2
4184500 2653500  6  9 16  20.2  975 111  1.9 4  6.6  44  266  249 317 -441  2
4184500 2653500  6  9 17  19.9  975  54  2.5 4  6.7  44  206  201 320 -437  2
4184500 2653500  6  9 18  19.9  975 142  2.0 4  6.8  45  108  153 318 -430  2
4184500 2653500  6  9 19  19.3  974 125  2.6 3  6.9  47   56   95 313 -422  2
4184500 2653500  6  9 20  18.3  974 128  2.7 1  7.0  50   13   36 306 -413  2
4184500 2653500  6  9 21  15.5  974 114  2.2 1  7.1  56    0    1 297 -403  2
4184500 2653500  6  9 22  14.1  974 111  2.3 0  7.0  64    0    0 288 -395  2
4184500 2653500  6  9 23  13.4  975 123  2.5 0  6.9  67    0    0 283 -391  2
4184500 2653500  6  9 24  12.1  975 116  1.5 0  6.8  71    0    0 280 -390  2
4184500 2653500  6 10  1  12.1  975 120  1.6 0  6.6  72    0    0 277 -388  2
4184500 2653500  6 10  2  12.6  974 123  2.8 0  6.4  69    0    0 278 -385  2
4184500 2653500  6 10  3  13.1  974 130  2.8 0  6.4  67    0    0 279 -384  2
4184500 2653500  6 10  4  12.5  974 134  2.6 0  6.3  66    0    0 279 -384  2
4184500 2653500  6 10  5  11.9  974 135  2.8 0  6.3  69   10   19 277 -384  2
4184500 2653500  6 10  6  12.7  974 141  2.6 0  6.5  70   94   61 276 -384  2
4184500 2653500  6 10  7  15.3  974 124  2.6 0  6.8  66  236   79 280 -388  2
4184500 2653500  6 10  8  17.5  973 121  2.4 0  7.2  59  387   89 287 -397  2
4184500 2653500  6 10  9  19.1  974 114  2.8 0  7.6  56  531   96 293 -408  2
4184500 2653500  6 10 10  21.5  973 111  3.6 0  8.0  52  666   95 301 -420  2
4184500 2653500  6 10 11  22.2  973 117  4.9 0  8.0  47  764   93 308 -431  2
4184500 2653500  6 10 12  23.4  973 130  4.8 0  8.0  44  838   82 312 -439  2
4184500 2653500  6 10 13  24.0  973 126  5.1 0  8.2  43  852   81 317 -445  2
4184500 2653500  6 10 14  25.0  972 144  4.0 0  8.2  41  769  111 321 -449  2
4184500 2653500  6 10 15  25.2  972 123  4.0 0  8.2  40  678  118 324 -452  2
4184500 2653500  6 10 16  25.7  971 118  3.5 0  8.5  40  540  128 327 -452  2
4184500 2653500  6 10 17  25.9  971 114  3.8 0  8.7  40  374  135 329 -449  2
4184500 2653500  6 10 18  25.5  971 122  3.3 0  8.9  41  239  114 329 -441  2
4184500 2653500  6 10 19  24.6  970 122  3.1 0  9.3  45  107   86 327 -432  2
4184500 2653500  6 10 20  22.8  970 116  3.3 0  9.4  50   18   40 325 -422  2
4184500 2653500  6 10 21  21.4  970 116  3.2 0  9.6  56    0    2 321 -415  2
4184500 2653500  6 10 22  20.1  970 119  3.2 0  9.6  60    0    0 315 -412  2
4184500 2653500  6 10 23  18.9  970 139  2.9 1  9.7  66    0    0 309 -409  2
4184500 2653500  6 10 24  18.0  970 155  2.5 2  9.8  72    0    0 309 -406  2
4184500 2653500  6 11  1  17.4  975 169  2.1 3  9.9  77    0    0 333 -414  2
4184500 2653500  6 11  2  16.9  974 174  1.8 4 10.1  81    0    0 340 -412  2
4184500 2653500  6 11  3  16.8  974 180  1.6 6 10.4  84    0    0 350 -409  2
4184500 2653500  6 11  4  17.0  974 182  1.7 6 10.6  84    0    0 357 -406  2
4184500 2653500  6 11  5  17.4  973 210  2.0 6 10.6  83    0    2 359 -406  2
4184500 2653500  6 11  6  17.8  973 235  2.6 7 10.9  83    0   37 360 -409  2
4184500 2653500  6 11  7  18.8  973 230  2.1 7 11.2  82   17  122 361 -414  2
4184500 2653500  6 11  8  20.6  973 231  1.9 6 11.8  78  149  192 360 -420  2
4184500 2653500  6 11  9  21.7  974 248  4.0 5 12.2  74  393  162 356 -430  2
4184500 2653500  6 11 10  23.3  974 274  3.5 6 12.2  69  597  118 359 -443  2
4184500 2653500  6 11 11  23.0  974 289  3.9 8 12.0  65  268  344 376 -454  2
4184500 2653500  6 11 12  23.4  974 291  3.6 8 12.2  66   51  353 387 -464  2
4184500 2653500  6 11 13  24.3  974 283  4.3 7 12.6  65  144  381 385 -470  2
4184500 2653500  6 11 14  25.0  974 301  4.2 6 12.5  62  221  356 381 -473  2
4184500 2653500  6 11 15  24.7  973 301  3.9 5 12.3  60  257  316 372 -467  2
4184500 2653500  6 11 16  25.1  973 283  3.8 7 12.0  58   53  269 377 -463  2
4184500 2653500  6 11 17  23.1  973 323  3.8 7 12.0  61   16  199 384 -462  2
4184500 2653500  6 11 18  21.8  973 282  2.2 6 12.1  68    0   93 373 -454  2
4184500 2653500  6 11 19  20.6  973 282  1.7 7 12.1  74    0   50 369 -443  2
4184500 2653500  6 11 20  19.9  973 309  0.0 7 12.2  78    0   26 371 -434  2
4184500 2653500  6 11 21  19.2  973 216  0.0 8 12.1  81    0    1 373 -423  2
4184500 2653500  6 11 22  18.5  973 216  0.9 8 12.1  85    0    0 375 -414  2
4184500 2653500  6 11 23  18.2  973 175  0.6 7 12.1  88    0    0 367 -412  2
4184500 2653500  6 11 24  18.0  972 151  0.4 7 12.0  88    0    0 361 -410  2
4184500 2653500  6 12  1  17.7  972 201  0.0 7 11.8  88    0    0 359 -406  2
4184500 2653500  6 12  2  17.4  972 205  0.1 7 11.6  89    0    0 358 -402  2
4184500 2653500  6 12  3  17.2  972 238  1.8 7 11.3  88    0    0 357 -400  2
4184500 2653500  6 12  4  16.8  971 274  2.2 7 11.1  87    0    0 356 -401  2
4184500 2653500  6 12  5  16.7  971 255  2.2 8 11.0  88    0    2 361 -402  2
4184500 2653500  6 12  6  16.7  971 245  2.8 8 11.2  90    0   18 368 -404  2
4184500 2653500  6 12  7  16.9  971 237  2.5 7 11.3  90    0   48 361 -407  2
4184500 2653500  6 12  8  17.0  971 248  2.0 8 11.4  90    0   66 361 -409  2
4184500 2653500  6 12  9  18.3  972 258  3.1 8 11.4  86    0  118 370 -411  2
4184500 2653500  6 12 10  18.6  971 277  3.5 8 11.4  82    5  251 374 -416  2
4184500 2653500  6 12 11  20.1  971 272  3.8 8 11.4  77   39  343 378 -419  2
4184500 2653500  6 12 12  20.6  971 273  5.2 7 11.4  73  234  386 377 -424  2
4184500 2653500  6 12 13  21.4  971 282  4.7 7 11.2  69  287  374 374 -429  2
4184500 2653500  6 12 14  22.6  972 343  5.7 4 10.7  62  380  325 362 -429  2
4184500 2653500  6 12 15  22.7  971 316  5.2 5 10.2  57  303  313 356 -425  2
4184500 2653500  6 12 16  22.6  970 265  3.9 6  9.3  52  149  290 364 -429  2
4184500 2653500  6 12 17  21.7  970 270  3.5 6  8.5  49   70  233 365 -434  2
4184500 2653500  6 12 18  20.6  969 307  4.2 7  8.5  52   14  149 365 -430  2
4184500 2653500  6 12 19  19.0  970 295  2.6 7  8.9  59    2   73 366 -421  2
4184500 2653500  6 12 20  18.0  970 269  1.7 7  9.5  68    0   22 363 -410  2
4184500 2653500  6 12 21  17.0  970 298  2.3 7  9.6  74    0    0 360 -402  2
4184500 2653500  6 12 22  16.9  970 303  1.8 7  9.4  74    0    0 359 -396  2
4184500 2653500  6 12 23  15.1  970 312  1.7 7  9.4  79    0    0 357 -396  2
4184500 2653500  6 12 24  13.2  970 298  2.3 8  9.3  88    0    0 355 -394  2
4184500 2653500  6 13  1  13.1  970 185  0.7 8  9.3  94    0    0 356 -392  2
4184500 2653500  6 13  2  13.1  970 229  0.9 8  9.4  95    0    0 356 -392  2
4184500 2653500  6 13  3  13.2  970 228  2.1 7  9.4  95    0    0 351 -391  2
4184500 2653500  6 13  4  13.4  970 270  1.7 7  9.3  93    0    0 346 -389  2
4184500 2653500  6 13  5  13.2  970 274  3.0 7  9.1  92    1   13 345 -387  2
4184500 2653500  6 13  6  12.9  970 278  3.4 7  9.0  92   24   64 343 -386  2
4184500 2653500  6 13  7  13.5  970 281  2.9 5  9.0  91   25  127 334 -387  2
4184500 2653500  6 13  8  13.9  970 285  2.7 7  9.0  88   45  203 337 -388  2
4184500 2653500  6 13  9  15.2  970 272  2.4 6  9.0  83  126  272 344 -394  2
4184500 2653500  6 13 10  15.8  971 269  3.8 6  9.0  78  162  329 345 -403  2
4184500 2653500  6 13 11  14.7  970 263  2.1 7  8.4  74   56  352 349 -409  2
4184500 2653500  6 13 12  16.4  970 283  2.3 6  8.3  72    7  278 350 -416  2
4184500 2653500  6 13 13  15.3  970 225  1.4 3  8.1  69  434  317 333 -418  2
4184500 2653500  6 13 14  13.0  970 292  4.3 5  7.6  73  131  366 321 -417  2
4184500 2653500  6 13 15  14.0  971 273  1.9 5  7.8  77  168  331 324 -411  2
4184500 2653500  6 13 16  15.5  971 282  3.0 4  7.9  72  373  221 323 -409  2
4184500 2653500  6 13 17  16.0  971 265  3.3 6  7.7  66  200  216 328 -411  2
4184500 2653500  6 13 18  14.1  971 266  2.7 6  7.6  68   32  159 333 -404  2
4184500 2653500  6 13 19  14.1  971 277  3.6 8  7.7  74   26   98 339 -395  2
4184500 2653500  6 13 20  13.0  972 274  1.8 5  7.6  76    0   14 334 -390  2
4184500 2653500  6 13 21  11.4  973 271  2.5 7  7.5  82    0    3 326 -384  2
4184500 2653500  6 13 22  10.9  974 275  3.2 7  7.4  85    0    0 331 -380  2
4184500 2653500  6 13 23  10.7  974 270  1.3 7  7.4  88    0    0 332 -378  2
4184500 2653500  6 13 24  10.6  974 279  2.2 8  7.4  88    0    0 338 -377  2
4184500 2653500  6 14  1  10.3  974 262  1.8 8  7.3  89    0    0 343 -377  2
4184500 2653500  6 14  2  10.0  974 297  2.3 8  7.2  89    0    0 342 -377  2
4184500 2653500  6 14  3  10.1  975 285  2.4 7  7.1  89    0    0 338 -377  2
4184500 2653500  6 14  4  10.1  975 294  3.2 8  7.1  89    0    0 338 -378  2
4184500 2653500  6 14  5  10.1  975 296  2.2 8  7.2  90    0    2 343 -377  2
4184500 2653500  6 14  6  10.3  976 293  2.2 8  7.3  90    0   16 344 -377  2
4184500 2653500  6 14  7  10.8  976 300  2.7 8  7.4  90    0   37 348 -377  2
4184500 2653500  6 14  8  11.5  976 315  2.3 8  7.6  88    0   99 350 -378  2
4184500 2653500  6 14  9  12.5  978 316  2.0 8  7.8  85    0  177 353 -381  2
4184500 2653500  6 14 10  13.4  978 346  1.5 7  7.8  81   17  282 350 -382  2
4184500 2653500  6 14 11  13.9  978 327  1.0 8  7.8  77    0  210 351 -384  2
4184500 2653500  6 14 12  14.6  978 356  2.3 7  7.8  74   28  327 349 -391  2
4184500 2653500  6 14 13  15.3  978 332  1.8 7  8.1  73   20  313 344 -400  2
4184500 2653500  6 14 14  15.4  979 347  2.3 7  7.9  70  130  360 341 -404  2
4184500 2653500  6 14 15  14.2  978 352  4.3 5  7.8  71  281  308 331 -409  2
4184500 2653500  6 14 16  15.5  979 343  2.7 6  8.2  75   85  275 327 -412  2
4184500 2653500  6 14 17  15.6  979 324  3.4 4  8.5  74  187  214 326 -409  2
4184500 2653500  6 14 18  14.8  979 357  2.7 5  8.6  77  111  161 322 -406  2
4184500 2653500  6 14 19  14.7  979 352  2.6 7  8.7  80    7   87 328 -401  2
4184500 2653500  6 14 20  14.1  980 329  1.6 7  8.6  80    0   26 329 -392  2
4184500 2653500  6 14 21  13.7  980 350  1.2 8  8.6  84    0    0 329 -383  2
4184500 2653500  6 14 22  13.0  981 344  1.8 8  8.6  87    0    0 328 -377  2
4184500 2653500  6 14 23  13.0  982  26  0.4 8  8.5  88    0    0 326 -373  2
4184500 2653500  6 14 24  12.6  982 122  1.1 8  8.4  88    0    0 325 -368  2
4184500 2653500  6 15  1  12.7  982  37  1.3 7  8.3  88    0    0 323 -365  2
4184500 2653500  6 15  2  12.1  982 322  3.0 6  8.2  88    0    0 318 -364  2
4184500 2653500  6 15  3  11.1  982   1  1.9 6  8.0  91    0    0 312 -361  2
4184500 2653500  6 15  4  10.8  982 255  2.0 6  7.7  92    0    0 310 -357  2
4184500 2653500  6 15  5  10.6  982 263  1.4 6  7.5  91    0    3 307 -352  2
4184500 2653500  6 15  6  10.8  982 149  1.8 8  7.5  90    0   24 314 -353  2
4184500 2653500  6 15  7  11.2  983 322  0.6 8  7.5  89    0   78 324 -363  2
4184500 2653500  6 15  8  11.9  983 270  1.3 7  7.6  87    2  153 325 -376  2
4184500 2653500  6 15  9  12.3  983 316  1.8 7  7.7  85    4  223 325 -389  2
4184500 2653500  6 15 10  13.1  983 278  2.1 6  7.9  83   35  333 324 -400  2
4184500 2653500  6 15 11  15.1  983 271  2.7 6  8.2  79  242  434 326 -411  2
4184500 2653500  6 15 12  16.5  983 277  2.5 6  8.4  73  379  432 333 -420  2
4184500 2653500  6 15 13  17.3  982 288  3.4 6  8.4  68  304  458 340 -429  2
4184500 2653500  6 15 14  18.1  981 303  2.8 6  8.3  64  223  447 344 -432  2
4184500 2653500  6 15 15  18.8  980 284  3.3 6  8.0  59  154  402 348 -434  2
4184500 2653500  6 15 16  18.9  980 280  3.5 6  7.9  56  137  345 350 -434  2
4184500 2653500  6 15 17  18.5  980 315  3.5 7  8.1  58   57  259 355 -429  2
4184500 2653500  6 15 18  17.9  979 283  3.3 7  8.3  62   31  180 360 -422  2
4184500 2653500  6 15 19  18.1  979 209  2.8 7  8.6  64   14  104 361 -413  2
4184500 2653500  6 15 20  17.3  978 305  2.6 7  8.6  66    0   26 362 -405  2
4184500 2653500  6 15 21  14.6  977 246  3.5 6  8.4  71    0    0 352 -399  2
4184500 2653500  6 15 22  14.1  978 225  2.2 5  8.1  77    0    0 338 -392  2
4184500 2653500  6 15 23  13.4  978 204  2.1 5  7.9  78    0    0 333 -385  2
4184500 2653500  6 15 24  13.4  978 211  1.8 6  7.9  80    0    0 336 -381  2
4184500 2653500  6 16  1  13.0  977 208  0.8 6  8.1  82    0    0 340 -378  2
4184500 2653500  6 16  2  13.2  977 221  0.7 6  8.2  84    0    0 340 -377  2
4184500 2653500  6 16  3  12.7  976 231  0.8 6  8.3  86    0    0 340 -377  2
4184500 2653500  6 16  4  12.9  976 256  1.1 7  8.4  87    0    0 344 -378  2
4184500 2653500  6 16  5  13.0  975 252  1.7 6  8.6  88    0    7 345 -379  2
4184500 2653500  6 16  6  14.1  975 262  1.9 5  8.9  88   19   56 338 -382  2
4184500 2653500  6 16  7  15.8  975 269  2.9 3  9.3  84  139   91 330 -388  2
4184500 2653500  6 16  8  17.5  975 280  2.8 2  9.4  76  336   71 324 -394  2
4184500 2653500  6 16  9  18.6  974 286  3.3 1  9.5  70  485   67 322 -399  2
4184500 2653500  6 16 10  19.8  973 280  5.0 4  9.5  65  306  240 336 -406  2
4184500 2653500  6 16 11  20.7  972 261  5.3 3  9.7  62  437  226 350 -407  2
4184500 2653500  6 16 12  21.3  971 300  5.7 3 10.0  62  703   96 352 -407  2
4184500 2653500  6 16 13  22.4  971 274  4.9 4 10.2  60  625  151 360 -410  2
4184500 2653500  6 16 14  22.4  970 254  6.0 5 10.3  58  462  223 369 -411  2
4184500 2653500  6 16 15  22.0  970 275  4.8 7 10.3  59   32  278 378 -413  2
4184500 2653500  6 16 16  21.3  969 259  5.4 8 10.3  61    0   94 387 -413  2
4184500 2653500  6 16 17  20.8  969 277  4.3 8 10.3  63    0   89 389 -413  2
4184500 2653500  6 16 18  20.0  967 263  4.2 7 10.4  66    0   97 383 -411  2
4184500 2653500  6 16 19  20.0  966 276  4.8 8 10.3  67    0   59 382 -407  2
4184500 2653500  6 16 20  19.3  967 248  4.1 7 10.3  68    0   31 379 -402  2
4184500 2653500  6 16 21  14.9  966 263  4.2 7 10.3  80    0    2 364 -398  2
4184500 2653500  6 16 22  13.9  967 325  5.0 7  9.9  92    0    0 353 -395  2
4184500 2653500  6 16 23  13.4  967 327  4.4 8  9.3  91    0    0 353 -394  2
4184500 2653500  6 16 24  12.5  968 336  4.1 8  8.6  88    0    0 354 -390  2
4184500 2653500  6 17  1  11.4  968 343  3.5 8  7.7  84    0    0 349 -385  2
4184500 2653500  6 17  2  10.7  968 332  4.9 7  7.0  81    0    0 340 -380  2
4184500 2653500  6 17  3  10.1  969 339  3.5 7  6.7  81    0    0 334 -376  2
4184500 2653500  6 17  4   9.4  969 347  4.2 7  6.5  83    0    0 331 -372  2
4184500 2653500  6 17  5   8.9  968 316  3.7 6  6.4  84    0    7 323 -368  2
4184500 2653500  6 17  6   9.2  969 313  4.1 5  6.2  83    7   56 312 -365  2
4184500 2653500  6 17  7   9.9  969 304  5.2 6  6.2  80    6  109 312 -365  2
4184500 2653500  6 17  8  10.1  970 301  4.9 6  6.2  77   21  195 319 -369  2
4184500 2653500  6 17  9  10.8  971 300  5.7 7  6.1  75   31  266 327 -375  2
4184500 2653500  6 17 10  11.5  971 293  5.2 5  6.0  70   47  325 323 -383  2
4184500 2653500  6 17 11  12.3  971 294  5.8 7  6.1  67   23  326 327 -389  2
4184500 2653500  6 17 12  12.7  971 286  5.4 7  6.1  65   18  322 337 -395  2
4184500 2653500  6 17 13  13.4  971 286  6.1 7  6.0  61   45  361 336 -401  2
4184500 2653500  6 17 14  13.6  970 286  5.7 7  5.9  59   64  361 335 -403  2
4184500 2653500  6 17 15  13.7  970 283  5.5 7  6.0  59   25  293 335 -403  2
4184500 2653500  6 17 16  14.4  970 308  5.9 6  6.2  59   43  277 330 -402  2
4184500 2653500  6 17 17  14.5  970 307  6.2 6  6.1  57   83  244 328 -400  2
4184500 2653500  6 17 18  14.2  970 298  6.0 7  6.0  56   19  162 333 -397  2
4184500 2653500  6 17 19  13.6  970 291  5.3 6  5.9  57    5   87 332 -393  2
4184500 2653500  6 17 20  12.6  970 297  3.7 5  6.0  61    0   34 321 -387  2
4184500 2653500  6 17 21  11.4  970 273  2.6 5  6.1  67    0    0 313 -379  2
4184500 2653500  6 17 22  10.3  971 284  1.9 2  6.2  73    0    0 296 -371  2
4184500 2653500  6 17 23   9.1  970 275  1.9 2  6.1  78    0    0 278 -365  2
4184500 2653500  6 17 24   8.7  970 253  1.4 2  6.1  82    0    0 276 -363  2
4184500 2653500  6 18  1   9.1  971 278  1.1 4  6.1  82    0    0 284 -361  2
4184500 2653500  6 18  2   8.3  971 219  1.1 4  6.0  83    0    0 292 -358  2
4184500 2653500  6 18  3   8.5  970 184  1.3 6  6.1  85    0    0 300 -354  2
4184500 2653500  6 18  4   8.3  970 175  2.1 8  6.2  87    0    0 317 -353  2
4184500 2653500  6 18  5   9.2  969 184  2.2 8  6.3  86    0    8 327 -357  2
4184500 2653500  6 18  6  10.1  970 196  2.9 7  6.4  82    3   51 325 -361  2
4184500 2653500  6 18  7  11.6  969 232  2.9 7  6.6  78    0   91 325 -364  2
4184500 2653500  6 18  8  12.8  969 219  3.4 8  6.8  74    9  176 333 -367  2
4184500 2653500  6 18  9  14.5  968 243  4.8 7  6.9  68   97  280 338 -370  2
4184500 2653500  6 18 10  16.0  968 245  5.8 5  7.1  62  349  283 329 -383  2
4184500 2653500  6 18 11  17.7  967 231  6.1 3  7.1  57  622  198 315 -403  2
4184500 2653500  6 18 12  19.0  966 232  6.5 2  7.1  52  686  199 306 -412  2
4184500 2653500  6 18 13  19.3  965 226  6.7 3  7.3  50  604  254 310 -405  2
4184500 2653500  6 18 14  19.3  964 208  5.8 5  7.4  50  397  332 329 -400  2
4184500 2653500  6 18 15  20.1  963 245  7.4 4  7.4  49  279  329 339 -405  2
4184500 2653500  6 18 16  21.1  963 241  6.0 3  7.7  48  383  235 339 -416  2
4184500 2653500  6 18 17  20.3  961 235  6.7 4  7.8  48  268  207 341 -420  2
4184500 2653500  6 18 18  19.9  960 235  6.5 4  7.7  50  109  173 344 -416  2
4184500 2653500  6 18 19  16.0  959 242  4.9 6  8.2  60    1   79 345 -412  2
4184500 2653500  6 18 20  14.1  961 266  3.4 7  9.0  80    0   31 348 -408  2
4184500 2653500  6 18 21  13.6  961 289  2.6 8  9.2  88    0    0 351 -406  2
4184500 2653500  6 18 22  13.4  962 310  5.4 8  9.1  89    0    0 354 -406  2
4184500 2653500  6 18 23  12.5  962 290  3.0 8  8.6  88    0    0 352 -403  2
4184500 2653500  6 18 24  11.2  961 277  3.7 8  8.1  89    0    0 350 -396  2
4184500 2653500  6 19  1  11.0  961 266  3.3 7  7.7  89    0    0 345 -391  2
4184500 2653500  6 19  2  11.0  961 251  3.2 7  7.6  88    0    0 340 -386  2
4184500 2653500  6 19  3  11.1  961 251  2.9 8  7.6  87    0    0 345 -383  2
4184500 2653500  6 19  4  10.9  960 244  3.1 7  7.5  87    0    0 346 -380  2
4184500 2653500  6 19  5  11.2  960 254  3.0 7  7.5  86    0    1 342 -377  2
4184500 2653500  6 19  6  11.6  960 252  2.2 7  7.5  85    0   37 343 -376  2
4184500 2653500  6 19  7  12.1  959 244  2.9 8  7.6  83    0   65 349 -378  2
4184500 2653500  6 19  8  12.9  960 255  3.9 7  7.7  81    0  124 351 -382  2
4184500 2653500  6 19  9  13.2  960 279  5.0 7  7.8  79    0  181 348 -383  2
4184500 2653500  6 19 10  13.6  961 274  3.8 7  7.9  78    0  224 348 -386  2
4184500 2653500  6 19 11  13.6  961 261  3.5 7  7.8  76    0  203 348 -388  2
4184500 2653500  6 19 12  15.2  961 265  5.1 8  7.8  73    0  147 355 -388  2
4184500 2653500  6 19 13  15.0  961 275  4.5 7  7.9  70   22  369 357 -392  2
4184500 2653500  6 19 14  15.4  961 255  4.5 7  7.8  68   22  356 353 -395  2
4184500 2653500  6 19 15  15.0  960 265  6.2 7  7.8  68    1  237 353 -396  2
4184500 2653500  6 19 16  15.8  960 264  4.1 6  7.8  68   36  311 350 -397  2
4184500 2653500  6 19 17  15.4  960 258  4.7 7  7.8  67   91  299 349 -396  2
4184500 2653500  6 19 18  14.8  960 255  3.4 8  7.9  70    7  158 355 -396  2
4184500 2653500  6 19 19  14.5  960 239  3.5 5  7.8  71   18  117 345 -395  2
4184500 2653500  6 19 20  13.3  961 246  2.1 7  7.7  73    5   48 338 -391  2
4184500 2653500  6 19 21  12.9  961 222  2.8 8  7.8  79    0    1 349 -386  2
4184500 2653500  6 19 22  12.4  960 241  1.6 7  8.0  83    0    0 347 -382  2
4184500 2653500  6 19 23  11.7  960 205  2.0 6  7.9  86    0    0 336 -379  2
4184500 2653500  6 19 24  11.6  960 229  2.3 7  7.7  86    0    0 333 -378  2
4184500 2653500  6 20  1  10.9  960 222  1.6 8  7.6  87    0    0 341 -377  2
4184500 2653500  6 20  2  11.0  959 232  2.5 8  7.5  88    0    0 343 -376  2
4184500 2653500  6 20  3  11.0  958 216  3.4 8  7.5  86    0    0 343 -374  2
4184500 2653500  6 20  4  11.1  958 216  3.7 7  7.4  85    0    0 338 -374  2
4184500 2653500  6 20  5  11.6  958 206  3.6 6  7.4  83    3   15 329 -374  2
4184500 2653500  6 20  6  12.4  958 208  3.8 5  7.4  80    4   50 320 -375  2
4184500 2653500  6 20  7  13.1  959 230  3.3 7  7.4  76    1   82 325 -375  2
4184500 2653500  6 20  8  13.7  958 234  4.7 6  7.5  74   26  190 331 -372  2
4184500 2653500  6 20  9  13.2  958 237  4.4 6  7.8  77   22  244 327 -369  2
4184500 2653500  6 20 10  13.0  958 242  4.4 8  8.2  82    0  182 336 -369  2
4184500 2653500  6 20 11  13.1  959 199  4.6 6  8.3  83    3  260 336 -380  2
4184500 2653500  6 20 12  13.2  959 216  4.5 7  8.1  82   16  312 332 -391  2
4184500 2653500  6 20 13  11.8  959 284  3.9 8  7.8  82    0  223 335 -400  2
4184500 2653500  6 20 14  11.7  959 275  3.2 8  7.6  84    0  136 333 -403  2
4184500 2653500  6 20 15  11.6  959 258  2.3 7  7.5  83    0  172 329 -396  2
4184500 2653500  6 20 16  11.6  959 287  2.8 7  7.5  83   19  246 326 -390  2
4184500 2653500  6 20 17  12.6  959 225  1.2 5  7.5  81   82  229 320 -385  2
4184500 2653500  6 20 18  11.6  959 219  1.5 6  7.3  78   32  161 315 -382  2
4184500 2653500  6 20 19  11.6  959 246  2.0 5  7.0  78   10   92 313 -380  2
4184500 2653500  6 20 20  10.6  960 220  1.8 6  7.0  82    1   32 307 -375  2
4184500 2653500  6 20 21   9.9  960 204  1.9 6  6.8  84    0    0 308 -367  2
4184500 2653500  6 20 22   9.1  961 184  2.0 6  6.7  87    0    0 308 -359  2
4184500 2653500  6 20 23   8.9  962 178  2.1 5  6.7  88    0    0 302 -354  2
4184500 2653500  6 20 24   9.2  962 186  2.1 4  6.7  87    0    0 300 -353  2
4184500 2653500  6 21  1   9.6  972 205  2.1 3  6.7  85    0    0 292 -381  2
4184500 2653500  6 21  2   9.9  971 223  2.1 3  6.7  83    0    0 288 -378  2
4184500 2653500  6 21  3  10.2  971 235  2.1 3  6.7  82    0    0 288 -375  2
4184500 2653500  6 21  4  10.6  970 235  2.3 3  6.6  80    0    0 291 -374  2
4184500 2653500  6 21  5  11.4  970 233  2.4 4  6.9  80    0    2 304 -374  2
4184500 2653500  6 21  6  12.8  969 228  2.7 5  6.9  78    0   32 315 -376  2
4184500 2653500  6 21  7  14.2  968 233  2.7 6  7.4  73   36  124 325 -377  2
4184500 2653500  6 21  8  15.5  968 246  3.7 6  7.7  70  117  194 333 -378  2
4184500 2653500  6 21  9  17.6  968 255  3.2 5  8.1  66  227  241 337 -381  2
4184500 2653500  6 21 10  18.7  968 254  3.0 7  8.5  62  189  317 348 -387  2
4184500 2653500  6 21 11  19.1  967 250  3.9 7  8.4  59   99  356 358 -392  2
4184500 2653500  6 21 12  19.1  967 247  4.5 8  8.5  59    0  166 362 -399  2
4184500 2653500  6 21 13  18.6  966 239  4.2 6  8.6  60   70  347 359 -401  2
4184500 2653500  6 21 14  14.7  966 277  3.1 7  8.6  70   28  300 349 -399  2
4184500 2653500  6 21 15  15.2  966 294  3.0 8  9.3  83    0   91 351 -402  2
4184500 2653500  6 21 16  17.6  965 257  3.4 8  9.8  80    6  212 360 -406  2
4184500 2653500  6 21 17  18.0  964 245  2.8 3  9.8  73  205  214 347 -402  2
4184500 2653500  6 21 18  18.3  964 238  3.6 4  9.7  70  122  153 334 -397  2
4184500 2653500  6 21 19  17.6  964 348  3.1 5  9.7  71   60   93 340 -393  2
4184500 2653500  6 21 20  15.9  965 302  2.3 8  9.5  76    3   38 351 -389  2
4184500 2653500  6 21 21  14.1  965 344  2.4 7  9.1  81    0    0 353 -384  2
4184500 2653500  6 21 22  13.7  965 336  0.8 7  8.9  86    0    0 347 -382  2
4184500 2653500  6 21 23  13.4  965 296  0.8 7  8.8  86    0    0 347 -381  2
4184500 2653500  6 21 24  12.9  965 316  1.6 6  8.6  86    0    0 341 -378  2
4184500 2653500  6 22  1  12.5  965 288  0.8 6  8.4  87    0    0 336 -375  2
4184500 2653500  6 22  2  11.8  965 334  1.3 5  8.1  87    0    0 331 -373  2
4184500 2653500  6 22  3  11.6  965 269  1.5 5  7.8  87    0    0 325 -371  2
4184500 2653500  6 22  4  10.7  965 271  1.0 6  7.7  88    0    0 327 -369  2
4184500 2653500  6 22  5  10.6  964 274  1.8 7  7.6  90    0    2 333 -369  2
4184500 2653500  6 22  6  10.2  964 312  2.4 8  7.6  91    0   25 340 -369  2
4184500 2653500  6 22  7  10.2  965 305  1.7 8  7.5  91    0   30 344 -369  2
4184500 2653500  6 22  8  10.4  965 299  2.4 8  7.3  90    0   68 344 -370  2
4184500 2653500  6 22  9  10.5  965 288  3.1 8  7.4  90    0  140 345 -372  2
4184500 2653500  6 22 10  10.9  965 296  4.0 8  7.4  88    0  187 347 -375  2
4184500 2653500  6 22 11  12.0  965 292  4.7 7  7.3  83    1  234 344 -378  2
4184500 2653500  6 22 12  12.0  964 288  3.6 8  7.5  82    0  178 346 -380  2
4184500 2653500  6 22 13  12.6  964 286  5.7 7  7.5  80   36  300 346 -383  2
4184500 2653500  6 22 14  12.9  965 287  5.4 6  7.4  77   20  277 339 -387  2
4184500 2653500  6 22 15  12.6  965 277  5.9 5  7.4  77  108  271 331 -388  2
4184500 2653500  6 22 16   9.8  965 269  6.3 6  7.2  82   12  215 326 -388  2
4184500 2653500  6 22 17  10.9  966 284  5.1 8  7.2  88    0  106 335 -388  2
4184500 2653500  6 22 18  11.6  966 261  5.2 6  7.5  86  108   95 337 -388  2
4184500 2653500  6 22 19   8.9  965 262  4.4 6  7.2  89   50   80 326 -388  2
4184500 2653500  6 22 20   9.0  966 280  4.3 7  6.9  92    0    9 326 -387  2
4184500 2653500  6 22 21   9.2  967 279  4.5 7  7.0  93    0    2 330 -384  2
4184500 2653500  6 22 22   9.3  967 249  3.8 7  7.2  94    0    0 328 -381  2
4184500 2653500  6 22 23   9.6  968 292  3.0 7  7.2  93    0    0 329 -380  2
4184500 2653500  6 22 24   9.5  968 266  3.5 7  7.2  92    0    0 328 -378  2
4184500 2653500  6 23  1   9.5  968 284  4.4 8  7.2  93    0    0 332 -377  2
4184500 2653500  6 23  2   9.6  968 271  4.5 8  7.2  93    0    0 335 -376  2
4184500 2653500  6 23  3   9.5  968 273  5.0 7  7.2  92    0    0 331 -373  2
4184500 2653500  6 23  4   9.4  968 276  5.2 7  7.2  92    0    0 327 -370  2
4184500 2653500  6 23  5   9.5  968 290  5.1 7  7.2  93    0    2 327 -369  2
4184500 2653500  6 23  6   9.8  969 303  5.1 8  7.3  93    0   14 331 -371  2
4184500 2653500  6 23  7  10.3  969 290  5.9 8  7.4  92    0   37 335 -374  2
4184500 2653500  6 23  8  11.1  969 294  6.7 8  7.4  88    0   94 337 -379  2
4184500 2653500  6 23  9  11.5  969 286  6.7 8  7.3  84    0  137 339 -385  2
4184500 2653500  6 23 10  11.4  970 296  6.6 8  7.4  84    0  196 339 -393  2
4184500 2653500  6 23 11  12.0  970 312  6.9 8  7.4  83    0  229 340 -400  2
4184500 2653500  6 23 12  12.7  970 277  6.8 7  7.4  80    0  210 339 -406  2
4184500 2653500  6 23 13  13.3  970 288  6.7 8  7.4  76    5  239 340 -412  2
4184500 2653500  6 23 14  13.5  971 277  6.4 8  7.5  74    0  193 344 -418  2
4184500 2653500  6 23 15  14.7  971 279  7.1 8  7.6  72    0  135 344 -420  2
4184500 2653500  6 23 16  14.7  971 288  6.4 8  7.7  71    0  118 345 -420  2
4184500 2653500  6 23 17  15.4  971 282  7.0 7  7.8  70   55  153 342 -417  2
4184500 2653500  6 23 18  14.8  971 336  6.2 6  7.9  71   15  116 335 -412  2
4184500 2653500  6 23 19  14.9  972 308  5.4 8  8.0  72    0   29 339 -404  2
4184500 2653500  6 23 20  14.0  972 294  4.5 6  8.1  75    0    8 337 -397  2
4184500 2653500  6 23 21  12.4  972 344  3.5 6  8.1  82    0    0 327 -390  2
4184500 2653500  6 23 22  11.8  973 238  3.0 6  7.9  86    0    0 321 -382  2
4184500 2653500  6 23 23  11.3  974 224  2.2 6  7.9  89    0    0 316 -374  2
4184500 2653500  6 23 24  11.4  974 194  1.9 7  7.9  90    0    0 316 -370  2
4184500 2653500  6 24  1  11.2  974 195  1.3 7  8.0  92    0    0 317 -366  2
4184500 2653500  6 24  2  10.5  974 165  1.7 7  8.0  94    0    0 317 -363  2
4184500 2653500  6 24  3  10.3  973 157  2.0 6  7.8  95    0    0 314 -360  2
4184500 2653500  6 24  4  10.0  974 167  1.5 6  7.7  96    0    0 313 -358  2
4184500 2653500  6 24  5  10.6  974 171  1.4 6  7.8  96    3   15 318 -357  2
4184500 2653500  6 24  6  11.1  975 144  1.3 6  7.9  94   16   59 323 -359  2
4184500 2653500  6 24  7  12.2  975 230  1.3 6  8.1  91   67  127 328 -368  2
4184500 2653500  6 24  8  13.7  975 313  2.4 4  8.3  86  235  148 327 -383  2
4184500 2653500  6 24  9  15.4  975 300  2.9 4  8.3  77  537   65 327 -399  2
4184500 2653500  6 24 10  16.5  975 307  3.8 3  8.1  69  512  161 327 -413  2
4184500 2653500  6 24 11  17.8  976 304  4.5 5  7.9  62  269  330 333 -424  2
4184500 2653500  6 24 12  18.3  976 312  4.6 5  7.8  58  240  367 342 -433  2
4184500 2653500  6 24 13  19.1  976 348  4.2 4  7.8  56  391  322 340 -440  2
4184500 2653500  6 24 14  18.5  976 343  2.8 3  7.8  55  553  223 334 -444  2
4184500 2653500  6 24 15  19.6  976 310  3.6 3  7.8  54  557  176 332 -444  2
4184500 2653500  6 24 16  20.3  976 322  3.7 3  7.6  50  508  136 335 -443  2
4184500 2653500  6 24 17  20.6  975  11  4.0 2  7.6  49  431   95 334 -440  2
4184500 2653500  6 24 18  19.9  975 353  3.8 1  7.9  51  285   87 326 -433  2
4184500 2653500  6 24 19  19.2  976  29  3.0 1  7.9  53  134   76 320 -424  2
4184500 2653500  6 24 20  17.8  976  24  1.8 0  8.0  58   26   42 314 -415  2
4184500 2653500  6 24 21  15.7  975  43  0.5 0  7.9  64    0    4 304 -402  2
4184500 2653500  6 24 22  13.6  976  39  1.1 0  7.9  73    0    0 297 -390  2
4184500 2653500  6 24 23  13.1  976  78  1.5 0  8.0  80    0    0 292 -381  2
4184500 2653500  6 24 24  12.8  977 146  1.1 0  7.9  81    0    0 291 -374  2
4184500 2653500  6 25  1  10.9  977 317  1.1 0  7.7  86    0    0 286 -369  2
4184500 2653500  6 25  2  11.0  976 267  1.2 1  7.4  88    0    0 285 -365  2
4184500 2653500  6 25  3  10.2  977 203  1.3 3  7.3  89    0    0 292 -361  2
4184500 2653500  6 25  4  10.1  977 212  1.3 3  7.3  91    0    0 295 -358  2
4184500 2653500  6 25  5   9.5  977 211  1.5 2  7.2  92    3   16 291 -355  2
4184500 2653500  6 25  6  10.1  977 220  1.2 2  7.4  94   67   66 287 -357  2
4184500 2653500  6 25  7  13.3  978 234  1.4 0  8.1  91  192   98 286 -369  2
4184500 2653500  6 25  8  15.6  977 294  1.9 0  8.8  82  348  112 287 -388  2
4184500 2653500  6 25  9  17.3  977 291  1.8 1  8.8  72  507  115 297 -407  2
4184500 2653500  6 25 10  18.4  978 309  2.3 2  8.5  64  589  144 310 -423  2
4184500 2653500  6 25 11  19.6  978 309  2.1 3  8.6  61  483  268 322 -435  2
4184500 2653500  6 25 12  20.0  978 307  2.6 4  8.7  58  324  371 333 -444  2
4184500 2653500  6 25 13  21.4  978 330  3.1 4  8.5  54  395  353 340 -450  2
4184500 2653500  6 25 14  21.3  978 332  3.1 3  8.4  51  515  278 339 -453  2
4184500 2653500  6 25 15  22.0  977 331  2.6 3  8.7  52  390  295 338 -454  2
4184500 2653500  6 25 16  22.1  977 359  2.4 3  8.9  52  371  239 339 -453  2
4184500 2653500  6 25 17  21.8  977 357  1.9 4  9.0  52  310  186 341 -449  2
4184500 2653500  6 25 18  21.7  976 340  1.5 5  9.0  54   16  142 344 -443  2
4184500 2653500  6 25 19  20.8  976  11  1.6 3  9.3  57   24   98 335 -434  2
4184500 2653500  6 25 20  19.5  977   9  1.3 3  9.2  60   14   45 325 -422  2
4184500 2653500  6 25 21  17.8  977  63  0.5 2  8.9  64    0    4 316 -410  2
4184500 2653500  6 25 22  16.4  976 131  0.9 1  8.8  70    0    0 307 -397  2
4184500 2653500  6 25 23  15.4  977 153  1.4 2  8.6  73    0    0 302 -387  2
4184500 2653500  6 25 24  14.7  977 343  1.0 3  8.4  76    0    0 302 -380  2
4184500 2653500  6 26  1  13.2  977  53  0.4 3  8.3  80    0    0 299 -375  2
4184500 2653500  6 26  2  13.3  978 131  0.5 3  8.4  85    0    0 297 -373  2
4184500 2653500  6 26  3  12.0  977 129  0.4 4  8.2  87    0    0 296 -371  2
4184500 2653500  6 26  4  10.6  977 176  0.3 3  7.8  90    0    0 292 -370  2
4184500 2653500  6 26  5  11.2  977  67  0.0 2  7.8  92    3   14 286 -368  2
4184500 2653500  6 26  6  11.7  977 276  0.0 1  8.1  92   71   63 284 -367  2
4184500 2653500  6 26  7  13.8  978 204  0.3 1  8.7  91  212   87 285 -378  2
4184500 2653500  6 26  8  15.5  977 286  0.9 1  8.9  82  388   88 291 -398  2
4184500 2653500  6 26  9  17.1  977 294  1.4 2  8.6  72  524   98 296 -417  2
4184500 2653500  6 26 10  18.8  978 294  1.3 4  8.7  66  638  108 307 -432  2
4184500 2653500  6 26 11  20.0  977 297  2.2 4  8.9  61  744  105 316 -444  2
4184500 2653500  6 26 12  20.8  976 337  2.0 3  8.7  56  765  131 321 -453  2
4184500 2653500  6 26 13  22.3  976 351  2.1 2  8.5  51  779  132 324 -460  2
4184500 2653500  6 26 14  22.6  975 350  2.4 4  8.4  48  684  171 331 -464  2
4184500 2653500  6 26 15  23.1  975  13  2.0 3  8.1  45  606  170 333 -465  2
4184500 2653500  6 26 16  23.2  974 354  1.8 3  7.6  41  478  175 333 -463  2
4184500 2653500  6 26 17  22.7  974 359  1.8 5  7.6  42  226  217 336 -458  2
4184500 2653500  6 26 18  21.1  973  17  1.6 6  8.2  48   99  153 336 -451  2
4184500 2653500  6 26 19  21.5  973  29  1.2 5  8.7  53   42   98 336 -441  2
4184500 2653500  6 26 20  19.7  972  59  1.7 4  8.5  54   26   45 332 -431  2
4184500 2653500  6 26 21  18.3  972 125  1.5 3  8.4  59    0    5 323 -421  2
4184500 2653500  6 26 22  16.6  972 125  1.3 1  8.3  64    0    0 312 -414  2
4184500 2653500  6 26 23  15.4  972 123  2.0 1  8.2  69    0    0 304 -409  2
4184500 2653500  6 26 24  14.2  972 122  1.1 1  8.2  75    0    0 300 -407  2
4184500 2653500  6 27  1  14.2  972 139  1.0 1  8.2  78    0    0 298 -405  2
4184500 2653500  6 27  2  13.7  971 149  1.6 0  8.1  78    0    0 295 -403  2
4184500 2653500  6 27  3  13.0  971 158  2.0 0  8.0  80    0    0 290 -401  2
4184500 2653500  6 27  4  13.2  971 159  2.8 0  7.9  80    0    0 290 -400  2
4184500 2653500  6 27  5  13.3  971 167  2.4 1  7.9  79    1   12 292 -400  2
4184500 2653500  6 27  6  14.3  970 132  1.5 2  8.3  80   56   65 299 -403  2
4184500 2653500  6 27  7  17.0  971 110  1.4 3  8.8  76  194   96 309 -409  2
4184500 2653500  6 27  8  19.6  970 139  1.1 5  9.3  67  289  136 325 -421  2
4184500 2653500  6 27  9  22.0  970 147  1.2 5  9.5  59  387  176 338 -439  2
4184500 2653500  6 27 10  24.0  970 265  1.5 5  9.3  51  596  138 346 -457  2
4184500 2653500  6 27 11  25.4  970 241  2.5 5  9.5  46  718  128 354 -472  2
4184500 2653500  6 27 12  25.9  969 299  1.9 4 10.0  46  725  163 358 -482  2
4184500 2653500  6 27 13  27.1  969 238  1.3 5  9.8  43  639  225 364 -488  2
4184500 2653500  6 27 14  27.2  969  58  2.0 5  9.8  42  677  182 371 -493  2
4184500 2653500  6 27 15  27.7  968 359  2.7 4 10.1  42  636  158 371 -495  2
4184500 2653500  6 27 16  28.4  968  25  2.3 3 10.0  40  516  157 367 -488  2
4184500 2653500  6 27 17  27.1  968  75  2.1 3 10.4  42  362  157 361 -476  2
4184500 2653500  6 27 18  26.2  966 200  1.9 3 10.9  47  218  137 356 -468  2
4184500 2653500  6 27 19  24.7  966 148  2.9 3 10.9  51   98   98 350 -455  2
4184500 2653500  6 27 20  23.7  966 112  1.4 5 11.0  55    7   43 354 -441  2
4184500 2653500  6 27 21  22.2  966 123  2.8 7 10.9  59    0    2 368 -435  2
4184500 2653500  6 27 22  22.2  967 159  1.4 6 10.6  60    0    0 369 -432  2
4184500 2653500  6 27 23  21.6  967 165  1.2 6 10.2  59    0    0 363 -424  2
4184500 2653500  6 27 24  20.8  967 102  0.4 8 10.1  61    0    0 371 -417  2
4184500 2653500  6 28  1  20.8  967 170  3.3 6 10.2  63    0    0 371 -412  2
4184500 2653500  6 28  2  21.0  967 295  4.8 6 10.3  63    0    0 363 -410  2
4184500 2653500  6 28  3  19.2  967 256  7.3 6 10.6  68    0    0 362 -408  2
4184500 2653500  6 28  4  18.2  968 359  5.3 7 11.0  77    0    0 363 -406  2
4184500 2653500  6 28  5  17.9  968   2  3.2 8 10.9  80    0   11 370 -405  2
4184500 2653500  6 28  6  17.6  968  90  2.7 7 10.9  82   12   68 369 -407  2
4184500 2653500  6 28  7  18.3  969 264  1.7 7 11.1  82    0   68 365 -408  2
4184500 2653500  6 28  8  18.1  969 317  1.8 8 11.2  82    0   59 372 -411  2
4184500 2653500  6 28  9  18.3  970 322  2.8 8 11.4  83    0  130 378 -412  2
4184500 2653500  6 28 10  18.5  970 288  2.4 8 11.6  84    0  167 380 -408  2
4184500 2653500  6 28 11  17.8  971 279  3.3 7 11.8  86    0  147 374 -403  2
4184500 2653500  6 28 12  18.0  971 266  2.6 8 11.9  88    0  159 374 -401  2
4184500 2653500  6 28 13  18.1  971 276  3.5 8 12.0  88    0  147 380 -405  2
4184500 2653500  6 28 14  18.5  972 302  2.6 8 12.0  87    0  164 381 -414  2
4184500 2653500  6 28 15  18.9  972 321  3.2 8 12.0  85    0  180 381 -419  2
4184500 2653500  6 28 16  19.4  971 331  2.9 7 11.9  82   68  314 378 -421  2
4184500 2653500  6 28 17  19.9  971 334  2.0 6 11.6  77   84  271 370 -425  2
4184500 2653500  6 28 18  19.7  971 303  2.4 5 11.5  76   81  194 362 -424  2
4184500 2653500  6 28 19  18.9  972 292  2.0 7 11.4  78   26  108 364 -420  2
4184500 2653500  6 28 20  17.2  972 303  1.6 7 11.2  82    0    9 367 -415  2
4184500 2653500  6 28 21  16.6  973 270  1.4 7 11.2  89    0    1 362 -410  2
4184500 2653500  6 28 22  16.4  974 260  1.0 7 11.1  90    0    0 359 -405  2
4184500 2653500  6 28 23  15.8  974 238  1.6 7 11.0  92    0    0 356 -399  2
4184500 2653500  6 28 24  15.4  974 237  1.6 7 11.0  95    0    0 355 -394  2
4184500 2653500  6 29  1  14.4  974 194  1.3 4 10.6  96    0    0 342 -389  2
4184500 2653500  6 29  2  13.7  974 198  1.8 3  9.9  95    0    0 322 -384  2
4184500 2653500  6 29  3  13.3  975 281  0.9 5  9.6  96    0    0 324 -380  2
4184500 2653500  6 29  4  13.1  975 212  1.1 4  9.5  96    0    0 327 -377  2
4184500 2653500  6 29  5  13.3  975 215  1.0 6  9.6  97    0    4 331 -373  2
4184500 2653500  6 29  6  14.1  975 227  0.8 5  9.9  97   15   62 336 -375  2
4184500 2653500  6 29  7  15.9  976 265  1.5 2 10.7  96   73  133 323 -384  2
4184500 2653500  6 29  8  17.4  976 304  1.8 4 11.3  91  140  197 325 -398  2
4184500 2653500  6 29  9  18.6  977 289  2.5 4 11.5  86  245  241 338 -412  2
4184500 2653500  6 29 10  19.5  977 281  2.9 4 11.2  78  337  276 342 -425  2
4184500 2653500  6 29 11  20.9  977 275  2.6 6 10.4  67  269  351 353 -436  2
4184500 2653500  6 29 12  21.8  977 286  2.1 4  9.8  59  457  309 357 -445  2
4184500 2653500  6 29 13  22.7  977 321  2.2 3  9.7  56  435  330 350 -452  2
4184500 2653500  6 29 14  22.6  976 299  2.7 4  9.8  55  309  361 352 -456  2
4184500 2653500  6 29 15  23.4  976 289  3.0 6  9.4  52  142  334 362 -458  2
4184500 2653500  6 29 16  22.8  976 280  3.8 5  9.5  51   98  286 367 -456  2
4184500 2653500  6 29 17  22.7  976 321  3.7 5  9.7  54   87  235 363 -452  2
4184500 2653500  6 29 18  22.3  976 306  2.5 5  9.6  54   92  146 361 -445  2
4184500 2653500  6 29 19  21.8  976 351  2.3 6 10.0  58   11   91 362 -437  2
4184500 2653500  6 29 20  20.0  976 342  1.2 5 10.2  64    0   26 356 -431  2
4184500 2653500  6 29 21  18.5  976 175  1.1 4 10.3  71    0    0 343 -422  2
4184500 2653500  6 29 22  18.8  977 158  0.8 6 10.4  75    0    0 341 -412  2
4184500 2653500  6 29 23  17.9  977  76  0.0 6 10.6  77    0    0 346 -405  2
4184500 2653500  6 29 24  16.9  977 125  0.5 5 10.5  81    0    0 342 -400  2
4184500 2653500  6 30  1  16.5  976 121  1.4 4 10.3  84    0    0 334 -395  2
4184500 2653500  6 30  2  16.2  976 100  0.9 6 10.3  85    0    0 337 -393  2
4184500 2653500  6 30  3  16.0  976  98  1.0 6 10.3  86    0    0 344 -393  2
4184500 2653500  6 30  4  16.0  976  91  1.0 6 10.2  86    0    0 345 -392  2
4184500 2653500  6 30  5  16.0  976 136  1.2 6 10.1  86    2   14 344 -391  2
4184500 2653500  6 30  6  15.8  976 126  0.6 5 10.3  88   62   60 339 -393  2
4184500 2653500  6 30  7  16.5  976 105  0.2 3 10.8  90  191   85 328 -401  2
4184500 2653500  6 30  8  18.6  977  38  0.0 6 11.0  84  150  184 336 -414  2
4184500 2653500  6 30  9  20.0  976 312  0.0 6 11.0  76  270  217 352 -430  2
4184500 2653500  6 30 10  21.5  976 259  1.2 5 10.9  68  441  206 353 -446  2
4184500 2653500  6 30 11  22.7  976 303  1.4 5 10.5  60  307  321 356 -455  2
4184500 2653500  6 30 12  23.4  975 301  1.7 5 10.4  57  337  342 362 -463  2
4184500 2653500  6 30 13  24.4  976 274  1.5 4 10.3  53  483  285 365 -472  2
4184500 2653500  6 30 14  25.1  976 279  2.1 4 10.0  49  478  270 368 -478  2
4184500 2653500  6 30 15  25.7  974  85  0.7 5 10.2  48  298  306 372 -478  2
4184500 2653500  6 30 16  25.9  974 160  1.1 5 10.3  47  316  242 376 -475  2
4184500 2653500  6 30 17  25.5  973 190  1.8 4 10.2  47  292  177 372 -470  2
4184500 2653500  6 30 18  24.7  972 228  1.2 6 10.4  50   78  127 372 -463  2
4184500 2653500  6 30 19  24.1  972 142  0.0 7 10.6  53    0   65 379 -454  2
4184500 2653500  6 30 20  22.0  972 262  5.6 6 10.8  58    1   32 376 -446  2
4184500 2653500  6 30 21  16.0  972 290  3.6 8 10.5  73    0    6 366 -433  2
4184500 2653500  6 30 22  14.8  974 282  1.4 7 10.2  89    0    0 358 -419  2
4184500 2653500  6 30 23  14.6  974 307  1.1 8 10.4  95    0    0 356 -412  2
4184500 2653500  6 30 24  14.2  973 278  0.8 8 10.2  96    0    0 358 -408  2
4184500 2653500  7  1  1  13.7  973 270  1.8 8  9.8  96    0    0 356 -403  2
4184500 2653500  7  1  2  13.6  973 273  2.9 7  9.8  96    0    0 355 -402  2
4184500 2653500  7  1  3  13.8  974 282  3.2 7  9.8  96    0    0 353 -399  2
4184500 2653500  7  1  4  13.8  974 300  3.3 7  9.8  95    0    0 353 -397  2
4184500 2653500  7  1  5  13.8  974 291  2.8 7  9.7  95    0    1 354 -396  2
4184500 2653500  7  1  6  14.2  975 296  3.8 8  9.8  94   12   46 358 -395  2
4184500 2653500  7  1  7  14.2  975 295  4.1 6  9.9  94   24  103 354 -396  2
4184500 2653500  7  1  8  14.5  976 320  4.4 8  9.9  93    0   97 354 -399  2
4184500 2653500  7  1  9  15.3  976 302  4.7 8  9.8  89   15  212 363 -404  2
4184500 2653500  7  1 10  17.0  976 325  5.1 7  9.4  79  295  218 362 -412  2
4184500 2653500  7  1 11  18.2  978 320  4.1 6  9.1  69  238  284 357 -417  2
4184500 2653500  7  1 12  18.4  978 289  4.2 7  8.9  66   52  318 357 -423  2
4184500 2653500  7  1 13  19.0  978 293  4.0 7  8.8  63   88  326 359 -431  2
4184500 2653500  7  1 14  19.0  978 291  5.3 6  8.9  63   51  303 355 -435  2
4184500 2653500  7  1 15  19.1  978 312  5.2 8  8.9  62    0  153 358 -432  2
4184500 2653500  7  1 16  17.7  978 318  3.2 8  9.1  66    3  202 363 -428  2
4184500 2653500  7  1 17  18.7  978 302  4.0 7  9.3  69   65  206 362 -425  2
4184500 2653500  7  1 18  18.9  978 314  3.7 5  8.9  63  133  127 355 -422  2
4184500 2653500  7  1 19  18.9  978 321  3.6 5  8.6  60   55   88 349 -418  2
4184500 2653500  7  1 20  17.1  978 302  2.9 5  8.5  64   20   36 348 -414  2
4184500 2653500  7  1 21  15.7  978 280  2.2 6  8.7  72    0    1 348 -410  2
4184500 2653500  7  1 22  15.2  978 312  2.9 6  8.9  78    0    0 350 -408  2
4184500 2653500  7  1 23  14.8  979 280  1.7 7  8.9  81    0    0 353 -404  2
4184500 2653500  7  1 24  14.4  979 297  2.0 7  9.0  84    0    0 356 -399  2
4184500 2653500  7  2  1  14.2  980 290  2.4 5  9.1  86    0    0 346 -396  2
4184500 2653500  7  2  2  14.0  979 303  2.1 7  9.1  87    0    0 345 -394  2
4184500 2653500  7  2  3  13.4  980 303  1.8 8  9.1  90    0    0 358 -392  2
4184500 2653500  7  2  4  13.6  980 316  1.9 7  9.1  91    0    0 357 -390  2
4184500 2653500  7  2  5  13.1  980 319  2.1 7  9.0  91    0    6 353 -389  2
4184500 2653500  7  2  6  13.1  980 322  2.1 7  8.9  91    0   24 352 -388  2
4184500 2653500  7  2  7  13.7  980 326  2.8 8  8.5  86    0   76 357 -388  2
4184500 2653500  7  2  8  14.1  980 330  3.1 8  8.1  79    8  167 363 -389  2
4184500 2653500  7  2  9  14.4  981 316  4.1 8  8.0  77   25  251 366 -393  2
4184500 2653500  7  2 10  15.5  981 302  4.0 7  8.0  73   87  342 363 -398  2
4184500 2653500  7  2 11  14.9  980 323  4.0 5  7.7  69  109  382 350 -405  2
4184500 2653500  7  2 12  15.8  980 316  4.1 5  7.6  67  125  408 341 -412  2
4184500 2653500  7  2 13  17.1  980 319  3.7 6  7.5  62  104  403 350 -420  2
4184500 2653500  7  2 14  17.2  980 325  4.3 6  7.2  57  122  394 355 -426  2
4184500 2653500  7  2 15  17.2  979 350  4.1 6  7.2  57   88  345 355 -428  2
4184500 2653500  7  2 16  17.2  979 322  3.5 5  7.4  58  169  318 351 -427  2
4184500 2653500  7  2 17  17.5  979 305  3.4 5  7.6  59  169  252 348 -425  2
4184500 2653500  7  2 18  16.9  979 351  3.5 4  7.6  60   95  186 343 -422  2
4184500 2653500  7  2 19  16.3  979   4  3.5 4  7.7  63   31  112 337 -418  2
4184500 2653500  7  2 20  15.3  979   4  3.1 5  7.7  66    3   40 339 -411  2
4184500 2653500  7  2 21  13.5  979  10  2.4 5  7.6  72    0    3 339 -404  2
4184500 2653500  7  2 22  12.3  979   0  1.4 5  7.4  77    0    0 333 -395  2
4184500 2653500  7  2 23  12.7  980  31  0.9 5  7.3  78    0    0 331 -388  2
4184500 2653500  7  2 24  12.3  980  44  0.7 5  7.2  77    0    0 331 -381  2
4184500 2653500  7  3  1  12.2  980  83  0.0 6  7.2  78    0    0 333 -376  2
4184500 2653500  7  3  2  11.3  979  86  0.0 7  7.2  81    0    0 339 -372  2
4184500 2653500  7  3  3  10.0  978  68  0.0 5  7.2  86    0    0 329 -368  2
4184500 2653500  7  3  4  10.4  978  78  0.2 4  7.2  89    0    0 315 -364  2
4184500 2653500  7  3  5   9.7  978 132  0.7 4  7.2  90    1   12 310 -363  2
4184500 2653500  7  3  6  11.5  978 129  0.3 4  7.2  87   49   54 311 -365  2
4184500 2653500  7  3  7  13.8  979  89  0.4 5  7.4  78  131   95 321 -374  2
4184500 2653500  7  3  8  15.4  978 105  2.1 4  7.4  69  257  122 326 -385  2
4184500 2653500  7  3  9  15.8  978  61  3.0 6  7.1  62  252  208 333 -392  2
4184500 2653500  7  3 10  16.3  978  53  3.4 5  7.1  60  385  218 337 -396  2
4184500 2653500  7  3 11  18.1  977  69  3.5 5  7.3  58  345  292 339 -400  2
4184500 2653500  7  3 12  18.0  978  61  3.9 5  7.4  55  246  354 341 -408  2
4184500 2653500  7  3 13  18.3  978  71  3.1 5  7.4  55  211  363 342 -419  2
4184500 2653500  7  3 14  18.4  977 109  2.5 5  7.5  55  131  348 344 -431  2
4184500 2653500  7  3 15  18.0  977 121  3.8 7  7.6  56   94  311 348 -438  2
4184500 2653500  7  3 16  18.9  976  89  3.9 5  7.7  56  216  260 349 -440  2
4184500 2653500  7  3 17  19.8  976  88  3.9 4  7.7  53  254  181 344 -437  2
4184500 2653500  7  3 18  19.6  975  79  3.2 3  7.6  51  182  133 339 -430  2
4184500 2653500  7  3 19  19.1  975 100  3.3 3  7.4  51   87   91 334 -423  2
4184500 2653500  7  3 20  17.7  975  98  3.0 3  7.5  55   18   42 331 -416  2
4184500 2653500  7  3 21  16.2  974  83  2.8 3  7.7  62    0    0 327 -406  2
4184500 2653500  7  3 22  15.0  974 124  2.0 3  7.7  67    0    0 322 -398  2
4184500 2653500  7  3 23  13.7  974 118  1.5 2  7.7  73    0    0 315 -394  2
4184500 2653500  7  3 24  13.1  974  99  1.1 2  7.7  77    0    0 309 -390  2
4184500 2653500  7  4  1  12.2  974  91  1.4 1  7.6  80    0    0 303 -387  2
4184500 2653500  7  4  2  12.8  973 105  1.0 1  7.6  81    0    0 300 -385  2
4184500 2653500  7  4  3  11.9  973  96  1.0 3  7.6  82    0    0 305 -382  2
4184500 2653500  7  4  4  12.3  973  80  0.9 5  7.8  85    0    0 318 -379  2
4184500 2653500  7  4  5  13.0  972  75  1.2 6  8.1  85    2   12 331 -377  2
4184500 2653500  7  4  6  13.5  972  74  1.2 7  8.4  84   57   57 340 -378  2
4184500 2653500  7  4  7  15.7  972 114  1.3 1  8.8  81  167   89 327 -385  2
4184500 2653500  7  4  8  17.6  972 139  2.3 3  9.3  75  207  156 321 -399  2
4184500 2653500  7  4  9  19.7  972  88  3.0 3  9.7  69  313  193 335 -416  2
4184500 2653500  7  4 10  20.4  971 110  2.9 4  9.7  63  366  244 344 -432  2
4184500 2653500  7  4 11  21.4  971  88  3.9 4  9.8  60  219  348 352 -445  2
4184500 2653500  7  4 12  21.7  970  38  4.9 5  9.9  59  178  377 359 -453  2
4184500 2653500  7  4 13  22.4  971  60  4.7 5  9.8  56  108  372 366 -457  2
4184500 2653500  7  4 14  22.8  971 112  4.6 5  9.8  55   83  348 370 -457  2
4184500 2653500  7  4 15  23.9  970 111  4.0 4  9.9  53  189  328 369 -459  2
4184500 2653500  7  4 16  23.6  970 100  4.4 3  9.8  51  394  206 364 -458  2
4184500 2653500  7  4 17  23.9  969  92  3.4 3  9.7  50  307  171 358 -452  2
4184500 2653500  7  4 18  23.4  969  81  4.5 2  9.7  51  192  138 353 -447  2
4184500 2653500  7  4 19  22.7  969  95  3.3 1  9.7  53  102   91 343 -440  2
4184500 2653500  7  4 20  21.2  970  77  3.3 1  9.9  57   17   43 337 -431  2
4184500 2653500  7  4 21  19.1  969  87  3.1 1  9.9  64    0    2 331 -424  2
4184500 2653500  7  4 22  18.1  969  94  3.0 0  9.9  70    0    0 323 -419  2
4184500 2653500  7  4 23  17.2  970  97  1.2 2  9.9  75    0    0 323 -415  2
4184500 2653500  7  4 24  16.0  970 106  1.2 3  9.8  79    0    0 327 -410  2
4184500 2653500  7  5  1  14.6  970 105  1.3 3  9.6  84    0    0 325 -405  2
4184500 2653500  7  5  2  14.4  970 139  1.0 3  9.5  88    0    0 322 -401  2
4184500 2653500  7  5  3  14.2  969 123  1.0 3  9.5  89    0    0 320 -400  2
4184500 2653500  7  5  4  13.0  970  89  1.6 3  9.4  92    0    0 318 -399  2
4184500 2653500  7  5  5  13.4  969 124  1.2 1  9.2  93    2   14 311 -400  2
4184500 2653500  7  5  6  15.1  970 168  0.0 1  9.6  90   59   63 308 -403  2
4184500 2653500  7  5  7  17.0  971 128  0.4 0  9.9  83  176  100 311 -409  2
4184500 2653500  7  5  8  19.3  970 110  1.4 0 10.2  74  315  123 314 -418  2
4184500 2653500  7  5  9  21.2  970 127  1.7 0 10.3  66  445  141 323 -424  2
4184500 2653500  7  5 10  22.4  971  95  2.2 1 10.2  60  511  183 332 -426  2
4184500 2653500  7  5 11  23.5  971 120  3.2 2 10.0  54  624  181 342 -431  2
4184500 2653500  7  5 12  24.3  971  84  2.3 2  9.9  51  686  183 349 -444  2
4184500 2653500  7  5 13  25.0  970  90  3.7 2  9.5  47  698  187 354 -444  2
4184500 2653500  7  5 14  25.5  970 110  2.8 2  9.2  44  685  177 359 -449  2
4184500 2653500  7  5 15  25.9  970 133  2.7 2  9.3  43  611  175 361 -463  2
4184500 2653500  7  5 16  26.2  970 131  3.4 2  8.7  40  478  182 361 -464  2
4184500 2653500  7  5 17  25.9  969 122  2.4 1  7.9  36  358  162 357 -462  2
4184500 2653500  7  5 18  25.3  969 135  3.2 0  7.6  35  226  136 349 -457  2
4184500 2653500  7  5 19  24.4  969 120  3.2 0  7.6  37  102   99 344 -448  2
4184500 2653500  7  5 20  22.8  970 108  2.4 0  7.9  42   19   46 338 -440  2
4184500 2653500  7  5 21  20.5  969 119  2.0 0  8.3  49    0    3 331 -433  2
4184500 2653500  7  5 22  19.3  969 129  1.6 0  8.4  55    0    0 323 -427  2
4184500 2653500  7  5 23  18.0  970 136  3.0 0  8.4  60    0    0 318 -424  2
4184500 2653500  7  5 24  17.2  970 138  2.3 0  8.4  64    0    0 316 -423  2
4184500 2653500  7  6  1  16.5  970 138  2.2 1  8.4  67    0    0 315 -422  2
4184500 2653500  7  6  2  17.0  970 146  2.3 1  8.6  69    0    0 317 -420  2
4184500 2653500  7  6  3  16.4  970 145  2.1 1  8.7  70    0    0 317 -418  2
4184500 2653500  7  6  4  15.6  970 135  0.1 1  8.7  73    0    0 314 -416  2
4184500 2653500  7  6  5  14.7  969 136  1.3 2  8.5  76    0    1 313 -412  2
4184500 2653500  7  6  6  15.5  969 114  1.0 3  8.6  77    7   49 316 -410  2
4184500 2653500  7  6  7  18.7  970 128  1.9 5  9.0  70   50  119 330 -415  2
4184500 2653500  7  6  8  21.2  969 100  2.7 4  9.1  60  177  168 342 -425  2
4184500 2653500  7  6  9  21.9  969  23  3.9 4  9.0  53  341  180 346 -439  2
4184500 2653500  7  6 10  23.8  970 340  4.9 4  8.7  48  538  147 351 -450  2
4184500 2653500  7  6 11  24.9  970 355  4.8 4  8.4  42  585  182 358 -463  2
4184500 2653500  7  6 12  25.6  969  23  5.0 4  8.2  39  605  208 364 -478  2
4184500 2653500  7  6 13  26.1  969  40  4.7 3  8.1  37  791  102 365 -488  2
4184500 2653500  7  6 14  27.1  968  85  4.2 3  8.4  37  745  113 369 -498  2
4184500 2653500  7  6 15  27.9  967 102  4.6 2  8.7  36  679  109 370 -502  2
4184500 2653500  7  6 16  28.2  968 111  4.9 1  8.7  35  537  127 367 -499  2
4184500 2653500  7  6 17  27.6  967 104  5.1 1  8.8  36  392  126 363 -492  2
4184500 2653500  7  6 18  27.6  967 121  4.2 1  8.8  36  239  118 361 -481  2
4184500 2653500  7  6 19  26.3  965  95  3.6 0  8.7  38  109   89 354 -470  2
4184500 2653500  7  6 20  24.2  965  98  2.9 0  9.0  43   21   43 344 -462  2
4184500 2653500  7  6 21  22.0  964 104  2.4 1  9.1  49    0    3 338 -456  2
4184500 2653500  7  6 22  21.0  964  98  1.5 1  9.0  53    0    0 331 -451  2
4184500 2653500  7  6 23  20.1  964  92  2.6 1  8.9  56    0    0 325 -446  2
4184500 2653500  7  6 24  20.0  963 101  2.5 4  9.0  59    0    0 332 -442  2
4184500 2653500  7  7  1  19.8  964 164  1.9 5  9.4  61    0    0 345 -437  2
4184500 2653500  7  7  2  18.9  962 121  3.3 6  9.6  65    0    0 351 -436  2
4184500 2653500  7  7  3  18.5  963 226  4.0 8 10.3  72    0    0 363 -434  2
4184500 2653500  7  7  4  17.9  963 217  1.5 7 11.0  80    0    0 368 -428  2
4184500 2653500  7  7  5  17.4  962 105  1.9 7 11.2  84    0   12 364 -424  2
4184500 2653500  7  7  6  18.1  962 173  2.5 7 11.4  84   15   55 365 -427  2
4184500 2653500  7  7  7  19.5  962 187  2.8 4 11.7  82  114  116 357 -435  2
4184500 2653500  7  7  8  21.8  963 232  1.5 4 12.1  75  223  161 353 -439  2
4184500 2653500  7  7  9  23.7  963 242  1.9 4 12.4  68  405  162 362 -439  2
4184500 2653500  7  7 10  25.1  963 293  4.3 3 11.9  59  571  153 368 -442  2
4184500 2653500  7  7 11  26.0  962 295  3.5 2 11.5  53  695  144 367 -447  2
4184500 2653500  7  7 12  27.0  963 275  2.9 2 11.4  50  760  143 371 -448  2
4184500 2653500  7  7 13  28.1  963 352  2.2 2 11.1  46  747  161 377 -445  2
4184500 2653500  7  7 14  28.3  963 350  2.1 5 11.1  44  120  381 390 -443  2
4184500 2653500  7  7 15  27.4  962 353  1.7 6 11.3  46   29  300 400 -445  2
4184500 2653500  7  7 16  27.5  961 359  2.5 6 12.1  50   66  288 403 -454  2
4184500 2653500  7  7 17  25.8  961  24  4.4 8 13.2  57    0   72 408 -457  2
4184500 2653500  7  7 18  24.9  961 347  3.5 8 13.1  61    0   42 408 -449  2
4184500 2653500  7  7 19  19.7  960 240  4.2 7 12.4  70    0   22 394 -438  2
4184500 2653500  7  7 20  18.3  961 227  4.2 7 12.1  83    0    6 378 -426  2
4184500 2653500  7  7 21  16.1  961 223  4.4 7 11.8  91    0    0 371 -417  2
4184500 2653500  7  7 22  15.3  962 241  3.6 8 11.2  95    0    0 368 -410  2
4184500 2653500  7  7 23  14.9  963 268  5.3 8 10.9  96    0    0 368 -407  2
4184500 2653500  7  7 24  14.7  963 250  4.1 7 10.9  98    0    0 363 -406  2
4184500 2653500  7  8  1  14.9  963 245  3.8 8 10.7  96    0    0 363 -406  2
4184500 2653500  7  8  2  14.7  963 253  3.4 8 10.5  95    0    0 365 -405  2
4184500 2653500  7  8  3  14.5  964 259  3.0 7 10.4  95    0    0 362 -404  2
4184500 2653500  7  8  4  14.7  964 248  2.7 8 10.5  96    0    0 363 -402  2
4184500 2653500  7  8  5  14.7  964 250  1.8 7 10.6  96    0    1 364 -403  2
4184500 2653500  7  8  6  15.5  964 248  1.3 7 10.8  96    0   13 362 -405  2
4184500 2653500  7  8  7  15.7  964 250  3.4 6 11.0  94   28   76 360 -409  2
4184500 2653500  7  8  8  16.5  964 247  3.6 8 11.0  91    0   92 365 -415  2
4184500 2653500  7  8  9  16.8  964 245  3.6 8 11.1  89    0  158 376 -419  2
4184500 2653500  7  8 10  16.5  964 246  3.2 8 11.1  89    0  167 377 -427  2
4184500 2653500  7  8 11  16.5  964 244  1.9 8 11.3  91    0  167 376 -434  2
4184500 2653500  7  8 12  17.2  964 242  1.8 8 11.6  92    0  128 377 -429  2
4184500 2653500  7  8 13  17.0  965 256  3.2 8 11.6  90    0  170 378 -424  2
4184500 2653500  7  8 14  18.0  965 250  3.3 7 11.6  88    8  245 376 -426  2
4184500 2653500  7  8 15  18.1  965 250  3.6 7 11.7  85   24  233 373 -436  2
4184500 2653500  7  8 16  17.7  965 257  4.0 7 11.5  85    4  191 374 -440  2
4184500 2653500  7  8 17  17.4  965 257  4.1 8 11.5  87    0  159 377 -438  2
4184500 2653500  7  8 18  17.1  965 249  2.4 6 11.5  89   61  109 374 -436  2
4184500 2653500  7  8 19  17.0  966 256  2.2 5 11.4  89   44   63 363 -432  2
4184500 2653500  7  8 20  16.7  966 259  2.8 7 11.1  88    4   28 368 -425  2
4184500 2653500  7  8 21  16.3  966 260  3.1 8 11.0  88    0    0 379 -418  2
4184500 2653500  7  8 22  15.9  967 258  3.2 8 10.8  90    0    0 378 -413  2
4184500 2653500  7  8 23  16.3  967 238  3.0 7 10.5  86    0    0 376 -410  2
4184500 2653500  7  8 24  17.0  968 214  2.4 6 10.2  81    0    0 371 -408  2
4184500 2653500  7  9  1  18.0  969 181  2.0 4  9.8  73    0    0 328 -411  2
4184500 2653500  7  9  2  18.6  969 157  1.6 3  9.5  68    0    0 331 -411  2
4184500 2653500  7  9  3  19.0  969 138  1.6 2  9.2  63    0    0 326 -412  2
4184500 2653500  7  9  4  18.9  968 135  1.8 3  9.1  64    0    0 325 -411  2
4184500 2653500  7  9  5  19.6  968 130  2.1 3  9.2  63    0    7 328 -409  2
4184500 2653500  7  9  6  20.1  968 122  2.4 4  9.2  62   49   59 332 -410  2
4184500 2653500  7  9  7  20.8  968 130  3.1 4  9.6  61  186   90 336 -413  2
4184500 2653500  7  9  8  23.6  968 130  2.9 3  9.9  56  331  105 341 -422  2
4184500 2653500  7  9  9  25.6  968 133  3.2 3  9.9  49  462  117 347 -435  2
4184500 2653500  7  9 10  27.3  967 142  3.0 3  9.5  42  570  131 354 -450  2
4184500 2653500  7  9 11  29.4  967 148  3.2 3  9.0  36  685  125 362 -465  2
4184500 2653500  7  9 12  29.4  967 162  3.0 3  8.6  32  787  100 367 -477  2
4184500 2653500  7  9 13  30.4  967 146  2.4 3  8.7  31  787  111 371 -486  2
4184500 2653500  7  9 14  31.4  966 114  3.1 2  8.4  29  744  119 374 -491  2
4184500 2653500  7  9 15  30.9  965 135  3.5 2  8.1  27  631  141 374 -491  2
4184500 2653500  7  9 16  31.1  965 128  3.4 1  8.6  29  502  148 374 -489  2
4184500 2653500  7  9 17  30.3  964 128  3.2 2  9.1  31  379  134 374 -484  2
4184500 2653500  7  9 18  29.7  964 116  4.1 1  9.4  34  234  119 371 -476  2
4184500 2653500  7  9 19  28.4  964 112  2.9 1  9.7  37  108   90 368 -466  2
4184500 2653500  7  9 20  26.5  964 126  2.2 1 10.0  41   18   43 363 -455  2
4184500 2653500  7  9 21  24.5  963 124  2.1 2 10.1  47    0    0 358 -445  2
4184500 2653500  7  9 22  23.9  963 138  2.3 2 10.0  50    0    0 354 -438  2
4184500 2653500  7  9 23  24.0  964 132  1.9 2 10.0  51    0    0 352 -433  2
4184500 2653500  7  9 24  23.7  964 169  2.2 5 10.0  52    0    0 358 -430  2
4184500 2653500  7 10  1  21.4  965 267  4.2 7 10.0  55    0    0 363 -427  2
4184500 2653500  7 10  2  19.9  966 325  2.3 7  9.9  62    0    0 358 -427  2
4184500 2653500  7 10  3  19.0  965  11  1.1 8 10.0  67    0    0 356 -426  2
4184500 2653500  7 10  4  18.7  965 316  1.2 7 10.0  70    0    0 355 -424  2
4184500 2653500  7 10  5  17.4  965  47  0.9 7 10.2  74    4   13 352 -419  2
4184500 2653500  7 10  6  19.5  965  66  1.6 6 10.4  75   76   56 354 -416  2
4184500 2653500  7 10  7  20.5  965  91  1.7 4 10.6  69  214   67 353 -421  2
4184500 2653500  7 10  8  22.0  966 102  1.5 3 10.6  64  379   56 348 -432  2
4184500 2653500  7 10  9  24.1  965  28  0.9 4 10.5  56  493  101 355 -445  2
4184500 2653500  7 10 10  25.5  965  28  1.6 3 10.3  50  595   79 362 -460  2
4184500 2653500  7 10 11  26.5  964  34  1.4 5 10.2  46  326  281 372 -475  2
4184500 2653500  7 10 12  27.5  964  25  3.1 6 10.3  44   68  331 389 -485  2
4184500 2653500  7 10 13  28.1  963  40  3.0 8 10.5  43   80  342 405 -490  2
4184500 2653500  7 10 14  29.1  963  47  2.7 4 10.5  41  485  225 402 -488  2
4184500 2653500  7 10 15  29.3  962  88  1.3 6 10.6  39  210  294 398 -488  2
4184500 2653500  7 10 16  25.6  961  98  2.5 7 11.0  45    3  197 403 -480  2
4184500 2653500  7 10 17  24.4  960 178  4.4 8 11.6  55    0   49 403 -460  2
4184500 2653500  7 10 18  16.9  961 259  8.0 8 11.9  74    0   34 392 -443  2
4184500 2653500  7 10 19  16.0  963 269  5.0 6 11.3  91    0   29 371 -432  2
4184500 2653500  7 10 20  15.4  966 258  4.5 7 10.8  92    0   13 365 -425  2
4184500 2653500  7 10 21  15.1  966 277  3.2 8 10.6  93    0    0 370 -418  2
4184500 2653500  7 10 22  14.7  968 279  3.8 7 10.5  94    0    0 368 -413  2
4184500 2653500  7 10 23  14.5  968 278  3.4 7 10.3  95    0    0 363 -410  2
4184500 2653500  7 10 24  14.1  969 254  3.4 7 10.1  94    0    0 361 -409  2
4184500 2653500  7 11  1  14.0  969 234  1.9 5  9.8  93    0    0 353 -407  2
4184500 2653500  7 11  2  13.0  970 236  2.4 4  9.3  92    0    0 339 -406  2
4184500 2653500  7 11  3  12.4  971 246  2.9 4  8.7  91    0    0 331 -404  2
4184500 2653500  7 11  4  11.4  971 255  2.5 3  8.4  93    0    0 324 -401  2
4184500 2653500  7 11  5  11.3  972 228  2.4 2  8.2  93    2   12 313 -399  2
4184500 2653500  7 11  6  12.2  973 230  2.3 3  8.2  91   74   55 313 -399  2
4184500 2653500  7 11  7  13.7  973 111  2.9 3  8.4  86   64  111 319 -401  2
4184500 2653500  7 11  8  14.0  973 199  2.9 6  8.5  83    0   87 333 -405  2
4184500 2653500  7 11  9  14.6  974 212  2.8 7  8.6  81    0  114 353 -410  2
4184500 2653500  7 11 10  14.5  975 206  2.9 7  8.8  82    0   73 358 -413  2
4184500 2653500  7 11 11  15.2  975 175  2.3 6  8.9  81    0  134 356 -413  2
4184500 2653500  7 11 12  16.2  975 192  3.7 5  8.7  75   90  348 352 -416  2
4184500 2653500  7 11 13  18.5  976 192  3.6 2  8.6  66  831   73 342 -422  2
4184500 2653500  7 11 14  19.5  976 147  3.0 2  8.5  59  737  103 339 -422  2
4184500 2653500  7 11 15  20.6  976 162  3.1 3  8.3  55  410  245 346 -427  2
4184500 2653500  7 11 16  19.5  976 168  4.3 3  8.3  55  287  240 349 -435  2
4184500 2653500  7 11 17  18.1  976 224  4.1 5  8.3  59   61  219 351 -437  2
4184500 2653500  7 11 18  17.2  976 235  2.4 6  8.5  65    1  110 354 -437  2
4184500 2653500  7 11 19  18.2  976 202  2.1 3  8.6  66   51   98 347 -430  2
4184500 2653500  7 11 20  17.5  977 168  1.0 3  8.7  66   27   42 337 -420  2
4184500 2653500  7 11 21  16.6  976 131  1.3 3  8.9  70    0    3 334 -409  2
4184500 2653500  7 11 22  15.4  977 127  1.4 4  8.8  75    0    0 333 -401  2
4184500 2653500  7 11 23  15.0  977 143  1.3 4  8.7  77    0    0 332 -395  2
4184500 2653500  7 11 24  14.3  978 162  1.9 2  8.6  80    0    0 323 -390  2
4184500 2653500  7 12  1  13.4  978 122  1.7 2  8.5  83    0    0 314 -386  2
4184500 2653500  7 12  2  13.8  978 133  1.3 2  8.3  82    0    0 311 -384  2
4184500 2653500  7 12  3  13.9  977 180  1.0 3  8.0  78    0    0 314 -382  2
4184500 2653500  7 12  4  12.5  977 176  0.8 3  7.8  80    0    0 314 -378  2
4184500 2653500  7 12  5  11.6  978 287  0.8 2  7.8  85    0    7 307 -373  2
4184500 2653500  7 12  6  13.3  978 260  0.9 3  8.2  87   23   49 308 -374  2
4184500 2653500  7 12  7  14.9  978 241  1.4 6  8.6  83   55  106 325 -384  2
4184500 2653500  7 12  8  17.4  977 266  0.9 5  8.8  74  199  138 337 -399  2
4184500 2653500  7 12  9  19.9  978 239  1.5 4  8.8  63  488  100 340 -414  2
4184500 2653500  7 12 10  21.3  977 249  1.8 3  8.4  54  657   58 340 -429  2
4184500 2653500  7 12 11  22.6  977  20  2.5 4  7.7  45  509  188 345 -442  2
4184500 2653500  7 12 12  23.2  976  50  2.7 4  7.6  42  447  252 351 -445  2
4184500 2653500  7 12 13  23.2  976 115  2.6 3  7.5  41  615  171 350 -441  2
4184500 2653500  7 12 14  23.5  975 112  3.3 5  7.1  38  271  310 354 -435  2
4184500 2653500  7 12 15  23.7  975 104  3.3 6  7.3  38  147  298 366 -431  2
4184500 2653500  7 12 16  24.4  975 108  2.9 6  7.3  38  258  234 371 -429  2
4184500 2653500  7 12 17  24.4  975 116  2.4 6  7.0  35  264  165 371 -425  2
4184500 2653500  7 12 18  24.3  974 108  3.3 5  7.1  36  172  128 367 -421  2
4184500 2653500  7 12 19  22.9  974 120  3.5 5  7.4  39  115   74 361 -418  2
4184500 2653500  7 12 20  21.2  973 127  3.4 5  7.6  44   25   38 356 -415  2
4184500 2653500  7 12 21  18.9  973  95  2.3 3  7.9  52    0    4 341 -412  2
4184500 2653500  7 12 22  17.7  973 245  1.1 0  7.9  57    0    0 311 -409  2
4184500 2653500  7 12 23  15.7  974 241  0.4 0  7.8  63    0    0 291 -406  2
4184500 2653500  7 12 24  15.6  973 107  1.5 1  7.7  67    0    0 292 -405  2
4184500 2653500  7 13  1  15.3  973 106  0.8 0  7.7  68    0    0 293 -404  2
4184500 2653500  7 13  2  15.1  972 114  1.7 0  7.9  70    0    0 289 -403  2
4184500 2653500  7 13  3  13.7  972 117  2.2 1  8.0  75    0    0 291 -401  2
4184500 2653500  7 13  4  13.8  971  96  2.0 2  8.0  78    0    0 297 -398  2
4184500 2653500  7 13  5  13.9  971 104  2.7 5  8.1  78    0    2 316 -396  2
4184500 2653500  7 13  6  14.4  971 109  1.4 7  8.3  79    0   13 342 -397  2
4184500 2653500  7 13  7  16.0  970 131  1.1 7  8.6  76    0   40 355 -398  2
4184500 2653500  7 13  8  17.0  971 133  1.5 7  8.7  71    0   59 359 -398  2
4184500 2653500  7 13  9  17.3  971 102  1.8 7  8.9  70    0   83 362 -403  2
4184500 2653500  7 13 10  17.1  970 109  2.8 7  9.7  75   14  271 365 -410  2
4184500 2653500  7 13 11  18.8  970 100  1.0 5 10.2  75   73  363 362 -418  2
4184500 2653500  7 13 12  19.1  969 100  0.7 6 10.3  72    4  270 365 -425  2
4184500 2653500  7 13 13  20.5  969  88  2.0 5 10.9  72  158  413 369 -430  2
4184500 2653500  7 13 14  21.0  969  79  2.9 5 11.1  69  291  391 372 -435  2
4184500 2653500  7 13 15  21.5  969  62  2.0 7 10.8  65   78  339 380 -440  2
4184500 2653500  7 13 16  21.6  969  62  2.4 7 10.9  65   56  291 386 -439  2
4184500 2653500  7 13 17  22.6  969  55  2.4 4 11.2  64  138  258 376 -435  2
4184500 2653500  7 13 18  21.7  968  44  2.7 4 11.5  65   99  186 366 -431  2
4184500 2653500  7 13 19  22.1  968  59  2.7 3 11.5  67   28  107 362 -427  2
4184500 2653500  7 13 20  20.9  969  13  1.1 6 11.7  69    0   12 368 -421  2
4184500 2653500  7 13 21  18.5  968  38  2.1 7 11.8  78    0    0 375 -414  2
4184500 2653500  7 13 22  17.8  968  70  1.2 8 11.8  86    0    0 378 -407  2
4184500 2653500  7 13 23  17.9  969  33  1.3 7 11.8  88    0    0 377 -404  2
4184500 2653500  7 13 24  17.8  969 119  0.0 8 11.9  89    0    0 377 -403  2
4184500 2653500  7 14  1  17.5  970 217  1.9 8 12.0  90    0    0 382 -401  2
4184500 2653500  7 14  2  17.3  970 131  0.9 8 11.8  90    0    0 381 -401  2
4184500 2653500  7 14  3  16.6  971 327  1.1 8 11.9  94    0    0 380 -400  2
4184500 2653500  7 14  4  16.2  970 260  0.6 6 11.7  96    0    0 370 -400  2
4184500 2653500  7 14  5  16.3  970 168  2.0 6 11.5  95    0    2 360 -400  2
4184500 2653500  7 14  6  15.9  971 177  1.3 7 11.6  96    4   33 365 -399  2
4184500 2653500  7 14  7  15.9  972 214  1.2 8 11.6  98    0   47 375 -400  2
4184500 2653500  7 14  8  16.0  972  13  1.5 5 11.6  98   16  125 365 -402  2
4184500 2653500  7 14  9  17.0  973 334  1.5 8 12.0  97    4  171 366 -406  2
4184500 2653500  7 14 10  17.6  973 305  1.4 8 12.1  93   33  220 382 -412  2
4184500 2653500  7 14 11  17.9  973 317  1.4 7 11.9  90  204  179 379 -419  2
4184500 2653500  7 14 12  20.0  973 338  2.2 7 12.1  85  137  231 379 -425  2
4184500 2653500  7 14 13  21.3  973   4  1.7 8 12.2  77    4  242 389 -431  2
4184500 2653500  7 14 14  21.1  973 359  2.5 8 12.3  74    0  214 396 -437  2
4184500 2653500  7 14 15  22.0  973 355  3.0 8 12.5  74    0  152 397 -440  2
4184500 2653500  7 14 16  21.8  973 351  2.9 8 12.4  72    0  120 397 -442  2
4184500 2653500  7 14 17  22.3  973 349  2.5 8 12.3  70    0  132 397 -443  2
4184500 2653500  7 14 18  21.6  973   0  3.4 8 12.3  71    8  113 396 -440  2
4184500 2653500  7 14 19  20.3  972 350  3.8 8 12.4  76    0   59 394 -435  2
4184500 2653500  7 14 20  19.1  973 325  3.1 8 12.4  82    0    6 390 -429  2
4184500 2653500  7 14 21  18.3  974  34  2.6 7 12.3  87    0    0 385 -422  2
4184500 2653500  7 14 22  17.9  974 352  2.9 7 12.3  91    0    0 379 -417  2
4184500 2653500  7 14 23  17.4  975  14  1.3 7 12.1  92    0    0 377 -413  2
4184500 2653500  7 14 24  17.0  975 339  1.2 7 11.9  93    0    0 375 -411  2
4184500 2653500  7 15  1  16.5  975 339  1.5 8 11.8  95    0    0 377 -410  2
4184500 2653500  7 15  2  16.2  974 355  2.1 8 11.8  97    0    0 379 -408  2
4184500 2653500  7 15  3  16.2  974   7  1.7 8 11.7  98    0    0 379 -405  2
4184500 2653500  7 15  4  16.1  974  11  2.1 8 11.6  97    0    0 379 -402  2
4184500 2653500  7 15  5  16.0  974  17  2.0 8 11.5  97    0    1 378 -398  2
4184500 2653500  7 15  6  16.1  974   5  3.1 8 11.5  97    0   12 378 -396  2
4184500 2653500  7 15  7  16.2  974   5  2.7 8 11.4  95    0   42 379 -397  2
4184500 2653500  7 15  8  16.6  973   1  2.3 7 11.4  93   20  123 376 -399  2
4184500 2653500  7 15  9  16.8  974 354  2.5 8 11.4  91   15  173 378 -403  2
4184500 2653500  7 15 10  17.1  974   8  2.3 8 11.3  90    0  154 383 -405  2
4184500 2653500  7 15 11  17.8  974  13  3.4 8 11.3  87    0  177 384 -407  2
4184500 2653500  7 15 12  17.7  973   7  3.4 8 11.1  84    0  158 386 -409  2
4184500 2653500  7 15 13  17.9  973  33  3.4 8 11.1  83    0  125 385 -409  2
4184500 2653500  7 15 14  18.1  973  39  3.9 8 11.1  82    0  128 386 -407  2
4184500 2653500  7 15 15  18.5  973  94  3.2 8 11.2  81    0  122 387 -407  2
4184500 2653500  7 15 16  18.3  972  23  3.6 8 11.3  82    0  118 387 -413  2
4184500 2653500  7 15 17  18.4  972  36  3.6 8 11.2  81    0  113 386 -423  2
4184500 2653500  7 15 18  18.3  971  27  2.9 8 11.2  81    0   64 387 -428  2
4184500 2653500  7 15 19  18.2  971  33  2.6 8 11.2  82    0   57 386 -424  2
4184500 2653500  7 15 20  17.9  972  38  2.1 8 11.3  83    0   16 384 -419  2
4184500 2653500  7 15 21  17.7  971  36  2.1 7 11.4  86    0    2 377 -412  2
4184500 2653500  7 15 22  17.8  971  46  2.5 7 11.5  86    0    0 372 -407  2
4184500 2653500  7 15 23  17.7  971  32  1.5 7 11.5  87    0    0 370 -403  2
4184500 2653500  7 15 24  17.9  971  43  2.2 7 11.5  86    0    0 369 -400  2
4184500 2653500  7 16  1  17.3  970  58  1.5 7 11.6  88    0    0 368 -398  2
4184500 2653500  7 16  2  17.3  970 344  1.6 8 11.6  89    0    0 369 -398  2
4184500 2653500  7 16  3  17.0  969 355  2.0 8 11.4  89    0    0 370 -397  2
4184500 2653500  7 16  4  16.8  969  17  2.1 8 11.3  89    0    0 368 -397  2
4184500 2653500  7 16  5  16.1  969  63  2.0 8 11.1  90    0    2 367 -397  2
4184500 2653500  7 16  6  15.6  968  46  1.3 8 10.8  91    1   39 362 -396  2
4184500 2653500  7 16  7  16.2  968  40  1.7 7 10.7  90   14  123 357 -397  2
4184500 2653500  7 16  8  16.4  968  20  2.6 8 10.9  89    4  154 358 -398  2
4184500 2653500  7 16  9  17.0  968  27  2.9 8 11.2  89    0  171 360 -398  2
4184500 2653500  7 16 10  17.8  968  43  3.5 8 11.5  88    0  193 363 -398  2
4184500 2653500  7 16 11  18.0  967  41  3.5 6 12.4  92    0  221 361 -399  2
4184500 2653500  7 16 12  19.0  967  39  3.1 5 13.2  94    5  296 358 -401  2
4184500 2653500  7 16 13  20.5  966  46  3.0 8 13.6  89    0  205 369 -402  2
4184500 2653500  7 16 14  23.1  967  37  3.3 8 13.8  80    0  156 385 -405  2
4184500 2653500  7 16 15  21.9  966  54  3.6 6 13.6  76    0  112 384 -410  2
4184500 2653500  7 16 16  18.7  966  72  3.2 7 13.2  84    0   75 373 -415  2
4184500 2653500  7 16 17  18.1  964  71  2.6 7 13.0  93    0   86 370 -415  2
4184500 2653500  7 16 18  18.2  965  96  1.4 5 13.4  97   21  183 363 -412  2
4184500 2653500  7 16 19  18.3  964 120  1.4 6 13.1  95    1   79 358 -407  2
4184500 2653500  7 16 20  18.0  965 156  1.5 6 12.9  93    0   17 359 -404  2
4184500 2653500  7 16 21  17.8  965  77  1.4 8 12.9  95    0    0 368 -401  2
4184500 2653500  7 16 22  17.4  965 173  1.5 7 12.6  95    0    0 371 -399  2
4184500 2653500  7 16 23  17.4  965 309  0.2 7 12.6  96    0    0 364 -397  2
4184500 2653500  7 16 24  17.3  964 269  0.6 7 12.6  97    0    0 363 -396  2
4184500 2653500  7 17  1  17.5  964 314  0.9 6 12.5  95    0    0 354 -395  2
4184500 2653500  7 17  2  17.2  965  21  1.6 7 12.5  95    0    0 352 -395  2
4184500 2653500  7 17  3  16.9  964  75  0.5 8 12.5  97    0    0 367 -395  2
4184500 2653500  7 17  4  16.7  964 320  2.6 5 12.5  98    0    0 350 -394  2
4184500 2653500  7 17  5  16.8  964   7  2.2 5 12.4  98    0    1 325 -393  2
4184500 2653500  7 17  6  16.9  964 341  1.0 6 12.5  98    0   10 335 -393  2
4184500 2653500  7 17  7  17.4  964 326  1.6 6 12.5  97    0   25 344 -394  2
4184500 2653500  7 17  8  17.1  964 345  2.4 7 12.8  98    0   49 353 -395  2
4184500 2653500  7 17  9  17.8  963 356  1.7 8 13.0  99    0   76 369 -396  2
4184500 2653500  7 17 10  17.5  963 284  1.9 6 13.1  98    0  118 364 -398  2
4184500 2653500  7 17 11  17.6  963 285  2.6 7 13.0  98    0  142 359 -400  2
4184500 2653500  7 17 12  17.4  963 279  3.2 8 12.8  97    0  100 370 -401  2
4184500 2653500  7 17 13  17.6  963 282  3.0 8 12.6  95    0  129 376 -403  2
4184500 2653500  7 17 14  17.1  963 293  3.6 8 12.7  97    0  127 377 -403  2
4184500 2653500  7 17 15  17.3  963 274  3.1 8 12.7  98    0  118 377 -403  2
4184500 2653500  7 17 16  17.2  962 271  3.0 8 12.7  97    0  128 378 -403  2
4184500 2653500  7 17 17  16.9  962 286  2.8 8 12.4  96    0  124 377 -401  2
4184500 2653500  7 17 18  17.1  962 280  1.6 5 12.3  96   67  131 360 -399  2
4184500 2653500  7 17 19  17.0  962 286  1.5 6 12.3  95   84   60 348 -399  2
4184500 2653500  7 17 20  17.0  962 246  1.4 8 12.2  95    1   29 366 -400  2
4184500 2653500  7 17 21  17.0  962 263  1.1 8 12.1  94    0    0 378 -401  2
4184500 2653500  7 17 22  16.8  963 240  2.4 8 12.1  95    0    0 378 -401  2
4184500 2653500  7 17 23  16.6  963 254  2.5 7 12.0  95    0    0 372 -400  2
4184500 2653500  7 17 24  16.1  963 261  2.3 7 11.9  96    0    0 365 -399  2
4184500 2653500  7 18  1  15.5  963 263  3.1 6 11.7  99    0    0 358 -399  2
4184500 2653500  7 18  2  15.4  963 287  3.5 8 11.3  98    0    0 363 -398  2
4184500 2653500  7 18  3  14.9  963 287  4.1 8 11.0  96    0    0 372 -396  2
4184500 2653500  7 18  4  14.4  964 292  3.3 8 10.6  96    0    0 370 -395  2
4184500 2653500  7 18  5  14.3  964 296  4.0 8 10.2  95    0    1 368 -393  2
4184500 2653500  7 18  6  13.9  964 297  4.3 8 10.2  96    0   10 367 -393  2
4184500 2653500  7 18  7  14.1  965 281  3.3 8 10.2  97    0   28 366 -393  2
4184500 2653500  7 18  8  14.2  965 273  3.5 8 10.2  96    0   68 366 -394  2
4184500 2653500  7 18  9  14.5  965 275  3.4 8 10.2  94    0  153 367 -396  2
4184500 2653500  7 18 10  15.1  966 280  4.4 8 10.0  90    1  201 369 -398  2
4184500 2653500  7 18 11  15.5  966 279  4.4 8  9.9  86    0  184 370 -399  2
4184500 2653500  7 18 12  15.7  966 270  4.3 7  9.8  84    0  196 367 -400  2
4184500 2653500  7 18 13  15.7  967 268  5.5 7  9.8  83    0  156 364 -401  2
4184500 2653500  7 18 14  15.6  967 260  5.6 8  9.6  82    0  103 370 -403  2
4184500 2653500  7 18 15  15.5  967 271  6.7 8  9.5  82    0   85 374 -403  2
4184500 2653500  7 18 16  15.0  968 276  6.2 8  9.4  82    0   84 374 -402  2
4184500 2653500  7 18 17  14.6  968 267  5.4 8  9.2  83    0   75 372 -399  2
4184500 2653500  7 18 18  14.0  968 242  6.1 8  9.1  85    0   74 371 -396  2
4184500 2653500  7 18 19  13.6  968 255  4.9 7  9.0  87    0   68 366 -394  2
4184500 2653500  7 18 20  13.4  968 260  4.2 8  8.9  88    0   24 365 -393  2
4184500 2653500  7 18 21  13.2  968 261  5.0 8  8.9  88    0    0 368 -391  2
4184500 2653500  7 18 22  12.8  969 255  4.5 8  8.9  91    0    0 367 -388  2
4184500 2653500  7 18 23  12.6  969 252  4.9 8  8.9  92    0    0 367 -388  2
4184500 2653500  7 18 24  12.4  969 277  4.3 8  8.8  93    0    0 366 -388  2
4184500 2653500  7 19  1  12.0  969 257  4.2 8  8.7  94    0    0 365 -388  2
4184500 2653500  7 19  2  11.8  969 267  4.4 7  8.7  96    0    0 360 -388  2
4184500 2653500  7 19  3  11.8  969 258  3.8 7  8.7  96    0    0 356 -387  2
4184500 2653500  7 19  4  11.6  969 263  4.0 7  8.7  96    0    0 355 -386  2
4184500 2653500  7 19  5  11.7  969 256  3.5 8  8.5  95    0    1 359 -386  2
4184500 2653500  7 19  6  11.8  969 248  3.7 8  8.5  94    0   14 364 -386  2
4184500 2653500  7 19  7  12.3  970 245  3.0 8  8.5  93    0   36 364 -386  2
4184500 2653500  7 19  8  12.8  970 240  4.4 8  8.3  88    0  116 365 -386  2
4184500 2653500  7 19  9  13.8  970 251  4.3 8  8.3  84   11  230 367 -386  2
4184500 2653500  7 19 10  15.7  970 240  4.1 7  8.4  76   52  348 367 -387  2
4184500 2653500  7 19 11  16.8  971 244  4.1 5  8.4  69  127  429 356 -388  2
4184500 2653500  7 19 12  18.6  971 256  3.6 5  8.2  62  177  472 350 -389  2
4184500 2653500  7 19 13  19.6  971 264  4.1 5  8.0  55  211  486 356 -390  2
4184500 2653500  7 19 14  19.5  971 287  4.3 5  8.1  55  214  476 360 -391  2
4184500 2653500  7 19 15  19.1  971 313  4.5 6  8.6  59  144  430 366 -392  2
4184500 2653500  7 19 16  18.8  971 327  4.3 6  8.9  62   93  356 371 -392  2
4184500 2653500  7 19 17  17.7  971 309  4.1 5  9.1  66   61  275 364 -393  2
4184500 2653500  7 19 18  16.7  972 313  3.1 5  9.1  71   33  188 357 -394  2
4184500 2653500  7 19 19  15.4  972 318  3.2 3  9.0  76   25  117 343 -394  2
4184500 2653500  7 19 20  14.6  971 326  3.1 4  9.1  81    4   39 335 -395  2
4184500 2653500  7 19 21  14.2  972 317  1.9 7  9.2  86    0    0 352 -396  2
4184500 2653500  7 19 22  13.8  973 286  0.9 7  9.2  88    0    0 365 -396  2
4184500 2653500  7 19 23  13.5  973 269  1.3 7  9.2  91    0    0 364 -397  2
4184500 2653500  7 19 24  13.5  973 280  1.5 7  9.3  92    0    0 363 -397  2
4184500 2653500  7 20  1  13.2  973 266  1.6 7  9.2  92    0    0 361 -397  2
4184500 2653500  7 20  2  13.2  972 285  1.3 6  9.2  93    0    0 356 -398  2
4184500 2653500  7 20  3  13.0  972 295  1.4 4  9.2  93    0    0 339 -397  2
4184500 2653500  7 20  4  12.3  973 297  1.5 5  9.1  95    0    0 333 -397  2
4184500 2653500  7 20  5  12.3  973 307  1.2 6  9.0  97    0    6 342 -396  2
4184500 2653500  7 20  6  12.3  973 303  1.4 7  9.0  97   17   42 351 -395  2
4184500 2653500  7 20  7  12.6  973   6  1.2 4  9.1  96   30  102 340 -395  2
4184500 2653500  7 20  8  13.3  973 280  0.8 6  9.1  94   55  174 337 -395  2
4184500 2653500  7 20  9  14.1  973 262  1.1 6  9.2  90  188  227 348 -397  2
4184500 2653500  7 20 10  15.7  973 280  1.2 5  9.4  85  352  232 348 -399  2
4184500 2653500  7 20 11  18.3  973 264  1.6 5  9.1  72  364  282 350 -404  2
4184500 2653500  7 20 12  20.1  973 257  2.4 4  8.4  58  532  236 353 -410  2
4184500 2653500  7 20 13  21.3  972 255  2.5 4  8.0  50  601  208 355 -418  2
4184500 2653500  7 20 14  22.4  972 271  2.1 5  7.8  46  472  263 363 -425  2
4184500 2653500  7 20 15  22.8  972 268  2.5 6  7.6  43  277  306 372 -427  2
4184500 2653500  7 20 16  23.0  971 265  2.0 6  7.6  42  211  270 376 -426  2
4184500 2653500  7 20 17  23.0  971 265  1.8 6  7.6  42  177  214 376 -424  2
4184500 2653500  7 20 18  22.5  971 229  1.8 3  7.7  43  150  145 364 -422  2
4184500 2653500  7 20 19  21.8  971 233  1.8 5  8.0  46   41   93 359 -420  2
4184500 2653500  7 20 20  19.7  970 137  1.4 4  8.4  52    5   32 357 -416  2
4184500 2653500  7 20 21  18.3  970 131  1.2 2  8.6  60    0    0 341 -408  2
4184500 2653500  7 20 22  16.1  970 148  0.8 1  8.8  69    0    0 325 -400  2
4184500 2653500  7 20 23  15.4  970 140  1.6 0  8.9  76    0    0 314 -397  2
4184500 2653500  7 20 24  14.9  969 152  1.8 0  8.9  79    0    0 308 -394  2
4184500 2653500  7 21  1  16.0  970 141  1.5 0  8.7  76    0    0 309 -391  2
4184500 2653500  7 21  2  14.6  970 133  1.8 0  8.7  76    0    0 308 -389  2
4184500 2653500  7 21  3  12.6  969 132  1.2 0  8.7  86    0    0 302 -387  2
4184500 2653500  7 21  4  15.2  968 137  1.0 0  8.9  85    0    0 302 -386  2
4184500 2653500  7 21  5  15.2  969 141  1.3 1  8.7  77    0    5 307 -385  2
4184500 2653500  7 21  6  15.8  968 138  0.9 2  8.6  75   40   48 313 -386  2
4184500 2653500  7 21  7  18.2  967 127  1.4 1  8.9  70  186   74 316 -390  2
4184500 2653500  7 21  8  20.9  967 136  2.3 0  9.1  61  372   70 316 -401  2
4184500 2653500  7 21  9  23.3  966 171  4.7 0  9.3  53  567   50 321 -414  2
4184500 2653500  7 21 10  25.3  965 183  6.4 1  9.3  47  707   62 333 -426  2
4184500 2653500  7 21 11  26.4  964 201  7.4 1  9.3  42  801   70 344 -434  2
4184500 2653500  7 21 12  25.8  964 223  7.0 6  9.2  41   67  355 362 -441  2
4184500 2653500  7 21 13  21.5  964 251  5.5 5  9.8  51  106  365 369 -448  2
4184500 2653500  7 21 14  22.1  965 298  4.2 6 10.4  61   43  327 364 -452  2
4184500 2653500  7 21 15  22.2  965 310  4.0 5 10.1  57   77  315 366 -450  2
4184500 2653500  7 21 16  21.9  966 334  4.3 7  9.6  55   18  235 366 -445  2
4184500 2653500  7 21 17  22.0  966 314  4.3 5  8.9  51  107  219 365 -440  2
4184500 2653500  7 21 18  21.3  966  30  4.6 4  7.9  47  201  123 354 -438  2
4184500 2653500  7 21 19  20.3  966 306  4.7 3  7.1  44   93   84 344 -438  2
4184500 2653500  7 21 20  18.9  967 263  3.2 4  6.8  45    5   31 339 -430  2
4184500 2653500  7 21 21  16.2  967 246  1.7 4  7.0  53    0    0 336 -423  2
4184500 2653500  7 21 22  15.1  968 271  2.3 2  7.4  64    0    0 323 -420  2
4184500 2653500  7 21 23  13.6  968 249  2.0 2  7.5  70    0    0 313 -416  2
4184500 2653500  7 21 24  13.1  968 248  2.6 2  7.4  74    0    0 310 -411  2
4184500 2653500  7 22  1  13.3  969 251  2.6 2  7.4  75    0    0 309 -408  2
4184500 2653500  7 22  2  13.4  969 279  4.0 4  7.4  74    0    0 317 -406  2
4184500 2653500  7 22  3  12.9  969 270  3.2 6  7.5  76    0    0 330 -398  2
4184500 2653500  7 22  4  12.3  969 264  2.2 4  7.6  80    0    0 330 -388  2
4184500 2653500  7 22  5  12.4  969 252  3.0 6  7.8  83    0    1 329 -382  2
4184500 2653500  7 22  6  12.6  970 258  3.1 6  7.9  83    2   28 339 -379  2
4184500 2653500  7 22  7  13.7  970 253  5.1 5  7.8  79  149   56 337 -381  2
4184500 2653500  7 22  8  13.8  970 259  5.4 5  7.5  73   83  133 333 -385  2
4184500 2653500  7 22  9  14.8  971 255  6.2 8  7.3  68   75  199 347 -390  2
4184500 2653500  7 22 10  15.8  971 261  6.3 7  7.2  64  250  182 357 -397  2
4184500 2653500  7 22 11  17.0  972 266  5.9 7  7.1  58   50  285 356 -404  2
4184500 2653500  7 22 12  16.6  971 277  5.7 8  7.0  56    0  212 358 -410  2
4184500 2653500  7 22 13  16.5  971 274  6.0 8  7.0  57   36  295 358 -415  2
4184500 2653500  7 22 14  16.8  971 265  5.8 7  7.0  57    0  220 352 -417  2
4184500 2653500  7 22 15  17.1  971 266  6.3 7  7.1  56    2  212 348 -419  2
4184500 2653500  7 22 16  17.4  971 270  5.2 7  7.1  56   28  220 348 -417  2
4184500 2653500  7 22 17  17.3  972 281  6.0 7  7.0  54   44  170 349 -413  2
4184500 2653500  7 22 18  16.7  972 283  6.0 8  6.8  54    0   86 351 -409  2
4184500 2653500  7 22 19  15.8  972 290  5.1 7  6.8  57    4   69 347 -402  2
4184500 2653500  7 22 20  15.0  971 278  3.8 7  6.9  60    0   15 341 -395  2
4184500 2653500  7 22 21  14.2  971 269  2.9 7  7.0  64    0    0 339 -391  2
4184500 2653500  7 22 22  13.6  971 240  3.1 7  7.1  69    0    0 337 -386  2
4184500 2653500  7 22 23  13.4  971 247  3.3 7  7.1  70    0    0 336 -383  2
4184500 2653500  7 22 24  13.6  971 255  2.9 6  7.1  70    0    0 332 -380  2
4184500 2653500  7 23  1  12.8  971 264  3.5 4  7.0  71    0    0 321 -377  2
4184500 2653500  7 23  2  11.4  971 242  3.6 3  6.9  76    0    0 308 -373  2
4184500 2653500  7 23  3  10.7  971 248  3.0 2  6.9  80    0    0 298 -370  2
4184500 2653500  7 23  4  10.0  971 250  3.4 1  6.8  83    0    0 287 -366  2
4184500 2653500  7 23  5   9.8  971 236  3.0 2  6.7  85    0    4 284 -364  2
4184500 2653500  7 23  6  11.2  970 233  2.9 4  6.9  83   38   42 297 -364  2
4184500 2653500  7 23  7  13.7  970 237  3.2 4  7.2  76  122   78 311 -368  2
4184500 2653500  7 23  8  15.6  970 239  4.3 5  7.4  68  128  159 322 -375  2
4184500 2653500  7 23  9  16.7  970 241  3.8 6  7.5  63   57  235 336 -382  2
4184500 2653500  7 23 10  17.1  970 249  4.2 7  7.5  60   64  289 347 -384  2
4184500 2653500  7 23 11  18.2  970 253  4.2 7  7.5  57   50  322 355 -384  2
4184500 2653500  7 23 12  18.2  969 257  4.7 7  7.3  54   42  330 359 -385  2
4184500 2653500  7 23 13  19.4  969 244  4.8 7  7.3  52   57  344 362 -387  2
4184500 2653500  7 23 14  19.3  969 254  4.0 7  7.3  50   92  340 364 -388  2
4184500 2653500  7 23 15  19.3  968 252  4.6 7  7.3  50   35  285 364 -390  2
4184500 2653500  7 23 16  19.8  968 253  4.7 7  7.4  50   28  242 365 -393  2
4184500 2653500  7 23 17  19.5  968 235  3.3 8  7.6  51   25  188 371 -399  2
4184500 2653500  7 23 18  19.1  968 256  3.7 7  7.8  53   11  130 370 -401  2
4184500 2653500  7 23 19  18.5  967 242  4.7 8  7.9  55    4   74 369 -399  2
4184500 2653500  7 23 20  17.6  968 232  2.7 8  8.0  59    0    6 370 -395  2
4184500 2653500  7 23 21  16.9  967 224  3.0 7  8.1  63    0    0 364 -392  2
4184500 2653500  7 23 22  16.4  967 219  2.9 8  8.3  66    0    0 363 -390  2
4184500 2653500  7 23 23  16.1  967 220  2.3 7  8.4  70    0    0 362 -389  2
4184500 2653500  7 23 24  16.1  967 216  2.4 7  8.6  72    0    0 357 -388  2
4184500 2653500  7 24  1  15.8  967 209  2.0 6  8.7  73    0    0 353 -388  2
4184500 2653500  7 24  2  15.6  966 220  2.6 6  8.7  74    0    0 348 -388  2
4184500 2653500  7 24  3  15.6  965 233  2.8 7  8.7  75    0    0 353 -388  2
4184500 2653500  7 24  4  16.1  965 229  3.4 7  8.6  73    0    0 359 -388  2
4184500 2653500  7 24  5  16.2  965 214  2.9 7  8.5  71    0    1 359 -388  2
4184500 2653500  7 24  6  15.6  964 237  3.8 7  8.9  75   29   22 360 -387  2
4184500 2653500  7 24  7  15.0  965 245  2.7 7  9.5  83    0   66 359 -388  2
4184500 2653500  7 24  8  15.6  965 244  3.6 7  9.9  86    0   72 361 -389  2
4184500 2653500  7 24  9  17.2  965 241  4.2 7 10.1  82   26  193 366 -389  2
4184500 2653500  7 24 10  17.7  965 247  4.6 7 10.2  77    2  206 370 -390  2
4184500 2653500  7 24 11  18.3  965 238  4.5 8 10.1  74    2  229 378 -390  2
4184500 2653500  7 24 12  19.2  964 237  4.4 7  9.9  70   38  278 381 -391  2
4184500 2653500  7 24 13  19.8  964 243  5.4 5  9.6  64  118  282 371 -392  2
4184500 2653500  7 24 14  18.7  964 256  5.6 6  9.6  66   79  275 367 -392  2
4184500 2653500  7 24 15  19.9  964 257  5.8 8  9.8  66    0  158 378 -394  2
4184500 2653500  7 24 16  18.8  964 284  4.1 7  9.9  67    2  176 381 -397  2
4184500 2653500  7 24 17  16.7  965 287  4.3 7  9.9  74   38  159 371 -402  2
4184500 2653500  7 24 18  15.4  965 325  3.0 8  9.5  79    0   70 367 -402  2
4184500 2653500  7 24 19  14.7  966 308  2.7 8  9.5  85    0   47 367 -400  2
4184500 2653500  7 24 20  13.6  966 276  2.2 8  9.6  90    0   23 363 -396  2
4184500 2653500  7 24 21  13.7  966 297  1.8 8  9.3  91    0    0 361 -391  2
4184500 2653500  7 24 22  13.2  967 287  2.7 8  9.3  92    0    0 359 -388  2
4184500 2653500  7 24 23  13.2  968 283  2.7 8  9.4  95    0    0 358 -387  2
4184500 2653500  7 24 24  12.8  968 287  1.9 8  9.1  93    0    0 355 -386  2
4184500 2653500  7 25  1  12.8  968 278  2.8 8  8.8  91    0    0 353 -386  2
4184500 2653500  7 25  2  12.5  968 269  2.8 8  8.8  92    0    0 352 -385  2
4184500 2653500  7 25  3  12.1  968 266  2.7 7  8.8  94    0    0 345 -384  2
4184500 2653500  7 25  4  12.0  968 264  2.7 7  8.8  96    0    0 338 -382  2
4184500 2653500  7 25  5  12.2  968 258  2.1 8  8.8  96    0    2 343 -380  2
4184500 2653500  7 25  6  12.6  968 270  2.2 8  8.9  94    0   10 348 -378  2
4184500 2653500  7 25  7  13.1  968 274  2.4 8  8.8  91    0   49 348 -379  2
4184500 2653500  7 25  8  13.9  968 268  3.4 6  8.6  85   54  166 340 -381  2
4184500 2653500  7 25  9  13.7  968 284  5.0 8  8.3  81    0  135 340 -384  2
4184500 2653500  7 25 10  13.7  969 296  4.7 8  8.1  79    0  147 350 -388  2
4184500 2653500  7 25 11  15.0  969 285  4.2 8  7.9  74    5  259 353 -390  2
4184500 2653500  7 25 12  16.2  969 282  5.4 6  7.6  65   51  335 349 -391  2
4184500 2653500  7 25 13  15.5  969 293  5.5 8  7.3  62    4  257 350 -392  2
4184500 2653500  7 25 14  15.3  969 286  5.5 8  6.9  61    0  193 356 -392  2
4184500 2653500  7 25 15  16.4  969 280  4.8 8  6.7  57    2  218 357 -392  2
4184500 2653500  7 25 16  15.5  969 267  4.8 8  6.7  57    9  211 357 -393  2
4184500 2653500  7 25 17  16.1  969 272  3.8 6  6.8  58    2  145 350 -395  2
4184500 2653500  7 25 18  15.9  969 278  3.4 8  7.1  60    4  116 351 -393  2
4184500 2653500  7 25 19  15.4  969 295  3.3 7  7.2  62   14   82 352 -390  2
4184500 2653500  7 25 20  14.1  968 258  2.5 6  7.3  67    3   26 344 -387  2
4184500 2653500  7 25 21  12.6  969 261  1.8 6  7.5  75    0    0 336 -385  2
4184500 2653500  7 25 22  11.7  970 251  1.5 4  7.5  81    0    0 324 -383  2
4184500 2653500  7 25 23  11.5  970 242  0.9 5  7.4  83    0    0 318 -381  2
4184500 2653500  7 25 24  11.3  970 227  0.9 6  7.4  84    0    0 324 -379  2
4184500 2653500  7 26  1  10.7  971 218  0.5 6  7.4  86    0    0 327 -377  2
4184500 2653500  7 26  2  10.6  971 205  0.8 6  7.3  88    0    0 326 -374  2
4184500 2653500  7 26  3  10.4  971 213  0.6 5  7.3  88    0    0 322 -372  2
4184500 2653500  7 26  4  11.3  971 189  0.9 6  7.4  87    0    0 324 -370  2
4184500 2653500  7 26  5  11.1  971 196  1.1 7  7.4  86    0    4 334 -370  2
4184500 2653500  7 26  6  12.4  971 191  1.1 7  7.5  84    0   23 341 -372  2
4184500 2653500  7 26  7  13.1  970 207  1.9 7  7.7  80    0   55 346 -377  2
4184500 2653500  7 26  8  14.0  971 233  2.4 7  7.9  78    0   87 348 -385  2
4184500 2653500  7 26  9  14.4  971 243  2.6 8  8.2  78    0   85 354 -395  2
4184500 2653500  7 26 10  15.0  971 236  3.4 8  8.5  78    0  139 359 -402  2
4184500 2653500  7 26 11  14.9  971 241  3.7 6  8.9  80    0  174 352 -409  2
4184500 2653500  7 26 12  14.7  971 252  4.2 7  9.4  85    0  147 349 -416  2
4184500 2653500  7 26 13  14.6  971 253  3.9 7  9.6  88    0  164 355 -424  2
4184500 2653500  7 26 14  15.0  972 257  3.2 7  9.9  90    0  155 357 -427  2
4184500 2653500  7 26 15  15.7  972 252  3.9 7  9.9  87    0  114 358 -426  2
4184500 2653500  7 26 16  15.6  972 251  4.2 8  9.7  84    0   80 364 -425  2
4184500 2653500  7 26 17  15.7  972 258  2.4 8  9.7  84    0   59 368 -419  2
4184500 2653500  7 26 18  15.6  972 255  2.8 8  9.9  85    0   49 369 -413  2
4184500 2653500  7 26 19  15.0  972 261  2.7 7 10.1  89    0   39 366 -410  2
4184500 2653500  7 26 20  14.7  972 257  2.5 8 10.3  93    0   17 364 -404  2
4184500 2653500  7 26 21  14.5  973 255  2.1 8 10.3  95    0    0 367 -398  2
4184500 2653500  7 26 22  14.3  973 208  1.6 8 10.3  96    0    0 366 -393  2
4184500 2653500  7 26 23  14.6  974 191  1.8 8 10.4  97    0    0 367 -390  2
4184500 2653500  7 26 24  14.6  974 198  1.9 8 10.4  96    0    0 369 -389  2
4184500 2653500  7 27  1  14.7  974 212  1.1 7 10.4  95    0    0 365 -387  2
4184500 2653500  7 27  2  14.7  974 207  1.1 8 10.4  95    0    0 364 -384  2
4184500 2653500  7 27  3  14.6  974 198  0.7 7 10.5  96    0    0 364 -382  2
4184500 2653500  7 27  4  14.7  974 146  0.3 7 10.6  97    0    0 360 -380  2
4184500 2653500  7 27  5  14.8  974 119  0.1 8 10.7  97    0    0 366 -380  2
4184500 2653500  7 27  6  14.9  975 115  0.0 8 10.8  98    0   10 370 -382  2
4184500 2653500  7 27  7  15.2  975 139  0.1 8 10.9  98    0   32 371 -388  2
4184500 2653500  7 27  8  15.7  975 159  0.4 8 11.0  96    0   84 373 -395  2
4184500 2653500  7 27  9  16.5  976  24  0.4 8 11.3  95    0  134 377 -401  2
4184500 2653500  7 27 10  17.4  977 357  0.8 6 11.6  92   14  245 372 -407  2
4184500 2653500  7 27 11  18.9  977 158  0.9 5 11.5  84   87  317 364 -411  2
4184500 2653500  7 27 12  19.7  977  33  1.5 5 11.0  76  130  334 363 -419  2
4184500 2653500  7 27 13  20.4  976 110  1.8 4 10.6  70  320  289 362 -433  2
4184500 2653500  7 27 14  21.0  976  92  1.6 3 10.4  65  319  280 357 -438  2
4184500 2653500  7 27 15  21.7  976 118  2.0 4 10.4  63  310  250 361 -436  2
4184500 2653500  7 27 16  21.5  976 127  1.2 5 10.3  61  220  228 368 -436  2
4184500 2653500  7 27 17  21.9  976 136  2.5 5 10.0  59  195  174 371 -436  2
4184500 2653500  7 27 18  22.1  975 136  2.2 3 10.0  58  208   90 364 -432  2
4184500 2653500  7 27 19  21.0  975 136  2.3 3 10.1  60  114   57 355 -425  2
4184500 2653500  7 27 20  19.4  976 148  1.9 4 10.3  67   10   26 352 -416  2
4184500 2653500  7 27 21  18.3  976 155  1.8 2 10.4  73    0    0 342 -407  2
4184500 2653500  7 27 22  17.5  977 158  1.2 1 10.3  77    0    0 330 -400  2
4184500 2653500  7 27 23  17.0  977 145  1.2 1 10.2  80    0    0 324 -396  2
4184500 2653500  7 27 24  16.0  977 147  0.9 1 10.1  83    0    0 321 -393  2
4184500 2653500  7 28  1  15.6  977 152  1.0 0 10.0  85    0    0 316 -390  2
4184500 2653500  7 28  2  14.5  976 143  0.2 0  9.7  88    0    0 310 -388  2
4184500 2653500  7 28  3  14.6  976 147  0.1 0  9.6  90    0    0 309 -386  2
4184500 2653500  7 28  4  14.2  976 102  0.2 0  9.6  90    0    0 308 -386  2
4184500 2653500  7 28  5  14.0  976 115  0.6 0  9.4  90    0    2 307 -385  2
4184500 2653500  7 28  6  14.6  977 120  0.6 0  9.5  90   36   45 307 -385  2
4184500 2653500  7 28  7  17.6  977 128  1.0 1  9.7  82  150   83 313 -390  2
4184500 2653500  7 28  8  19.7  977 195  1.3 0  9.7  69  298   98 320 -400  2
4184500 2653500  7 28  9  21.8  977 292  2.4 0  9.3  59  458   99 323 -416  2
4184500 2653500  7 28 10  23.8  977 105  2.5 0  9.0  50  600   98 331 -431  2
4184500 2653500  7 28 11  24.0  977  93  2.8 0  8.7  45  705   97 336 -445  2
4184500 2653500  7 28 12  24.5  977  80  3.7 0  8.5  44  766   97 339 -453  2
4184500 2653500  7 28 13  25.6  976 149  2.7 0  8.9  43  780   99 344 -459  2
4184500 2653500  7 28 14  26.5  976 138  3.8 0  8.8  40  720  118 350 -462  2
4184500 2653500  7 28 15  27.3  975 116  4.2 0  8.4  36  607  139 354 -463  2
4184500 2653500  7 28 16  27.0  975 101  2.9 0  8.5  36  489  140 355 -462  2
4184500 2653500  7 28 17  27.8  975 102  3.0 0  8.6  36  360  128 356 -457  2
4184500 2653500  7 28 18  26.9  975 103  3.8 0  8.6  36  216  111 356 -449  2
4184500 2653500  7 28 19  26.0  974  94  3.1 0  8.9  39   86   81 353 -439  2
4184500 2653500  7 28 20  23.9  975 115  1.7 1  9.3  45    7   28 351 -427  2
4184500 2653500  7 28 21  21.9  974 143  1.7 0  9.6  53    0    0 343 -417  2
4184500 2653500  7 28 22  20.4  975 139  0.8 0  9.7  60    0    0 336 -410  2
4184500 2653500  7 28 23  20.8  975 146  1.5 0  9.7  61    0    0 334 -405  2
4184500 2653500  7 28 24  19.7  975 135  1.3 0  9.6  62    0    0 333 -401  2
4184500 2653500  7 29  1  18.4  975 136  0.5 0  9.7  67    0    0 328 -399  2
4184500 2653500  7 29  2  19.4  975 148  0.3 0  9.8  69    0    0 328 -398  2
4184500 2653500  7 29  3  19.3  975 135  0.0 0 10.0  69    0    0 329 -397  2
4184500 2653500  7 29  4  17.1  975 141  0.6 0 10.1  74    0    0 326 -397  2
4184500 2653500  7 29  5  16.6  975 143  0.4 0 10.1  81    0    1 320 -397  2
4184500 2653500  7 29  6  18.0  975 119  0.0 0 10.3  80   31   45 321 -399  2
4184500 2653500  7 29  7  21.1  975 124  0.3 0 10.8  73  138   86 327 -403  2
4184500 2653500  7 29  8  22.5  975 141  1.2 0 11.1  65  281  103 333 -413  2
4184500 2653500  7 29  9  25.6  975  34  2.0 0 10.9  56  433  111 341 -430  2
4184500 2653500  7 29 10  27.4  975  56  1.4 0 10.5  46  563  117 349 -450  2
4184500 2653500  7 29 11  28.2  975  99  2.3 0 10.3  42  609  152 357 -466  2
4184500 2653500  7 29 12  29.0  974 102  3.2 2 10.1  40  603  196 363 -478  2
4184500 2653500  7 29 13  29.8  974  94  3.3 3  9.9  37  485  276 371 -485  2
4184500 2653500  7 29 14  30.3  974 104  2.4 3  9.8  35  421  291 376 -488  2
4184500 2653500  7 29 15  31.0  974 103  1.8 3  9.8  34  309  297 381 -488  2
4184500 2653500  7 29 16  29.9  973  93  3.1 3  9.8  35  314  236 381 -484  2
4184500 2653500  7 29 17  30.0  973  82  2.2 2  9.7  35  257  183 378 -477  2
4184500 2653500  7 29 18  28.9  972  49  3.3 1  9.7  36  174  131 373 -469  2
4184500 2653500  7 29 19  27.9  971  55  2.2 2 10.2  40   44   91 370 -458  2
4184500 2653500  7 29 20  26.0  971  95  2.0 2 10.7  46    1   25 368 -445  2
4184500 2653500  7 29 21  24.1  971 115  1.3 2 11.0  53    0    0 361 -435  2
4184500 2653500  7 29 22  22.6  972 105  1.5 0 11.2  60    0    0 353 -427  2
4184500 2653500  7 29 23  22.2  972  99  1.7 0 11.3  64    0    0 345 -422  2
4184500 2653500  7 29 24  21.3  971 103  1.6 1 11.2  66    0    0 344 -421  2
4184500 2653500  7 30  1  22.2  971 115  1.5 1 11.0  64    0    0 345 -420  2
4184500 2653500  7 30  2  21.0  971 116  1.7 1 10.7  63    0    0 344 -418  2
4184500 2653500  7 30  3  20.8  971 131  2.1 1 10.4  64    0    0 341 -417  2
4184500 2653500  7 30  4  20.1  970 121  1.7 1 10.3  65    0    0 339 -415  2
4184500 2653500  7 30  5  18.5  970 105  1.5 1 10.4  71    0    0 336 -415  2
4184500 2653500  7 30  6  20.0  970 117  1.3 1 10.5  72   18   42 335 -415  2
4184500 2653500  7 30  7  20.9  970 114  0.9 0 10.8  68   94  101 335 -418  2
4184500 2653500  7 30  8  24.0  970 106  0.4 1 11.3  63  216  140 341 -427  2
4184500 2653500  7 30  9  25.7  970  90  1.9 2 11.5  56  365  157 353 -442  2
4184500 2653500  7 30 10  27.5  969  84  3.4 2 11.0  48  496  168 362 -459  2
4184500 2653500  7 30 11  28.5  969 108  3.6 2 10.1  41  575  188 367 -472  2
4184500 2653500  7 30 12  29.5  969  50  4.1 2  9.3  36  603  212 372 -483  2
4184500 2653500  7 30 13  29.8  968  86  3.6 2  9.1  34  623  212 377 -491  2
4184500 2653500  7 30 14  29.9  968 114  3.0 2  8.8  32  609  203 378 -495  2
4184500 2653500  7 30 15  29.8  967 126  2.9 2  8.6  31  513  211 378 -495  2
4184500 2653500  7 30 16  28.6  967 106  3.2 2  8.8  33  403  203 377 -492  2
4184500 2653500  7 30 17  28.9  966  89  2.9 2  9.0  35  283  179 375 -486  2
4184500 2653500  7 30 18  27.9  965  80  2.8 2  9.3  37  148  146 374 -477  2
4184500 2653500  7 30 19  27.1  965  81  2.5 1  9.4  39   48   92 369 -465  2
4184500 2653500  7 30 20  24.9  965  87  1.8 1  9.7  44    2   28 362 -453  2
4184500 2653500  7 30 21  23.9  965  85  1.9 1 10.2  51    0    0 357 -444  2
4184500 2653500  7 30 22  22.4  965  92  1.3 0 10.5  56    0    0 351 -440  2
4184500 2653500  7 30 23  21.3  965  99  0.8 0 10.6  61    0    0 344 -436  2
4184500 2653500  7 30 24  20.3  965 114  0.3 1 10.6  66    0    0 343 -436  2
4184500 2653500  7 31  1  20.1  965 107  0.5 1 10.9  70    0    0 342 -437  2
4184500 2653500  7 31  2  19.2  964 119  0.6 1 11.0  73    0    0 341 -435  2
4184500 2653500  7 31  3  18.6  964  99  0.8 2 10.9  76    0    0 340 -431  2
4184500 2653500  7 31  4  17.4  963 136  0.0 2 10.9  80    0    0 339 -427  2
4184500 2653500  7 31  5  16.3  963 119  0.5 1 10.9  86    0    1 332 -428  2
4184500 2653500  7 31  6  17.9  963 158  0.5 1 11.2  87    7   34 330 -429  2
4184500 2653500  7 31  7  20.1  963  52  0.3 1 11.7  80   95   96 333 -428  2
4184500 2653500  7 31  8  22.5  964  23  0.7 1 12.1  72  300  104 340 -428  2
4184500 2653500  7 31  9  24.7  964  39  0.5 1 12.1  63  540   78 348 -430  2
4184500 2653500  7 31 10  26.8  963  23  2.1 2 11.9  54  717   63 359 -431  2
4184500 2653500  7 31 11  28.4  964 166  1.4 5 11.9  49  129  340 381 -432  2
4184500 2653500  7 31 12  28.0  963  21  1.5 8 11.7  46    0  152 406 -429  2
4184500 2653500  7 31 13  26.8  963 134  3.0 8 11.5  48    0  171 414 -437  2
4184500 2653500  7 31 14  28.6  963 199  2.9 7 11.7  48    0  184 412 -449  2
4184500 2653500  7 31 15  22.8  963  44  3.4 5 12.2  56   74  312 396 -448  2
4184500 2653500  7 31 16  23.8  963  17  1.6 5 12.8  68   41  254 382 -444  2
4184500 2653500  7 31 17  24.4  962  66  1.5 7 13.3  67    0  134 391 -443  2
4184500 2653500  7 31 18  24.7  962 224  1.1 7 13.1  64    3  111 398 -442  2
4184500 2653500  7 31 19  23.5  962 195  1.0 7 12.9  65    0   45 396 -437  2
4184500 2653500  7 31 20  22.3  962  39  1.8 7 13.2  71    0   10 393 -430  2
4184500 2653500  7 31 21  21.2  962 111  0.9 6 13.1  76    0    0 384 -423  2
4184500 2653500  7 31 22  20.4  963  87  0.6 4 12.9  79    0    0 365 -419  2
4184500 2653500  7 31 23  19.1  963 129  1.3 4 12.8  84    0    0 351 -415  2
4184500 2653500  7 31 24  18.8  963 186  1.6 7 12.5  86    0    0 363 -412  2
4184500 2653500  8  1  1  19.5  964 187  1.1 8 13.5  90    0    0 390 -411  2
4184500 2653500  8  1  2  18.7  964 110  1.4 8 13.4  91    0    0 388 -410  2
4184500 2653500  8  1  3  18.3  963 154  1.6 7 13.2  94    0    0 381 -407  2
4184500 2653500  8  1  4  17.4  963 139  0.9 6 13.2  97    0    0 369 -406  2
4184500 2653500  8  1  5  17.6  962 169  1.2 6 13.0  98    0    0 362 -406  2
4184500 2653500  8  1  6  17.8  963 163  1.1 5 13.1  97   17   27 357 -406  2
4184500 2653500  8  1  7  19.2  962 184  1.0 3 13.3  94   96   60 344 -410  2
4184500 2653500  8  1  8  21.4  963 223  2.2 3 14.0  88  198   84 342 -415  2
4184500 2653500  8  1  9  22.0  964 209  2.4 4 14.7  85  256  139 357 -423  2
4184500 2653500  8  1 10  23.8  964 263  3.3 4 14.9  80  322  175 368 -429  2
4184500 2653500  8  1 11  24.7  963 272  2.6 5 14.2  71   26  287 378 -436  2
4184500 2653500  8  1 12  23.7  963 281  5.0 7 13.6  68    0  223 391 -446  2
4184500 2653500  8  1 13  23.1  963 248  5.3 5 13.2  69   24  297 389 -456  2
4184500 2653500  8  1 14  22.6  963 255  2.9 4 13.0  71  239  280 376 -462  2
4184500 2653500  8  1 15  21.3  963 260  2.1 5 12.9  74   88  282 373 -465  2
4184500 2653500  8  1 16  21.7  963 281  2.0 6 12.9  76   11  205 379 -465  2
4184500 2653500  8  1 17  21.4  964 261  1.8 6 13.0  76    0  111 383 -462  2
4184500 2653500  8  1 18  21.7  964 255  2.7 8 13.2  77    0   78 389 -456  2
4184500 2653500  8  1 19  20.8  964 241  2.8 8 13.7  82    0   33 396 -449  2
4184500 2653500  8  1 20  19.5  964 221  3.0 7 13.7  88    0    7 389 -441  2
4184500 2653500  8  1 21  19.0  964 296  2.1 8 13.5  92    0    0 386 -435  2
4184500 2653500  8  1 22  18.7  964 298  1.8 8 13.7  95    0    0 389 -430  2
4184500 2653500  8  1 23  18.3  965 313  0.0 8 13.6  96    0    0 386 -424  2
4184500 2653500  8  1 24  18.1  965 301  0.2 8 13.3  96    0    0 385 -417  2
4184500 2653500  8  2  1  18.0  966 271  1.0 8 12.9  94    0    0 384 -411  2
4184500 2653500  8  2  2  17.6  966 291  2.2 8 12.6  93    0    0 384 -408  2
4184500 2653500  8  2  3  17.3  966 278  2.5 8 12.3  94    0    0 383 -406  2
4184500 2653500  8  2  4  16.9  967 265  3.3 8 12.2  95    0    0 382 -404  2
4184500 2653500  8  2  5  16.2  967 286  3.8 8 11.9  96    0    0 380 -401  2
4184500 2653500  8  2  6  16.2  968 285  2.0 8 11.7  96    0    5 378 -400  2
4184500 2653500  8  2  7  16.5  968 307  2.1 8 11.7  95    0   31 379 -401  2
4184500 2653500  8  2  8  16.9  969 291  2.8 8 11.5  92    0   93 381 -402  2
4184500 2653500  8  2  9  17.4  969 298  3.1 8 10.9  85    0  150 381 -402  2
4184500 2653500  8  2 10  18.0  970 292  3.3 8 10.4  78    0  197 382 -403  2
4184500 2653500  8  2 11  18.8  970 277  2.3 8 10.1  73   15  297 382 -404  2
4184500 2653500  8  2 12  19.9  970 292  2.8 7  9.8  66   30  338 382 -406  2
4184500 2653500  8  2 13  20.4  970 295  2.1 6  9.4  61  133  387 376 -409  2
4184500 2653500  8  2 14  22.0  970 285  1.1 5  8.9  54  201  372 371 -408  2
4184500 2653500  8  2 15  22.3  971 308  1.5 4  8.6  49  372  282 367 -405  2
4184500 2653500  8  2 16  23.1  970 346  2.0 3  8.1  45  402  202 361 -403  2
4184500 2653500  8  2 17  22.8  970 352  1.7 2  7.7  42  298  166 353 -400  2
4184500 2653500  8  2 18  22.7  970  17  1.9 2  7.6  42  152  138 347 -398  2
4184500 2653500  8  2 19  21.8  970  28  1.5 1  7.9  45   53   82 342 -396  2
4184500 2653500  8  2 20  20.3  969  46  1.3 2  8.4  52    3   19 339 -393  2
4184500 2653500  8  2 21  19.2  970  70  1.2 1  8.7  58    0    0 340 -392  2
4184500 2653500  8  2 22  18.1  971 100  1.1 1  9.0  64    0    0 328 -391  2
4184500 2653500  8  2 23  17.7  971 129  1.2 0  9.1  67    0    0 317 -390  2
4184500 2653500  8  2 24  17.4  971 156  1.5 0  9.1  68    0    0 316 -390  2
4184500 2653500  8  3  1  17.6  973 165  2.0 0  9.0  68    0    0 316 -409  2
4184500 2653500  8  3  2  17.7  973 174  2.7 0  8.9  67    0    0 317 -410  2
4184500 2653500  8  3  3  18.1  972 182  3.3 0  8.9  66    0    0 316 -412  2
4184500 2653500  8  3  4  18.2  971 186  3.8 0  9.0  66    0    0 314 -412  2
4184500 2653500  8  3  5  18.5  971 175  3.5 1  9.0  65    0    0 316 -414  2
4184500 2653500  8  3  6  18.6  971 195  4.3 2  9.0  64   24   31 323 -419  2
4184500 2653500  8  3  7  19.4  970 114  3.3 2  9.2  64  176   57 328 -420  2
4184500 2653500  8  3  8  21.3  970 189  1.9 1  9.5  61  337   69 329 -418  2
4184500 2653500  8  3  9  23.7  971 201  3.1 1  9.9  55  470   96 332 -424  2
4184500 2653500  8  3 10  25.1  970 244  4.3 3 10.2  51  466  131 348 -435  2
4184500 2653500  8  3 11  24.3  970 246  4.3 7 10.2  50   43  299 373 -448  2
4184500 2653500  8  3 12  19.0  971 275  4.9 7 10.3  61   37  304 378 -461  2
4184500 2653500  8  3 13  18.6  971 280  6.4 7 10.8  76   24  290 372 -465  2
4184500 2653500  8  3 14  18.4  972 233  5.9 7 10.8  78    2  221 372 -466  2
4184500 2653500  8  3 15  19.9  971 256  5.6 8 10.7  74    2  195 378 -469  2
4184500 2653500  8  3 16  18.9  970 249  5.9 8 10.7  73    0  110 383 -465  2
4184500 2653500  8  3 17  19.3  971 256  7.1 6 10.5  72   17  175 374 -457  2
4184500 2653500  8  3 18  19.7  971 263  4.9 6 10.2  68  112  123 368 -449  2
4184500 2653500  8  3 19  18.6  971 240  5.6 7 10.3  71    0   37 370 -441  2
4184500 2653500  8  3 20  18.4  971 240  4.8 6 10.6  76    0   10 367 -432  2
4184500 2653500  8  3 21  17.5  972 229  3.8 6 10.7  79    0    0 362 -423  2
4184500 2653500  8  3 22  16.7  972 243  3.4 3 10.7  84    0    0 347 -416  2
4184500 2653500  8  3 23  16.0  973 256  3.1 4 10.7  88    0    0 337 -413  2
4184500 2653500  8  3 24  15.8  973 271  3.9 6 10.8  91    0    0 345 -413  2
4184500 2653500  8  4  1  15.6  973 241  2.4 7 10.8  93    0    0 355 -412  2
4184500 2653500  8  4  2  15.1  973 233  1.6 5 10.6  94    0    0 349 -405  2
4184500 2653500  8  4  3  14.4  973 213  1.6 4 10.2  93    0    0 336 -395  2
4184500 2653500  8  4  4  13.7  973 199  1.3 5  9.8  94    0    0 332 -389  2
4184500 2653500  8  4  5  13.5  973 197  1.6 7  9.6  94    0    0 340 -385  2
4184500 2653500  8  4  6  13.1  973 180  3.0 3  9.5  95   16   31 331 -384  2
4184500 2653500  8  4  7  14.4  974 258  2.6 2  9.7  94   35   86 314 -388  2
4184500 2653500  8  4  8  16.0  973 269  2.1 4  9.9  88  136  140 321 -398  2
4184500 2653500  8  4  9  17.5  974 263  2.8 6  9.6  78  213  194 339 -411  2
4184500 2653500  8  4 10  19.2  974 267  2.1 6  9.1  66  379  193 351 -424  2
4184500 2653500  8  4 11  19.8  974 261  2.8 6  8.3  56  366  259 354 -435  2
4184500 2653500  8  4 12  20.5  973 343  2.9 5  7.8  51  488  235 353 -443  2
4184500 2653500  8  4 13  22.0  973 263  2.1 6  7.7  47  260  342 358 -441  2
4184500 2653500  8  4 14  22.0  972 219  2.3 6  7.4  43  139  336 363 -430  2
4184500 2653500  8  4 15  22.7  972 215  2.4 6  7.4  42  144  297 363 -435  2
4184500 2653500  8  4 16  21.7  971 273  2.5 5  7.5  43   98  255 359 -445  2
4184500 2653500  8  4 17  21.3  971 224  3.7 7  7.4  44   22  183 358 -443  2
4184500 2653500  8  4 18  20.0  971 261  3.0 8  7.5  47    0   87 364 -437  2
4184500 2653500  8  4 19  19.1  971 220  2.1 7  7.8  53    0   31 361 -429  2
4184500 2653500  8  4 20  18.6  972 205  3.5 7  8.0  56    0    4 356 -418  2
4184500 2653500  8  4 21  16.8  972 175  3.2 7  8.3  63    0    0 354 -408  2
4184500 2653500  8  4 22  16.2  973 158  2.0 8  8.5  70    0    0 354 -400  2
4184500 2653500  8  4 23  15.4  972 147  2.8 8  8.3  71    0    0 356 -397  2
4184500 2653500  8  4 24  15.6  972 171  3.1 7  8.3  73    0    0 353 -395  2
4184500 2653500  8  5  1  14.8  973 208  3.8 6  8.4  74    0    0 346 -395  2
4184500 2653500  8  5  2  14.3  973 210  3.0 6  8.2  76    0    0 340 -395  2
4184500 2653500  8  5  3  14.2  973 230  1.9 4  8.4  80    0    0 333 -395  2
4184500 2653500  8  5  4  13.5  972 228  2.5 3  8.6  83    0    0 321 -397  2
4184500 2653500  8  5  5  12.7  973 238  1.8 4  8.4  86    0    0 318 -399  2
4184500 2653500  8  5  6  13.0  973 240  2.8 5  8.5  88   24   32 324 -400  2
4184500 2653500  8  5  7  14.0  973 217  2.5 2  8.9  88  139   66 318 -403  2
4184500 2653500  8  5  8  16.2  973 270  2.1 2  9.2  82  292   75 312 -407  2
4184500 2653500  8  5  9  17.7  974 285  2.0 2  8.9  71  380  108 318 -412  2
4184500 2653500  8  5 10  18.7  975 295  1.8 3  8.8  64  412  174 328 -421  2
4184500 2653500  8  5 11  20.5  974 292  1.7 4  8.6  58  352  264 343 -432  2
4184500 2653500  8  5 12  18.9  974 296  2.4 4  8.7  58  219  341 350 -441  2
4184500 2653500  8  5 13  20.9  974 333  1.9 6  8.7  58   60  324 360 -449  2
4184500 2653500  8  5 14  21.8  974 342  3.3 5  8.5  51  151  336 367 -450  2
4184500 2653500  8  5 15  21.2  974 279  0.9 4  8.2  49  397  216 360 -447  2
4184500 2653500  8  5 16  21.9  973 314  1.6 4  7.7  46  267  225 355 -445  2
4184500 2653500  8  5 17  22.7  973 148  1.4 5  7.3  42  149  192 359 -444  2
4184500 2653500  8  5 18  20.9  973 343  2.7 4  7.7  45   49  135 357 -439  2
4184500 2653500  8  5 19  19.7  973 323  1.4 5  8.2  53   15   69 352 -424  2
4184500 2653500  8  5 20  18.7  974  55  1.1 5  8.3  57    2   14 351 -412  2
4184500 2653500  8  5 21  17.0  974 147  1.4 5  8.3  63    0    0 346 -409  2
4184500 2653500  8  5 22  15.5  974  32  1.1 5  8.4  70    0    0 341 -405  2
4184500 2653500  8  5 23  15.1  975   8  1.4 5  8.3  74    0    0 338 -402  2
4184500 2653500  8  5 24  14.5  975 327  2.7 3  8.2  75    0    0 328 -399  2
4184500 2653500  8  6  1  12.3  976 179  0.5 4  8.2  82    0    0 320 -395  2
4184500 2653500  8  6  2  14.0  975 149  0.0 2  8.2  83    0    0 315 -390  2
4184500 2653500  8  6  3  13.8  975 270  0.0 2  8.0  78    0    0 310 -388  2
4184500 2653500  8  6  4  12.1  975 206  1.4 3  8.0  82    0    0 309 -386  2
4184500 2653500  8  6  5  12.3  975 149  0.7 5  8.0  86    0    0 316 -384  2
4184500 2653500  8  6  6  11.0  976 291  0.9 3  7.9  88   21   32 312 -386  2
4184500 2653500  8  6  7  12.4  976  18  0.3 1  8.2  92  139   63 296 -390  2
4184500 2653500  8  6  8  15.2  976  28  1.1 0  8.8  86  296   72 291 -398  2
4184500 2653500  8  6  9  17.0  976  47  2.4 0  8.9  75  445   81 295 -408  2
4184500 2653500  8  6 10  19.1  976  29  2.6 1  9.0  67  578   80 307 -419  2
4184500 2653500  8  6 11  20.7  976  48  3.2 3  9.1  60  576  136 328 -429  2
4184500 2653500  8  6 12  21.7  976  35  3.7 4  8.9  55  355  292 345 -439  2
4184500 2653500  8  6 13  22.1  976  37  3.4 5  8.5  50  303  321 356 -444  2
4184500 2653500  8  6 14  22.9  976  17  4.1 4  8.1  46  374  275 358 -448  2
4184500 2653500  8  6 15  22.9  975  45  4.0 4  7.9  44  396  208 356 -449  2
4184500 2653500  8  6 16  22.8  975  25  3.6 4  7.7  43  229  233 356 -448  2
4184500 2653500  8  6 17  23.1  974  43  3.3 4  7.6  42  257  150 356 -444  2
4184500 2653500  8  6 18  22.5  974  45  3.5 2  7.6  42  136  119 348 -437  2
4184500 2653500  8  6 19  22.1  974  55  3.5 3  7.6  43   20   70 342 -428  2
4184500 2653500  8  6 20  20.2  974  50  3.0 5  7.7  47    2   14 351 -418  2
4184500 2653500  8  6 21  18.6  975  60  2.8 5  8.0  55    0    0 354 -409  2
4184500 2653500  8  6 22  17.3  975  42  3.1 6  8.3  62    0    0 353 -401  2
4184500 2653500  8  6 23  16.4  975 114  2.6 6  8.5  68    0    0 354 -394  2
4184500 2653500  8  6 24  16.8  975  90  2.8 5  8.6  70    0    0 348 -386  2
4184500 2653500  8  7  1  15.9  975 134  1.9 7  8.6  71    0    0 350 -380  2
4184500 2653500  8  7  2  14.8  975 114  2.5 6  8.6  76    0    0 351 -377  2
4184500 2653500  8  7  3  14.7  975 110  2.3 6  8.6  79    0    0 345 -376  2
4184500 2653500  8  7  4  13.5  974 110  1.6 5  8.6  82    0    0 339 -374  2
4184500 2653500  8  7  5  12.8  974  63  1.4 6  8.5  86    0    0 336 -371  2
4184500 2653500  8  7  6  13.1  974  17  1.6 7  8.5  88    0    8 344 -370  2
4184500 2653500  8  7  7  13.5  974  14  2.0 6  8.7  88    2   66 343 -374  2
4184500 2653500  8  7  8  15.5  974 336  2.6 5  8.9  83  114  151 338 -385  2
4184500 2653500  8  7  9  16.4  974 358  2.9 4  9.1  77  265  177 336 -400  2
4184500 2653500  8  7 10  18.8  975   0  3.4 3  9.5  73  452  161 334 -413  2
4184500 2653500  8  7 11  19.7  974  11  4.6 3  9.8  67  512  192 336 -424  2
4184500 2653500  8  7 12  21.5  974  19  5.0 4  9.6  60  208  351 346 -434  2
4184500 2653500  8  7 13  21.0  973  28  5.0 6  9.0  55    3  239 361 -441  2
4184500 2653500  8  7 14  20.2  972  23  4.2 8  8.7  55    0  128 375 -446  2
4184500 2653500  8  7 15  20.9  972 345  2.6 8  8.6  55    0  111 383 -448  2
4184500 2653500  8  7 16  17.7  972  36  1.3 8  9.2  63    0   86 381 -447  2
4184500 2653500  8  7 17  17.9  972  71  1.5 8 10.0  75    0   64 376 -443  2
4184500 2653500  8  7 18  17.5  972  78  1.5 8 10.1  76    0   36 377 -436  2
4184500 2653500  8  7 19  16.9  972  98  1.5 8 10.2  80    0   20 377 -427  2
4184500 2653500  8  7 20  16.8  973  78  1.5 7 10.2  81    0    5 372 -416  2
4184500 2653500  8  7 21  16.4  973 327  1.6 7 10.2  82    0    0 367 -407  2
4184500 2653500  8  7 22  15.4  973  12  1.7 7 10.1  86    0    0 363 -401  2
4184500 2653500  8  7 23  15.3  973 127  1.8 6  9.9  87    0    0 356 -394  2
4184500 2653500  8  7 24  14.9  973 316  1.9 7  9.8  88    0    0 354 -390  2
4184500 2653500  8  8  1  14.9  973 289  1.6 8  9.7  88    0    0 363 -386  2
4184500 2653500  8  8  2  14.8  973 280  0.9 7  9.6  88    0    0 362 -385  2
4184500 2653500  8  8  3  14.5  973 288  1.0 8  9.5  88    0    0 362 -384  2
4184500 2653500  8  8  4  13.9  973 207  1.1 5  9.4  89    0    0 352 -378  2
4184500 2653500  8  8  5  13.8  973 233  1.1 6  9.2  89    0    0 342 -375  2
4184500 2653500  8  8  6  13.8  973 216  0.9 6  9.1  88    1   22 345 -376  2
4184500 2653500  8  8  7  14.4  973 226  1.4 8  9.3  88    0   47 357 -384  2
4184500 2653500  8  8  8  14.6  973 266  1.7 7  9.5  88    7  132 362 -394  2
4184500 2653500  8  8  9  15.0  973 266  2.4 7  9.6  88    2  167 358 -398  2
4184500 2653500  8  8 10  15.2  973 267  2.9 8 10.0  89    0  115 365 -398  2
4184500 2653500  8  8 11  15.3  973 276  3.2 8 10.3  91    0  108 369 -402  2
4184500 2653500  8  8 12  15.8  974 299  3.0 8 10.3  90    0   98 370 -411  2
4184500 2653500  8  8 13  15.5  973 316  4.1 8 10.3  89    0  116 370 -417  2
4184500 2653500  8  8 14  17.3  974 328  4.2 6 10.0  82   44  313 364 -417  2
4184500 2653500  8  8 15  18.1  974 307  4.0 4  9.3  70  169  318 350 -414  2
4184500 2653500  8  8 16  18.5  974 296  4.9 5  8.6  63   84  266 347 -409  2
4184500 2653500  8  8 17  18.2  973 311  5.6 7  8.2  60    0  108 358 -407  2
4184500 2653500  8  8 18  18.3  973 288  3.9 6  7.9  58   21  134 361 -407  2
4184500 2653500  8  8 19  17.4  973 272  2.6 5  7.7  58   15   71 350 -405  2
4184500 2653500  8  8 20  16.3  973 251  1.9 5  7.7  62    0    9 342 -399  2
4184500 2653500  8  8 21  14.4  973 293  4.2 4  7.5  66    0    0 332 -393  2
4184500 2653500  8  8 22  13.8  974   4  2.4 1  7.3  70    0    0 310 -391  2
4184500 2653500  8  8 23  13.3  974 346  2.0 0  7.3  72    0    0 290 -390  2
4184500 2653500  8  8 24  12.3  975 275  2.8 3  7.4  77    0    0 295 -389  2
4184500 2653500  8  9  1  12.8  975 273  2.4 7  7.6  81    0    0 322 -388  2
4184500 2653500  8  9  2  13.0  975 261  2.4 7  7.9  82    0    0 340 -387  2
4184500 2653500  8  9  3  13.2  975 239  1.8 7  8.1  82    0    0 341 -387  2
4184500 2653500  8  9  4  13.1  975 251  1.6 6  8.1  83    0    0 338 -386  2
4184500 2653500  8  9  5  12.6  975 261  1.3 6  8.2  85    0    0 333 -386  2
4184500 2653500  8  9  6  13.0  975 282  1.2 6  8.2  86    0    4 332 -385  2
4184500 2653500  8  9  7  13.5  975 300  1.4 7  8.3  84    0   48 337 -385  2
4184500 2653500  8  9  8  13.9  975 287  1.0 7  8.1  79    1  107 342 -386  2
4184500 2653500  8  9  9  14.0  975 278  0.6 7  7.9  76   74  204 343 -388  2
4184500 2653500  8  9 10  15.8  974 258  0.7 6  8.1  74   44  253 342 -397  2
4184500 2653500  8  9 11  16.7  974 283  2.2 8  8.7  72    0  205 353 -410  2
4184500 2653500  8  9 12  17.0  975 285  2.2 6  9.3  74   11  256 357 -411  2
4184500 2653500  8  9 13  17.1  975 248  3.2 5  9.8  78   52  290 346 -405  2
4184500 2653500  8  9 14  19.0  974 229  3.0 6  9.9  74  198  275 350 -403  2
4184500 2653500  8  9 15  19.0  974 229  3.2 6  9.8  69  143  247 358 -408  2
4184500 2653500  8  9 16  19.3  973 237  2.5 8  9.8  68   15  200 365 -413  2
4184500 2653500  8  9 17  19.6  973 242  2.2 8  9.3  63    0   63 374 -410  2
4184500 2653500  8  9 18  18.7  973 254  2.6 6  9.2  64    4  106 364 -407  2
4184500 2653500  8  9 19  17.7  973 269  2.7 6  9.5  70   15   62 354 -404  2
4184500 2653500  8  9 20  17.3  973 258  1.7 6  9.5  73    0    8 352 -401  2
4184500 2653500  8  9 21  16.6  973 264  2.0 7  9.6  76    0    0 352 -399  2
4184500 2653500  8  9 22  16.3  974 265  2.0 7  9.6  78    0    0 351 -398  2
4184500 2653500  8  9 23  15.2  973 246  1.4 7  9.7  83    0    0 347 -396  2
4184500 2653500  8  9 24  14.9  974 251  2.4 8  9.8  88    0    0 347 -393  2
4184500 2653500  8 10  1  14.4  974 258  3.0 7  9.7  89    0    0 345 -389  2
4184500 2653500  8 10  2  14.3  974 287  3.3 7  9.5  90    0    0 340 -385  2
4184500 2653500  8 10  3  14.1  974 273  2.4 8  9.4  90    0    0 342 -380  2
4184500 2653500  8 10  4  14.2  974 293  2.1 8  9.5  91    0    0 346 -377  2
4184500 2653500  8 10  5  13.9  974 295  2.1 8  9.7  92    0    0 346 -380  2
4184500 2653500  8 10  6  13.8  975 324  2.2 7  9.7  94    0   14 342 -382  2
4184500 2653500  8 10  7  14.0  975 307  2.2 7  9.7  94    0   59 340 -383  2
4184500 2653500  8 10  8  14.0  975 287  1.3 8  9.6  92    0   97 344 -386  2
4184500 2653500  8 10  9  15.0  975 306  1.9 8  9.5  88    8  191 350 -393  2
4184500 2653500  8 10 10  16.3  976 299  3.1 6  9.3  80   24  268 347 -402  2
4184500 2653500  8 10 11  17.6  976 284  4.0 7  9.1  72   36  313 348 -410  2
4184500 2653500  8 10 12  17.6  977 265  3.8 6  8.9  68  175  371 350 -418  2
4184500 2653500  8 10 13  19.5  976 275  4.6 6  8.7  63  185  379 348 -425  2
4184500 2653500  8 10 14  20.2  976 270  4.7 5  8.6  57  220  360 348 -429  2
4184500 2653500  8 10 15  21.2  975 287  5.1 3  8.3  52  264  293 340 -429  2
4184500 2653500  8 10 16  21.7  975 326  4.0 3  8.0  48  224  262 336 -429  2
4184500 2653500  8 10 17  22.0  975 328  4.6 3  8.2  48  185  199 336 -427  2
4184500 2653500  8 10 18  21.9  974 319  4.1 2  8.2  48  140  124 333 -419  2
4184500 2653500  8 10 19  20.9  974 301  2.1 2  8.2  50   52   70 328 -409  2
4184500 2653500  8 10 20  19.3  974 310  2.0 2  8.3  54    1   14 323 -398  2
4184500 2653500  8 10 21  17.0  974 265  1.1 1  8.2  60    0    0 312 -386  2
4184500 2653500  8 10 22  15.9  974 218  1.5 3  8.2  67    0    0 310 -375  2
4184500 2653500  8 10 23  15.2  975 194  1.2 3  8.3  72    0    0 313 -367  2
4184500 2653500  8 10 24  14.1  975 168  0.5 1  8.3  77    0    0 304 -363  2
4184500 2653500  8 11  1  11.8  975 168  0.5 2  8.1  84    0    0 294 -361  2
4184500 2653500  8 11  2  12.3  975 166  0.7 3  8.1  88    0    0 298 -360  2
4184500 2653500  8 11  3  13.4  974 150  1.3 2  8.1  84    0    0 300 -360  2
4184500 2653500  8 11  4  13.1  974 157  1.2 2  8.1  82    0    0 298 -360  2
4184500 2653500  8 11  5  13.8  973 164  1.4 3  8.2  82    0    0 303 -360  2
4184500 2653500  8 11  6  13.8  973 167  2.1 4  8.4  82    3   21 311 -360  2
4184500 2653500  8 11  7  15.7  973 144  1.7 4  8.8  81   31   79 317 -364  2
4184500 2653500  8 11  8  18.4  973 162  0.3 7  9.5  75   17  142 336 -376  2
4184500 2653500  8 11  9  19.4  973 229  3.5 8 10.0  70   11  187 357 -394  2
4184500 2653500  8 11 10  21.0  973 234  4.3 7 10.2  66  128  274 361 -411  2
4184500 2653500  8 11 11  23.2  972 230  4.6 6 10.3  59  256  285 361 -425  2
4184500 2653500  8 11 12  24.5  972 231  5.0 4 10.1  52  454  231 359 -435  2
4184500 2653500  8 11 13  25.1  972 221  5.5 3  9.9  49  414  261 353 -443  2
4184500 2653500  8 11 14  25.1  971 209  6.7 6  9.9  48  121  318 363 -446  2
4184500 2653500  8 11 15  25.0  971 217  4.3 6 10.2  49   27  245 374 -443  2
4184500 2653500  8 11 16  24.8  971 228  4.3 6 10.0  48   59  232 375 -437  2
4184500 2653500  8 11 17  25.2  970 232  5.6 4  9.6  46   92  188 370 -432  2
4184500 2653500  8 11 18  24.5  970 209  4.4 3  9.6  47  157   97 360 -428  2
4184500 2653500  8 11 19  24.1  969 228  2.4 2  9.7  49   66   55 354 -424  2
4184500 2653500  8 11 20  22.2  970 190  2.1 4 10.1  54    2   12 356 -419  2
4184500 2653500  8 11 21  18.7  969 264  2.6 6 11.0  70    0    0 362 -416  2
4184500 2653500  8 11 22  17.9  970 220  0.8 8 12.0  87    0    0 368 -415  2
4184500 2653500  8 11 23  17.8  970 225  1.8 8 12.2  91    0    0 373 -417  2
4184500 2653500  8 11 24  17.5  970 188  1.6 8 12.2  92    0    0 373 -417  2
4184500 2653500  8 12  1  17.5  970 233  0.9 5 12.0  91    0    0 364 -415  2
4184500 2653500  8 12  2  16.7  970  40  0.8 7 11.8  92    0    0 361 -413  2
4184500 2653500  8 12  3  16.7  970  26  2.2 6 11.7  94    0    0 362 -412  2
4184500 2653500  8 12  4  16.0  970 298  1.7 6 11.3  93    0    0 358 -409  2
4184500 2653500  8 12  5  15.0  970 237  2.7 5 10.8  94    0    0 350 -406  2
4184500 2653500  8 12  6  14.7  969 309  1.8 5 10.5  95    7   25 344 -405  2
4184500 2653500  8 12  7  15.3  970 329  1.7 5 10.6  94   46   77 342 -405  2
4184500 2653500  8 12  8  16.5  970 315  1.7 4 11.0  93  103  144 340 -408  2
4184500 2653500  8 12  9  18.0  970 281  1.7 5 11.1  86  157  206 343 -413  2
4184500 2653500  8 12 10  18.9  970 258  1.9 5 10.8  77  265  238 352 -417  2
4184500 2653500  8 12 11  19.8  970 274  2.4 6 10.5  71  118  321 358 -417  2
4184500 2653500  8 12 12  20.7  970 294  2.9 7 10.4  67  108  339 369 -423  2
4184500 2653500  8 12 13  21.1  970 321  3.1 6 10.1  62  133  344 370 -430  2
4184500 2653500  8 12 14  21.7  969 318  4.2 6  9.9  60   76  312 369 -435  2
4184500 2653500  8 12 15  22.0  970 306  2.5 6 10.1  59   50  265 371 -444  2
4184500 2653500  8 12 16  21.9  970 314  1.9 6  9.8  57   96  246 370 -448  2
4184500 2653500  8 12 17  22.1  970   3  3.4 5  9.2  53  133  190 366 -446  2
4184500 2653500  8 12 18  21.7  970   6  2.0 5  8.9  52  142  106 360 -439  2
4184500 2653500  8 12 19  20.8  969  18  2.3 6  8.7  53   19   65 360 -432  2
4184500 2653500  8 12 20  19.4  969 113  2.4 4  8.8  57    0    8 353 -422  2
4184500 2653500  8 12 21  17.1  969 137  1.4 4  9.0  65    0    0 340 -410  2
4184500 2653500  8 12 22  16.5  970 141  1.7 6  9.1  73    0    0 340 -405  2
4184500 2653500  8 12 23  16.1  970  98  1.2 6  9.1  75    0    0 342 -403  2
4184500 2653500  8 12 24  16.2  970 114  0.4 5  9.0  75    0    0 338 -398  2
4184500 2653500  8 13  1  15.3  970 138  0.0 5  9.1  78    0    0 333 -393  2
4184500 2653500  8 13  2  14.3  970 140  0.2 6  9.1  83    0    0 332 -390  2
4184500 2653500  8 13  3  13.3  969 118  0.7 6  9.0  87    0    0 332 -389  2
4184500 2653500  8 13  4  13.8  969 104  0.5 5  8.8  87    0    0 328 -390  2
4184500 2653500  8 13  5  12.8  969 118  1.4 4  8.8  88    0    0 321 -389  2
4184500 2653500  8 13  6  13.1  969 121  0.5 4  8.7  89    3   19 316 -389  2
4184500 2653500  8 13  7  13.9  970  98  0.4 4  9.0  89   48   79 316 -392  2
4184500 2653500  8 13  8  16.0  970 122  0.6 4  9.3  84  172  123 320 -401  2
4184500 2653500  8 13  9  18.3  970 127  0.8 3  9.3  72  333  136 324 -417  2
4184500 2653500  8 13 10  20.6  970 183  1.2 3  9.2  62  452  154 329 -434  2
4184500 2653500  8 13 11  22.1  970 256  1.5 3  8.9  54  396  250 337 -449  2
4184500 2653500  8 13 12  22.0  971 222  1.2 3  8.4  48  432  271 340 -461  2
4184500 2653500  8 13 13  23.7  970 332  3.0 3  8.3  46  440  277 345 -469  2
4184500 2653500  8 13 14  24.4  970 338  2.3 2  8.3  42  463  247 348 -473  2
4184500 2653500  8 13 15  25.4  970 301  2.2 2  8.2  40  410  225 348 -473  2
4184500 2653500  8 13 16  25.2  969 332  2.5 2  8.1  38  421  151 349 -471  2
4184500 2653500  8 13 17  25.4  969 360  2.6 1  8.0  38  306  128 346 -465  2
4184500 2653500  8 13 18  24.5  969  24  2.0 1  7.9  38  159  106 341 -455  2
4184500 2653500  8 13 19  23.3  969  38  1.9 0  7.9  41   46   62 336 -443  2
4184500 2653500  8 13 20  20.3  970  34  2.1 0  8.0  47    1   10 328 -431  2
4184500 2653500  8 13 21  18.8  970  62  1.9 1  8.1  54    0    0 322 -421  2
4184500 2653500  8 13 22  17.9  970  77  2.0 0  8.1  59    0    0 319 -414  2
4184500 2653500  8 13 23  16.2  971 116  1.5 0  8.2  64    0    0 312 -410  2
4184500 2653500  8 13 24  16.7  971 143  2.0 1  8.2  67    0    0 312 -408  2
4184500 2653500  8 14  1  16.2  972 144  1.4 0  8.3  68    0    0 311 -407  2
4184500 2653500  8 14  2  16.2  972 135  1.3 0  8.3  69    0    0 307 -407  2
4184500 2653500  8 14  3  16.3  972 138  2.3 0  8.2  68    0    0 307 -410  2
4184500 2653500  8 14  4  15.0  971 132  0.8 0  8.2  70    0    0 306 -414  2
4184500 2653500  8 14  5  14.6  972 134  0.7 0  8.1  74    0    0 303 -415  2
4184500 2653500  8 14  6  13.5  972 130  1.6 1  8.1  78    9   25 302 -414  2
4184500 2653500  8 14  7  15.6  972 100  1.1 0  8.4  78   96   72 303 -415  2
4184500 2653500  8 14  8  16.8  973 105  0.6 0  8.9  74  240   95 306 -422  2
4184500 2653500  8 14  9  21.5  973 119  1.0 0  9.1  63  377  109 316 -437  2
4184500 2653500  8 14 10  23.9  973 317  2.0 1  8.8  49  510  113 332 -456  2
4184500 2653500  8 14 11  25.1  974 154  2.0 1  8.2  41  608  119 342 -472  2
4184500 2653500  8 14 12  25.6  974 266  1.7 1  7.8  37  673  120 347 -485  2
4184500 2653500  8 14 13  26.5  974 203  1.4 1  7.6  35  657  142 351 -495  2
4184500 2653500  8 14 14  27.5  973 281  2.2 1  7.7  33  617  146 358 -499  2
4184500 2653500  8 14 15  28.3  973 326  1.1 1  7.6  31  560  133 364 -499  2
4184500 2653500  8 14 16  28.8  973 307  1.6 1  7.3  29  438  133 366 -497  2
4184500 2653500  8 14 17  28.2  973  28  1.8 1  7.2  28  298  124 364 -490  2
4184500 2653500  8 14 18  27.9  972  37  1.9 1  7.1  29  160  100 361 -479  2
4184500 2653500  8 14 19  26.2  972  51  1.4 0  7.1  31   46   58 352 -468  2
4184500 2653500  8 14 20  24.6  973  76  1.6 1  7.1  34    1    9 345 -458  2
4184500 2653500  8 14 21  22.1  973  94  0.9 1  7.2  38    0    0 339 -451  2
4184500 2653500  8 14 22  21.3  973 117  1.6 1  7.3  43    0    0 334 -446  2
4184500 2653500  8 14 23  20.7  974 131  2.0 0  7.4  46    0    0 330 -442  2
4184500 2653500  8 14 24  19.8  974 123  2.3 0  7.7  50    0    0 324 -439  2
4184500 2653500  8 15  1  19.2  974 133  2.0 0  7.9  54    0    0 321 -440  2
4184500 2653500  8 15  2  19.0  974 152  1.1 0  8.1  56    0    0 320 -442  2
4184500 2653500  8 15  3  18.1  974 274  0.5 0  8.1  58    0    0 318 -442  2
4184500 2653500  8 15  4  17.0  975 173  1.2 0  8.0  61    0    0 317 -439  2
4184500 2653500  8 15  5  16.8  975 182  0.4 0  7.9  63    0    0 317 -436  2
4184500 2653500  8 15  6  16.7  974 176  0.3 0  7.8  63    9   25 317 -433  2
4184500 2653500  8 15  7  17.5  975 207  1.9 0  7.8  62   94   75 316 -432  2
4184500 2653500  8 15  8  20.1  975 165  1.5 0  8.1  57  227  103 319 -435  2
4184500 2653500  8 15  9  22.7  975 233  1.5 0  8.7  52  360  123 329 -441  2
4184500 2653500  8 15 10  25.5  975 255  1.7 0  8.9  46  497  128 338 -448  2
4184500 2653500  8 15 11  27.4  975 269  2.1 0  8.6  38  579  145 347 -453  2
4184500 2653500  8 15 12  28.3  974 305  2.7 1  8.2  34  629  156 358 -452  2
4184500 2653500  8 15 13  29.3  974 300  1.8 2  8.0  31  638  161 372 -448  2
4184500 2653500  8 15 14  29.8  974 309  2.2 2  8.0  30  616  155 380 -451  2
4184500 2653500  8 15 15  30.3  975 303  2.2 1  7.7  28  481  187 381 -462  2
4184500 2653500  8 15 16  30.2  974 295  2.1 1  7.6  27  333  197 379 -469  2
4184500 2653500  8 15 17  30.2  974 274  2.2 1  7.6  27  280  136 378 -469  2
4184500 2653500  8 15 18  29.8  974 281  1.6 1  7.5  27  140  108 378 -463  2
4184500 2653500  8 15 19  28.1  973 284  1.1 0  7.9  30   40   57 373 -454  2
4184500 2653500  8 15 20  26.2  973  80  1.3 2  8.0  34    1    9 370 -444  2
4184500 2653500  8 15 21  24.2  973 164  1.8 2  8.1  39    0    0 367 -435  2
4184500 2653500  8 15 22  22.6  974 193  1.9 0  8.5  45    0    0 357 -430  2
4184500 2653500  8 15 23  21.6  974 225  2.3 0  8.3  48    0    0 346 -427  2
4184500 2653500  8 15 24  19.6  974 203  2.7 1  8.3  52    0    0 342 -425  2
4184500 2653500  8 16  1  19.5  974  57  2.4 0  8.4  57    0    0 337 -424  2
4184500 2653500  8 16  2  18.9  974  50  2.3 0  8.5  58    0    0 331 -424  2
4184500 2653500  8 16  3  18.4  974  69  2.0 0  8.5  61    0    0 328 -423  2
4184500 2653500  8 16  4  18.1  974 310  2.3 0  8.7  64    0    0 325 -422  2
4184500 2653500  8 16  5  17.0  974 255  1.4 0  8.7  67    0    0 320 -419  2
4184500 2653500  8 16  6  17.3  974 243  1.2 1  8.8  69    9   23 320 -418  2
4184500 2653500  8 16  7  18.3  975 272  1.0 1  9.1  68   96   72 323 -420  2
4184500 2653500  8 16  8  20.9  975 257  1.1 2  9.8  66  233   96 331 -427  2
4184500 2653500  8 16  9  23.5  974 262  1.9 2 10.1  58  336  127 342 -438  2
4184500 2653500  8 16 10  25.8  975 242  2.8 3 10.3  51  498  119 355 -449  2
4184500 2653500  8 16 11  27.3  975 268  4.0 3 10.8  48  541  158 368 -458  2
4184500 2653500  8 16 12  27.6  974 259  3.7 4 11.2  47  476  233 378 -468  2
4184500 2653500  8 16 13  25.5  974 255  3.5 5 11.7  52  130  328 384 -476  2
4184500 2653500  8 16 14  23.6  974 229  2.9 6 12.2  61   10  236 382 -473  2
4184500 2653500  8 16 15  26.9  973 237  3.3 6 12.3  58   10  217 385 -468  2
4184500 2653500  8 16 16  26.2  973 246  2.3 5 12.5  55  106  237 387 -468  2
4184500 2653500  8 16 17  26.0  973 226  3.3 7 12.8  58   39  173 388 -465  2
4184500 2653500  8 16 18  24.9  972 249  4.4 7 12.7  59    0   60 388 -460  2
4184500 2653500  8 16 19  24.2  972 202  2.7 7 12.3  61    0   37 384 -452  2
4184500 2653500  8 16 20  22.8  972 262  2.8 5 12.2  64    0    3 377 -442  2
4184500 2653500  8 16 21  21.0  972 320  2.9 4 12.1  70    0    0 365 -432  2
4184500 2653500  8 16 22  20.4  972 331  2.0 6 12.0  75    0    0 363 -426  2
4184500 2653500  8 16 23  20.0  973 355  2.3 6 12.0  78    0    0 366 -422  2
4184500 2653500  8 16 24  19.3  973   2  3.0 7 11.9  80    0    0 368 -418  2
4184500 2653500  8 17  1  18.6  973 206  3.1 5 11.8  82    0    0 364 -416  2
4184500 2653500  8 17  2  17.4  973 222  1.9 5 11.7  86    0    0 354 -414  2
4184500 2653500  8 17  3  17.2  973 193  1.7 7 11.6  90    0    0 359 -411  2
4184500 2653500  8 17  4  16.8  973 191  1.4 7 11.5  91    0    0 366 -408  2
4184500 2653500  8 17  5  16.9  973 225  1.1 7 11.4  91    0    0 366 -403  2
4184500 2653500  8 17  6  16.8  973 200  0.9 4 11.4  91    2   16 356 -398  2
4184500 2653500  8 17  7  17.1  973 200  1.7 5 11.6  92   18   68 350 -399  2
4184500 2653500  8 17  8  18.0  973 294  2.3 6 11.8  90   69  137 357 -410  2
4184500 2653500  8 17  9  19.9  973 280  2.9 5 11.4  80  124  198 361 -427  2
4184500 2653500  8 17 10  21.0  973 258  3.9 4 10.9  69  190  248 360 -443  2
4184500 2653500  8 17 11  22.3  972 252  4.1 4 10.5  62  402  221 363 -457  2
4184500 2653500  8 17 12  23.9  973 264  4.8 3 10.1  55  633  133 366 -468  2
4184500 2653500  8 17 13  24.6  972 243  4.8 3  9.5  48  691  106 366 -477  2
4184500 2653500  8 17 14  25.3  972 236  6.5 2  9.1  44  671  100 364 -482  2
4184500 2653500  8 17 15  25.9  971 237  6.6 2  8.9  42  586  104 364 -482  2
4184500 2653500  8 17 16  25.6  971 250  4.9 2  8.8  41  354  167 364 -479  2
4184500 2653500  8 17 17  25.1  971 252  4.2 1  9.0  43  243  140 360 -472  2
4184500 2653500  8 17 18  24.9  971 232  3.7 2  9.1  44  143   97 358 -465  2
4184500 2653500  8 17 19  24.5  971 240  3.1 3  9.3  46   33   53 361 -454  2
4184500 2653500  8 17 20  22.2  971 245  2.3 2  9.3  49    1    8 355 -442  2
4184500 2653500  8 17 21  20.7  970 193  2.0 1  9.2  55    0    0 341 -431  2
4184500 2653500  8 17 22  19.7  970 189  1.9 1  9.3  60    0    0 333 -423  2
4184500 2653500  8 17 23  18.5  970 182  1.0 0  9.4  65    0    0 323 -415  2
4184500 2653500  8 17 24  18.5  970 183  1.5 1  9.3  66    0    0 317 -409  2
4184500 2653500  8 18  1  18.1  970 195  1.8 1  9.2  67    0    0 318 -406  2
4184500 2653500  8 18  2  16.9  970 185  2.1 4  9.2  70    0    0 325 -404  2
4184500 2653500  8 18  3  17.1  970 182  2.2 5  9.2  73    0    0 338 -401  2
4184500 2653500  8 18  4  17.1  970 195  2.4 5  9.3  73    0    0 343 -400  2
4184500 2653500  8 18  5  17.6  969 191  2.4 5  9.3  72    0    0 344 -401  2
4184500 2653500  8 18  6  17.4  968 181  3.2 5  9.4  72    4   19 344 -404  2
4184500 2653500  8 18  7  18.5  968 170  4.2 4  9.9  74   45   76 344 -409  2
4184500 2653500  8 18  8  20.5  968  23  3.2 5 10.4  70   99  141 349 -414  2
4184500 2653500  8 18  9  23.5  969 298  4.0 3 11.0  63  308  153 356 -425  2
4184500 2653500  8 18 10  25.8  968 282  4.6 2 11.7  57  490  147 357 -439  2
4184500 2653500  8 18 11  27.4  968 285  5.6 2 11.5  50  569  163 363 -448  2
4184500 2653500  8 18 12  28.3  969 226  7.5 2 10.6  43  483  247 369 -456  2
4184500 2653500  8 18 13  29.0  968 229  8.5 2  9.6  37  542  228 373 -459  2
4184500 2653500  8 18 14  29.5  967 239  8.5 1  9.0  34  561  196 374 -461  2
4184500 2653500  8 18 15  29.7  967 259  8.3 1  9.0  33  467  200 374 -467  2
4184500 2653500  8 18 16  29.0  967 303  7.0 1  8.8  33  319  205 373 -468  2
4184500 2653500  8 18 17  26.7  968  20  6.5 3  9.2  37  169  180 371 -465  2
4184500 2653500  8 18 18  24.7  967  49  2.4 4  9.8  45   85  120 369 -457  2
4184500 2653500  8 18 19  23.1  968  68  1.7 3 10.2  52   28   55 362 -446  2
4184500 2653500  8 18 20  21.6  968  97  0.8 3 10.4  58    0    7 353 -435  2
4184500 2653500  8 18 21  20.7  969 164  0.9 3 10.3  62    0    0 348 -424  2
4184500 2653500  8 18 22  19.9  969 194  0.9 2 10.2  65    0    0 341 -417  2
4184500 2653500  8 18 23  18.4  969 323  2.6 2 10.2  70    0    0 332 -414  2
4184500 2653500  8 18 24  18.1  970 115  1.7 2 10.4  76    0    0 328 -412  2
4184500 2653500  8 19  1  16.3  970 162  0.5 1 10.4  81    0    0 321 -410  2
4184500 2653500  8 19  2  16.0  970 138  0.9 2 10.2  85    0    0 316 -407  2
4184500 2653500  8 19  3  16.6  970 187  0.8 3  9.9  82    0    0 323 -402  2
4184500 2653500  8 19  4  15.7  970 293  1.1 2  9.9  82    0    0 322 -395  2
4184500 2653500  8 19  5  15.3  970 146  1.7 2  9.7  84    0    0 316 -395  2
4184500 2653500  8 19  6  15.9  970 314  1.6 4  9.5  82    4   19 321 -397  2
4184500 2653500  8 19  7  17.6  970 253  2.6 5  9.8  79   36   71 336 -401  2
4184500 2653500  8 19  8  19.0  971 242  1.9 3 10.2  74  220  112 335 -409  2
4184500 2653500  8 19  9  20.2  971 269  1.2 3 10.3  69  257  171 332 -419  2
4184500 2653500  8 19 10  21.8  970 243  1.7 7 10.5  64   64  259 351 -428  2
4184500 2653500  8 19 11  22.0  971 231  2.0 8 10.4  60    0  187 372 -437  2
4184500 2653500  8 19 12  22.4  972 225  2.1 8 10.3  59   10  245 376 -449  2
4184500 2653500  8 19 13  23.7  971 218  1.9 6 10.2  55  228  335 373 -459  2
4184500 2653500  8 19 14  24.4  971 225  1.5 7 10.4  53   81  315 373 -464  2
4184500 2653500  8 19 15  24.1  971 236  1.8 7 10.7  54    0  184 376 -466  2
4184500 2653500  8 19 16  24.1  971 241  2.7 7 11.1  56   22  209 376 -465  2
4184500 2653500  8 19 17  25.4  971 216  3.5 5 11.0  54  136  185 371 -460  2
4184500 2653500  8 19 18  25.1  970 239  3.8 5 10.6  50  104  114 365 -452  2
4184500 2653500  8 19 19  24.1  970 193  3.0 6 10.4  52   19   51 366 -443  2
4184500 2653500  8 19 20  22.2  970 194  3.0 5 10.4  57    0    4 364 -432  2
4184500 2653500  8 19 21  20.9  969 187  2.7 5 10.4  62    0    0 356 -422  2
4184500 2653500  8 19 22  19.8  970 179  2.7 4 10.4  67    0    0 343 -418  2
4184500 2653500  8 19 23  19.0  970 175  2.4 3 10.2  70    0    0 334 -417  2
4184500 2653500  8 19 24  18.3  970 173  2.1 2  9.9  71    0    0 335 -418  2
4184500 2653500  8 20  1  17.7  968 174  1.8 2  9.6  71    0    0 331 -411  2
4184500 2653500  8 20  2  17.4  968 171  1.5 1  9.2  71    0    0 320 -410  2
4184500 2653500  8 20  3  17.3  968 168  1.5 2  9.0  70    0    0 313 -409  2
4184500 2653500  8 20  4  17.7  968 157  1.7 2  9.0  69    0    0 320 -404  2
4184500 2653500  8 20  5  18.2  967 148  2.1 4  9.1  67    0    0 339 -398  2
4184500 2653500  8 20  6  19.0  967 136  2.3 6  9.1  65    0    5 353 -397  2
4184500 2653500  8 20  7  20.0  967 128  2.6 4  9.4  63   42   74 353 -401  2
4184500 2653500  8 20  8  20.4  967 125  3.4 5  9.7  62   94  142 350 -407  2
4184500 2653500  8 20  9  22.1  968 166  4.3 6 10.1  61  171  202 361 -417  2
4184500 2653500  8 20 10  23.7  968 211  5.5 4 10.4  56  346  208 363 -433  2
4184500 2653500  8 20 11  25.0  967 221  5.9 4 10.4  52  476  203 360 -448  2
4184500 2653500  8 20 12  24.5  967 214  4.3 5 10.6  52  408  277 366 -451  2
4184500 2653500  8 20 13  24.7  967 217  4.9 7 10.7  53   84  338 377 -447  2
4184500 2653500  8 20 14  24.0  967 226  5.0 8 10.5  52    5  229 386 -449  2
4184500 2653500  8 20 15  24.0  967 280  1.1 8 11.3  58    0   75 391 -454  2
4184500 2653500  8 20 16  23.9  966  11  1.2 6 12.1  62   66  246 386 -453  2
4184500 2653500  8 20 17  21.2  965  22  1.8 6 12.0  66   91  190 375 -448  2
4184500 2653500  8 20 18  19.5  965 270  2.8 6 12.4  78    0   50 369 -441  2
4184500 2653500  8 20 19  18.1  966 261  3.5 8 12.4  86    0   21 374 -432  2
4184500 2653500  8 20 20  17.8  966 189  2.8 8 12.4  92    0    0 380 -425  2
4184500 2653500  8 20 21  17.3  966 234  4.7 8 12.3  93    0    0 380 -421  2
4184500 2653500  8 20 22  16.4  966 222  2.2 7 11.8  93    0    0 373 -420  2
4184500 2653500  8 20 23  16.0  966 230  1.4 7 11.3  93    0    0 366 -416  2
4184500 2653500  8 20 24  16.0  966 244  3.2 7 11.0  92    0    0 365 -413  2
4184500 2653500  8 21  1  15.8  967 211  2.9 5 10.8  91    0    0 355 -411  2
4184500 2653500  8 21  2  15.2  967 224  2.5 8 10.4  90    0    0 358 -407  2
4184500 2653500  8 21  3  14.9  967 225  4.0 8 10.1  90    0    0 369 -404  2
4184500 2653500  8 21  4  14.4  967 226  3.1 7  9.7  89    0    0 362 -403  2
4184500 2653500  8 21  5  13.8  966 236  3.3 4  9.5  90    0    0 341 -404  2
4184500 2653500  8 21  6  14.0  967 226  2.9 5  9.3  90    9   22 331 -404  2
4184500 2653500  8 21  7  15.0  967 225  3.8 3  9.4  87   81   75 328 -403  2
4184500 2653500  8 21  8  16.3  968 231  3.9 3  9.6  82  130  139 322 -405  2
4184500 2653500  8 21  9  16.9  968 228  5.2 6  9.5  77  123  219 340 -413  2
4184500 2653500  8 21 10  17.9  968 237  5.6 5  9.4  72  198  275 352 -422  2
4184500 2653500  8 21 11  18.9  969 240  4.9 5  9.3  67  195  329 352 -432  2
4184500 2653500  8 21 12  18.4  969 237  4.0 4  9.4  66  112  354 349 -439  2
4184500 2653500  8 21 13  18.6  969 223  5.4 7  9.3  66    9  259 359 -445  2
4184500 2653500  8 21 14  18.2  969 241  5.7 6  9.1  66   13  260 368 -448  2
4184500 2653500  8 21 15  19.5  970 252  5.5 2  9.2  64  428  225 348 -447  2
4184500 2653500  8 21 16  20.3  969 228  4.2 2  9.3  61  369  186 336 -444  2
4184500 2653500  8 21 17  19.9  969 236  4.6 2  8.9  58  228  165 335 -440  2
4184500 2653500  8 21 18  19.3  970 233  3.5 5  8.5  57   94  119 343 -434  2
4184500 2653500  8 21 19  18.5  970 195  3.8 6  8.4  59   18   49 358 -425  2
4184500 2653500  8 21 20  17.0  971 216  2.5 6  8.5  64    0    0 358 -415  2
4184500 2653500  8 21 21  16.1  972 213  3.3 3  8.6  70    0    0 342 -408  2
4184500 2653500  8 21 22  15.9  972 230  3.5 3  8.4  71    0    0 327 -404  2
4184500 2653500  8 21 23  15.4  972 228  3.4 3  8.2  71    0    0 325 -397  2
4184500 2653500  8 21 24  14.7  972 176  3.1 3  8.1  73    0    0 323 -393  2
4184500 2653500  8 22  1  14.0  973 151  2.5 6  8.2  77    0    0 334 -393  2
4184500 2653500  8 22  2  14.3  973 225  2.6 7  8.3  79    0    0 351 -394  2
4184500 2653500  8 22  3  14.2  973 299  2.9 6  8.3  79    0    0 351 -395  2
4184500 2653500  8 22  4  13.4  973 257  2.4 8  8.3  81    0    0 355 -391  2
4184500 2653500  8 22  5  12.8  973 237  1.9 2  8.3  84    0    0 336 -384  2
4184500 2653500  8 22  6  12.8  973 217  2.5 1  8.2  85   13   21 305 -377  2
4184500 2653500  8 22  7  14.1  973 169  3.0 1  8.3  82  103   59 301 -376  2
4184500 2653500  8 22  8  15.7  974 227  2.2 1  8.4  76  266   70 305 -386  2
4184500 2653500  8 22  9  17.5  974 243  2.9 1  8.5  69  444   61 310 -401  2
4184500 2653500  8 22 10  18.4  975 256  3.2 2  8.3  62  500  100 319 -418  2
4184500 2653500  8 22 11  19.2  975 264  3.7 3  8.1  57  417  210 331 -431  2
4184500 2653500  8 22 12  19.3  974 249  3.0 4  7.8  54  243  319 342 -442  2
4184500 2653500  8 22 13  19.5  974 250  3.1 4  7.4  51  191  334 347 -448  2
4184500 2653500  8 22 14  20.3  974 253  2.2 4  7.5  50  110  315 348 -451  2
4184500 2653500  8 22 15  20.5  973 248  3.9 6  7.5  48  110  284 358 -450  2
4184500 2653500  8 22 16  20.4  973 257  3.8 5  7.3  47  175  229 362 -448  2
4184500 2653500  8 22 17  20.4  973 224  3.8 4  7.4  47  243  128 353 -442  2
4184500 2653500  8 22 18  19.8  973 236  3.5 7  7.5  49   96  100 358 -433  2
4184500 2653500  8 22 19  17.9  972 173  2.1 6  7.7  55   16   43 362 -422  2
4184500 2653500  8 22 20  16.3  973 164  2.3 6  8.0  63    0    0 352 -412  2
4184500 2653500  8 22 21  15.9  972 169  2.4 7  8.1  68    0    0 354 -403  2
4184500 2653500  8 22 22  15.1  972 160  2.6 6  8.1  70    0    0 352 -393  2
4184500 2653500  8 22 23  14.2  972 175  2.2 5  8.0  74    0    0 341 -386  2
4184500 2653500  8 22 24  13.1  973 169  2.2 3  7.9  78    0    0 326 -380  2
4184500 2653500  8 23  1  13.3  973 151  1.7 2  7.8  79    0    0 312 -379  2
4184500 2653500  8 23  2  13.4  972 156  2.2 2  7.8  78    0    0 308 -383  2
4184500 2653500  8 23  3  13.9  972 178  2.2 4  7.8  77    0    0 316 -385  2
4184500 2653500  8 23  4  13.3  972 144  2.0 6  7.8  77    0    0 331 -387  2
4184500 2653500  8 23  5  13.3  972 162  2.2 5  7.8  78    0    0 333 -388  2
4184500 2653500  8 23  6  13.5  972 162  2.5 5  8.0  80    9   18 330 -386  2
4184500 2653500  8 23  7  16.0  972 151  1.1 6  8.4  77    7   59 338 -387  2
4184500 2653500  8 23  8  17.1  972 138  1.3 7  8.8  72   28  130 351 -396  2
4184500 2653500  8 23  9  18.5  972 211  1.9 7  9.1  69  145  189 361 -411  2
4184500 2653500  8 23 10  20.2  971 213  2.6 6  9.3  63  409  143 363 -427  2
4184500 2653500  8 23 11  21.4  970 246  2.1 6  8.8  55  324  247 364 -439  2
4184500 2653500  8 23 12  22.1  970 201  1.6 6  8.0  47  336  276 366 -446  2
4184500 2653500  8 23 13  22.6  970 205  2.3 5  7.8  44  466  220 366 -443  2
4184500 2653500  8 23 14  23.4  969 180  2.6 5  7.8  42  454  207 367 -442  2
4184500 2653500  8 23 15  22.7  968 187  2.6 5  7.6  41  177  276 367 -447  2
4184500 2653500  8 23 16  22.4  967 170  2.2 7  7.7  43   12  187 370 -443  2
4184500 2653500  8 23 17  21.9  966 176  2.1 8  8.2  47    0   93 378 -439  2
4184500 2653500  8 23 18  20.6  966  18  1.7 8  9.0  54   11   98 381 -435  2
4184500 2653500  8 23 19  19.2  964 342  0.6 8  9.6  63    0   10 378 -427  2
4184500 2653500  8 23 20  17.0  964 203  1.0 8 10.4  76    0    0 374 -420  2
4184500 2653500  8 23 21  16.4  965 224  0.6 8 11.0  87    0    0 371 -415  2
4184500 2653500  8 23 22  16.3  965 175  0.0 8 11.0  89    0    0 370 -411  2
4184500 2653500  8 23 23  15.8  964 228  0.3 6 10.8  90    0    0 361 -408  2
4184500 2653500  8 23 24  16.1  964 160  2.2 8 10.8  90    0    0 360 -405  2
4184500 2653500  8 24  1  15.6  964 193  2.2 7 10.6  89    0    0 364 -399  2
4184500 2653500  8 24  2  15.6  964 157  2.3 7 10.4  89    0    0 359 -392  2
4184500 2653500  8 24  3  15.3  963 152  3.4 7 10.2  88    0    0 358 -386  2
4184500 2653500  8 24  4  14.9  963 156  5.1 7  9.8  87    0    0 355 -383  2
4184500 2653500  8 24  5  13.7  963 219  4.9 7  9.4  88    0    0 352 -381  2
4184500 2653500  8 24  6  13.2  964 247  6.7 7  9.1  89    0   13 348 -380  2
4184500 2653500  8 24  7  13.4  964 246  5.0 8  8.9  89    0   27 350 -382  2
4184500 2653500  8 24  8  13.6  964 250  4.3 8  8.8  86    0   36 355 -391  2
4184500 2653500  8 24  9  13.0  965 269  4.4 8  8.4  84    0   69 354 -401  2
4184500 2653500  8 24 10  14.1  966 248  5.2 8  7.9  78    8  212 355 -409  2
4184500 2653500  8 24 11  15.2  967 266  6.1 5  7.6  70   47  283 345 -413  2
4184500 2653500  8 24 12  16.4  967 252  5.6 4  7.3  62  272  313 332 -415  2
4184500 2653500  8 24 13  17.0  967 261  5.7 4  6.8  54  199  339 331 -412  2
4184500 2653500  8 24 14  17.5  966 254  6.1 4  6.6  51  195  321 331 -410  2
4184500 2653500  8 24 15  17.7  966 254  5.7 5  6.6  50  322  236 335 -417  2
4184500 2653500  8 24 16  17.8  966 248  4.2 6  6.4  48  217  216 341 -423  2
4184500 2653500  8 24 17  18.0  965 230  4.9 3  6.2  46  172  154 334 -421  2
4184500 2653500  8 24 18  17.0  965 199  3.4 4  6.2  47   91   99 325 -415  2
4184500 2653500  8 24 19  15.5  965  65  2.9 4  6.5  54    4   36 324 -407  2
4184500 2653500  8 24 20  13.2  965 187  1.3 5  6.9  64    0    0 322 -400  2
4184500 2653500  8 24 21  12.7  965 204  1.6 5  7.1  73    0    0 321 -393  2
4184500 2653500  8 24 22  11.5  965 193  1.3 4  7.2  78    0    0 315 -389  2
4184500 2653500  8 24 23  11.3  965 211  2.4 3  7.0  79    0    0 304 -386  2
4184500 2653500  8 24 24  12.1  965 210  3.0 6  7.0  78    0    0 311 -382  2
4184500 2653500  8 25  1  12.1  965 209  3.5 5  7.1  77    0    0 318 -382  2
4184500 2653500  8 25  2  11.6  965 201  3.9 8  7.2  79    0    0 323 -381  2
4184500 2653500  8 25  3  10.9  965 191  3.3 7  7.6  87    0    0 327 -377  2
4184500 2653500  8 25  4  11.1  965 201  3.7 7  8.0  93    0    0 322 -371  2
4184500 2653500  8 25  5  11.1  965 199  3.4 8  8.2  95    0    0 326 -367  2
4184500 2653500  8 25  6  11.1  965 168  3.6 8  8.3  95    0    6 330 -364  2
4184500 2653500  8 25  7  11.2  966 128  4.2 8  8.1  94   11   59 329 -366  2
4184500 2653500  8 25  8  11.4  966 133  5.0 8  8.0  91   37  128 328 -375  2
4184500 2653500  8 25  9  12.4  967 251  5.8 6  7.9  87  141  182 320 -391  2
4184500 2653500  8 25 10  13.9  967 263  6.0 5  7.9  80  140  246 312 -409  2
4184500 2653500  8 25 11  14.5  967 263  7.2 7  7.8  74   64  282 319 -424  2
4184500 2653500  8 25 12  15.3  968 282  7.3 7  7.5  68   61  300 331 -435  2
4184500 2653500  8 25 13  16.6  968 284  7.2 5  7.3  62   52  297 332 -443  2
4184500 2653500  8 25 14  16.2  968 278  7.2 5  7.3  60   63  291 329 -447  2
4184500 2653500  8 25 15  16.9  968 190  5.1 7  7.3  60  165  265 339 -447  2
4184500 2653500  8 25 16  17.2  969 197  5.2 7  7.2  57  113  221 349 -446  2
4184500 2653500  8 25 17  17.2  969 276  4.3 5  7.1  56  209  122 341 -441  2
4184500 2653500  8 25 18  16.5  969 275  3.4 7  7.3  58   87   91 339 -432  2
4184500 2653500  8 25 19  15.6  969 282  2.3 4  7.4  62    0   24 333 -420  2
4184500 2653500  8 25 20  14.0  968 271  1.6 4  7.5  68    0    0 317 -409  2
4184500 2653500  8 25 21  13.1  969 310  1.5 4  7.4  73    0    0 313 -401  2
4184500 2653500  8 25 22  11.7  970 240  1.4 4  7.3  78    0    0 310 -396  2
4184500 2653500  8 25 23  11.0  970 240  1.7 3  7.3  83    0    0 303 -392  2
4184500 2653500  8 25 24  11.1  971 245  1.4 2  7.2  84    0    0 296 -390  2
4184500 2653500  8 26  1  10.1  971 194  0.9 1  7.1  85    0    0 287 -389  2
4184500 2653500  8 26  2  10.0  971 177  1.5 3  7.1  88    0    0 290 -387  2
4184500 2653500  8 26  3  10.1  971  47  1.7 3  7.1  88    0    0 298 -386  2
4184500 2653500  8 26  4  10.0  971 167  1.7 3  7.0  88    0    0 299 -386  2
4184500 2653500  8 26  5  10.5  971 151  1.6 4  7.0  86    0    0 303 -385  2
4184500 2653500  8 26  6  11.7  971 161  1.9 5  7.1  83    2   16 314 -386  2
4184500 2653500  8 26  7  12.1  971 163  1.7 7  7.4  81    1   52 326 -388  2
4184500 2653500  8 26  8  12.8  971 173  0.5 7  7.9  84    5  111 335 -396  2
4184500 2653500  8 26  9  14.8  971 172  2.3 6  8.3  80   62  215 337 -410  2
4184500 2653500  8 26 10  16.6  971 263  3.0 7  8.2  70   39  260 343 -427  2
4184500 2653500  8 26 11  17.2  972 295  3.1 7  8.2  66   22  270 352 -442  2
4184500 2653500  8 26 12  17.8  972 317  3.3 6  8.3  64   10  260 353 -450  2
4184500 2653500  8 26 13  18.1  972 283  4.0 7  8.3  62    8  254 357 -455  2
4184500 2653500  8 26 14  18.7  972 228  4.0 8  8.4  61    0  180 366 -458  2
4184500 2653500  8 26 15  18.7  972 219  4.4 7  8.6  61    0  147 369 -457  2
4184500 2653500  8 26 16  18.9  972 238  3.4 7  8.8  62   15  197 367 -452  2
4184500 2653500  8 26 17  19.3  972 238  3.3 7  9.2  64    9  149 369 -446  2
4184500 2653500  8 26 18  18.7  972 190  2.9 8  9.4  66   18  109 373 -441  2
4184500 2653500  8 26 19  17.6  972 116  1.7 6  9.4  69    5   34 366 -434  2
4184500 2653500  8 26 20  16.5  973 165  1.1 6  9.4  74    0    0 356 -428  2
4184500 2653500  8 26 21  16.3  973 187  1.0 5  9.6  79    0    0 351 -423  2
4184500 2653500  8 26 22  15.7  973 211  0.7 7  9.9  84    0    0 354 -419  2
4184500 2653500  8 26 23  15.1  973 228  1.5 7 10.1  88    0    0 361 -417  2
4184500 2653500  8 26 24  14.6  974 216  1.6 7 10.3  93    0    0 358 -414  2
4184500 2653500  8 27  1  14.1  974 216  1.6 8 10.3  96    0    0 361 -410  2
4184500 2653500  8 27  2  13.9  974 250  1.2 8 10.1  96    0    0 363 -407  2
4184500 2653500  8 27  3  14.1  974 224  1.5 8 10.0  96    0    0 364 -403  2
4184500 2653500  8 27  4  14.0  974 209  1.1 8  9.9  95    0    0 363 -396  2
4184500 2653500  8 27  5  14.3  975 203  1.3 8  9.9  94    0    0 364 -393  2
4184500 2653500  8 27  6  13.9  975 208  1.7 7  9.8  94    0    6 359 -390  2
4184500 2653500  8 27  7  14.6  976 203  1.5 6  9.9  94    8   58 351 -390  2
4184500 2653500  8 27  8  15.4  976 237  1.6 5 10.0  90   54  139 345 -400  2
4184500 2653500  8 27  9  17.2  976 253  1.9 5  9.9  82  103  210 345 -413  2
4184500 2653500  8 27 10  18.2  977 270  2.7 4  9.5  72  172  266 345 -427  2
4184500 2653500  8 27 11  19.1  978 273  3.8 5  8.8  63  156  320 348 -441  2
4184500 2653500  8 27 12  19.2  977 267  3.1 5  8.5  59  206  345 353 -451  2
4184500 2653500  8 27 13  20.4  977 280  2.9 3  8.6  57  333  307 349 -458  2
4184500 2653500  8 27 14  20.6  977 287  2.8 3  8.6  55  402  248 347 -460  2
4184500 2653500  8 27 15  21.9  977 291  2.5 4  8.5  52  331  236 353 -460  2
4184500 2653500  8 27 16  21.8  977 312  2.6 4  8.6  51  195  229 358 -459  2
4184500 2653500  8 27 17  21.3  977 273  2.2 4  8.8  53  152  161 359 -454  2
4184500 2653500  8 27 18  20.5  977 283  2.3 2  8.9  55   65  102 350 -446  2
4184500 2653500  8 27 19  18.2  977  49  1.5 2  9.3  64    8   35 338 -438  2
4184500 2653500  8 27 20  16.8  977 115  1.2 2  9.6  74    0    0 332 -429  2
4184500 2653500  8 27 21  16.4  977 200  0.1 2  9.6  78    0    0 328 -419  2
4184500 2653500  8 27 22  15.2  978  59  0.1 1  9.6  82    0    0 321 -411  2
4184500 2653500  8 27 23  15.1  978 108  1.1 1  9.7  87    0    0 315 -403  2
4184500 2653500  8 27 24  14.7  978 214  0.9 7  9.7  88    0    0 336 -399  2
4184500 2653500  8 28  1  14.0  978 181  1.8 6  9.6  91    0    0 352 -397  2
4184500 2653500  8 28  2  15.7  978  84  0.2 3  9.7  88    0    0 339 -396  2
4184500 2653500  8 28  3  14.3  978 254  0.1 2  9.8  88    0    0 324 -392  2
4184500 2653500  8 28  4  13.3  978 283  1.1 1  9.6  93    0    0 312 -388  2
4184500 2653500  8 28  5  13.7  977 304  1.3 5  9.3  93    0    0 323 -386  2
4184500 2653500  8 28  6  14.3  977 161  1.2 5  9.4  91    0   10 339 -385  2
4184500 2653500  8 28  7  14.9  977 184  0.9 6  9.7  90    7   58 344 -388  2
4184500 2653500  8 28  8  16.3  977 237  1.1 7 10.0  86   19  131 354 -397  2
4184500 2653500  8 28  9  17.8  977 256  2.0 7  9.8  78   13  181 363 -413  2
4184500 2653500  8 28 10  18.3  978 260  2.3 7  9.3  69   42  260 366 -428  2
4184500 2653500  8 28 11  19.5  977 223  2.6 5  9.1  64  248  302 361 -443  2
4184500 2653500  8 28 12  20.6  977 223  2.9 3  9.0  59  586  166 352 -453  2
4184500 2653500  8 28 13  22.2  976 248  2.8 2  9.2  56  595  169 347 -460  2
4184500 2653500  8 28 14  23.0  975 281  2.3 2  9.4  53  577  157 348 -463  2
4184500 2653500  8 28 15  23.9  976 257  2.6 2  9.4  50  495  155 352 -462  2
4184500 2653500  8 28 16  24.1  975 257  2.2 1  9.4  48  359  151 350 -457  2
4184500 2653500  8 28 17  24.3  975 260  2.3 1  9.3  47  220  136 346 -447  2
4184500 2653500  8 28 18  23.6  974 251  2.2 0  9.5  49   87  101 341 -440  2
4184500 2653500  8 28 19  21.9  974 248  1.2 1  9.6  53    7   34 337 -435  2
4184500 2653500  8 28 20  20.2  973 213  1.6 1  9.7  59    0    0 334 -429  2
4184500 2653500  8 28 21  18.3  973 282  1.7 1  9.8  68    0    0 328 -424  2
4184500 2653500  8 28 22  17.4  974 186  1.5 1  9.9  74    0    0 323 -420  2
4184500 2653500  8 28 23  17.3  974 196  1.5 1  9.9  77    0    0 322 -416  2
4184500 2653500  8 28 24  15.8  975  57  0.9 2  9.8  80    0    0 323 -413  2
4184500 2653500  8 29  1  14.5  974 314  1.3 1  9.7  87    0    0 319 -411  2
4184500 2653500  8 29  2  14.2  974 307  1.5 3  9.6  90    0    0 321 -409  2
4184500 2653500  8 29  3  14.2  974 347  1.4 4  9.6  91    0    0 332 -409  2
4184500 2653500  8 29  4  14.4  974  23  1.2 5  9.7  92    0    0 341 -408  2
4184500 2653500  8 29  5  14.5  974 325  1.2 6  9.9  92    0    0 350 -406  2
4184500 2653500  8 29  6  14.9  973 237  0.6 7  9.9  91    0   11 359 -405  2
4184500 2653500  8 29  7  14.9  973 250  1.0 7 10.1  91    0   35 364 -405  2
4184500 2653500  8 29  8  15.1  973 254  1.5 8 10.2  91    0   81 369 -410  2
4184500 2653500  8 29  9  15.2  974 266  2.2 8 10.2  91    0  120 374 -416  2
4184500 2653500  8 29 10  16.1  974 264  1.6 8 10.4  90    0  147 376 -419  2
4184500 2653500  8 29 11  17.2  975 275  3.0 8 10.4  84    3  199 379 -423  2
4184500 2653500  8 29 12  17.1  974 276  3.3 8 10.1  79    0  168 379 -424  2
4184500 2653500  8 29 13  17.3  974 271  3.6 8 10.0  78    0  138 378 -424  2
4184500 2653500  8 29 14  17.7  974 259  4.1 8 10.1  77    0  123 378 -430  2
4184500 2653500  8 29 15  18.8  974 252  3.2 5 10.0  73   27  217 371 -435  2
4184500 2653500  8 29 16  19.1  973 292  3.7 5  9.7  68  225  133 362 -433  2
4184500 2653500  8 29 17  18.9  973 289  3.3 6  9.6  67   21  136 364 -424  2
4184500 2653500  8 29 18  18.1  973 300  3.2 7  9.5  68    1   71 371 -419  2
4184500 2653500  8 29 19  17.3  973 295  3.1 6  9.3  71    0    7 369 -416  2
4184500 2653500  8 29 20  16.9  973 250  3.0 7  9.2  73    0    0 367 -411  2
4184500 2653500  8 29 21  16.3  973 236  2.4 8  9.3  75    0    0 373 -408  2
4184500 2653500  8 29 22  15.0  973 254  2.8 6  9.3  80    0    0 367 -407  2
4184500 2653500  8 29 23  14.0  973 254  2.6 5  9.1  85    0    0 351 -404  2
4184500 2653500  8 29 24  13.1  973 264  2.2 7  8.9  88    0    0 352 -403  2
4184500 2653500  8 30  1  13.5  973 270  2.0 7  8.9  90    0    0 360 -403  2
4184500 2653500  8 30  2  13.3  973 254  2.3 8  9.1  90    0    0 365 -401  2
4184500 2653500  8 30  3  13.7  973 256  2.8 7  9.1  90    0    0 365 -400  2
4184500 2653500  8 30  4  14.3  972 264  2.6 7  9.1  88    0    0 363 -401  2
4184500 2653500  8 30  5  14.0  972 270  2.6 8  9.3  88    0    0 368 -401  2
4184500 2653500  8 30  6  14.4  972 242  2.8 8  9.4  89    0    3 372 -400  2
4184500 2653500  8 30  7  14.6  972 260  3.3 8  9.5  88    0   19 373 -399  2
4184500 2653500  8 30  8  15.0  972 266  2.6 7  9.6  87    0   88 369 -400  2
4184500 2653500  8 30  9  15.8  972 260  3.8 8  9.7  85    0   92 370 -402  2
4184500 2653500  8 30 10  16.5  973 262  4.3 8  9.9  82    0  143 378 -403  2
4184500 2653500  8 30 11  17.3  973 266  4.9 7 10.0  79    1  192 375 -406  2
4184500 2653500  8 30 12  17.1  973 275  4.8 7 10.0  78    0  179 370 -410  2
4184500 2653500  8 30 13  18.3  973 269  5.0 8 10.1  76    0  123 375 -415  2
4184500 2653500  8 30 14  19.0  972 296  5.4 7 10.1  72    0  187 375 -423  2
4184500 2653500  8 30 15  19.4  972 280  5.1 6  9.9  68    2  190 368 -427  2
4184500 2653500  8 30 16  19.2  972 315  4.0 6  9.7  66   22  192 363 -425  2
4184500 2653500  8 30 17  19.3  972 313  3.8 5  9.6  66   49  160 358 -423  2
4184500 2653500  8 30 18  18.5  972 317  3.4 7  9.2  65   10   87 361 -421  2
4184500 2653500  8 30 19  17.9  972 324  2.8 8  9.1  67    0   21 369 -416  2
4184500 2653500  8 30 20  17.1  973 312  2.2 7  9.0  69    0    0 366 -410  2
4184500 2653500  8 30 21  16.7  973 308  2.2 7  9.1  73    0    0 359 -407  2
4184500 2653500  8 30 22  15.9  973 302  2.3 8  9.2  76    0    0 358 -404  2
4184500 2653500  8 30 23  15.3  974 309  2.1 8  9.2  80    0    0 358 -400  2
4184500 2653500  8 30 24  14.7  974 327  1.6 8  9.0  81    0    0 355 -395  2
4184500 2653500  8 31  1  14.2  974 311  1.4 8  8.8  82    0    0 353 -390  2
4184500 2653500  8 31  2  13.5  974 321  1.0 8  8.7  85    0    0 352 -384  2
4184500 2653500  8 31  3  13.4  975 309  1.3 8  8.8  88    0    0 351 -378  2
4184500 2653500  8 31  4  13.0  975 306  1.6 6  8.9  90    0    0 343 -372  2
4184500 2653500  8 31  5  12.6  975 292  1.6 7  8.9  92    0    0 339 -366  2
4184500 2653500  8 31  6  12.5  975 278  1.2 7  8.9  94    0    2 343 -362  2
4184500 2653500  8 31  7  13.0  975 280  1.0 8  9.0  94    0   31 345 -361  2
4184500 2653500  8 31  8  13.7  976 289  1.0 8  9.2  92   10  116 348 -370  2
4184500 2653500  8 31  9  14.7  976 356  1.0 5  9.2  88  107  195 336 -386  2
4184500 2653500  8 31 10  15.2  976   5  1.8 7  9.3  84   57  254 328 -401  2
4184500 2653500  8 31 11  17.2  976  23  2.0 6  9.2  77   58  288 327 -414  2
4184500 2653500  8 31 12  18.7  977  22  2.2 4  8.7  65  239  311 322 -424  2
4184500 2653500  8 31 13  19.6  976  36  2.5 3  8.0  56  328  281 318 -432  2
4184500 2653500  8 31 14  20.2  976  35  3.0 2  7.7  51  485  171 317 -436  2
4184500 2653500  8 31 15  20.9  975  71  1.9 3  7.8  49  456  136 320 -437  2
4184500 2653500  8 31 16  21.2  975  29  2.7 2  7.7  47  297  159 322 -435  2
4184500 2653500  8 31 17  20.6  975  66  3.3 1  7.4  46  204  121 318 -429  2
4184500 2653500  8 31 18  19.7  974  84  3.2 1  7.2  47   76   91 314 -421  2
4184500 2653500  8 31 19  18.1  974  90  2.5 1  7.1  50    1   26 308 -410  2
4184500 2653500  8 31 20  16.4  974 115  1.7 1  7.2  56    0    0 303 -399  2
4184500 2653500  8 31 21  15.2  974 112  1.9 0  7.1  61    0    0 298 -392  2
4184500 2653500  8 31 22  13.7  974 113  1.9 0  7.1  67    0    0 292 -387  2
4184500 2653500  8 31 23  13.9  975 111  2.0 0  7.1  69    0    0 289 -384  2
4184500 2653500  8 31 24  13.6  975 120  2.3 0  6.9  68    0    0 287 -382  2
4184500 2653500  9  1  1  13.1  974 125  2.4 0  6.8  68    0    0 285 -381  2
4184500 2653500  9  1  2  13.0  974 121  2.0 0  6.8  70    0    0 284 -380  2
4184500 2653500  9  1  3  12.0  974 123  2.0 0  6.8  72    0    0 282 -379  2
4184500 2653500  9  1  4  11.5  974 112  1.9 0  6.7  75    0    0 279 -380  2
4184500 2653500  9  1  5  11.5  974 123  1.9 0  6.6  75    0    0 277 -380  2
4184500 2653500  9  1  6  11.4  973 126  1.6 0  6.6  76    3   13 275 -380  2
4184500 2653500  9  1  7  13.1  973 117  1.5 0  6.8  73   72   56 275 -382  2
4184500 2653500  9  1  8  16.0  973 116  2.2 0  7.1  66  212   80 281 -388  2
4184500 2653500  9  1  9  17.7  974 117  3.0 0  7.2  58  366   87 290 -401  2
4184500 2653500  9  1 10  19.3  973 129  2.9 0  7.1  52  505   85 298 -418  2
4184500 2653500  9  1 11  21.0  973 127  3.0 0  7.0  46  610   79 305 -436  2
4184500 2653500  9  1 12  21.5  973 132  2.9 0  6.7  41  635   98 310 -450  2
4184500 2653500  9  1 13  22.7  972 152  2.7 0  6.4  37  638  104 312 -459  2
4184500 2653500  9  1 14  23.4  973 122  3.2 0  6.4  35  622   93 316 -464  2
4184500 2653500  9  1 15  23.7  972 122  2.6 1  6.6  35  534   97 323 -465  2
4184500 2653500  9  1 16  23.4  971 122  2.7 1  6.7  36  368  122 328 -463  2
4184500 2653500  9  1 17  23.1  971 114  3.6 1  6.7  36  218  120 327 -456  2
4184500 2653500  9  1 18  22.4  971 116  3.0 4  6.7  37   69   95 330 -446  2
4184500 2653500  9  1 19  19.5  970 110  2.7 4  7.0  43    0   17 330 -436  2
4184500 2653500  9  1 20  17.3  970 114  2.7 4  7.1  52    0    0 322 -428  2
4184500 2653500  9  1 21  17.2  970 112  1.9 4  6.8  53    0    0 316 -423  2
4184500 2653500  9  1 22  16.7  971 123  2.1 5  6.6  53    0    0 317 -419  2
4184500 2653500  9  1 23  17.2  971 116  2.5 5  6.5  52    0    0 319 -417  2
4184500 2653500  9  1 24  17.4  971 124  1.8 5  6.5  51    0    0 320 -415  2
4184500 2653500  9  2  1  16.8  971 144  1.2 6  6.7  54    0    0 326 -411  2
4184500 2653500  9  2  2  16.3  971 170  2.9 7  6.9  56    0    0 328 -415  2
4184500 2653500  9  2  3  16.1  970 160  2.5 7  7.2  60    0    0 334 -422  2
4184500 2653500  9  2  4  15.3  970 165  1.8 6  7.4  64    0    0 331 -424  2
4184500 2653500  9  2  5  15.5  969 168  0.8 6  7.4  65    0    0 326 -422  2
4184500 2653500  9  2  6  15.9  970 152  0.6 5  7.6  65    7   10 322 -417  2
4184500 2653500  9  2  7  16.9  970 136  2.1 4  7.9  65   73   46 313 -415  2
4184500 2653500  9  2  8  19.3  970 170  2.5 4  8.5  62   73  109 311 -420  2
4184500 2653500  9  2  9  21.0  969 205  2.6 7  9.1  59    8  150 335 -428  2
4184500 2653500  9  2 10  21.0  969 216  5.3 7  9.7  60    3  171 359 -436  2
4184500 2653500  9  2 11  20.3  970 210  5.4 7  9.9  62    0  130 361 -447  2
4184500 2653500  9  2 12  18.8  970 207  5.6 8  9.8  66    0  106 366 -458  2
4184500 2653500  9  2 13  18.0  970 206  2.8 7 10.4  75   18  252 366 -467  2
4184500 2653500  9  2 14  19.0  970 238  3.9 6 11.1  80  163  288 358 -471  2
4184500 2653500  9  2 15  19.9  970 247  4.0 5 11.4  77  169  251 352 -468  2
4184500 2653500  9  2 16  19.8  970 246  3.2 6 11.4  75   57  197 352 -465  2
4184500 2653500  9  2 17  18.7  970 267  3.7 5 11.1  76   57  142 349 -461  2
4184500 2653500  9  2 18  17.3  970 252  1.7 8 11.2  83   12   69 355 -457  2
4184500 2653500  9  2 19  16.7  971 226  1.5 7 11.5  90    0    3 365 -452  2
4184500 2653500  9  2 20  16.5  971 359  1.8 7 11.6  94    0    0 356 -447  2
4184500 2653500  9  2 21  16.3  972 294  3.7 7 11.3  92    0    0 353 -441  2
4184500 2653500  9  2 22  15.7  972 318  1.8 7 11.1  93    0    0 351 -435  2
4184500 2653500  9  2 23  15.3  972 108  1.2 7 10.9  94    0    0 348 -431  2
4184500 2653500  9  2 24  15.1  971 238  1.8 8 10.5  93    0    0 354 -425  2
4184500 2653500  9  3  1  14.8  971 228  0.9 8 10.5  94    0    0 360 -422  2
4184500 2653500  9  3  2  15.1  971 241  1.1 5 10.6  95    0    0 337 -419  2
4184500 2653500  9  3  3  14.7  971 206  1.3 7 10.5  95    0    0 331 -414  2
4184500 2653500  9  3  4  14.4  971 228  0.6 6 10.5  97    0    0 337 -412  2
4184500 2653500  9  3  5  14.1  971 189  1.3 4 10.4  98    0    0 317 -411  2
4184500 2653500  9  3  6  14.0  970 209  1.1 4 10.3  98    0    6 304 -410  2
4184500 2653500  9  3  7  15.0  970 175  0.0 7 10.5  97   28   43 324 -410  2
4184500 2653500  9  3  8  16.2  971 197  1.3 6 10.8  93   95  107 339 -415  2
4184500 2653500  9  3  9  17.6  971 211  1.8 4 11.0  87  272  118 327 -423  2
4184500 2653500  9  3 10  18.7  970 206  1.5 5 10.8  80  231  215 328 -432  2
4184500 2653500  9  3 11  20.4  970 215  2.1 3 10.8  72  417  186 330 -439  2
4184500 2653500  9  3 12  20.6  969 219  4.1 4 10.5  66  239  300 331 -450  2
4184500 2653500  9  3 13  22.4  969 224  2.6 4  9.9  59  120  316 342 -464  2
4184500 2653500  9  3 14  22.5  968 212  4.3 4  9.3  52  206  292 347 -470  2
4184500 2653500  9  3 15  22.8  967 219  3.9 5  9.1  50  145  261 355 -470  2
4184500 2653500  9  3 16  22.5  967 240  4.0 5  9.2  51   99  207 360 -467  2
4184500 2653500  9  3 17  23.1  966 244  2.9 5  9.4  52  134  131 363 -462  2
4184500 2653500  9  3 18  21.3  965 239  2.2 7  9.8  56   43   73 370 -453  2
4184500 2653500  9  3 19  19.8  965 155  2.1 5 10.0  62    0    3 366 -442  2
4184500 2653500  9  3 20  19.1  964 170  2.2 5 10.0  67    0    0 356 -437  2
4184500 2653500  9  3 21  18.4  964 156  1.8 5 10.1  71    0    0 353 -432  2
4184500 2653500  9  3 22  18.2  964 154  0.9 4 10.2  73    0    0 349 -428  2
4184500 2653500  9  3 23  18.0  964 200  2.9 4 10.3  75    0    0 344 -424  2
4184500 2653500  9  3 24  17.6  963 177  1.6 4 10.3  77    0    0 341 -416  2
4184500 2653500  9  4  1  18.0  963 153  1.7 3 10.2  76    0    0 335 -408  2
4184500 2653500  9  4  2  18.1  963 180  2.7 3 10.2  75    0    0 329 -407  2
4184500 2653500  9  4  3  17.9  963 207  4.0 4 10.2  75    0    0 334 -407  2
4184500 2653500  9  4  4  18.0  963 214  4.0 4  9.8  72    0    0 337 -407  2
4184500 2653500  9  4  5  17.6  963 213  4.3 5  9.2  69    0    0 339 -407  2
4184500 2653500  9  4  6  17.3  963 214  3.3 5  8.9  68    3   10 341 -407  2
4184500 2653500  9  4  7  18.2  963 216  3.0 3  9.0  67   42   52 329 -408  2
4184500 2653500  9  4  8  19.4  963 232  3.9 3  9.3  65  153  107 319 -411  2
4184500 2653500  9  4  9  20.7  964 224  5.1 4  9.7  63  294  144 330 -418  2
4184500 2653500  9  4 10  21.6  964 227  5.6 4 10.0  61  346  186 341 -427  2
4184500 2653500  9  4 11  22.5  964 227  6.1 5 10.2  58  220  298 352 -436  2
4184500 2653500  9  4 12  23.5  964 236  5.8 6 10.2  55  214  331 367 -441  2
4184500 2653500  9  4 13  24.0  963 209  4.4 5 10.2  53  222  335 370 -441  2
4184500 2653500  9  4 14  24.1  962 232  4.6 5  9.9  50  133  316 367 -443  2
4184500 2653500  9  4 15  24.3  962 219  4.5 4  9.7  49  250  260 363 -449  2
4184500 2653500  9  4 16  24.3  961 205  5.3 4  9.6  48  216  202 359 -450  2
4184500 2653500  9  4 17  24.1  960 195  4.5 4  9.7  49  150  139 359 -447  2
4184500 2653500  9  4 18  21.8  959 175  1.9 7 10.1  55    9   70 367 -441  2
4184500 2653500  9  4 19  15.7  960  74  4.1 7 10.2  71    0    2 367 -435  2
4184500 2653500  9  4 20  14.6  960 338  3.0 8 10.1  88    0    0 361 -428  2
4184500 2653500  9  4 21  13.3  962 220  1.3 6 10.1  96    0    0 353 -417  2
4184500 2653500  9  4 22  14.4  963 166  0.8 6 10.2  97    0    0 343 -411  2
4184500 2653500  9  4 23  14.2  963 187  0.9 8 10.3  96    0    0 355 -409  2
4184500 2653500  9  4 24  14.3  962 240  2.1 6 10.2  96    0    0 355 -407  2
4184500 2653500  9  5  1  12.2  963 230  2.9 5  9.7  97    0    0 336 -405  2
4184500 2653500  9  5  2  12.1  963 251  2.1 6  9.1  98    0    0 333 -404  2
4184500 2653500  9  5  3  12.0  963 238  1.5 8  8.9  96    0    0 350 -404  2
4184500 2653500  9  5  4  11.7  963 216  2.6 5  8.7  95    0    0 344 -403  2
4184500 2653500  9  5  5  11.3  963 200  1.8 6  8.6  96    0    0 331 -401  2
4184500 2653500  9  5  6  11.1  963 179  1.3 7  8.5  97    1    7 339 -400  2
4184500 2653500  9  5  7  11.8  963 153  1.0 7  8.5  95   69   38 343 -401  2
4184500 2653500  9  5  8  14.0  963 205  1.6 7  8.9  91   58  107 346 -404  2
4184500 2653500  9  5  9  15.0  964 199  1.9 7  9.5  87   41  173 351 -410  2
4184500 2653500  9  5 10  16.2  964 220  1.2 7  9.9  85   16  204 354 -414  2
4184500 2653500  9  5 11  16.7  964 198  2.7 8 10.2  82    0  115 362 -416  2
4184500 2653500  9  5 12  17.1  963 360  2.3 7 10.4  82    2  203 365 -420  2
4184500 2653500  9  5 13  18.7  963 272  4.2 5 10.8  80   89  292 354 -423  2
4184500 2653500  9  5 14  19.3  963 352  4.4 6 10.9  75  180  270 354 -420  2
4184500 2653500  9  5 15  18.4  963  19  5.2 8 10.8  75    0  136 370 -416  2
4184500 2653500  9  5 16  17.8  963 233  4.0 8 10.9  80    0   77 377 -417  2
4184500 2653500  9  5 17  17.2  963 245  2.9 6 10.9  82    0   58 366 -412  2
4184500 2653500  9  5 18  16.9  964 223  3.2 6 10.4  81    1   49 353 -404  2
4184500 2653500  9  5 19  16.2  963 215  3.0 6  9.9  80    0    2 350 -402  2
4184500 2653500  9  5 20  15.5  963 200  2.9 6  9.6  81    0    0 346 -400  2
4184500 2653500  9  5 21  14.5  964 196  2.1 7  9.2  82    0    0 346 -397  2
4184500 2653500  9  5 22  14.0  965 217  1.6 7  9.0  84    0    0 348 -394  2
4184500 2653500  9  5 23  14.0  965 262  0.2 7  9.1  87    0    0 349 -391  2
4184500 2653500  9  5 24  13.5  965 178  0.4 5  9.0  87    0    0 338 -388  2
4184500 2653500  9  6  1  13.1  964 148  0.0 4  8.8  88    0    0 323 -387  2
4184500 2653500  9  6  2  13.4  964 137  0.0 1  8.7  87    0    0 305 -386  2
4184500 2653500  9  6  3  12.5  964  97  0.4 3  8.8  90    0    0 298 -384  2
4184500 2653500  9  6  4  12.6  964 111  0.1 5  8.8  92    0    0 315 -382  2
4184500 2653500  9  6  5  13.1  964  82  0.6 7  8.9  91    0    0 333 -381  2
4184500 2653500  9  6  6  13.8  964 127  1.2 8  9.0  89    0    1 347 -384  2
4184500 2653500  9  6  7  13.7  965 128  1.8 8  9.3  90    0   31 351 -388  2
4184500 2653500  9  6  8  14.5  965 150  1.5 8  9.7  92    0   81 352 -395  2
4184500 2653500  9  6  9  15.9  964 159  1.6 6 10.3  90   35  181 346 -407  2
4184500 2653500  9  6 10  18.2  964 162  3.1 6 10.9  85  137  244 341 -422  2
4184500 2653500  9  6 11  20.5  964 176  2.9 6 11.2  76  137  293 350 -435  2
4184500 2653500  9  6 12  20.3  964 192  3.8 6 11.3  71  208  311 356 -442  2
4184500 2653500  9  6 13  21.9  964 192  4.3 4 11.0  67  280  295 347 -442  2
4184500 2653500  9  6 14  22.9  963 170  3.6 4 10.6  60  319  258 337 -443  2
4184500 2653500  9  6 15  23.1  963 204  3.9 5 10.3  56  322  207 347 -454  2
4184500 2653500  9  6 16  22.7  963 191  2.7 7 10.2  55   57  201 368 -462  2
4184500 2653500  9  6 17  22.5  962 144  2.3 7 10.4  58   41  143 380 -459  2
4184500 2653500  9  6 18  21.5  962 149  1.6 7 10.7  61   31   75 379 -453  2
4184500 2653500  9  6 19  20.9  962 151  1.3 7 10.9  66    0    1 378 -446  2
4184500 2653500  9  6 20  20.7  962 131  0.0 7 11.0  68    0    0 375 -440  2
4184500 2653500  9  6 21  20.1  962 145  1.0 8 10.8  68    0    0 379 -436  2
4184500 2653500  9  6 22  20.5  961 134  1.1 8 10.6  68    0    0 383 -429  2
4184500 2653500  9  6 23  20.1  961 152  2.3 7 10.4  66    0    0 378 -424  2
4184500 2653500  9  6 24  20.7  961 149  2.0 6 10.3  65    0    0 369 -423  2
4184500 2653500  9  7  1  21.1  960 142  2.8 6 10.3  63    0    0 367 -423  2
4184500 2653500  9  7  2  21.2  960 147  2.3 5 10.2  62    0    0 362 -418  2
4184500 2653500  9  7  3  21.5  960 167  2.9 7 10.0  60    0    0 366 -415  2
4184500 2653500  9  7  4  21.4  960 190  2.3 7 10.0  59    0    0 373 -414  2
4184500 2653500  9  7  5  19.3  961 209  1.8 6 10.1  64    0    0 366 -413  2
4184500 2653500  9  7  6  18.4  961 292  1.9 5 10.2  71    0    6 353 -411  2
4184500 2653500  9  7  7  18.5  961 238  1.2 6 10.5  75   19   45 351 -408  2
4184500 2653500  9  7  8  19.8  963 238  0.9 5 11.0  75   93  113 352 -411  2
4184500 2653500  9  7  9  22.0  962 253  1.2 5 11.2  69   91  192 352 -417  2
4184500 2653500  9  7 10  23.2  963 277  0.6 4 10.7  59  300  198 353 -425  2
4184500 2653500  9  7 11  24.2  963 325  0.8 5 10.0  52  174  298 357 -432  2
4184500 2653500  9  7 12  24.4  963 262  0.9 6  9.9  49  119  327 367 -441  2
4184500 2653500  9  7 13  25.3  963 321  1.6 4  9.8  47  216  324 366 -445  2
4184500 2653500  9  7 14  25.1  963 316  2.0 4  9.6  46  118  305 360 -442  2
4184500 2653500  9  7 15  24.1  962 284  2.8 4  9.8  48   30  233 359 -436  2
4184500 2653500  9  7 16  23.4  963 307  1.9 4 10.2  52   41  199 357 -428  2
4184500 2653500  9  7 17  22.0  963 329  1.6 5 10.2  56   39  146 359 -423  2
4184500 2653500  9  7 18  20.4  963 329  2.1 6 10.4  63   10   72 364 -420  2
4184500 2653500  9  7 19  19.6  963 337  1.4 8 10.8  70    0    1 374 -415  2
4184500 2653500  9  7 20  18.4  963  21  1.0 8 11.0  76    0    0 379 -411  2
4184500 2653500  9  7 21  18.1  963 270  1.0 8 11.3  82    0    0 376 -406  2
4184500 2653500  9  7 22  16.7  964 297  2.6 7 11.3  86    0    0 368 -402  2
4184500 2653500  9  7 23  15.8  965 279  2.1 6 11.1  91    0    0 353 -400  2
4184500 2653500  9  7 24  15.5  965 282  3.8 7 11.0  94    0    0 351 -398  2
4184500 2653500  9  8  1  15.0  966 291  1.2 8 10.7  94    0    0 359 -396  2
4184500 2653500  9  8  2  14.7  966 292  1.5 7 10.4  94    0    0 359 -394  2
4184500 2653500  9  8  3  13.9  966 264  2.2 7 10.3  96    0    0 353 -393  2
4184500 2653500  9  8  4  13.6  966 312  1.7 8 10.1  98    0    0 356 -391  2
4184500 2653500  9  8  5  13.8  966 223  2.0 8 10.0  97    0    0 361 -390  2
4184500 2653500  9  8  6  13.7  966 221  2.0 7 10.0  97    0    1 356 -389  2
4184500 2653500  9  8  7  13.9  966 219  1.9 8 10.1  97    0   16 356 -389  2
4184500 2653500  9  8  8  14.0  966 216  1.6 8 10.0  96    0   47 361 -389  2
4184500 2653500  9  8  9  14.6  967 217  2.3 7 10.0  93    0   90 358 -392  2
4184500 2653500  9  8 10  15.3  967 233  2.1 7 10.1  90    0  151 355 -398  2
4184500 2653500  9  8 11  15.7  968 215  3.4 7 10.0  87    0  114 358 -401  2
4184500 2653500  9  8 12  16.4  968 207  1.8 6  9.9  83    0  197 356 -402  2
4184500 2653500  9  8 13  16.9  968 229  2.5 7  9.8  79    1  208 357 -405  2
4184500 2653500  9  8 14  17.0  968 201  2.0 7  9.6  76    0  145 363 -409  2
4184500 2653500  9  8 15  17.5  968 235  1.7 6  9.5  73    6  211 359 -412  2
4184500 2653500  9  8 16  17.3  968 221  2.6 6  9.5  73    8  180 353 -417  2
4184500 2653500  9  8 17  17.2  968 239  3.2 7  9.3  72    5  123 356 -418  2
4184500 2653500  9  8 18  16.3  968 196  2.1 7  9.4  75    3   65 358 -413  2
4184500 2653500  9  8 19  15.4  968 173  1.8 7  9.5  80    0    2 354 -404  2
4184500 2653500  9  8 20  15.1  968 166  2.4 8  9.3  82    0    0 356 -396  2
4184500 2653500  9  8 21  15.0  969 186  2.6 8  9.2  82    0    0 359 -390  2
4184500 2653500  9  8 22  14.8  969 213  3.2 8  9.0  81    0    0 359 -388  2
4184500 2653500  9  8 23  14.8  968 210  3.7 7  8.9  81    0    0 353 -386  2
4184500 2653500  9  8 24  13.9  969 220  3.5 8  8.8  82    0    0 351 -384  2
4184500 2653500  9  9  1  13.7  969 210  2.8 6  8.7  85    0    0 346 -383  2
4184500 2653500  9  9  2  13.1  969 154  2.4 8  8.5  84    0    0 344 -382  2
4184500 2653500  9  9  3  13.5  969 184  3.4 6  8.3  83    0    0 343 -382  2
4184500 2653500  9  9  4  13.0  969 153  2.8 6  8.2  83    0    0 335 -382  2
4184500 2653500  9  9  5  13.3  969 211  4.0 6  8.3  84    0    0 335 -378  2
4184500 2653500  9  9  6  13.5  969 149  3.3 7  8.3  83    0    3 341 -370  2
4184500 2653500  9  9  7  13.3  970 121  3.6 7  8.4  84    7   39 345 -369  2
4184500 2653500  9  9  8  14.2  970 135  4.1 6  8.6  84   43  112 341 -376  2
4184500 2653500  9  9  9  15.3  971 197  3.6 5  8.7  79   97  179 335 -389  2
4184500 2653500  9  9 10  16.2  971 288  5.1 6  8.7  75  166  228 340 -404  2
4184500 2653500  9  9 11  17.3  972 251  5.5 6  8.7  70  128  282 349 -415  2
4184500 2653500  9  9 12  17.9  972 256  5.2 5  8.5  65  215  294 348 -422  2
4184500 2653500  9  9 13  18.9  972 262  5.0 3  8.2  59  415  215 338 -425  2
4184500 2653500  9  9 14  19.0  972 242  5.0 3  7.9  56  328  236 332 -423  2
4184500 2653500  9  9 15  18.5  972 304  4.8 2  7.6  54  318  192 327 -416  2
4184500 2653500  9  9 16  18.6  972 244  4.7 5  7.5  54  106  198 333 -413  2
4184500 2653500  9  9 17  18.3  972 141  3.2 3  7.8  57   91  134 334 -411  2
4184500 2653500  9  9 18  17.3  972 191  3.2 3  8.0  60   54   65 326 -407  2
4184500 2653500  9  9 19  15.2  972 196  2.6 3  8.1  67    0    2 320 -401  2
4184500 2653500  9  9 20  13.5  972 181  2.1 2  8.0  75    0    0 310 -394  2
4184500 2653500  9  9 21  12.5  973 174  2.8 2  7.9  81    0    0 301 -387  2
4184500 2653500  9  9 22  12.4  973 175  2.1 1  7.8  83    0    0 294 -382  2
4184500 2653500  9  9 23  11.9  974 187  2.2 1  7.7  84    0    0 288 -377  2
4184500 2653500  9  9 24  11.6  974 168  1.9 0  7.7  86    0    0 282 -372  2
4184500 2653500  9 10  1  10.8  975 112  2.0 0  7.6  88    0    0 276 -370  2
4184500 2653500  9 10  2  10.6  974 150  2.0 0  7.5  90    0    0 274 -368  2
4184500 2653500  9 10  3  10.8  974 149  1.5 0  7.4  88    0    0 274 -367  2
4184500 2653500  9 10  4  10.3  974 145  1.5 0  7.2  87    0    0 273 -365  2
4184500 2653500  9 10  5   9.9  974 128  1.2 1  7.1  89    0    0 273 -364  2
4184500 2653500  9 10  6  10.9  974 134  1.2 2  7.1  86    3    7 277 -364  2
4184500 2653500  9 10  7  11.6  975 129  0.7 0  7.3  84   60   40 277 -365  2
4184500 2653500  9 10  8  13.7  975 154  1.1 0  7.8  82  199   66 276 -371  2
4184500 2653500  9 10  9  16.9  975 162  1.5 0  8.1  72  350   75 283 -384  2
4184500 2653500  9 10 10  18.7  975 329  1.9 0  8.1  61  420  108 291 -401  2
4184500 2653500  9 10 11  19.9  975 338  2.7 1  7.8  54  502  123 298 -417  2
4184500 2653500  9 10 12  21.0  974  20  2.4 1  7.5  48  627   89 306 -430  2
4184500 2653500  9 10 13  21.5  974 283  2.5 2  7.6  46  641   87 313 -439  2
4184500 2653500  9 10 14  22.4  974 176  1.7 2  7.5  44  571  103 320 -443  2
4184500 2653500  9 10 15  22.7  973 178  2.2 1  7.2  41  476  106 319 -445  2
4184500 2653500  9 10 16  22.7  972 183  2.5 0  7.3  40  342  104 315 -441  2
4184500 2653500  9 10 17  22.4  972 176  2.1 0  7.5  42  195   95 311 -434  2
4184500 2653500  9 10 18  21.1  972 165  1.8 0  7.9  47   45   66 309 -424  2
4184500 2653500  9 10 19  17.8  972 180  2.0 0  8.1  55    0    0 301 -412  2
4184500 2653500  9 10 20  16.8  972 151  1.4 1  7.9  62    0    0 297 -401  2
4184500 2653500  9 10 21  15.4  972 126  1.7 1  7.8  65    0    0 296 -393  2
4184500 2653500  9 10 22  15.0  972 120  1.1 2  7.6  68    0    0 297 -388  2
4184500 2653500  9 10 23  15.4  971 121  1.3 3  7.6  68    0    0 305 -386  2
4184500 2653500  9 10 24  14.2  971 123  1.2 2  7.6  70    0    0 304 -385  2
4184500 2653500  9 11  1  14.0  971 135  0.9 4  7.6  73    0    0 306 -385  2
4184500 2653500  9 11  2  14.2  971 144  1.2 4  7.6  72    0    0 313 -385  2
4184500 2653500  9 11  3  13.2  971 138  1.8 3  7.5  74    0    0 306 -387  2
4184500 2653500  9 11  4  14.2  971 158  1.3 3  7.6  74    0    0 300 -390  2
4184500 2653500  9 11  5  12.7  971 150  1.7 5  7.6  76    0    0 308 -392  2
4184500 2653500  9 11  6  13.9  971 260  1.8 4  7.7  78    2    7 312 -394  2
4184500 2653500  9 11  7  15.8  971 249  0.3 2  8.0  73   55   41 302 -394  2
4184500 2653500  9 11  8  17.5  972   5  1.4 2  8.6  69  180   70 298 -396  2
4184500 2653500  9 11  9  19.9  971 226  1.4 4  8.9  63  319   87 317 -403  2
4184500 2653500  9 11 10  22.2  971 234  3.1 5  9.1  56  497   80 344 -413  2
4184500 2653500  9 11 11  23.3  972 225  4.2 4  9.5  52  613   73 356 -422  2
4184500 2653500  9 11 12  23.1  971 262  3.4 6  9.4  51  269  276 366 -428  2
4184500 2653500  9 11 13  22.3  972 258  3.2 8  9.6  53    0  138 384 -431  2
4184500 2653500  9 11 14  21.9  972 194  2.6 8 10.1  58    0  108 391 -431  2
4184500 2653500  9 11 15  22.8  972 253  3.0 6 10.3  58   13  204 386 -430  2
4184500 2653500  9 11 16  21.4  972 245  3.3 6 10.5  60   13  166 379 -433  2
4184500 2653500  9 11 17  21.1  971 256  3.1 6 10.9  66   10  117 377 -437  2
4184500 2653500  9 11 18  20.5  971 346  2.5 7 11.2  70    0   32 379 -433  2
4184500 2653500  9 11 19  19.3  971 281  2.8 6 11.3  74    0    1 375 -425  2
4184500 2653500  9 11 20  18.4  971 236  2.0 6 11.2  79    0    0 368 -419  2
4184500 2653500  9 11 21  17.7  972 211  2.1 7 11.3  83    0    0 366 -413  2
4184500 2653500  9 11 22  16.9  972  46  2.2 6 11.2  87    0    0 362 -408  2
4184500 2653500  9 11 23  17.3  972 339  2.3 7 11.2  88    0    0 360 -404  2
4184500 2653500  9 11 24  17.2  972 270  2.0 8 11.2  87    0    0 364 -403  2
4184500 2653500  9 12  1  16.9  972 193  1.7 8 11.1  87    0    0 365 -402  2
4184500 2653500  9 12  2  16.7  971 143  1.9 7 10.9  87    0    0 360 -396  2
4184500 2653500  9 12  3  15.8  971 151  1.4 7 10.7  89    0    0 354 -391  2
4184500 2653500  9 12  4  15.2  971 137  1.3 4 10.5  91    0    0 342 -389  2
4184500 2653500  9 12  5  14.8  970 175  1.3 3 10.2  91    0    0 325 -387  2
4184500 2653500  9 12  6  13.5  970  34  1.1 4 10.1  95    1    6 321 -382  2
4184500 2653500  9 12  7  14.5  970 175  1.3 2 10.3  98   57   34 315 -382  2
4184500 2653500  9 12  8  17.0  971 164  0.6 1 10.8  92  208   52 309 -388  2
4184500 2653500  9 12  9  19.0  970 121  0.1 3 11.2  83  357   73 321 -400  2
4184500 2653500  9 12 10  19.4  970  89  1.3 3 11.3  78  472   96 331 -417  2
4184500 2653500  9 12 11  21.1  970  22  1.4 4 11.4  73  393  168 338 -432  2
4184500 2653500  9 12 12  22.1  970  33  1.1 6 11.2  66  209  278 352 -445  2
4184500 2653500  9 12 13  23.2  969  58  1.6 5 11.1  62  129  292 358 -454  2
4184500 2653500  9 12 14  23.5  969  35  2.0 5 10.9  58  130  274 357 -457  2
4184500 2653500  9 12 15  23.7  968  34  1.7 6 10.5  55  144  237 360 -456  2
4184500 2653500  9 12 16  23.5  968  22  2.7 6 10.5  55  142  180 362 -453  2
4184500 2653500  9 12 17  22.6  967  45  2.9 6 10.7  58   45  129 362 -446  2
4184500 2653500  9 12 18  21.4  967  55  2.1 5 10.5  61    8   57 356 -436  2
4184500 2653500  9 12 19  19.6  967  52  2.3 5 10.3  65    0    1 346 -425  2
4184500 2653500  9 12 20  18.7  967  43  2.6 5  9.8  68    0    0 341 -416  2
4184500 2653500  9 12 21  17.6  967  82  3.3 4  9.6  70    0    0 333 -410  2
4184500 2653500  9 12 22  16.8  968 107  2.9 2  9.6  74    0    0 312 -407  2
4184500 2653500  9 12 23  16.7  967 102  2.8 2  9.4  76    0    0 297 -403  2
4184500 2653500  9 12 24  15.7  967  93  2.3 6  9.3  77    0    0 319 -400  2
4184500 2653500  9 13  1  15.4  967  98  2.5 7  9.2  79    0    0 348 -399  2
4184500 2653500  9 13  2  15.1  967  85  2.0 6  9.0  79    0    0 347 -399  2
4184500 2653500  9 13  3  14.7  967  76  1.7 6  8.9  80    0    0 338 -398  2
4184500 2653500  9 13  4  14.0  966  86  1.2 3  8.8  82    0    0 317 -398  2
4184500 2653500  9 13  5  13.3  965  91  1.8 4  8.6  84    0    0 302 -397  2
4184500 2653500  9 13  6  12.9  965  46  2.0 4  8.6  86    0    1 305 -395  2
4184500 2653500  9 13  7  14.0  965  77  1.9 6  8.6  84   33   45 318 -396  2
4184500 2653500  9 13  8  14.7  966  87  2.0 4  8.8  82  122  102 321 -398  2
4184500 2653500  9 13  9  16.2  966  84  2.2 5  9.0  78  120  183 320 -399  2
4184500 2653500  9 13 10  17.3  966  88  2.7 6  9.3  74  136  249 337 -402  2
4184500 2653500  9 13 11  17.2  967  94  1.6 5  9.6  75  193  294 339 -407  2
4184500 2653500  9 13 12  18.8  966 146  4.3 5  9.7  72  263  308 337 -409  2
4184500 2653500  9 13 13  19.5  966  33  2.6 5  9.8  67  237  321 343 -409  2
4184500 2653500  9 13 14  18.9  966  87  3.9 7  9.7  66   51  282 354 -407  2
4184500 2653500  9 13 15  18.5  966  49  4.6 7  9.6  68   33  239 363 -404  2
4184500 2653500  9 13 16  17.7  966  52  4.9 7  9.6  70   13  172 361 -397  2
4184500 2653500  9 13 17  17.1  966  57  4.2 6  9.4  72    6  114 355 -391  2
4184500 2653500  9 13 18  16.3  966  57  4.4 6  9.3  74    0   30 347 -388  2
4184500 2653500  9 13 19  15.0  967  63  4.5 8  9.2  79    0    0 352 -384  2
4184500 2653500  9 13 20  14.6  968  58  4.6 7  9.1  82    0    0 353 -382  2
4184500 2653500  9 13 21  13.8  968  73  5.6 7  8.8  83    0    0 345 -379  2
4184500 2653500  9 13 22  12.8  969  69  3.9 7  8.5  85    0    0 342 -376  2
4184500 2653500  9 13 23  12.5  969  69  4.2 7  8.3  87    0    0 339 -375  2
4184500 2653500  9 13 24  11.5  970  68  4.1 7  8.1  88    0    0 337 -374  2
4184500 2653500  9 14  1  11.1  970  68  4.9 7  7.8  89    0    0 333 -373  2
4184500 2653500  9 14  2  11.0  970  66  4.4 7  7.5  87    0    0 332 -371  2
4184500 2653500  9 14  3  10.4  971  81  4.4 6  7.2  86    0    0 326 -371  2
4184500 2653500  9 14  4   9.8  971  78  4.5 8  6.9  86    0    0 328 -370  2
4184500 2653500  9 14  5   9.6  970  80  3.6 8  6.7  86    0    0 337 -369  2
4184500 2653500  9 14  6   9.5  970  81  4.5 8  6.4  83    0    4 337 -367  2
4184500 2653500  9 14  7   9.4  971  71  4.4 7  6.2  81    5   33 331 -365  2
4184500 2653500  9 14  8  10.3  971  70  4.1 5  6.1  78    5   87 318 -364  2
4184500 2653500  9 14  9  10.3  972  75  5.1 6  6.1  75    6  143 313 -364  2
4184500 2653500  9 14 10  11.7  973  75  5.2 5  6.0  70   83  235 315 -367  2
4184500 2653500  9 14 11  11.8  973  78  5.0 3  5.4  61  442  150 301 -373  2
4184500 2653500  9 14 12  12.5  972  69  5.7 2  4.6  50  580  116 287 -377  2
4184500 2653500  9 14 13  13.7  972  66  4.7 1  4.3  44  614  104 280 -380  2
4184500 2653500  9 14 14  14.2  972  81  5.6 1  4.3  42  553  113 281 -385  2
4184500 2653500  9 14 15  14.2  971  66  4.9 1  4.4  42  444  119 286 -390  2
4184500 2653500  9 14 16  14.3  972  44  5.3 1  4.4  42  297  124 289 -390  2
4184500 2653500  9 14 17  13.3  972  44  5.2 2  4.5  44  155  108 293 -387  2
4184500 2653500  9 14 18  12.5  972  55  5.2 5  4.6  48   31   59 307 -381  2
4184500 2653500  9 14 19  10.9  973  56  5.2 4  4.8  53    0    0 311 -375  2
4184500 2653500  9 14 20   9.7  972  66  4.3 3  4.9  60    0    0 298 -369  2
4184500 2653500  9 14 21   8.7  973  68  3.5 4  4.9  66    0    0 294 -364  2
4184500 2653500  9 14 22   7.9  974  70  3.3 5  5.0  70    0    0 298 -360  2
4184500 2653500  9 14 23   7.2  974  67  3.1 5  4.9  73    0    0 298 -357  2
4184500 2653500  9 14 24   6.5  974  63  2.8 4  4.9  77    0    0 292 -354  2
4184500 2653500  9 15  1   6.0  974  72  2.3 3  4.9  80    0    0 281 -353  2
4184500 2653500  9 15  2   5.3  975  83  2.3 3  4.9  83    0    0 274 -353  2
4184500 2653500  9 15  3   4.8  974  53  2.4 5  4.8  86    0    0 281 -352  2
4184500 2653500  9 15  4   4.9  974  72  1.8 7  4.8  87    0    0 299 -351  2
4184500 2653500  9 15  5   5.0  974  75  1.9 6  4.9  87    0    0 304 -349  2
4184500 2653500  9 15  6   5.7  975  76  2.3 6  4.8  84    0    1 300 -346  2
4184500 2653500  9 15  7   5.7  975  68  3.1 7  4.9  83   27   47 305 -345  2
4184500 2653500  9 15  8   7.0  976  73  3.2 5  5.1  83   46  115 303 -348  2
4184500 2653500  9 15  9   8.0  976  71  3.2 6  5.3  80   33  186 301 -357  2
4184500 2653500  9 15 10   9.1  976  69  3.9 5  5.4  75   69  258 304 -367  2
4184500 2653500  9 15 11  10.0  976  57  4.1 6  5.0  64    1  181 307 -375  2
4184500 2653500  9 15 12   9.6  975  55  4.4 7  4.6  58    0  134 319 -380  2
4184500 2653500  9 15 13   9.4  975  57  3.8 8  4.5  58    0  124 328 -385  2
4184500 2653500  9 15 14   9.8  975  43  3.6 7  4.4  57    0  118 328 -383  2
4184500 2653500  9 15 15   9.4  975  36  4.7 8  4.4  57    0   59 329 -382  2
4184500 2653500  9 15 16   9.5  975  38  4.7 8  4.4  58    0   51 331 -383  2
4184500 2653500  9 15 17   9.2  975  52  4.2 8  4.5  59    0   68 330 -378  2
4184500 2653500  9 15 18   9.0  975  11  2.9 7  4.5  61    0   39 326 -373  2
4184500 2653500  9 15 19   8.6  976  40  3.3 8  4.7  64    0    0 324 -369  2
4184500 2653500  9 15 20   8.3  976  41  2.4 8  4.9  69    0    0 328 -366  2
4184500 2653500  9 15 21   7.8  976  44  2.5 8  5.1  73    0    0 327 -364  2
4184500 2653500  9 15 22   7.5  977  46  2.2 7  5.1  75    0    0 321 -362  2
4184500 2653500  9 15 23   7.0  976  15  2.0 8  5.1  78    0    0 320 -362  2
4184500 2653500  9 15 24   6.8  976  30  1.3 8  5.2  81    0    0 323 -362  2
4184500 2653500  9 16  1   6.6  976  61  1.8 6  5.3  84    0    0 313 -361  2
4184500 2653500  9 16  2   6.4  976  10  2.6 7  5.5  87    0    0 307 -360  2
4184500 2653500  9 16  3   6.6  976 350  2.3 8  5.5  89    0    0 317 -360  2
4184500 2653500  9 16  4   6.7  976 358  3.1 8  5.6  89    0    0 322 -358  2
4184500 2653500  9 16  5   6.7  975  45  4.2 7  5.7  89    0    0 318 -356  2
4184500 2653500  9 16  6   6.7  975  24  3.8 8  5.7  90    0    1 319 -354  2
4184500 2653500  9 16  7   6.6  975  38  4.0 8  5.8  91    0   10 323 -354  2
4184500 2653500  9 16  8   6.7  975  43  3.3 8  5.9  94    0   23 324 -356  2
4184500 2653500  9 16  9   7.0  975  35  3.5 8  6.2  96    0   53 325 -358  2
4184500 2653500  9 16 10   7.3  975  43  4.1 8  6.2  95    0   81 325 -363  2
4184500 2653500  9 16 11   7.5  975  29  3.5 8  6.2  93    0   89 327 -369  2
4184500 2653500  9 16 12   7.8  975  20  3.7 7  6.3  93    0  116 324 -371  2
4184500 2653500  9 16 13   8.1  975  41  4.1 7  6.5  93    0  112 321 -373  2
4184500 2653500  9 16 14   8.7  975  26  4.5 8  6.6  92    0   67 328 -377  2
4184500 2653500  9 16 15   9.1  975  23  5.0 8  6.6  90    0   58 332 -378  2
4184500 2653500  9 16 16   9.4  974  37  3.7 8  6.6  88    0   44 333 -377  2
4184500 2653500  9 16 17   9.7  974  18  3.5 8  6.5  84    0   27 334 -374  2
4184500 2653500  9 16 18   9.5  974  37  3.3 8  6.2  80    0   21 333 -370  2
4184500 2653500  9 16 19   9.2  974  16  3.3 8  6.0  79    0    0 331 -364  2
4184500 2653500  9 16 20   8.6  975  31  2.7 7  6.0  82    0    0 329 -357  2
4184500 2653500  9 16 21   8.2  975  32  2.6 7  5.9  83    0    0 318 -352  2
4184500 2653500  9 16 22   7.9  975  32  2.7 6  5.9  84    0    0 308 -350  2
4184500 2653500  9 16 23   7.9  975  49  2.6 5  5.9  85    0    0 306 -349  2
4184500 2653500  9 16 24   8.1  975  72  2.5 4  6.0  86    0    0 301 -349  2
4184500 2653500  9 17  1   8.3  973 101  2.1 3  6.2  86    0    0 282 -361  2
4184500 2653500  9 17  2   8.4  974 125  1.8 2  6.3  87    0    0 274 -362  2
4184500 2653500  9 17  3   8.4  973 145  1.3 1  6.3  88    0    0 273 -361  2
4184500 2653500  9 17  4   8.0  973 143  1.3 0  6.3  89    0    0 269 -360  2
4184500 2653500  9 17  5   8.1  973 142  1.3 1  6.2  89    0    0 264 -359  2
4184500 2653500  9 17  6   7.2  973 140  1.4 0  6.1  91    0    3 263 -359  2
4184500 2653500  9 17  7   9.1  973 137  1.4 3  6.2  88   33   35 270 -359  2
4184500 2653500  9 17  8  10.9  973 134  1.4 3  6.5  82  144   75 281 -364  2
4184500 2653500  9 17  9  13.6  974 138  1.5 3  6.9  74  269   99 288 -377  2
4184500 2653500  9 17 10  16.0  973 224  1.9 3  6.9  63  383  118 295 -396  2
4184500 2653500  9 17 11  17.6  974 230  2.6 4  6.8  55  469  130 303 -413  2
4184500 2653500  9 17 12  18.9  973 233  3.2 3  6.9  50  517  138 310 -426  2
4184500 2653500  9 17 13  19.3  973 205  3.1 2  6.7  46  502  153 309 -435  2
4184500 2653500  9 17 14  20.1  972 192  2.6 2  6.6  44  444  159 311 -439  2
4184500 2653500  9 17 15  20.5  971 210  2.6 2  6.8  44  379  142 314 -441  2
4184500 2653500  9 17 16  20.2  970 197  3.2 3  6.8  44  267  129 316 -438  2
4184500 2653500  9 17 17  20.0  970 217  2.8 5  6.9  45   91  114 320 -430  2
4184500 2653500  9 17 18  18.1  970 187  2.0 4  6.9  48    4   44 317 -419  2
4184500 2653500  9 17 19  16.2  970 157  1.9 2  6.8  54    0    0 305 -406  2
4184500 2653500  9 17 20  15.4  970 142  1.6 1  6.8  58    0    0 296 -396  2
4184500 2653500  9 17 21  13.9  969 142  2.3 1  6.8  63    0    0 290 -389  2
4184500 2653500  9 17 22  14.3  969 136  2.4 2  6.8  65    0    0 289 -385  2
4184500 2653500  9 17 23  12.7  969 141  2.0 1  6.9  68    0    0 287 -382  2
4184500 2653500  9 17 24  12.7  969 154  1.0 0  6.9  72    0    0 282 -379  2
4184500 2653500  9 18  1  11.9  969 152  1.6 0  6.8  72    0    0 279 -377  2
4184500 2653500  9 18  2  12.3  969 139  1.6 0  6.7  73    0    0 279 -374  2
4184500 2653500  9 18  3  11.6  969 132  1.4 1  6.7  74    0    0 280 -373  2
4184500 2653500  9 18  4  11.4  968 130  1.8 4  6.8  76    0    0 288 -370  2
4184500 2653500  9 18  5  11.4  968 133  2.5 6  6.8  77    0    0 300 -367  2
4184500 2653500  9 18  6  11.2  968 176  1.9 6  6.8  78    0    0 307 -365  2
4184500 2653500  9 18  7  11.6  968 165  1.3 7  7.0  79    3   26 311 -360  2
4184500 2653500  9 18  8  13.8  969 181  1.8 7  7.2  75   13   92 318 -364  2
4184500 2653500  9 18  9  15.8  968 230  2.9 7  7.6  69   66  162 327 -383  2
4184500 2653500  9 18 10  17.0  969 232  3.2 7  8.1  66   68  220 334 -406  2
4184500 2653500  9 18 11  18.1  969 266  2.2 8  8.3  64   94  255 344 -423  2
4184500 2653500  9 18 12  18.9  969 273  2.7 8  8.4  60  113  274 351 -435  2
4184500 2653500  9 18 13  19.6  969 245  1.9 7  8.4  58  130  277 352 -444  2
4184500 2653500  9 18 14  20.0  969 242  1.8 7  8.5  56  190  248 354 -449  2
4184500 2653500  9 18 15  20.2  969 245  2.2 6  8.4  54  189  205 354 -449  2
4184500 2653500  9 18 16  20.5  969 243  2.0 7  8.6  55   51  169 357 -446  2
4184500 2653500  9 18 17  19.5  969 226  1.9 6  8.8  58   30  111 357 -441  2
4184500 2653500  9 18 18  18.2  969 211  1.0 7  8.8  62    7   43 355 -433  2
4184500 2653500  9 18 19  18.0  969 147  0.7 5  8.7  64    0    0 349 -424  2
4184500 2653500  9 18 20  15.7  970 153  1.7 4  8.7  69    0    0 337 -415  2
4184500 2653500  9 18 21  15.5  970 184  2.1 4  8.5  74    0    0 330 -411  2
4184500 2653500  9 18 22  14.8  969 177  2.3 1  8.4  75    0    0 319 -409  2
4184500 2653500  9 18 23  12.7  969 217  2.2 0  8.3  81    0    0 303 -407  2
4184500 2653500  9 18 24  13.5  970 205  3.2 0  8.1  82    0    0 296 -407  2
4184500 2653500  9 19  1  12.3  969 204  1.6 2  8.0  82    0    0 301 -412  2
4184500 2653500  9 19  2  12.8  969 194  2.1 2  7.9  83    0    0 304 -415  2
4184500 2653500  9 19  3  12.4  969 193  2.7 2  7.9  83    0    0 303 -415  2
4184500 2653500  9 19  4  12.2  968 204  2.1 2  7.8  83    0    0 302 -415  2
4184500 2653500  9 19  5  12.6  968 198  2.4 2  7.7  82    0    0 302 -416  2
4184500 2653500  9 19  6  11.9  968 204  2.0 2  7.8  84    0    2 301 -415  2
4184500 2653500  9 19  7  13.4  967 220  1.2 1  8.1  85   36   30 295 -414  2
4184500 2653500  9 19  8  15.7  967 215  2.2 0  8.7  80  156   63 292 -414  2
4184500 2653500  9 19  9  17.7  968 238  4.2 1  9.1  73  292   79 298 -416  2
4184500 2653500  9 19 10  19.6  967 218  4.0 1  9.3  66  426   84 307 -419  2
4184500 2653500  9 19 11  21.4  967 226  4.5 1  9.3  58  518   88 314 -422  2
4184500 2653500  9 19 12  21.9  967 237  4.1 2  8.8  52  478  144 324 -426  2
4184500 2653500  9 19 13  22.3  967 217  3.4 2  8.4  48  448  167 331 -435  2
4184500 2653500  9 19 14  23.1  966 254  5.2 1  8.2  46  416  160 330 -442  2
4184500 2653500  9 19 15  23.4  965 269  3.8 2  8.2  44  161  218 332 -438  2
4184500 2653500  9 19 16  22.8  965 226  4.7 2  8.0  43  151  161 335 -434  2
4184500 2653500  9 19 17  21.4  965 240  0.8 3  8.2  47   86  106 336 -430  2
4184500 2653500  9 19 18  19.8  965 237  2.6 6  8.4  53   12   43 346 -425  2
4184500 2653500  9 19 19  18.3  965 253  2.2 7  8.4  58    0    0 356 -419  2
4184500 2653500  9 19 20  17.6  965 203  0.8 7  8.3  62    0    0 357 -412  2
4184500 2653500  9 19 21  17.3  965 218  1.1 7  8.3  64    0    0 356 -409  2
4184500 2653500  9 19 22  15.5  965 234  1.5 7  8.5  69    0    0 354 -407  2
4184500 2653500  9 19 23  12.8  965 310  3.5 7  8.9  84    0    0 348 -404  2
4184500 2653500  9 19 24  11.7  966 265  1.7 6  8.8  94    0    0 337 -399  2
4184500 2653500  9 20  1  11.0  967 343  4.0 8  8.2  94    0    0 337 -394  2
4184500 2653500  9 20  2  10.9  967 346  3.5 7  7.9  92    0    0 340 -391  2
4184500 2653500  9 20  3  10.2  967 342  2.5 8  7.5  90    0    0 338 -386  2
4184500 2653500  9 20  4   9.6  968 301  2.3 7  7.2  91    0    0 334 -380  2
4184500 2653500  9 20  5   9.5  968 318  2.5 7  7.2  92    0    0 328 -375  2
4184500 2653500  9 20  6   9.3  968 294  2.4 7  7.1  92    0    3 327 -372  2
4184500 2653500  9 20  7   9.6  969 289  2.7 5  7.0  91   28   22 317 -368  2
4184500 2653500  9 20  8   9.8  969 301  4.3 6  7.0  89   26   83 311 -366  2
4184500 2653500  9 20  9  10.0  970 308  4.4 7  6.8  86   53  144 317 -370  2
4184500 2653500  9 20 10  10.8  970 301  4.4 7  6.6  81   70  191 320 -377  2
4184500 2653500  9 20 11  11.4  971 309  5.4 6  6.4  74  173  199 314 -384  2
4184500 2653500  9 20 12  11.6  971 306  3.8 6  5.9  67  317  165 309 -390  2
4184500 2653500  9 20 13  12.0  972 301  4.3 5  5.7  64  148  230 305 -395  2
4184500 2653500  9 20 14  13.4  972 291  3.9 4  5.7  60  138  215 298 -395  2
4184500 2653500  9 20 15  12.8  972 296  3.8 5  5.6  57   42  188 297 -397  2
4184500 2653500  9 20 16  13.3  972 289  3.9 4  5.3  55   78  143 294 -398  2
4184500 2653500  9 20 17  12.6  972 317  3.8 2  5.3  54  159   48 283 -393  2
4184500 2653500  9 20 18  11.2  972 273  2.5 5  5.5  61   20   35 284 -388  2
4184500 2653500  9 20 19   9.9  973 236  2.5 5  5.6  68    0    0 292 -383  2
4184500 2653500  9 20 20   9.7  973 254  2.9 6  5.5  70    0    0 292 -377  2
4184500 2653500  9 20 21   8.7  974 255  2.2 7  5.4  72    0    0 296 -373  2
4184500 2653500  9 20 22   7.8  974 268  2.5 6  5.6  79    0    0 294 -372  2
4184500 2653500  9 20 23   7.3  975 228  2.4 4  5.6  84    0    0 282 -368  2
4184500 2653500  9 20 24   6.6  975 244  2.3 3  5.5  85    0    0 269 -363  2
4184500 2653500  9 21  1   5.7  975 233  2.3 1  5.3  86    0    0 256 -359  2
4184500 2653500  9 21  2   5.1  975 220  2.0 1  5.1  88    0    0 245 -356  2
4184500 2653500  9 21  3   5.0  975 217  1.1 2  5.0  89    0    0 247 -351  2
4184500 2653500  9 21  4   5.1  975 224  1.6 3  5.0  88    0    0 254 -346  2
4184500 2653500  9 21  5   4.5  976 233  1.4 3  4.9  88    0    0 257 -342  2
4184500 2653500  9 21  6   4.2  976 219  1.5 4  4.8  90    0    0 259 -340  2
4184500 2653500  9 21  7   5.4  976 211  2.0 5  4.9  88   13   28 267 -339  2
4184500 2653500  9 21  8   6.9  978 216  1.8 6  5.2  85   76   84 277 -342  2
4184500 2653500  9 21  9   8.2  978 272  2.6 7  5.4  81   61  162 288 -354  2
4184500 2653500  9 21 10   9.2  978 287  3.4 5  5.5  76  119  215 283 -368  2
4184500 2653500  9 21 11  10.7  978 279  4.1 4  5.4  69  157  253 274 -381  2
4184500 2653500  9 21 12  12.0  978 276  4.4 4  5.3  61  284  240 274 -391  2
4184500 2653500  9 21 13  12.5  978 292  4.6 5  4.9  54  234  262 281 -399  2
4184500 2653500  9 21 14  12.9  978 282  3.5 4  4.7  50  294  218 282 -404  2
4184500 2653500  9 21 15  13.1  978 319  3.0 5  4.7  49  275  180 284 -405  2
4184500 2653500  9 21 16  12.8  978 223  3.1 5  4.6  48  173  151 286 -403  2
4184500 2653500  9 21 17  12.1  978 280  1.8 5  4.7  51   50  107 285 -397  2
4184500 2653500  9 21 18  11.5  977 244  1.2 8  4.9  55    8   39 293 -389  2
4184500 2653500  9 21 19  10.1  977 195  1.0 7  5.0  60    0    0 298 -379  2
4184500 2653500  9 21 20   9.3  977 207  1.6 8  5.0  65    0    0 296 -372  2
4184500 2653500  9 21 21   8.0  977 242  1.7 8  5.1  71    0    0 297 -367  2
4184500 2653500  9 21 22   7.8  977 197  1.5 8  5.1  74    0    0 295 -364  2
4184500 2653500  9 21 23   7.2  977 175  1.6 8  5.0  75    0    0 294 -363  2
4184500 2653500  9 21 24   6.9  977 167  1.6 6  4.9  75    0    0 285 -362  2
4184500 2653500  9 22  1   5.5  977 173  2.0 5  4.8  78    0    0 273 -360  2
4184500 2653500  9 22  2   5.6  976 163  2.1 4  4.7  80    0    0 267 -358  2
4184500 2653500  9 22  3   5.8  976 165  2.2 4  4.5  77    0    0 265 -356  2
4184500 2653500  9 22  4   5.9  976 167  2.0 4  4.5  76    0    0 267 -355  2
4184500 2653500  9 22  5   5.8  976 172  1.8 4  4.5  76    0    0 267 -354  2
4184500 2653500  9 22  6   6.2  976 161  1.7 5  4.5  74    0    0 268 -353  2
4184500 2653500  9 22  7   7.0  976 160  1.5 6  4.5  72    1   24 274 -354  2
4184500 2653500  9 22  8   8.1  976 146  0.9 7  4.8  71   14   87 283 -359  2
4184500 2653500  9 22  9  10.6  976 154  1.4 7  5.1  67   51  161 293 -370  2
4184500 2653500  9 22 10  12.7  976 246  1.8 7  5.2  59  115  219 301 -387  2
4184500 2653500  9 22 11  13.6  975 281  3.2 7  5.2  53  177  257 306 -404  2
4184500 2653500  9 22 12  14.7  975 284  4.1 7  4.9  47  239  268 310 -415  2
4184500 2653500  9 22 13  15.3  974 332  4.2 6  4.7  42  292  252 309 -422  2
4184500 2653500  9 22 14  15.4  973 293  4.0 6  4.7  42  128  271 306 -425  2
4184500 2653500  9 22 15  15.3  972  82  2.9 6  5.0  45   76  226 308 -425  2
4184500 2653500  9 22 16  14.8  971  83  3.0 6  5.3  48   69  173 310 -421  2
4184500 2653500  9 22 17  14.1  971 121  2.9 6  5.4  50   36  108 309 -415  2
4184500 2653500  9 22 18  13.3  970 165  2.6 7  5.5  54    2   34 316 -407  2
4184500 2653500  9 22 19  12.4  969 146  2.3 7  5.5  57    0    0 321 -397  2
4184500 2653500  9 22 20  12.3  969 148  2.0 8  5.4  58    0    0 326 -389  2
4184500 2653500  9 22 21  11.9  968 159  3.1 8  5.4  59    0    0 332 -384  2
4184500 2653500  9 22 22  11.8  968 158  1.9 6  5.5  61    0    0 320 -381  2
4184500 2653500  9 22 23  12.1  967 153  1.6 5  5.5  61    0    0 305 -378  2
4184500 2653500  9 22 24  12.5  966 148  2.1 6  5.6  60    0    0 308 -375  2
4184500 2653500  9 23  1  11.7  965 164  1.3 8  5.8  63    0    0 326 -374  2
4184500 2653500  9 23  2  11.1  965 167  2.5 8  6.3  72    0    0 336 -374  2
4184500 2653500  9 23  3   9.9  965 147  2.0 8  6.9  82    0    0 335 -373  2
4184500 2653500  9 23  4   9.6  965 203  0.8 7  7.2  91    0    0 330 -369  2
4184500 2653500  9 23  5   9.6  964 212  1.0 6  7.3  93    0    0 321 -362  2
4184500 2653500  9 23  6   9.7  964 197  1.9 7  7.4  94    0    0 323 -357  2
4184500 2653500  9 23  7  10.3  964 243  3.2 6  7.6  94    0   18 325 -357  2
4184500 2653500  9 23  8  11.1  964 255  3.8 5  7.8  92   44   66 318 -364  2
4184500 2653500  9 23  9  12.1  965 254  4.8 8  8.0  89   11  116 330 -375  2
4184500 2653500  9 23 10  12.8  965 264  6.1 7  8.0  84   25  163 343 -385  2
4184500 2653500  9 23 11  13.4  965 266  6.8 7  7.5  76  112  190 339 -393  2
4184500 2653500  9 23 12  14.1  965 272  6.6 5  6.8  66  211  180 330 -401  2
4184500 2653500  9 23 13  13.5  966 284  5.5 7  6.3  61   87  208 329 -404  2
4184500 2653500  9 23 14  12.2  967 306  6.2 8  6.3  65    0  109 340 -402  2
4184500 2653500  9 23 15  12.5  968 296  7.2 8  6.0  64    0  123 342 -399  2
4184500 2653500  9 23 16  12.9  968 292  5.6 7  5.7  60   21  127 337 -395  2
4184500 2653500  9 23 17  12.8  969 304  5.2 6  5.6  58   66   71 329 -389  2
4184500 2653500  9 23 18  11.0  970 286  3.8 4  5.5  60   15   29 312 -382  2
4184500 2653500  9 23 19   9.7  971 266  3.1 2  5.5  67    0    0 290 -375  2
4184500 2653500  9 23 20   9.0  971 276  3.1 2  5.4  71    0    0 278 -370  2
4184500 2653500  9 23 21   8.2  972 267  3.0 2  5.4  74    0    0 274 -366  2
4184500 2653500  9 23 22   7.1  973 273  2.7 1  5.3  78    0    0 267 -362  2
4184500 2653500  9 23 23   6.4  973 258  2.7 2  5.2  81    0    0 263 -358  2
4184500 2653500  9 23 24   5.4  974 242  2.2 3  5.0  84    0    0 268 -354  2
4184500 2653500  9 24  1   5.0  974 255  2.2 2  5.0  87    0    0 265 -350  2
4184500 2653500  9 24  2   5.4  974 245  1.9 4  5.0  88    0    0 269 -347  2
4184500 2653500  9 24  3   4.7  974 242  2.6 5  5.0  88    0    0 281 -344  2
4184500 2653500  9 24  4   4.5  973 196  2.8 6  4.9  89    0    0 286 -342  2
4184500 2653500  9 24  5   4.7  973 172  2.3 7  4.9  90    0    0 294 -340  2
4184500 2653500  9 24  6   4.8  973 178  2.2 8  4.9  89    0    0 301 -339  2
4184500 2653500  9 24  7   6.1  974 163  1.4 7  5.0  86   17   28 300 -338  2
4184500 2653500  9 24  8   7.5  974 189  0.4 6  5.2  81   49   88 293 -342  2
4184500 2653500  9 24  9   8.4  974 205  0.4 7  5.5  79   62  161 296 -354  2
4184500 2653500  9 24 10  10.0  973 190  0.9 7  5.5  73   25  195 304 -369  2
4184500 2653500  9 24 11  11.2  973 207  1.1 7  5.3  64   79  257 307 -381  2
4184500 2653500  9 24 12  12.7  973 231  1.0 6  5.1  57  218  278 307 -391  2
4184500 2653500  9 24 13  13.5  972 178  1.7 7  5.0  52   85  281 311 -399  2
4184500 2653500  9 24 14  13.7  972 122  2.1 7  5.1  50   81  262 315 -404  2
4184500 2653500  9 24 15  13.8  971 129  3.0 5  5.1  50  215  210 309 -404  2
4184500 2653500  9 24 16  13.6  970 136  3.1 6  5.3  52  155  164 306 -401  2
4184500 2653500  9 24 17  13.2  969  76  2.2 7  5.5  55   42  105 314 -395  2
4184500 2653500  9 24 18  11.9  969  91  1.8 7  5.6  59    6   33 315 -389  2
4184500 2653500  9 24 19  10.9  968 109  2.3 6  5.7  65    0    0 310 -383  2
4184500 2653500  9 24 20  10.6  968 129  2.8 7  5.8  69    0    0 309 -378  2
4184500 2653500  9 24 21   9.9  967 125  2.4 7  5.8  72    0    0 310 -374  2
4184500 2653500  9 24 22  10.1  966 148  2.7 6  5.8  72    0    0 305 -371  2
4184500 2653500  9 24 23  10.7  965 146  3.2 5  5.8  70    0    0 299 -369  2
4184500 2653500  9 24 24  10.7  964 166  2.1 6  5.8  69    0    0 299 -367  2
4184500 2653500  9 25  1  10.5  963 153  2.7 7  5.9  70    0    0 305 -366  2
4184500 2653500  9 25  2  10.4  963 139  4.2 8  6.0  73    0    0 312 -365  2
4184500 2653500  9 25  3  10.1  962 130  3.4 7  6.2  75    0    0 312 -365  2
4184500 2653500  9 25  4   9.8  961 133  3.0 5  6.3  78    0    0 301 -365  2
4184500 2653500  9 25  5   9.7  960 139  2.6 5  6.3  80    0    0 294 -364  2
4184500 2653500  9 25  6  10.4  959 151  2.9 6  6.4  79    0    0 299 -364  2
4184500 2653500  9 25  7  10.6  959 145  3.3 7  6.5  77   26   26 307 -365  2
4184500 2653500  9 25  8  12.8  958 153  3.6 6  6.6  73   80   75 311 -369  2
4184500 2653500  9 25  9  15.1  958 133  2.8 6  7.0  67  172  119 316 -377  2
4184500 2653500  9 25 10  17.3  957 175  1.4 6  7.6  62  166  193 325 -389  2
4184500 2653500  9 25 11  18.0  956 174  1.5 6  8.0  60   95  248 333 -404  2
4184500 2653500  9 25 12  19.0  957 190  1.0 6  8.2  58   87  272 338 -422  2
4184500 2653500  9 25 13  17.9  957 165  2.0 8  8.3  59    2  172 350 -435  2
4184500 2653500  9 25 14  17.0  955 190  2.3 8  8.2  62    0  136 359 -439  2
4184500 2653500  9 25 15  19.0  956 218  2.8 7  8.6  62    0   96 359 -437  2
4184500 2653500  9 25 16  18.5  956 217  3.3 7  8.8  62   10  133 360 -431  2
4184500 2653500  9 25 17  18.7  955 207  1.3 7  8.7  61   14   91 361 -426  2
4184500 2653500  9 25 18  18.1  955 175  1.3 7  8.8  62    0   22 363 -420  2
4184500 2653500  9 25 19  17.2  955 183  1.6 8  8.9  67    0    0 367 -414  2
4184500 2653500  9 25 20  16.5  955 117  2.7 8  9.1  72    0    0 371 -410  2
4184500 2653500  9 25 21  15.0  956 259  7.0 8  8.8  74    0    0 369 -407  2
4184500 2653500  9 25 22  14.4  958 251  6.1 7  8.2  74    0    0 360 -405  2
4184500 2653500  9 25 23  13.4  958 230  6.4 6  7.5  71    0    0 347 -406  2
4184500 2653500  9 25 24  12.6  959 240  5.7 6  7.0  71    0    0 341 -406  2
4184500 2653500  9 26  1  11.7  959 239  4.4 6  6.8  72    0    0 340 -405  2
4184500 2653500  9 26  2  10.8  960 231  3.8 3  6.6  75    0    0 324 -404  2
4184500 2653500  9 26  3  10.4  960 214  3.2 1  6.3  76    0    0 301 -403  2
4184500 2653500  9 26  4  10.6  960 201  2.6 0  6.3  75    0    0 287 -400  2
4184500 2653500  9 26  5  11.2  960 198  4.1 0  6.4  75    0    0 281 -396  2
4184500 2653500  9 26  6  10.7  960 193  4.0 1  6.6  77    0    0 283 -393  2
4184500 2653500  9 26  7  12.3  959 193  3.2 3  6.8  76    7   25 297 -393  2
4184500 2653500  9 26  8  14.1  960 199  2.5 4  7.0  70   83   89 315 -393  2
4184500 2653500  9 26  9  16.0  959 206  5.3 3  7.2  64  194  141 320 -395  2
4184500 2653500  9 26 10  17.5  959 203  5.7 4  7.4  59  171  215 325 -397  2
4184500 2653500  9 26 11  17.5  959 200  5.6 6  7.7  58  114  275 341 -404  2
4184500 2653500  9 26 12  18.6  959 191  5.0 6  7.9  58  234  284 353 -411  2
4184500 2653500  9 26 13  19.6  959 199  5.1 5  7.8  53  255  280 351 -418  2
4184500 2653500  9 26 14  19.9  959 187  5.3 5  7.7  51  117  284 348 -422  2
4184500 2653500  9 26 15  20.8  959 188  5.1 4  7.7  49  168  230 346 -421  2
4184500 2653500  9 26 16  20.9  958 190  4.3 4  7.5  46  159  165 341 -418  2
4184500 2653500  9 26 17  19.5  958 192  3.6 6  7.2  46   50  106 348 -412  2
4184500 2653500  9 26 18  17.2  958 164  2.0 7  7.4  53    5   32 355 -403  2
4184500 2653500  9 26 19  15.3  959 163  2.8 7  8.1  66    0    0 353 -393  2
4184500 2653500  9 26 20  14.5  960 167  1.4 7  8.5  76    0    0 347 -386  2
4184500 2653500  9 26 21  13.2  960 185  1.8 7  8.4  80    0    0 343 -381  2
4184500 2653500  9 26 22  13.3  961 197  1.5 8  8.3  82    0    0 342 -378  2
4184500 2653500  9 26 23  12.8  961 135  1.8 7  8.1  82    0    0 338 -375  2
4184500 2653500  9 26 24  13.3  961 140  1.7 7  7.9  80    0    0 333 -374  2
4184500 2653500  9 27  1  12.5  960 114  1.3 8  7.8  79    0    0 335 -373  2
4184500 2653500  9 27  2  13.4  960 109  1.1 7  7.7  78    0    0 335 -373  2
4184500 2653500  9 27  3  11.7  959 100  1.0 6  7.5  78    0    0 325 -374  2
4184500 2653500  9 27  4  10.8  958  79  0.8 6  7.4  84    0    0 318 -376  2
4184500 2653500  9 27  5  10.6  958 106  0.8 7  7.4  87    0    0 321 -379  2
4184500 2653500  9 27  6  11.6  958 135  0.8 7  7.4  85    0    0 326 -382  2
4184500 2653500  9 27  7  10.9  957 119  1.9 7  7.6  86    0   12 329 -383  2
4184500 2653500  9 27  8  12.1  957 137  0.5 8  7.8  87    0   49 334 -388  2
4184500 2653500  9 27  9  16.2  957 148  0.9 7  8.3  78    8  128 342 -396  2
4184500 2653500  9 27 10  17.8  957 171  0.9 8  8.5  66    2  138 350 -408  2
4184500 2653500  9 27 11  18.3  957 196  2.4 7  8.5  62   77  246 352 -419  2
4184500 2653500  9 27 12  21.7  957 197  2.7 6  8.4  54  331  207 350 -428  2
4184500 2653500  9 27 13  22.4  957 205  3.5 6  8.3  47  175  276 352 -432  2
4184500 2653500  9 27 14  22.6  957 200  4.4 5  8.3  46  215  237 348 -438  2
4184500 2653500  9 27 15  21.8  957 218  2.5 6  8.4  48  115  214 348 -444  2
4184500 2653500  9 27 16  20.6  957 191  2.3 7  8.7  52   21  147 354 -443  2
4184500 2653500  9 27 17  20.6  958 140  1.6 5  9.0  56   27   95 347 -438  2
4184500 2653500  9 27 18  18.6  958 341  0.8 8  9.3  61    0   13 350 -430  2
4184500 2653500  9 27 19  17.8  958 164  0.6 7  9.3  67    0    0 356 -421  2
4184500 2653500  9 27 20  16.5  958   6  0.9 7  9.3  72    0    0 348 -417  2
4184500 2653500  9 27 21  15.5  958  13  1.8 8  9.3  78    0    0 350 -417  2
4184500 2653500  9 27 22  15.7  959 358  1.4 7  9.2  78    0    0 350 -417  2
4184500 2653500  9 27 23  15.1  959  18  0.8 7  8.7  75    0    0 344 -409  2
4184500 2653500  9 27 24  15.2  959 338  0.4 8  8.1  72    0    0 349 -399  2
4184500 2653500  9 28  1  14.3  959 343  1.1 8  8.0  72    0    0 353 -395  2
4184500 2653500  9 28  2  13.7  959  42  1.2 8  8.1  77    0    0 351 -394  2
4184500 2653500  9 28  3  12.9  959 321  2.2 8  8.1  81    0    0 350 -392  2
4184500 2653500  9 28  4  12.2  959 330  3.9 8  8.2  85    0    0 349 -392  2
4184500 2653500  9 28  5  11.8  959 280  5.4 8  8.3  90    0    0 347 -392  2
4184500 2653500  9 28  6  11.6  961 272  6.0 8  8.0  88    0    0 346 -389  2
4184500 2653500  9 28  7   9.8  962 260  4.5 7  7.6  89    0   12 336 -384  2
4184500 2653500  9 28  8  10.1  963 235  3.9 7  7.3  91   11   75 327 -381  2
4184500 2653500  9 28  9  11.0  963 253  4.6 4  7.4  88  193   95 313 -387  2
4184500 2653500  9 28 10  12.3  963 228  6.1 4  7.5  83  179  178 302 -398  2
4184500 2653500  9 28 11  13.6  964 245  5.8 5  7.7  78  142  236 310 -411  2
4184500 2653500  9 28 12  14.3  964 224  6.6 3  7.7  73  221  246 308 -422  2
4184500 2653500  9 28 13  14.4  965 233  7.1 4  7.5  70  176  263 302 -431  2
4184500 2653500  9 28 14  14.8  965 231  6.7 6  7.5  69   83  243 316 -436  2
4184500 2653500  9 28 15  14.6  964 214  6.0 5  7.4  68   60  204 322 -436  2
4184500 2653500  9 28 16  14.5  965 205  5.3 6  7.4  68   11  133 322 -432  2
4184500 2653500  9 28 17  14.3  964 209  4.0 5  7.3  68   60   89 322 -424  2
4184500 2653500  9 28 18  13.5  964 197  2.2 5  7.3  70    0   19 313 -412  2
4184500 2653500  9 28 19  13.0  964 139  3.0 5  7.3  73    0    0 308 -402  2
4184500 2653500  9 28 20  12.3  965 140  3.8 6  7.3  76    0    0 316 -398  2
4184500 2653500  9 28 21  10.8  965 193  4.6 7  7.1  80    0    0 328 -393  2
4184500 2653500  9 28 22  10.6  966 193  5.4 7  7.0  83    0    0 332 -388  2
4184500 2653500  9 28 23  10.4  966 235  5.5 6  6.9  83    0    0 327 -388  2
4184500 2653500  9 28 24  10.7  967 245  4.8 7  7.0  84    0    0 329 -389  2
4184500 2653500  9 29  1  10.9  967 241  4.2 7  7.1  84    0    0 336 -389  2
4184500 2653500  9 29  2  11.0  968 246  4.2 7  7.2  84    0    0 336 -388  2
4184500 2653500  9 29  3  11.0  969 244  3.0 6  7.2  84    0    0 331 -385  2
4184500 2653500  9 29  4  10.8  969 240  2.7 6  7.2  84    0    0 327 -382  2
4184500 2653500  9 29  5  11.0  970 241  3.1 7  7.2  84    0    0 332 -379  2
4184500 2653500  9 29  6  10.7  970 243  2.9 7  7.1  84    0    0 337 -376  2
4184500 2653500  9 29  7  11.0  971 244  2.7 7  7.1  84   10   19 337 -376  2
4184500 2653500  9 29  8  11.8  972 250  2.5 6  7.2  82   33   72 334 -378  2
4184500 2653500  9 29  9  12.1  972 248  3.6 6  7.2  79   10  120 330 -385  2
4184500 2653500  9 29 10  12.7  973 256  4.2 6  7.1  76   13  164 332 -394  2
4184500 2653500  9 29 11  13.0  973 241  3.7 6  7.0  72   77  214 334 -399  2
4184500 2653500  9 29 12  14.5  973 253  3.9 5  6.8  66  257  190 333 -405  2
4184500 2653500  9 29 13  15.1  973 252  3.9 5  6.5  60  205  216 332 -412  2
4184500 2653500  9 29 14  16.0  973 236  4.2 4  6.5  57  174  205 332 -416  2
4184500 2653500  9 29 15  16.1  973 240  4.3 4  6.4  54  186  155 330 -418  2
4184500 2653500  9 29 16  15.7  972 246  4.2 5  6.2  52  120  122 332 -415  2
4184500 2653500  9 29 17  14.9  972 229  3.9 4  6.3  56   33   84 329 -411  2
4184500 2653500  9 29 18  13.1  972 212  3.5 3  6.5  63    0   18 317 -406  2
4184500 2653500  9 29 19  11.0  972 265  2.6 2  6.6  72    0    0 302 -398  2
4184500 2653500  9 29 20   9.9  973  61  2.3 1  6.4  78    0    0 285 -392  2
4184500 2653500  9 29 21   9.2  972 170  2.7 1  6.2  81    0    0 274 -387  2
4184500 2653500  9 29 22   9.6  972 150  2.2 1  6.2  80    0    0 270 -382  2
4184500 2653500  9 29 23   8.9  973 159  2.0 1  6.1  80    0    0 265 -379  2
4184500 2653500  9 29 24  10.0  973 162  2.8 0  6.0  78    0    0 254 -377  2
4184500 2653500  9 30  1   8.1  972 153  2.1 0  5.9  79    0    0 240 -373  2
4184500 2653500  9 30  2   8.3  972 157  2.6 1  5.8  82    0    0 236 -370  2
4184500 2653500  9 30  3   7.8  972 152  2.0 1  5.8  82    0    0 239 -367  2
4184500 2653500  9 30  4   8.7  972 146  2.0 0  5.8  82    0    0 241 -365  2
4184500 2653500  9 30  5   8.2  971 155  2.0 2  5.8  81    0    0 241 -365  2
4184500 2653500  9 30  6   9.1  971 161  2.0 5  5.9  81    0    0 262 -364  2
4184500 2653500  9 30  7   9.0  971 176  2.3 6  6.0  80    6   22 295 -365  2
4184500 2653500  9 30  8  10.8  971 173  2.2 6  6.2  78   53   76 306 -370  2
4184500 2653500  9 30  9  12.6  972 181  1.8 7  6.6  73   69  147 319 -381  2
4184500 2653500  9 30 10  14.4  971 202  3.8 7  6.9  68  163  185 333 -396  2
4184500 2653500  9 30 11  15.6  971 232  3.1 6  6.9  62  209  222 334 -405  2
4184500 2653500  9 30 12  16.5  971 252  3.9 6  7.0  59  164  261 335 -408  2
4184500 2653500  9 30 13  16.9  971 252  3.7 6  7.1  58  101  264 342 -410  2
4184500 2653500  9 30 14  16.6  970 248  4.4 7  7.0  57   41  225 351 -411  2
4184500 2653500  9 30 15  16.4  970 236  3.5 6  7.0  57   31  191 351 -409  2
4184500 2653500  9 30 16  16.1  970 265  3.5 6  7.0  58   17  141 348 -407  2
4184500 2653500  9 30 17  15.4  969 257  2.5 6  6.9  59    3   73 346 -405  2
4184500 2653500  9 30 18  13.8  969 263  2.5 7  6.9  64    0   10 347 -403  2
4184500 2653500  9 30 19  13.7  970 306  3.9 7  6.9  68    0    0 347 -399  2
4184500 2653500  9 30 20  12.9  971 281  2.5 8  6.8  68    0    0 348 -393  2
4184500 2653500  9 30 21  11.9  972 294  2.7 7  6.4  68    0    0 344 -387  2
4184500 2653500  9 30 22  10.9  973 299  2.3 7  6.1  70    0    0 335 -383  2
4184500 2653500  9 30 23   8.9  972 319  1.8 6  6.0  76    0    0 326 -380  2
4184500 2653500  9 30 24   8.3  973 289  2.3 5  5.9  81    0    0 313 -377  2
4184500 2653500 10  1  1   8.5  974 257  2.2 5  5.9  82    0    0 307 -373  2
4184500 2653500 10  1  2   8.3  974 287  2.2 6  5.9  82    0    0 311 -367  2
4184500 2653500 10  1  3   7.8  974 234  2.0 6  5.9  84    0    0 313 -361  2
4184500 2653500 10  1  4   6.3  975 216  1.9 3  5.7  87    0    0 295 -355  2
4184500 2653500 10  1  5   5.8  975 199  1.9 3  5.5  90    0    0 277 -349  2
4184500 2653500 10  1  6   5.7  976 194  1.7 1  5.4  91    0    0 267 -345  2
4184500 2653500 10  1  7   5.2  975 196  1.6 2  5.3  91   14   23 261 -342  2
4184500 2653500 10  1  8   7.7  976 189  1.0 1  5.5  89  105   59 262 -343  2
4184500 2653500 10  1  9   9.6  976 249  2.0 1  6.0  82  232   79 263 -353  2
4184500 2653500 10  1 10  11.2  977 282  1.4 0  6.0  74  352   90 264 -368  2
4184500 2653500 10  1 11  12.1  977 293  1.8 1  5.7  65  435   97 267 -383  2
4184500 2653500 10  1 12  13.1  977 311  2.0 2  5.4  58  442  124 278 -395  2
4184500 2653500 10  1 13  14.2  977 236  2.5 3  5.3  53  412  147 290 -402  2
4184500 2653500 10  1 14  15.0  976 257  2.2 2  5.4  51  367  145 294 -406  2
4184500 2653500 10  1 15  15.3  976 241  1.3 2  5.3  48  302  128 292 -406  2
4184500 2653500 10  1 16  15.7  975 244  0.9 1  5.4  47  186  118 290 -402  2
4184500 2653500 10  1 17  14.4  975  22  1.5 0  5.6  50   58   89 280 -394  2
4184500 2653500 10  1 18  12.4  975 143  1.6 1  5.7  58    0   20 276 -384  2
4184500 2653500 10  1 19  11.6  975  90  1.4 2  5.8  64    0    0 280 -373  2
4184500 2653500 10  1 20  10.3  974 143  1.5 4  5.7  67    0    0 291 -367  2
4184500 2653500 10  1 21   8.4  975 154  1.2 5  5.7  75    0    0 301 -363  2
4184500 2653500 10  1 22   8.6  975 159  2.1 7  5.7  80    0    0 314 -360  2
4184500 2653500 10  1 23   8.3  975 173  1.4 8  5.7  80    0    0 328 -358  2
4184500 2653500 10  1 24   7.6  975 168  1.4 7  5.7  82    0    0 328 -357  2
4184500 2653500 10  2  1   8.1  974 141  1.7 8  5.8  82    0    0 333 -357  2
4184500 2653500 10  2  2   8.2  974 159  1.4 8  5.8  82    0    0 334 -357  2
4184500 2653500 10  2  3   8.5  973 155  1.4 7  5.8  82    0    0 329 -356  2
4184500 2653500 10  2  4   8.8  973 135  1.9 7  5.9  81    0    0 324 -355  2
4184500 2653500 10  2  5   8.1  973 119  1.0 7  5.9  82    0    0 322 -355  2
4184500 2653500 10  2  6   8.0  973 119  1.2 6  5.9  84    0    0 315 -355  2
4184500 2653500 10  2  7   8.4  972 178  0.6 7  5.9  83    6   19 316 -353  2
4184500 2653500 10  2  8   9.0  972 166  0.8 7  6.1  83   40   83 324 -354  2
4184500 2653500 10  2  9  10.2  972 267  1.1 6  6.4  83   64  158 320 -365  2
4184500 2653500 10  2 10  12.2  973 264  1.1 5  6.8  78   96  230 311 -381  2
4184500 2653500 10  2 11  13.5  972 268  2.0 7  7.0  72   39  249 324 -395  2
4184500 2653500 10  2 12  14.6  972 265  1.6 7  7.0  67   44  270 342 -407  2
4184500 2653500 10  2 13  15.4  971 291  1.7 8  7.0  63   36  260 351 -415  2
4184500 2653500 10  2 14  15.4  971 280  2.1 6  6.9  61   66  270 346 -419  2
4184500 2653500 10  2 15  15.4  971 286  2.5 5  7.1  62   87  233 325 -419  2
4184500 2653500 10  2 16  15.0  970 256  2.0 6  7.3  64   31  148 324 -415  2
4184500 2653500 10  2 17  14.5  971  95  1.4 7  7.3  67    9   67 336 -407  2
4184500 2653500 10  2 18  13.6  971  61  1.5 7  7.3  70    0    1 341 -396  2
4184500 2653500 10  2 19  12.9  971 102  1.7 7  7.3  73    0    0 337 -382  2
4184500 2653500 10  2 20  11.7  971 204  2.4 7  7.4  79    0    0 335 -375  2
4184500 2653500 10  2 21  11.5  972 205  2.6 8  7.4  83    0    0 342 -373  2
4184500 2653500 10  2 22  11.4  972 187  2.5 7  7.3  83    0    0 341 -369  2
4184500 2653500 10  2 23  11.4  972 176  2.6 7  7.2  82    0    0 332 -363  2
4184500 2653500 10  2 24  11.2  972 184  2.4 6  7.0  81    0    0 321 -359  2
4184500 2653500 10  3  1  10.6  972 205  2.1 6  7.0  82    0    0 310 -356  2
4184500 2653500 10  3  2  10.3  972 198  1.8 4  7.0  85    0    0 292 -355  2
4184500 2653500 10  3  3  10.9  972 191  1.5 6  7.1  86    0    0 294 -354  2
4184500 2653500 10  3  4  11.0  972 172  1.4 7  7.2  84    0    0 319 -354  2
4184500 2653500 10  3  5  10.9  972 171  1.3 6  7.2  84    0    0 319 -354  2
4184500 2653500 10  3  6   9.7  972 186  1.3 5  7.0  86    0    0 303 -353  2
4184500 2653500 10  3  7  10.0  971 201  1.6 4  6.9  88   11   16 288 -352  2
4184500 2653500 10  3  8  11.5  972 216  2.0 3  7.1  85   99   66 276 -356  2
4184500 2653500 10  3  9  13.1  972 233  3.4 4  7.3  79  204  104 282 -368  2
4184500 2653500 10  3 10  14.6  972 247  3.7 5  7.0  68  314  131 301 -384  2
4184500 2653500 10  3 11  15.3  972 254  4.1 5  6.6  60  386  150 311 -399  2
4184500 2653500 10  3 12  15.8  972 246  4.5 6  6.3  55  245  231 318 -410  2
4184500 2653500 10  3 13  16.7  972 242  3.3 5  6.1  51  281  223 322 -415  2
4184500 2653500 10  3 14  16.8  972 262  3.1 4  5.8  47  243  209 315 -418  2
4184500 2653500 10  3 15  17.5  972 268  3.0 5  5.8  46  276  145 317 -418  2
4184500 2653500 10  3 16  17.3  972 260  3.0 5  6.1  47  150  119 322 -415  2
4184500 2653500 10  3 17  16.3  972 255  2.1 6  6.4  51   22   66 326 -409  2
4184500 2653500 10  3 18  13.8  971 219  2.3 4  6.7  60    0    1 317 -400  2
4184500 2653500 10  3 19  11.7  971 183  2.2 5  6.7  70    0    0 306 -390  2
4184500 2653500 10  3 20  11.5  972 180  1.4 4  6.6  74    0    0 302 -383  2
4184500 2653500 10  3 21  10.8  972 174  1.9 3  6.6  76    0    0 293 -379  2
4184500 2653500 10  3 22   9.8  972 153  1.8 3  6.5  80    0    0 287 -377  2
4184500 2653500 10  3 23   9.3  972 165  2.1 2  6.4  82    0    0 281 -376  2
4184500 2653500 10  3 24   9.0  972 183  1.4 1  6.2  83    0    0 271 -377  2
4184500 2653500 10  4  1   7.8  971 207  2.1 0  6.1  85    0    0 260 -378  2
4184500 2653500 10  4  2   9.5  971 185  1.9 0  6.1  84    0    0 255 -379  2
4184500 2653500 10  4  3   9.5  971 159  2.1 0  6.2  80    0    0 258 -380  2
4184500 2653500 10  4  4   9.8  971 206  2.7 1  6.2  80    0    0 264 -379  2
4184500 2653500 10  4  5  10.1  971 210  2.1 3  6.3  79    0    0 279 -376  2
4184500 2653500 10  4  6  10.5  971 198  2.6 5  6.3  78    0    0 299 -378  2
4184500 2653500 10  4  7  11.2  971 209  2.6 8  6.4  76    9   14 321 -381  2
4184500 2653500 10  4  8  12.3  970 189  2.2 6  6.6  73   60   64 328 -382  2
4184500 2653500 10  4  9  13.6  970 220  2.8 5  6.7  69  188  109 319 -387  2
4184500 2653500 10  4 10  14.6  970 251  3.9 7  7.0  67  170  176 327 -395  2
4184500 2653500 10  4 11  16.0  970 217  4.9 4  7.2  63  361  161 328 -404  2
4184500 2653500 10  4 12  17.2  971 236  5.1 3  6.8  55  443  159 317 -412  2
4184500 2653500 10  4 13  18.0  970 229  5.1 2  6.5  50  300  216 314 -419  2
4184500 2653500 10  4 14  18.2  969 235  6.3 2  6.5  48  215  221 313 -424  2
4184500 2653500 10  4 15  17.4  969 239  5.8 4  6.7  51   11  154 320 -424  2
4184500 2653500 10  4 16  17.2  969 235  6.0 6  6.8  53   17  117 333 -421  2
4184500 2653500 10  4 17  16.3  969 238  5.3 7  6.8  55   14   64 343 -413  2
4184500 2653500 10  4 18  14.9  969 244  4.5 5  6.8  59    0    2 335 -406  2
4184500 2653500 10  4 19  13.5  968 233  3.7 3  6.9  65    0    0 315 -400  2
4184500 2653500 10  4 20  13.0  968 214  4.5 1  6.9  69    0    0 294 -396  2
4184500 2653500 10  4 21  12.9  969 221  4.3 4  6.9  71    0    0 298 -394  2
4184500 2653500 10  4 22  12.9  968 223  3.7 7  6.9  71    0    0 324 -392  2
4184500 2653500 10  4 23  13.4  968 223  3.3 8  6.9  70    0    0 343 -391  2
4184500 2653500 10  4 24  13.6  968 209  3.6 7  6.8  67    0    0 344 -389  2
4184500 2653500 10  5  1  13.5  967 211  3.2 7  6.8  67    0    0 339 -388  2
4184500 2653500 10  5  2  13.9  967 208  4.5 8  6.9  67    0    0 344 -387  2
4184500 2653500 10  5  3  13.6  967 210  4.8 8  6.8  67    0    0 349 -385  2
4184500 2653500 10  5  4  13.8  966 216  4.7 8  6.8  66    0    0 349 -384  2
4184500 2653500 10  5  5  13.3  966 219  5.0 8  6.9  68    0    0 348 -384  2
4184500 2653500 10  5  6  13.4  966 217  5.2 8  7.0  70    0    0 349 -384  2
4184500 2653500 10  5  7  13.3  965 214  6.1 7  7.1  71    0   12 342 -384  2
4184500 2653500 10  5  8  13.6  965 205  5.4 8  7.3  72    9   68 343 -386  2
4184500 2653500 10  5  9  15.0  965 205  5.8 6  7.5  70   41  159 340 -391  2
4184500 2653500 10  5 10  16.1  965 192  6.1 6  7.7  66   59  228 333 -397  2
4184500 2653500 10  5 11  16.9  964 206  8.1 6  7.6  62   34  249 337 -402  2
4184500 2653500 10  5 12  16.1  963 203  7.9 6  7.6  61    0  151 339 -405  2
4184500 2653500 10  5 13  16.5  963 221  5.9 4  7.9  65   34  263 328 -406  2
4184500 2653500 10  5 14  16.2  961 219  7.6 2  8.0  66   23  226 309 -405  2
4184500 2653500 10  5 15  14.1  960 225  7.6 5  8.1  72    0   95 315 -404  2
4184500 2653500 10  5 16  12.6  961 240  7.6 5  8.1  80    1   91 325 -400  2
4184500 2653500 10  5 17  10.9  962 265  5.0 8  7.4  82    0   11 334 -397  2
4184500 2653500 10  5 18  10.3  964 265  7.0 8  6.8  81    0    1 345 -395  2
4184500 2653500 10  5 19   9.4  966 281  6.1 7  6.5  82    0    0 337 -389  2
4184500 2653500 10  5 20   8.0  967 272  4.8 6  6.2  84    0    0 322 -381  2
4184500 2653500 10  5 21   7.5  969 255  4.7 3  5.8  84    0    0 298 -375  2
4184500 2653500 10  5 22   7.0  970 255  5.2 3  5.6  85    0    0 280 -371  2
4184500 2653500 10  5 23   6.7  971 252  4.3 2  5.6  86    0    0 271 -367  2
4184500 2653500 10  5 24   6.4  971 232  3.8 3  5.5  86    0    0 268 -363  2
4184500 2653500 10  6  1   5.9  972 245  4.0 4  5.4  88    0    0 274 -358  2
4184500 2653500 10  6  2   6.7  972 230  3.7 5  5.4  88    0    0 281 -353  2
4184500 2653500 10  6  3   6.6  972 214  2.9 7  5.5  87    0    0 295 -351  2
4184500 2653500 10  6  4   6.8  972 207  3.6 8  5.6  88    0    0 307 -348  2
4184500 2653500 10  6  5   7.0  972 194  4.0 8  5.7  88    0    0 312 -346  2
4184500 2653500 10  6  6   6.8  971 208  4.1 7  5.6  87    0    0 307 -346  2
4184500 2653500 10  6  7   7.4  971 203  4.2 8  5.5  84    1   11 309 -351  2
4184500 2653500 10  6  8   9.1  970 208  3.9 6  5.5  78   79   30 307 -360  2
4184500 2653500 10  6  9  11.1  970 218  4.7 6  5.9  74   44  110 304 -368  2
4184500 2653500 10  6 10  12.0  969 221  6.0 7  6.5  74    0   91 316 -378  2
4184500 2653500 10  6 11  13.0  968 218  6.3 7  6.9  73    0   94 327 -385  2
4184500 2653500 10  6 12  13.6  967 227  6.1 7  7.2  73    0  121 332 -388  2
4184500 2653500 10  6 13  14.2  967 230  7.1 5  7.9  76   57  197 326 -390  2
4184500 2653500 10  6 14  15.2  966 237  6.3 6  8.2  75   26  173 327 -394  2
4184500 2653500 10  6 15  15.9  966 249  8.2 5  8.2  71   21  146 333 -398  2
4184500 2653500 10  6 16  16.6  965 241  7.3 5  8.3  68  166   60 332 -403  2
4184500 2653500 10  6 17  16.3  965 248  6.9 4  8.2  66   80   33 330 -406  2
4184500 2653500 10  6 18  16.4  966 245  5.5 5  8.0  65    0    2 329 -402  2
4184500 2653500 10  6 19  16.4  966 238  5.4 7  7.9  65    0    0 341 -398  2
4184500 2653500 10  6 20  16.3  966 240  6.0 7  8.1  66    0    0 349 -397  2
4184500 2653500 10  6 21  15.9  967 248  7.0 7  8.3  69    0    0 348 -396  2
4184500 2653500 10  6 22  16.1  968 247  6.9 7  8.4  71    0    0 347 -396  2
4184500 2653500 10  6 23  16.2  968 254  6.2 7  8.5  71    0    0 346 -395  2
4184500 2653500 10  6 24  15.8  969 244  5.4 7  8.5  72    0    0 346 -393  2
4184500 2653500 10  7  1  15.6  969 245  4.7 8  8.5  73    0    0 348 -391  2
4184500 2653500 10  7  2  15.1  968 236  4.6 8  8.5  74    0    0 350 -390  2
4184500 2653500 10  7  3  15.0  968 236  4.3 7  8.4  76    0    0 345 -388  2
4184500 2653500 10  7  4  14.1  967 236  5.1 5  8.3  77    0    0 331 -386  2
4184500 2653500 10  7  5  13.5  967 232  4.5 3  8.2  80    0    0 314 -384  2
4184500 2653500 10  7  6  13.4  967 233  4.3 4  8.2  81    0    0 309 -382  2
4184500 2653500 10  7  7  13.6  966 232  4.8 4  8.2  81    6   16 314 -381  2
4184500 2653500 10  7  8  15.7  967 231  4.6 5  8.5  77   44   75 322 -383  2
4184500 2653500 10  7  9  16.5  966 229  6.1 7  8.6  72   21  138 338 -390  2
4184500 2653500 10  7 10  17.2  966 237  6.1 7  8.7  69   27  194 347 -401  2
4184500 2653500 10  7 11  17.7  966 245  6.5 7  8.8  67   64  250 347 -411  2
4184500 2653500 10  7 12  19.4  965 231  6.7 5  8.7  62  163  287 342 -420  2
4184500 2653500 10  7 13  19.6  964 237  6.3 7  8.5  57   79  277 345 -427  2
4184500 2653500 10  7 14  19.6  964 238  6.6 8  8.5  56   19  204 357 -429  2
4184500 2653500 10  7 15  19.3  963 246  7.9 7  8.3  56    6  147 358 -428  2
4184500 2653500 10  7 16  18.5  964 254  9.5 7  7.7  54    0   83 353 -427  2
4184500 2653500 10  7 17  16.0  964 250  8.8 8  7.8  60    0   29 355 -424  2
4184500 2653500 10  7 18  12.5  966 266  5.4 8  8.2  77    0    0 353 -421  2
4184500 2653500 10  7 19   9.6  967 304  3.4 7  7.9  91    0    0 339 -419  2
4184500 2653500 10  7 20   9.3  968 309  2.8 8  7.3  91    0    0 332 -417  2
4184500 2653500 10  7 21   8.5  969 283  1.9 8  7.0  94    0    0 336 -417  2
4184500 2653500 10  7 22   8.2  969 250  1.2 8  6.7  94    0    0 336 -416  2
4184500 2653500 10  7 23   8.2  969 210  1.6 8  6.7  94    0    0 339 -411  2
4184500 2653500 10  7 24   8.3  969 191  2.0 7  6.9  95    0    0 341 -404  2
4184500 2653500 10  8  1   8.3  964 185  3.0 7  7.0  96    0    0 329 -366  2
4184500 2653500 10  8  2   8.3  965 200  3.6 7  7.0  97    0    0 327 -366  2
4184500 2653500 10  8  3   8.3  965 205  4.1 7  7.0  98    0    0 339 -366  2
4184500 2653500 10  8  4   8.0  965 207  3.9 7  6.9  97    0    0 331 -365  2
4184500 2653500 10  8  5   8.0  966 208  4.4 7  6.8  96    0    0 331 -365  2
4184500 2653500 10  8  6   7.5  967 208  4.1 8  6.7  96    0    0 336 -365  2
4184500 2653500 10  8  7   7.5  968 214  5.2 7  6.3  93    7    8 335 -364  2
4184500 2653500 10  8  8   7.8  969 205  3.0 7  6.2  90   23   46 330 -365  2
4184500 2653500 10  8  9   8.5  970 195  3.3 8  6.3  89   15  104 336 -367  2
4184500 2653500 10  8 10   9.8  971 177  3.4 7  6.5  86   81  143 340 -371  2
4184500 2653500 10  8 11  10.9  972 198  2.8 6  6.6  80   51  180 333 -375  2
4184500 2653500 10  8 12  11.0  973 166  0.8 5  6.5  77   25  150 326 -381  2
4184500 2653500 10  8 13  11.8  973 215  0.3 6  6.5  74   18  186 327 -385  2
4184500 2653500 10  8 14  12.0  973  88  0.7 6  6.6  73  132  146 333 -386  2
4184500 2653500 10  8 15  12.9  973  56  1.1 6  6.7  72  207   82 335 -387  2
4184500 2653500 10  8 16  11.2  973   3  1.5 5  6.8  74   77   85 328 -389  2
4184500 2653500 10  8 17  11.3  974   5  2.5 5  6.8  78    7   52 320 -386  2
4184500 2653500 10  8 18  10.7  974  34  2.1 8  6.8  80    0    5 332 -378  2
4184500 2653500 10  8 19  10.2  973  54  2.3 8  6.9  84    0    0 344 -372  2
4184500 2653500 10  8 20  10.4  974  52  1.8 8  6.9  85    0    0 343 -369  2
4184500 2653500 10  8 21  10.0  974  54  2.0 8  6.9  86    0    0 344 -368  2
4184500 2653500 10  8 22   9.7  974  54  2.6 8  6.9  88    0    0 343 -368  2
4184500 2653500 10  8 23   9.4  975  76  2.9 8  7.0  91    0    0 341 -368  2
4184500 2653500 10  8 24   9.1  975  60  3.3 8  7.1  94    0    0 340 -363  2
4184500 2653500 10  9  1   9.0  975  49  2.9 8  7.0  94    0    0 340 -358  2
4184500 2653500 10  9  2   8.9  975  53  2.5 7  7.0  94    0    0 333 -354  2
4184500 2653500 10  9  3   8.8  975   2  2.6 8  7.0  95    0    0 333 -354  2
4184500 2653500 10  9  4   8.6  975  48  2.7 6  7.0  95    0    0 327 -356  2
4184500 2653500 10  9  5   8.5  975  55  2.2 6  7.0  97    0    0 317 -356  2
4184500 2653500 10  9  6   8.4  975  63  2.0 8  7.0  97    0    0 328 -354  2
4184500 2653500 10  9  7   8.3  975  75  1.8 8  6.9  97    0    5 337 -351  2
4184500 2653500 10  9  8   8.4  975  69  1.1 8  6.9  97   24   29 337 -350  2
4184500 2653500 10  9  9   8.3  975  69  2.0 7  6.9  97    9   83 331 -357  2
4184500 2653500 10  9 10   8.3  975  34  1.7 7  6.9  98    0   78 326 -369  2
4184500 2653500 10  9 11   8.3  975  13  1.8 7  6.9  98    0   61 326 -381  2
4184500 2653500 10  9 12   8.5  975  16  1.7 7  6.9  97    0   76 326 -390  2
4184500 2653500 10  9 13   8.8  975  86  1.4 7  7.1  97    0   96 327 -395  2
4184500 2653500 10  9 14   9.3  974 216  0.9 8  7.2  97    0   66 334 -397  2
4184500 2653500 10  9 15   9.4  973 234  0.4 8  7.3  96    0   56 339 -395  2
4184500 2653500 10  9 16   9.5  972 216  0.8 7  7.4  96    0   39 333 -389  2
4184500 2653500 10  9 17   9.4  972 264  1.5 7  7.4  96    0   30 329 -382  2
4184500 2653500 10  9 18   9.3  971 227  1.5 8  7.4  96    0    5 333 -374  2
4184500 2653500 10  9 19   9.2  971 213  1.3 8  7.4  97    0    0 338 -369  2
4184500 2653500 10  9 20   9.3  970 209  1.5 8  7.4  97    0    0 338 -366  2
4184500 2653500 10  9 21   9.5  970 202  0.3 8  7.3  94    0    0 338 -366  2
4184500 2653500 10  9 22   9.5  970 219  2.1 8  7.1  92    0    0 337 -366  2
4184500 2653500 10  9 23   9.4  970 207  2.6 8  7.0  91    0    0 337 -366  2
4184500 2653500 10  9 24   9.2  969 204  3.2 6  6.8  89    0    0 326 -366  2
4184500 2653500 10 10  1   9.3  969 186  3.4 7  6.6  86    0    0 320 -366  2
4184500 2653500 10 10  2   9.3  968 209  3.5 8  6.4  84    0    0 330 -366  2
4184500 2653500 10 10  3   9.2  968 198  4.2 7  6.5  85    0    0 329 -363  2
4184500 2653500 10 10  4   8.8  967 193  3.4 6  6.4  86    0    0 319 -360  2
4184500 2653500 10 10  5   9.4  966 199  2.4 6  6.4  85    0    0 314 -358  2
4184500 2653500 10 10  6   9.7  965 231  5.1 6  6.6  84    0    0 316 -355  2
4184500 2653500 10 10  7  10.1  965 230  5.3 8  6.5  81    0    0 327 -353  2
4184500 2653500 10 10  8   9.9  964 233  5.2 8  6.3  78    0   28 338 -354  2
4184500 2653500 10 10  9   9.9  964 237  4.5 8  6.2  78    0   29 337 -359  2
4184500 2653500 10 10 10   9.9  964 239  3.7 8  6.3  78    0   69 336 -366  2
4184500 2653500 10 10 11  10.1  964 241  5.5 8  6.3  78    0   73 337 -374  2
4184500 2653500 10 10 12  10.6  963 243  6.7 8  6.3  76    0   64 338 -382  2
4184500 2653500 10 10 13  10.0  963 244  5.3 8  6.4  78    0   55 339 -387  2
4184500 2653500 10 10 14   9.8  963 246  5.9 7  6.5  81    0   56 332 -387  2
4184500 2653500 10 10 15  10.0  962 233  5.1 8  6.5  81    0   38 332 -385  2
4184500 2653500 10 10 16   9.3  962 233  6.6 8  6.6  84    0   28 337 -383  2
4184500 2653500 10 10 17   9.6  962 241  5.7 6  6.6  85    0   29 327 -378  2
4184500 2653500 10 10 18   9.7  962 235  5.8 8  6.6  83    0    5 328 -372  2
4184500 2653500 10 10 19   9.6  962 248  6.3 8  6.6  84    0    0 338 -368  2
4184500 2653500 10 10 20   9.6  962 239  6.2 8  6.7  85    0    0 339 -367  2
4184500 2653500 10 10 21   9.4  963 252  6.7 8  6.8  87    0    0 340 -366  2
4184500 2653500 10 10 22   9.6  963 254  5.8 8  6.8  87    0    0 341 -365  2
4184500 2653500 10 10 23   9.4  963 260  6.0 8  6.7  86    0    0 343 -364  2
4184500 2653500 10 10 24   9.1  964 250  5.6 7  6.5  85    0    0 337 -364  2
4184500 2653500 10 11  1   8.9  964 260  5.3 6  6.3  84    0    0 324 -363  2
4184500 2653500 10 11  2   8.8  964 276  5.5 6  6.2  83    0    0 316 -362  2
4184500 2653500 10 11  3   8.9  964 280  5.0 7  6.2  83    0    0 320 -361  2
4184500 2653500 10 11  4   8.7  964 267  5.1 7  6.2  83    0    0 325 -359  2
4184500 2653500 10 11  5   8.6  964 246  4.3 8  6.2  84    0    0 329 -357  2
4184500 2653500 10 11  6   8.7  965 252  4.6 8  6.2  85    0    0 336 -356  2
4184500 2653500 10 11  7   8.8  964 274  4.3 8  6.2  83    0    0 335 -357  2
4184500 2653500 10 11  8   8.8  965 236  3.9 8  6.2  83    0   23 334 -356  2
4184500 2653500 10 11  9   8.8  965 251  3.8 7  6.3  85    0   48 326 -357  2
4184500 2653500 10 11 10   8.9  966 245  4.3 7  6.4  87    0   59 319 -360  2
4184500 2653500 10 11 11   9.5  965 242  4.7 8  6.5  85    0   63 325 -362  2
4184500 2653500 10 11 12   9.0  966 256  4.4 8  6.6  86    0   62 329 -365  2
4184500 2653500 10 11 13   8.5  966 245  5.4 8  6.5  88    0   69 329 -366  2
4184500 2653500 10 11 14   8.4  965 245  2.9 8  6.4  89    0   84 328 -365  2
4184500 2653500 10 11 15   8.9  965 228  3.5 8  6.5  88    0   74 331 -366  2
4184500 2653500 10 11 16   9.2  964 238  4.9 7  6.5  86    0   39 329 -364  2
4184500 2653500 10 11 17   9.5  963 232  5.2 6  6.5  84    0   29 323 -361  2
4184500 2653500 10 11 18   9.6  963 242  3.8 8  6.5  83    0    6 329 -358  2
4184500 2653500 10 11 19   9.5  962 239  4.8 8  6.5  83    0    0 338 -357  2
4184500 2653500 10 11 20   9.7  962 243  4.0 8  6.5  83    0    0 339 -356  2
4184500 2653500 10 11 21   9.8  962 241  6.5 8  6.6  83    0    0 340 -357  2
4184500 2653500 10 11 22   9.9  962 238  5.7 8  6.7  84    0    0 342 -359  2
4184500 2653500 10 11 23   9.8  961 241  4.7 8  6.8  85    0    0 343 -360  2
4184500 2653500 10 11 24   9.8  961 241  4.5 7  6.9  86    0    0 339 -360  2
4184500 2653500 10 12  1   9.8  961 238  5.0 8  6.9  86    0    0 339 -360  2
4184500 2653500 10 12  2   9.9  961 250  4.6 8  6.9  86    0    0 343 -360  2
4184500 2653500 10 12  3   9.7  961 245  3.5 8  7.0  88    0    0 343 -358  2
4184500 2653500 10 12  4   9.5  961 252  3.3 8  7.0  89    0    0 342 -358  2
4184500 2653500 10 12  5   9.1  961 240  4.0 7  7.0  91    0    0 334 -358  2
4184500 2653500 10 12  6   9.1  960 238  2.7 7  6.9  91    0    0 327 -357  2
4184500 2653500 10 12  7   9.1  959 230  2.6 8  7.0  92    0    1 330 -355  2
4184500 2653500 10 12  8   9.1  959 242  3.3 8  6.9  91    1   35 333 -353  2
4184500 2653500 10 12  9   8.8  959 241  3.2 8  6.8  91   15  104 332 -353  2
4184500 2653500 10 12 10   9.7  959 247  1.9 6  6.8  88    2  114 320 -353  2
4184500 2653500 10 12 11   9.4  959 234  2.5 6  6.5  83    0   48 310 -355  2
4184500 2653500 10 12 12   9.4  959 243  2.5 8  6.3  81    0   53 319 -356  2
4184500 2653500 10 12 13   8.9  959 249  2.1 8  6.2  81    0   50 327 -358  2
4184500 2653500 10 12 14   6.0  959 270  3.2 8  5.8  86    0   45 321 -362  2
4184500 2653500 10 12 15   7.0  959 259  2.8 6  5.6  88   29  148 308 -361  2
4184500 2653500 10 12 16   7.8  960 242  4.6 5  5.8  86   57  103 298 -357  2
4184500 2653500 10 12 17   6.4  960 268  4.4 5  5.7  86   19   49 292 -354  2
4184500 2653500 10 12 18   6.0  960 241  4.4 7  5.5  88    0    6 296 -349  2
4184500 2653500 10 12 19   6.4  961 248  4.1 7  5.5  89    0    0 305 -345  2
4184500 2653500 10 12 20   6.3  961 262  6.0 8  5.5  88    0    0 311 -344  2
4184500 2653500 10 12 21   6.2  962 263  6.1 8  5.5  88    0    0 316 -344  2
4184500 2653500 10 12 22   6.0  963 258  4.6 7  5.5  89    0    0 313 -343  2
4184500 2653500 10 12 23   6.0  964 271  7.2 7  5.4  89    0    0 309 -343  2
4184500 2653500 10 12 24   6.0  964 285  5.5 7  5.5  90    0    0 310 -344  2
4184500 2653500 10 13  1   5.9  965 287  6.1 8  5.5  91    0    0 316 -345  2
4184500 2653500 10 13  2   6.1  966 287  4.0 8  5.6  91    0    0 321 -346  2
4184500 2653500 10 13  3   6.1  966 275  3.8 8  5.6  91    0    0 321 -346  2
4184500 2653500 10 13  4   6.0  967 276  4.6 8  5.6  91    0    0 322 -346  2
4184500 2653500 10 13  5   6.1  968 265  4.6 8  5.6  92    0    0 321 -346  2
4184500 2653500 10 13  6   6.3  968 273  4.7 8  5.7  92    0    0 321 -346  2
4184500 2653500 10 13  7   6.3  969 270  5.4 8  5.7  92    0    2 321 -346  2
4184500 2653500 10 13  8   6.6  970 282  5.7 6  5.8  92    0   29 312 -345  2
4184500 2653500 10 13  9   6.7  971 280  4.8 7  5.8  91    2   81 308 -346  2
4184500 2653500 10 13 10   7.7  972 288  4.4 7  5.8  88   20  148 314 -348  2
4184500 2653500 10 13 11   8.0  972 281  5.0 8  5.8  84    0  122 318 -350  2
4184500 2653500 10 13 12   8.1  973 292  5.0 6  5.9  84   65  212 308 -351  2
4184500 2653500 10 13 13   9.8  973 281  5.2 6  6.0  82   12  174 299 -354  2
4184500 2653500 10 13 14  10.0  973 282  5.9 8  6.0  75    9  154 309 -360  2
4184500 2653500 10 13 15   9.9  973 264  4.6 5  5.8  73  109  146 305 -364  2
4184500 2653500 10 13 16  10.0  973 267  5.4 4  5.8  72   62  101 291 -361  2
4184500 2653500 10 13 17   9.5  973 249  2.9 4  5.7  72   19   47 286 -356  2
4184500 2653500 10 13 18   8.3  974 238  2.2 6  5.6  76    0    7 293 -350  2
4184500 2653500 10 13 19   7.0  974 236  1.7 6  5.6  82    0    0 298 -346  2
4184500 2653500 10 13 20   6.5  975 225  2.2 5  5.5  86    0    0 292 -346  2
4184500 2653500 10 13 21   6.4  975 228  2.8 6  5.4  87    0    0 290 -345  2
4184500 2653500 10 13 22   6.7  975 229  2.3 7  5.4  86    0    0 298 -342  2
4184500 2653500 10 13 23   6.7  975 225  2.8 6  5.4  86    0    0 298 -340  2
4184500 2653500 10 13 24   7.0  974 212  2.7 7  5.4  85    0    0 301 -339  2
4184500 2653500 10 14  1   7.0  974 208  2.6 8  5.5  85    0    0 309 -339  2
4184500 2653500 10 14  2   7.5  974 216  2.6 8  5.6  85    0    0 316 -340  2
4184500 2653500 10 14  3   8.0  973 222  3.0 8  5.6  82    0    0 321 -342  2
4184500 2653500 10 14  4   7.6  972 217  2.5 8  5.6  82    0    0 324 -343  2
4184500 2653500 10 14  5   8.1  971 226  2.3 8  5.7  83    0    0 329 -345  2
4184500 2653500 10 14  6   8.3  971 217  2.5 8  5.9  83    0    0 335 -348  2
4184500 2653500 10 14  7   8.2  970 220  2.8 8  6.1  86    0    2 338 -351  2
4184500 2653500 10 14  8   8.4  970 230  3.8 8  6.3  89    4   46 342 -354  2
4184500 2653500 10 14  9   9.0  970 222  4.1 7  6.5  89    1   80 339 -356  2
4184500 2653500 10 14 10   9.8  971 233  5.3 7  6.8  88    5  141 338 -358  2
4184500 2653500 10 14 11  10.2  971 232  5.2 6  7.1  89    2  151 335 -358  2
4184500 2653500 10 14 12  11.2  972 235  6.8 7  7.4  88    0  136 338 -358  2
4184500 2653500 10 14 13  11.1  971 239  4.2 8  7.4  86    0   66 352 -360  2
4184500 2653500 10 14 14  11.5  971 228  4.5 8  7.6  87    0   47 359 -363  2
4184500 2653500 10 14 15  12.2  971 229  5.3 6  7.7  86    2  121 350 -366  2
4184500 2653500 10 14 16  12.4  970 233  5.0 4  7.9  85   35  137 330 -367  2
4184500 2653500 10 14 17  11.8  971 232  3.8 8  8.0  87    1   39 341 -367  2
4184500 2653500 10 14 18  11.6  971 235  3.7 8  8.1  90    0    4 363 -368  2
4184500 2653500 10 14 19  11.9  971 242  3.2 8  8.2  91    0    0 364 -368  2
4184500 2653500 10 14 20  12.1  972 240  4.3 7  8.3  91    0    0 359 -369  2
4184500 2653500 10 14 21  12.3  972 238  5.2 7  8.4  91    0    0 354 -369  2
4184500 2653500 10 14 22  12.5  972 239  3.7 7  8.5  90    0    0 355 -370  2
4184500 2653500 10 14 23  12.7  972 242  3.1 8  8.6  90    0    0 361 -371  2
4184500 2653500 10 14 24  12.6  973 241  4.3 7  8.7  91    0    0 360 -371  2
4184500 2653500 10 15  1  12.7  973 244  3.9 8  8.8  92    0    0 360 -371  2
4184500 2653500 10 15  2  12.9  972 249  3.9 8  8.8  92    0    0 366 -372  2
4184500 2653500 10 15  3  12.6  973 252  3.5 8  8.8  92    0    0 364 -372  2
4184500 2653500 10 15  4  11.5  973 242  2.5 8  8.5  93    0    0 360 -372  2
4184500 2653500 10 15  5  10.6  974 258  1.3 7  8.0  94    0    0 348 -372  2
4184500 2653500 10 15  6  10.1  973 259  1.0 7  7.8  95    0    0 339 -371  2
4184500 2653500 10 15  7   9.9  973 254  0.9 8  7.6  95    0    0 343 -371  2
4184500 2653500 10 15  8   9.8  973 217  1.2 8  7.5  94   14   35 349 -371  2
4184500 2653500 10 15  9  10.0  973 223  1.0 6  7.6  95   52   82 334 -371  2
4184500 2653500 10 15 10  11.1  974 259  1.0 6  7.8  94   50  130 322 -371  2
4184500 2653500 10 15 11  11.9  975 266  2.2 8  8.0  91    0  120 340 -371  2
4184500 2653500 10 15 12  12.1  974 257  1.9 8  8.0  88    0  107 355 -371  2
4184500 2653500 10 15 13  12.5  974 263  3.1 7  7.9  85    0   61 348 -372  2
4184500 2653500 10 15 14  13.3  974  17  2.8 8  7.8  81    0   99 348 -371  2
4184500 2653500 10 15 15  13.6  973 246  3.0 7  7.8  78    8  112 350 -369  2
4184500 2653500 10 15 16  13.6  973 233  2.0 6  7.7  76    1   68 338 -369  2
4184500 2653500 10 15 17  12.9  972 303  2.1 7  7.6  76    0   17 337 -369  2
4184500 2653500 10 15 18  12.0  972 251  1.2 7  7.4  79    0    0 339 -366  2
4184500 2653500 10 15 19  11.8  973 250  1.3 7  7.3  81    0    0 337 -362  2
4184500 2653500 10 15 20  11.2  973 248  1.2 7  7.4  84    0    0 335 -357  2
4184500 2653500 10 15 21  10.3  974 239  1.9 7  7.4  88    0    0 332 -350  2
4184500 2653500 10 15 22  10.4  973 268  2.1 6  7.1  87    0    0 325 -343  2
4184500 2653500 10 15 23   9.8  974 243  2.4 6  6.7  84    0    0 318 -338  2
4184500 2653500 10 15 24   9.3  975 229  2.9 7  6.5  84    0    0 322 -333  2
4184500 2653500 10 16  1   8.2  975 223  2.4 5  6.2  85    0    0 311 -329  2
4184500 2653500 10 16  2   7.1  976 209  2.5 3  5.9  87    0    0 282 -327  2
4184500 2653500 10 16  3   5.9  976 191  1.6 4  5.6  90    0    0 271 -327  2
4184500 2653500 10 16  4   6.2  976 171  0.5 3  5.6  92    0    0 268 -328  2
4184500 2653500 10 16  5   5.4  976 134  1.0 4  5.5  93    0    0 265 -328  2
4184500 2653500 10 16  6   5.6  975 149  1.1 5  5.4  93    0    0 272 -328  2
4184500 2653500 10 16  7   5.0  976 154  1.0 6  5.4  94    0    1 282 -328  2
4184500 2653500 10 16  8   5.6  976 149  1.5 4  5.3  93   46   49 274 -331  2
4184500 2653500 10 16  9   6.8  977 187  1.0 3  5.6  92  145   91 260 -336  2
4184500 2653500 10 16 10   9.0  977 159  1.1 4  6.0  87  216  125 265 -347  2
4184500 2653500 10 16 11  10.6  977 184  1.4 4  6.1  78  291  143 278 -358  2
4184500 2653500 10 16 12  11.8  976 188  2.5 4  6.0  70  338  150 281 -368  2
4184500 2653500 10 16 13  13.0  976 193  2.3 4  5.9  63  328  152 285 -373  2
4184500 2653500 10 16 14  13.7  975 188  2.0 3  6.0  60  275  150 281 -374  2
4184500 2653500 10 16 15  13.9  974 174  1.7 3  6.1  60  198  134 275 -373  2
4184500 2653500 10 16 16  13.8  973 208  1.9 3  6.3  61   81  105 276 -371  2
4184500 2653500 10 16 17  12.4  972 188  3.4 7  6.4  66   24   49 300 -365  2
4184500 2653500 10 16 18  11.0  971 173  2.2 4  6.5  72    0    5 302 -360  2
4184500 2653500 10 16 19  10.0  971 176  2.1 5  6.5  79    0    0 290 -356  2
4184500 2653500 10 16 20  10.2  971 173  3.3 5  6.7  84    0    0 296 -355  2
4184500 2653500 10 16 21  10.1  970 168  2.3 6  7.0  86    0    0 303 -357  2
4184500 2653500 10 16 22  11.4  970 180  1.9 3  7.2  85    0    0 295 -359  2
4184500 2653500 10 16 23  10.7  969 171  1.7 3  7.3  85    0    0 280 -363  2
4184500 2653500 10 16 24  11.0  969 161  2.1 4  7.3  87    0    0 285 -366  2
4184500 2653500 10 17  1  11.4  968 152  3.4 1  7.4  85    0    0 276 -368  2
4184500 2653500 10 17  2  11.6  968 169  3.3 1  7.5  85    0    0 263 -367  2
4184500 2653500 10 17  3  12.0  967 149  3.5 2  7.8  86    0    0 272 -366  2
4184500 2653500 10 17  4  11.9  966 176  3.4 2  8.0  87    0    0 279 -366  2
4184500 2653500 10 17  5  11.9  966 205  3.4 5  8.0  88    0    0 294 -368  2
4184500 2653500 10 17  6  12.0  965 212  4.2 7  8.0  88    0    0 321 -373  2
4184500 2653500 10 17  7  12.1  965 213  3.9 7  8.1  88    0    0 333 -376  2
4184500 2653500 10 17  8  13.0  965 216  4.3 4  8.2  86   37   35 321 -378  2
4184500 2653500 10 17  9  14.0  964 198  4.6 3  8.3  82   94   81 302 -379  2
4184500 2653500 10 17 10  15.2  965 205  5.6 5  8.3  76  103  137 311 -382  2
4184500 2653500 10 17 11  15.8  964 211  5.3 7  8.2  71   51  176 336 -387  2
4184500 2653500 10 17 12  16.6  964 212  7.7 6  8.3  69  207  168 345 -394  2
4184500 2653500 10 17 13  17.3  963 216  7.6 7  8.5  67  158  180 348 -400  2
4184500 2653500 10 17 14  17.8  962 216  7.5 3  8.6  65  216  138 333 -402  2
4184500 2653500 10 17 15  18.2  961 212  6.1 4  8.7  64  173  112 315 -399  2
4184500 2653500 10 17 16  17.6  961 210  3.5 4  8.6  63   58   92 319 -394  2
4184500 2653500 10 17 17  17.3  961 201  4.8 7  8.4  64    2   33 340 -389  2
4184500 2653500 10 17 18  16.6  960 209  4.7 7  8.4  66    0    0 360 -388  2
4184500 2653500 10 17 19  16.2  960 206  3.6 7  8.3  68    0    0 358 -388  2
4184500 2653500 10 17 20  16.2  960 211  5.8 7  8.4  69    0    0 356 -388  2
4184500 2653500 10 17 21  16.0  960 227  6.0 7  8.3  69    0    0 356 -388  2
4184500 2653500 10 17 22  16.5  959 279  8.7 6  8.4  69    0    0 350 -388  2
4184500 2653500 10 17 23  13.8  960 235  7.0 6  8.6  76    0    0 341 -379  2
4184500 2653500 10 17 24  13.1  961 264  6.0 7  8.7  86    0    0 343 -366  2
4184500 2653500 10 18  1  10.8  962 263  4.7 8  7.8  85    0    0 347 -358  2
4184500 2653500 10 18  2  10.1  963 259  5.4 6  6.8  82    0    0 333 -352  2
4184500 2653500 10 18  3   8.9  964 259  6.8 2  6.2  80    0    0 297 -348  2
4184500 2653500 10 18  4   8.3  965 253  6.9 2  5.7  79    0    0 272 -343  2
4184500 2653500 10 18  5   8.1  964 254  6.2 3  5.6  79    0    0 276 -338  2
4184500 2653500 10 18  6   8.2  965 247  6.1 5  5.6  79    0    0 289 -333  2
4184500 2653500 10 18  7   8.4  965 249  6.2 7  5.5  78    0    1 308 -330  2
4184500 2653500 10 18  8   8.7  965 249  7.6 6  5.4  75    1   33 311 -330  2
4184500 2653500 10 18  9   9.5  967 256  7.3 6  5.4  72    2   78 306 -333  2
4184500 2653500 10 18 10   9.7  968 254  7.6 7  5.6  72    1  112 312 -338  2
4184500 2653500 10 18 11   9.5  969 262  7.1 7  5.7  74    0   97 316 -343  2
4184500 2653500 10 18 12   6.9  969 281  4.3 8  5.7  80    0   52 315 -347  2
4184500 2653500 10 18 13   7.9  971 294  3.0 8  5.7  84    0   52 317 -351  2
4184500 2653500 10 18 14   8.2  971 279  3.3 8  5.8  82    0   93 317 -352  2
4184500 2653500 10 18 15   8.6  971 285  3.7 4  5.7  79   20  158 297 -351  2
4184500 2653500 10 18 16   9.0  971 263  4.2 4  5.4  73   21  114 277 -348  2
4184500 2653500 10 18 17   8.1  972 293  2.8 7  5.2  72    3   40 290 -344  2
4184500 2653500 10 18 18   6.6  972 272  1.9 6  4.9  74    0    2 294 -338  2
4184500 2653500 10 18 19   5.8  972 170  0.8 6  4.7  77    0    0 285 -331  2
4184500 2653500 10 18 20   5.5  973 194  1.5 3  4.7  80    0    0 270 -327  2
4184500 2653500 10 18 21   4.8  973 178  1.6 3  4.7  83    0    0 255 -325  2
4184500 2653500 10 18 22   5.3  973 174  0.2 5  4.7  83    0    0 262 -322  2
4184500 2653500 10 18 23   4.6  973 163  0.6 5  4.7  84    0    0 269 -320  2
4184500 2653500 10 18 24   3.9  973 160  0.6 2  4.6  86    0    0 255 -319  2
4184500 2653500 10 19  1   3.5  973 150  1.1 2  4.5  87    0    0 240 -319  2
4184500 2653500 10 19  2   3.5  973 152  1.2 3  4.5  88    0    0 244 -318  2
4184500 2653500 10 19  3   3.3  972 173  1.3 3  4.4  87    0    0 249 -318  2
4184500 2653500 10 19  4   2.7  972 148  1.6 3  4.3  87    0    0 248 -318  2
4184500 2653500 10 19  5   2.7  972 117  1.9 4  4.2  87    0    0 251 -318  2
4184500 2653500 10 19  6   1.7  972 124  1.7 7  4.1  88    0    0 268 -317  2
4184500 2653500 10 19  7   1.7  972 103  1.5 7  4.0  90    0    0 279 -317  2
4184500 2653500 10 19  8   1.9  972 125  1.4 5  4.1  90   15   42 271 -316  2
4184500 2653500 10 19  9   3.2  972 113  1.4 5  4.2  89   66  106 263 -317  2
4184500 2653500 10 19 10   6.1  972 190  1.8 4  4.5  81  138  158 263 -324  2
4184500 2653500 10 19 11   7.6  972 343  1.8 4  4.8  75  143  205 265 -337  2
4184500 2653500 10 19 12   8.8  971 312  1.7 5  5.0  71   77  227 274 -348  2
4184500 2653500 10 19 13   8.7  971 331  2.8 5  5.1  70   29  197 282 -354  2
4184500 2653500 10 19 14   9.1  971 315  2.6 7  5.2  71   17  165 294 -356  2
4184500 2653500 10 19 15   9.3  970 304  2.4 7  5.4  72    1  105 307 -353  2
4184500 2653500 10 19 16   9.3  969 238  2.1 7  5.5  72    1   69 309 -349  2
4184500 2653500 10 19 17   8.8  969 292  2.2 5  5.5  73    0   24 298 -343  2
4184500 2653500 10 19 18   7.4  969 184  2.3 7  5.4  77    0    0 294 -334  2
4184500 2653500 10 19 19   6.4  969 160  2.7 7  5.3  82    0    0 301 -326  2
4184500 2653500 10 19 20   5.7  970 173  1.8 8  5.2  85    0    0 303 -323  2
4184500 2653500 10 19 21   5.7  970 180  2.0 8  5.2  87    0    0 307 -321  2
4184500 2653500 10 19 22   5.9  970 191  2.5 4  5.2  87    0    0 285 -320  2
4184500 2653500 10 19 23   5.3  970 228  3.0 3  5.1  86    0    0 256 -318  2
4184500 2653500 10 19 24   4.3  970 225  3.0 3  4.9  88    0    0 249 -317  2
4184500 2653500 10 20  1   3.7  970 232  2.3 2  4.7  88    0    0 242 -316  2
4184500 2653500 10 20  2   3.3  969 234  2.9 7  4.5  89    0    0 259 -316  2
4184500 2653500 10 20  3   4.6  969 250  2.8 8  4.7  89    0    0 288 -317  2
4184500 2653500 10 20  4   4.7  970 254  2.7 7  4.8  87    0    0 289 -319  2
4184500 2653500 10 20  5   4.7  970 238  2.7 7  4.8  87    0    0 285 -321  2
4184500 2653500 10 20  6   5.0  970 245  3.8 6  4.8  86    0    0 282 -324  2
4184500 2653500 10 20  7   4.6  970 242  3.7 7  4.7  85    0    0 282 -325  2
4184500 2653500 10 20  8   4.6  971 241  3.9 6  4.7  85   29   37 284 -326  2
4184500 2653500 10 20  9   5.6  971 242  5.1 4  4.7  83   83   90 271 -329  2
4184500 2653500 10 20 10   6.7  971 248  5.7 4  4.8  78  128  140 265 -333  2
4184500 2653500 10 20 11   7.8  971 235  5.8 4  4.7  72  157  176 270 -336  2
4184500 2653500 10 20 12   8.1  971 248  6.6 6  4.7  68   37  192 282 -340  2
4184500 2653500 10 20 13   7.6  971 250  6.5 6  4.7  68    2  139 290 -344  2
4184500 2653500 10 20 14   4.0  972 285  5.8 7  4.6  77    0   82 286 -345  2
4184500 2653500 10 20 15   4.2  972 266  5.5 7  4.6  87    0   38 282 -344  2
4184500 2653500 10 20 16   4.3  972 271  4.7 7  4.7  87    0   49 281 -343  2
4184500 2653500 10 20 17   3.9  973 245  3.4 5  4.6  86    0   28 272 -338  2
4184500 2653500 10 20 18   3.4  974 255  3.7 5  4.5  87    0    0 265 -332  2
4184500 2653500 10 20 19   2.7  975 261  3.0 3  4.3  88    0    0 256 -326  2
4184500 2653500 10 20 20   2.2  976 237  2.8 3  4.2  89    0    0 248 -323  2
4184500 2653500 10 20 21   1.8  976 245  2.9 4  4.1  90    0    0 250 -321  2
4184500 2653500 10 20 22   1.8  977 232  2.5 1  4.0  90    0    0 240 -321  2
4184500 2653500 10 20 23   1.4  978 218  2.4 1  4.0  90    0    0 224 -322  2
4184500 2653500 10 20 24   1.3  978 231  2.6 3  3.9  91    0    0 229 -321  2
4184500 2653500 10 21  1   1.3  978 215  1.8 4  3.9  91    0    0 241 -321  2
4184500 2653500 10 21  2   1.3  979 226  2.3 4  3.9  91    0    0 245 -321  2
4184500 2653500 10 21  3   1.9  979 213  2.3 5  4.0  91    0    0 250 -322  2
4184500 2653500 10 21  4   2.3  978 196  1.7 7  4.2  91    0    0 264 -324  2
4184500 2653500 10 21  5   3.1  978 193  1.9 7  4.3  91    0    0 274 -325  2
4184500 2653500 10 21  6   3.7  977 165  2.2 5  4.5  90    0    0 266 -327  2
4184500 2653500 10 21  7   3.9  977 147  2.3 6  4.7  90    0    0 263 -328  2
4184500 2653500 10 21  8   4.6  976 155  1.6 6  4.7  88    0   25 267 -328  2
4184500 2653500 10 21  9   5.9  976 185  3.4 7  4.9  86   58   93 274 -332  2
4184500 2653500 10 21 10   7.0  977 179  2.5 6  5.2  83  130  139 277 -340  2
4184500 2653500 10 21 11   9.3  977 180  3.9 6  5.3  76  228  155 275 -347  2
4184500 2653500 10 21 12  10.4  976 190  4.5 6  5.2  67  146  203 283 -355  2
4184500 2653500 10 21 13  10.4  976 176  4.1 8  5.1  62   59  197 300 -361  2
4184500 2653500 10 21 14  10.6  975 171  2.1 8  5.0  61   20  157 316 -365  2
4184500 2653500 10 21 15  11.4  974 171  4.3 6  5.0  59   60  144 305 -365  2
4184500 2653500 10 21 16  11.4  974 174  4.7 5  4.8  56   27   92 289 -362  2
4184500 2653500 10 21 17  11.3  974 182  5.4 7  4.7  54    0   15 296 -356  2
4184500 2653500 10 21 18  11.2  973 186  4.2 7  4.6  53    0    0 310 -350  2
4184500 2653500 10 21 19  10.5  973 212  4.4 7  4.6  54    0    0 311 -347  2
4184500 2653500 10 21 20  10.9  972 227  4.4 6  4.6  56    0    0 305 -349  2
4184500 2653500 10 21 21  11.1  973 231  6.0 6  4.6  54    0    0 301 -350  2
4184500 2653500 10 21 22  10.7  973 232  7.0 7  4.6  54    0    0 310 -350  2
4184500 2653500 10 21 23  11.6  974 236  6.6 7  4.6  54    0    0 319 -349  2
4184500 2653500 10 21 24  11.0  975 233  6.6 5  4.8  55    0    0 307 -347  2
4184500 2653500 10 22  1  10.6  974 237  5.7 5  5.1  61    0    0 293 -348  2
4184500 2653500 10 22  2   9.5  974 243  2.7 5  5.6  70    0    0 293 -348  2
4184500 2653500 10 22  3   9.4  975 231  4.2 7  5.9  76    0    0 306 -347  2
4184500 2653500 10 22  4   9.6  975 232  4.4 6  5.9  77    0    0 314 -348  2
4184500 2653500 10 22  5   9.6  975 223  4.7 7  5.9  77    0    0 316 -351  2
4184500 2653500 10 22  6   9.5  975 232  5.0 7  5.9  77    0    0 322 -353  2
4184500 2653500 10 22  7   9.6  976 231  4.7 8  6.1  78    0    0 328 -355  2
4184500 2653500 10 22  8   9.9  976 228  4.5 8  6.3  81    8   34 335 -357  2
4184500 2653500 10 22  9  10.5  976 233  4.6 6  6.6  82   23   98 324 -358  2
4184500 2653500 10 22 10  11.3  977 239  5.1 6  6.9  81   36  154 315 -359  2
4184500 2653500 10 22 11  12.2  978 234  5.8 5  7.1  79   86  207 312 -361  2
4184500 2653500 10 22 12  13.7  978 234  5.7 4  7.2  75  169  230 308 -369  2
4184500 2653500 10 22 13  14.4  978 239  6.5 3  7.3  70  150  232 304 -373  2
4184500 2653500 10 22 14  15.3  977 239  6.8 3  7.3  67   92  205 302 -373  2
4184500 2653500 10 22 15  14.0  977 240  6.0 5  7.3  68   24  144 311 -371  2
4184500 2653500 10 22 16  13.6  978 235  4.9 4  7.4  73   19   95 313 -369  2
4184500 2653500 10 22 17  13.2  977 222  3.4 8  7.5  75    0   23 327 -367  2
4184500 2653500 10 22 18  12.6  978 222  3.0 7  7.4  77    0    0 339 -365  2
4184500 2653500 10 22 19  12.3  978 219  4.8 8  7.4  79    0    0 336 -364  2
4184500 2653500 10 22 20  12.5  978 234  5.8 8  7.6  81    0    0 339 -364  2
4184500 2653500 10 22 21  12.8  978 235  5.8 7  7.7  81    0    0 336 -365  2
4184500 2653500 10 22 22  12.7  978 229  5.2 7  7.6  80    0    0 334 -366  2
4184500 2653500 10 22 23  12.9  979 231  4.6 7  7.5  79    0    0 333 -364  2
4184500 2653500 10 22 24  12.5  979 230  5.0 8  7.6  80    0    0 335 -361  2
4184500 2653500 10 23  1  12.2  979 226  5.3 6  7.6  82    0    0 331 -360  2
4184500 2653500 10 23  2  11.8  978 226  3.8 4  7.4  82    0    0 316 -358  2
4184500 2653500 10 23  3  11.5  977 223  3.2 6  7.1  81    0    0 314 -357  2
4184500 2653500 10 23  4  12.0  978 201  3.6 6  7.0  79    0    0 320 -358  2
4184500 2653500 10 23  5  11.8  977 189  2.9 5  7.1  79    0    0 316 -358  2
4184500 2653500 10 23  6  10.8  976 177  2.6 2  7.0  80    0    0 300 -356  2
4184500 2653500 10 23  7  11.0  975 163  2.4 5  6.7  80    0    0 297 -353  2
4184500 2653500 10 23  8  10.7  974 148  3.1 4  6.5  77   27   34 304 -350  2
4184500 2653500 10 23  9  12.2  975 148  3.6 4  6.4  73  100   84 301 -351  2
4184500 2653500 10 23 10  14.4  975 162  3.9 5  6.3  64  205  112 308 -359  2
4184500 2653500 10 23 11  15.6  974 190  4.3 5  6.2  56  268  135 315 -370  2
4184500 2653500 10 23 12  16.6  973 207  5.1 7  6.2  52  163  197 322 -380  2
4184500 2653500 10 23 13  17.3  973 208  5.8 7  6.7  53  126  200 327 -388  2
4184500 2653500 10 23 14  16.2  972 209  6.7 6  7.1  57   79  177 327 -392  2
4184500 2653500 10 23 15  15.7  971 212  7.0 7  7.3  62   25  131 326 -390  2
4184500 2653500 10 23 16  15.3  971 197  6.0 4  7.4  64    9   79 324 -386  2
4184500 2653500 10 23 17  14.9  970 171  5.1 7  7.5  67    3   28 324 -378  2
4184500 2653500 10 23 18  14.8  970 194  5.6 7  7.5  68    0    0 330 -370  2
4184500 2653500 10 23 19  14.6  969 188  5.7 7  7.5  69    0    0 331 -366  2
4184500 2653500 10 23 20  14.6  969 193  5.1 7  7.5  69    0    0 334 -365  2
4184500 2653500 10 23 21  14.6  968 194  4.9 8  7.5  69    0    0 340 -365  2
4184500 2653500 10 23 22  14.7  968 217  3.7 8  7.5  69    0    0 348 -366  2
4184500 2653500 10 23 23  14.0  968 212  3.7 8  7.5  70    0    0 350 -367  2
4184500 2653500 10 23 24  13.8  968 228  3.4 8  7.5  72    0    0 351 -369  2
4184500 2653500 10 24  1  13.0  968 228  3.2 7  7.6  76    0    0 344 -371  2
4184500 2653500 10 24  2  11.7  968 218  2.2 6  7.8  83    0    0 330 -370  2
4184500 2653500 10 24  3  11.2  968 224  2.9 7  7.9  89    0    0 330 -368  2
4184500 2653500 10 24  4  11.0  967 219  3.4 8  7.9  92    0    0 342 -366  2
4184500 2653500 10 24  5  11.1  967 216  2.8 7  7.9  92    0    0 344 -366  2
4184500 2653500 10 24  6  10.9  967 216  2.9 7  7.9  92    0    0 339 -366  2
4184500 2653500 10 24  7  10.8  967 220  3.5 8  7.8  91    0    0 344 -366  2
4184500 2653500 10 24  8  10.8  967 235  3.8 8  7.7  91    0    7 348 -366  2
4184500 2653500 10 24  9  10.9  967 250  3.6 8  7.7  91    4   65 347 -367  2
4184500 2653500 10 24 10  10.9  968 273  5.5 7  7.7  90    1   90 341 -368  2
4184500 2653500 10 24 11  11.2  968 264  3.5 7  7.7  89    1  109 335 -369  2
4184500 2653500 10 24 12  11.5  969 261  5.0 7  7.7  88    5  144 333 -371  2
4184500 2653500 10 24 13  11.7  968 252  4.2 7  7.7  86    0   96 332 -374  2
4184500 2653500 10 24 14  11.7  968 234  4.8 5  7.4  82    3  118 320 -377  2
4184500 2653500 10 24 15  11.9  968 228  3.4 2  7.0  77  103  118 293 -375  2
4184500 2653500 10 24 16  11.9  966 214  3.4 2  6.7  74   90   73 276 -371  2
4184500 2653500 10 24 17  10.8  965 190  3.9 2  6.5  74    6   28 275 -362  2
4184500 2653500 10 24 18   9.4  965 181  2.9 4  6.3  78    0    0 280 -354  2
4184500 2653500 10 24 19   8.7  964 165  3.1 5  6.1  80    0    0 291 -351  2
4184500 2653500 10 24 20   8.5  963 162  3.7 6  5.9  81    0    0 300 -350  2
4184500 2653500 10 24 21   8.4  961 161  4.3 6  5.9  81    0    0 304 -352  2
4184500 2653500 10 24 22   8.8  959 171  2.4 5  5.8  79    0    0 301 -355  2
4184500 2653500 10 24 23   9.2  957 173  4.8 6  5.7  76    0    0 305 -357  2
4184500 2653500 10 24 24   9.6  954 176  5.9 8  5.8  75    0    0 326 -359  2
4184500 2653500 10 25  1   9.2  951 187  7.6 8  6.2  79    0    0 339 -362  2
4184500 2653500 10 25  2   9.4  950 183  6.6 8  6.6  84    0    0 342 -364  2
4184500 2653500 10 25  3  10.3  948 179  7.0 7  6.9  86    0    0 340 -366  2
4184500 2653500 10 25  4  10.1  946 189  5.8 7  7.2  86    0    0 338 -367  2
4184500 2653500 10 25  5  11.8  944 207  8.0 8  7.4  84    0    0 348 -368  2
4184500 2653500 10 25  6  11.5  943 230  7.0 8  7.4  81    0    0 356 -369  2
4184500 2653500 10 25  7  11.0  944 243  7.0 4  7.2  80    0    0 334 -369  2
4184500 2653500 10 25  8  10.8  944 236  4.5 6  7.0  80   14   29 322 -368  2
4184500 2653500 10 25  9  10.9  944 240  6.9 6  6.8  78   32   80 332 -366  2
4184500 2653500 10 25 10  11.4  945 239  9.1 6  6.6  74   11  113 332 -365  2
4184500 2653500 10 25 11  11.5  946 241  9.9 8  6.5  72    0   70 341 -364  2
4184500 2653500 10 25 12  11.4  947 242  8.9 8  6.4  71    0   82 350 -363  2
4184500 2653500 10 25 13  10.9  947 251 10.1 6  6.3  71   18  152 338 -362  2
4184500 2653500 10 25 14  11.1  948 253  9.3 5  6.1  69   77  151 320 -361  2
4184500 2653500 10 25 15  11.4  949 256  8.2 6  5.9  67   47  119 318 -360  2
4184500 2653500 10 25 16  10.8  950 250  8.0 5  5.8  66   16   72 314 -356  2
4184500 2653500 10 25 17   9.3  950 250  6.1 5  5.6  68    2   24 305 -351  2
4184500 2653500 10 25 18   9.0  952 251  5.8 4  5.3  69    0    0 296 -348  2
4184500 2653500 10 25 19   8.2  953 243  4.5 3  5.2  70    0    0 284 -346  2
4184500 2653500 10 25 20   7.6  954 242  3.6 2  5.2  73    0    0 271 -344  2
4184500 2653500 10 25 21   7.4  954 233  3.8 3  5.2  75    0    0 268 -342  2
4184500 2653500 10 25 22   7.7  954 235  4.3 4  5.2  76    0    0 277 -340  2
4184500 2653500 10 25 23   8.1  954 237  5.5 5  5.2  74    0    0 287 -339  2
4184500 2653500 10 25 24   8.0  955 238  4.2 5  5.3  75    0    0 291 -338  2
4184500 2653500 10 26  1   7.0  955 243  4.4 7  5.5  80    0    0 298 -336  2
4184500 2653500 10 26  2   6.0  955 262  5.1 7  5.4  85    0    0 305 -334  2
4184500 2653500 10 26  3   5.1  955 258  4.9 7  5.2  87    0    0 301 -334  2
4184500 2653500 10 26  4   5.5  956 249  4.5 4  5.1  87    0    0 285 -333  2
4184500 2653500 10 26  5   5.2  957 250  6.2 4  5.0  85    0    0 270 -332  2
4184500 2653500 10 26  6   5.0  957 227  4.0 5  4.8  83    0    0 273 -331  2
4184500 2653500 10 26  7   5.0  958 244  5.0 5  4.8  84    0    0 278 -330  2
4184500 2653500 10 26  8   5.2  959 251  5.3 6  4.8  84   23   26 281 -329  2
4184500 2653500 10 26  9   5.0  960 254  5.9 6  4.8  82    1   56 285 -332  2
4184500 2653500 10 26 10   4.6  961 260  4.5 6  4.6  82   64  124 284 -336  2
4184500 2653500 10 26 11   6.5  961 264  5.7 6  4.7  79   31  151 284 -340  2
4184500 2653500 10 26 12   7.2  962 266  6.3 4  4.6  71   92  172 279 -344  2
4184500 2653500 10 26 13   7.6  962 259  5.4 4  4.5  66   70  168 274 -346  2
4184500 2653500 10 26 14   8.0  962 255  5.8 6  4.4  64   71  149 282 -346  2
4184500 2653500 10 26 15   8.2  963 241  6.2 6  4.4  63   97  112 290 -343  2
4184500 2653500 10 26 16   7.6  963 239  4.9 6  4.4  64   30   74 289 -342  2
4184500 2653500 10 26 17   7.0  962 230  3.9 8  4.4  66    1   20 295 -339  2
4184500 2653500 10 26 18   6.5  962 238  3.7 7  4.4  69    0    0 297 -337  2
4184500 2653500 10 26 19   5.9  962 221  2.3 6  4.4  71    0    0 286 -335  2
4184500 2653500 10 26 20   5.8  962 229  4.1 7  4.5  74    0    0 276 -334  2
4184500 2653500 10 26 21   5.4  962 232  4.4 7  4.6  78    0    0 285 -334  2
4184500 2653500 10 26 22   5.1  962 237  4.7 7  4.7  81    0    0 298 -335  2
4184500 2653500 10 26 23   5.4  963 242  4.7 7  4.9  82    0    0 299 -336  2
4184500 2653500 10 26 24   5.8  963 244  4.5 7  5.0  83    0    0 290 -335  2
4184500 2653500 10 27  1   6.5  973 244  4.3 7  5.2  82    0    0 301 -343  2
4184500 2653500 10 27  2   7.1  973 240  4.1 6  5.4  82    0    0 304 -338  2
4184500 2653500 10 27  3   7.6  973 232  3.9 6  5.6  82    0    0 299 -335  2
4184500 2653500 10 27  4   7.7  972 226  3.8 6  5.6  82    0    0 288 -333  2
4184500 2653500 10 27  5   8.0  971 222  4.1 7  5.7  82    0    0 295 -331  2
4184500 2653500 10 27  6   8.2  970 218  4.0 7  5.8  83    0    0 306 -331  2
4184500 2653500 10 27  7   8.7  969 210  4.4 8  6.0  83    0    0 313 -334  2
4184500 2653500 10 27  8   8.4  968 183  3.3 8  6.1  84    0   13 320 -340  2
4184500 2653500 10 27  9   8.7  966 183  3.5 8  6.1  84    0   37 321 -346  2
4184500 2653500 10 27 10   8.9  965 198  5.6 8  6.2  84    0   48 325 -350  2
4184500 2653500 10 27 11   9.1  963 210  9.4 8  6.4  86    0   60 329 -354  2
4184500 2653500 10 27 12   9.7  962 219  7.0 8  6.7  87    0   60 336 -358  2
4184500 2653500 10 27 13  11.1  961 216  7.4 8  7.1  86    0   63 342 -361  2
4184500 2653500 10 27 14  12.5  959 221  7.4 8  7.6  83    0   75 350 -363  2
4184500 2653500 10 27 15  13.1  957 229  8.9 7  8.0  82    0   80 351 -364  2
4184500 2653500 10 27 16  13.5  954 244 10.8 7  8.0  80    0   48 350 -366  2
4184500 2653500 10 27 17  12.2  954 252 10.2 5  7.3  74    0    5 339 -366  2
4184500 2653500 10 27 18  12.1  955 250 13.4 4  6.0  64    0    0 319 -363  2
4184500 2653500 10 27 19  11.9  956 252 13.1 3  4.9  53    0    0 307 -358  2
4184500 2653500 10 27 20  10.9  957 246 10.1 4  4.5  51    0    0 303 -351  2
4184500 2653500 10 27 21  10.3  956 250 10.3 6  4.7  56    0    0 312 -345  2
4184500 2653500 10 27 22  10.1  958 248 13.0 7  4.9  60    0    0 323 -343  2
4184500 2653500 10 27 23   9.0  958 249 11.6 7  5.1  66    0    0 324 -342  2
4184500 2653500 10 27 24   9.1  961 249 11.8 7  5.4  71    0    0 323 -341  2
4184500 2653500 10 28  1   8.2  962 253  9.4 7  5.3  72    0    0 320 -339  2
4184500 2653500 10 28  2   8.3  964 256  8.8 7  5.2  73    0    0 319 -338  2
4184500 2653500 10 28  3   8.0  965 262 10.5 7  5.1  72    0    0 318 -337  2
4184500 2653500 10 28  4   7.2  967 267 11.1 6  4.8  70    0    0 310 -336  2
4184500 2653500 10 28  5   6.7  969 266  9.2 6  4.5  69    0    0 302 -336  2
4184500 2653500 10 28  6   6.7  971 262  8.5 7  4.4  69    0    0 305 -335  2
4184500 2653500 10 28  7   5.5  972 256  7.5 7  4.6  75    0    0 309 -335  2
4184500 2653500 10 28  8   5.3  973 264  7.5 7  4.8  83   11   17 306 -335  2
4184500 2653500 10 28  9   6.5  974 266  8.6 7  4.7  79   60   42 306 -336  2
4184500 2653500 10 28 10   5.9  975 264  8.9 8  4.8  78    2   88 312 -337  2
4184500 2653500 10 28 11   5.3  975 273  8.7 8  4.9  83    0   67 316 -338  2
4184500 2653500 10 28 12   7.0  977 300  7.9 8  4.9  80    0   81 316 -339  2
4184500 2653500 10 28 13   7.7  977 277  7.9 6  4.9  74  151   83 305 -340  2
4184500 2653500 10 28 14   8.0  977 265  8.6 7  4.7  68   35  115 298 -342  2
4184500 2653500 10 28 15   7.7  978 275  8.1 8  4.4  64   41   86 301 -343  2
4184500 2653500 10 28 16   7.4  978 266  7.1 8  4.3  65    0   26 297 -342  2
4184500 2653500 10 28 17   7.3  978 262  6.1 6  4.4  66    0    4 286 -339  2
4184500 2653500 10 28 18   6.8  978 249  5.4 5  4.3  66    0    0 274 -337  2
4184500 2653500 10 28 19   6.6  979 247  4.5 7  4.4  69    0    0 277 -335  2
4184500 2653500 10 28 20   6.5  978 255  5.7 8  4.5  72    0    0 289 -334  2
4184500 2653500 10 28 21   6.4  978 254  4.9 7  4.5  72    0    0 290 -332  2
4184500 2653500 10 28 22   5.4  979 263  3.7 6  4.5  75    0    0 282 -328  2
4184500 2653500 10 28 23   5.6  979 262  4.5 5  4.4  76    0    0 273 -325  2
4184500 2653500 10 28 24   5.4  979 261  3.4 6  4.4  76    0    0 272 -323  2
4184500 2653500 10 29  1   5.1  980 261  3.7 4  4.4  78    0    0 268 -323  2
4184500 2653500 10 29  2   4.9  980 261  3.5 3  4.5  80    0    0 254 -322  2
4184500 2653500 10 29  3   4.6  980 258  2.6 6  4.5  81    0    0 262 -321  2
4184500 2653500 10 29  4   4.5  980 249  2.9 7  4.5  82    0    0 279 -321  2
4184500 2653500 10 29  5   3.9  980 245  2.6 7  4.4  84    0    0 283 -321  2
4184500 2653500 10 29  6   3.5  980 238  3.0 7  4.4  86    0    0 281 -320  2
4184500 2653500 10 29  7   3.5  980 240  2.4 7  4.4  87    0    0 279 -320  2
4184500 2653500 10 29  8   3.5  979 237  2.4 5  4.4  87   14   30 270 -320  2
4184500 2653500 10 29  9   4.9  979 236  3.0 4  4.5  84   79   82 257 -322  2
4184500 2653500 10 29 10   6.5  979 240  2.9 5  4.7  79  160  121 261 -329  2
4184500 2653500 10 29 11   7.7  980 241  3.5 5  4.8  74  157  165 270 -337  2
4184500 2653500 10 29 12   8.4  979 256  3.4 5  4.7  68  172  187 273 -345  2
4184500 2653500 10 29 13   8.7  978 250  3.0 5  4.6  64  177  185 274 -350  2
4184500 2653500 10 29 14   8.6  977 235  2.5 6  4.6  63   59  167 280 -352  2
4184500 2653500 10 29 15   8.6  976 218  2.4 7  4.5  63    9  111 291 -351  2
4184500 2653500 10 29 16   8.2  976 121  1.0 6  4.4  62   12   73 292 -349  2
4184500 2653500 10 29 17   7.7  974 141  0.7 8  4.4  64    0   19 298 -346  2
4184500 2653500 10 29 18   7.1  974 142  1.0 7  4.6  68    0    0 306 -342  2
4184500 2653500 10 29 19   7.1  973 117  1.9 8  4.7  72    0    0 308 -339  2
4184500 2653500 10 29 20   6.5  972 110  3.4 8  4.6  72    0    0 314 -337  2
4184500 2653500 10 29 21   6.8  971 131  3.0 8  4.4  69    0    0 314 -337  2
4184500 2653500 10 29 22   7.2  971 147  2.8 8  4.3  66    0    0 316 -337  2
4184500 2653500 10 29 23   6.9  970 151  2.4 8  4.3  66    0    0 317 -337  2
4184500 2653500 10 29 24   7.4  968 182  3.4 8  4.3  65    0    0 318 -337  2
4184500 2653500 10 30  1   8.2  967 185  3.7 8  4.2  60    0    0 320 -337  2
4184500 2653500 10 30  2   8.0  965 169  3.9 8  4.2  60    0    0 322 -338  2
4184500 2653500 10 30  3   7.7  965 161  3.9 8  4.6  66    0    0 323 -338  2
4184500 2653500 10 30  4   7.9  964 233  4.4 7  5.0  73    0    0 317 -339  2
4184500 2653500 10 30  5   7.1  964 244  3.0 8  5.3  79    0    0 318 -341  2
4184500 2653500 10 30  6   6.9  964 262  4.0 8  5.6  85    0    0 325 -343  2
4184500 2653500 10 30  7   6.7  964 272  4.0 7  5.8  89    0    0 318 -345  2
4184500 2653500 10 30  8   6.7  965 261  4.5 8  5.9  91    0   14 319 -347  2
4184500 2653500 10 30  9   6.7  966 275  4.6 8  5.9  92    0   35 328 -347  2
4184500 2653500 10 30 10   6.7  967 307  4.5 8  5.8  91    0   40 329 -348  2
4184500 2653500 10 30 11   6.8  967 324  3.8 8  5.8  90    0   46 330 -349  2
4184500 2653500 10 30 12   6.9  968 316  3.4 8  5.6  87    0   74 331 -349  2
4184500 2653500 10 30 13   7.1  969 314  2.6 8  5.5  84    0   72 332 -348  2
4184500 2653500 10 30 14   6.9  969 314  2.3 7  5.4  84    0   74 325 -347  2
4184500 2653500 10 30 15   7.5  970 325  2.3 8  5.3  81    0   70 324 -347  2
4184500 2653500 10 30 16   7.3  970 340  1.8 6  5.3  79   54   26 316 -347  2
4184500 2653500 10 30 17   6.8  971 341  1.1 7  5.3  81    0   19 307 -345  2
4184500 2653500 10 30 18   6.2  971 341  0.5 6  5.2  83    0    0 304 -344  2
4184500 2653500 10 30 19   5.1  972  77  0.1 7  5.1  86    0    0 301 -343  2
4184500 2653500 10 30 20   5.0  972 106  0.3 7  5.1  89    0    0 304 -342  2
4184500 2653500 10 30 21   5.7  972  65  0.5 8  5.0  86    0    0 311 -340  2
4184500 2653500 10 30 22   5.7  973  98  1.5 6  4.9  82    0    0 304 -337  2
4184500 2653500 10 30 23   5.0  973  96  0.8 7  4.9  84    0    0 297 -334  2
4184500 2653500 10 30 24   4.6  973 107  1.2 8  4.8  87    0    0 309 -332  2
4184500 2653500 10 31  1   3.7  972 121  1.7 5  4.7  87    0    0 295 -330  2
4184500 2653500 10 31  2   2.9  972 132  1.5 4  4.5  89    0    0 268 -328  2
4184500 2653500 10 31  3   3.1  972 142  1.6 5  4.3  89    0    0 268 -327  2
4184500 2653500 10 31  4   2.6  972 138  3.0 7  4.2  87    0    0 285 -327  2
4184500 2653500 10 31  5   2.1  972 138  2.0 5  4.1  88    0    0 283 -326  2
4184500 2653500 10 31  6   2.1  972 132  2.0 4  4.1  90    0    0 267 -326  2
4184500 2653500 10 31  7   0.9  972 135  2.0 2  4.1  93    0    0 251 -326  2
4184500 2653500 10 31  8   2.4  972 136  1.8 2  4.1  93   22   20 242 -327  2
4184500 2653500 10 31  9   5.2  972 144  1.2 2  4.3  83   87   52 245 -332  2
4184500 2653500 10 31 10   7.2  973 146  0.2 5  4.5  73  128   55 266 -338  2
4184500 2653500 10 31 11   6.9  973 150  1.3 6  4.6  70  134   79 288 -345  2
4184500 2653500 10 31 12   8.3  973 163  2.1 7  4.7  69   38  137 300 -352  2
4184500 2653500 10 31 13   8.8  973 166  1.6 7  4.8  67   30  133 307 -356  2
4184500 2653500 10 31 14   9.0  972 163  2.3 6  5.0  67    7  113 302 -358  2
4184500 2653500 10 31 15   8.5  971 178  1.7 7  5.2  71    0   75 302 -358  2
4184500 2653500 10 31 16   7.6  971 190  1.6 7  5.5  78    0   35 307 -356  2
4184500 2653500 10 31 17   7.5  971 201  1.5 8  5.7  84    0   10 313 -353  2
4184500 2653500 10 31 18   6.8  971  36  2.0 8  5.9  90    0    0 320 -350  2
4184500 2653500 10 31 19   6.8  972 239  1.7 8  6.1  95    0    0 320 -348  2
4184500 2653500 10 31 20   6.9  973 308  2.7 8  6.3  98    0    0 322 -344  2
4184500 2653500 10 31 21   6.9  973   3  2.9 8  6.3  98    0    0 323 -340  2
4184500 2653500 10 31 22   6.6  973  35  2.2 8  6.2  97    0    0 322 -341  2
4184500 2653500 10 31 23   6.0  973  34  2.2 8  5.9  96    0    0 320 -344  2
4184500 2653500 10 31 24   5.9  974 333  2.0 7  5.8  96    0    0 314 -345  2
4184500 2653500 11  1  1   5.6  975 320  1.8 7  5.5  94    0    0 309 -346  2
4184500 2653500 11  1  2   5.5  975 310  2.6 6  5.5  94    0    0 303 -347  2
4184500 2653500 11  1  3   4.8  974 310  2.4 7  5.4  95    0    0 302 -347  2
4184500 2653500 11  1  4   4.9  975 294  2.4 7  5.4  96    0    0 308 -347  2
4184500 2653500 11  1  5   3.8  975 312  1.9 5  5.2  97    0    0 295 -346  2
4184500 2653500 11  1  6   3.3  975 266  1.9 2  4.9  97    0    0 263 -344  2
4184500 2653500 11  1  7   3.0  975 240  1.7 1  4.8  96    0    0 238 -343  2
4184500 2653500 11  1  8   3.4  975 214  1.9 4  4.9  99   12   18 250 -342  2
4184500 2653500 11  1  9   4.6  975 184  1.6 4  5.1  96   79   71 268 -343  2
4184500 2653500 11  1 10   5.8  975 242  1.5 4  5.2  91  159  104 270 -346  2
4184500 2653500 11  1 11   6.8  976 116  1.6 5  5.2  84  181  136 277 -350  2
4184500 2653500 11  1 12   8.3  976 238  1.8 6  5.1  76  119  182 290 -354  2
4184500 2653500 11  1 13   9.6  975  82  3.4 5  5.2  71  144  176 292 -358  2
4184500 2653500 11  1 14   9.6  974  23  2.4 7  5.6  72   56  155 300 -362  2
4184500 2653500 11  1 15   9.1  973 318  3.1 8  5.8  77    2   79 317 -363  2
4184500 2653500 11  1 16   9.3  972 332  3.5 7  6.1  80    0   30 317 -360  2
4184500 2653500 11  1 17   9.1  972 207  3.9 8  6.4  84    0    5 317 -352  2
4184500 2653500 11  1 18   9.4  971 205  3.6 7  6.5  86    0    0 316 -346  2
4184500 2653500 11  1 19   9.3  971 202  4.2 8  6.6  87    0    0 316 -348  2
4184500 2653500 11  1 20   9.6  970 221  4.4 8  6.8  88    0    0 323 -350  2
4184500 2653500 11  1 21   9.7  970 232  6.1 8  6.9  88    0    0 325 -352  2
4184500 2653500 11  1 22   9.8  970 214  5.4 8  6.9  88    0    0 326 -353  2
4184500 2653500 11  1 23  10.1  970 218  5.3 8  7.1  89    0    0 329 -354  2
4184500 2653500 11  1 24  10.2  969 224  4.3 8  7.1  88    0    0 332 -354  2
4184500 2653500 11  2  1  10.4  969 186  4.9 8  7.2  88    0    0 333 -355  2
4184500 2653500 11  2  2  10.5  968 183  3.8 8  7.2  87    0    0 336 -354  2
4184500 2653500 11  2  3  10.3  967 192  4.0 8  7.2  88    0    0 338 -353  2
4184500 2653500 11  2  4  10.2  967 125  3.8 8  7.2  89    0    0 339 -352  2
4184500 2653500 11  2  5   9.7  966 125  4.4 8  7.3  92    0    0 340 -352  2
4184500 2653500 11  2  6   9.6  965 174  3.4 8  7.5  95    0    0 341 -354  2
4184500 2653500 11  2  7   9.4  965 194  3.0 8  7.5  96    0    0 342 -356  2
4184500 2653500 11  2  8   9.4  965 239  3.2 8  7.3  95    0    6 342 -358  2
4184500 2653500 11  2  9   9.6  964 248  3.8 8  7.5  96    0   35 343 -361  2
4184500 2653500 11  2 10   9.9  964 229  3.4 8  7.7  97    0   45 344 -363  2
4184500 2653500 11  2 11  10.2  964 268  3.8 8  7.8  96    0   64 346 -365  2
4184500 2653500 11  2 12   9.9  964 299  3.2 8  7.7  96    0   63 346 -366  2
4184500 2653500 11  2 13   8.9  965 303  4.1 5  7.4  96    0   80 318 -368  2
4184500 2653500 11  2 14   7.9  966  13  4.8 5  7.0  96    1  102 288 -369  2
4184500 2653500 11  2 15   6.9  965  18  4.5 8  6.4  96    0   75 312 -368  2
4184500 2653500 11  2 16   6.0  967  12  5.1 8  6.1  97    0   19 335 -369  2
4184500 2653500 11  2 17   5.4  968  15  4.5 8  5.9  98    0    1 334 -369  2
4184500 2653500 11  2 18   4.9  969  26  4.7 8  5.6  97    0    0 331 -369  2
4184500 2653500 11  2 19   5.0  971  33  3.5 8  5.5  97    0    0 332 -368  2
4184500 2653500 11  2 20   4.6  971  81  2.6 8  5.4  96    0    0 331 -367  2
4184500 2653500 11  2 21   4.5  972 114  3.0 8  5.3  96    0    0 331 -366  2
4184500 2653500 11  2 22   4.4  972 101  2.7 8  5.2  95    0    0 331 -365  2
4184500 2653500 11  2 23   4.2  971 108  2.7 8  5.1  94    0    0 330 -363  2
4184500 2653500 11  2 24   4.1  971 114  3.5 8  4.9  91    0    0 329 -361  2
4184500 2653500 11  3  1   3.5  971 109  2.6 6  4.6  88    0    0 313 -360  2
4184500 2653500 11  3  2   3.0  971 102  3.1 6  4.4  88    0    0 296 -358  2
4184500 2653500 11  3  3   3.1  970 119  2.5 6  4.4  90    0    0 294 -355  2
4184500 2653500 11  3  4   3.3  969 111  2.6 5  4.5  91    0    0 286 -353  2
4184500 2653500 11  3  5   3.2  968 113  3.4 6  4.5  90    0    0 286 -355  2
4184500 2653500 11  3  6   3.3  968 121  3.8 7  4.5  90    0    0 300 -358  2
4184500 2653500 11  3  7   3.1  967 112  4.7 7  4.4  88    0    0 305 -360  2
4184500 2653500 11  3  8   3.3  967 111  6.1 7  4.3  85    8    6 303 -361  2
4184500 2653500 11  3  9   3.5  967 135  4.9 8  4.3  85    0   33 310 -362  2
4184500 2653500 11  3 10   4.2  966 127  4.5 8  4.4  84    0   45 320 -363  2
4184500 2653500 11  3 11   4.2  965 124  4.7 8  4.5  84    0   80 320 -365  2
4184500 2653500 11  3 12   5.0  965 128  4.7 8  4.7  84    0   48 322 -366  2
4184500 2653500 11  3 13   4.8  964 133  3.2 8  4.8  85    0   44 324 -367  2
4184500 2653500 11  3 14   4.6  963 114  3.6 7  4.9  88    0   43 318 -366  2
4184500 2653500 11  3 15   4.7  962 155  3.1 8  4.9  88    0   26 318 -365  2
4184500 2653500 11  3 16   4.0  961 139  3.6 7  4.9  90    0   13 319 -367  2
4184500 2653500 11  3 17   3.9  961 150  3.5 8  4.9  92    0    1 317 -371  2
4184500 2653500 11  3 18   3.4  961 151  3.6 8  4.8  92    0    0 320 -372  2
4184500 2653500 11  3 19   3.6  961 178  3.5 8  4.8  92    0    0 320 -372  2
4184500 2653500 11  3 20   3.6  962 187  2.7 8  4.8  92    0    0 319 -370  2
4184500 2653500 11  3 21   4.0  961 201  2.1 8  4.9  94    0    0 320 -368  2
4184500 2653500 11  3 22   4.5  961 237  3.5 8  5.3  98    0    0 322 -366  2
4184500 2653500 11  3 23   5.4  961 261  3.3 8  5.6  98    0    0 325 -365  2
4184500 2653500 11  3 24   5.4  961 254  3.9 7  5.6  96    0    0 320 -363  2
4184500 2653500 11  4  1   5.3  962 272  3.2 8  5.6  96    0    0 320 -361  2
4184500 2653500 11  4  2   5.5  961 262  2.1 8  5.6  96    0    0 326 -359  2
4184500 2653500 11  4  3   5.4  962 289  3.3 8  5.7  97    0    0 326 -358  2
4184500 2653500 11  4  4   5.0  962 277  2.2 6  5.6  97    0    0 314 -356  2
4184500 2653500 11  4  5   4.9  962 282  1.7 7  5.5  97    0    0 306 -354  2
4184500 2653500 11  4  6   5.0  963 284  2.1 7  5.5  97    0    0 311 -353  2
4184500 2653500 11  4  7   5.8  963 292  2.7 8  5.6  95    0    0 317 -353  2
4184500 2653500 11  4  8   5.5  963 283  3.0 7  5.6  93    4   15 317 -353  2
4184500 2653500 11  4  9   5.2  964 294  2.8 7  5.5  95   18   72 308 -353  2
4184500 2653500 11  4 10   4.3  965 316  2.2 8  5.3  95    7  101 313 -355  2
4184500 2653500 11  4 11   4.2  965 313  2.4 8  5.2  96    0   63 317 -358  2
4184500 2653500 11  4 12   4.1  966 339  2.2 6  5.1  96    0   55 304 -361  2
4184500 2653500 11  4 13   3.5  966 319  2.5 7  5.0  96    0   44 296 -362  2
4184500 2653500 11  4 14   3.0  967 334  3.2 7  4.8  96    0   43 301 -361  2
4184500 2653500 11  4 15   2.2  966 337  3.0 8  4.6  96    0   27 305 -361  2
4184500 2653500 11  4 16   1.9  967 330  2.7 8  4.5  97    0   12 309 -359  2
4184500 2653500 11  4 17   1.3  967 349  3.3 7  4.3  97    0    1 301 -356  2
4184500 2653500 11  4 18   0.5  968   3  3.9 7  4.2  98    0    0 293 -353  2
4184500 2653500 11  4 19   0.4  969  12  4.1 7  4.0  98    0    0 291 -352  2
4184500 2653500 11  4 20   0.1  970 353  3.8 7  3.9  97    0    0 290 -351  2
4184500 2653500 11  4 21  -0.1  971  16  3.3 8  3.8  97    0    0 295 -351  2
4184500 2653500 11  4 22   0.0  971   7  3.5 8  3.8  96    0    0 301 -351  2
4184500 2653500 11  4 23  -0.1  972   8  3.5 8  3.7  94    0    0 300 -350  2
4184500 2653500 11  4 24  -0.3  972  10  3.1 8  3.6  94    0    0 299 -350  2
4184500 2653500 11  5  1  -0.6  973  24  4.0 8  3.6  94    0    0 299 -350  2
4184500 2653500 11  5  2  -0.5  973  24  3.1 8  3.5  93    0    0 299 -349  2
4184500 2653500 11  5  3  -0.5  973  34  3.9 8  3.4  89    0    0 299 -349  2
4184500 2653500 11  5  4  -0.8  973  14  3.0 8  3.3  87    0    0 298 -349  2
4184500 2653500 11  5  5  -1.2  974   9  3.1 8  3.3  91    0    0 297 -348  2
4184500 2653500 11  5  6  -1.1  974  23  3.1 8  3.3  92    0    0 297 -348  2
4184500 2653500 11  5  7  -1.4  975  39  3.0 8  3.3  91    0    0 297 -345  2
4184500 2653500 11  5  8  -1.2  975  37  3.5 8  3.2  90    0    9 296 -340  2
4184500 2653500 11  5  9  -0.8  976  49  3.0 8  3.2  87    3   45 297 -337  2
4184500 2653500 11  5 10  -0.5  977  74  3.1 8  3.1  82    0   61 297 -335  2
4184500 2653500 11  5 11  -0.4  977  89  3.1 8  3.0  78    0   60 297 -334  2
4184500 2653500 11  5 12   0.0  978  98  3.0 8  3.0  76    0   71 297 -333  2
4184500 2653500 11  5 13   0.2  978  97  2.1 7  3.0  75    0   64 293 -333  2
4184500 2653500 11  5 14   0.3  978 117  1.9 7  2.9  73    0   56 287 -334  2
4184500 2653500 11  5 15   0.5  978 128  1.8 7  2.9  72    0   54 287 -333  2
4184500 2653500 11  5 16   0.3  979 267  2.1 7  2.8  70    0   30 286 -332  2
4184500 2653500 11  5 17   0.1  979 135  1.3 8  2.8  70    0    5 291 -331  2
4184500 2653500 11  5 18  -0.2  980 104  1.0 7  2.8  71    0    0 290 -331  2
4184500 2653500 11  5 19  -0.6  980  92  0.8 7  2.7  72    0    0 284 -330  2
4184500 2653500 11  5 20  -1.0  980 117  1.1 7  2.8  76    0    0 282 -329  2
4184500 2653500 11  5 21  -1.1  981 148  0.9 8  2.9  79    0    0 287 -327  2
4184500 2653500 11  5 22  -1.1  981 132  0.6 8  2.8  78    0    0 290 -327  2
4184500 2653500 11  5 23  -1.3  981 100  0.9 8  2.8  79    0    0 290 -326  2
4184500 2653500 11  5 24  -1.4  982 157  2.2 7  2.9  81    0    0 283 -325  2
4184500 2653500 11  6  1  -2.2  982 140  1.7 8  2.8  83    0    0 281 -323  2
4184500 2653500 11  6  2  -2.4  982 114  1.1 7  2.8  84    0    0 278 -320  2
4184500 2653500 11  6  3  -2.8  982  97  1.2 6  2.8  86    0    0 268 -319  2
4184500 2653500 11  6  4  -3.4  982  55  1.1 2  2.8  90    0    0 240 -316  2
4184500 2653500 11  6  5  -3.6  981 201  0.8 1  2.8  92    0    0 213 -313  2
4184500 2653500 11  6  6  -3.8  981 142  0.9 0  2.7  91    0    0 203 -311  2
4184500 2653500 11  6  7  -4.1  980 123  1.3 0  2.7  92    0    0 196 -310  2
4184500 2653500 11  6  8  -3.6  980 131  2.1 0  2.6  90    8   14 196 -310  2
4184500 2653500 11  6  9  -2.3  981 129  1.8 0  2.7  85   82   62 198 -312  2
4184500 2653500 11  6 10  -0.6  980 125  1.9 0  2.8  80  182   86 201 -315  2
4184500 2653500 11  6 11   0.7  979 137  2.8 0  2.9  73  248  104 204 -318  2
4184500 2653500 11  6 12   2.0  979 154  2.8 0  3.0  68  279  113 208 -323  2
4184500 2653500 11  6 13   2.6  978 158  2.0 0  3.1  66  273  116 212 -330  2
4184500 2653500 11  6 14   3.9  977 161  2.3 0  3.1  63  232  108 214 -334  2
4184500 2653500 11  6 15   3.8  976 140  2.7 0  3.1  60  140   97 217 -335  2
4184500 2653500 11  6 16   2.4  975 133  2.7 0  3.1  63   58   61 216 -331  2
4184500 2653500 11  6 17   0.5  975 140  2.9 0  3.1  70    3   12 211 -324  2
4184500 2653500 11  6 18  -0.4  974 132  3.0 0  3.0  75    0    0 208 -319  2
4184500 2653500 11  6 19  -1.1  973 126  3.0 0  2.9  77    0    0 205 -318  2
4184500 2653500 11  6 20  -1.5  972 136  3.6 0  2.8  79    0    0 204 -318  2
4184500 2653500 11  6 21  -1.5  971 130  3.9 0  2.8  78    0    0 203 -316  2
4184500 2653500 11  6 22  -1.4  970 139  3.7 0  2.7  76    0    0 203 -314  2
4184500 2653500 11  6 23  -1.4  970 135  3.4 0  2.6  73    0    0 203 -313  2
4184500 2653500 11  6 24  -2.2  969 133  3.1 1  2.6  75    0    0 206 -313  2
4184500 2653500 11  7  1  -2.9  968 136  2.5 0  2.6  78    0    0 204 -313  2
4184500 2653500 11  7  2  -2.8  967 138  1.7 0  2.5  78    0    0 198 -314  2
4184500 2653500 11  7  3  -3.4  967 134  2.2 1  2.5  79    0    0 201 -314  2
4184500 2653500 11  7  4  -3.3  967 141  1.2 1  2.5  81    0    0 206 -314  2
4184500 2653500 11  7  5  -4.1  966 137  2.0 1  2.5  82    0    0 206 -314  2
4184500 2653500 11  7  6  -4.3  966 134  2.9 0  2.5  85    0    0 200 -314  2
4184500 2653500 11  7  7  -4.0  965 138  2.6 0  2.5  84    0    0 194 -314  2
4184500 2653500 11  7  8  -4.6  965 134  2.6 0  2.5  85   10    9 194 -314  2
4184500 2653500 11  7  9  -3.0  965 130  2.6 1  2.5  84   96   31 200 -315  2
4184500 2653500 11  7 10  -1.5  965 135  2.9 0  2.6  78  177   51 205 -317  2
4184500 2653500 11  7 11  -0.7  965 123  3.6 1  2.7  74  124  107 207 -321  2
4184500 2653500 11  7 12   0.5  964 321  3.4 1  2.8  72   58  143 215 -325  2
4184500 2653500 11  7 13   1.6  964 217  3.3 0  2.9  67  168  112 212 -328  2
4184500 2653500 11  7 14   0.5  963 236  3.4 3  2.9  67  106  113 225 -333  2
4184500 2653500 11  7 15   0.2  963 204  2.8 5  3.0  72    7   82 252 -336  2
4184500 2653500 11  7 16   0.2  962 194  0.9 5  3.0  75   44   44 263 -334  2
4184500 2653500 11  7 17   0.1  962 219  1.0 8  3.1  77    0   10 279 -331  2
4184500 2653500 11  7 18   0.3  962 232  3.1 8  3.3  80    0    0 296 -332  2
4184500 2653500 11  7 19   0.6  962 224  2.3 8  3.4  84    0    0 297 -335  2
4184500 2653500 11  7 20   0.8  962 238  2.1 8  3.6  85    0    0 297 -336  2
4184500 2653500 11  7 21   1.0  962 225  2.2 8  3.6  86    0    0 297 -337  2
4184500 2653500 11  7 22   1.2  962 235  2.5 8  3.8  87    0    0 297 -337  2
4184500 2653500 11  7 23   1.4  962 234  3.0 8  3.9  88    0    0 297 -337  2
4184500 2653500 11  7 24   1.3  962 231  3.7 7  4.0  90    0    0 291 -336  2
4184500 2653500 11  8  1   1.2  962 246  4.2 8  4.0  92    0    0 290 -335  2
4184500 2653500 11  8  2   1.0  962 260  2.7 8  4.1  94    0    0 297 -334  2
4184500 2653500 11  8  3   1.3  963 258  3.1 6  4.1  95    0    0 284 -333  2
4184500 2653500 11  8  4   2.0  963 270  3.9 7  4.3  95    0    0 279 -332  2
4184500 2653500 11  8  5   2.5  964 273  4.6 8  4.5  95    0    0 296 -332  2
4184500 2653500 11  8  6   2.8  965 264  4.1 8  4.6  95    0    0 305 -331  2
4184500 2653500 11  8  7   2.8  965 262  4.0 8  4.7  96    0    0 306 -330  2
4184500 2653500 11  8  8   3.2  966 268  5.1 8  4.7  96    4   10 306 -330  2
4184500 2653500 11  8  9   3.6  967 270  4.9 8  4.8  94   19   49 306 -330  2
4184500 2653500 11  8 10   3.8  968 264  4.5 8  4.9  94    0   32 306 -331  2
4184500 2653500 11  8 11   4.2  968 262  4.9 8  4.9  93    0   40 307 -334  2
4184500 2653500 11  8 12   4.3  969 257  4.3 8  4.8  90    0   58 307 -337  2
4184500 2653500 11  8 13   4.6  969 246  5.0 7  4.7  86    0   64 302 -337  2
4184500 2653500 11  8 14   4.7  969 241  4.7 6  4.6  83    1   93 292 -335  2
4184500 2653500 11  8 15   4.7  968 239  3.9 6  4.5  81   13   86 286 -335  2
4184500 2653500 11  8 16   4.3  968 234  5.2 5  4.4  80   28   47 279 -334  2
4184500 2653500 11  8 17   3.5  968 233  4.8 6  4.3  81    0    8 275 -330  2
4184500 2653500 11  8 18   3.3  967 229  4.5 7  4.2  83    0    0 282 -326  2
4184500 2653500 11  8 19   3.2  967 208  4.7 8  4.2  83    0    0 292 -322  2
4184500 2653500 11  8 20   2.6  965 218  5.1 7  4.1  83    0    0 291 -320  2
4184500 2653500 11  8 21   2.6  964 198  4.9 7  4.0  84    0    0 285 -320  2
4184500 2653500 11  8 22   3.1  964 199  4.7 7  4.0  83    0    0 285 -320  2
4184500 2653500 11  8 23   3.4  962 198  5.7 7  4.0  80    0    0 287 -321  2
4184500 2653500 11  8 24   3.5  960 193  4.3 8  4.0  78    0    0 294 -321  2
4184500 2653500 11  9  1   3.2  958 181  5.2 8  4.0  78    0    0 298 -321  2
4184500 2653500 11  9  2   2.6  955 161  5.8 8  4.1  84    0    0 298 -320  2
4184500 2653500 11  9  3   2.1  953 171  6.9 8  4.3  90    0    0 296 -320  2
4184500 2653500 11  9  4   2.6  950 185  6.7 8  4.4  92    0    0 294 -321  2
4184500 2653500 11  9  5   3.0  948 180  7.4 8  4.6  93    0    0 297 -321  2
4184500 2653500 11  9  6   3.3  946 199  8.2 8  4.8  95    0    0 300 -322  2
4184500 2653500 11  9  7   4.2  946 208  7.6 8  5.0  94    0    0 303 -322  2
4184500 2653500 11  9  8   4.5  945 226  6.8 8  5.1  92    0    1 306 -321  2
4184500 2653500 11  9  9   4.9  945 240  4.5 8  5.3  93   47   47 308 -321  2
4184500 2653500 11  9 10   6.0  946 265  6.0 7  5.5  91    5   82 305 -321  2
4184500 2653500 11  9 11   6.4  946 277  5.5 7  5.3  83    1   91 301 -322  2
4184500 2653500 11  9 12   6.3  947 277  8.5 8  4.8  75    0   65 308 -324  2
4184500 2653500 11  9 13   6.2  948 278  7.7 8  4.7  74    0   54 317 -328  2
4184500 2653500 11  9 14   6.2  948 265  9.9 7  4.7  75    0   69 312 -330  2
4184500 2653500 11  9 15   5.7  949 272 10.7 7  4.7  76    1   69 307 -332  2
4184500 2653500 11  9 16   5.7  949 250 10.3 7  4.5  74    0   21 307 -334  2
4184500 2653500 11  9 17   4.9  950 270  9.5 8  4.6  77    0    1 311 -335  2
4184500 2653500 11  9 18   3.8  950 276  8.2 8  4.6  84    0    0 313 -332  2
4184500 2653500 11  9 19   3.2  951 311  8.8 8  4.4  85    0    0 310 -326  2
4184500 2653500 11  9 20   3.0  953 298  8.6 8  4.3  86    0    0 308 -322  2
4184500 2653500 11  9 21   2.7  954 308  8.9 8  4.5  90    0    0 307 -321  2
4184500 2653500 11  9 22   2.6  955 300  7.3 8  4.5  93    0    0 307 -320  2
4184500 2653500 11  9 23   2.5  957 310  6.7 8  4.5  93    0    0 307 -319  2
4184500 2653500 11  9 24   2.6  959 312  6.2 8  4.5  93    0    0 306 -318  2
4184500 2653500 11 10  1   2.4  960 309  6.0 8  4.5  93    0    0 306 -319  2
4184500 2653500 11 10  2   2.3  960 308  4.9 8  4.5  94    0    0 305 -319  2
4184500 2653500 11 10  3   2.5  961 307  4.5 8  4.5  94    0    0 305 -320  2
4184500 2653500 11 10  4   2.5  962 304  3.7 8  4.5  94    0    0 306 -320  2
4184500 2653500 11 10  5   2.3  963 300  3.6 8  4.5  94    0    0 305 -320  2
4184500 2653500 11 10  6   2.1  963 307  2.8 8  4.4  95    0    0 305 -321  2
4184500 2653500 11 10  7   2.1  963 302  3.9 8  4.4  96    0    0 303 -321  2
4184500 2653500 11 10  8   2.0  963 315  3.1 8  4.4  96    0    5 303 -321  2
4184500 2653500 11 10  9   1.8  964 294  3.0 8  4.4  95   37   35 303 -321  2
4184500 2653500 11 10 10   2.7  964 303  3.2 7  4.4  93   33   81 298 -321  2
4184500 2653500 11 10 11   3.0  965 301  2.9 7  4.5  91    0   85 293 -321  2
4184500 2653500 11 10 12   3.5  966 281  3.2 7  4.3  86    0   88 294 -321  2
4184500 2653500 11 10 13   3.5  966 261  2.7 7  4.1  80    0   73 293 -321  2
4184500 2653500 11 10 14   4.0  966 268  3.6 7  4.0  78    0   66 293 -321  2
4184500 2653500 11 10 15   3.8  966 272  2.2 6  4.1  77   44   75 287 -323  2
4184500 2653500 11 10 16   3.6  965 165  1.8 5  4.1  78   56   31 276 -326  2
4184500 2653500 11 10 17   2.4  965 177  1.7 6  3.9  79    0    7 272 -323  2
4184500 2653500 11 10 18   1.1  964 159  1.9 5  3.7  83    0    0 269 -320  2
4184500 2653500 11 10 19   0.8  964 140  2.4 3  3.6  85    0    0 253 -319  2
4184500 2653500 11 10 20   0.6  963 139  1.6 4  3.6  85    0    0 248 -315  2
4184500 2653500 11 10 21   0.8  963 140  1.3 5  3.5  85    0    0 258 -313  2
4184500 2653500 11 10 22   1.2  962 133  2.0 7  3.6  83    0    0 273 -313  2
4184500 2653500 11 10 23   1.6  961 143  2.5 7  3.6  82    0    0 284 -315  2
4184500 2653500 11 10 24   2.2  961 142  2.0 6  3.7  80    0    0 282 -317  2
4184500 2653500 11 11  1   2.3  959 152  2.3 7  3.8  80    0    0 283 -318  2
4184500 2653500 11 11  2   2.6  958 134  1.9 8  4.0  83    0    0 295 -319  2
4184500 2653500 11 11  3   3.5  957 143  3.5 8  4.1  82    0    0 303 -320  2
4184500 2653500 11 11  4   2.8  955 137  3.6 8  4.2  84    0    0 305 -320  2
4184500 2653500 11 11  5   2.7  954 151  2.7 8  4.4  90    0    0 306 -321  2
4184500 2653500 11 11  6   3.6  953 171  3.3 8  4.7  93    0    0 309 -321  2
4184500 2653500 11 11  7   3.7  951 171  2.5 8  5.0  95    0    0 312 -322  2
4184500 2653500 11 11  8   4.4  952 228  1.4 8  5.1  95    0    2 314 -324  2
4184500 2653500 11 11  9   4.6  952 112  2.6 8  5.3  94    6   40 317 -325  2
4184500 2653500 11 11 10   6.4  953 233  3.1 8  5.6  94   13   79 320 -326  2
4184500 2653500 11 11 11   6.8  953  38  4.0 8  6.0  93    0   46 325 -331  2
4184500 2653500 11 11 12   7.5  954 304  5.1 8  6.3  93    0   39 327 -336  2
4184500 2653500 11 11 13   7.7  954 272  5.9 8  6.2  90    0   52 329 -339  2
4184500 2653500 11 11 14   7.7  954 284  5.8 7  6.0  86    0   65 324 -341  2
4184500 2653500 11 11 15   7.6  955 269  6.5 6  5.7  82    0   57 313 -341  2
4184500 2653500 11 11 16   7.6  956 273  5.8 7  5.5  80    5   36 314 -342  2
4184500 2653500 11 11 17   6.8  957 270  5.5 7  5.3  79    0    5 317 -342  2
4184500 2653500 11 11 18   6.5  959 262  6.2 7  5.2  81    0    0 315 -341  2
4184500 2653500 11 11 19   6.2  960 260  5.0 7  5.3  84    0    0 314 -340  2
4184500 2653500 11 11 20   6.1  961 271  5.4 7  5.4  86    0    0 314 -339  2
4184500 2653500 11 11 21   6.2  962 253  6.1 8  5.5  88    0    0 320 -340  2
4184500 2653500 11 11 22   6.4  963 264  4.9 8  5.6  89    0    0 326 -341  2
4184500 2653500 11 11 23   6.5  964 263  5.4 8  5.7  90    0    0 327 -342  2
4184500 2653500 11 11 24   6.3  965 252  4.2 8  5.8  93    0    0 327 -344  2
4184500 2653500 11 12  1   6.4  965 256  4.3 8  5.9  94    0    0 327 -345  2
4184500 2653500 11 12  2   6.3  966 255  3.3 8  5.8  93    0    0 328 -344  2
4184500 2653500 11 12  3   6.4  967 245  3.8 8  5.8  93    0    0 328 -344  2
4184500 2653500 11 12  4   6.5  967 243  4.4 5  5.7  91    0    0 311 -343  2
4184500 2653500 11 12  5   6.0  967 249  3.4 6  5.6  90    0    0 299 -342  2
4184500 2653500 11 12  6   5.6  967 237  3.5 6  5.5  92    0    0 303 -342  2
4184500 2653500 11 12  7   5.9  968 233  3.5 6  5.5  92    0    0 303 -342  2
4184500 2653500 11 12  8   5.4  968 210  3.5 3  5.4  91    5    9 284 -342  2
4184500 2653500 11 12  9   6.3  968 225  3.0 3  5.4  90   48   44 269 -342  2
4184500 2653500 11 12 10   7.7  968 223  3.8 6  5.7  87   77   86 288 -344  2
4184500 2653500 11 12 11   9.0  968 217  4.2 6  5.8  81  101  118 306 -348  2
4184500 2653500 11 12 12   9.5  968 215  4.7 7  5.8  76  157  123 312 -352  2
4184500 2653500 11 12 13   9.5  968 230  2.0 6  5.7  74  175  116 311 -355  2
4184500 2653500 11 12 14  10.0  967 196  3.1 6  5.7  72  122  111 305 -358  2
4184500 2653500 11 12 15  10.2  967 144  3.6 4  5.6  70   92   80 293 -357  2
4184500 2653500 11 12 16   9.2  966 174  4.0 6  5.5  70   31   46 290 -352  2
4184500 2653500 11 12 17   7.6  965 164  3.6 6  5.4  75    0    7 296 -345  2
4184500 2653500 11 12 18   7.0  965 167  3.5 5  5.4  81    0    0 285 -340  2
4184500 2653500 11 12 19   7.3  964 152  3.3 7  5.4  81    0    0 289 -338  2
4184500 2653500 11 12 20   6.4  964 156  2.3 6  5.3  82    0    0 294 -337  2
4184500 2653500 11 12 21   6.1  964 162  2.4 7  5.2  84    0    0 292 -337  2
4184500 2653500 11 12 22   6.2  964 165  3.6 7  5.3  85    0    0 298 -336  2
4184500 2653500 11 12 23   6.8  963 174  3.4 7  5.3  84    0    0 299 -336  2
4184500 2653500 11 12 24   6.9  963 164  4.6 7  5.4  83    0    0 301 -336  2
4184500 2653500 11 13  1   6.5  962 161  3.9 7  5.4  84    0    0 300 -336  2
4184500 2653500 11 13  2   6.7  962 162  3.9 7  5.3  83    0    0 300 -335  2
4184500 2653500 11 13  3   6.7  961 158  3.2 6  5.2  80    0    0 291 -335  2
4184500 2653500 11 13  4   6.9  961 165  3.9 7  5.0  78    0    0 290 -335  2
4184500 2653500 11 13  5   7.0  960 147  4.5 6  4.9  75    0    0 291 -335  2
4184500 2653500 11 13  6   6.7  960 175  4.4 4  4.9  75    0    0 264 -334  2
4184500 2653500 11 13  7   6.7  960 173  5.0 2  4.9  75    0    0 228 -333  2
4184500 2653500 11 13  8   6.5  959 161  4.6 4  4.8  74    1    7 226 -332  2
4184500 2653500 11 13  9   6.7  959 168  4.9 5  4.8  75   38   42 255 -333  2
4184500 2653500 11 13 10   8.4  959 189  4.5 5  4.9  72  129   70 269 -339  2
4184500 2653500 11 13 11   8.6  959 148  2.0 7  4.9  68   67  126 291 -346  2
4184500 2653500 11 13 12   9.0  959 171  3.3 8  4.9  66   14  129 315 -353  2
4184500 2653500 11 13 13   9.7  958 160  4.7 8  4.8  62    2  106 325 -357  2
4184500 2653500 11 13 14   9.9  957 166  5.7 8  4.7  59    1   86 327 -358  2
4184500 2653500 11 13 15   9.8  956 167  4.4 6  4.8  60    3   72 315 -356  2
4184500 2653500 11 13 16  10.2  956 180  3.7 7  4.9  61    1   30 311 -354  2
4184500 2653500 11 13 17   9.4  955 183  3.6 6  4.9  61    0    4 311 -351  2
4184500 2653500 11 13 18   8.8  955 177  4.6 6  4.8  63    0    0 305 -350  2
4184500 2653500 11 13 19   8.0  955 186  4.0 5  4.9  67    0    0 298 -350  2
4184500 2653500 11 13 20   7.4  956 179  3.5 4  5.0  72    0    0 286 -349  2
4184500 2653500 11 13 21   7.0  955 198  3.8 4  5.0  75    0    0 276 -347  2
4184500 2653500 11 13 22   6.9  955 205  4.7 5  5.0  75    0    0 281 -346  2
4184500 2653500 11 13 23   6.8  955 179  3.9 5  4.9  75    0    0 284 -343  2
4184500 2653500 11 13 24   6.3  955 158  1.9 6  4.8  75    0    0 286 -341  2
4184500 2653500 11 14  1   6.2  955 122  3.1 4  4.8  76    0    0 277 -339  2
4184500 2653500 11 14  2   5.1  954 158  2.3 4  4.8  79    0    0 264 -338  2
4184500 2653500 11 14  3   4.8  952 142  2.6 2  4.7  82    0    0 247 -337  2
4184500 2653500 11 14  4   4.4  952 141  1.7 1  4.7  83    0    0 230 -338  2
4184500 2653500 11 14  5   4.6  951 140  2.2 1  4.7  84    0    0 230 -339  2
4184500 2653500 11 14  6   5.8  952 122  1.7 2  4.7  81    0    0 238 -339  2
4184500 2653500 11 14  7   6.7  951 133  1.1 6  4.7  75    0    0 267 -337  2
4184500 2653500 11 14  8   7.7  951 132  2.0 7  4.6  68    0    4 297 -339  2
4184500 2653500 11 14  9   8.2  950 136  4.4 7  4.5  64    2   35 304 -343  2
4184500 2653500 11 14 10   8.2  950 124  3.6 7  4.5  63   12   83 305 -347  2
4184500 2653500 11 14 11   9.3  950 132  3.7 6  4.7  63  132  112 301 -352  2
4184500 2653500 11 14 12  10.5  949 126  3.5 6  4.9  60   97  144 300 -358  2
4184500 2653500 11 14 13  11.7  949 135  4.4 5  4.9  56  218   96 297 -362  2
4184500 2653500 11 14 14   9.8  949 135  2.2 5  5.0  58   64  127 292 -364  2
4184500 2653500 11 14 15   8.5  947 163  3.2 6  5.1  66   10   81 294 -363  2
4184500 2653500 11 14 16   8.2  948 148  2.3 7  5.0  68    0   12 302 -361  2
4184500 2653500 11 14 17   7.2  949  73  0.9 7  4.9  71    0    0 306 -360  2
4184500 2653500 11 14 18   6.7  949 189  1.5 7  5.0  75    0    0 304 -358  2
4184500 2653500 11 14 19   7.1  949 187  2.0 7  5.1  78    0    0 304 -358  2
4184500 2653500 11 14 20   7.0  950 193  1.2 7  5.3  79    0    0 306 -358  2
4184500 2653500 11 14 21   6.3  950 236  2.9 7  5.2  80    0    0 305 -359  2
4184500 2653500 11 14 22   6.4  951 108  2.7 8  5.1  80    0    0 310 -360  2
4184500 2653500 11 14 23   5.8  952 203  2.5 8  5.1  82    0    0 315 -359  2
4184500 2653500 11 14 24   6.1  951 201  1.7 8  5.1  83    0    0 315 -358  2
4184500 2653500 11 15  1   6.2  951 146  0.6 8  5.2  83    0    0 316 -357  2
4184500 2653500 11 15  2   6.2  951 128  0.9 8  5.3  85    0    0 317 -355  2
4184500 2653500 11 15  3   6.7  951 111  1.8 7  5.4  85    0    0 314 -353  2
4184500 2653500 11 15  4   6.9  951 125  1.5 8  5.6  86    0    0 316 -352  2
4184500 2653500 11 15  5   6.1  950  88  1.9 7  5.7  89    0    0 314 -351  2
4184500 2653500 11 15  6   6.8  949  76  1.3 7  5.8  90    0    0 308 -349  2
4184500 2653500 11 15  7   6.5  949  79  0.7 6  5.7  88    0    0 303 -349  2
4184500 2653500 11 15  8   5.9  948  77  0.2 8  5.6  90    0    8 305 -350  2
4184500 2653500 11 15  9   5.9  949  82  0.6 8  5.7  92   10   42 315 -352  2
4184500 2653500 11 15 10   6.4  949 110  0.0 7  5.9  94   18   88 311 -355  2
4184500 2653500 11 15 11   7.7  949 147  0.4 8  6.0  90   18  118 313 -360  2
4184500 2653500 11 15 12   8.2  949  38  1.3 7  6.2  87    8  124 315 -365  2
4184500 2653500 11 15 13   8.4  950 240  2.6 7  6.3  87    5  116 313 -367  2
4184500 2653500 11 15 14   9.3  950 261  1.9 8  6.3  84    0   76 320 -368  2
4184500 2653500 11 15 15   8.7  951 248  1.6 8  6.3  83    0   59 327 -366  2
4184500 2653500 11 15 16   9.5  951 272  2.5 7  6.3  82    0   28 323 -363  2
4184500 2653500 11 15 17  10.0  952 226  2.6 7  6.2  77    0    6 318 -360  2
4184500 2653500 11 15 18  10.4  952 208  3.2 8  6.1  74    0    0 326 -358  2
4184500 2653500 11 15 19  10.2  953 184  3.6 8  6.3  76    0    0 333 -356  2
4184500 2653500 11 15 20  10.3  954 187  4.0 8  6.5  79    0    0 334 -356  2
4184500 2653500 11 15 21  10.3  954 192  3.1 7  6.5  79    0    0 327 -357  2
4184500 2653500 11 15 22   9.8  954 192  3.4 6  6.4  79    0    0 313 -358  2
4184500 2653500 11 15 23  10.0  954  29  3.6 5  6.3  78    0    0 299 -356  2
4184500 2653500 11 15 24   9.2  954  98  0.6 6  6.1  77    0    0 300 -353  2
4184500 2653500 11 16  1   8.9  954 122  1.4 7  6.1  80    0    0 312 -352  2
4184500 2653500 11 16  2   8.9  954  96  1.6 8  6.1  81    0    0 326 -355  2
4184500 2653500 11 16  3   8.9  954  89  1.6 8  6.1  80    0    0 333 -357  2
4184500 2653500 11 16  4   8.7  954  84  1.6 7  6.0  80    0    0 326 -358  2
4184500 2653500 11 16  5   8.2  953 101  2.0 4  5.9  81    0    0 299 -359  2
4184500 2653500 11 16  6   7.7  953  94  2.1 3  5.9  83    0    0 269 -359  2
4184500 2653500 11 16  7   6.4  953 108  1.6 6  5.9  89    0    0 277 -360  2
4184500 2653500 11 16  8   6.8  954 105  1.5 6  6.0  93    0    2 296 -362  2
4184500 2653500 11 16  9   8.4  953 107  1.6 7  6.3  91   12   42 307 -364  2
4184500 2653500 11 16 10   9.5  953 126  1.4 6  6.6  87   20   91 312 -366  2
4184500 2653500 11 16 11  10.9  953 130  1.8 6  6.8  82   94  129 307 -368  2
4184500 2653500 11 16 12  11.2  953 131  2.0 7  6.8  78   11  128 317 -370  2
4184500 2653500 11 16 13  12.3  952 121  2.9 7  6.8  74   18  136 327 -371  2
4184500 2653500 11 16 14  12.2  952 105  2.5 6  6.8  72   30  127 319 -370  2
4184500 2653500 11 16 15  12.4  951 107  2.4 7  6.8  72   17   90 319 -370  2
4184500 2653500 11 16 16  12.2  951 108  2.7 7  6.8  72    3   37 329 -369  2
4184500 2653500 11 16 17  10.9  950  98  2.6 7  6.8  75    0    4 328 -369  2
4184500 2653500 11 16 18  11.6  949 117  2.6 7  6.8  77    0    0 327 -368  2
4184500 2653500 11 16 19  11.5  949 122  1.9 8  7.0  77    0    0 337 -368  2
4184500 2653500 11 16 20  11.8  949 127  1.7 8  7.0  76    0    0 347 -369  2
4184500 2653500 11 16 21   8.9  948 173  1.4 6  6.8  81    0    0 328 -368  2
4184500 2653500 11 16 22   7.6  948 216  2.8 8  6.6  91    0    0 323 -369  2
4184500 2653500 11 16 23   8.3  949 199  2.9 6  6.7  95    0    0 323 -370  2
4184500 2653500 11 16 24  10.9  950 223  8.3 8  7.0  87    0    0 331 -370  2
4184500 2653500 11 17  1  10.3  952 224  8.0 8  6.9  82    0    0 346 -368  2
4184500 2653500 11 17  2  10.4  952 231  7.3 8  6.8  81    0    0 346 -365  2
4184500 2653500 11 17  3  10.2  953 234  8.2 7  6.6  79    0    0 340 -364  2
4184500 2653500 11 17  4  10.0  954 235  7.6 8  6.3  77    0    0 339 -362  2
4184500 2653500 11 17  5  10.1  955 243  6.5 8  6.2  76    0    0 343 -360  2
4184500 2653500 11 17  6  10.1  956 250  6.8 7  6.1  74    0    0 336 -358  2
4184500 2653500 11 17  7  10.0  957 239  6.7 6  5.9  73    0    0 324 -357  2
4184500 2653500 11 17  8   9.7  958 236  5.9 5  5.8  72    0    3 310 -355  2
4184500 2653500 11 17  9   9.6  960 243  4.8 6  5.6  71   62   17 308 -354  2
4184500 2653500 11 17 10   9.8  961 243  6.8 7  5.5  69   33   61 317 -354  2
4184500 2653500 11 17 11   9.4  962 235  7.6 8  5.4  69   15   91 323 -357  2
4184500 2653500 11 17 12   9.6  964 237  8.4 8  5.4  69    0   84 327 -359  2
4184500 2653500 11 17 13   9.9  964 242  7.2 8  5.3  68    0   68 327 -360  2
4184500 2653500 11 17 14  10.5  965 229  5.5 4  5.3  66  153   37 309 -360  2
4184500 2653500 11 17 15  10.4  965 256  3.9 4  5.3  64   57   53 290 -359  2
4184500 2653500 11 17 16   9.1  966 228  3.5 4  5.3  67   57   16 288 -357  2
4184500 2653500 11 17 17   8.2  966 228  2.8 3  5.3  72    0    6 280 -352  2
4184500 2653500 11 17 18   8.3  967 190  4.1 4  5.4  76    0    0 278 -347  2
4184500 2653500 11 17 19   7.5  968 210  4.0 6  5.5  79    0    0 290 -344  2
4184500 2653500 11 17 20   6.8  968 185  2.1 5  5.4  82    0    0 291 -343  2
4184500 2653500 11 17 21   5.7  969 193  2.1 3  5.2  84    0    0 273 -342  2
4184500 2653500 11 17 22   5.0  970 193  1.5 1  5.0  86    0    0 249 -341  2
4184500 2653500 11 17 23   4.7  971 186  2.1 1  4.9  87    0    0 231 -341  2
4184500 2653500 11 17 24   5.4  971 160  1.3 2  4.8  85    0    0 234 -341  2
4184500 2653500 11 18  1   4.8  971 164  0.8 1  4.9  86    0    0 234 -340  2
4184500 2653500 11 18  2   5.1  971  99  0.0 4  4.8  86    0    0 245 -339  2
4184500 2653500 11 18  3   5.5  971 168  0.7 5  4.8  83    0    0 271 -340  2
4184500 2653500 11 18  4   4.9  971 166  0.5 3  4.8  84    0    0 267 -340  2
4184500 2653500 11 18  5   3.9  971 167  0.5 4  4.7  87    0    0 260 -339  2
4184500 2653500 11 18  6   3.6  970 160  1.7 3  4.5  86    0    0 258 -338  2
4184500 2653500 11 18  7   3.9  969 134  1.9 3  4.4  85    0    0 252 -338  2
4184500 2653500 11 18  8   3.4  969 137  0.6 6  4.5  87    0    2 270 -338  2
4184500 2653500 11 18  9   4.9  970 140  1.1 7  4.5  83   13   39 295 -340  2
4184500 2653500 11 18 10   5.8  971 147  0.8 6  4.5  77    1   64 298 -343  2
4184500 2653500 11 18 11   7.5  971 145  1.6 7  4.7  75   27  118 301 -348  2
4184500 2653500 11 18 12   8.4  971  47  1.1 6  5.2  75   84  141 306 -354  2
4184500 2653500 11 18 13  10.0  969 135  0.6 5  5.3  70  122  132 301 -356  2
4184500 2653500 11 18 14  10.7  970 173  0.4 6  5.2  64   80  120 305 -357  2
4184500 2653500 11 18 15  10.6  969 108  0.9 6  5.2  62   33   87 311 -356  2
4184500 2653500 11 18 16   9.6  969  82  1.7 6  5.1  64   18   40 309 -355  2
4184500 2653500 11 18 17   8.4  968  64  1.6 6  5.2  69    0    4 305 -350  2
4184500 2653500 11 18 18   7.5  968  48  2.0 7  5.2  75    0    0 306 -347  2
4184500 2653500 11 18 19   6.6  967  34  1.6 7  5.1  79    0    0 307 -346  2
4184500 2653500 11 18 20   6.5  967  38  1.4 8  5.2  82    0    0 310 -346  2
4184500 2653500 11 18 21   6.2  967  38  1.2 8  5.3  85    0    0 314 -346  2
4184500 2653500 11 18 22   6.1  967  40  1.1 8  5.4  87    0    0 316 -346  2
4184500 2653500 11 18 23   6.4  966  74  2.0 8  5.5  88    0    0 318 -347  2
4184500 2653500 11 18 24   6.9  966 115  3.3 8  5.7  89    0    0 317 -347  2
4184500 2653500 11 19  1   7.4  966 169  5.1 8  5.9  88    0    0 334 -344  2
4184500 2653500 11 19  2   7.9  966 212  6.5 8  6.0  87    0    0 334 -344  2
4184500 2653500 11 19  3   8.3  965 244  7.5 8  6.1  85    0    0 333 -343  2
4184500 2653500 11 19  4   8.4  965 244  7.5 8  6.1  85    0    0 332 -342  2
4184500 2653500 11 19  5   8.4  964 245  7.4 8  6.1  84    0    0 332 -341  2
4184500 2653500 11 19  6   8.6  963 248  7.2 8  6.1  82    0    0 332 -341  2
4184500 2653500 11 19  7   8.4  963 248  6.7 8  6.1  84    0    0 330 -340  2
4184500 2653500 11 19  8   8.7  964 247  7.5 8  6.0  83    0    2 329 -340  2
4184500 2653500 11 19  9   8.7  963 246  8.0 8  5.9  80    0   17 327 -340  2
4184500 2653500 11 19 10   8.3  963 250  8.3 8  5.9  82    0   36 324 -340  2
4184500 2653500 11 19 11   7.3  963 257  8.4 8  5.9  85    0   39 321 -340  2
4184500 2653500 11 19 12   6.7  964 259  7.7 8  5.7  86    0   51 318 -340  2
4184500 2653500 11 19 13   6.1  964 278  6.8 8  5.5  87    0   52 316 -341  2
4184500 2653500 11 19 14   5.3  964 321  5.9 8  5.3  88    0   40 312 -341  2
4184500 2653500 11 19 15   4.8  964 294  5.5 8  5.1  89    0   29 310 -339  2
4184500 2653500 11 19 16   4.8  964 301  5.6 8  5.1  91    0   10 308 -337  2
4184500 2653500 11 19 17   4.5  963 253  4.1 7  5.0  91    0    1 299 -335  2
4184500 2653500 11 19 18   4.3  963 265  3.5 7  5.0  92    0    0 289 -333  2
4184500 2653500 11 19 19   3.9  962 302  2.1 8  5.0  93    0    0 296 -331  2
4184500 2653500 11 19 20   3.3  961 278  2.7 8  4.8  93    0    0 302 -327  2
4184500 2653500 11 19 21   3.1  960  19  1.8 8  4.7  94    0    0 300 -322  2
4184500 2653500 11 19 22   3.0  960 246  1.1 8  4.6  93    0    0 298 -321  2
4184500 2653500 11 19 23   2.2  958 264  1.2 8  4.5  93    0    0 296 -321  2
4184500 2653500 11 19 24   3.5  957  63  2.7 8  4.7  95    0    0 297 -321  2
4184500 2653500 11 20  1   4.1  955 350  5.5 8  4.9  94    0    0 300 -321  2
4184500 2653500 11 20  2   4.8  952  24  7.3 8  5.1  93    0    0 303 -320  2
4184500 2653500 11 20  3   6.0  951 166  8.6 8  5.3  90    0    0 307 -320  2
4184500 2653500 11 20  4   5.7  948 242  8.6 8  5.3  86    0    0 309 -318  2
4184500 2653500 11 20  5   5.5  946 227  9.0 8  5.2  86    0    0 308 -316  2
4184500 2653500 11 20  6   5.3  944 231  8.2 8  5.1  85    0    0 307 -314  2
4184500 2653500 11 20  7   2.3  942 259  9.6 8  4.7  88    0    0 299 -313  2
4184500 2653500 11 20  8  -0.4  944 296  8.4 8  4.1  93    0    0 289 -311  2
4184500 2653500 11 20  9  -0.5  947 306  8.8 8  3.7  95    0    9 284 -310  2
4184500 2653500 11 20 10  -0.3  950 304  8.8 8  3.7  94    0   25 282 -310  2
4184500 2653500 11 20 11  -0.2  954 304  7.5 8  3.7  94    0   50 280 -311  2
4184500 2653500 11 20 12  -0.1  955 297  6.4 8  3.7  93    0   52 279 -312  2
4184500 2653500 11 20 13  -0.2  957 304  5.9 8  3.7  93    0   54 277 -313  2
4184500 2653500 11 20 14  -0.3  959 308  5.1 8  3.7  94    0   69 273 -312  2
4184500 2653500 11 20 15  -0.5  960 316  4.2 8  3.7  94    0   46 272 -310  2
4184500 2653500 11 20 16  -0.4  962 305  4.4 7  3.6  93    0   16 267 -309  2
4184500 2653500 11 20 17  -0.7  963 300  3.3 6  3.6  94    0    2 256 -308  2
4184500 2653500 11 20 18  -1.1  964 303  2.0 7  3.5  94    0    0 253 -307  2
4184500 2653500 11 20 19  -1.3  965 304  2.8 8  3.4  93    0    0 259 -305  2
4184500 2653500 11 20 20  -1.2  966 297  2.8 8  3.4  94    0    0 264 -306  2
4184500 2653500 11 20 21  -1.1  967 307  2.3 7  3.6  97    0    0 262 -307  2
4184500 2653500 11 20 22  -1.1  967 288  1.8 8  3.6  98    0    0 262 -307  2
4184500 2653500 11 20 23  -1.2  967 286  2.7 8  3.6  98    0    0 267 -306  2
4184500 2653500 11 20 24  -1.2  968 277  3.1 4  3.5  96    0    0 247 -305  2
4184500 2653500 11 21  1  -1.5  968 271  4.5 6  3.4  94    0    0 237 -305  2
4184500 2653500 11 21  2  -1.4  968 270  5.0 7  3.3  94    0    0 250 -307  2
4184500 2653500 11 21  3  -0.9  968 267  6.3 8  3.4  93    0    0 261 -307  2
4184500 2653500 11 21  4  -0.7  968 262  5.4 8  3.5  92    0    0 268 -308  2
4184500 2653500 11 21  5  -0.8  967 253  5.1 8  3.5  92    0    0 267 -307  2
4184500 2653500 11 21  6  -0.7  967 264  5.9 8  3.5  93    0    0 267 -306  2
4184500 2653500 11 21  7  -0.6  967 269  5.4 8  3.5  93    0    0 268 -306  2
4184500 2653500 11 21  8  -0.5  968 278  5.5 8  3.5  92    0    0 269 -306  2
4184500 2653500 11 21  9  -0.5  968 278  5.0 8  3.5  93    0   12 271 -306  2
4184500 2653500 11 21 10  -0.2  968 276  5.0 8  3.5  91    0   57 274 -306  2
4184500 2653500 11 21 11  -0.1  968 275  5.7 7  3.5  90    3  102 271 -306  2
4184500 2653500 11 21 12   0.0  968 268  6.7 8  3.5  89    0   65 274 -308  2
4184500 2653500 11 21 13   0.0  968 264  7.0 7  3.5  88    0   92 274 -310  2
4184500 2653500 11 21 14   0.0  967 267  6.0 7  3.5  88    9  117 268 -310  2
4184500 2653500 11 21 15   0.4  967 267  5.9 8  3.5  86    8   82 275 -310  2
4184500 2653500 11 21 16   0.3  967 265  6.3 8  3.5  85    0   23 281 -310  2
4184500 2653500 11 21 17  -0.1  967 266  5.7 8  3.5  88    0    3 282 -310  2
4184500 2653500 11 21 18   0.0  967 261  7.1 8  3.6  90    0    0 281 -310  2
4184500 2653500 11 21 19  -0.1  967 274  6.9 8  3.5  90    0    0 281 -310  2
4184500 2653500 11 21 20  -0.2  968 270  7.7 8  3.5  90    0    0 280 -310  2
4184500 2653500 11 21 21  -0.1  968 267  8.5 7  3.5  90    0    0 275 -310  2
4184500 2653500 11 21 22  -0.1  968 283  8.1 8  3.6  91    0    0 275 -309  2
4184500 2653500 11 21 23   0.1  969 288  8.6 8  3.6  90    0    0 281 -309  2
4184500 2653500 11 21 24   0.1  969 294  8.1 8  3.6  89    0    0 280 -309  2
4184500 2653500 11 22  1  -0.3  970 290  6.3 8  3.5  89    0    0 278 -308  2
4184500 2653500 11 22  2  -0.1  971 295  6.9 8  3.4  88    0    0 276 -308  2
4184500 2653500 11 22  3  -0.4  972 306  5.7 8  3.4  87    0    0 274 -308  2
4184500 2653500 11 22  4  -0.6  973 302  4.7 7  3.4  88    0    0 270 -307  2
4184500 2653500 11 22  5  -0.7  972 304  4.7 7  3.4  90    0    0 263 -307  2
4184500 2653500 11 22  6  -0.5  973 307  3.8 6  3.4  89    0    0 258 -307  2
4184500 2653500 11 22  7  -0.4  974 299  3.9 7  3.3  88    0    0 258 -307  2
4184500 2653500 11 22  8  -0.6  975 291  3.7 7  3.4  89    0    1 261 -307  2
4184500 2653500 11 22  9  -0.2  975 283  4.4 7  3.5  91    3   24 261 -308  2
4184500 2653500 11 22 10   0.1  975 279  4.8 8  3.5  90    7   61 267 -309  2
4184500 2653500 11 22 11   0.4  976 280  4.8 8  3.6  90    0   68 273 -311  2
4184500 2653500 11 22 12   0.8  977 279  5.2 8  3.6  88    0   68 274 -312  2
4184500 2653500 11 22 13   1.1  977 282  5.9 8  3.6  86    0   65 272 -314  2
4184500 2653500 11 22 14   1.2  977 287  5.6 8  3.6  85   17   87 271 -314  2
4184500 2653500 11 22 15   1.3  977 279  5.1 7  3.7  86   33   58 266 -315  2
4184500 2653500 11 22 16   1.2  977 276  4.6 7  3.7  86    7   25 262 -314  2
4184500 2653500 11 22 17   0.5  977 275  3.1 7  3.7  88    0    0 262 -313  2
4184500 2653500 11 22 18   0.5  977 262  3.7 6  3.6  89    0    0 258 -312  2
4184500 2653500 11 22 19   0.1  977 250  3.4 6  3.5  88    0    0 254 -311  2
4184500 2653500 11 22 20   0.1  977 245  2.3 7  3.4  86    0    0 259 -310  2
4184500 2653500 11 22 21  -0.4  977 228  2.3 8  3.3  86    0    0 270 -308  2
4184500 2653500 11 22 22  -1.2  977 210  2.0 6  3.2  87    0    0 266 -306  2
4184500 2653500 11 22 23  -0.9  977 208  2.6 7  3.2  87    0    0 262 -305  2
4184500 2653500 11 22 24  -0.5  976 199  2.3 8  3.2  85    0    0 275 -305  2
4184500 2653500 11 23  1  -0.5  975 198  2.8 6  3.1  83    0    0 271 -306  2
4184500 2653500 11 23  2  -0.4  975 207  2.8 8  3.1  81    0    0 273 -307  2
4184500 2653500 11 23  3   0.3  974 193  2.1 8  3.0  78    0    0 289 -308  2
4184500 2653500 11 23  4   0.2  973 187  1.9 7  3.2  80    0    0 284 -309  2
4184500 2653500 11 23  5  -0.2  972 172  1.8 8  3.5  90    0    0 288 -310  2
4184500 2653500 11 23  6   0.7  971 188  2.8 8  3.8  94    0    0 301 -313  2
4184500 2653500 11 23  7   1.6  970 237  5.2 8  4.0  94    0    0 307 -317  2
4184500 2653500 11 23  8   2.1  969 231  4.2 8  4.2  94    0    0 311 -320  2
4184500 2653500 11 23  9   2.7  969 239  4.9 8  4.3  92    0   25 315 -321  2
4184500 2653500 11 23 10   3.1  969 237  5.5 6  4.4  90    2   61 305 -321  2
4184500 2653500 11 23 11   4.2  968 239  6.7 8  4.6  89    0   55 308 -321  2
4184500 2653500 11 23 12   5.0  968 240  6.6 8  4.8  88    0   39 325 -321  2
4184500 2653500 11 23 13   5.8  967 236  6.0 8  5.1  87    0   40 329 -321  2
4184500 2653500 11 23 14   6.4  966 236  7.2 8  5.4  88    0   24 332 -321  2
4184500 2653500 11 23 15   6.9  966 239  6.4 8  5.7  89    0   18 335 -321  2
4184500 2653500 11 23 16   7.2  965 241  6.3 8  5.9  89    0    5 336 -326  2
4184500 2653500 11 23 17   7.3  965 245  5.7 8  5.9  89    0    0 337 -332  2
4184500 2653500 11 23 18   7.7  965 242  6.0 8  6.0  89    0    0 338 -335  2
4184500 2653500 11 23 19   7.6  965 250  3.9 8  6.1  88    0    0 339 -337  2
4184500 2653500 11 23 20   7.8  965 249  6.2 8  6.1  88    0    0 340 -338  2
4184500 2653500 11 23 21   7.8  965 251  6.5 8  6.1  88    0    0 340 -340  2
4184500 2653500 11 23 22   7.3  965 264  7.3 8  6.0  88    0    0 340 -341  2
4184500 2653500 11 23 23   6.9  965 263  5.1 8  6.0  90    0    0 339 -342  2
4184500 2653500 11 23 24   7.4  965 258  5.8 8  6.1  91    0    0 339 -343  2
4184500 2653500 11 24  1   7.5  966 263  6.3 8  6.1  90    0    0 341 -343  2
4184500 2653500 11 24  2   7.5  965 259  6.1 8  6.0  88    0    0 341 -344  2
4184500 2653500 11 24  3   7.6  965 261  6.5 8  5.9  87    0    0 341 -344  2
4184500 2653500 11 24  4   7.9  965 253  6.4 8  5.9  86    0    0 340 -345  2
4184500 2653500 11 24  5   8.0  965 254  6.3 7  5.9  85    0    0 334 -346  2
4184500 2653500 11 24  6   8.0  965 259  7.0 8  6.0  85    0    0 333 -347  2
4184500 2653500 11 24  7   8.1  965 256  8.1 8  6.0  85    0    0 338 -347  2
4184500 2653500 11 24  8   8.0  966 289  8.1 8  6.1  87    0    0 336 -347  2
4184500 2653500 11 24  9   5.7  965 293  6.5 8  5.7  88    3   22 329 -344  2
4184500 2653500 11 24 10   4.4  967 319  6.2 8  5.1  90    0   42 320 -339  2
4184500 2653500 11 24 11   4.0  968 302  8.8 8  4.8  90    0   36 314 -336  2
4184500 2653500 11 24 12   4.4  970 309  8.0 8  4.6  86    0   42 314 -333  2
4184500 2653500 11 24 13   4.9  971 311  8.0 8  4.5  81    0   46 315 -332  2
4184500 2653500 11 24 14   4.0  971 314  8.6 6  4.2  77   23   75 301 -331  2
4184500 2653500 11 24 15   4.1  971 314  6.8 5  4.0  76   39   41 281 -329  2
4184500 2653500 11 24 16   3.8  972 304  5.8 5  3.9  74    0   22 275 -326  2
4184500 2653500 11 24 17   3.4  974 313  5.5 5  3.7  73    0    0 272 -322  2
4184500 2653500 11 24 18   2.5  975 312  4.5 4  3.6  74    0    0 263 -321  2
4184500 2653500 11 24 19   2.0  976 313  4.1 5  3.5  76    0    0 261 -320  2
4184500 2653500 11 24 20   1.3  978 320  4.2 4  3.5  79    0    0 260 -318  2
4184500 2653500 11 24 21   0.8  978 320  4.3 4  3.4  81    0    0 252 -313  2
4184500 2653500 11 24 22   0.5  979 317  4.3 5  3.4  82    0    0 257 -309  2
4184500 2653500 11 24 23   0.1  980 315  3.7 5  3.4  84    0    0 261 -306  2
4184500 2653500 11 24 24   0.3  980 312  3.7 6  3.4  85    0    0 266 -305  2
4184500 2653500 11 25  1   0.2  981 310  3.8 7  3.4  86    0    0 277 -304  2
4184500 2653500 11 25  2   0.0  982 322  3.4 7  3.4  87    0    0 283 -303  2
4184500 2653500 11 25  3  -0.2  982 318  3.5 8  3.4  88    0    0 287 -303  2
4184500 2653500 11 25  4  -0.3  983 315  3.9 8  3.4  89    0    0 291 -303  2
4184500 2653500 11 25  5  -0.4  983 318  3.3 8  3.4  88    0    0 289 -302  2
4184500 2653500 11 25  6  -0.7  984 326  3.0 8  3.3  89    0    0 288 -302  2
4184500 2653500 11 25  7  -0.7  984 327  2.7 8  3.3  89    0    0 286 -301  2
4184500 2653500 11 25  8  -0.9  985 328  2.4 8  3.3  89    0    0 286 -301  2
4184500 2653500 11 25  9  -0.8  985 331  2.4 8  3.2  89    3   29 286 -301  2
4184500 2653500 11 25 10  -0.7  986 323  3.2 8  3.1  85    7   71 285 -301  2
4184500 2653500 11 25 11  -0.1  986 321  2.8 8  3.1  81    7   99 285 -302  2
4184500 2653500 11 25 12   0.4  987 294  2.5 6  3.1  78   35  143 274 -303  2
4184500 2653500 11 25 13   0.5  987 292  2.9 6  3.1  77   65  152 263 -305  2
4184500 2653500 11 25 14   0.8  986 307  2.2 5  3.2  77   93  129 257 -306  2
4184500 2653500 11 25 15   0.0  986 298  2.2 3  3.1  78   68   94 241 -307  2
4184500 2653500 11 25 16   0.1  986 301  1.5 3  3.1  79   14   40 230 -305  2
4184500 2653500 11 25 17  -1.0  986 273  0.7 3  3.1  81    0    2 229 -303  2
4184500 2653500 11 25 18  -1.6  986 226  0.7 2  3.0  85    0    0 222 -302  2
4184500 2653500 11 25 19  -2.1  986 227  1.1 1  3.0  88    0    0 212 -301  2
4184500 2653500 11 25 20  -2.1  986 233  1.1 1  3.0  90    0    0 207 -300  2
4184500 2653500 11 25 21  -2.7  986 236  1.1 0  3.0  91    0    0 202 -298  2
4184500 2653500 11 25 22  -3.2  985 211  1.0 0  2.9  94    0    0 195 -296  2
4184500 2653500 11 25 23  -2.2  985 176  1.3 1  2.9  90    0    0 200 -294  2
4184500 2653500 11 25 24  -2.9  985 173  0.2 5  2.9  89    0    0 224 -293  2
4184500 2653500 11 26  1  -1.7  985 133  0.9 7  3.0  90    0    0 253 -293  2
4184500 2653500 11 26  2  -1.9  985 167  0.8 7  3.0  88    0    0 262 -292  2
4184500 2653500 11 26  3  -3.0  985 171  0.6 6  2.9  90    0    0 256 -291  2
4184500 2653500 11 26  4  -2.6  984 150  1.3 4  2.8  87    0    0 242 -289  2
4184500 2653500 11 26  5  -2.9  984 135  1.8 4  2.6  80    0    0 233 -288  2
4184500 2653500 11 26  6  -2.4  984 132  1.8 3  2.4  76    0    0 229 -288  2
4184500 2653500 11 26  7  -2.2  984 148  1.7 1  2.3  71    0    0 216 -288  2
4184500 2653500 11 26  8  -2.2  983 181  1.8 1  2.2  67    0    0 206 -287  2
4184500 2653500 11 26  9  -2.0  983 154  0.9 1  2.2  66   37   25 206 -286  2
4184500 2653500 11 26 10  -0.1  983 145  0.6 1  2.5  68  131   43 210 -290  2
4184500 2653500 11 26 11   1.8  983 147  0.8 1  2.8  67  212   47 215 -298  2
4184500 2653500 11 26 12   2.9  983 133  1.1 1  2.8  60  246   53 219 -307  2
4184500 2653500 11 26 13   4.3  982 159  1.0 1  2.7  53  243   55 222 -314  2
4184500 2653500 11 26 14   4.6  982 151  1.5 1  2.7  50  194   59 223 -317  2
4184500 2653500 11 26 15   4.1  981 212  1.2 1  2.8  52  111   55 224 -318  2
4184500 2653500 11 26 16   3.7  981 217  0.6 1  2.8  53   22   33 222 -316  2
4184500 2653500 11 26 17   2.2  980 199  1.3 2  2.7  55    0    2 223 -312  2
4184500 2653500 11 26 18   1.2  980 172  1.8 2  2.7  62    0    0 224 -307  2
4184500 2653500 11 26 19   0.4  979 169  0.4 1  2.7  65    0    0 218 -304  2
4184500 2653500 11 26 20   0.5  979 169  1.3 1  2.6  64    0    0 215 -303  2
4184500 2653500 11 26 21   1.7  979 170  1.0 1  2.2  53    0    0 216 -303  2
4184500 2653500 11 26 22   0.7  978 178  1.2 1  2.1  48    0    0 213 -303  2
4184500 2653500 11 26 23   0.3  978 190  1.4 1  2.1  52    0    0 210 -303  2
4184500 2653500 11 26 24   0.1  978 221  2.1 2  2.1  53    0    0 210 -301  2
4184500 2653500 11 27  1   0.9  977 265  0.5 3  2.0  48    0    0 215 -298  2
4184500 2653500 11 27  2   1.3  978 219  0.8 2  1.8  43    0    0 212 -295  2
4184500 2653500 11 27  3   1.0  977 183  0.7 1  1.8  42    0    0 199 -293  2
4184500 2653500 11 27  4   1.0  977 181  0.4 0  1.8  43    0    0 185 -292  2
4184500 2653500 11 27  5   0.2  976 194  0.0 2  1.9  47    0    0 186 -292  2
4184500 2653500 11 27  6  -0.4  975 230  0.7 3  2.1  53    0    0 199 -292  2
4184500 2653500 11 27  7   0.2  975 184  0.5 4  2.3  60    0    0 210 -292  2
4184500 2653500 11 27  8   0.0  975 200  2.7 5  2.8  70    0    0 223 -291  2
4184500 2653500 11 27  9   0.4  975 242  3.3 5  3.2  79   17   31 230 -290  2
4184500 2653500 11 27 10   0.9  976 244  4.7 4  3.4  83   78   73 225 -299  2
4184500 2653500 11 27 11   1.7  976 251  5.1 4  3.5  81  103  110 220 -312  2
4184500 2653500 11 27 12   2.1  977 244  4.0 5  3.6  79   64  141 227 -320  2
4184500 2653500 11 27 13   2.1  976 238  4.1 3  3.6  79   87  139 221 -325  2
4184500 2653500 11 27 14   2.1  976 230  5.6 3  3.6  79   73  120 208 -327  2
4184500 2653500 11 27 15   2.0  975 239  4.6 4  3.6  78   35   84 216 -327  2
4184500 2653500 11 27 16   1.7  975 238  3.9 6  3.6  79    0   25 239 -326  2
4184500 2653500 11 27 17   1.2  975 246  3.2 6  3.6  82    0    0 255 -325  2
4184500 2653500 11 27 18   1.1  975 243  4.0 5  3.6  84    0    0 248 -325  2
4184500 2653500 11 27 19   0.9  975 253  3.4 7  3.6  85    0    0 255 -326  2
4184500 2653500 11 27 20   1.1  976 252  2.9 6  3.6  84    0    0 265 -328  2
4184500 2653500 11 27 21   1.5  975 257  1.9 6  3.6  84    0    0 260 -328  2
4184500 2653500 11 27 22   1.5  976 256  1.6 8  3.8  86    0    0 281 -327  2
4184500 2653500 11 27 23   1.9  976 255  1.5 8  3.9  88    0    0 302 -326  2
4184500 2653500 11 27 24   2.5  975 258  1.4 7  4.0  87    0    0 299 -324  2
4184500 2653500 11 28  1   2.9  975 248  1.1 7  4.1  86    0    0 294 -322  2
4184500 2653500 11 28  2   3.1  974 224  1.9 8  4.2  85    0    0 305 -323  2
4184500 2653500 11 28  3   2.9  974 231  2.4 8  4.2  86    0    0 313 -326  2
4184500 2653500 11 28  4   3.1  974 226  2.5 8  4.3  87    0    0 315 -329  2
4184500 2653500 11 28  5   3.5  973 223  3.7 8  4.4  87    0    0 318 -331  2
4184500 2653500 11 28  6   3.5  973 238  3.0 8  4.4  87    0    0 319 -332  2
4184500 2653500 11 28  7   3.6  973 233  4.1 8  4.5  88    0    0 321 -333  2
4184500 2653500 11 28  8   3.4  973 238  3.9 7  4.5  89    0    0 314 -333  2
4184500 2653500 11 28  9   3.5  973 245  4.0 8  4.6  92    0    7 315 -334  2
4184500 2653500 11 28 10   3.6  973 258  3.6 8  4.7  93    0   24 322 -335  2
4184500 2653500 11 28 11   3.8  974 265  3.8 8  4.8  93    0   28 322 -335  2
4184500 2653500 11 28 12   4.2  974 276  3.4 8  4.9  93    0   45 322 -335  2
4184500 2653500 11 28 13   4.3  974 284  3.3 8  5.0  94    0   47 323 -336  2
4184500 2653500 11 28 14   4.9  974 287  3.7 8  5.2  94    0   50 323 -336  2
4184500 2653500 11 28 15   5.1  974 287  3.8 8  5.3  93    0   45 323 -337  2
4184500 2653500 11 28 16   4.8  974 285  3.8 7  5.2  93    0   15 314 -337  2
4184500 2653500 11 28 17   4.4  974 294  3.9 7  5.1  93    0    0 305 -335  2
4184500 2653500 11 28 18   4.3  975 269  3.1 7  5.0  92    0    0 302 -334  2
4184500 2653500 11 28 19   4.0  975 240  2.2 8  4.9  92    0    0 306 -333  2
4184500 2653500 11 28 20   3.9  975 234  2.8 8  4.9  93    0    0 312 -332  2
4184500 2653500 11 28 21   3.9  975 239  2.9 7  4.8  93    0    0 302 -330  2
4184500 2653500 11 28 22   3.9  975 226  2.8 8  4.8  92    0    0 301 -329  2
4184500 2653500 11 28 23   3.8  975 215  2.4 8  4.8  92    0    0 308 -329  2
4184500 2653500 11 28 24   3.8  975 198  2.1 7  4.8  92    0    0 301 -329  2
4184500 2653500 11 29  1   4.1  974 189  2.2 8  4.7  91    0    0 301 -328  2
4184500 2653500 11 29  2   4.1  974 190  2.7 7  4.7  90    0    0 303 -327  2
4184500 2653500 11 29  3   4.0  973 169  2.4 7  4.7  90    0    0 294 -325  2
4184500 2653500 11 29  4   4.0  973 169  2.4 7  4.7  89    0    0 294 -324  2
4184500 2653500 11 29  5   3.8  973 169  2.6 8  4.7  89    0    0 302 -324  2
4184500 2653500 11 29  6   4.0  972 156  2.4 7  4.6  89    0    0 302 -322  2
4184500 2653500 11 29  7   4.0  971 157  1.6 8  4.7  88    0    0 303 -321  2
4184500 2653500 11 29  8   4.2  971 171  2.6 8  4.6  87    0    0 311 -321  2
4184500 2653500 11 29  9   4.5  971 161  2.8 8  4.5  84    0   14 313 -321  2
4184500 2653500 11 29 10   5.0  972 178  2.9 8  4.6  82    0   40 313 -321  2
4184500 2653500 11 29 11   5.3  971 194  3.2 7  4.7  82    0   62 308 -325  2
4184500 2653500 11 29 12   5.7  971 175  3.4 8  4.9  84    0   77 310 -333  2
4184500 2653500 11 29 13   6.1  970 320  3.0 8  5.1  84    0   64 319 -338  2
4184500 2653500 11 29 14   6.3  969 319  3.6 8  5.0  82    0   69 321 -341  2
4184500 2653500 11 29 15   6.0  968 298  2.8 8  5.0  81    0   46 322 -340  2
4184500 2653500 11 29 16   5.6  968 314  2.5 8  4.9  81    0   17 321 -337  2
4184500 2653500 11 29 17   5.1  968 228  1.6 8  4.8  82    0    0 320 -333  2
4184500 2653500 11 29 18   4.8  968 231  1.9 8  4.7  82    0    0 319 -331  2
4184500 2653500 11 29 19   4.5  967 228  2.3 8  4.5  82    0    0 318 -330  2
4184500 2653500 11 29 20   4.4  968 212  1.9 8  4.5  82    0    0 318 -330  2
4184500 2653500 11 29 21   4.2  967 201  1.0 7  4.4  81    0    0 312 -329  2
4184500 2653500 11 29 22   3.8  967 207  1.1 8  4.4  82    0    0 312 -329  2
4184500 2653500 11 29 23   3.7  967 232  1.7 7  4.4  85    0    0 312 -328  2
4184500 2653500 11 29 24   3.5  967 213  1.4 7  4.5  87    0    0 307 -328  2
4184500 2653500 11 30  1   3.4  967 234  2.3 8  4.6  90    0    0 311 -327  2
4184500 2653500 11 30  2   3.5  966 251  2.3 8  4.6  91    0    0 317 -327  2
4184500 2653500 11 30  3   3.3  966 260  2.2 8  4.7  92    0    0 317 -327  2
4184500 2653500 11 30  4   3.5  967 262  2.2 8  4.7  93    0    0 317 -327  2
4184500 2653500 11 30  5   3.5  967 269  1.8 8  4.7  92    0    0 317 -327  2
4184500 2653500 11 30  6   3.5  967 276  2.1 8  4.8  93    0    0 316 -327  2
4184500 2653500 11 30  7   3.6  967 284  1.4 7  4.8  94    0    0 311 -327  2
4184500 2653500 11 30  8   3.4  967 264  1.6 8  4.8  94    0    0 310 -327  2
4184500 2653500 11 30  9   3.9  968 293  1.9 8  4.9  94    0   17 315 -326  2
4184500 2653500 11 30 10   3.9  969 301  2.3 8  4.9  94    0   42 315 -327  2
4184500 2653500 11 30 11   4.4  969 319  1.8 8  5.0  94    0   46 314 -329  2
4184500 2653500 11 30 12   5.0  970 314  1.6 8  5.2  93    0   65 316 -330  2
4184500 2653500 11 30 13   5.2  970 349  2.0 8  5.2  91    1   84 316 -333  2
4184500 2653500 11 30 14   5.2  970 310  1.7 8  5.1  88    0   58 316 -334  2
4184500 2653500 11 30 15   5.2  970 314  1.7 6  5.1  88   19   70 306 -332  2
4184500 2653500 11 30 16   5.0  970 333  0.9 8  5.1  89    4   28 305 -330  2
4184500 2653500 11 30 17   4.8  970   5  0.6 7  5.0  89    0    0 308 -327  2
4184500 2653500 11 30 18   4.2  971  44  1.0 8  4.9  90    0    0 306 -324  2
4184500 2653500 11 30 19   3.9  970  66  0.5 7  5.0  94    0    0 305 -321  2
4184500 2653500 11 30 20   4.0  971  64  0.9 7  4.9  93    0    0 304 -321  2
4184500 2653500 11 30 21   3.9  971  72  0.9 7  4.9  93    0    0 304 -321  2
4184500 2653500 11 30 22   3.7  971  80  1.0 7  4.9  93    0    0 299 -320  2
4184500 2653500 11 30 23   3.0  971  91  1.2 7  4.5  91    0    0 303 -319  2
4184500 2653500 11 30 24   2.1  971 104  1.5 8  4.1  88    0    0 301 -317  2
4184500 2653500 12  1  1   1.0  969 117  1.8 8  3.7  83    0    0 286 -278  2
4184500 2653500 12  1  2   0.3  969 127  2.0 8  3.3  79    0    0 287 -283  2
4184500 2653500 12  1  3  -0.2  969 132  2.1 8  2.9  76    0    0 288 -287  2
4184500 2653500 12  1  4  -0.3  969 132  2.1 8  2.9  74    0    0 290 -288  2
4184500 2653500 12  1  5  -0.9  969 130  2.2 6  2.8  75    0    0 289 -288  2
4184500 2653500 12  1  6  -1.5  968 128  2.5 5  2.7  73    0    0 271 -288  2
4184500 2653500 12  1  7  -2.1  968 135  1.9 2  2.6  74    0    0 237 -288  2
4184500 2653500 12  1  8  -2.8  968 121  1.3 0  2.5  76    0    0 210 -287  2
4184500 2653500 12  1  9  -1.9  968 117  0.7 0  2.5  75   32   20 200 -286  2
4184500 2653500 12  1 10  -0.5  969 105  0.9 0  2.6  72  129   34 202 -288  2
4184500 2653500 12  1 11   0.4  969 110  1.7 0  2.7  68  215   44 204 -292  2
4184500 2653500 12  1 12   1.5  968 108  2.9 0  2.7  63  257   52 206 -297  2
4184500 2653500 12  1 13   2.1  968 109  2.7 0  2.7  60  220   59 208 -302  2
4184500 2653500 12  1 14   2.4  967 115  2.8 0  2.7  58  166   64 209 -303  2
4184500 2653500 12  1 15   1.9  966 112  2.3 0  2.7  59   84   57 209 -302  2
4184500 2653500 12  1 16   0.8  966 110  2.0 0  2.7  62   18   26 207 -298  2
4184500 2653500 12  1 17  -0.7  966 110  1.2 0  2.7  67    0    0 204 -293  2
4184500 2653500 12  1 18  -0.9  966 110  2.3 0  2.7  72    0    0 202 -290  2
4184500 2653500 12  1 19  -0.9  965 114  3.1 0  2.7  73    0    0 203 -290  2
4184500 2653500 12  1 20  -0.6  965 117  3.4 0  2.8  73    0    0 205 -290  2
4184500 2653500 12  1 21  -0.3  965 122  2.0 1  2.8  72    0    0 210 -290  2
4184500 2653500 12  1 22  -0.7  965 120  3.9 1  2.8  72    0    0 215 -290  2
4184500 2653500 12  1 23  -1.1  964 122  3.6 1  2.8  74    0    0 214 -290  2
4184500 2653500 12  1 24  -1.7  964 115  3.5 0  2.7  76    0    0 208 -290  2
4184500 2653500 12  2  1  -2.7  964 123  1.8 0  2.7  79    0    0 202 -290  2
4184500 2653500 12  2  2  -3.1  963 122  2.5 0  2.7  82    0    0 200 -290  2
4184500 2653500 12  2  3  -3.1  962 127  2.6 0  2.6  82    0    0 199 -290  2
4184500 2653500 12  2  4  -4.5  961 116  2.2 1  2.6  86    0    0 202 -289  2
4184500 2653500 12  2  5  -4.8  960 133  3.2 1  2.6  90    0    0 204 -289  2
4184500 2653500 12  2  6  -4.4  960 132  2.5 0  2.5  88    0    0 199 -288  2
4184500 2653500 12  2  7  -4.0  960 128  3.2 1  2.5  84    0    0 200 -288  2
4184500 2653500 12  2  8  -4.2  959 117  3.9 1  2.4  83    0    0 203 -288  2
4184500 2653500 12  2  9  -3.5  960 129  3.5 2  2.4  81   24   22 208 -288  2
4184500 2653500 12  2 10  -1.7  961 129  3.7 4  2.4  74  105   48 223 -290  2
4184500 2653500 12  2 11  -0.9  960 122  4.3 3  2.5  70  174   65 230 -294  2
4184500 2653500 12  2 12  -0.1  960 142  3.2 3  2.6  69  208   75 228 -300  2
4184500 2653500 12  2 13   1.2  959 133  3.2 3  2.7  65  183   86 230 -304  2
4184500 2653500 12  2 14   1.7  959 130  3.0 3  2.8  63  141   82 233 -306  2
4184500 2653500 12  2 15   0.9  959 136  2.8 2  2.8  64   77   64 228 -305  2
4184500 2653500 12  2 16  -1.3  958 129  4.0 2  2.8  71   19   29 219 -302  2
4184500 2653500 12  2 17  -1.5  957 136  3.2 4  2.7  75    0    0 226 -298  2
4184500 2653500 12  2 18  -1.7  957 128  4.8 4  2.7  76    0    0 236 -297  2
4184500 2653500 12  2 19  -2.8  957 136  5.0 5  2.7  79    0    0 240 -297  2
4184500 2653500 12  2 20  -2.7  957 134  3.9 4  2.7  83    0    0 238 -296  2
4184500 2653500 12  2 21  -2.4  956 134  4.3 4  2.8  84    0    0 232 -296  2
4184500 2653500 12  2 22  -2.0  956 141  4.1 7  2.8  82    0    0 249 -297  2
4184500 2653500 12  2 23  -1.9  956 140  4.6 8  2.8  80    0    0 274 -299  2
4184500 2653500 12  2 24  -1.6  955 136  4.3 7  2.8  79    0    0 274 -299  2
4184500 2653500 12  3  1  -1.2  955 147  4.0 8  2.7  76    0    0 276 -298  2
4184500 2653500 12  3  2  -1.5  955 147  4.1 8  2.7  74    0    0 283 -298  2
4184500 2653500 12  3  3  -1.6  955 179  3.4 8  2.7  75    0    0 284 -300  2
4184500 2653500 12  3  4  -0.9  955 180  2.1 8  2.7  74    0    0 286 -301  2
4184500 2653500 12  3  5  -1.2  955 213  3.3 7  2.8  74    0    0 282 -300  2
4184500 2653500 12  3  6  -1.2  955 203  2.9 8  2.8  75    0    0 283 -295  2
4184500 2653500 12  3  7  -1.1  954 202  2.9 7  2.8  76    0    0 284 -289  2
4184500 2653500 12  3  8  -0.7  954 184  3.4 7  2.9  77    0    0 278 -294  2
4184500 2653500 12  3  9  -0.7  955 176  3.0 8  3.0  78    9   16 287 -302  2
4184500 2653500 12  3 10   0.5  955 160  2.9 8  3.1  78    9   58 297 -306  2
4184500 2653500 12  3 11   1.1  957  95  2.4 7  3.4  79    2   77 293 -310  2
4184500 2653500 12  3 12   0.7  957 302  2.4 7  3.6  83    0   77 286 -313  2
4184500 2653500 12  3 13   1.6  956 348  1.9 8  3.8  86    0   62 295 -314  2
4184500 2653500 12  3 14   1.2  956 352  2.5 7  4.0  91    0   52 296 -314  2
4184500 2653500 12  3 15   1.4  956 350  3.4 6  4.2  94    0   42 282 -314  2
4184500 2653500 12  3 16   1.7  957 171  2.6 8  4.2  94    0   15 291 -314  2
4184500 2653500 12  3 17   1.1  957 175  2.6 8  4.2  95    0    0 306 -312  2
4184500 2653500 12  3 18   1.9  957 239  2.2 7  4.3  95    0    0 299 -311  2
4184500 2653500 12  3 19   1.4  957 228  3.3 7  4.2  93    0    0 294 -313  2
4184500 2653500 12  3 20   1.5  957 123  4.0 7  4.1  92    0    0 293 -313  2
4184500 2653500 12  3 21   1.7  957 198  3.3 7  4.1  91    0    0 293 -310  2
4184500 2653500 12  3 22   2.4  957 224  2.5 7  4.1  88    0    0 293 -313  2
4184500 2653500 12  3 23   1.9  958 150  3.5 6  4.1  88    0    0 289 -318  2
4184500 2653500 12  3 24   2.0  957  79  2.0 7  4.1  88    0    0 289 -313  2
4184500 2653500 12  4  1   2.6  958 142  3.1 7  4.1  86    0    0 296 -302  2
4184500 2653500 12  4  2   2.3  957 139  2.7 6  4.0  84    0    0 291 -307  2
4184500 2653500 12  4  3   2.3  957 147  3.9 6  4.0  85    0    0 285 -317  2
4184500 2653500 12  4  4   2.3  957 151  3.6 8  4.1  87    0    0 295 -317  2
4184500 2653500 12  4  5   2.8  957 147  3.9 8  4.2  87    0    0 308 -317  2
4184500 2653500 12  4  6   2.7  956 172  2.8 7  4.3  87    0    0 303 -319  2
4184500 2653500 12  4  7   3.2  956 181  3.5 6  4.3  87    0    0 290 -320  2
4184500 2653500 12  4  8   2.9  956 187  3.9 7  4.3  86    0    0 291 -321  2
4184500 2653500 12  4  9   3.4  956 184  4.1 7  4.3  86   10   18 298 -321  2
4184500 2653500 12  4 10   4.0  956 189  3.7 7  4.4  84    5   55 299 -320  2
4184500 2653500 12  4 11   3.5  956 184  4.3 7  4.4  84    0   64 301 -320  2
4184500 2653500 12  4 12   3.5  956 163  5.1 7  4.5  86    0   80 301 -320  2
4184500 2653500 12  4 13   4.3  956 168  4.9 6  4.5  86    1   89 296 -320  2
4184500 2653500 12  4 14   4.8  956 176  5.8 5  4.6  84   18  102 286 -320  2
4184500 2653500 12  4 15   4.5  955 185  4.1 3  4.7  84   80   69 268 -320  2
4184500 2653500 12  4 16   4.0  955 163  4.8 6  4.6  84    8   27 272 -320  2
4184500 2653500 12  4 17   3.7  955 191  3.0 7  4.6  86    0    0 294 -320  2
4184500 2653500 12  4 18   3.7  955 174  4.0 7  4.5  86    0    0 299 -320  2
4184500 2653500 12  4 19   4.0  954 148  3.2 7  4.6  86    0    0 297 -320  2
4184500 2653500 12  4 20   3.9  954 153  3.1 7  4.6  86    0    0 297 -321  2
4184500 2653500 12  4 21   4.3  954 166  2.2 7  4.6  85    0    0 297 -321  2
4184500 2653500 12  4 22   4.2  953 174  4.3 7  4.6  84    0    0 298 -321  2
4184500 2653500 12  4 23   3.9  953 175  5.4 7  4.6  86    0    0 299 -321  2
4184500 2653500 12  4 24   4.6  952 172  3.4 8  4.6  84    0    0 309 -321  2
4184500 2653500 12  5  1   4.7  952 157  4.3 8  4.6  81    0    0 320 -321  2
4184500 2653500 12  5  2   5.2  952 161  4.4 8  4.6  80    0    0 321 -321  2
4184500 2653500 12  5  3   5.0  952 181  4.3 8  4.6  79    0    0 322 -321  2
4184500 2653500 12  5  4   4.9  952 190  3.8 8  4.6  80    0    0 321 -321  2
4184500 2653500 12  5  5   4.8  952 176  3.4 7  4.6  80    0    0 314 -323  2
4184500 2653500 12  5  6   4.5  951 178  5.1 6  4.6  81    0    0 297 -324  2
4184500 2653500 12  5  7   4.9  952 160  5.2 6  4.6  82    0    0 290 -323  2
4184500 2653500 12  5  8   4.1  952 154  2.9 6  4.6  82    0    0 289 -323  2
4184500 2653500 12  5  9   4.1  952 140  3.4 7  4.5  83   10   26 296 -323  2
4184500 2653500 12  5 10   4.5  952 148  3.5 7  4.6  83   38   81 302 -324  2
4184500 2653500 12  5 11   5.0  953 153  3.4 4  4.7  83   91  127 279 -325  2
4184500 2653500 12  5 12   5.6  954 163  4.3 5  4.8  81   44  149 260 -327  2
4184500 2653500 12  5 13   5.1  954 170  4.4 7  4.8  81    0   62 284 -331  2
4184500 2653500 12  5 14   5.2  953 167  3.6 6  4.8  82    0   30 292 -332  2
4184500 2653500 12  5 15   4.9  953 154  3.6 7  4.7  82    0   34 294 -331  2
4184500 2653500 12  5 16   4.1  954 172  3.5 5  4.6  82    0   13 285 -328  2
4184500 2653500 12  5 17   2.9  955 168  3.2 4  4.3  84    0    0 255 -325  2
4184500 2653500 12  5 18   2.5  955 172  3.1 2  4.2  86    0    0 226 -323  2
4184500 2653500 12  5 19   2.5  955 172  3.6 3  4.2  87    0    0 222 -323  2
4184500 2653500 12  5 20   2.1  956 174  3.3 4  4.1  87    0    0 234 -323  2
4184500 2653500 12  5 21   2.0  956 178  2.4 5  4.1  87    0    0 247 -323  2
4184500 2653500 12  5 22   2.2  957 180  2.7 5  4.1  87    0    0 254 -322  2
4184500 2653500 12  5 23   2.0  957 172  2.6 5  4.1  87    0    0 252 -321  2
4184500 2653500 12  5 24   1.7  957 164  2.0 7  4.0  88    0    0 269 -320  2
4184500 2653500 12  6  1   1.3  957 162  2.1 6  4.0  89    0    0 277 -320  2
4184500 2653500 12  6  2   1.4  957 153  1.7 6  3.9  89    0    0 268 -320  2
4184500 2653500 12  6  3   1.7  957 183  1.9 7  4.0  88    0    0 280 -320  2
4184500 2653500 12  6  4   1.6  957 175  1.4 8  4.0  88    0    0 298 -320  2
4184500 2653500 12  6  5   1.7  957 157  1.3 8  4.0  88    0    0 306 -318  2
4184500 2653500 12  6  6   2.0  957 147  1.5 7  4.0  87    0    0 299 -317  2
4184500 2653500 12  6  7   2.0  957 163  1.1 7  4.0  87    0    0 292 -316  2
4184500 2653500 12  6  8   2.0  958 156  1.4 6  4.0  87    0    0 286 -316  2
4184500 2653500 12  6  9   1.8  958 154  1.6 7  4.0  88   18   21 286 -315  2
4184500 2653500 12  6 10   2.0  959 150  1.4 6  4.1  88   56   59 286 -316  2
4184500 2653500 12  6 11   3.3  959 142  2.6 5  4.1  85   45  101 274 -318  2
4184500 2653500 12  6 12   3.0  958 177  3.0 5  4.1  82   70  121 267 -319  2
4184500 2653500 12  6 13   3.1  958 141  2.7 4  4.2  84   72  123 259 -323  2
4184500 2653500 12  6 14   4.1  958  40  1.7 3  4.2  81  153   77 244 -326  2
4184500 2653500 12  6 15   4.5  958  43  0.6 1  4.2  77   73   64 216 -324  2
4184500 2653500 12  6 16   4.0  958  34  0.3 3  4.1  76   11   27 212 -322  2
4184500 2653500 12  6 17   3.1  959  31  0.0 6  4.1  79    0    0 251 -320  2
4184500 2653500 12  6 18   2.8  960  31  0.3 7  4.1  82    0    0 282 -320  2
4184500 2653500 12  6 19   2.0  960  37  1.4 7  4.1  86    0    0 288 -320  2
4184500 2653500 12  6 20   1.8  960   4  3.0 7  4.1  89    0    0 286 -320  2
4184500 2653500 12  6 21   1.7  961  10  3.2 8  4.1  90    0    0 295 -320  2
4184500 2653500 12  6 22   1.7  961   4  3.1 8  4.1  90    0    0 304 -320  2
4184500 2653500 12  6 23   1.8  961   7  3.1 8  4.1  90    0    0 304 -319  2
4184500 2653500 12  6 24   1.7  961   1  3.2 8  4.1  89    0    0 304 -317  2
4184500 2653500 12  7  1   1.8  961   2  3.8 8  4.0  89    0    0 304 -316  2
4184500 2653500 12  7  2   1.5  961 354  3.4 8  4.0  89    0    0 304 -317  2
4184500 2653500 12  7  3   1.5  961   7  3.4 8  4.0  90    0    0 304 -318  2
4184500 2653500 12  7  4   1.5  962 360  3.8 8  4.0  91    0    0 304 -317  2
4184500 2653500 12  7  5   1.5  962 321  3.8 8  4.1  91    0    0 304 -318  2
4184500 2653500 12  7  6   1.4  962 281  3.9 8  4.0  90    0    0 304 -319  2
4184500 2653500 12  7  7   1.3  963 246  3.3 8  4.0  90    0    0 303 -319  2
4184500 2653500 12  7  8   1.3  963 219  3.6 8  3.9  89    0    0 302 -320  2
4184500 2653500 12  7  9   1.3  963 223  3.4 8  3.9  89    3   16 301 -320  2
4184500 2653500 12  7 10   1.8  964 243  3.4 8  3.9  88    5   55 301 -320  2
4184500 2653500 12  7 11   2.1  964 286  3.3 7  4.0  87    0   64 292 -320  2
4184500 2653500 12  7 12   2.5  965 272  3.6 7  4.1  86    0   74 284 -320  2
4184500 2653500 12  7 13   2.6  965 262  4.4 7  4.1  85    0   85 285 -321  2
4184500 2653500 12  7 14   2.9  965 267  4.8 7  4.1  84    0   64 285 -322  2
4184500 2653500 12  7 15   2.7  965 250  4.6 5  4.0  82    4   63 272 -321  2
4184500 2653500 12  7 16   2.5  965 247  4.1 8  4.0  83    0   15 281 -320  2
4184500 2653500 12  7 17   2.4  965 244  3.8 8  4.0  84    0    0 300 -320  2
4184500 2653500 12  7 18   2.3  966 250  4.3 8  4.0  86    0    0 300 -320  2
4184500 2653500 12  7 19   2.4  966 250  5.0 8  4.1  86    0    0 300 -319  2
4184500 2653500 12  7 20   2.4  966 248  4.3 8  4.1  87    0    0 300 -318  2
4184500 2653500 12  7 21   2.5  966 255  4.3 8  4.2  88    0    0 301 -318  2
4184500 2653500 12  7 22   2.5  967 254  4.7 8  4.2  88    0    0 301 -318  2
4184500 2653500 12  7 23   2.4  967 250  4.4 7  4.2  89    0    0 295 -318  2
4184500 2653500 12  7 24   2.5  967 248  4.7 8  4.3  90    0    0 295 -317  2
4184500 2653500 12  8  1   2.7  967 253  4.1 8  4.3  89    0    0 301 -317  2
4184500 2653500 12  8  2   2.7  967 256  4.9 8  4.3  88    0    0 302 -317  2
4184500 2653500 12  8  3   2.8  967 250  5.0 7  4.2  87    0    0 295 -317  2
4184500 2653500 12  8  4   2.7  967 250  5.2 7  4.1  85    0    0 288 -316  2
4184500 2653500 12  8  5   2.5  967 253  5.1 7  4.1  85    0    0 287 -316  2
4184500 2653500 12  8  6   2.4  967 243  4.8 7  4.1  87    0    0 286 -315  2
4184500 2653500 12  8  7   2.5  967 240  4.2 8  4.1  87    0    0 292 -315  2
4184500 2653500 12  8  8   2.4  968 246  4.1 8  4.1  86    0    0 298 -315  2
4184500 2653500 12  8  9   2.1  968 241  3.8 8  4.0  87    6   19 297 -315  2
4184500 2653500 12  8 10   2.5  968 246  3.9 8  4.1  88   29   69 296 -315  2
4184500 2653500 12  8 11   3.2  968 269  4.7 4  4.1  85   83  111 274 -316  2
4184500 2653500 12  8 12   3.7  968 259  4.5 4  4.1  80   94  135 251 -317  2
4184500 2653500 12  8 13   3.6  969 260  4.0 5  4.0  78   45  137 258 -316  2
4184500 2653500 12  8 14   3.6  969 265  3.5 4  4.0  78   66  121 259 -316  2
4184500 2653500 12  8 15   2.9  969 252  2.6 5  4.0  79   29   81 259 -315  2
4184500 2653500 12  8 16   2.6  969 258  2.9 6  3.9  81    8   30 269 -314  2
4184500 2653500 12  8 17   2.4  970 268  2.2 7  3.9  82    0    0 279 -312  2
4184500 2653500 12  8 18   1.5  971 263  1.7 7  3.9  85    0    0 281 -312  2
4184500 2653500 12  8 19   1.7  971 260  1.2 7  3.9  87    0    0 281 -311  2
4184500 2653500 12  8 20   1.6  972 265  0.9 7  3.9  87    0    0 280 -311  2
4184500 2653500 12  8 21   1.2  973 256  1.2 8  3.9  88    0    0 285 -311  2
4184500 2653500 12  8 22   1.6  973 215  1.4 8  3.9  89    0    0 291 -312  2
4184500 2653500 12  8 23   0.8  974 249  1.6 7  3.9  91    0    0 287 -312  2
4184500 2653500 12  8 24   0.7  975 291  1.5 8  3.9  93    0    0 286 -312  2
4184500 2653500 12  9  1   0.5  976 287  1.2 8  3.9  95    0    0 290 -312  2
4184500 2653500 12  9  2   0.8  976 323  2.0 7  4.0  97    0    0 287 -312  2
4184500 2653500 12  9  3   0.5  977 350  1.8 6  4.1  99    0    0 277 -312  2
4184500 2653500 12  9  4   0.1  977 359  2.5 4  4.0  99    0    0 261 -312  2
4184500 2653500 12  9  5   0.2  978 348  1.9 7  3.9  98    0    0 264 -312  2
4184500 2653500 12  9  6   0.1  979 344  2.3 8  3.9  97    0    0 283 -312  2
4184500 2653500 12  9  7   0.3  980 340  1.9 7  3.9  97    0    0 282 -312  2
4184500 2653500 12  9  8   0.4  981 347  2.4 8  3.9  96    0    0 283 -312  2
4184500 2653500 12  9  9   0.5  982   6  2.8 7  3.9  96    1   13 282 -311  2
4184500 2653500 12  9 10   0.5  984  25  3.2 7  3.9  96    5   44 276 -311  2
4184500 2653500 12  9 11   0.6  985  28  2.9 8  3.9  96    7   70 280 -312  2
4184500 2653500 12  9 12   1.1  986  29  2.0 8  3.8  92   17   92 286 -311  2
4184500 2653500 12  9 13   1.0  986  21  2.8 8  3.8  89    0   74 285 -311  2
4184500 2653500 12  9 14   1.0  987  19  2.7 7  3.7  89    3   73 279 -310  2
4184500 2653500 12  9 15   1.1  987  12  2.6 8  3.7  88    0   42 278 -309  2
4184500 2653500 12  9 16   1.0  988  16  1.9 7  3.7  87    0   14 276 -308  2
4184500 2653500 12  9 17   0.6  989  20  1.9 8  3.6  88    0    0 274 -307  2
4184500 2653500 12  9 18   0.4  989  33  0.7 7  3.6  90    0    0 271 -304  2
4184500 2653500 12  9 19   0.3  990  18  0.9 8  3.7  92    0    0 268 -301  2
4184500 2653500 12  9 20   0.1  990  34  1.3 8  3.6  93    0    0 269 -302  2
4184500 2653500 12  9 21   0.2  991  53  1.3 8  3.6  92    0    0 266 -304  2
4184500 2653500 12  9 22  -0.2  992  19  0.7 8  3.6  93    0    0 265 -304  2
4184500 2653500 12  9 23  -0.4  992  24  0.7 8  3.6  95    0    0 263 -304  2
4184500 2653500 12  9 24  -0.2  992   4  1.2 8  3.6  96    0    0 262 -304  2
4184500 2653500 12 10  1  -0.4  993  57  0.3 7  3.6  95    0    0 258 -303  2
4184500 2653500 12 10  2  -0.6  993  29  0.0 8  3.5  95    0    0 258 -303  2
4184500 2653500 12 10  3  -0.8  992  78  0.0 7  3.5  94    0    0 256 -303  2
4184500 2653500 12 10  4  -1.1  992  34  0.0 7  3.4  94    0    0 251 -301  2
4184500 2653500 12 10  5  -1.1  992  54  0.4 6  3.3  93    0    0 245 -298  2
4184500 2653500 12 10  6  -2.1  992   5  0.8 8  3.2  93    0    0 246 -297  2
4184500 2653500 12 10  7  -2.1  992 348  1.2 6  3.2  96    0    0 243 -297  2
4184500 2653500 12 10  8  -2.2  993 274  1.3 8  3.2  96    0    0 243 -297  2
4184500 2653500 12 10  9  -2.0  993 211  1.8 7  3.1  95   13   19 248 -296  2
4184500 2653500 12 10 10  -2.3  993 233  0.4 5  3.1  93   47   62 238 -297  2
4184500 2653500 12 10 11  -2.3  994 152  0.2 4  3.0  91   93   96 228 -298  2
4184500 2653500 12 10 12  -2.0  994 161  0.7 3  2.9  88  156  107 221 -298  2
4184500 2653500 12 10 13  -1.2  993 162  0.4 3  2.9  83  151  111 219 -300  2
4184500 2653500 12 10 14  -0.7  993 133  0.9 4  2.9  80   79  107 227 -300  2
4184500 2653500 12 10 15  -0.8  993  44  0.2 2  3.0  81   44   73 226 -295  2
4184500 2653500 12 10 16  -1.1  993 121  0.5 2  3.0  83    9   28 219 -283  2
4184500 2653500 12 10 17  -2.0  992 190  0.5 1  3.0  86    0    0 214 -269  2
4184500 2653500 12 10 18  -2.6  992 193  0.4 0  2.9  90    0    0 205 -259  2
4184500 2653500 12 10 19  -3.4  992 153  0.6 3  2.9  92    0    0 212 -256  2
4184500 2653500 12 10 20  -3.7  993 182  0.9 3  2.7  92    0    0 223 -255  2
4184500 2653500 12 10 21  -3.7  993 131  1.6 1  2.7  91    0    0 217 -256  2
4184500 2653500 12 10 22  -4.0  993 198  1.1 1  2.6  91    0    0 210 -256  2
4184500 2653500 12 10 23  -4.6  993 214  1.7 1  2.6  93    0    0 209 -256  2
4184500 2653500 12 10 24  -4.3  993 213  1.7 0  2.6  93    0    0 206 -255  2
4184500 2653500 12 11  1  -4.3  993 184  1.1 0  2.5  91    0    0 202 -257  2
4184500 2653500 12 11  2  -5.0  992 211  1.3 0  2.5  91    0    0 202 -259  2
4184500 2653500 12 11  3  -4.4  992 208  1.5 1  2.4  89    0    0 207 -261  2
4184500 2653500 12 11  4  -4.1  992 195  2.2 2  2.4  84    0    0 217 -265  2
4184500 2653500 12 11  5  -5.4  991 205  2.1 3  2.3  85    0    0 226 -270  2
4184500 2653500 12 11  6  -3.4  991 209  1.9 5  2.4  85    0    0 242 -277  2
4184500 2653500 12 11  7  -3.2  991 211  1.9 7  2.5  82    0    0 264 -282  2
4184500 2653500 12 11  8  -2.9  991 191  2.1 8  2.5  82    0    0 279 -286  2
4184500 2653500 12 11  9  -2.0  991 210  2.1 8  2.6  81    0   13 286 -288  2
4184500 2653500 12 11 10  -1.7  991 169  2.3 7  2.7  80    6   55 284 -293  2
4184500 2653500 12 11 11  -1.0  991 188  1.9 7  2.7  78    0   61 281 -302  2
4184500 2653500 12 11 12  -0.2  991 227  2.4 6  2.8  76   21  116 279 -309  2
4184500 2653500 12 11 13   0.5  990 236  1.8 5  2.9  74   78  131 270 -314  2
4184500 2653500 12 11 14   0.9  990 208  1.3 6  3.0  72   37  110 271 -315  2
4184500 2653500 12 11 15   1.1  989 220  1.4 7  3.0  72    2   55 282 -313  2
4184500 2653500 12 11 16   1.1  989 176  1.5 6  3.1  73    0   12 283 -306  2
4184500 2653500 12 11 17   1.2  988 109  1.6 7  3.1  74    0    0 283 -306  2
4184500 2653500 12 11 18   1.0  988 178  1.5 7  3.2  75    0    0 287 -311  2
4184500 2653500 12 11 19   0.7  988 217  1.8 8  3.3  79    0    0 291 -311  2
4184500 2653500 12 11 20   0.7  988 191  2.0 8  3.4  83    0    0 295 -308  2
4184500 2653500 12 11 21   0.8  987 188  2.0 8  3.5  86    0    0 294 -311  2
4184500 2653500 12 11 22   0.9  987 181  2.0 8  3.7  89    0    0 295 -316  2
4184500 2653500 12 11 23   1.7  987 174  2.3 8  3.6  84    0    0 296 -318  2
4184500 2653500 12 11 24   2.3  986 168  3.0 8  3.6  79    0    0 292 -319  2
4184500 2653500 12 12  1   3.0  967 170  3.9 8  3.6  74    0    0 300 -316  2
4184500 2653500 12 12  2   3.3  966 180  4.8 8  3.7  73    0    0 303 -317  2
4184500 2653500 12 12  3   3.4  966 199  5.6 8  3.8  75    0    0 304 -317  2
4184500 2653500 12 12  4   3.0  965 221  5.9 8  4.1  83    0    0 312 -318  2
4184500 2653500 12 12  5   3.2  966 226  5.7 8  4.1  82    0    0 314 -319  2
4184500 2653500 12 12  6   2.6  966 252  6.2 7  4.4  90    0    0 309 -320  2
4184500 2653500 12 12  7   2.6  967 258  5.7 7  4.5  93    0    0 304 -320  2
4184500 2653500 12 12  8   2.8  968 268  5.3 7  4.5  94    0    0 304 -319  2
4184500 2653500 12 12  9   3.0  970 287  5.3 7  4.7  96    0    6 304 -318  2
4184500 2653500 12 12 10   3.1  972 293  5.6 7  4.7  96    0   23 304 -318  2
4184500 2653500 12 12 11   3.1  974 295  4.4 7  4.7  96    0   22 302 -318  2
4184500 2653500 12 12 12   3.0  976 290  4.7 7  4.7  96    0   24 299 -318  2
4184500 2653500 12 12 13   2.9  976 281  4.0 8  4.7  96    0   25 302 -318  2
4184500 2653500 12 12 14   2.7  976 297  3.4 7  4.6  95    0   21 300 -319  2
4184500 2653500 12 12 15   2.6  978 287  2.0 7  4.4  93    0   32 292 -319  2
4184500 2653500 12 12 16   1.8  978 243  1.8 7  4.2  92    2   22 289 -319  2
4184500 2653500 12 12 17   1.2  979 229  1.3 7  4.1  94    0    0 285 -318  2
4184500 2653500 12 12 18   0.8  979 226  1.2 7  4.0  95    0    0 282 -317  2
4184500 2653500 12 12 19   0.5  979 168  1.8 8  3.9  95    0    0 285 -315  2
4184500 2653500 12 12 20   0.8  979 189  1.9 6  3.9  94    0    0 279 -313  2
4184500 2653500 12 12 21   0.6  979 179  2.4 6  3.8  93    0    0 267 -308  2
4184500 2653500 12 12 22   0.6  978 153  1.5 4  3.7  91    0    0 255 -304  2
4184500 2653500 12 12 23   0.2  977 161  1.5 3  3.7  91    0    0 235 -304  2
4184500 2653500 12 12 24  -0.1  977 176  2.5 4  3.6  92    0    0 235 -307  2
4184500 2653500 12 13  1   0.1  977 165  2.0 5  3.6  93    0    0 250 -310  2
4184500 2653500 12 13  2   1.0  977 164  2.9 7  3.7  91    0    0 272 -313  2
4184500 2653500 12 13  3   1.8  976 165  2.7 7  3.9  89    0    0 287 -314  2
4184500 2653500 12 13  4   2.5  976 168  3.3 8  4.1  88    0    0 298 -316  2
4184500 2653500 12 13  5   3.6  974 127  2.6 8  4.3  87    0    0 308 -315  2
4184500 2653500 12 13  6   3.6  973 171  2.6 8  4.4  87    0    0 312 -315  2
4184500 2653500 12 13  7   4.5  972 192  5.1 7  4.7  88    0    0 309 -316  2
4184500 2653500 12 13  8   5.3  972 202  4.5 8  5.0  89    0    0 313 -319  2
4184500 2653500 12 13  9   6.7  971 206  2.0 8  5.3  88    0    6 321 -320  2
4184500 2653500 12 13 10   6.3  969 195  3.6 7  5.6  89    0   15 318 -320  2
4184500 2653500 12 13 11   7.3  969 207  6.0 8  5.9  92    0   33 319 -322  2
4184500 2653500 12 13 12   7.6  967 229  7.8 7  6.2  92    0   41 321 -327  2
4184500 2653500 12 13 13   8.4  966 234  7.2 8  6.4  92    0   30 324 -332  2
4184500 2653500 12 13 14   9.1  966 236  6.7 8  6.7  91    0   26 332 -334  2
4184500 2653500 12 13 15   9.2  965 244  4.4 8  6.9  91    0   14 334 -335  2
4184500 2653500 12 13 16   9.6  964 243  5.0 8  7.1  91    0    3 337 -336  2
4184500 2653500 12 13 17   9.8  964 233  5.3 8  7.1  89    0    0 340 -337  2
4184500 2653500 12 13 18  10.3  963 236  7.2 8  7.0  86    0    0 342 -339  2
4184500 2653500 12 13 19  10.2  962 233  7.6 8  6.9  84    0    0 344 -342  2
4184500 2653500 12 13 20  10.1  963 239  7.8 8  7.0  86    0    0 344 -345  2
4184500 2653500 12 13 21  10.3  962 239  6.9 8  7.0  85    0    0 346 -346  2
4184500 2653500 12 13 22  10.2  961 241  7.1 8  6.9  84    0    0 346 -347  2
4184500 2653500 12 13 23   9.8  961 238  6.7 8  6.9  86    0    0 345 -348  2
4184500 2653500 12 13 24   9.3  960 237  6.3 8  6.9  88    0    0 344 -349  2
4184500 2653500 12 14  1   8.8  959 236  6.2 8  6.9  91    0    0 343 -349  2
4184500 2653500 12 14  2   8.6  957 228  5.3 8  6.8  92    0    0 342 -349  2
4184500 2653500 12 14  3   8.7  956 234  6.1 8  6.8  92    0    0 341 -349  2
4184500 2653500 12 14  4   8.8  955 238  6.7 8  6.8  92    0    0 341 -350  2
4184500 2653500 12 14  5   9.0  954 240  7.1 8  6.8  90    0    0 341 -350  2
4184500 2653500 12 14  6   8.6  953 253  7.6 8  6.6  88    0    0 341 -349  2
4184500 2653500 12 14  7   8.4  952 250  6.8 7  6.3  86    0    0 333 -346  2
4184500 2653500 12 14  8   7.7  952 244  7.9 7  6.0  84    0    0 325 -340  2
4184500 2653500 12 14  9   7.1  951 256  7.4 7  5.7  83    0    6 321 -336  2
4184500 2653500 12 14 10   5.2  952 284  8.5 7  5.3  85    5   34 314 -334  2
4184500 2653500 12 14 11   5.7  954 277  8.4 7  4.9  83   10   53 309 -332  2
4184500 2653500 12 14 12   5.5  954 269  8.4 8  4.8  79    0   35 313 -330  2
4184500 2653500 12 14 13   4.8  954 278  9.0 8  4.7  81    0   36 315 -329  2
4184500 2653500 12 14 14   4.9  955 264  8.9 8  4.7  83    0   24 314 -328  2
4184500 2653500 12 14 15   4.6  955 264  9.1 8  4.6  81    0   19 314 -329  2
4184500 2653500 12 14 16   5.1  956 268  8.4 8  4.5  79    0    4 313 -328  2
4184500 2653500 12 14 17   4.6  957 267  8.1 7  4.5  80    0    0 308 -327  2
4184500 2653500 12 14 18   4.2  959 267  8.0 7  4.6  84    0    0 301 -327  2
4184500 2653500 12 14 19   3.9  959 277  7.2 6  4.5  83    0    0 294 -326  2
4184500 2653500 12 14 20   4.0  959 257  5.6 6  4.4  82    0    0 287 -325  2
4184500 2653500 12 14 21   3.6  959 254  6.2 7  4.4  83    0    0 290 -325  2
4184500 2653500 12 14 22   4.0  959 256  7.7 6  4.4  83    0    0 289 -324  2
4184500 2653500 12 14 23   3.6  958 252  8.6 7  4.4  84    0    0 288 -323  2
4184500 2653500 12 14 24   3.7  957 260  8.9 8  4.5  86    0    0 298 -321  2
4184500 2653500 12 15  1   0.7  957 266  8.9 7  4.2  88    0    0 293 -321  2
4184500 2653500 12 15  2   0.3  957 290  9.0 7  3.8  92    0    0 281 -320  2
4184500 2653500 12 15  3   0.4  957 304  8.8 7  3.7  90    0    0 280 -318  2
4184500 2653500 12 15  4   0.2  958 287  8.6 7  3.6  87    0    0 277 -315  2
4184500 2653500 12 15  5  -0.7  958 288  8.5 7  3.4  86    0    0 273 -312  2
4184500 2653500 12 15  6  -0.6  959 284  9.3 6  3.2  83    0    0 264 -311  2
4184500 2653500 12 15  7  -0.5  959 292  8.7 8  3.0  79    0    0 267 -311  2
4184500 2653500 12 15  8  -0.7  960 286  9.3 8  3.1  80    0    0 274 -310  2
4184500 2653500 12 15  9  -0.9  960 284  9.4 8  3.1  83    1   11 272 -309  2
4184500 2653500 12 15 10  -0.6  961 306  8.5 7  3.1  82    0   34 266 -308  2
4184500 2653500 12 15 11  -0.4  962 268  9.5 7  3.1  80    0   44 260 -308  2
4184500 2653500 12 15 12  -0.9  962 273  7.2 8  3.1  82    0   40 264 -308  2
4184500 2653500 12 15 13  -0.1  961 284 11.3 8  3.3  85    0   37 270 -309  2
4184500 2653500 12 15 14  -0.1  961 303  8.6 8  3.1  79    0   61 271 -309  2
4184500 2653500 12 15 15   0.3  962 277  7.9 6  3.2  79    8   72 262 -309  2
4184500 2653500 12 15 16   0.1  962 278  8.1 8  3.4  84    0   16 265 -308  2
4184500 2653500 12 15 17  -0.8  962 290  6.8 8  3.4  87    0    0 273 -308  2
4184500 2653500 12 15 18  -0.5  963 297  5.8 8  3.4  89    0    0 273 -308  2
4184500 2653500 12 15 19  -0.8  963 292  6.9 7  3.4  90    0    0 270 -308  2
4184500 2653500 12 15 20  -0.9  963 306  6.1 7  3.3  89    0    0 266 -307  2
4184500 2653500 12 15 21  -1.1  964 295  7.2 7  3.2  87    0    0 264 -307  2
4184500 2653500 12 15 22  -1.1  965 295  7.3 8  3.2  87    0    0 269 -307  2
4184500 2653500 12 15 23  -1.1  966 285  7.9 8  3.2  86    0    0 273 -306  2
4184500 2653500 12 15 24  -0.7  966 289  7.9 8  3.2  85    0    0 274 -306  2
4184500 2653500 12 16  1  -0.5  966 284  8.1 8  3.2  85    0    0 276 -305  2
4184500 2653500 12 16  2  -0.3  966 283  8.7 8  3.2  83    0    0 276 -305  2
4184500 2653500 12 16  3   0.0  967 289  8.2 7  3.2  82    0    0 273 -304  2
4184500 2653500 12 16  4  -0.3  967 288  8.6 8  3.2  82    0    0 274 -304  2
4184500 2653500 12 16  5  -0.7  968 298  7.5 8  3.2  84    0    0 277 -303  2
4184500 2653500 12 16  6  -0.6  968 299  7.1 7  3.2  86    0    0 272 -302  2
4184500 2653500 12 16  7  -0.6  969 295  7.1 6  3.2  85    0    0 263 -301  2
4184500 2653500 12 16  8  -0.7  970 296  7.4 7  3.2  84    0    0 262 -301  2
4184500 2653500 12 16  9  -0.7  972 305  6.3 7  3.2  84    0    8 265 -301  2
4184500 2653500 12 16 10  -0.5  972 296  6.3 5  3.1  83    0   33 257 -300  2
4184500 2653500 12 16 11  -0.4  973 298  6.1 8  3.2  84    0   38 262 -300  2
4184500 2653500 12 16 12  -0.1  974 293  7.5 7  3.2  83    0   38 273 -302  2
4184500 2653500 12 16 13   0.2  975 297  6.1 7  3.2  80    0   57 269 -303  2
4184500 2653500 12 16 14   0.4  975 299  7.0 4  3.2  78   27  108 256 -303  2
4184500 2653500 12 16 15   0.5  975 303  6.4 3  3.1  77   68   82 237 -302  2
4184500 2653500 12 16 16   0.4  976 311  5.8 3  3.0  75    6   26 233 -300  2
4184500 2653500 12 16 17  -0.1  975 311  4.6 2  3.0  75    0    0 227 -298  2
4184500 2653500 12 16 18  -0.2  976 315  4.7 3  3.1  78    0    0 226 -295  2
4184500 2653500 12 16 19  -0.7  977 312  5.5 5  3.2  84    0    0 240 -292  2
4184500 2653500 12 16 20  -0.6  977 318  5.6 5  3.3  87    0    0 250 -291  2
4184500 2653500 12 16 21  -0.6  978 317  4.2 5  3.4  89    0    0 251 -293  2
4184500 2653500 12 16 22  -0.3  978 308  2.5 6  3.5  92    0    0 257 -297  2
4184500 2653500 12 16 23  -0.4  978 302  2.5 7  3.5  92    0    0 268 -301  2
4184500 2653500 12 16 24  -0.4  979 288  2.4 8  3.6  93    0    0 278 -305  2
4184500 2653500 12 17  1  -0.4  979 271  2.3 8  3.6  94    0    0 284 -308  2
4184500 2653500 12 17  2  -0.5  979 267  2.1 8  3.6  94    0    0 285 -310  2
4184500 2653500 12 17  3  -0.4  979 265  2.1 8  3.6  95    0    0 286 -312  2
4184500 2653500 12 17  4  -0.3  979 275  2.8 8  3.7  96    0    0 285 -313  2
4184500 2653500 12 17  5   0.6  979 279  3.6 8  3.8  96    0    0 287 -314  2
4184500 2653500 12 17  6   1.1  979 279  3.7 8  4.0  95    0    0 290 -315  2
4184500 2653500 12 17  7   1.2  979 273  3.7 8  4.1  96    0    0 292 -316  2
4184500 2653500 12 17  8   1.6  980 273  3.9 8  4.1  95    0    0 295 -316  2
4184500 2653500 12 17  9   1.5  980 256  3.7 8  4.1  94    0    5 297 -316  2
4184500 2653500 12 17 10   1.8  980 264  3.6 8  4.2  95    0   28 299 -316  2
4184500 2653500 12 17 11   1.9  980 263  3.7 8  4.2  93    0   50 300 -318  2
4184500 2653500 12 17 12   1.9  980 264  3.7 8  4.2  92    0   45 301 -320  2
4184500 2653500 12 17 13   2.6  979 262  3.7 8  4.2  91    0   57 303 -320  2
4184500 2653500 12 17 14   2.7  979 264  3.4 8  4.2  89    2   76 304 -320  2
4184500 2653500 12 17 15   2.5  978 259  2.6 7  4.3  90    6   66 301 -320  2
4184500 2653500 12 17 16   2.3  978 246  2.5 7  4.3  91    0   16 297 -320  2
4184500 2653500 12 17 17   2.1  979 238  2.2 6  4.2  92    0    0 292 -319  2
4184500 2653500 12 17 18   2.0  979 232  2.6 6  4.2  92    0    0 288 -318  2
4184500 2653500 12 17 19   1.9  979 253  2.9 6  4.1  92    0    0 287 -317  2
4184500 2653500 12 17 20   1.3  979 243  1.9 6  4.1  93    0    0 286 -317  2
4184500 2653500 12 17 21   0.9  979 238  1.6 4  4.0  94    0    0 277 -316  2
4184500 2653500 12 17 22   0.3  978 226  1.4 3  3.9  95    0    0 263 -313  2
4184500 2653500 12 17 23   0.3  978 205  1.5 1  3.8  95    0    0 250 -312  2
4184500 2653500 12 17 24   0.2  978 217  2.1 2  3.8  94    0    0 245 -310  2
4184500 2653500 12 18  1   0.1  978 175  2.2 4  3.7  94    0    0 257 -307  2
4184500 2653500 12 18  2  -0.2  979 180  2.1 3  3.7  94    0    0 260 -304  2
4184500 2653500 12 18  3  -0.2  979 179  1.5 4  3.6  93    0    0 259 -303  2
4184500 2653500 12 18  4  -0.2  979 179  2.1 2  3.6  93    0    0 254 -303  2
4184500 2653500 12 18  5   0.2  979 169  2.3 1  3.6  92    0    0 241 -304  2
4184500 2653500 12 18  6  -0.3  979 152  2.0 1  3.6  92    0    0 236 -306  2
4184500 2653500 12 18  7  -0.6  979 161  2.3 2  3.5  93    0    0 239 -309  2
4184500 2653500 12 18  8  -0.4  979 147  2.4 0  3.4  90    0    0 235 -308  2
4184500 2653500 12 18  9  -0.2  979 142  2.6 0  3.3  87    8   10 226 -300  2
4184500 2653500 12 18 10   0.5  979 155  2.5 2  3.3  84   73   36 236 -294  2
4184500 2653500 12 18 11   2.2  980 133  2.3 0  3.5  80  145   46 240 -299  2
4184500 2653500 12 18 12   3.9  979 117  1.1 0  3.6  74  190   51 235 -310  2
4184500 2653500 12 18 13   5.4  979 114  1.5 0  3.7  68  184   60 239 -317  2
4184500 2653500 12 18 14   3.9  978 137  1.8 0  3.8  69  146   60 238 -318  2
4184500 2653500 12 18 15   3.8  977 148  2.6 0  3.7  72   79   52 236 -318  2
4184500 2653500 12 18 16   3.2  977 154  1.8 1  3.6  70   10   23 239 -319  2
4184500 2653500 12 18 17   3.4  977 103  1.2 3  3.4  69    0    0 248 -317  2
4184500 2653500 12 18 18   2.3  977 133  1.2 3  3.4  70    0    0 251 -316  2
4184500 2653500 12 18 19   1.8  977 129  1.4 1  3.4  74    0    0 242 -315  2
4184500 2653500 12 18 20   0.8  977 121  1.8 0  3.3  77    0    0 231 -315  2
4184500 2653500 12 18 21   0.3  977 135  1.1 0  3.3  80    0    0 225 -315  2
4184500 2653500 12 18 22   0.1  976 137  1.1 0  3.2  79    0    0 224 -314  2
4184500 2653500 12 18 23   0.1  976 140  0.8 0  3.0  76    0    0 223 -313  2
4184500 2653500 12 18 24   0.6  976 141  0.5 0  2.9  72    0    0 223 -314  2
4184500 2653500 12 19  1   0.3  976 132  1.6 0  2.9  70    0    0 222 -315  2
4184500 2653500 12 19  2  -0.8  975 127  1.1 1  2.9  75    0    0 225 -315  2
4184500 2653500 12 19  3   0.3  975 136  1.2 0  3.0  77    0    0 225 -316  2
4184500 2653500 12 19  4   1.7  975 141  3.0 1  2.9  70    0    0 229 -316  2
4184500 2653500 12 19  5  -1.4  975 152  2.8 0  2.9  73    0    0 227 -316  2
4184500 2653500 12 19  6   0.3  974 150  2.1 0  3.0  80    0    0 221 -316  2
4184500 2653500 12 19  7   0.8  974 165  3.0 1  3.2  77    0    0 229 -315  2
4184500 2653500 12 19  8   0.7  974 163  1.9 0  3.2  77    0    0 230 -314  2
4184500 2653500 12 19  9   0.3  974 149  1.4 0  3.2  78    7   10 226 -312  2
4184500 2653500 12 19 10   1.8  974 173  1.4 2  3.2  76   70   39 235 -313  2
4184500 2653500 12 19 11   2.9  974 188  2.0 0  3.4  73  137   54 238 -316  2
4184500 2653500 12 19 12   3.9  974 180  1.9 0  3.6  72  169   66 232 -318  2
4184500 2653500 12 19 13   3.7  973 190  2.5 1  3.7  72   95  101 238 -318  2
4184500 2653500 12 19 14   5.2  973 214  3.0 1  3.8  70   71   92 245 -319  2
4184500 2653500 12 19 15   3.9  972 217  2.4 4  3.8  70   15   63 259 -319  2
4184500 2653500 12 19 16   4.0  972 222  2.3 5  3.9  74    0   16 277 -320  2
4184500 2653500 12 19 17   2.4  972 224  1.6 5  3.9  79    0    0 279 -320  2
4184500 2653500 12 19 18   3.1  973 233  1.4 6  4.0  82    0    0 283 -320  2
4184500 2653500 12 19 19   2.4  973 188  0.3 7  4.0  83    0    0 293 -320  2
4184500 2653500 12 19 20   2.6  973 175  0.6 7  4.0  85    0    0 298 -321  2
4184500 2653500 12 19 21   3.3  974 215  2.1 8  4.1  84    0    0 305 -321  2
4184500 2653500 12 19 22   3.0  974 236  1.2 8  4.2  84    0    0 313 -321  2
4184500 2653500 12 19 23   3.0  974 244  2.0 8  4.3  87    0    0 313 -321  2
4184500 2653500 12 19 24   2.9  974 248  1.7 8  4.3  89    0    0 315 -321  2
4184500 2653500 12 20  1   3.5  974 237  2.2 8  4.4  89    0    0 315 -321  2
4184500 2653500 12 20  2   3.4  974 250  3.4 8  4.5  90    0    0 316 -321  2
4184500 2653500 12 20  3   3.3  974 240  2.8 8  4.6  92    0    0 317 -323  2
4184500 2653500 12 20  4   3.5  974 238  2.3 8  4.6  92    0    0 317 -326  2
4184500 2653500 12 20  5   2.8  974 244  2.2 7  4.6  94    0    0 308 -327  2
4184500 2653500 12 20  6   3.3  974 243  2.3 8  4.6  94    0    0 308 -327  2
4184500 2653500 12 20  7   3.3  974 241  2.8 8  4.7  94    0    0 316 -329  2
4184500 2653500 12 20  8   3.9  974 236  2.7 8  4.8  94    0    0 317 -330  2
4184500 2653500 12 20  9   3.9  974 219  2.2 8  4.9  93    1   12 317 -331  2
4184500 2653500 12 20 10   4.7  974 207  2.2 8  5.0  92   11   59 319 -332  2
4184500 2653500 12 20 11   5.1  974 207  2.4 8  5.0  90    0   57 320 -333  2
4184500 2653500 12 20 12   5.4  974 219  2.0 7  5.1  89    0   48 316 -335  2
4184500 2653500 12 20 13   6.4  973 222  3.6 7  5.3  88    0   67 312 -337  2
4184500 2653500 12 20 14   6.3  972 220  2.4 8  5.3  85    0   34 319 -338  2
4184500 2653500 12 20 15   6.0  972 176  1.7 7  5.2  85    0   23 318 -337  2
4184500 2653500 12 20 16   6.9  971 131  2.0 8  5.2  83    0    6 319 -334  2
4184500 2653500 12 20 17   6.2  970 134  2.6 8  5.2  82    0    0 323 -329  2
4184500 2653500 12 20 18   5.9  970 143  3.9 8  5.0  82    0    0 322 -327  2
4184500 2653500 12 20 19   5.5  969 141  4.8 7  4.9  82    0    0 315 -325  2
4184500 2653500 12 20 20   5.1  967 154  6.5 7  4.8  83    0    0 308 -323  2
4184500 2653500 12 20 21   4.9  966 150  6.1 7  4.7  83    0    0 307 -322  2
4184500 2653500 12 20 22   5.8  965 172  4.2 8  4.7  80    0    0 313 -322  2
4184500 2653500 12 20 23   6.5  963 193  5.7 8  4.7  76    0    0 321 -325  2
4184500 2653500 12 20 24   6.7  961 188  6.0 8  4.8  76    0    0 322 -327  2
4184500 2653500 12 21  1   6.4  960 199  6.8 8  5.1  80    0    0 323 -329  2
4184500 2653500 12 21  2   6.9  959 204  8.2 7  5.3  82    0    0 319 -330  2
4184500 2653500 12 21  3   7.2  959 220 11.3 6  5.3  81    0    0 306 -331  2
4184500 2653500 12 21  4   7.6  958 200  7.9 7  5.4  80    0    0 308 -333  2
4184500 2653500 12 21  5   8.0  956 198  7.6 6  5.4  78    0    0 308 -334  2
4184500 2653500 12 21  6   7.9  954 208  6.4 7  5.5  78    0    0 311 -334  2
4184500 2653500 12 21  7   8.0  953 203  7.5 7  5.5  78    0    0 320 -336  2
4184500 2653500 12 21  8   8.4  953 201  7.4 7  5.6  78    0    0 322 -337  2
4184500 2653500 12 21  9   8.3  951 199  8.1 8  5.6  78    0    2 328 -339  2
4184500 2653500 12 21 10   6.8  950 235  9.0 8  5.5  80    0   32 332 -340  2
4184500 2653500 12 21 11   5.9  951 269  7.1 7  5.2  81    0   35 320 -340  2
4184500 2653500 12 21 12   6.0  952 237  7.7 7  4.7  77    0   62 312 -337  2
4184500 2653500 12 21 13   6.0  951 232 10.4 5  4.2  68   41   90 299 -333  2
4184500 2653500 12 21 14   5.2  951 232 10.6 5  3.6  61  101   50 283 -332  2
4184500 2653500 12 21 15   4.6  950 233  9.5 8  3.4  60    7   52 293 -328  2
4184500 2653500 12 21 16   4.2  950 244  9.8 6  3.6  64    0   17 297 -324  2
4184500 2653500 12 21 17   4.2  951 241 10.2 7  3.7  68    0    0 290 -321  2
4184500 2653500 12 21 18   4.0  951 241  9.9 6  3.9  72    0    0 290 -320  2
4184500 2653500 12 21 19   4.1  951 241  9.9 8  4.0  74    0    0 294 -320  2
4184500 2653500 12 21 20   4.1  953 237  8.4 8  4.1  75    0    0 302 -320  2
4184500 2653500 12 21 21   3.7  954 248  9.4 8  4.2  78    0    0 301 -319  2
4184500 2653500 12 21 22   3.6  955 279  7.1 7  4.1  79    0    0 294 -318  2
4184500 2653500 12 21 23   3.4  956 264  8.0 6  3.9  76    0    0 283 -317  2
4184500 2653500 12 21 24   2.7  958 270  5.4 5  3.8  76    0    0 271 -315  2
4184500 2653500 12 22  1   2.2  959 272  4.2 7  3.8  78    0    0 273 -313  2
4184500 2653500 12 22  2   1.7  958 261  3.9 5  3.7  80    0    0 271 -312  2
4184500 2653500 12 22  3   1.1  958 248  4.6 5  3.6  82    0    0 258 -311  2
4184500 2653500 12 22  4   0.7  958 249  4.9 8  3.7  86    0    0 270 -309  2
4184500 2653500 12 22  5   1.1  958 241  5.2 8  3.7  87    0    0 283 -307  2
4184500 2653500 12 22  6  -0.3  957 241  4.6 8  3.7  89    0    0 280 -306  2
4184500 2653500 12 22  7  -0.7  957 275  1.3 8  3.6  93    0    0 275 -305  2
4184500 2653500 12 22  8  -1.1  959 256  3.2 7  3.5  92    0    0 268 -304  2
4184500 2653500 12 22  9  -0.5  959 277  4.3 7  3.5  92    0    2 261 -303  2
4184500 2653500 12 22 10  -0.2  960 277  4.5 6  3.5  90    1   34 256 -302  2
4184500 2653500 12 22 11   0.2  961 287  5.1 8  3.5  88    3   63 262 -302  2
4184500 2653500 12 22 12   0.4  961 288  5.3 8  3.5  85    0   71 273 -301  2
4184500 2653500 12 22 13  -0.1  962 288  6.2 5  3.4  83    5   86 255 -301  2
4184500 2653500 12 22 14  -1.1  963 287  5.0 5  3.3  87   17   79 237 -300  2
4184500 2653500 12 22 15  -1.9  963 301  5.7 7  3.3  91    0   19 244 -300  2
4184500 2653500 12 22 16  -2.3  965 326  5.1 8  3.2  92    0    7 255 -299  2
4184500 2653500 12 22 17  -2.9  965 322  4.0 7  3.0  91    0    0 250 -298  2
4184500 2653500 12 22 18  -2.8  967 305  5.1 8  2.9  90    0    0 247 -296  2
4184500 2653500 12 22 19  -2.9  968 322  5.1 7  2.9  90    0    0 245 -294  2
4184500 2653500 12 22 20  -3.1  969 320  5.4 7  2.8  89    0    0 240 -292  2
4184500 2653500 12 22 21  -3.3  970 330  4.5 7  2.7  88    0    0 237 -291  2
4184500 2653500 12 22 22  -3.8  971 331  4.7 7  2.7  89    0    0 233 -290  2
4184500 2653500 12 22 23  -4.1  972 328  4.3 7  2.7  91    0    0 231 -290  2
4184500 2653500 12 22 24  -3.9  973 319  4.1 8  2.7  91    0    0 233 -288  2
4184500 2653500 12 23  1  -4.0  974 315  4.1 8  2.7  91    0    0 235 -286  2
4184500 2653500 12 23  2  -4.7  974 308  3.9 8  2.6  90    0    0 232 -283  2
4184500 2653500 12 23  3  -4.9  975 307  3.9 8  2.5  89    0    0 231 -281  2
4184500 2653500 12 23  4  -5.4  975 288  3.1 7  2.4  88    0    0 226 -279  2
4184500 2653500 12 23  5  -6.0  976 261  3.0 8  2.3  88    0    0 224 -277  2
4184500 2653500 12 23  6  -7.8  977 258  1.6 6  2.1  89    0    0 220 -276  2
4184500 2653500 12 23  7  -8.5  978 248  1.2 4  1.9  91    0    0 206 -275  2
4184500 2653500 12 23  8  -9.2  978 230  1.4 1  1.8  90    0    0 191 -275  2
4184500 2653500 12 23  9 -10.3  978 226  1.7 2  1.7  91    5    9 183 -276  2
4184500 2653500 12 23 10  -9.0  979 218  2.2 3  1.7  91   95   32 191 -278  2
4184500 2653500 12 23 11  -7.3  980 223  2.1 0  1.8  86  186   38 188 -285  2
4184500 2653500 12 23 12  -5.8  980 247  3.4 0  1.9  79  208   52 180 -293  2
4184500 2653500 12 23 13  -4.8  979 241  2.4 0  1.9  71  173   69 183 -298  2
4184500 2653500 12 23 14  -3.4  978 238  2.5 0  1.8  62  141   67 186 -301  2
4184500 2653500 12 23 15  -4.4  979 219  2.3 0  1.7  59   98   52 189 -303  2
4184500 2653500 12 23 16  -5.2  979 220  2.1 0  1.8  65   19   28 191 -303  2
4184500 2653500 12 23 17  -6.1  979 206  2.7 0  1.8  70    0    0 191 -303  2
4184500 2653500 12 23 18  -7.0  979 205  3.3 0  1.7  73    0    0 189 -303  2
4184500 2653500 12 23 19  -6.8  980 201  3.4 2  1.7  74    0    0 198 -302  2
4184500 2653500 12 23 20  -6.6  980 207  2.9 2  1.8  75    0    0 206 -303  2
4184500 2653500 12 23 21  -6.5  981 181  3.2 1  1.8  73    0    0 204 -302  2
4184500 2653500 12 23 22  -7.2  982 160  3.5 1  1.7  74    0    0 199 -301  2
4184500 2653500 12 23 23  -7.4  982 145  3.2 1  1.7  77    0    0 198 -298  2
4184500 2653500 12 23 24  -7.1  982 147  2.6 2  1.8  78    0    0 202 -295  2
4184500 2653500 12 24  1  -6.6  982 136  3.1 1  1.8  79    0    0 203 -292  2
4184500 2653500 12 24  2  -6.4  983 137  3.3 1  1.9  78    0    0 200 -290  2
4184500 2653500 12 24  3  -6.6  983 137  3.1 1  1.9  77    0    0 200 -289  2
4184500 2653500 12 24  4  -6.4  984 138  2.6 1  1.8  77    0    0 200 -288  2
4184500 2653500 12 24  5  -6.0  984 149  2.8 0  1.8  75    0    0 198 -288  2
4184500 2653500 12 24  6  -6.3  984 149  2.3 0  1.9  76    0    0 195 -288  2
4184500 2653500 12 24  7  -6.6  984 145  2.0 1  1.9  78    0    0 198 -288  2
4184500 2653500 12 24  8  -6.0  984 140  2.4 1  1.8  76    0    0 203 -288  2
4184500 2653500 12 24  9  -5.9  985 139  2.2 1  1.8  73    5   10 204 -288  2
4184500 2653500 12 24 10  -4.9  986 140  2.1 1  1.8  71   97   29 206 -289  2
4184500 2653500 12 24 11  -4.5  986 146  2.2 0  1.9  69  187   38 203 -294  2
4184500 2653500 12 24 12  -2.4  985 171  1.4 0  2.0  65  225   47 202 -300  2
4184500 2653500 12 24 13  -1.9  986 190  1.9 0  2.0  60  194   64 205 -307  2
4184500 2653500 12 24 14  -2.2  985 181  3.0 0  1.9  58  157   64 206 -311  2
4184500 2653500 12 24 15  -2.5  985 179  1.4 0  1.8  56   95   53 207 -311  2
4184500 2653500 12 24 16  -3.5  984 186  2.2 0  1.7  54   13   28 206 -310  2
4184500 2653500 12 24 17  -4.0  984 184  2.1 1  1.5  52    0    0 208 -308  2
4184500 2653500 12 24 18  -5.2  985 177  1.7 2  1.4  49    0    0 213 -307  2
4184500 2653500 12 24 19  -5.4  985 190  2.6 4  1.4  52    0    0 224 -308  2
4184500 2653500 12 24 20  -5.0  984 190  2.5 5  1.4  53    0    0 237 -310  2
4184500 2653500 12 24 21  -5.0  984 207  3.2 5  1.4  53    0    0 243 -312  2
4184500 2653500 12 24 22  -5.0  984 208  3.3 5  1.4  52    0    0 243 -314  2
4184500 2653500 12 24 23  -3.7  983 207  3.4 5  1.4  50    0    0 244 -316  2
4184500 2653500 12 24 24  -3.1  983 211  4.3 6  1.4  46    0    0 252 -317  2
4184500 2653500 12 25  1  -2.9  982 206  4.6 7  1.3  42    0    0 265 -318  2
4184500 2653500 12 25  2  -3.4  982 203  4.9 7  1.3  42    0    0 271 -319  2
4184500 2653500 12 25  3  -3.5  982 207  4.0 7  1.3  44    0    0 272 -320  2
4184500 2653500 12 25  4  -3.1  981 201  4.8 7  1.4  45    0    0 272 -320  2
4184500 2653500 12 25  5  -3.0  982 207  5.2 7  1.4  44    0    0 274 -320  2
4184500 2653500 12 25  6  -1.9  981 217  4.9 7  1.4  43    0    0 275 -320  2
4184500 2653500 12 25  7  -2.1  981 204  6.2 7  1.5  43    0    0 277 -320  2
4184500 2653500 12 25  8  -1.8  980 209  5.8 8  1.5  45    0    0 284 -320  2
4184500 2653500 12 25  9  -2.2  980 218  5.7 8  1.6  47    0    8 293 -322  2
4184500 2653500 12 25 10  -1.6  980 208  5.7 7  1.6  47    4   48 286 -324  2
4184500 2653500 12 25 11  -0.9  980 215  5.1 8  1.7  48    0   36 288 -325  2
4184500 2653500 12 25 12  -0.5  980 222  5.4 7  1.9  50    0   73 289 -326  2
4184500 2653500 12 25 13   0.0  979 231  5.1 7  2.1  55    0   76 285 -328  2
4184500 2653500 12 25 14   0.8  979 238  5.5 7  2.5  63    0   33 290 -329  2
4184500 2653500 12 25 15   1.1  978 228  5.4 8  3.0  71    0   22 300 -330  2
4184500 2653500 12 25 16   0.9  978 233  5.4 8  3.2  77    0    5 307 -330  2
4184500 2653500 12 25 17   0.8  978 240  4.8 8  3.4  82    0    0 307 -328  2
4184500 2653500 12 25 18   0.7  977 243  5.0 8  3.6  86    0    0 307 -327  2
4184500 2653500 12 25 19   0.8  978 239  5.2 8  3.6  87    0    0 307 -327  2
4184500 2653500 12 25 20   0.5  977 240  4.8 8  3.6  88    0    0 306 -328  2
4184500 2653500 12 25 21   0.5  976 239  4.9 8  3.6  89    0    0 305 -328  2
4184500 2653500 12 25 22   0.6  977 239  5.0 8  3.6  89    0    0 305 -328  2
4184500 2653500 12 25 23   0.7  977 238  5.1 8  3.7  89    0    0 306 -328  2
4184500 2653500 12 25 24   0.8  976 238  5.1 8  3.7  88    0    0 305 -329  2
4184500 2653500 12 26  1   0.8  949 236  5.1 8  3.7  86    0    0 284 -306  2
4184500 2653500 12 26  2   0.8  948 235  4.8 8  3.6  84    0    0 289 -305  2
4184500 2653500 12 26  3   0.7  949 234  4.5 7  3.5  83    0    0 288 -305  2
4184500 2653500 12 26  4   0.5  949 234  4.1 7  3.5  83    0    0 276 -304  2
4184500 2653500 12 26  5   0.5  949 233  3.9 7  3.5  83    0    0 270 -302  2
4184500 2653500 12 26  6   0.3  949 229  3.0 8  3.5  84    0    0 281 -300  2
4184500 2653500 12 26  7   0.4  949 233  3.4 6  3.4  83    0    0 275 -298  2
4184500 2653500 12 26  8   0.3  950 245  3.3 6  3.4  83    0    0 263 -298  2
4184500 2653500 12 26  9   0.3  951 245  3.1 6  3.5  84    1    8 262 -300  2
4184500 2653500 12 26 10   0.2  952 251  3.1 6  3.5  84   28   44 260 -301  2
4184500 2653500 12 26 11   0.7  952 258  4.7 7  3.4  83    6   67 264 -303  2
4184500 2653500 12 26 12   1.1  952 245  4.3 7  3.4  79    2   75 270 -305  2
4184500 2653500 12 26 13   1.2  953 247  3.6 6  3.4  77    5   89 266 -307  2
4184500 2653500 12 26 14   1.2  953 250  3.5 6  3.4  77   22   93 260 -307  2
4184500 2653500 12 26 15   0.8  953 265  4.3 6  3.3  77    0   42 258 -308  2
4184500 2653500 12 26 16   0.5  954 256  4.4 7  3.3  79    1   20 262 -307  2
4184500 2653500 12 26 17   0.2  954 243  4.7 7  3.4  81    0    0 267 -305  2
4184500 2653500 12 26 18  -0.1  955 241  4.1 7  3.4  83    0    0 265 -303  2
4184500 2653500 12 26 19  -0.2  954 250  5.0 7  3.4  84    0    0 264 -303  2
4184500 2653500 12 26 20  -0.3  955 246  5.9 8  3.4  85    0    0 270 -304  2
4184500 2653500 12 26 21  -0.7  956 246  5.0 8  3.4  87    0    0 276 -304  2
4184500 2653500 12 26 22  -0.8  956 255  5.0 8  3.4  91    0    0 275 -305  2
4184500 2653500 12 26 23  -1.2  957 265  4.8 8  3.5  93    0    0 274 -305  2
4184500 2653500 12 26 24  -1.4  957 256  5.2 8  3.4  94    0    0 273 -306  2
4184500 2653500 12 27  1  -1.5  958 251  4.8 7  3.3  91    0    0 267 -305  2
4184500 2653500 12 27  2  -1.2  959 253  5.8 7  3.2  89    0    0 261 -304  2
4184500 2653500 12 27  3  -1.4  959 248  4.5 8  3.2  88    0    0 264 -303  2
4184500 2653500 12 27  4  -1.7  960 249  4.5 7  3.2  90    0    0 263 -302  2
4184500 2653500 12 27  5  -1.4  961 256  5.0 7  3.2  90    0    0 259 -302  2
4184500 2653500 12 27  6  -1.8  961 257  4.2 8  3.2  89    0    0 263 -301  2
4184500 2653500 12 27  7  -1.8  962 256  4.7 7  3.2  91    0    0 262 -300  2
4184500 2653500 12 27  8  -1.9  962 247  4.9 7  3.2  92    0    0 257 -299  2
4184500 2653500 12 27  9  -2.0  963 253  5.0 7  3.1  90    3    9 254 -299  2
4184500 2653500 12 27 10  -1.7  964 251  5.1 6  3.1  88   21   41 249 -298  2
4184500 2653500 12 27 11  -1.7  965 250  5.6 4  3.0  84   58   70 236 -298  2
4184500 2653500 12 27 12  -1.6  965 240  5.6 2  2.8  79  197   40 219 -299  2
4184500 2653500 12 27 13  -1.6  965 227  6.6 3  2.7  77  107   85 213 -299  2
4184500 2653500 12 27 14  -2.1  964 230  5.4 4  2.7  77   47   86 221 -298  2
4184500 2653500 12 27 15  -2.1  964 224  6.0 3  2.6  77   97   40 221 -296  2
4184500 2653500 12 27 16  -2.6  964 201  6.3 5  2.6  76   30   24 225 -291  2
4184500 2653500 12 27 17  -2.5  963 205  5.9 7  2.5  76    0    0 241 -287  2
4184500 2653500 12 27 18  -2.5  962 207  7.5 7  2.5  76    0    0 250 -285  2
4184500 2653500 12 27 19  -1.8  961 201  8.1 8  2.6  76    0    0 256 -286  2
4184500 2653500 12 27 20  -1.7  959 205  9.0 8  2.7  76    0    0 261 -287  2
4184500 2653500 12 27 21  -1.4  958 215  9.8 8  2.8  79    0    0 262 -287  2
4184500 2653500 12 27 22  -1.6  957 219  8.9 7  3.0  84    0    0 261 -288  2
4184500 2653500 12 27 23  -1.3  956 227  7.6 7  3.1  86    0    0 260 -290  2
4184500 2653500 12 27 24  -1.3  956 231  7.8 8  3.3  90    0    0 265 -293  2
4184500 2653500 12 28  1  -0.7  955 239  6.7 8  3.4  92    0    0 273 -295  2
4184500 2653500 12 28  2  -0.1  955 240  6.3 8  3.5  90    0    0 278 -298  2
4184500 2653500 12 28  3   0.1  955 240  5.2 7  3.6  90    0    0 281 -300  2
4184500 2653500 12 28  4   0.0  955 238  4.9 7  3.8  93    0    0 280 -301  2
4184500 2653500 12 28  5   0.5  956 243  4.0 7  3.9  96    0    0 284 -302  2
4184500 2653500 12 28  6   0.7  955 243  3.9 8  4.0  96    0    0 292 -304  2
4184500 2653500 12 28  7   1.0  955 241  3.8 8  4.0  94    0    0 300 -307  2
4184500 2653500 12 28  8   1.4  955 242  3.9 8  4.1  93    0    0 303 -310  2
4184500 2653500 12 28  9   1.9  955 236  4.5 8  4.1  91    0    2 305 -313  2
4184500 2653500 12 28 10   2.1  955 238  4.6 8  4.2  90    6   32 306 -316  2
4184500 2653500 12 28 11   2.6  955 232  6.8 7  4.3  90    0   49 301 -318  2
4184500 2653500 12 28 12   2.7  954 227  7.6 8  4.4  90    0   37 302 -320  2
4184500 2653500 12 28 13   3.1  953 227  8.7 7  4.4  89    0   70 301 -321  2
4184500 2653500 12 28 14   3.5  951 229 10.3 7  4.4  86    3   68 295 -321  2
4184500 2653500 12 28 15   3.5  950 229  8.7 7  4.5  86    0   28 295 -321  2
4184500 2653500 12 28 16   3.6  949 230  8.5 7  4.5  86    0   17 293 -321  2
4184500 2653500 12 28 17   3.6  948 239  9.6 7  4.5  85    0    0 291 -320  2
4184500 2653500 12 28 18   2.3  948 257  9.1 8  4.4  87    0    0 294 -320  2
4184500 2653500 12 28 19   2.2  949 257  8.5 6  4.2  88    0    0 283 -320  2
4184500 2653500 12 28 20   2.6  949 256  9.9 4  3.9  81    0    0 254 -319  2
4184500 2653500 12 28 21   2.3  949 254 11.6 3  3.6  75    0    0 232 -319  2
4184500 2653500 12 28 22   2.1  949 240 13.5 4  3.4  73    0    0 228 -318  2
4184500 2653500 12 28 23   2.0  949 272 11.7 4  3.3  70    0    0 231 -318  2
4184500 2653500 12 28 24   2.3  949 266 10.9 5  3.2  68    0    0 235 -316  2
4184500 2653500 12 29  1   2.1  950 260 10.2 6  3.2  67    0    0 246 -315  2
4184500 2653500 12 29  2   1.9  949 235 10.5 6  3.2  68    0    0 253 -315  2
4184500 2653500 12 29  3   1.9  950 255 11.0 5  3.2  68    0    0 245 -315  2
4184500 2653500 12 29  4   2.0  950 251  8.8 6  3.2  68    0    0 245 -312  2
4184500 2653500 12 29  5   0.9  951 257  8.7 7  3.3  74    0    0 260 -309  2
4184500 2653500 12 29  6   1.0  952 264  8.1 8  3.4  79    0    0 275 -306  2
4184500 2653500 12 29  7   0.8  951 259  6.9 5  3.4  79    0    0 264 -304  2
4184500 2653500 12 29  8   1.0  952 265  5.9 7  3.4  78    0    0 259 -304  2
4184500 2653500 12 29  9   0.8  952 236  4.1 7  3.3  77    0    2 272 -303  2
4184500 2653500 12 29 10   0.3  952 234  4.1 7  3.4  81    0   18 271 -302  2
4184500 2653500 12 29 11   0.0  952 247  2.8 7  3.6  89    0   31 271 -302  2
4184500 2653500 12 29 12   0.1  952 252  2.8 6  3.7  92    3   77 266 -303  2
4184500 2653500 12 29 13  -0.1  951 253  2.7 5  3.8  93   32   93 254 -303  2
4184500 2653500 12 29 14  -0.2  950 244  2.5 8  3.8  95    1   65 266 -304  2
4184500 2653500 12 29 15  -0.3  950 261  1.7 8  3.8  96    0   21 281 -304  2
4184500 2653500 12 29 16  -0.7  949 245  1.1 8  3.8  98    0   14 281 -305  2
4184500 2653500 12 29 17  -0.9  949 276  1.1 8  3.8  99    0    0 280 -305  2
4184500 2653500 12 29 18  -0.9  948 275  0.6 8  3.8 100    0    0 281 -304  2
4184500 2653500 12 29 19  -0.9  948 284  0.2 8  3.8  99    0    0 282 -301  2
4184500 2653500 12 29 20  -1.3  947 269  0.0 8  3.7  99    0    0 282 -297  2
4184500 2653500 12 29 21  -1.3  947 307  0.0 8  3.7 100    0    0 281 -294  2
4184500 2653500 12 29 22  -1.5  947 327  0.0 7  3.7 100    0    0 275 -290  2
4184500 2653500 12 29 23  -1.6  947 327  0.0 8  3.6 100    0    0 274 -287  2
4184500 2653500 12 29 24  -1.6  947 283  0.0 8  3.6  99    0    0 278 -287  2
4184500 2653500 12 30  1  -1.4  948 292  0.0 8  3.6  98    0    0 278 -288  2
4184500 2653500 12 30  2  -1.8  948 299  1.4 8  3.5  98    0    0 277 -289  2
4184500 2653500 12 30  3  -1.9  948 259  0.4 8  3.4  97    0    0 274 -292  2
4184500 2653500 12 30  4  -1.5  948 239  1.3 8  3.4  96    0    0 275 -294  2
4184500 2653500 12 30  5  -1.5  949 228  2.8 7  3.5  97    0    0 270 -294  2
4184500 2653500 12 30  6  -1.2  949 240  5.0 8  3.5  96    0    0 272 -295  2
4184500 2653500 12 30  7  -2.4  949 289  6.5 7  3.5  97    0    0 271 -296  2
4184500 2653500 12 30  8  -2.7  950 296  5.1 8  3.3  98    0    0 267 -295  2
4184500 2653500 12 30  9  -2.5  953 270  6.3 8  3.2  95    0    5 269 -295  2
4184500 2653500 12 30 10  -2.1  955 252  6.9 8  3.1  92    0   32 267 -296  2
4184500 2653500 12 30 11  -2.0  955 249  7.7 8  3.1  91    0   32 266 -297  2
4184500 2653500 12 30 12  -1.9  956 251  7.4 6  3.1  89    5   98 255 -299  2
4184500 2653500 12 30 13  -1.6  957 249  8.9 5  3.0  86   16  127 240 -301  2
4184500 2653500 12 30 14  -1.8  957 250  8.4 7  3.0  85    0   60 245 -302  2
4184500 2653500 12 30 15  -1.8  957 268  7.5 5  3.0  85    4   65 244 -303  2
4184500 2653500 12 30 16  -2.2  958 244  7.7 7  2.9  84    4   30 242 -303  2
4184500 2653500 12 30 17  -2.4  959 253  7.5 7  2.8  84    0    0 249 -302  2
4184500 2653500 12 30 18  -2.7  959 248  7.4 6  2.8  84    0    0 243 -298  2
4184500 2653500 12 30 19  -2.5  960 241  7.5 7  2.8  84    0    0 243 -295  2
4184500 2653500 12 30 20  -2.6  960 244  6.9 7  2.9  86    0    0 249 -294  2
4184500 2653500 12 30 21  -2.3  961 245  7.1 8  2.9  87    0    0 253 -293  2
4184500 2653500 12 30 22  -2.2  961 245  7.0 7  2.9  86    0    0 255 -292  2
4184500 2653500 12 30 23  -2.2  961 257  7.4 8  3.0  87    0    0 256 -292  2
4184500 2653500 12 30 24  -3.2  962 278  7.7 8  2.9  88    0    0 259 -291  2
4184500 2653500 12 31  1  -3.4  963 297  5.1 8  2.8  89    0    0 258 -290  2
4184500 2653500 12 31  2  -4.3  964 298  4.8 7  2.7  90    0    0 250 -288  2
4184500 2653500 12 31  3  -4.7  965 314  4.5 7  2.6  91    0    0 243 -287  2
4184500 2653500 12 31  4  -4.7  966 313  3.8 8  2.5  91    0    0 244 -287  2
4184500 2653500 12 31  5  -4.7  967 318  3.8 8  2.5  91    0    0 248 -285  2
4184500 2653500 12 31  6  -4.9  967 310  5.3 7  2.5  91    0    0 243 -281  2
4184500 2653500 12 31  7  -5.5  968 309  4.8 6  2.4  89    0    0 233 -276  2
4184500 2653500 12 31  8  -5.7  970 308  4.4 7  2.3  90    0    0 231 -272  2
4184500 2653500 12 31  9  -6.2  971 311  4.4 7  2.3  89    6   10 231 -267  2
4184500 2653500 12 31 10  -6.2  971 309  5.0 6  2.2  87   52   42 226 -268  2
4184500 2653500 12 31 11  -6.0  972 302  5.1 6  2.1  85   24   80 222 -274  2
4184500 2653500 12 31 12  -6.1  973 281  5.2 6  2.1  82    8   89 223 -282  2
4184500 2653500 12 31 13  -5.8  974 268  4.4 4  2.0  79   95  104 217 -287  2
4184500 2653500 12 31 14  -5.8  974 265  4.1 4  2.1  80  129   82 211 -290  2
4184500 2653500 12 31 15  -5.7  974 261  4.2 7  2.2  84   33   66 224 -291  2
4184500 2653500 12 31 16  -5.9  975 280  3.6 8  2.3  90    0   12 242 -291  2
4184500 2653500 12 31 17  -5.6  976 293  4.2 8  2.3  91    0    0 244 -292  2
4184500 2653500 12 31 18  -5.6  977 316  5.5 8  2.3  90    0    0 244 -292  2
4184500 2653500 12 31 19  -6.1  978 320  4.9 8  2.2  88    0    0 242 -287  2
4184500 2653500 12 31 20  -6.8  979 306  4.6 8  2.1  88    0    0 240 -279  2
4184500 2653500 12 31 21  -7.3  980 296  4.2 7  2.0  88    0    0 238 -273  2
4184500 2653500 12 31 22  -7.9  981 282  3.8 7  2.0  89    0    0 228 -269  2
4184500 2653500 12 31 23  -6.5  982 269  3.8 6  2.3  88    0    0 219 -265  2
4184500 2653500 12 31 24  -4.3  982 259  4.2 6  2.8  88    0    0 212 -263  2
